i,j,point_id_i,point_id_j,value
0,1,164,167,-0.00010675111116142944
0,2,164,165,-0.00019525583775248379
0,3,164,92,0.0011546798050403595
0,4,164,186,0.0005827705026604235
0,5,164,57,0.00042970918002538383
0,6,164,43,-5.0234495574841276e-05
0,7,164,106,0.00022944311785977334
0,8,164,182,-3.3890890335896984e-05
0,9,164,83,0.00026427762350067496
0,10,164,18,-4.5872391638113186e-05
0,11,164,200,4.377900768304244e-05
0,12,164,201,0.00016827737272251397
0,13,164,194,-7.718982669757679e-05
0,14,164,204,0.00017225735064130276
0,15,164,202,-3.4549605061329203e-06
0,16,164,212,-7.974352774908766e-05
0,17,164,216,1.6883361240616068e-05
0,18,164,206,-0.00012818147661164403
0,19,164,203,-0.00012993923155590892
0,20,164,207,-9.397026587976143e-05
0,21,164,205,0.0006348296883516014
0,22,164,98,5.5773157328076195e-06
0,23,164,97,0.0004898925544694066
0,24,164,393,9.298762961407192e-06
0,25,164,391,-0.00018674219609238207
0,26,164,322,-6.35409596725367e-05
0,27,164,410,-0.00013440087786875665
0,28,164,287,-7.358051516348496e-05
0,29,164,273,-0.00017247696814592928
0,30,164,335,0.00010013630526373163
0,31,164,406,-8.86340785655193e-05
0,32,164,313,0.0002594261895865202
0,33,164,421,-2.0047966245329008e-05
0,34,164,418,0.0001965986011782661
0,35,164,424,-0.00017295381985604763
0,36,164,422,0.00023169493942987174
0,37,164,432,3.137075691483915e-05
0,38,164,436,3.716138598974794e-05
0,39,164,426,0.00013010909606236964
0,40,164,423,-8.956042438512668e-05
0,41,164,427,0.00012142699415562674
0,42,164,425,-1.0805300007632468e-05
0,43,164,327,0.0003238091303501278
0,44,164,326,0.00022261455887928605
0,45,164,0,0.00020604462770279497
0,46,164,37,0.0001068218844011426
0,47,164,39,3.1822530672798166e-06
0,48,164,40,0.00026718113804236054
0,49,164,185,-0.00019102002261206508
0,50,164,61,-0.0001821200712583959
0,51,164,146,5.859059820068069e-05
0,52,164,91,0.00011251551768509671
0,53,164,181,-1.937528941198252e-05
0,54,164,84,-0.00011893164628418162
0,55,164,17,-0.0035302184987813234
0,56,164,11,0.00016425801732111722
0,57,164,72,0.00015376579540316015
0,58,164,73,2.3876735212979838e-05
0,59,164,74,0.0002928882313426584
0,60,164,184,-8.726269152248278e-05
0,61,164,77,-2.2364289179677144e-05
0,62,164,90,0.00023857825726736337
0,63,164,180,0.0003583013894967735
0,64,164,85,-0.0003930729581043124
0,65,164,16,-0.004036660771816969
0,66,164,12,0.00015693616296630353
0,67,164,38,0.00028324374579824507
0,68,164,41,-2.8565360480570234e-05
0,69,164,42,-6.0015452618245035e-05
0,70,164,96,-2.7187361411051825e-06
0,71,164,89,-4.648575486498885e-05
0,72,164,179,9.0392553829588e-05
0,73,164,86,0.00027541976305656135
0,74,164,15,-0.0009136955486610532
0,75,164,13,0.00027671566931530833
0,76,164,82,0.00025242535048164427
0,77,164,81,0.00019737212278414518
0,78,164,80,-5.03047886013519e-05
0,79,164,191,0.00017639444558881223
0,80,164,78,-3.3122683817055076e-05
0,81,164,95,-5.791190415038727e-05
0,82,164,88,8.085112312983256e-06
0,83,164,178,3.810858470387757e-05
0,84,164,87,-0.0004944401443935931
0,85,164,14,-0.00021465783356688917
0,86,164,267,-5.347154365153983e-05
0,87,164,269,0.00041992240585386753
0,88,164,270,-0.00011348212865414098
0,89,164,409,-3.8657395634800196e-05
0,90,164,291,2.821188172674738e-05
0,91,164,375,-0.00012931482342537493
0,92,164,321,0.010324888862669468
0,93,164,405,0.0018799086101353168
0,94,164,314,0.00017957088130060583
0,95,164,302,0.0006414214731194079
0,96,164,303,-3.773317075683735e-05
0,97,164,304,7.581236422993243e-05
0,98,164,408,-0.00010690918134059757
0,99,164,307,0.0002119305863743648
0,100,164,320,0.0006002697045914829
0,101,164,404,6.522485637106001e-05
0,102,164,315,-0.00010622791160130873
0,103,164,268,0.0007681745337322354
0,104,164,271,0.0007660192204639316
0,105,164,272,0.00033023671130649745
0,106,164,325,-2.618429334688699e-06
0,107,164,319,-0.00011391039879526943
0,108,164,403,-5.857068026671186e-05
0,109,164,316,0.0012999087339267135
0,110,164,312,5.689249883289449e-05
0,111,164,311,9.606357343727723e-05
0,112,164,310,0.000203350733499974
0,113,164,415,-1.0308980563422665e-05
0,114,164,308,2.1712360194214853e-06
0,115,164,324,-8.590367360739037e-05
0,116,164,318,-0.0001891623978735879
0,117,164,402,0.0014042126713320613
0,118,164,317,0.0013714923989027739
1,2,167,165,-0.00014066595758777112
1,3,167,92,-0.00018539415032137185
1,4,167,186,-0.00010699705308070406
1,5,167,57,4.97129003633745e-05
1,6,167,43,-0.0002539257984608412
1,7,167,106,-2.818884968291968e-05
1,8,167,182,3.0595339922001585e-05
1,9,167,83,3.9966525946510956e-05
1,10,167,18,-0.0003043505421373993
1,11,167,200,0.0007293495582416654
1,12,167,201,6.996729644015431e-05
1,13,167,194,-3.650923463283107e-05
1,14,167,204,8.262576011475176e-05
1,15,167,202,3.287445360911079e-05
1,16,167,212,-0.0001112159006879665
1,17,167,216,-0.0001011890999507159
1,18,167,206,-0.00031783193117007613
1,19,167,203,-0.00014437781646847725
1,20,167,207,-0.00011680534953484312
1,21,167,205,-0.00023966270964592695
1,22,167,98,-0.00011658000585157424
1,23,167,97,0.00015912319940980524
1,24,167,393,0.0007288659689947963
1,25,167,391,0.00023689493536949158
1,26,167,322,0.00025260320398956537
1,27,167,410,0.00013434917491395026
1,28,167,287,-4.7057506890268996e-05
1,29,167,273,0.0001631953928153962
1,30,167,335,-0.00010712826770031825
1,31,167,406,-3.986328010796569e-05
1,32,167,313,0.000776611384935677
1,33,167,421,0.0008346108952537179
1,34,167,418,0.00019364827312529087
1,35,167,424,-0.00031728544854559004
1,36,167,422,-0.00019165572302881628
1,37,167,432,1.3695121197088156e-06
1,38,167,436,-5.238561425358057e-05
1,39,167,426,8.574231469538063e-05
1,40,167,423,0.0002877381630241871
1,41,167,427,-6.195398600539193e-05
1,42,167,425,2.043077620328404e-05
1,43,167,327,-0.00015709595754742622
1,44,167,326,0.00019402785983402282
1,45,167,0,0.0005891340551897883
1,46,167,37,0.00015730342420283705
1,47,167,39,5.694631181540899e-05
1,48,167,40,-0.0001132655524997972
1,49,167,185,-6.983040657360107e-05
1,50,167,61,6.755323556717485e-05
1,51,167,146,0.0002924372092820704
1,52,167,91,0.00016447814414277673
1,53,167,181,0.00018108871881850064
1,54,167,84,0.00026034415350295603
1,55,167,17,0.00039184483466669917
1,56,167,11,0.0007437654421664774
1,57,167,72,-0.00020511902403086424
1,58,167,73,0.00012596255692187697
1,59,167,74,4.325718691688962e-05
1,60,167,184,2.9578923204098828e-05
1,61,167,77,-5.266425068839453e-05
1,62,167,90,4.465827805688605e-05
1,63,167,180,0.00016999257786665112
1,64,167,85,0.0006419172859750688
1,65,167,16,0.0017507737502455711
1,66,167,12,0.0004961325321346521
1,67,167,38,9.471493103774264e-05
1,68,167,41,-3.0078506824793294e-05
1,69,167,42,0.00025284625007770956
1,70,167,96,0.0001745817717164755
1,71,167,89,-2.7220819902140647e-05
1,72,167,179,-0.0002548496995586902
1,73,167,86,0.00012451723159756511
1,74,167,15,0.0007592235342599452
1,75,167,13,-0.0001790289970813319
1,76,167,82,-5.28234668308869e-05
1,77,167,81,0.00016159034566953778
1,78,167,80,0.00024161851615644991
1,79,167,191,0.00021599140018224716
1,80,167,78,-9.920771844917908e-05
1,81,167,95,-4.306260507291881e-06
1,82,167,88,2.1477893824339844e-05
1,83,167,178,8.189428626792505e-05
1,84,167,87,8.560126298107207e-05
1,85,167,14,0.0011768542462959886
1,86,167,267,0.0005032867193222046
1,87,167,269,0.00018079813162330538
1,88,167,270,-0.0001368045195704326
1,89,167,409,-0.00017790417768992484
1,90,167,291,0.00013189532910473645
1,91,167,375,0.001684902817942202
1,92,167,321,0.000587571004871279
1,93,167,405,0.00031820713775232434
1,94,167,314,0.0011635520495474339
1,95,167,302,-9.37570002861321e-05
1,96,167,303,0.0007265257299877703
1,97,167,304,0.00018047758203465492
1,98,167,408,0.0005849997978657484
1,99,167,307,0.0004246505559422076
1,100,167,320,4.016314051114023e-05
1,101,167,404,0.0009531578980386257
1,102,167,315,0.00039938901318237185
1,103,167,268,3.7743575376225635e-05
1,104,167,271,-1.2723416148219258e-05
1,105,167,272,0.0009326466824859381
1,106,167,325,-0.00011930310574825853
1,107,167,319,0.00047631614143028855
1,108,167,403,-0.00016726632020436227
1,109,167,316,0.0003739046223927289
1,110,167,312,-0.0002594602410681546
1,111,167,311,8.707475899427664e-06
1,112,167,310,0.0009682007366791368
1,113,167,415,-6.068721631891094e-06
1,114,167,308,0.00010601383837638423
1,115,167,324,0.0003753948549274355
1,116,167,318,0.0001280004798900336
1,117,167,402,0.0012539202580228448
1,118,167,317,0.0005942970747128129
2,3,165,92,-3.996968735009432e-05
2,4,165,186,-5.827170025440864e-05
2,5,165,57,-9.095107088796794e-06
2,6,165,43,3.913885302608833e-05
2,7,165,106,0.00011179605644429103
2,8,165,182,-0.00012352825433481485
2,9,165,83,0.00036756080226041377
2,10,165,18,0.001415784703567624
2,11,165,200,-0.00016635797510389239
2,12,165,201,-8.567343320464715e-05
2,13,165,194,0.00013852232950739563
2,14,165,204,0.00019191860337741673
2,15,165,202,8.541848364984617e-05
2,16,165,212,9.034282265929505e-05
2,17,165,216,-5.8359259128337726e-05
2,18,165,206,-0.00014679318701382726
2,19,165,203,0.00017286144429817796
2,20,165,207,-0.00022676512890029699
2,21,165,205,6.296118954196572e-05
2,22,165,98,0.00010606764408294111
2,23,165,97,-8.317142055602744e-05
2,24,165,393,0.0005909330793656409
2,25,165,391,-5.851161768077873e-05
2,26,165,322,0.0009321214165538549
2,27,165,410,-2.766390571196098e-05
2,28,165,287,4.649387119570747e-05
2,29,165,273,0.0008449823362752795
2,30,165,335,-7.606106373714283e-05
2,31,165,406,-0.00033631338737905025
2,32,165,313,0.0008171526715159416
2,33,165,421,0.00019424861238803715
2,34,165,418,0.0002410610904917121
2,35,165,424,-7.697502587689087e-05
2,36,165,422,0.0004962866078130901
2,37,165,432,9.321033576270565e-05
2,38,165,436,-6.340633262880147e-05
2,39,165,426,0.0003046110214199871
2,40,165,423,3.569488399080001e-05
2,41,165,427,5.046114165452309e-05
2,42,165,425,-4.7486319090239704e-05
2,43,165,327,0.00015640485798940063
2,44,165,326,0.00047151645412668586
2,45,165,0,7.643876597285271e-05
2,46,165,37,0.0005938740796409547
2,47,165,39,-1.9288072508061305e-05
2,48,165,40,0.00018643228395376354
2,49,165,185,-5.570741632254794e-05
2,50,165,61,4.622342385118827e-05
2,51,165,146,5.590569799096556e-06
2,52,165,91,0.000126031314721331
2,53,165,181,0.0005485303699970245
2,54,165,84,-0.00018522753089200705
2,55,165,17,0.00288216769695282
2,56,165,11,0.0009412698564119637
2,57,165,72,0.00017145871242973953
2,58,165,73,-0.00013657672388944775
2,59,165,74,9.076639980776235e-05
2,60,165,184,0.0002314567391294986
2,61,165,77,0.0002209116064477712
2,62,165,90,2.8883912818855606e-05
2,63,165,180,0.0009287612629123032
2,64,165,85,0.0006546156364493072
2,65,165,16,0.0026025017723441124
2,66,165,12,-0.00016038762987591326
2,67,165,38,0.00021125614875927567
2,68,165,41,-0.00020525943546090275
2,69,165,42,3.635741086327471e-05
2,70,165,96,0.0001677837426541373
2,71,165,89,-5.483311542775482e-05
2,72,165,179,0.0004614056379068643
2,73,165,86,0.0009575893054716289
2,74,165,15,0.0022200883831828833
2,75,165,13,0.000753947242628783
2,76,165,82,0.00015008369518909603
2,77,165,81,8.747632818995044e-05
2,78,165,80,-4.5992303057573736e-05
2,79,165,191,0.00047750392695888877
2,80,165,78,0.0003516921424306929
2,81,165,95,3.7828449421795085e-05
2,82,165,88,-0.02532089501619339
2,83,165,178,0.0008696560398675501
2,84,165,87,0.0005298486212268472
2,85,165,14,0.0017454023472964764
2,86,165,267,0.0007642629207111895
2,87,165,269,0.0005907481536269188
2,88,165,270,-6.60496880300343e-05
2,89,165,409,-0.0001796363212633878
2,90,165,291,0.0006519901799038053
2,91,165,375,0.00013282199506647885
2,92,165,321,0.0004644665168598294
2,93,165,405,-0.10526887327432632
2,94,165,314,0.0008174671675078571
2,95,165,302,0.00026402162620797753
2,96,165,303,0.0006818114197812974
2,97,165,304,0.0004295240214560181
2,98,165,408,-0.00031289856997318566
2,99,165,307,0.0001527479907963425
2,100,165,320,-0.0001551284221932292
2,101,165,404,0.0017802893416956067
2,102,165,315,0.0005647661746479571
2,103,165,268,0.0003553406277205795
2,104,165,271,-0.00010748194472398609
2,105,165,272,0.0006305084098130465
2,106,165,325,0.000489857280626893
2,107,165,319,-0.0001704701571725309
2,108,165,403,0.0017285357462242246
2,109,165,316,0.0009111418621614575
2,110,165,312,0.0006537682493217289
2,111,165,311,0.0002623892214614898
2,112,165,310,0.0009793692734092474
2,113,165,415,-0.00015431085193995386
2,114,165,308,-2.446800863253884e-05
2,115,165,324,0.00040260012610815465
2,116,165,318,0.0005582264857366681
2,117,165,402,0.0012644703965634108
2,118,165,317,0.0005622872267849743
3,4,92,186,-0.00011243868357269093
3,5,92,57,-2.1637779354932718e-05
3,6,92,43,-7.470228592865169e-05
3,7,92,106,0.00010353830293752253
3,8,92,182,-0.00015902552695479244
3,9,92,83,-0.00022719043772667646
3,10,92,18,0.0016025763470679522
3,11,92,200,0.00039462378481402993
3,12,92,201,0.00013580241648014635
3,13,92,194,-0.0002594607067294419
3,14,92,204,1.0792457942443434e-05
3,15,92,202,4.7266144974855706e-05
3,16,92,212,-1.3489659977494739e-05
3,17,92,216,-0.00014744963846169412
3,18,92,206,-2.7117870558868162e-05
3,19,92,203,-8.317363244714215e-05
3,20,92,207,-0.00012967846123501658
3,21,92,205,-2.1299834770616144e-05
3,22,92,98,4.0693837945582345e-05
3,23,92,97,0.0001636740635149181
3,24,92,393,0.00046688111615367234
3,25,92,391,0.00013563685934059322
3,26,92,322,0.00020792445866391063
3,27,92,410,4.281935980543494e-05
3,28,92,287,-8.403511310461909e-05
3,29,92,273,-0.00016015811706893146
3,30,92,335,0.001252662157639861
3,31,92,406,0.0013799294829368591
3,32,92,313,0.00040843148599378765
3,33,92,421,0.0010205864673480392
3,34,92,418,0.001031321007758379
3,35,92,424,0.00024610041873529553
3,36,92,422,0.0004206449957564473
3,37,92,432,-0.00021206747624091804
3,38,92,436,-0.00030458695255219936
3,39,92,426,0.0003268899745307863
3,40,92,423,3.912035481334897e-06
3,41,92,427,0.00027497007977217436
3,42,92,425,0.0001769527152646333
3,43,92,327,-0.00026337584131397307
3,44,92,326,-1.0054695849248674e-05
3,45,92,0,-1.5828745745238848e-05
3,46,92,37,6.429040513467044e-05
3,47,92,39,-7.581343379570171e-05
3,48,92,40,-8.158607670338824e-06
3,49,92,185,5.226168650551699e-05
3,50,92,61,0.00012524236808530986
3,51,92,146,-1.6097344996524043e-05
3,52,92,91,0.000146737031172961
3,53,92,181,0.00040927433292381465
3,54,92,84,0.0013523559318855405
3,55,92,17,0.00046057061990723014
3,56,92,11,0.0006692639435641468
3,57,92,72,-0.000250589830102399
3,58,92,73,-0.00027413072530180216
3,59,92,74,-1.1797245861089323e-05
3,60,92,184,-2.371088157815393e-05
3,61,92,77,-0.0001478537596995011
3,62,92,90,-5.8295416238252074e-05
3,63,92,180,0.0007484337547793984
3,64,92,85,-0.00024904171004891396
3,65,92,16,0.002254738239571452
3,66,92,12,0.0011051940964534879
3,67,92,38,0.00026810698909685016
3,68,92,41,0.0005496919038705528
3,69,92,42,-0.00022678522509522736
3,70,92,96,-0.00021545494382735342
3,71,92,89,-0.08223317563533783
3,72,92,179,0.0007563310791738331
3,73,92,86,0.0015338364755734801
3,74,92,15,0.0027483059093356133
3,75,92,13,0.0003966395161114633
3,76,92,82,-1.0316882253391668e-05
3,77,92,81,-0.00013469932309817523
3,78,92,80,-0.000131068576592952
3,79,92,191,-0.00023146762396208942
3,80,92,78,-0.00012529207742772996
3,81,92,95,-0.00023797059839125723
3,82,92,88,-0.05760842561721802
3,83,92,178,0.00033428205642849207
3,84,92,87,5.6703942391322926e-05
3,85,92,14,0.0022912186104804277
3,86,92,267,-7.173135236371309e-05
3,87,92,269,0.0006614172598347068
3,88,92,270,0.0003892095119226724
3,89,92,409,-0.00018715375335887074
3,90,92,291,0.0002777404442895204
3,91,92,375,-0.00021077386918477714
3,92,92,321,-0.03526533395051956
3,93,92,405,0.000484906806377694
3,94,92,314,0.0017662785248830914
3,95,92,302,0.001147494069300592
3,96,92,303,0.0006707124994136393
3,97,92,304,0.0008418206707574427
3,98,92,408,0.00034811944351531565
3,99,92,307,0.0003356204251758754
3,100,92,320,0.0002996373223140836
3,101,92,404,0.000633519608527422
3,102,92,315,0.001096444553695619
3,103,92,268,0.0003175532619934529
3,104,92,271,-7.24729397916235e-05
3,105,92,272,-4.551655729301274e-05
3,106,92,325,0.0005031723994761705
3,107,92,319,0.0008511370979249477
3,108,92,403,0.0014353235019370914
3,109,92,316,0.0006610913551412523
3,110,92,312,9.769506868906319e-05
3,111,92,311,0.0006548012024722993
3,112,92,310,-0.00017341120110359043
3,113,92,415,0.0005362597294151783
3,114,92,308,6.422309525078163e-05
3,115,92,324,0.00010649969772202894
3,116,92,318,0.0007148971199057996
3,117,92,402,0.0003959880268666893
3,118,92,317,0.0006578456959687173
4,5,186,57,0.00013135648623574525
4,6,186,43,0.00010208849562332034
4,7,186,106,5.8379424444865435e-05
4,8,186,182,0.0002066386368824169
4,9,186,83,0.0003220491635147482
4,10,186,18,0.00017766810196917504
4,11,186,200,0.0008874275954440236
4,12,186,201,0.0007312563830055296
4,13,186,194,0.00014314314466901124
4,14,186,204,4.315537080401555e-05
4,15,186,202,-2.447111182846129e-05
4,16,186,212,-9.937021241057664e-05
4,17,186,216,-2.9618554435728583e-06
4,18,186,206,-0.00023404008243232965
4,19,186,203,9.925071935867891e-05
4,20,186,207,-0.00015294519835151732
4,21,186,205,-0.0002019062521867454
4,22,186,98,6.019460488460027e-05
4,23,186,97,-0.0002741812204476446
4,24,186,393,0.00024492343072779477
4,25,186,391,3.499821468722075e-05
4,26,186,322,-9.470065560890362e-05
4,27,186,410,4.484744931687601e-05
4,28,186,287,5.1174949476262555e-05
4,29,186,273,-6.0021120589226484e-05
4,30,186,335,0.0010088663548231125
4,31,186,406,0.0010688877664506435
4,32,186,313,0.0006219359347596765
4,33,186,421,0.0013049213448539376
4,34,186,418,0.0012752459151670337
4,35,186,424,-0.00013417085574474186
4,36,186,422,-0.00033304840326309204
4,37,186,432,-0.00011711053957697004
4,38,186,436,-0.00023733112902846187
4,39,186,426,-0.00010080185893457383
4,40,186,423,9.722282993607223e-05
4,41,186,427,0.0001739734725560993
4,42,186,425,4.097994678886607e-05
4,43,186,327,0.0002531512582208961
4,44,186,326,-0.0001080688598449342
4,45,186,0,0.001134020509198308
4,46,186,37,0.00038632735959254205
4,47,186,39,-0.00019398175936657935
4,48,186,40,-0.0003949837409891188
4,49,186,185,4.349672235548496e-05
4,50,186,61,-0.0001534202165203169
4,51,186,146,-0.0002646810025908053
4,52,186,91,0.00023832745500840247
4,53,186,181,0.0002622714964672923
4,54,186,84,-0.00014408926654141396
4,55,186,17,0.001513079390861094
4,56,186,11,0.00030750359292142093
4,57,186,72,0.0005009261658415198
4,58,186,73,-7.746934716124088e-05
4,59,186,74,5.9942725783912465e-05
4,60,186,184,-0.00021669777925126255
4,61,186,77,-0.00017295546422246844
4,62,186,90,0.00045342292287386954
4,63,186,180,0.0003507238579913974
4,64,186,85,0.0011873148614540696
4,65,186,16,0.001401615678332746
4,66,186,12,0.001427543698810041
4,67,186,38,-0.00038743007462471724
4,68,186,41,-0.00023467140272259712
4,69,186,42,0.00015726318815723062
4,70,186,96,-0.0001509242574684322
4,71,186,89,0.0005423855618573725
4,72,186,179,0.0009538557496853173
4,73,186,86,-0.0002258169261040166
4,74,186,15,0.0009175595478154719
4,75,186,13,0.00047369409003295004
4,76,186,82,-0.0001569450687384233
4,77,186,81,0.00040198510396294296
4,78,186,80,2.42289343077573e-06
4,79,186,191,-5.944677832303569e-05
4,80,186,78,-0.00014450630987994373
4,81,186,95,-0.00030778138898313046
4,82,186,88,0.0004969837027601898
4,83,186,178,0.0014277597656473517
4,84,186,87,0.0016664350405335426
4,85,186,14,0.0022816548589617014
4,86,186,267,0.000920731108635664
4,87,186,269,0.00027106257039122283
4,88,186,270,-0.00012005212192889303
4,89,186,409,0.00015126161451917142
4,90,186,291,1.334481748926919e-05
4,91,186,375,-0.00028688195743598044
4,92,186,321,0.0017498981906101108
4,93,186,405,-0.11072573065757751
4,94,186,314,0.0017725120997056365
4,95,186,302,0.0008747847168706357
4,96,186,303,-0.0001641669514356181
4,97,186,304,-4.8230915126623586e-05
4,98,186,408,0.00022354208340402693
4,99,186,307,-0.0001658598193898797
4,100,186,320,0.000400354852899909
4,101,186,404,0.0023795345332473516
4,102,186,315,0.002001168904826045
4,103,186,268,-0.00012894897372461855
4,104,186,271,0.0007232916541397572
4,105,186,272,-0.00023021799279376864
4,106,186,325,8.398952195420861e-05
4,107,186,319,0.00044202632852829993
4,108,186,403,0.0005390146397985518
4,109,186,316,0.0018267938867211342
4,110,186,312,0.0005126360920257866
4,111,186,311,0.0003880683216266334
4,112,186,310,0.0009549754322506487
4,113,186,415,-5.680788672179915e-05
4,114,186,308,-9.374383807880804e-05
4,115,186,324,-0.00010869689867831767
4,116,186,318,0.0005928841419517994
4,117,186,402,0.0019796648994088173
4,118,186,317,0.0010409012902528048
5,6,57,43,-0.00013095956819597632
5,7,57,106,4.385923239169642e-05
5,8,57,182,-0.00016646229778416455
5,9,57,83,0.0002162643359042704
5,10,57,18,0.00246398220770061
5,11,57,200,0.0014054360799491405
5,12,57,201,-8.976379831437953e-06
5,13,57,194,-0.0002539257984608412
5,14,57,204,0.0001037661568261683
5,15,57,202,-5.900499309063889e-05
5,16,57,212,2.0533296265057288e-05
5,17,57,216,-4.9754889914765954e-05
5,18,57,206,0.00028276906232349575
5,19,57,203,0.00020161017891950905
5,20,57,207,-0.00010632337944116443
5,21,57,205,7.672079846088309e-06
5,22,57,98,-0.0001351367827737704
5,23,57,97,-6.121858314145356e-05
5,24,57,393,0.0006296476349234581
5,25,57,391,0.0006398696568794549
5,26,57,322,-0.00015444560267496854
5,27,57,410,-1.7500975445727818e-05
5,28,57,287,-8.563740993849933e-05
5,29,57,273,8.428344153799117e-05
5,30,57,335,-0.00034530015545897186
5,31,57,406,0.0007303735474124551
5,32,57,313,0.0005195388803258538
5,33,57,421,0.0007127719582058489
5,34,57,418,0.0005584313184954226
5,35,57,424,-0.0002193383261328563
5,36,57,422,-0.00015022805018816143
5,37,57,432,3.39404541591648e-05
5,38,57,436,-0.00026633337256498635
5,39,57,426,7.124098192434758e-05
5,40,57,423,4.137643554713577e-05
5,41,57,427,-3.904469485860318e-05
5,42,57,425,-2.159343785024248e-05
5,43,57,327,-0.00019512393919285387
5,44,57,326,0.00010298193228663877
5,45,57,0,0.0006383460131473839
5,46,57,37,-0.0003504410560708493
5,47,57,39,0.0001325865596299991
5,48,57,40,-0.00016645572031848133
5,49,57,185,-0.000287416361970827
5,50,57,61,-0.0003027217462658882
5,51,57,146,-0.000537700776476413
5,52,57,91,0.00012507647625170648
5,53,57,181,0.0001774686825228855
5,54,57,84,0.0012065054615959525
5,55,57,17,0.001572520937770605
5,56,57,11,0.0010229195468127728
5,57,57,72,-0.00024230276176240295
5,58,57,73,0.0005927960737608373
5,59,57,74,0.00013164919801056385
5,60,57,184,-0.000264648231677711
5,61,57,77,2.5697914679767564e-05
5,62,57,90,-4.420139157446101e-05
5,63,57,180,0.0008315230952575803
5,64,57,85,0.0013617611257359385
5,65,57,16,0.0015694345347583294
5,66,57,12,0.0005758082843385637
5,67,57,38,-0.00010350712545914575
5,68,57,41,-0.0002112339425366372
5,69,57,42,-0.00017127214232459664
5,70,57,96,-0.0003045262419618666
5,71,57,89,-0.00014194499817676842
5,72,57,179,0.0013301173457875848
5,73,57,86,0.0012411554343998432
5,74,57,15,0.0008980954298749566
5,75,57,13,0.0007196462829597294
5,76,57,82,0.00047839604667387903
5,77,57,81,-0.0002573204110376537
5,78,57,80,-0.00011108625767519698
5,79,57,191,-0.00019333697855472565
5,80,57,78,-0.00029435069882310927
5,81,57,95,-0.00016467362002003938
5,82,57,88,0.0003715550701599568
5,83,57,178,-0.00021219038171693683
5,84,57,87,0.002104461193084717
5,85,57,14,0.0006231729639694095
5,86,57,267,-0.0003384700103197247
5,87,57,269,0.0004586264258250594
5,88,57,270,-0.0003278627118561417
5,89,57,409,-0.00020626433251891285
5,90,57,291,-0.0001377150183543563
5,91,57,375,0.00032651631045155227
5,92,57,321,0.00036457140231505036
5,93,57,405,-5.532694922294468e-05
5,94,57,314,0.0008161384612321854
5,95,57,302,0.0005342411459423602
5,96,57,303,0.0007272351067513227
5,97,57,304,0.00040301139233633876
5,98,57,408,-0.00012006268661934882
5,99,57,307,0.00034379313001409173
5,100,57,320,0.0006671833689324558
5,101,57,404,0.0011416574707254767
5,102,57,315,0.001456170342862606
5,103,57,268,0.00030046177562326193
5,104,57,271,-0.0003206763358321041
5,105,57,272,-0.00016303906159009784
5,106,57,325,0.00013942226360086352
5,107,57,319,0.0006720537785440683
5,108,57,403,0.0016890738625079393
5,109,57,316,0.0019427317893132567
5,110,57,312,0.0004036296741105616
5,111,57,311,1.4349026059790049e-05
5,112,57,310,-0.00011755667219404131
5,113,57,415,-0.0002953782968688756
5,114,57,308,-5.308779509505257e-05
5,115,57,324,-9.06787536223419e-05
5,116,57,318,0.0010562192182987928
5,117,57,402,0.0013211150653660297
5,118,57,317,0.0014540889533236623
6,7,43,106,-0.00018799507233779877
6,8,43,182,-5.7474084314890206e-05
6,9,43,83,0.0006809228216297925
6,10,43,18,0.0007999131339602172
6,11,43,200,0.000108765707409475
6,12,43,201,-2.4933811801020056e-05
6,13,43,194,-0.00015667798288632184
6,14,43,204,-4.787083526025526e-05
6,15,43,202,1.0896015737671405e-05
6,16,43,212,-0.00011400712537579238
6,17,43,216,-0.00017267008661292493
6,18,43,206,-0.00031259781098924577
6,19,43,203,4.9206642870558426e-05
6,20,43,207,-4.1792842239374295e-05
6,21,43,205,-4.806685410585487e-06
6,22,43,98,-7.617729716002941e-05
6,23,43,97,0.0001051060389727354
6,24,43,393,-8.966747554950416e-05
6,25,43,391,-0.0002588568313512951
6,26,43,322,0.00023524976859334856
6,27,43,410,4.2588340875227004e-05
6,28,43,287,-1.4597412700823043e-05
6,29,43,273,-0.00013457892055157572
6,30,43,335,0.00042837695218622684
6,31,43,406,1.5929485016386025e-05
6,32,43,313,-2.4260787540697493e-05
6,33,43,421,0.0007895843591541052
6,34,43,418,0.00016651854093652219
6,35,43,424,2.934523581643589e-05
6,36,43,422,-4.564087066682987e-05
6,37,43,432,-0.00012677599443122745
6,38,43,436,-0.00011768694093916565
6,39,43,426,-2.9428651032503694e-05
6,40,43,423,9.41982762014959e-06
6,41,43,427,1.4581135474145412e-05
6,42,43,425,-0.00025421191821806133
6,43,43,327,5.278280150378123e-05
6,44,43,326,0.00011542217544047162
6,45,43,0,0.00018789319437928498
6,46,43,37,-0.00029975129291415215
6,47,43,39,4.110479494556785e-06
6,48,43,40,-0.00014526804443448782
6,49,43,185,-0.00011653169349301606
6,50,43,61,-3.0024750230950303e-05
6,51,43,146,-0.00018909122445620596
6,52,43,91,-0.000295907782856375
6,53,43,181,0.00031388155184686184
6,54,43,84,0.0008217234862968326
6,55,43,17,0.0010985920671373606
6,56,43,11,5.223296830081381e-05
6,57,43,72,-0.0004132760805077851
6,58,43,73,-0.0001469950220780447
6,59,43,74,2.7499989300849847e-05
6,60,43,184,-8.007610449567437e-05
6,61,43,77,-0.0001661234418861568
6,62,43,90,-0.000285922345938161
6,63,43,180,-0.0002078301622532308
6,64,43,85,0.0008790491847321391
6,65,43,16,0.0007611228502355516
6,66,43,12,0.00016121026419568807
6,67,43,38,-5.475009311339818e-05
6,68,43,41,3.927050784113817e-05
6,69,43,42,-0.0002058561221929267
6,70,43,96,0.00010590083547867835
6,71,43,89,0.00044573761988431215
6,72,43,179,0.0006103306077420712
6,73,43,86,0.0006119743338786066
6,74,43,15,-5.0577593356138095e-05
6,75,43,13,-0.00027352399774827063
6,76,43,82,-0.0003172268334310502
6,77,43,81,-0.00012853692169301212
6,78,43,80,2.4556804419262335e-05
6,79,43,191,-0.00012151795817771927
6,80,43,78,-0.0002501607814338058
6,81,43,95,-7.79583933763206e-05
6,82,43,88,-0.0002899897808674723
6,83,43,178,-0.00017343048239126801
6,84,43,87,0.00034403425524942577
6,85,43,14,0.0015122598269954324
6,86,43,267,-0.00010316120460629463
6,87,43,269,3.995298175141215e-05
6,88,43,270,-0.00019427802180871367
6,89,43,409,-5.84675362915732e-05
6,90,43,291,-0.0001255091920029372
6,91,43,375,7.571673904749332e-06
6,92,43,321,-0.13399916887283325
6,93,43,405,0.0013643797719851136
6,94,43,314,0.0011920073302462697
6,95,43,302,0.0006181175704114139
6,96,43,303,1.0903295333264396e-05
6,97,43,304,-2.0725240119645605e-06
6,98,43,408,-0.00011871697643073276
6,99,43,307,-8.396341581828892e-05
6,100,43,320,0.000763099524192512
6,101,43,404,0.0002497646783012897
6,102,43,315,-0.00011647857172647491
6,103,43,268,0.0003226937260478735
6,104,43,271,-0.00016959603817667812
6,105,43,272,0.00019155700283590704
6,106,43,325,7.847455708542839e-05
6,107,43,319,6.679657963104546e-05
6,108,43,403,3.113013372058049e-05
6,109,43,316,-0.0001888540864456445
6,110,43,312,-0.00012740698002744466
6,111,43,311,-8.210533997043967e-05
6,112,43,310,0.00018104736227542162
6,113,43,415,-2.995784416270908e-05
6,114,43,308,-0.0001439539628336206
6,115,43,324,-0.00014211144298315048
6,116,43,318,0.0009945150231942534
6,117,43,402,-0.0001848458923632279
6,118,43,317,-0.00022268836619332433
7,8,106,182,2.414990376564674e-05
7,9,106,83,-0.0003110610705334693
7,10,106,18,0.0007142939721234143
7,11,106,200,0.0005680072936229408
7,12,106,201,0.0008241556934081018
7,13,106,194,3.2634059607516974e-05
7,14,106,204,-0.00011292440467514098
7,15,106,202,-0.00021204659424256533
7,16,106,212,-0.00018048066704068333
7,17,106,216,-0.0003491674142424017
7,18,106,206,4.6050168748479337e-05
7,19,106,203,-0.00019939189951401204
7,20,106,207,0.0003795508819166571
7,21,106,205,-2.183591277571395e-05
7,22,106,98,3.4124819649150595e-05
7,23,106,97,-2.3054383291309932e-07
7,24,106,393,-9.327199222752824e-05
7,25,106,391,-6.218555790837854e-05
7,26,106,322,-2.337430305487942e-05
7,27,106,410,-2.2726857423549518e-05
7,28,106,287,0.00011112840729765594
7,29,106,273,-0.00011270212417002767
7,30,106,335,-0.00015085877384990454
7,31,106,406,0.0005913538625463843
7,32,106,313,0.0005460362299345434
7,33,106,421,0.0008241794421337545
7,34,106,418,-0.00024716652114875615
7,35,106,424,0.00012289056030567735
7,36,106,422,6.096146171330474e-05
7,37,106,432,0.00012118450831621885
7,38,106,436,0.00021875291713513434
7,39,106,426,-0.00017250090604647994
7,40,106,423,-7.906977407401428e-05
7,41,106,427,7.24891506251879e-05
7,42,106,425,-3.857120100292377e-05
7,43,106,327,-9.478260471951216e-05
7,44,106,326,5.3311676310840994e-05
7,45,106,0,0.00020325984223745763
7,46,106,37,-0.00020703673362731934
7,47,106,39,-3.921263123629615e-05
7,48,106,40,0.00017674619448371232
7,49,106,185,-8.932662603911012e-05
7,50,106,61,-5.51296652702149e-05
7,51,106,146,1.291114585910691e-06
7,52,106,91,-7.080614159349352e-05
7,53,106,181,-0.00011264941713307053
7,54,106,84,0.0007554828189313412
7,55,106,17,5.112323833600385e-06
7,56,106,11,3.05609755741898e-05
7,57,106,72,0.00015872810035943985
7,58,106,73,-0.00010062081855721772
7,59,106,74,-0.0001377138396492228
7,60,106,184,0.00011660057498374954
7,61,106,77,6.557923188665882e-05
7,62,106,90,-0.00014048433513380587
7,63,106,180,-0.0001711695222184062
7,64,106,85,0.00010661004489520565
7,65,106,16,3.0869650800013915e-05
7,66,106,12,0.00014889459998812526
7,67,106,38,-5.53770296392031e-05
7,68,106,41,-0.00018902697775047272
7,69,106,42,-8.632082608528435e-05
7,70,106,96,-0.00016804860206320882
7,71,106,89,-0.0001289475039811805
7,72,106,179,0.00034386198967695236
7,73,106,86,0.0009223113302141428
7,74,106,15,0.0006086743669584394
7,75,106,13,0.0001946091651916504
7,76,106,82,0.00024008129548747092
7,77,106,81,0.00017614857642911375
7,78,106,80,1.9027489543077536e-05
7,79,106,191,6.4095038396772e-05
7,80,106,78,5.481028711074032e-05
7,81,106,95,-0.00021140425815247
7,82,106,88,-0.00019743845041375607
7,83,106,178,0.0002458884846419096
7,84,106,87,0.0017838537460193038
7,85,106,14,0.0007233688957057893
7,86,106,267,-0.0001300008298130706
7,87,106,269,0.00015445015742443502
7,88,106,270,5.0775975978467613e-05
7,89,106,409,-8.67595081217587e-05
7,90,106,291,7.349451334448531e-05
7,91,106,375,-0.00015649929991923273
7,92,106,321,-0.05300385504961014
7,93,106,405,0.001303254277445376
7,94,106,314,0.009487209841609001
7,95,106,302,9.771648183232173e-05
7,96,106,303,0.002771577797830105
7,97,106,304,-0.00013036862947046757
7,98,106,408,-3.5257809940958396e-05
7,99,106,307,-2.224106174253393e-05
7,100,106,320,-4.1324856283608824e-05
7,101,106,404,0.0014095749938860536
7,102,106,315,0.0005378095665946603
7,103,106,268,-0.00016664968279656023
7,104,106,271,4.461938442545943e-05
7,105,106,272,0.0004060973587911576
7,106,106,325,0.00023166202299762517
7,107,106,319,0.0007979901856742799
7,108,106,403,0.0007094343309290707
7,109,106,316,-0.00021016494429204613
7,110,106,312,-0.00019379027071408927
7,111,106,311,-9.427288750885054e-05
7,112,106,310,-9.955028508557007e-05
7,113,106,415,-6.578406464541331e-05
7,114,106,308,-8.487137529300526e-05
7,115,106,324,0.00023566573509015143
7,116,106,318,-0.00018264140817336738
7,117,106,402,0.0009727149154059589
7,118,106,317,0.0006975423311814666
8,9,182,83,-6.982299964874983e-05
8,10,182,18,8.155448449542746e-05
8,11,182,200,-6.078241494833492e-05
8,12,182,201,5.360409340937622e-05
8,13,182,194,-0.00018102049943991005
8,14,182,204,-0.00017245822527911514
8,15,182,202,-4.445555532583967e-05
8,16,182,212,0.0005048385937698185
8,17,182,216,0.0007516553159803152
8,18,182,206,-4.740836811834015e-05
8,19,182,203,-0.00024233179283328354
8,20,182,207,-6.816921813879162e-05
8,21,182,205,-0.00015625391097273678
8,22,182,98,0.024201836436986923
8,23,182,97,-0.00011769738921429962
8,24,182,393,6.0536363889696077e-05
8,25,182,391,1.603629243618343e-05
8,26,182,322,8.580571011407301e-05
8,27,182,410,0.00020972636411897838
8,28,182,287,9.268099529435858e-05
8,29,182,273,3.545180561559391e-06
8,30,182,335,7.413754701701691e-06
8,31,182,406,0.00015752989565953612
8,32,182,313,-7.940716022858396e-05
8,33,182,421,-2.6058169169118628e-05
8,34,182,418,4.394366260385141e-05
8,35,182,424,0.00023947720183059573
8,36,182,422,-0.00015017985424492508
8,37,182,432,4.309174619265832e-05
8,38,182,436,0.00018829258624464273
8,39,182,426,3.46229353453964e-05
8,40,182,423,0.00026798484032042325
8,41,182,427,0.00014978830586187541
8,42,182,425,6.404187297448516e-05
8,43,182,327,-3.656439366750419e-05
8,44,182,326,7.538940553786233e-05
8,45,182,0,-0.00018950954836327583
8,46,182,37,-0.0003293445333838463
8,47,182,39,0.00035800260957330465
8,48,182,40,-0.00022081528732087463
8,49,182,185,-3.580274642445147e-05
8,50,182,61,9.101418254431337e-05
8,51,182,146,-0.0001573449553688988
8,52,182,91,0.00025480377371422946
8,53,182,181,-8.008044824237004e-05
8,54,182,84,0.0007792338728904724
8,55,182,17,0.0004808431549463421
8,56,182,11,-6.821417628088966e-05
8,57,182,72,3.537032534950413e-05
8,58,182,73,-0.000123809149954468
8,59,182,74,-8.186016930267215e-05
8,60,182,184,6.0400729125831276e-05
8,61,182,77,-3.5412706438364694e-06
8,62,182,90,2.7523812605068088e-05
8,63,182,180,0.000252832833211869
8,64,182,85,0.00021241215290501714
8,65,182,16,0.0007549622096121311
8,66,182,12,0.00011817857011919841
8,67,182,38,0.0002570618817117065
8,68,182,41,0.00020183091692160815
8,69,182,42,-8.866374628269114e-06
8,70,182,96,-3.122179623460397e-05
8,71,182,89,0.0001646488526603207
8,72,182,179,-0.00016709978808648884
8,73,182,86,0.0011605286272242665
8,74,182,15,0.0004179503011982888
8,75,182,13,0.0004468740662559867
8,76,182,82,-0.0001435560843674466
8,77,182,81,4.0295639337273315e-05
8,78,182,80,5.048911407357082e-05
8,79,182,191,-2.0619034330593422e-05
8,80,182,78,0.00010186438885284588
8,81,182,95,-7.360269228229299e-05
8,82,182,88,3.892929817084223e-05
8,83,182,178,-0.00025163672398775816
8,84,182,87,8.408330904785544e-05
8,85,182,14,0.0016235264483839273
8,86,182,267,0.0005217543803155422
8,87,182,269,0.0001421088381903246
8,88,182,270,-3.550626934156753e-05
8,89,182,409,-3.9118281165428925e-06
8,90,182,291,-3.727389048435725e-05
8,91,182,375,2.1245685275061987e-05
8,92,182,321,-0.12257984280586243
8,93,182,405,0.0009422119474038482
8,94,182,314,0.0009480530861765146
8,95,182,302,-4.8486675950698555e-05
8,96,182,303,-0.00016885661170817912
8,97,182,304,-0.00018561800243332982
8,98,182,408,9.626499377191067e-05
8,99,182,307,-2.375640360696707e-05
8,100,182,320,0.0006321541732177138
8,101,182,404,0.0006583149661310017
8,102,182,315,0.000593957316596061
8,103,182,268,-0.0001569313317304477
8,104,182,271,-0.00018046281184069812
8,105,182,272,7.85101656219922e-05
8,106,182,325,-4.6485907660098746e-05
8,107,182,319,-8.612239616923034e-05
8,108,182,403,3.8009628042345867e-05
8,109,182,316,0.0004087749985046685
8,110,182,312,-2.263046735606622e-05
8,111,182,311,-0.00021119664597790688
8,112,182,310,0.0001130097807617858
8,113,182,415,0.0002576672122813761
8,114,182,308,-4.542495298665017e-05
8,115,182,324,-1.071194219548488e-05
8,116,182,318,-0.00030522275483235717
8,117,182,402,4.004382572020404e-05
8,118,182,317,0.0006570162368007004
9,10,83,18,0.000206804892513901
9,11,83,200,0.0004526608681771904
9,12,83,201,-5.905376747250557e-05
9,13,83,194,-0.0003279595111962408
9,14,83,204,-0.00022404635092243552
9,15,83,202,0.0004621726111508906
9,16,83,212,0.00036853933124803007
9,17,83,216,0.0007975489716045558
9,18,83,206,7.834475400159135e-05
9,19,83,203,2.835536542988848e-05
9,20,83,207,0.0015143495984375477
9,21,83,205,0.0006513267871923745
9,22,83,98,-0.0001901017822092399
9,23,83,97,0.00017159184790216386
9,24,83,393,-3.593242581700906e-06
9,25,83,391,-3.321664917166345e-05
9,26,83,322,0.00018268165877088904
9,27,83,410,3.467456917860545e-05
9,28,83,287,0.00010334393300581723
9,29,83,273,6.703353574266657e-05
9,30,83,335,0.00012609899567905813
9,31,83,406,-0.00010700540588004515
9,32,83,313,4.9932600632018875e-06
9,33,83,421,-5.7046738220378757e-05
9,34,83,418,0.0001311196683673188
9,35,83,424,0.0001642438000999391
9,36,83,422,3.166753958794288e-05
9,37,83,432,0.0003514018899295479
9,38,83,436,0.00021231781283859164
9,39,83,426,0.0002091785572702065
9,40,83,423,0.00011192810052307323
9,41,83,427,0.0001785120985005051
9,42,83,425,7.787155482219532e-05
9,43,83,327,0.00016142093227244914
9,44,83,326,7.011204434093088e-05
9,45,83,0,-0.0002618471044115722
9,46,83,37,0.00010070056305266917
9,47,83,39,-8.102844003587961e-05
9,48,83,40,-4.673173316405155e-05
9,49,83,185,0.00024208678223658353
9,50,83,61,0.0005909993778914213
9,51,83,146,0.00017889752052724361
9,52,83,91,0.0003271184687037021
9,53,83,181,-0.0001657075627008453
9,54,83,84,8.71158335939981e-05
9,55,83,17,0.00024257398035842925
9,56,83,11,-5.103591684019193e-05
9,57,83,72,-7.976296910783276e-05
9,58,83,73,-0.0001255670067621395
9,59,83,74,-0.00014937987725716084
9,60,83,184,0.00025092432042583823
9,61,83,77,0.00022504525259137154
9,62,83,90,-0.0001470360002713278
9,63,83,180,0.00014021679817233235
9,64,83,85,-0.00011052635090891272
9,65,83,16,0.0005782300722785294
9,66,83,12,9.242771920980886e-05
9,67,83,38,6.258209759835154e-05
9,68,83,41,0.00016257238166872412
9,69,83,42,-0.0001778335135895759
9,70,83,96,0.00028300780104473233
9,71,83,89,-0.00012768259330186993
9,72,83,179,0.00011486520816106349
9,73,83,86,-1.2304208212299272e-05
9,74,83,15,0.0014624518807977438
9,75,83,13,8.13170408946462e-05
9,76,83,82,0.0001007675746222958
9,77,83,81,-0.0001557970099383965
9,78,83,80,-0.00014965803711675107
9,79,83,191,-1.340567359875422e-05
9,80,83,78,3.621590803959407e-05
9,81,83,95,4.277282641851343e-05
9,82,83,88,-0.00017338662291876972
9,83,83,178,0.0001360123133054003
9,84,83,87,-4.6147841203492135e-05
9,85,83,14,0.00030743732349947095
9,86,83,267,-0.00020438518549781293
9,87,83,269,-9.716235945234075e-05
9,88,83,270,-7.647083748452133e-07
9,89,83,409,-1.80390416062437e-05
9,90,83,291,0.00019813190738204867
9,91,83,375,8.288490062113851e-05
9,92,83,321,0.00010981704690493643
9,93,83,405,0.0005906503647565842
9,94,83,314,-7.535050099249929e-05
9,95,83,302,-6.9946821895428e-05
9,96,83,303,0.0001148414594354108
9,97,83,304,3.211375224054791e-05
9,98,83,408,8.934865763876587e-05
9,99,83,307,0.00015452774823643267
9,100,83,320,-0.00013617670629173517
9,101,83,404,0.00015116838039830327
9,102,83,315,0.00016844984202180058
9,103,83,268,-0.00018643784278538078
9,104,83,271,-4.808387529919855e-05
9,105,83,272,-7.104250107659027e-05
9,106,83,325,4.876096500083804e-05
9,107,83,319,-3.8085298001533374e-05
9,108,83,403,0.0003839950368274003
9,109,83,316,0.000475826469482854
9,110,83,312,-0.0001444114896003157
9,111,83,311,4.174824425717816e-06
9,112,83,310,0.00011917221127077937
9,113,83,415,0.0001492620212957263
9,114,83,308,0.00021216849563643336
9,115,83,324,-9.78447133093141e-05
9,116,83,318,-8.784732926869765e-05
9,117,83,402,-0.00011639334843493998
9,118,83,317,-0.0001462549698771909
10,11,18,200,0.00014875002671033144
10,12,18,201,-0.0001652982027735561
10,13,18,194,0.0008325575618073344
10,14,18,204,0.0011902471305802464
10,15,18,202,0.0010004218202084303
10,16,18,212,0.0011334236478433013
10,17,18,216,0.002046992303803563
10,18,18,206,0.0004162050026934594
10,19,18,203,0.0002982865844387561
10,20,18,207,0.0011604254832491279
10,21,18,205,0.0010314880637452006
10,22,18,98,0.0008593998500145972
10,23,18,97,0.0004433104768395424
10,24,18,393,0.00010285328608006239
10,25,18,391,9.71001572906971e-05
10,26,18,322,0.00020945328287780285
10,27,18,410,1.5586515473842155e-06
10,28,18,287,0.0002594332618173212
10,29,18,273,0.00014793143782299012
10,30,18,335,-2.303796100022737e-05
10,31,18,406,9.008714550873265e-05
10,32,18,313,-1.4669363736175e-05
10,33,18,421,-1.698707274044864e-05
10,34,18,418,5.4673940041993774e-08
10,35,18,424,-5.0075006583938375e-05
10,36,18,422,-0.0005944984732195735
10,37,18,432,0.00014959588588681072
10,38,18,436,-5.307448736857623e-05
10,39,18,426,-0.00023370765848085284
10,40,18,423,-0.0011074204230681062
10,41,18,427,-0.00042310860590077937
10,42,18,425,-0.001081700436770916
10,43,18,327,0.00011674338747980073
10,44,18,326,-0.00011219450971111655
10,45,18,0,3.423775706323795e-05
10,46,18,37,-0.0001380383037030697
10,47,18,39,7.087171979947016e-05
10,48,18,40,0.0010226948652416468
10,49,18,185,0.0012736787321045995
10,50,18,61,0.00013439460599329323
10,51,18,146,0.00017565599409863353
10,52,18,91,-0.00018578601884655654
10,53,18,181,-6.530250175273977e-06
10,54,18,84,5.561143552768044e-05
10,55,18,17,0.0002455030335113406
10,56,18,11,-0.00011616758274612948
10,57,18,72,2.3674047042732127e-05
10,58,18,73,0.0008615900296717882
10,59,18,74,0.0007889344706200063
10,60,18,184,0.0005050619365647435
10,61,18,77,0.00022031026310287416
10,62,18,90,-7.024730439297855e-05
10,63,18,180,5.9739890275523067e-05
10,64,18,85,-0.00017099537944886833
10,65,18,16,2.952780414489098e-05
10,66,18,12,7.2596376412548125e-06
10,67,18,38,-2.9906208510510623e-05
10,68,18,41,0.0002823145186994225
10,69,18,42,0.00048121545114554465
10,70,18,96,-1.7416350601706654e-05
10,71,18,89,0.00015303186955861747
10,72,18,179,-5.122772927279584e-05
10,73,18,86,-9.556057921145111e-05
10,74,18,15,8.100435661617666e-05
10,75,18,13,6.34563184576109e-05
10,76,18,82,0.0003390490310266614
10,77,18,81,0.0009061497403308749
10,78,18,80,0.0012020471040159464
10,79,18,191,0.0005352905718609691
10,80,18,78,0.0003308779851067811
10,81,18,95,0.0007036126917228103
10,82,18,88,0.0007391645340248942
10,83,18,178,-4.248456752975471e-05
10,84,18,87,0.00012851000064983964
10,85,18,14,4.445540616870858e-05
10,86,18,267,0.00015920656733214855
10,87,18,269,-0.0002320506755495444
10,88,18,270,0.00028432306135073304
10,89,18,409,9.02916508493945e-05
10,90,18,291,-1.3699292139790487e-05
10,91,18,375,2.355945616727695e-05
10,92,18,321,-0.00010072315490106121
10,93,18,405,-0.00016720146231818944
10,94,18,314,-0.00011895258649019524
10,95,18,302,2.931189192167949e-05
10,96,18,303,9.754065104061738e-05
10,97,18,304,8.085949230007827e-05
10,98,18,408,0.00011660288146231323
10,99,18,307,-5.8646506658988073e-05
10,100,18,320,-0.00015833439829293638
10,101,18,404,-0.00010789599036797881
10,102,18,315,0.00016749075439292938
10,103,18,268,8.178389543900266e-05
10,104,18,271,0.00019468953541945666
10,105,18,272,0.00013117733760736883
10,106,18,325,-9.743840200826526e-05
10,107,18,319,-0.00020571931963786483
10,108,18,403,-0.000112297129817307
10,109,18,316,1.1049849490518682e-05
10,110,18,312,-6.345396832330152e-05
10,111,18,311,2.5243840354960412e-05
10,112,18,310,7.535605254815891e-05
10,113,18,415,-9.89284526440315e-05
10,114,18,308,-5.139802669873461e-05
10,115,18,324,-5.052511937719828e-07
10,116,18,318,-1.7761090930434875e-05
10,117,18,402,1.2935844097228255e-05
10,118,18,317,0.0002201521274400875
11,12,200,201,0.0009592518326826394
11,13,200,194,0.0009684688411653042
11,14,200,204,0.0005829803412780166
11,15,200,202,0.0007617208175361156
11,16,200,212,0.0019234521314501762
11,17,200,216,0.0016327656339854002
11,18,200,206,0.0009049247018992901
11,19,200,203,8.734839502722025e-05
11,20,200,207,0.000641052087303251
11,21,200,205,0.0007472478901036084
11,22,200,98,0.00018970407836604863
11,23,200,97,-0.00024070283689070493
11,24,200,393,-0.0001180652470793575
11,25,200,391,-0.00012802804121747613
11,26,200,322,5.195833000470884e-05
11,27,200,410,0.00015694033936597407
11,28,200,287,5.7342003856319934e-05
11,29,200,273,-1.2109463568776846e-05
11,30,200,335,-0.00026134573272429407
11,31,200,406,0.00010447627573739737
11,32,200,313,-5.317016984918155e-05
11,33,200,421,-5.687224984285422e-05
11,34,200,418,1.4368581105372868e-05
11,35,200,424,9.846241300692782e-05
11,36,200,422,0.0001585744903422892
11,37,200,432,0.00020345865050330758
11,38,200,436,0.0002114935196004808
11,39,200,426,0.00017796065367292613
11,40,200,423,-0.0005805626860819757
11,41,200,427,-0.0006551874685101211
11,42,200,425,-0.00041801296174526215
11,43,200,327,-9.139026224147528e-05
11,44,200,326,6.493504770332947e-05
11,45,200,0,5.8506979257799685e-05
11,46,200,37,3.5088349250145257e-05
11,47,200,39,0.000307175941998139
11,48,200,40,0.00042253645369783044
11,49,200,185,0.0005001219687983394
11,50,200,61,0.00023541883274447173
11,51,200,146,-0.0002539615088608116
11,52,200,91,-0.00017940072575584054
11,53,200,181,-0.00015520924353040755
11,54,200,84,1.812838490877766e-05
11,55,200,17,-2.4595325157861225e-05
11,56,200,11,1.559437919240736e-06
11,57,200,72,0.00016388563381042331
11,58,200,73,0.00023271596000995487
11,59,200,74,0.0004957200144417584
11,60,200,184,-7.19113668310456e-05
11,61,200,77,0.00020851948647759855
11,62,200,90,-7.565718988189474e-05
11,63,200,180,4.9419009883422405e-05
11,64,200,85,4.669022382586263e-05
11,65,200,16,1.3514372767531313e-05
11,66,200,12,0.00017025761189870536
11,67,200,38,0.00041602322016842663
11,68,200,41,0.00015928498760331422
11,69,200,42,0.00014355017628986388
11,70,200,96,3.577846291591413e-05
11,71,200,89,0.00018540836754254997
11,72,200,179,-5.5489181249868125e-05
11,73,200,86,-2.8261409170227125e-05
11,74,200,15,1.4146894500299823e-06
11,75,200,13,0.00039945784374140203
11,76,200,82,-7.533283496741205e-05
11,77,200,81,-5.242733095656149e-05
11,78,200,80,-9.100673923967406e-05
11,79,200,191,-0.0001523645332781598
11,80,200,78,0.00015681196236982942
11,81,200,95,-8.15444000181742e-05
11,82,200,88,6.642925291089341e-05
11,83,200,178,-0.0001452355063520372
11,84,200,87,-3.415987885091454e-05
11,85,200,14,0.00031076883897185326
11,86,200,267,0.0001147205475717783
11,87,200,269,2.457960363244638e-05
11,88,200,270,0.00021637848112732172
11,89,200,409,-4.002449713880196e-05
11,90,200,291,-0.00013681089330930263
11,91,200,375,3.371707862243056e-05
11,92,200,321,-0.00013276289973873645
11,93,200,405,0.0007151447935029864
11,94,200,314,7.673940854147077e-05
11,95,200,302,-6.934688281035051e-05
11,96,200,303,-6.133168790256605e-05
11,97,200,304,0.00015775070642121136
11,98,200,408,-0.00015913428796920925
11,99,200,307,-0.00023979121760930866
11,100,200,320,5.9005549701396376e-05
11,101,200,404,0.0007498858030885458
11,102,200,315,0.00023519057140219957
11,103,200,268,-0.0002168431819882244
11,104,200,271,6.479385774582624e-05
11,105,200,272,-3.2140589610207826e-05
11,106,200,325,-7.120385998860002e-05
11,107,200,319,-9.430028512724675e-06
11,108,200,403,-0.00011559406266314909
11,109,200,316,0.00024058778944890946
11,110,200,312,-1.3444694559439085e-05
11,111,200,311,8.263064228231087e-05
11,112,200,310,1.744913674883719e-06
11,113,200,415,0.00015378827811218798
11,114,200,308,-9.400863928021863e-05
11,115,200,324,9.591026901034638e-05
11,116,200,318,3.690827497848659e-06
11,117,200,402,7.920037023723125e-05
11,118,200,317,-0.00016134126053657383
12,13,201,194,-9.465834591537714e-05
12,14,201,204,-6.536865839734674e-05
12,15,201,202,0.000291631615255028
12,16,201,212,0.0009075821726582944
12,17,201,216,-0.0002542950678616762
12,18,201,206,0.0004688661138061434
12,19,201,203,0.000694896443746984
12,20,201,207,0.00019521037756931037
12,21,201,205,0.0001622643176233396
12,22,201,98,-1.5200951565930154e-05
12,23,201,97,5.4467571317218244e-05
12,24,201,393,4.557900319923647e-05
12,25,201,391,1.8406528397463262e-05
12,26,201,322,0.00014136926620267332
12,27,201,410,1.9995253751403652e-05
12,28,201,287,6.624994057347067e-06
12,29,201,273,-5.680409958586097e-05
12,30,201,335,-0.0002467738522682339
12,31,201,406,-3.43401225109119e-05
12,32,201,313,-0.00012393994256854057
12,33,201,421,0.00022640786482952535
12,34,201,418,0.0002009417221415788
12,35,201,424,4.9786423915065825e-05
12,36,201,422,8.088773756753653e-05
12,37,201,432,0.0001259139971807599
12,38,201,436,0.00016295908426400274
12,39,201,426,0.00013393961125984788
12,40,201,423,-0.00013131528976373374
12,41,201,427,-0.00010201914119534194
12,42,201,425,0.00013192117330618203
12,43,201,327,0.00010860301699722186
12,44,201,326,-0.0001264105667360127
12,45,201,0,0.0004517862980719656
12,46,201,37,5.320803393260576e-05
12,47,201,39,4.9252976168645546e-05
12,48,201,40,0.00012742381659336388
12,49,201,185,0.0005696976440958679
12,50,201,61,0.0003118641907349229
12,51,201,146,0.0001185189321404323
12,52,201,91,-0.00020573583606164902
12,53,201,181,9.615273302188143e-05
12,54,201,84,-8.962569700088352e-05
12,55,201,17,0.00038802000926807523
12,56,201,11,-1.4246127648220863e-05
12,57,201,72,0.000104341575934086
12,58,201,73,0.00025743062724359334
12,59,201,74,-0.00013039112673141062
12,60,201,184,0.0001875315501820296
12,61,201,77,-8.315656305057928e-05
12,62,201,90,-2.5079305487452075e-05
12,63,201,180,0.00027902633883059025
12,64,201,85,-0.00010077682964038104
12,65,201,16,0.0009811779018491507
12,66,201,12,-1.770453673088923e-05
12,67,201,38,-8.367552800336853e-05
12,68,201,41,-6.307654257398099e-05
12,69,201,42,-2.7413052521296777e-05
12,70,201,96,-6.105220381869003e-05
12,71,201,89,-0.00022765430912841111
12,72,201,179,-4.158815499977209e-05
12,73,201,86,0.00012863732990808785
12,74,201,15,0.00016594445332884789
12,75,201,13,0.0003839946002699435
12,76,201,82,4.179218740318902e-05
12,77,201,81,0.0013207517331466079
12,78,201,80,-8.092181815300137e-05
12,79,201,191,6.444360042223707e-05
12,80,201,78,-3.291922985226847e-05
12,81,201,95,0.00019547315605450422
12,82,201,88,2.6827161491382867e-05
12,83,201,178,0.00011252563854213804
12,84,201,87,1.1642388926702552e-05
12,85,201,14,1.887103462649975e-05
12,86,201,267,0.0002604720648378134
12,87,201,269,-0.00022430137323681265
12,88,201,270,2.360574455906317e-07
12,89,201,409,8.499916293658316e-05
12,90,201,291,7.900990749476478e-05
12,91,201,375,9.359283285448328e-05
12,92,201,321,9.51197125687031e-06
12,93,201,405,-0.00030352300382219255
12,94,201,314,0.0008604374597780406
12,95,201,302,-8.710871770745143e-05
12,96,201,303,5.505109947989695e-05
12,97,201,304,5.8318630181020126e-05
12,98,201,408,-0.00010294953972334042
12,99,201,307,-0.00018688006093725562
12,100,201,320,-5.5979347962420434e-05
12,101,201,404,0.0005574000533670187
12,102,201,315,-0.00010617549560265616
12,103,201,268,-9.56096118898131e-05
12,104,201,271,-1.8331484170630574e-05
12,105,201,272,8.819317008601502e-05
12,106,201,325,0.00011822888336610049
12,107,201,319,0.00020555354421958327
12,108,201,403,-0.0002992248337250203
12,109,201,316,0.0010255201486870646
12,110,201,312,-0.00012160060578025877
12,111,201,311,-4.84870579384733e-05
12,112,201,310,3.8512091123266146e-05
12,113,201,415,-0.00012428907211869955
12,114,201,308,-8.634372352389619e-05
12,115,201,324,0.00015010472270660102
12,116,201,318,-7.544361869804561e-05
12,117,201,402,-0.0003952564438804984
12,118,201,317,0.0003951283579226583
13,14,194,204,-0.00013772278907708824
13,15,194,202,-0.0002740854397416115
13,16,194,212,0.0001639578549657017
13,17,194,216,0.0003380091511644423
13,18,194,206,0.0007510578143410385
13,19,194,203,0.0005704243667423725
13,20,194,207,0.0012822082499042153
13,21,194,205,0.00028473659767769277
13,22,194,98,0.0002895389625336975
13,23,194,97,9.905771730700508e-05
13,24,194,393,-0.00012666385737247765
13,25,194,391,8.490326581522822e-05
13,26,194,322,0.00014532290515489876
13,27,194,410,5.6839340686565265e-05
13,28,194,287,-0.0002930876798927784
13,29,194,273,-3.240931255277246e-05
13,30,194,335,-5.6307981139980257e-05
13,31,194,406,-0.000316399906296283
13,32,194,313,0.00032477336935698986
13,33,194,421,0.00018671201542019844
13,34,194,418,2.8194062906550243e-05
13,35,194,424,-0.00014549249317497015
13,36,194,422,-3.736513463081792e-05
13,37,194,432,-1.0767013236545608e-06
13,38,194,436,-3.60752369488182e-06
13,39,194,426,-8.435391646344215e-05
13,40,194,423,-4.371931936475448e-05
13,41,194,427,0.00013470867997966707
13,42,194,425,1.4750684385944624e-05
13,43,194,327,0.00010966888658003882
13,44,194,326,-4.083808380528353e-05
13,45,194,0,-0.0002154586836695671
13,46,194,37,-2.8117519832449034e-05
13,47,194,39,-3.414959428482689e-05
13,48,194,40,-0.00028276213561184704
13,49,194,185,-0.00014874619955662638
13,50,194,61,1.8765309505397454e-05
13,51,194,146,0.0002846740244422108
13,52,194,91,-2.5264929718105122e-05
13,53,194,181,-0.00019316539692226797
13,54,194,84,0.00016748521011322737
13,55,194,17,0.00042895140359178185
13,56,194,11,-0.00019551564764697105
13,57,194,72,-0.00014158854901324958
13,58,194,73,-0.00022760801948606968
13,59,194,74,0.0003239740908611566
13,60,194,184,1.9078092009294778e-05
13,61,194,77,-3.5539324017008767e-05
13,62,194,90,0.000206369164516218
13,63,194,180,-0.000202818657271564
13,64,194,85,-0.0001114708065870218
13,65,194,16,0.0007106597768142819
13,66,194,12,1.9164723198628053e-05
13,67,194,38,2.729953484958969e-05
13,68,194,41,-2.6855643227463588e-05
13,69,194,42,9.31135073187761e-05
13,70,194,96,-3.893040684488369e-06
13,71,194,89,-3.3432810596423224e-05
13,72,194,179,-0.00011649784573819488
13,73,194,86,0.0009430345962755382
13,74,194,15,2.297456012456678e-05
13,75,194,13,0.00044513106695376337
13,76,194,82,-8.76251797308214e-05
13,77,194,81,3.0050748591747833e-06
13,78,194,80,9.775083890417591e-05
13,79,194,191,0.0001284259051317349
13,80,194,78,0.00012968256487511098
13,81,194,95,6.028961797710508e-05
13,82,194,88,-0.00023341047926805913
13,83,194,178,8.097937825368717e-05
13,84,194,87,0.00019295122183393687
13,85,194,14,0.0010117193451151252
13,86,194,267,0.000155702349729836
13,87,194,269,5.526734094019048e-05
13,88,194,270,-8.155949035426602e-05
13,89,194,409,-5.252905611996539e-05
13,90,194,291,-0.00010167027357965708
13,91,194,375,-0.00019550909928511828
13,92,194,321,-0.00011676351277856156
13,93,194,405,0.0010055496823042631
13,94,194,314,-6.329276948235929e-05
13,95,194,302,-5.286761370371096e-05
13,96,194,303,0.00014547248429153115
13,97,194,304,-0.00012167216482339427
13,98,194,408,-2.7141904865857214e-05
13,99,194,307,0.00013510110147763044
13,100,194,320,0.0009267863933928311
13,101,194,404,0.0010458871256560087
13,102,194,315,-0.00010091745207319036
13,103,194,268,-0.00013405128265731037
13,104,194,271,3.7289250030880794e-05
13,105,194,272,6.426912295864895e-05
13,106,194,325,-0.0002481400442775339
13,107,194,319,0.00024680598289705813
13,108,194,403,-0.0001570825115777552
13,109,194,316,0.0011110705090686679
13,110,194,312,-0.00016970327123999596
13,111,194,311,-0.0002082890277961269
13,112,194,310,-2.9015740437898785e-05
13,113,194,415,-0.00011326203093631193
13,114,194,308,-7.851759437471628e-05
13,115,194,324,-4.588525553117506e-05
13,116,194,318,-0.0001612504420336336
13,117,194,402,-0.00035556868533603847
13,118,194,317,-0.00011248600640101358
14,15,204,202,-0.00023512485495302826
14,16,204,212,-0.00019475545559544116
14,17,204,216,-0.00021353608462959528
14,18,204,206,8.069245086517185e-05
14,19,204,203,-4.058303602505475e-05
14,20,204,207,-0.00022326024190988392
14,21,204,205,0.0004657364042941481
14,22,204,98,1.3460716218105517e-05
14,23,204,97,-3.091803228016943e-05
14,24,204,393,-0.00012187883112346753
14,25,204,391,-0.00021877216931898147
14,26,204,322,-0.00017413707973901182
14,27,204,410,-0.0003050569794140756
14,28,204,287,-0.0003200841601938009
14,29,204,273,-0.00022042120690457523
14,30,204,335,-0.0002869852469302714
14,31,204,406,-0.00013748033961746842
14,32,204,313,0.00046638763160444796
14,33,204,421,0.0001177610902232118
14,34,204,418,-0.00013057429168839008
14,35,204,424,7.765906775603071e-05
14,36,204,422,-0.00020907890575472265
14,37,204,432,9.560299076838419e-05
14,38,204,436,2.1981933969072998e-05
14,39,204,426,9.35752468649298e-05
14,40,204,423,3.756553269340657e-05
14,41,204,427,-1.8678867490962148e-05
14,42,204,425,-3.502303297864273e-05
14,43,204,327,5.985913230688311e-05
14,44,204,326,-5.765063542639837e-05
14,45,204,0,-0.000205849195481278
14,46,204,37,-6.239426147658378e-05
14,47,204,39,0.00011330553388688713
14,48,204,40,8.887202420737594e-05
14,49,204,185,-0.00010494911839487031
14,50,204,61,5.578195123234764e-05
14,51,204,146,-0.00014460511738434434
14,52,204,91,6.558518361998722e-05
14,53,204,181,-3.0233513825805858e-05
14,54,204,84,0.00036577307037077844
14,55,204,17,0.0006092922994866967
14,56,204,11,0.00048134411917999387
14,57,204,72,0.0005179630825296044
14,58,204,73,-0.00012340850662440062
14,59,204,74,-0.0002360841172048822
14,60,204,184,-7.527136767748743e-05
14,61,204,77,-6.8424433266045526e-06
14,62,204,90,5.380323273129761e-06
14,63,204,180,5.469573807204142e-05
14,64,204,85,0.0006685862317681313
14,65,204,16,0.00037785255699418485
14,66,204,12,6.564730574609712e-05
14,67,204,38,0.00026310174143873155
14,68,204,41,0.00015551493561360985
14,69,204,42,-8.55256148497574e-05
14,70,204,96,-0.0001596869551576674
14,71,204,89,0.0005439956439658999
14,72,204,179,0.00014916487270966172
14,73,204,86,0.0009419560083188117
14,74,204,15,0.0009536902070976794
14,75,204,13,-0.00015539108426310122
14,76,204,82,-4.3226887669334246e-07
14,77,204,81,-7.102599192876369e-05
14,78,204,80,9.270996997656766e-06
14,79,204,191,-3.308454324724153e-05
14,80,204,78,-4.781833922606893e-05
14,81,204,95,-0.00047452354920096695
14,82,204,88,0.00034953176509588957
14,83,204,178,0.0007099034264683723
14,84,204,87,0.0002883487904909998
14,85,204,14,0.0001561003882670775
14,86,204,267,-0.00016710931959096342
14,87,204,269,-0.0001048643680405803
14,88,204,270,-0.0002894784265663475
14,89,204,409,-7.670116247027181e-06
14,90,204,291,-7.165303395595402e-05
14,91,204,375,0.00022698176326230168
14,92,204,321,0.0011253745760768652
14,93,204,405,0.0011844995897263288
14,94,204,314,0.0009835314704105258
14,95,204,302,0.00037055835127830505
14,96,204,303,0.00034014182165265083
14,97,204,304,5.776646503363736e-05
14,98,204,408,0.0002967565378639847
14,99,204,307,-3.891237429343164e-05
14,100,204,320,0.0010488040279597044
14,101,204,404,0.0012134785065427423
14,102,204,315,0.0009663678356446326
14,103,204,268,-0.00023750300169922411
14,104,204,271,0.0004465396050363779
14,105,204,272,-1.641395101614762e-05
14,106,204,325,0.00022986320254858583
14,107,204,319,0.00033735096803866327
14,108,204,403,0.0015019441489130259
14,109,204,316,0.0005709963734261692
14,110,204,312,-0.00021071729133836925
14,111,204,311,1.511293612566078e-05
14,112,204,310,0.0006398163386620581
14,113,204,415,-0.00019767317280638963
14,114,204,308,-1.2174975381640252e-05
14,115,204,324,-0.00015596109733451158
14,116,204,318,0.0004248329496476799
14,117,204,402,-0.0002259285975014791
14,118,204,317,0.00045208350638858974
15,16,202,212,-0.00032243752502836287
15,17,202,216,-2.3999353288672864e-05
15,18,202,206,1.8213846487924457e-05
15,19,202,203,0.00018201445345766842
15,20,202,207,-0.0002564745955169201
15,21,202,205,4.5889315515523776e-05
15,22,202,98,-5.6062262956402265e-06
15,23,202,97,-0.00011025182902812958
15,24,202,393,-0.0003368504694662988
15,25,202,391,0.0008177951676771045
15,26,202,322,0.0004203248245175928
15,27,202,410,-0.00019081014033872634
15,28,202,287,-2.2842925318400376e-05
15,29,202,273,0.00010846759687410668
15,30,202,335,-0.00012360686378087848
15,31,202,406,-0.000222208138438873
15,32,202,313,0.00017388151900377125
15,33,202,421,0.0003316531074233353
15,34,202,418,-0.0002040367980953306
15,35,202,424,-0.00010013478458859026
15,36,202,422,0.0006215742905624211
15,37,202,432,8.984779560705647e-05
15,38,202,436,-0.00015354648348875344
15,39,202,426,-0.00010027892858488485
15,40,202,423,0.00031345366733148694
15,41,202,427,6.779060640837997e-05
15,42,202,425,-7.25386489648372e-05
15,43,202,327,-5.721023990190588e-05
15,44,202,326,0.00034300427068956196
15,45,202,0,-0.000333925912855193
15,46,202,37,0.000351926515577361
15,47,202,39,6.7341752583161e-05
15,48,202,40,-0.00026049837470054626
15,49,202,185,1.61432872118894e-05
15,50,202,61,1.3179751476855017e-05
15,51,202,146,4.4992495531914756e-05
15,52,202,91,-0.00037297821836546063
15,53,202,181,0.00046745003783144057
15,54,202,84,0.0004270285426173359
15,55,202,17,0.0022744694724678993
15,56,202,11,0.000960475648753345
15,57,202,72,5.8403031289344653e-05
15,58,202,73,-0.00020013029279652983
15,59,202,74,-0.000298611557809636
15,60,202,184,-4.821744732907973e-05
15,61,202,77,-0.00027116056298837066
15,62,202,90,-0.00022524110681843013
15,63,202,180,-0.0001982865360332653
15,64,202,85,0.0011082530254498124
15,65,202,16,0.0006390882772393525
15,66,202,12,0.0004197285743430257
15,67,202,38,0.00013314040552359074
15,68,202,41,-0.00013090188440401107
15,69,202,42,-0.00016760746075306088
15,70,202,96,-0.00011504560825414956
15,71,202,89,-7.485039532184601e-05
15,72,202,179,-9.22269027796574e-05
15,73,202,86,0.0008301169145852327
15,74,202,15,0.0009778880048543215
15,75,202,13,0.0001760275335982442
15,76,202,82,-0.00011663581972243264
15,77,202,81,-0.000127113627968356
15,78,202,80,-0.00016021700866986066
15,79,202,191,-0.00019751537183765322
15,80,202,78,-0.0002563123416621238
15,81,202,95,-5.25513269167277e-06
15,82,202,88,-0.00017340706835966557
15,83,202,178,0.00031527975806966424
15,84,202,87,0.0006610301788896322
15,85,202,14,0.0015495370607823133
15,86,202,267,0.00024900204152800143
15,87,202,269,0.0006153122521936893
15,88,202,270,-6.85579507262446e-05
15,89,202,409,-0.00013539203791879117
15,90,202,291,-5.089687692816369e-05
15,91,202,375,0.00017050185124389827
15,92,202,321,0.0010973564349114895
15,93,202,405,0.0016064513474702835
15,94,202,314,0.0017217224230989814
15,95,202,302,0.0004549571021925658
15,96,202,303,0.00022833782713860273
15,97,202,304,0.00021273733000271022
15,98,202,408,-9.991425758926198e-05
15,99,202,307,-1.4172729606798384e-05
15,100,202,320,0.001247411360964179
15,101,202,404,0.0018354544881731272
15,102,202,315,0.0016915882006287575
15,103,202,268,0.0007369848899543285
15,104,202,271,0.0004519218346104026
15,105,202,272,-0.00016134892939589918
15,106,202,325,0.00013253267388790846
15,107,202,319,0.0008749010157771409
15,108,202,403,0.0022694854997098446
15,109,202,316,0.00042198493611067533
15,110,202,312,0.000636864744592458
15,111,202,311,0.00037381399306468666
15,112,202,310,-0.00029382476350292563
15,113,202,415,0.00010433747956994921
15,114,202,308,-9.608706932340283e-06
15,115,202,324,0.00015311563038267195
15,116,202,318,0.0016217132797464728
15,117,202,402,0.00010403235501144081
15,118,202,317,0.0010134176118299365
16,17,212,216,-7.259612175403163e-05
16,18,212,206,0.00015223529771901667
16,19,212,203,4.343884938862175e-05
16,20,212,207,-0.0001485859975218773
16,21,212,205,8.740934390516486e-06
16,22,212,98,3.953863779315725e-05
16,23,212,97,9.608682739781216e-05
16,24,212,393,0.00029263977194204926
16,25,212,391,0.001115218037739396
16,26,212,322,-1.8753813492367044e-05
16,27,212,410,1.1527823517099023e-05
16,28,212,287,-0.00014589278725907207
16,29,212,273,0.0006458995630964637
16,30,212,335,0.0008643909823149443
16,31,212,406,0.00041725815390236676
16,32,212,313,0.0008258368470706046
16,33,212,421,0.001223081024363637
16,34,212,418,0.0002874633646570146
16,35,212,424,-0.0001880148920463398
16,36,212,422,6.697697972413152e-05
16,37,212,432,-9.912935638567433e-05
16,38,212,436,-0.0001228814071509987
16,39,212,426,5.993873401166638e-06
16,40,212,423,-0.0002078480029013008
16,41,212,427,0.00013448038953356445
16,42,212,425,0.00010222591663477942
16,43,212,327,-2.1509140424313955e-05
16,44,212,326,-0.00012589769903570414
16,45,212,0,0.0008821393130347133
16,46,212,37,-9.01091771083884e-05
16,47,212,39,-9.792905620997772e-05
16,48,212,40,-0.00024569861125200987
16,49,212,185,-0.00012887183402199298
16,50,212,61,-0.00019782035087700933
16,51,212,146,-0.00025230555911548436
16,52,212,91,1.1724551768566016e-05
16,53,212,181,0.000538602820597589
16,54,212,84,0.0008332750876434147
16,55,212,17,0.0014623139286413789
16,56,212,11,-0.00016325134492944926
16,57,212,72,-0.00021445317543111742
16,58,212,73,1.97382196347462e-05
16,59,212,74,-0.0003102340269833803
16,60,212,184,-0.0002827518619596958
16,61,212,77,-0.00025680026737973094
16,62,212,90,-0.0002705596270971
16,63,212,180,-0.00020855946058873087
16,64,212,85,0.00013097802002448589
16,65,212,16,0.0023219201248139143
16,66,212,12,0.0003125316870864481
16,67,212,38,-0.00010283695883117616
16,68,212,41,-0.00039660633774474263
16,69,212,42,-0.00018367695156484842
16,70,212,96,-6.31985894870013e-05
16,71,212,89,0.0003304086276330054
16,72,212,179,0.00010770862718345597
16,73,212,86,0.00023624958703294396
16,74,212,15,0.0008991764625534415
16,75,212,13,-4.4580563553608954e-05
16,76,212,82,0.00013122307427693158
16,77,212,81,2.9902996629971312e-06
16,78,212,80,-0.00017653162649367005
16,79,212,191,-0.00034055873402394354
16,80,212,78,2.852946454368066e-05
16,81,212,95,-0.0003102644986938685
16,82,212,88,0.0008142006699927151
16,83,212,178,-5.6362849136348814e-05
16,84,212,87,0.00018278624338563532
16,85,212,14,0.0015851367497816682
16,86,212,267,-0.00037338404217734933
16,87,212,269,8.141245052684098e-05
16,88,212,270,4.4467444240581244e-05
16,89,212,409,0.00021296094928402454
16,90,212,291,-3.168130206177011e-05
16,91,212,375,8.36016406537965e-05
16,92,212,321,0.0015231769066303968
16,93,212,405,0.0022850180976092815
16,94,212,314,0.0011971350759267807
16,95,212,302,0.00010026478412328288
16,96,212,303,0.0003323287528473884
16,97,212,304,0.0006173170986585319
16,98,212,408,-0.0002399360091658309
16,99,212,307,0.000432843342423439
16,100,212,320,0.0006207334226928651
16,101,212,404,0.0027376862708479166
16,102,212,315,0.002363167004659772
16,103,212,268,0.00014442260726355016
16,104,212,271,0.000615616503637284
16,105,212,272,0.00011979038390563801
16,106,212,325,0.0008447814034298062
16,107,212,319,0.0012210666900500655
16,108,212,403,0.0015187743119895458
16,109,212,316,0.0023248372599482536
16,110,212,312,-0.00013980457151774317
16,111,212,311,0.0004298027779441327
16,112,212,310,-0.00010906161332968622
16,113,212,415,-0.0002508306934032589
16,114,212,308,-0.00025761345750652254
16,115,212,324,-9.92302448139526e-05
16,116,212,318,0.0010292857186868787
16,117,212,402,0.0009631328284740448
16,118,212,317,0.0012100284220650792
17,18,216,206,-7.196391379693523e-05
17,19,216,203,0.00014884574920870364
17,20,216,207,1.373899431200698e-05
17,21,216,205,1.966113268281333e-05
17,22,216,98,-6.880235741846263e-05
17,23,216,97,-4.0445858758175746e-05
17,24,216,393,0.0008026437717489898
17,25,216,391,0.0008856025524437428
17,26,216,322,3.20232029480394e-05
17,27,216,410,0.00020876337657682598
17,28,216,287,-5.176246486371383e-05
17,29,216,273,0.00046228806604631245
17,30,216,335,0.000464094482595101
17,31,216,406,0.0007702831644564867
17,32,216,313,0.00026612344663590193
17,33,216,421,0.001946184434928
17,34,216,418,0.0006119560566730797
17,35,216,424,-0.00019388768123462796
17,36,216,422,0.0004825763462577015
17,37,216,432,-0.0003752318152692169
17,38,216,436,4.592156255966984e-05
17,39,216,426,-0.00023618116392754018
17,40,216,423,1.1604769497353118e-05
17,41,216,427,-5.1505125156836584e-05
17,42,216,425,-7.284915773198009e-05
17,43,216,327,-0.00022948329569771886
17,44,216,326,-0.00012637642794288695
17,45,216,0,0.0006555066211149096
17,46,216,37,-7.423099305015057e-05
17,47,216,39,-0.0003368237230461091
17,48,216,40,-6.22386287432164e-05
17,49,216,185,-0.0002151915687136352
17,50,216,61,-0.0001591374893905595
17,51,216,146,-0.0002904742432292551
17,52,216,91,4.697345502790995e-05
17,53,216,181,0.00039469069452024996
17,54,216,84,-0.00020944244170095772
17,55,216,17,0.0004982460523024201
17,56,216,11,-0.00026632373919710517
17,57,216,72,0.00015833118231967092
17,58,216,73,-0.00022259121760725975
17,59,216,74,-2.7723312996386085e-06
17,60,216,184,-0.0002096318785334006
17,61,216,77,-0.00019781100854743272
17,62,216,90,0.00031300450791604817
17,63,216,180,0.0006689582951366901
17,64,216,85,0.0011418608482927084
17,65,216,16,0.0013096784241497517
17,66,216,12,0.0003565760562196374
17,67,216,38,-0.0001433304132660851
17,68,216,41,8.623977009847295e-06
17,69,216,42,-0.00019299122504889965
17,70,216,96,-0.00031720774131827056
17,71,216,89,-3.154288788209669e-05
17,72,216,179,0.0010097743943333626
17,73,216,86,0.0006225399556569755
17,74,216,15,0.001545503968372941
17,75,216,13,-0.00022074644220992923
17,76,216,82,0.0003389346820767969
17,77,216,81,0.00044322520261630416
17,78,216,80,-0.00017825249233283103
17,79,216,191,-0.0002009438321692869
17,80,216,78,-0.0002964194572996348
17,81,216,95,0.0004707366169895977
17,82,216,88,0.0007299473509192467
17,83,216,178,0.0007814254495315254
17,84,216,87,0.0002143347664969042
17,85,216,14,0.001924220472574234
17,86,216,267,-1.427574079571059e-05
17,87,216,269,0.0006941586034372449
17,88,216,270,-0.00019443129713181406
17,89,216,409,0.0011701034381985664
17,90,216,291,0.00013220265100244433
17,91,216,375,-0.11150732636451721
17,92,216,321,-0.1262820065021515
17,93,216,405,0.0024329018779098988
17,94,216,314,0.002993389731273055
17,95,216,302,8.844337571645156e-05
17,96,216,303,-0.00023511442122980952
17,97,216,304,0.00015392819477710873
17,98,216,408,0.0007578550139442086
17,99,216,307,-0.00021357389050535858
17,100,216,320,0.0010441411286592484
17,101,216,404,0.0031797406263649464
17,102,216,315,0.002530437195673585
17,103,216,268,0.0003687530697789043
17,104,216,271,0.0008459613309241831
17,105,216,272,-0.0002538937551435083
17,106,216,325,-0.00011496005026856437
17,107,216,319,0.0006203877273947
17,108,216,403,0.002293819095939398
17,109,216,316,0.0024667270481586456
17,110,216,312,0.0008891959441825747
17,111,216,311,-0.00011728342360584065
17,112,216,310,0.0001376677246298641
17,113,216,415,-6.59968861782545e-07
17,114,216,308,-7.620020187459886e-05
17,115,216,324,-0.00017489591846242547
17,116,216,318,0.0006095389253459871
17,117,216,402,0.002407586667686701
17,118,216,317,0.0030930954962968826
18,19,206,203,-8.14490849734284e-05
18,20,206,207,6.389222835423425e-05
18,21,206,205,-0.00013857045269105583
18,22,206,98,-0.00018513909890316427
18,23,206,97,-0.00018774940690491349
18,24,206,393,0.0006092829862609506
18,25,206,391,0.000534522405359894
18,26,206,322,5.736932507716119e-05
18,27,206,410,-0.00023237634741235524
18,28,206,287,0.00030509111820720136
18,29,206,273,0.0003922517644241452
18,30,206,335,0.0009740637033246458
18,31,206,406,2.2875254217069596e-05
18,32,206,313,0.0011544902808964252
18,33,206,421,0.0007845151703804731
18,34,206,418,0.0009214213350787759
18,35,206,424,0.00041469073039479554
18,36,206,422,-0.0001632853236515075
18,37,206,432,-0.0002539294073358178
18,38,206,436,-4.584240377880633e-05
18,39,206,426,0.0002321400970686227
18,40,206,423,0.0005758314509876072
18,41,206,427,7.182255649240687e-05
18,42,206,425,-0.00018210793496109545
18,43,206,327,-0.00025447303778491914
18,44,206,326,0.0005613394896499813
18,45,206,0,0.0008877888321876526
18,46,206,37,-4.18466079281643e-05
18,47,206,39,-0.00018402759451419115
18,48,206,40,1.2403791515680496e-05
18,49,206,185,-3.3738328056642786e-05
18,50,206,61,-0.00023215710825752467
18,51,206,146,-0.00044556299690157175
18,52,206,91,-0.00015839224215596914
18,53,206,181,-4.206124503980391e-05
18,54,206,84,0.000987644656561315
18,55,206,17,0.002038333099335432
18,56,206,11,0.000915740558411926
18,57,206,72,0.00045486362068913877
18,58,206,73,0.0002315596502739936
18,59,206,74,-0.0003720035601872951
18,60,206,184,-0.0004090976726729423
18,61,206,77,-0.00034454194246791303
18,62,206,90,0.00021147419465705752
18,63,206,180,0.0009400949347764254
18,64,206,85,0.0011822122614830732
18,65,206,16,0.0020196728873997927
18,66,206,12,0.0009726369753479958
18,67,206,38,-0.00016707769827917218
18,68,206,41,-0.00015044104657135904
18,69,206,42,-0.0002766677353065461
18,70,206,96,-4.1624873119872063e-05
18,71,206,89,-0.00012308181612752378
18,72,206,179,0.0003027173806913197
18,73,206,86,0.0011279040481895208
18,74,206,15,0.001085692667402327
18,75,206,13,0.0010291243670508265
18,76,206,82,0.000498621491715312
18,77,206,81,0.00020005370606668293
18,78,206,80,0.00023161347780842334
18,79,206,191,-0.0002393534523434937
18,80,206,78,-3.0191575206117705e-05
18,81,206,95,0.00034027427318505943
18,82,206,88,0.0003309662570245564
18,83,206,178,0.000630173075478524
18,84,206,87,0.0007477388717234135
18,85,206,14,0.0037726585287600756
18,86,206,267,0.0004858823958784342
18,87,206,269,0.0006991946720518172
18,88,206,270,-0.0002119360724464059
18,89,206,409,-0.000178975795279257
18,90,206,291,-0.0002692380512598902
18,91,206,375,0.0002906859153881669
18,92,206,321,0.0010348395444452763
18,93,206,405,0.0012490241788327694
18,94,206,314,0.002040501218289137
18,95,206,302,-0.0002678101882338524
18,96,206,303,-0.00029903085669502616
18,97,206,304,0.0006885299226269126
18,98,206,408,0.0005466954316943884
18,99,206,307,-0.0002932306088041514
18,100,206,320,0.0013737333938479424
18,101,206,404,0.0024966844357550144
18,102,206,315,0.0024748798459768295
18,103,206,268,8.802512456895784e-05
18,104,206,271,0.0005457859369926155
18,105,206,272,-5.823551987305109e-07
18,106,206,325,-7.101857136149192e-06
18,107,206,319,0.0007433129940181971
18,108,206,403,0.0036281542852520943
18,109,206,316,0.001829925226047635
18,110,206,312,0.0007354391855187714
18,111,206,311,0.0010326150804758072
18,112,206,310,0.00034910370595753193
18,113,206,415,0.0001977001957129687
18,114,206,308,-4.3035710405092686e-05
18,115,206,324,0.00027259948546998203
18,116,206,318,0.0008059947285801172
18,117,206,402,0.0003188580449204892
18,118,206,317,0.0022820625454187393
19,20,203,207,6.290226883720607e-05
19,21,203,205,-0.0001675844396231696
19,22,203,98,7.5006178121839184e-06
19,23,203,97,5.4916868975851685e-05
19,24,203,393,6.02730051468825e-06
19,25,203,391,0.0009738067747093737
19,26,203,322,0.0005307477549649775
19,27,203,410,-8.467705629300326e-05
19,28,203,287,-0.00015478736895602196
19,29,203,273,-0.00017062202095985413
19,30,203,335,0.0004926069523207843
19,31,203,406,0.001197845209389925
19,32,203,313,0.000628011126536876
19,33,203,421,0.0013855615397915244
19,34,203,418,0.0005381482187658548
19,35,203,424,0.0004124099505133927
19,36,203,422,1.1768112926802132e-05
19,37,203,432,-3.6786099371965975e-05
19,38,203,436,-0.0001997421495616436
19,39,203,426,0.00042706335079856217
19,40,203,423,0.0001264742313651368
19,41,203,427,0.00023125101870391518
19,42,203,425,-0.00014093182107899338
19,43,203,327,-0.00017578885308466852
19,44,203,326,-0.00018316898785997182
19,45,203,0,0.00027882575523108244
19,46,203,37,0.00041367244557477534
19,47,203,39,-0.00017082861450035125
19,48,203,40,-0.00022299615375231951
19,49,203,185,5.164820322534069e-06
19,50,203,61,0.0003681920061353594
19,51,203,146,-0.0005068126483820379
19,52,203,91,-0.00021197812748141587
19,53,203,181,0.000182034753379412
19,54,203,84,0.0009132363484241068
19,55,203,17,0.002410357352346182
19,56,203,11,0.0007457596948370337
19,57,203,72,0.0004531065351329744
19,58,203,73,-0.00013644018326885998
19,59,203,74,-0.0003970233956351876
19,60,203,184,-0.0005047649028711021
19,61,203,77,-4.005323717137799e-05
19,62,203,90,-0.0002480053808540106
19,63,203,180,0.0006625719834119081
19,64,203,85,0.00020916190987918526
19,65,203,16,0.001546338084153831
19,66,203,12,9.70834371400997e-05
19,67,203,38,0.0007268622284755111
19,68,203,41,-0.0002570541691966355
19,69,203,42,-4.950552010996034e-06
19,70,203,96,-0.00034336463431827724
19,71,203,89,0.0003729687014129013
19,72,203,179,0.00022496507153846323
19,73,203,86,0.0001173337732325308
19,74,203,15,0.0020662250462919474
19,75,203,13,0.0007832776755094528
19,76,203,82,0.00012530382082331926
19,77,203,81,-0.00022867030929774046
19,78,203,80,-0.0001980747765628621
19,79,203,191,-0.0003118579916190356
19,80,203,78,8.837065252009779e-05
19,81,203,95,-6.32035153103061e-05
19,82,203,88,-5.099439658806659e-05
19,83,203,178,0.0008504842990078032
19,84,203,87,0.0009998874738812447
19,85,203,14,0.0018966374918818474
19,86,203,267,-0.0002468080201651901
19,87,203,269,0.000782138085924089
19,88,203,270,0.00040296887164004147
19,89,203,409,0.00027097301790490746
19,90,203,291,0.0006648346898145974
19,91,203,375,0.0006683748797513545
19,92,203,321,0.0005231934483163059
19,93,203,405,0.0008473676862195134
19,94,203,314,0.000944840139709413
19,95,203,302,0.0008550806669518352
19,96,203,303,-0.0001007270475383848
19,97,203,304,0.0006591444835066795
19,98,203,408,0.0001963464164873585
19,99,203,307,0.0005573892267420888
19,100,203,320,0.0003588909166865051
19,101,203,404,0.0027757612988352776
19,102,203,315,0.002650444395840168
19,103,203,268,-0.000376583484467119
19,104,203,271,0.000803849718067795
19,105,203,272,-7.390980317723006e-05
19,106,203,325,0.0003578782780095935
19,107,203,319,-0.00012221561337355524
19,108,203,403,0.0020419135689735413
19,109,203,316,0.0017338967882096767
19,110,203,312,-0.0002964424202218652
19,111,203,311,0.0004673794028349221
19,112,203,310,0.0004948887508362532
19,113,203,415,-9.479469736106694e-05
19,114,203,308,-0.00023529486497864127
19,115,203,324,-0.00010856457811314613
19,116,203,318,0.001365371630527079
19,117,203,402,0.001241163583472371
19,118,203,317,0.000679733173456043
20,21,207,205,7.799440936651081e-05
20,22,207,98,-5.155213511898182e-05
20,23,207,97,0.0001523754617664963
20,24,207,393,0.0005577906267717481
20,25,207,391,-6.378148827934638e-05
20,26,207,322,-0.00017345180094707757
20,27,207,410,0.0003642341180238873
20,28,207,287,-0.00021734932670369744
20,29,207,273,0.0005979097913950682
20,30,207,335,-6.656315963482484e-05
20,31,207,406,0.000941702863201499
20,32,207,313,0.00013176877109799534
20,33,207,421,0.0013264644658192992
20,34,207,418,0.0014131373027339578
20,35,207,424,0.0005617123679257929
20,36,207,422,-0.00011993425141554326
20,37,207,432,-7.407709927065298e-05
20,38,207,436,-0.00015973210975062102
20,39,207,426,3.600447962526232e-05
20,40,207,423,-0.00015214832092169672
20,41,207,427,-0.00012125838111387566
20,42,207,425,4.709426502813585e-05
20,43,207,327,-0.00032502005342394114
20,44,207,326,0.000547678442671895
20,45,207,0,0.0009525276254862547
20,46,207,37,0.0005549454945139587
20,47,207,39,-0.00039249015389941633
20,48,207,40,0.00044435865129344165
20,49,207,185,-1.58588336489629e-05
20,50,207,61,8.064200301305391e-06
20,51,207,146,-0.0002559838758315891
20,52,207,91,7.66016382840462e-05
20,53,207,181,0.00034468676312826574
20,54,207,84,0.001029902370646596
20,55,207,17,0.0013565720291808248
20,56,207,11,0.0009780469117686152
20,57,207,72,0.0003907563805114478
20,58,207,73,0.00010458359611220658
20,59,207,74,-0.00016249530017375946
20,60,207,184,-5.053428321843967e-05
20,61,207,77,-0.00023628227063454688
20,62,207,90,-0.0003452134842518717
20,63,207,180,0.0003417328407522291
20,64,207,85,0.0012720237718895078
20,65,207,16,0.0010754375252872705
20,66,207,12,0.0006157156894914806
20,67,207,38,0.0006089099915698171
20,68,207,41,-0.00023703897022642195
20,69,207,42,1.8059821513816132e-06
20,70,207,96,0.00017591260257177055
20,71,207,89,0.0006257557542994618
20,72,207,179,0.00036210441612638533
20,73,207,86,0.0008934391662478447
20,74,207,15,8.69163777679205e-05
20,75,207,13,-0.00024425776791758835
20,76,207,82,-0.00018005628953687847
20,77,207,81,-2.2051897758501582e-05
20,78,207,80,0.0003452943929005414
20,79,207,191,-0.00039025055593810976
20,80,207,78,-0.0004573600890580565
20,81,207,95,0.0004842398047912866
20,82,207,88,0.0008585876785218716
20,83,207,178,0.00029048981377854943
20,84,207,87,0.0013377672294154763
20,85,207,14,0.0010696829995140433
20,86,207,267,0.0007305668550543487
20,87,207,269,0.0005986308096908033
20,88,207,270,0.0011376478942111135
20,89,207,409,0.0008751549758017063
20,90,207,291,-0.00012845199671573937
20,91,207,375,0.00031864806078374386
20,92,207,321,-0.10978872328996658
20,93,207,405,0.0017561130225658417
20,94,207,314,0.0019769298378378153
20,95,207,302,-0.0001531650050310418
20,96,207,303,-7.118691428331658e-06
20,97,207,304,-0.000160563547979109
20,98,207,408,0.00045659171883016825
20,99,207,307,0.00021496847330126911
20,100,207,320,-0.11967974156141281
20,101,207,404,0.001489139162003994
20,102,207,315,0.001169648370705545
20,103,207,268,6.364175351336598e-05
20,104,207,271,-0.00030347166466526687
20,105,207,272,-0.0002517398097552359
20,106,207,325,0.0007899620104581118
20,107,207,319,2.198785477958154e-05
20,108,207,403,0.0020962462294846773
20,109,207,316,0.0012926741037517786
20,110,207,312,0.00014350769924931228
20,111,207,311,-2.3483542463509366e-05
20,112,207,310,0.00013692372885998338
20,113,207,415,0.0003003481833729893
20,114,207,308,0.00014802736404817551
20,115,207,324,-0.0002580451255198568
20,116,207,318,-0.00022437599545810372
20,117,207,402,0.0006727462750859559
20,118,207,317,0.0007102773524820805
21,22,205,98,-0.0002707518870010972
21,23,205,97,-0.00017114711226895452
21,24,205,393,4.764394907397218e-05
21,25,205,391,6.678717909380794e-05
21,26,205,322,-0.0001046888210112229
21,27,205,410,0.00021250740974210203
21,28,205,287,-0.00015589571557939053
21,29,205,273,-0.00029850672581233084
21,30,205,335,0.0015157533343881369
21,31,205,406,0.0007427814998663962
21,32,205,313,0.0005514839431270957
21,33,205,421,0.0007649590843357146
21,34,205,418,6.802249845350161e-05
21,35,205,424,-6.323205161606893e-05
21,36,205,422,0.00044633817742578685
21,37,205,432,0.00014996988466009498
21,38,205,436,0.00030107208294793963
21,39,205,426,-0.00017888691218104213
21,40,205,423,0.0001780282036634162
21,41,205,427,-0.00017481597024016082
21,42,205,425,1.1880640158778988e-05
21,43,205,327,0.00036069145426154137
21,44,205,326,0.0001732447271933779
21,45,205,0,0.00039279082557186484
21,46,205,37,-0.0002026206930167973
21,47,205,39,-0.0001878130278782919
21,48,205,40,-0.00046854402171447873
21,49,205,185,-0.0003684017574414611
21,50,205,61,-0.00032216281397268176
21,51,205,146,-0.00013590769958682358
21,52,205,91,9.147882519755512e-05
21,53,205,181,0.0007165317656472325
21,54,205,84,0.0009785053553059697
21,55,205,17,0.0009210585267283022
21,56,205,11,0.0009573186398483813
21,57,205,72,0.000514372659381479
21,58,205,73,-0.00024399343237746507
21,59,205,74,-0.0002811649756040424
21,60,205,184,-0.00023953097115736455
21,61,205,77,-0.0005408528377301991
21,62,205,90,0.00011962806456722319
21,63,205,180,0.00034148854319937527
21,64,205,85,0.0014422211097553372
21,65,205,16,0.0011326833628118038
21,66,205,12,0.00022511534916702658
21,67,205,38,0.00036793286562897265
21,68,205,41,-0.00014467097935266793
21,69,205,42,-0.0001780136371962726
21,70,205,96,0.00019985678954981267
21,71,205,89,-0.00015654813614673913
21,72,205,179,0.0014508441090583801
21,73,205,86,0.0008001661044545472
21,74,205,15,0.0006686595734208822
21,75,205,13,0.0008184286998584867
21,76,205,82,-0.0001545244303997606
21,77,205,81,0.00016424059867858887
21,78,205,80,-0.00019788533973041922
21,79,205,191,6.35121323284693e-05
21,80,205,78,1.3878636309527792e-05
21,81,205,95,0.00023693028197158128
21,82,205,88,0.0007435219595208764
21,83,205,178,0.0007959401700645685
21,84,205,87,0.0009358447277918458
21,85,205,14,0.00059853820130229
21,86,205,267,0.001039876020513475
21,87,205,269,0.0005802502855658531
21,88,205,270,0.0006247342680580914
21,89,205,409,-0.0002865630085580051
21,90,205,291,-5.917021189816296e-05
21,91,205,375,0.003277538577094674
21,92,205,321,0.000501961971167475
21,93,205,405,0.0014804614474996924
21,94,205,314,0.001049403683282435
21,95,205,302,0.00038338714512065053
21,96,205,303,-0.00022370943042915314
21,97,205,304,0.0008955664234235883
21,98,205,408,0.0008238568552769721
21,99,205,307,0.000175777095137164
21,100,205,320,0.0007654564687982202
21,101,205,404,0.0009063295437954366
21,102,205,315,0.0012862157309427857
21,103,205,268,1.760225131874904e-05
21,104,205,271,0.0006674386677332222
21,105,205,272,9.390189370606095e-05
21,106,205,325,0.0007041943026706576
21,107,205,319,0.0008558770059607923
21,108,205,403,0.0008065880974754691
21,109,205,316,0.001698693260550499
21,110,205,312,-0.00030440601403824985
21,111,205,311,-0.0001456590835005045
21,112,205,310,0.0003074711421504617
21,113,205,415,-0.0003605653764680028
21,114,205,308,4.086284025106579e-05
21,115,205,324,0.0009943214245140553
21,116,205,318,0.0002384486433584243
21,117,205,402,0.000739182869438082
21,118,205,317,0.0016181630780920386
22,23,98,97,7.735816325293854e-05
22,24,98,393,0.00016905412485357374
22,25,98,391,0.0003023314056918025
22,26,98,322,0.0004368983500171453
22,27,98,410,-6.709538865834475e-05
22,28,98,287,-0.00018786973669193685
22,29,98,273,-0.00014118751278147101
22,30,98,335,-7.092585292411968e-05
22,31,98,406,0.000894821307156235
22,32,98,313,0.00016821024473756552
22,33,98,421,-0.00023058074293658137
22,34,98,418,0.001044388161972165
22,35,98,424,0.00018913563690148294
22,36,98,422,-0.00025895441649481654
22,37,98,432,-0.00015960574091877788
22,38,98,436,-0.00013651126937475055
22,39,98,426,0.00024386198492720723
22,40,98,423,-0.00031324991141445935
22,41,98,427,-0.00023009137657936662
22,42,98,425,-4.268070915713906e-05
22,43,98,327,-0.00022784736938774586
22,44,98,326,-0.0001337849535048008
22,45,98,0,0.0003209249989595264
22,46,98,37,-4.84558186144568e-05
22,47,98,39,5.3057152399560437e-05
22,48,98,40,0.0003794109506998211
22,49,98,185,-1.134061130869668e-05
22,50,98,61,-8.29846176202409e-05
22,51,98,146,0.0004574173071887344
22,52,98,91,-0.0001151127798948437
22,53,98,181,-9.88395549939014e-05
22,54,98,84,-0.0003972940903622657
22,55,98,17,0.0006901730666868389
22,56,98,11,0.00026674335822463036
22,57,98,72,0.0001291240332648158
22,58,98,73,-0.0003008964704349637
22,59,98,74,0.00019658452947624028
22,60,98,184,0.00015973267727531493
22,61,98,77,0.0001494858443038538
22,62,98,90,0.00020170740026514977
22,63,98,180,-7.933611414046027e-06
22,64,98,85,-0.00011418502981541678
22,65,98,16,0.0030433954671025276
22,66,98,12,0.00048189537483267486
22,67,98,38,0.00022810464724898338
22,68,98,41,-0.00013789598597213626
22,69,98,42,-3.046010351681616e-05
22,70,98,96,3.428126365179196e-05
22,71,98,89,8.717256423551589e-05
22,72,98,179,0.0001819891476770863
22,73,98,86,-3.159919288009405e-05
22,74,98,15,0.0007745861657895148
22,75,98,13,-0.00016981680528260767
22,76,98,82,6.195004971232265e-05
22,77,98,81,-0.00013277032121550292
22,78,98,80,-3.9979662687983364e-05
22,79,98,191,0.00028122522053308785
22,80,98,78,2.2507068933919072e-05
22,81,98,95,-2.4179336833185516e-05
22,82,98,88,-0.00020370875427033752
22,83,98,178,-0.0003692735335789621
22,84,98,87,7.178044324973598e-05
22,85,98,14,0.0009320061071775854
22,86,98,267,-0.0002753216540440917
22,87,98,269,0.0009348404128104448
22,88,98,270,-0.00016188615700230002
22,89,98,409,0.0004908983828499913
22,90,98,291,0.0006451921653933823
22,91,98,375,0.0007274080417118967
22,92,98,321,0.00010029862460214645
22,93,98,405,0.00045262958155944943
22,94,98,314,0.0006163184880279005
22,95,98,302,0.0009721709066070616
22,96,98,303,4.6885521442163736e-05
22,97,98,304,0.0008314999868161976
22,98,98,408,-0.0002232905972050503
22,99,98,307,-0.0002578616258688271
22,100,98,320,-3.445410038693808e-05
22,101,98,404,0.0007711653015576303
22,102,98,315,0.0005610044463537633
22,103,98,268,0.0005976515240035951
22,104,98,271,0.00047258377890102565
22,105,98,272,0.00010817026486620307
22,106,98,325,-0.00012300335220061243
22,107,98,319,-0.00012985403009224683
22,108,98,403,0.0005622192984446883
22,109,98,316,0.0008152552181854844
22,110,98,312,0.000693814130499959
22,111,98,311,0.0006418861448764801
22,112,98,310,-0.0001379490568069741
22,113,98,415,0.0006349219474941492
22,114,98,308,0.00045123594463802874
22,115,98,324,-5.679724836227251e-06
22,116,98,318,0.0003811296774074435
22,117,98,402,0.0006383914151228964
22,118,98,317,0.0003995733568444848
23,24,97,393,0.0004438936593942344
23,25,97,391,0.0009796065278351307
23,26,97,322,-0.00015402355347760022
23,27,97,410,5.88265793339815e-05
23,28,97,287,0.00023552747734356672
23,29,97,273,0.0008047914016060531
23,30,97,335,0.00020676100393757224
23,31,97,406,-5.819941725349054e-05
23,32,97,313,-0.00019617323414422572
23,33,97,421,-0.00014852553431410342
23,34,97,418,-0.00030426832381635904
23,35,97,424,-2.426314131298568e-05
23,36,97,422,0.0002590760122984648
23,37,97,432,-0.0002288259711349383
23,38,97,436,-0.00014338793698698282
23,39,97,426,-0.00018402919522486627
23,40,97,423,9.383671567775309e-05
23,41,97,427,0.00013205953291617334
23,42,97,425,-9.336687799077481e-05
23,43,97,327,0.00011479594104457647
23,44,97,326,5.705629155272618e-05
23,45,97,0,0.0005764535744674504
23,46,97,37,-3.051213570870459e-05
23,47,97,39,-0.00014689260569866747
23,48,97,40,0.00010072733130073175
23,49,97,185,-0.0001211808412335813
23,50,97,61,0.00011373164306860417
23,51,97,146,0.00023994907678570598
23,52,97,91,3.063040639972314e-05
23,53,97,181,5.4964351875241846e-05
23,54,97,84,-1.3675698028237093e-05
23,55,97,17,0.0004436735762283206
23,56,97,11,0.0006429997156374156
23,57,97,72,6.313861376838759e-05
23,58,97,73,0.00018239987548440695
23,59,97,74,0.00010737614502431825
23,60,97,184,0.0001775082346284762
23,61,97,77,0.0001764894841471687
23,62,97,90,0.00021820828260388225
23,63,97,180,-6.39552526990883e-05
23,64,97,85,0.00013258108810987324
23,65,97,16,-0.00015562657790724188
23,66,97,12,0.0010021773632615805
23,67,97,38,0.000284813140751794
23,68,97,41,0.00016648005112074316
23,69,97,42,-6.7264818426338024e-06
23,70,97,96,0.0004943643580190837
23,71,97,89,0.0002845710259862244
23,72,97,179,-0.0003236350021325052
23,73,97,86,1.267898187506944e-05
23,74,97,15,0.00047119264490902424
23,75,97,13,0.0006658690399490297
23,76,97,82,-2.2700845875078812e-05
23,77,97,81,0.00010165746789425611
23,78,97,80,0.00016951891302596778
23,79,97,191,0.0001528337161289528
23,80,97,78,1.1882129911100492e-05
23,81,97,95,0.00010762530291685835
23,82,97,88,7.524619832111057e-06
23,83,97,178,0.00010972162999678403
23,84,97,87,0.0004113385220989585
23,85,97,14,-0.0001365194475511089
23,86,97,267,-0.00014248568913899362
23,87,97,269,0.0003800559788942337
23,88,97,270,0.0007301127188839018
23,89,97,409,0.0004455980670172721
23,90,97,291,-0.00022766766778659075
23,91,97,375,-0.00011325471859890968
23,92,97,321,0.006886233575642109
23,93,97,405,0.0011577900731936097
23,94,97,314,0.00043113683932460845
23,95,97,302,0.0003339604882057756
23,96,97,303,0.0005330211133696139
23,97,97,304,-0.00023135698575060815
23,98,97,408,2.2950185666559264e-05
23,99,97,307,-0.00011997846740996465
23,100,97,320,-0.00023279355082195252
23,101,97,404,0.0013341907178983092
23,102,97,315,0.0005220255116000772
23,103,97,268,0.0014379771891981363
23,104,97,271,0.000988907995633781
23,105,97,272,0.00028775600367225707
23,106,97,325,-0.00012818262621294707
23,107,97,319,0.001003678422421217
23,108,97,403,0.0012186544481664896
23,109,97,316,0.0005744533846154809
23,110,97,312,0.0002232263213954866
23,111,97,311,0.0010132561437785625
23,112,97,310,0.00038544557173736393
23,113,97,415,0.0005610596272163093
23,114,97,308,0.00014347740216180682
23,115,97,324,0.0002029719325946644
23,116,97,318,0.0001240637357113883
23,117,97,402,0.0001863002107711509
23,118,97,317,0.00022038575843907893
24,25,393,391,0.00010852843115571886
24,26,393,322,7.175353675847873e-05
24,27,393,410,5.0226903113070875e-05
24,28,393,287,-0.00011159476707689464
24,29,393,273,8.402438834309578e-05
24,30,393,335,0.00023293013509828597
24,31,393,406,0.0005178406718187034
24,32,393,313,0.0010523410746827722
24,33,393,421,2.7796902941190638e-05
24,34,393,418,0.00011262581392657012
24,35,393,424,-0.0001445575471734628
24,36,393,422,0.00013618837692774832
24,37,393,432,6.342181677609915e-06
24,38,393,436,0.0003127066884189844
24,39,393,426,4.3578704207902774e-05
24,40,393,423,5.369002974475734e-05
24,41,393,427,0.0003284004924353212
24,42,393,425,0.00023982123821042478
24,43,393,327,6.433271482819691e-05
24,44,393,326,-0.00022029211686458439
24,45,393,0,0.0002230116951977834
24,46,393,37,9.57284210016951e-05
24,47,393,39,0.00038615852827206254
24,48,393,40,-9.731545287650079e-05
24,49,393,185,-2.174381552322302e-05
24,50,393,61,-0.0001183456988655962
24,51,393,146,-0.0001350506499875337
24,52,393,91,9.917168426909484e-06
24,53,393,181,5.202420652494766e-05
24,54,393,84,9.251845040125772e-05
24,55,393,17,-0.0007593978079967201
24,56,393,11,-0.00027881443384103477
24,57,393,72,7.714329694863409e-05
24,58,393,73,-0.00021444467711262405
24,59,393,74,-5.811587470816448e-05
24,60,393,184,-0.00015280023217201233
24,61,393,77,-4.881350832874887e-05
24,62,393,90,5.54372018086724e-05
24,63,393,180,9.545483044348657e-05
24,64,393,85,-0.00013547252456191927
24,65,393,16,-0.0008548101759515703
24,66,393,12,0.00010807439684867859
24,67,393,38,2.0845271137659438e-05
24,68,393,41,-0.0001477025361964479
24,69,393,42,0.00013708893675357103
24,70,393,96,-0.0001856624148786068
24,71,393,89,4.388553134049289e-05
24,72,393,179,0.000181978422915563
24,73,393,86,0.011320708319544792
24,74,393,15,-0.0008529936894774437
24,75,393,13,-1.935683030751534e-06
24,76,393,82,-4.529239231487736e-05
24,77,393,81,4.700827048509382e-05
24,78,393,80,-0.00013893187860958278
24,79,393,191,-2.356103095735307e-06
24,80,393,78,0.00013469993427861482
24,81,393,95,-0.00016442956984974444
24,82,393,88,5.641007373924367e-05
24,83,393,178,0.00028235939680598676
24,84,393,87,0.00015627479297108948
24,85,393,14,-1.991175304283388e-05
24,86,393,267,5.136414984008297e-05
24,87,393,269,-5.751612479798496e-05
24,88,393,270,3.218158599338494e-05
24,89,393,409,-0.00013765000039711595
24,90,393,291,-4.394253483042121e-05
24,91,393,375,-0.00010859758185688406
24,92,393,321,0.007662463467568159
24,93,393,405,3.3490614441689104e-06
24,94,393,314,-0.009430903010070324
24,95,393,302,-9.146808224613778e-06
24,96,393,303,0.00022527042892761528
24,97,393,304,-7.845584332244471e-05
24,98,393,408,-2.5007670046761632e-05
24,99,393,307,-9.26429420360364e-05
24,100,393,320,0.0005882252589799464
24,101,393,404,0.00041460932698100805
24,102,393,315,0.00012005172175122425
24,103,393,268,2.722669023569324e-06
24,104,393,271,-3.2949585147434846e-05
24,105,393,272,-1.9046068700845353e-05
24,106,393,325,0.00019497232278808951
24,107,393,319,7.279939836735139e-06
24,108,393,403,0.001471708295866847
24,109,393,316,-0.00011712332343449816
24,110,393,312,-7.184917922131717e-05
24,111,393,311,5.8109217206947505e-05
24,112,393,310,-4.379992242320441e-05
24,113,393,415,-9.791841875994578e-05
24,114,393,308,-0.00012710939336102456
24,115,393,324,0.0005327591788955033
24,116,393,318,0.0005779429920949042
24,117,393,402,-5.946359669906087e-05
24,118,393,317,-0.00021019465930294245
25,26,391,322,-1.4559334886143915e-05
25,27,391,410,-6.746118742739782e-05
25,28,391,287,5.954543667030521e-05
25,29,391,273,-0.0002007119037443772
25,30,391,335,6.434680472011678e-06
25,31,391,406,-7.465566341124941e-06
25,32,391,313,7.825792272342369e-05
25,33,391,421,-0.00033794203773140907
25,34,391,418,-0.00014486871077679098
25,35,391,424,1.2947783034178428e-05
25,36,391,422,-7.498396007576957e-05
25,37,391,432,0.00013397693692240864
25,38,391,436,0.0001665086456341669
25,39,391,426,0.00016478158067911863
25,40,391,423,0.0001353145344182849
25,41,391,427,-0.00034071941627189517
25,42,391,425,-6.85600025462918e-05
25,43,391,327,-0.00012294713815208524
25,44,391,326,-5.0757036660797894e-05
25,45,391,0,2.6967632948071696e-05
25,46,391,37,-1.1740337868104689e-05
25,47,391,39,4.665279993787408e-05
25,48,391,40,-7.140362868085504e-05
25,49,391,185,-5.7781580835580826e-05
25,50,391,61,-7.076608744682744e-05
25,51,391,146,-0.00017764211224857718
25,52,391,91,0.00019138335483148694
25,53,391,181,0.0001944973337231204
25,54,391,84,-0.0005187381175346673
25,55,391,17,-0.0006104307249188423
25,56,391,11,-3.390528218005784e-05
25,57,391,72,0.000231167723541148
25,58,391,73,-0.00012596900342032313
25,59,391,74,0.00011364553938619792
25,60,391,184,-0.00020591000793501735
25,61,391,77,-7.352936518145725e-05
25,62,391,90,9.06036511878483e-05
25,63,391,180,0.00013747527555096895
25,64,391,85,-0.00016731099458411336
25,65,391,16,-0.0005166124319657683
25,66,391,12,0.00022707373136654496
25,67,391,38,-8.296867599710822e-05
25,68,391,41,0.0001397373271174729
25,69,391,42,-0.00011124759475933388
25,70,391,96,-0.00013831023534294218
25,71,391,89,0.00013819208834320307
25,72,391,179,0.00025359520805068314
25,73,391,86,-0.0009610302513465285
25,74,391,15,0.00011123916920041665
25,75,391,13,6.120881880633533e-05
25,76,391,82,0.00018055463442578912
25,77,391,81,-2.2327718397718854e-05
25,78,391,80,-1.1211485798412468e-05
25,79,391,191,0.00013823277549818158
25,80,391,78,-0.00026216794503852725
25,81,391,95,-7.826378714526072e-05
25,82,391,88,0.00017874452169053257
25,83,391,178,0.00032522063702344894
25,84,391,87,-5.478804814629257e-05
25,85,391,14,0.00025980270584113896
25,86,391,267,5.291895286063664e-05
25,87,391,269,7.143928087316453e-05
25,88,391,270,0.0008368141716346145
25,89,391,409,-0.00023409722780343145
25,90,391,291,-0.0002222073671873659
25,91,391,375,-0.10417577624320984
25,92,391,321,0.0001252626971108839
25,93,391,405,-0.0009047999628819525
25,94,391,314,-0.0004863346111960709
25,95,391,302,2.816573442032677e-06
25,96,391,303,-9.71463305177167e-05
25,97,391,304,-0.00023120710102375597
25,98,391,408,-7.365165947703645e-05
25,99,391,307,0.0005159229622222483
25,100,391,320,-2.8090085834264755e-05
25,101,391,404,-0.00042118190322071314
25,102,391,315,-0.00015582637570332736
25,103,391,268,7.489838753826916e-05
25,104,391,271,7.314896265597781e-06
25,105,391,272,6.370454502757639e-05
25,106,391,325,0.0002325489476788789
25,107,391,319,2.035326360783074e-06
25,108,391,403,-0.0003866831539198756
25,109,391,316,-0.0005848966538906097
25,110,391,312,0.00012629492266569287
25,111,391,311,8.213861292460933e-05
25,112,391,310,-8.895394421415403e-05
25,113,391,415,-0.00015093576803337783
25,114,391,308,6.361343548633158e-05
25,115,391,324,2.911835690611042e-05
25,116,391,318,-0.0007315163384191692
25,117,391,402,-0.0004883931251242757
25,118,391,317,0.0001264576567336917
26,27,322,410,0.00010295047104591504
26,28,322,287,2.2038255337974988e-05
26,29,322,273,-0.00012715398042928427
26,30,322,335,-5.2260631491662934e-05
26,31,322,406,5.015727219870314e-05
26,32,322,313,1.0172918337048031e-05
26,33,322,421,0.00016045475786086172
26,34,322,418,7.449236727552488e-05
26,35,322,424,-1.291174157813657e-05
26,36,322,422,7.197464583441615e-05
26,37,322,432,2.1223662770353258e-05
26,38,322,436,9.306577703682706e-05
26,39,322,426,9.114050772041082e-05
26,40,322,423,-9.151916310656816e-05
26,41,322,427,4.918807462672703e-05
26,42,322,425,9.271887392969802e-05
26,43,322,327,-0.00010421255137771368
26,44,322,326,-1.6721071006031707e-05
26,45,322,0,-0.0001096472842618823
26,46,322,37,-4.9857135309139267e-05
26,47,322,39,3.6260145861888304e-05
26,48,322,40,5.4102394642541185e-05
26,49,322,185,-2.7616128136287443e-05
26,50,322,61,-8.068436000030488e-05
26,51,322,146,7.236834790091962e-06
26,52,322,91,-5.04174386151135e-05
26,53,322,181,0.0002541185822337866
26,54,322,84,-0.00042459179530851543
26,55,322,17,-0.0003521720936987549
26,56,322,11,7.635065412614495e-05
26,57,322,72,0.0002781367802526802
26,58,322,73,1.3682602002518252e-05
26,59,322,74,0.00012747406435664743
26,60,322,184,-0.00024750258307904005
26,61,322,77,0.00017342963838018477
26,62,322,90,-5.970448910375126e-05
26,63,322,180,0.00021265687246341258
26,64,322,85,-1.9437163700786186e-06
26,65,322,16,0.00015260824875440449
26,66,322,12,0.00010264637967338786
26,67,322,38,-3.148697214783169e-05
26,68,322,41,-0.0001013624932966195
26,69,322,42,-6.588584074052051e-05
26,70,322,96,7.029258540569572e-06
26,71,322,89,0.00020951397891622037
26,72,322,179,0.00018560184980742633
26,73,322,86,0.00013004554784856737
26,74,322,15,-8.265329233836383e-05
26,75,322,13,0.00018810824258252978
26,76,322,82,0.0003883308672811836
26,77,322,81,2.64811660599662e-05
26,78,322,80,1.679684646660462e-05
26,79,322,191,-8.192100358428434e-05
26,80,322,78,5.587859050137922e-05
26,81,322,95,5.012215115129948e-05
26,82,322,88,0.0001989338343264535
26,83,322,178,0.0002481639967299998
26,84,322,87,-0.0002572682569734752
26,85,322,14,-7.440440822392702e-05
26,86,322,267,2.0753192075062543e-05
26,87,322,269,-2.341701019759057e-06
26,88,322,270,-0.0003819490084424615
26,89,322,409,0.00013454620784614235
26,90,322,291,-9.665460311225615e-06
26,91,322,375,0.00458569498732686
26,92,322,321,-0.000687107618432492
26,93,322,405,4.284895476303063e-05
26,94,322,314,2.119293640134856e-06
26,95,322,302,2.4289432985824533e-05
26,96,322,303,8.406895358348265e-05
26,97,322,304,8.796015026746318e-05
26,98,322,408,-0.00022478999744635075
26,99,322,307,4.032821016153321e-05
26,100,322,320,-0.0006441301084123552
26,101,322,404,-0.00011504603753564879
26,102,322,315,-5.158374915481545e-05
26,103,322,268,0.00013932364527136087
26,104,322,271,0.00016622443217784166
26,105,322,272,2.8360358555801213e-05
26,106,322,325,-5.1972285291412845e-05
26,107,322,319,-4.7402845666510984e-05
26,108,322,403,9.709270671010017e-05
26,109,322,316,0.0001763283071340993
26,110,322,312,4.191805419395678e-05
26,111,322,311,0.00016454796423204243
26,112,322,310,0.0001127360956161283
26,113,322,415,-4.903399712929968e-06
26,114,322,308,-0.00024379156820941716
26,115,322,324,-1.2726283785013948e-05
26,116,322,318,-0.0005789781571365893
26,117,322,402,0.000148003498907201
26,118,322,317,-0.0007651621126569808
27,28,410,287,-8.540025737602264e-05
27,29,410,273,0.00010888162069022655
27,30,410,335,-0.0002796499175019562
27,31,410,406,-0.0003397311083972454
27,32,410,313,-0.00015329803864005953
27,33,410,421,8.779555355431512e-05
27,34,410,418,-2.632247378642205e-05
27,35,410,424,8.775206515565515e-05
27,36,410,422,-0.00016551815497223288
27,37,410,432,0.00011509835167089477
27,38,410,436,1.410734148521442e-05
27,39,410,426,-5.317169416230172e-05
27,40,410,423,-0.00020348021644167602
27,41,410,427,0.00013211692566983402
27,42,410,425,-0.0003026569029316306
27,43,410,327,-0.00014609756181016564
27,44,410,326,-0.00010846025543287396
27,45,410,0,5.957409302936867e-05
27,46,410,37,9.25417771213688e-05
27,47,410,39,0.00017882874817587435
27,48,410,40,-3.8600632251473144e-05
27,49,410,185,-0.00010192809713771567
27,50,410,61,-7.116093183867633e-05
27,51,410,146,2.2337993868859485e-05
27,52,410,91,0.00019120826618745923
27,53,410,181,0.00016686931485310197
27,54,410,84,8.998905832413584e-05
27,55,410,17,0.00020241171296220273
27,56,410,11,-3.1275565106625436e-06
27,57,410,72,-5.251512266113423e-05
27,58,410,73,0.00010158969962503761
27,59,410,74,-1.4486783584288787e-05
27,60,410,184,-8.666438952786848e-05
27,61,410,77,0.00011529139010235667
27,62,410,90,0.00010467888205312192
27,63,410,180,0.0002615651173982769
27,64,410,85,0.00016764304018579423
27,65,410,16,-0.00045780828804709017
27,66,410,12,8.455068018520251e-05
27,67,410,38,0.0002755415625870228
27,68,410,41,1.296416394325206e-05
27,69,410,42,2.171325104427524e-05
27,70,410,96,-8.935584628488868e-05
27,71,410,89,1.755376797518693e-05
27,72,410,179,0.0003409560304135084
27,73,410,86,0.00022730986529495567
27,74,410,15,-0.0008558398112654686
27,75,410,13,0.0002198873698944226
27,76,410,82,7.147261931095272e-05
27,77,410,81,3.245934203732759e-05
27,78,410,80,0.0002304173249285668
27,79,410,191,-0.00024100007431115955
27,80,410,78,9.30985261220485e-05
27,81,410,95,7.443918730132282e-05
27,82,410,88,-5.581943696597591e-05
27,83,410,178,0.0003181286156177521
27,84,410,87,-3.635470420704223e-05
27,85,410,14,9.159373439615592e-05
27,86,410,267,-3.2927495340118185e-05
27,87,410,269,0.00013787177158519626
27,88,410,270,0.0001427617244189605
27,89,410,409,-4.539431392913684e-05
27,90,410,291,-0.00015981486649252474
27,91,410,375,-0.0003228563582524657
27,92,410,321,-0.0008096700184978545
27,93,410,405,0.00013443120406009257
27,94,410,314,-0.0005637462018057704
27,95,410,302,0.00015328418521676213
27,96,410,303,-0.00012009845522698015
27,97,410,304,5.751633216277696e-05
27,98,410,408,-0.0007191632175818086
27,99,410,307,9.796570520848036e-05
27,100,410,320,-6.997834861977026e-05
27,101,410,404,-0.00034727517049759626
27,102,410,315,-3.161778295179829e-05
27,103,410,268,0.00024069863138720393
27,104,410,271,-2.979273267555982e-05
27,105,410,272,-2.821309317369014e-05
27,106,410,325,-0.0003088698722422123
27,107,410,319,-0.0005874368362128735
27,108,410,403,-0.0003246035776101053
27,109,410,316,-0.000601076171733439
27,110,410,312,4.752364839077927e-05
27,111,410,311,9.298355143982917e-05
27,112,410,310,0.00014561141142621636
27,113,410,415,0.00011449060548329726
27,114,410,308,-8.782497752690688e-05
27,115,410,324,0.00012627177056856453
27,116,410,318,-0.0002760180504992604
27,117,410,402,3.15476099785883e-05
27,118,410,317,0.0001694102684268728
28,29,287,273,3.8323545595631e-05
28,30,287,335,0.0001432141725672409
28,31,287,406,-0.0005167920608073473
28,32,287,313,-8.696671284269542e-05
28,33,287,421,0.00010680831474019215
28,34,287,418,5.574228271143511e-05
28,35,287,424,0.0001800956524675712
28,36,287,422,-0.0002488756726961583
28,37,287,432,-0.00018227467080578208
28,38,287,436,0.0001880073978099972
28,39,287,426,0.00036076459218747914
28,40,287,423,7.05025959177874e-05
28,41,287,427,0.00013395212590694427
28,42,287,425,0.00019491669081617147
28,43,287,327,-0.00020402549125719815
28,44,287,326,0.0002303107175976038
28,45,287,0,0.00023642431187909096
28,46,287,37,0.0002609160146676004
28,47,287,39,5.926164158154279e-05
28,48,287,40,1.8862374417949468e-06
28,49,287,185,-1.846686063800007e-05
28,50,287,61,-6.110499816713855e-05
28,51,287,146,0.00013561775267589837
28,52,287,91,0.000185116907232441
28,53,287,181,0.00023318585590459406
28,54,287,84,-0.0003731056349352002
28,55,287,17,-0.00037382179289124906
28,56,287,11,0.00012697649071924388
28,57,287,72,0.000150465450133197
28,58,287,73,5.043787678005174e-05
28,59,287,74,-6.781834963476285e-05
28,60,287,184,0.0001890720595838502
28,61,287,77,0.00014612810628022999
28,62,287,90,-8.919105312088504e-05
28,63,287,180,9.941871394403279e-05
28,64,287,85,7.417894812533632e-05
28,65,287,16,-0.0009601346682757139
28,66,287,12,0.00035895538167096674
28,67,287,38,-1.3737010704062413e-05
28,68,287,41,0.00010017054592026398
28,69,287,42,-8.475711183564272e-06
28,70,287,96,-5.52500132471323e-05
28,71,287,89,0.00013692854554392397
28,72,287,179,0.000376433483324945
28,73,287,86,0.00014587728946935385
28,74,287,15,-0.0008425387204624712
28,75,287,13,0.0002947811153717339
28,76,287,82,-0.00010683980508474633
28,77,287,81,0.00013288244372233748
28,78,287,80,-3.295059650554322e-05
28,79,287,191,0.0002651586546562612
28,80,287,78,-0.0001242426224052906
28,81,287,95,-8.866520511219278e-05
28,82,287,88,0.00023440140648745
28,83,287,178,0.0004218500107526779
28,84,287,87,0.00012501509627327323
28,85,287,14,-8.375260222237557e-05
28,86,287,267,3.809277041000314e-05
28,87,287,269,0.00021856279636267573
28,88,287,270,1.456232257623924e-05
28,89,287,409,-0.00010146341810468584
28,90,287,291,-8.113317744573578e-05
28,91,287,375,4.956626071361825e-05
28,92,287,321,-0.00026139759575016797
28,93,287,405,3.4299533581361175e-05
28,94,287,314,0.00021662072686012834
28,95,287,302,8.024230191949755e-05
28,96,287,303,0.0001508037094026804
28,97,287,304,0.00015127548249438405
28,98,287,408,-0.00017910309543367475
28,99,287,307,-0.0007929425337351859
28,100,287,320,0.00021099892910569906
28,101,287,404,0.00022554771567229182
28,102,287,315,-0.001028761500492692
28,103,287,268,0.00025814250693656504
28,104,287,271,9.415526437805966e-05
28,105,287,272,9.688622958492488e-05
28,106,287,325,-0.00019042241910938174
28,107,287,319,-6.725724961142987e-05
28,108,287,403,-0.0009637492476031184
28,109,287,316,-0.0006400389829650521
28,110,287,312,-0.0001015774832922034
28,111,287,311,6.422824662877247e-05
28,112,287,310,4.147980143898167e-05
28,113,287,415,-0.00014629044744651765
28,114,287,308,-0.00035765007487498224
28,115,287,324,5.7360477512702346e-05
28,116,287,318,-4.2687815948738717e-07
28,117,287,402,-0.0002976793912239373
28,118,287,317,-0.0003158385516144335
29,30,273,335,3.822528015007265e-05
29,31,273,406,-6.834498344687745e-05
29,32,273,313,5.944494841969572e-05
29,33,273,421,-3.9098926208680496e-05
29,34,273,418,-5.393528408603743e-05
29,35,273,424,8.638537110527977e-05
29,36,273,422,6.171773566165939e-05
29,37,273,432,6.144084909465164e-05
29,38,273,436,0.00019140187941957265
29,39,273,426,1.4089408068684861e-05
29,40,273,423,0.00010810855746967718
29,41,273,427,-2.2738578991265967e-05
29,42,273,425,0.00035859053605236113
29,43,273,327,0.00013170289457775652
29,44,273,326,-5.816499833599664e-05
29,45,273,0,5.0506616389611736e-05
29,46,273,37,1.259734017367009e-05
29,47,273,39,0.00016454304568469524
29,48,273,40,-0.00013006186054553837
29,49,273,185,5.800339931738563e-05
29,50,273,61,-2.6207277187495492e-05
29,51,273,146,1.023355343932053e-05
29,52,273,91,2.7605960895016324e-06
29,53,273,181,0.00015166074445005506
29,54,273,84,-4.9710670282365754e-05
29,55,273,17,0.00034481444163247943
29,56,273,11,-9.326670260634273e-05
29,57,273,72,5.566090112552047e-05
29,58,273,73,5.652340405504219e-05
29,59,273,74,7.00827149557881e-05
29,60,273,184,2.8658072551479563e-05
29,61,273,77,-4.7710855142213404e-05
29,62,273,90,0.0001329084625467658
29,63,273,180,-4.816845103050582e-05
29,64,273,85,0.00024943024618551135
29,65,273,16,-0.00046845825272612274
29,66,273,12,-6.805021257605404e-05
29,67,273,38,4.860390254179947e-05
29,68,273,41,0.00011459014058345929
29,69,273,42,-2.2678055756841786e-05
29,70,273,96,-0.00010394302080385387
29,71,273,89,0.0002171967935282737
29,72,273,179,0.00018680501671042293
29,73,273,86,0.0002475418441463262
29,74,273,15,-0.00039064919110387564
29,75,273,13,5.630274972645566e-05
29,76,273,82,4.0974930016091093e-05
29,77,273,81,-3.825737439910881e-05
29,78,273,80,6.746526923961937e-05
29,79,273,191,7.047803228488192e-05
29,80,273,78,1.3802308785670903e-05
29,81,273,95,-7.698060653638095e-05
29,82,273,88,0.00015259211068041623
29,83,273,178,0.0003034458786714822
29,84,273,87,0.00020531582413241267
29,85,273,14,0.0003780553233809769
29,86,273,267,-9.2526592197828e-05
29,87,273,269,5.591255467152223e-05
29,88,273,270,0.00021069413924124092
29,89,273,409,-0.00019000504107680172
29,90,273,291,-0.00013068165571894497
29,91,273,375,-0.00016892371058929712
29,92,273,321,0.00018586471560411155
29,93,273,405,-0.0004680495767388493
29,94,273,314,8.107093162834644e-05
29,95,273,302,5.64699548704084e-05
29,96,273,303,-3.892120366799645e-05
29,97,273,304,1.7689009837340564e-05
29,98,273,408,-1.9469189282972366e-05
29,99,273,307,5.5000040447339416e-05
29,100,273,320,-0.0005384803516790271
29,101,273,404,0.00010943321831291541
29,102,273,315,-0.000752234598621726
29,103,273,268,0.00022910167172085494
29,104,273,271,-8.105117012746632e-05
29,105,273,272,0.00015386422455776483
29,106,273,325,-0.00012779141252394766
29,107,273,319,-0.00013576423225458711
29,108,273,403,-0.0005510697374120355
29,109,273,316,6.422470323741436e-05
29,110,273,312,-0.0001419191830791533
29,111,273,311,-0.00011452861508587375
29,112,273,310,0.00018042705778498203
29,113,273,415,0.00014963262947276235
29,114,273,308,-4.901668944512494e-05
29,115,273,324,-2.323290209460538e-05
29,116,273,318,-4.131965761189349e-05
29,117,273,402,-0.0005956590757705271
29,118,273,317,-1.9399140001041815e-05
30,31,335,406,-3.479365477687679e-05
30,32,335,313,-3.499258673400618e-05
30,33,335,421,0.0001900018542073667
30,34,335,418,-4.7291701775975525e-05
30,35,335,424,-9.145947842625901e-05
30,36,335,422,0.0002190433588111773
30,37,335,432,-0.00025829559308476746
30,38,335,436,-0.00027443113503977656
30,39,335,426,8.77467100508511e-05
30,40,335,423,-0.00012611468264367431
30,41,335,427,-0.00036180729512125254
30,42,335,425,-0.0001728204224491492
30,43,335,327,-0.00011027479195035994
30,44,335,326,-5.03513656440191e-05
30,45,335,0,-1.5859373888815753e-05
30,46,335,37,-2.7016285457648337e-05
30,47,335,39,0.0003450832737144083
30,48,335,40,-0.00026324059581384063
30,49,335,185,-0.00011133434600196779
30,50,335,61,-9.112965017266106e-06
30,51,335,146,-0.00013899948680773377
30,52,335,91,0.00016752167721278965
30,53,335,181,0.00025351246586069465
30,54,335,84,0.00033906762837432325
30,55,335,17,2.32832371693803e-06
30,56,335,11,-8.983787120087072e-05
30,57,335,72,-0.0001030836720019579
30,58,335,73,0.00040083558997139335
30,59,335,74,-0.00026222169981338084
30,60,335,184,6.881779700051993e-05
30,61,335,77,-6.879163265693933e-05
30,62,335,90,0.00024602963821962476
30,63,335,180,2.6007674023276195e-05
30,64,335,85,0.00010182739788433537
30,65,335,16,0.00027740010409615934
30,66,335,12,0.000249739910941571
30,67,335,38,0.0002862676919903606
30,68,335,41,0.0001206164452014491
30,69,335,42,-1.4959205145714805e-05
30,70,335,96,7.151313911890611e-05
30,71,335,89,-3.1941370252752677e-05
30,72,335,179,0.00010993084288202226
30,73,335,86,9.617009709472768e-06
30,74,335,15,0.00036149582592770457
30,75,335,13,0.0003075858112424612
30,76,335,82,0.00012519284791778773
30,77,335,81,3.556048613972962e-05
30,78,335,80,-7.257347897393629e-05
30,79,335,191,0.00014304085925687104
30,80,335,78,1.8486211047274992e-05
30,81,335,95,-9.500332089373842e-05
30,82,335,88,-8.083053398877382e-05
30,83,335,178,-4.156320937909186e-05
30,84,335,87,-2.3198801500257105e-05
30,85,335,14,0.0002977029944304377
30,86,335,267,-0.00011226087372051552
30,87,335,269,0.000128243220387958
30,88,335,270,0.00017603709420654923
30,89,335,409,4.464189260033891e-06
30,90,335,291,0.000371801492292434
30,91,335,375,0.00031409182702191174
30,92,335,321,0.00024108088109642267
30,93,335,405,-7.178622036008164e-05
30,94,335,314,-0.0002116046380251646
30,95,335,302,0.00011512864875840023
30,96,335,303,-2.0827705156989396e-05
30,97,335,304,4.546768104773946e-05
30,98,335,408,-8.352840086445212e-05
30,99,335,307,0.00014783666119910777
30,100,335,320,-6.569012475665659e-05
30,101,335,404,-0.0005275991861708462
30,102,335,315,-0.0003000590077135712
30,103,335,268,3.09309980366379e-05
30,104,335,271,0.00013559969374909997
30,105,335,272,1.2240896467119455e-05
30,106,335,325,-6.0211619711481035e-05
30,107,335,319,-0.00034614710602909327
30,108,335,403,-4.039831765112467e-05
30,109,335,316,2.2383619580068626e-05
30,110,335,312,-0.00013361538003664464
30,111,335,311,-0.0001319391594734043
30,112,335,310,3.220591679564677e-05
30,113,335,415,-3.3342432288918644e-05
30,114,335,308,0.00014692639524582773
30,115,335,324,8.746077219257131e-05
30,116,335,318,6.800433766329661e-05
30,117,335,402,2.293590659974143e-05
30,118,335,317,0.0002785583783406764
31,32,406,313,6.942230538697913e-05
31,33,406,421,0.00014839964569546282
31,34,406,418,0.00011993839143542573
31,35,406,424,-1.4718516467837617e-05
31,36,406,422,6.778960960218683e-05
31,37,406,432,-6.872252242828836e-07
31,38,406,436,-0.0002957995457109064
31,39,406,426,0.0001346457574982196
31,40,406,423,-0.0003753805940505117
31,41,406,427,0.00013136924826540053
31,42,406,425,9.1131289536861e-07
31,43,406,327,-0.05231616646051407
31,44,406,326,-5.848013097420335e-05
31,45,406,0,1.3612429938802961e-05
31,46,406,37,0.00014024089614395052
31,47,406,39,0.0020341488998383284
31,48,406,40,0.004970824811607599
31,49,406,185,0.00047234035446308553
31,50,406,61,-8.189798973035067e-05
31,51,406,146,-3.1836058042244986e-05
31,52,406,91,-1.1992440704489127e-05
31,53,406,181,3.825931344181299e-05
31,54,406,84,6.513047264888883e-05
31,55,406,17,0.0002396743220742792
31,56,406,11,0.0001225676533067599
31,57,406,72,-3.242269667680375e-05
31,58,406,73,0.00028654979541897774
31,59,406,74,0.0004407169471960515
31,60,406,184,-8.826307748677209e-05
31,61,406,77,-0.0001112572499550879
31,62,406,90,-0.000145423473441042
31,63,406,180,-4.765569610754028e-05
31,64,406,85,0.00021341197134461254
31,65,406,16,0.00018830751650966704
31,66,406,12,3.705590415847837e-06
31,67,406,38,-0.00013165752170607448
31,68,406,41,2.9968641683808528e-05
31,69,406,42,-1.5083265680004843e-05
31,70,406,96,7.658401591470465e-05
31,71,406,89,-3.239903526264243e-05
31,72,406,179,0.00019086489919573069
31,73,406,86,0.00022512195573654026
31,74,406,15,1.6547845007153228e-05
31,75,406,13,-2.2811909730080515e-05
31,76,406,82,-0.00012807607708964497
31,77,406,81,1.8861428543459624e-05
31,78,406,80,-0.00012912630336359143
31,79,406,191,1.250397599505959e-05
31,80,406,78,-6.52667586109601e-05
31,81,406,95,-0.00011776384781114757
31,82,406,88,0.000129619991639629
31,83,406,178,1.6553764226046042e-06
31,84,406,87,9.266474808100611e-05
31,85,406,14,0.0004143217811360955
31,86,406,267,-4.8671296099200845e-05
31,87,406,269,-2.143345045624301e-05
31,88,406,270,-0.00010088059207191691
31,89,406,409,0.00011469234596006572
31,90,406,291,-3.99513119191397e-05
31,91,406,375,0.00022646815341431648
31,92,406,321,-0.00013772865349892527
31,93,406,405,0.00012067256466252729
31,94,406,314,4.5794298785040155e-05
31,95,406,302,-0.00015862066356930882
31,96,406,303,4.924302629660815e-05
31,97,406,304,-4.430473563843407e-05
31,98,406,408,0.00014860632654745132
31,99,406,307,-7.295783143490553e-05
31,100,406,320,-0.00010218005627393723
31,101,406,404,6.0228958318475634e-05
31,102,406,315,0.00010868464596569538
31,103,406,268,0.00013972299348097295
31,104,406,271,4.350359449745156e-05
31,105,406,272,-8.320210326928645e-06
31,106,406,325,-0.0002708842803258449
31,107,406,319,-0.057906102389097214
31,108,406,403,-0.0002443724370095879
31,109,406,316,0.00038824891089461744
31,110,406,312,-0.00017189235950354487
31,111,406,311,8.969932241598144e-05
31,112,406,310,-0.0001216682794620283
31,113,406,415,-5.306420916895149e-06
31,114,406,308,-1.5076054296514485e-05
31,115,406,324,-0.00010251438652630895
31,116,406,318,0.00010746520274551585
31,117,406,402,-2.2260030618781457e-06
31,118,406,317,0.00012173678987892345
32,33,313,421,4.917735714116134e-05
32,34,313,418,-0.00016064003284554929
32,35,313,424,-3.2205363822868094e-05
32,36,313,422,0.00011920512042706832
32,37,313,432,-0.0008635742124170065
32,38,313,436,-0.0007768860086798668
32,39,313,426,-0.00043681307579390705
32,40,313,423,-0.00014460948295891285
32,41,313,427,-0.0002673397830221802
32,42,313,425,0.00010583218681858853
32,43,313,327,-0.00011178133718203753
32,44,313,326,-0.0001546569837955758
32,45,313,0,-0.00017723889322951436
32,46,313,37,3.921515599358827e-05
32,47,313,39,0.0005780240171588957
32,48,313,40,-3.7522717320825905e-05
32,49,313,185,-0.0002495291118975729
32,50,313,61,-0.00023109883477445692
32,51,313,146,-1.1457397704361938e-05
32,52,313,91,-0.0001451349671697244
32,53,313,181,0.0001506195985712111
32,54,313,84,-4.01420438720379e-05
32,55,313,17,7.675804226892069e-05
32,56,313,11,3.284896956756711e-05
32,57,313,72,1.6070127458078787e-05
32,58,313,73,4.891467688139528e-05
32,59,313,74,-7.566100975964218e-05
32,60,313,184,-6.523082993226126e-05
32,61,313,77,-6.115259020589292e-05
32,62,313,90,-2.558395635787747e-06
32,63,313,180,0.00017324993677902967
32,64,313,85,9.593251888873056e-05
32,65,313,16,0.0001866960374172777
32,66,313,12,-9.749093442223966e-05
32,67,313,38,2.2262505808612332e-05
32,68,313,41,-0.0001116789790103212
32,69,313,42,2.0897317881463096e-05
32,70,313,96,0.0001278012787224725
32,71,313,89,3.223921885364689e-05
32,72,313,179,-0.00010929589916486293
32,73,313,86,6.922004104126245e-05
32,74,313,15,-2.189285442000255e-05
32,75,313,13,0.000267691706540063
32,76,313,82,0.00025498573086224496
32,77,313,81,0.00017730658873915672
32,78,313,80,0.0005702467751689255
32,79,313,191,0.0005302228382788599
32,80,313,78,0.00022715273371431977
32,81,313,95,-7.269909838214517e-05
32,82,313,88,-0.0001408743701176718
32,83,313,178,-0.00012499831791501492
32,84,313,87,-4.5595432311529294e-05
32,85,313,14,5.2187129767844453e-05
32,86,313,267,2.966465035569854e-05
32,87,313,269,9.184324881061912e-05
32,88,313,270,0.0001252740912605077
32,89,313,409,5.9151361710974015e-06
32,90,313,291,0.000263971887761727
32,91,313,375,-0.00016262391000054777
32,92,313,321,0.0001272478693863377
32,93,313,405,-9.489303192822263e-05
32,94,313,314,8.00984853412956e-05
32,95,313,302,0.00026369368424639106
32,96,313,303,9.017288539325818e-05
32,97,313,304,9.469009819440544e-05
32,98,313,408,0.0003348531317897141
32,99,313,307,7.448769611073658e-05
32,100,313,320,-0.00010341848246753216
32,101,313,404,0.0006392254144884646
32,102,313,315,0.00015490360965486616
32,103,313,268,0.00018459686543792486
32,104,313,271,1.4351810023072176e-05
32,105,313,272,-4.939989230479114e-05
32,106,313,325,-1.7997441318584606e-05
32,107,313,319,-0.0002557433326728642
32,108,313,403,0.00018719090439844877
32,109,313,316,-4.690796777140349e-05
32,110,313,312,-1.3064105814919458e-06
32,111,313,311,6.836999818915501e-05
32,112,313,310,-0.0003327743906993419
32,113,313,415,8.254269778262824e-05
32,114,313,308,-5.2680919907288626e-05
32,115,313,324,6.509802187792957e-05
32,116,313,318,-2.0532090275082737e-05
32,117,313,402,8.423347753705457e-05
32,118,313,317,6.7867895268136635e-06
33,34,421,418,1.4451512697633007e-06
33,35,421,424,6.80264929542318e-05
33,36,421,422,1.1044445273000747e-05
33,37,421,432,7.496718353650067e-06
33,38,421,436,-0.00011402671225368977
33,39,421,426,-0.0008146452018991113
33,40,421,423,8.694812277099118e-05
33,41,421,427,-0.0011407950660213828
33,42,421,425,-0.00048585771583020687
33,43,421,327,-1.2081874046998564e-05
33,44,421,326,0.00032911926973611116
33,45,421,0,0.0003619493800215423
33,46,421,37,0.000683703226968646
33,47,421,39,-0.00012770808825735003
33,48,421,40,0.0004637138335965574
33,49,421,185,0.00014469849702436477
33,50,421,61,8.342874934896827e-05
33,51,421,146,-9.383834549225867e-05
33,52,421,91,-0.00011888160224771127
33,53,421,181,8.137185068335384e-05
33,54,421,84,5.3367726650321856e-05
33,55,421,17,3.0074566893745214e-05
33,56,421,11,-2.969793285956257e-06
33,57,421,72,0.00020040593517478555
33,58,421,73,-7.3594978857727256e-06
33,59,421,74,0.00014394409663509578
33,60,421,184,1.4636732885264792e-05
33,61,421,77,7.784046465530992e-05
33,62,421,90,1.6059006156865507e-05
33,63,421,180,-0.00019155588233843446
33,64,421,85,0.0004062735824845731
33,65,421,16,0.00010329746146453544
33,66,421,12,7.415233267238364e-05
33,67,421,38,0.00036763143725693226
33,68,421,41,0.0003932639374397695
33,69,421,42,-8.144949970301241e-05
33,70,421,96,-0.00022880033066030592
33,71,421,89,0.02414846234023571
33,72,421,179,-0.00016778366989456117
33,73,421,86,-5.5813929066061974e-05
33,74,421,15,0.00042276462772861123
33,75,421,13,-9.19910307857208e-05
33,76,421,82,0.00013080323697067797
33,77,421,81,-7.445361552527174e-05
33,78,421,80,0.0003376781241968274
33,79,421,191,-0.00016607402358204126
33,80,421,78,0.0004107546410523355
33,81,421,95,0.0001812016125768423
33,82,421,88,0.0063976114615798
33,83,421,178,0.07558703422546387
33,84,421,87,0.00016628782032057643
33,85,421,14,0.028415389358997345
33,86,421,267,0.00019912085554096848
33,87,421,269,-5.959844929748215e-05
33,88,421,270,8.708102541277185e-05
33,89,421,409,4.6366847527679056e-05
33,90,421,291,-8.658500883029774e-05
33,91,421,375,-8.678483573021367e-05
33,92,421,321,-0.014336228370666504
33,93,421,405,-0.015088746324181557
33,94,421,314,-0.00040066978544928133
33,95,421,302,0.00011625161278061569
33,96,421,303,1.5294737750082277e-05
33,97,421,304,-1.6264166333712637e-05
33,98,421,408,-9.203574882121757e-05
33,99,421,307,-0.00018058148270938545
33,100,421,320,-0.00012332834012340754
33,101,421,404,-0.04628857970237732
33,102,421,315,-0.0009398210677318275
33,103,421,268,-0.0001708412019070238
33,104,421,271,3.7121866625966504e-05
33,105,421,272,8.784993042354472e-06
33,106,421,325,-0.0001348255027551204
33,107,421,319,-0.00027815077919512987
33,108,421,403,-0.000117040443001315
33,109,421,316,3.256891795899719e-05
33,110,421,312,-1.3541837688535452e-05
33,111,421,311,6.966568616917357e-05
33,112,421,310,8.126551983878016e-05
33,113,421,415,5.151870209374465e-05
33,114,421,308,-5.2478811994660646e-05
33,115,421,324,-0.00021413894137367606
33,116,421,318,-0.00011808080307673663
33,117,421,402,5.818630597786978e-05
33,118,421,317,-6.794842920498922e-05
34,35,418,424,3.133557038381696e-05
34,36,418,422,-2.5590998120605946e-05
34,37,418,432,0.00015348370652645826
34,38,418,436,4.106451160623692e-05
34,39,418,426,0.00010825283243320882
34,40,418,423,0.00015509678632952273
34,41,418,427,0.00019153767789248377
34,42,418,425,0.00025583620299585164
34,43,418,327,0.0003348577010910958
34,44,418,326,-0.00021659504272975028
34,45,418,0,-8.158991477102973e-06
34,46,418,37,-9.987167868530378e-05
34,47,418,39,-5.6687869800953194e-05
34,48,418,40,8.28350821393542e-05
34,49,418,185,-7.130099402274936e-05
34,50,418,61,3.7857018469367176e-05
34,51,418,146,-5.929102553636767e-05
34,52,418,91,-7.174867641879246e-05
34,53,418,181,-5.9641646657837555e-05
34,54,418,84,5.52133351447992e-05
34,55,418,17,-0.00025490709231235087
34,56,418,11,-5.917961607337929e-05
34,57,418,72,-4.3886586354346946e-05
34,58,418,73,6.4674619352445e-05
34,59,418,74,-0.0001940637012012303
34,60,418,184,0.00010238758841296658
34,61,418,77,1.6004105418687686e-05
34,62,418,90,-5.895858703297563e-05
34,63,418,180,-0.00025520569761283696
34,64,418,85,0.00018445691966917366
34,65,418,16,0.08396824449300766
34,66,418,12,2.037384365394246e-05
34,67,418,38,-0.00010242075222777203
34,68,418,41,5.3973864851286635e-05
34,69,418,42,7.061430369503796e-05
34,70,418,96,-0.0001021089410642162
34,71,418,89,0.010950764641165733
34,72,418,179,0.07627718895673752
34,73,418,86,0.06236831843852997
34,74,418,15,0.07469696551561356
34,75,418,13,7.41593394195661e-05
34,76,418,82,8.383523527299985e-05
34,77,418,81,0.00010568201105343178
34,78,418,80,2.42531987169059e-05
34,79,418,191,-6.057358768885024e-05
34,80,418,78,-7.33603064873023e-06
34,81,418,95,-0.0006731133325956762
34,82,418,88,0.020313823595643044
34,83,418,178,0.03800920024514198
34,84,418,87,0.06971003860235214
34,85,418,14,0.055917803198099136
34,86,418,267,-6.4487849158467725e-06
34,87,418,269,0.00017382319492753595
34,88,418,270,-1.761571184033528e-05
34,89,418,409,-6.746013968950137e-05
34,90,418,291,0.00011439240915933624
34,91,418,375,-1.1456611900939606e-05
34,92,418,321,0.015793802216649055
34,93,418,405,0.02031022496521473
34,94,418,314,0.004980851896107197
34,95,418,302,6.774406938347965e-05
34,96,418,303,0.00011553103831829503
34,97,418,304,0.0004426920204423368
34,98,418,408,-1.805070132832043e-05
34,99,418,307,-0.00019187240104656667
34,100,418,320,0.03470197692513466
34,101,418,404,0.0006812704959884286
34,102,418,315,0.016162823885679245
34,103,418,268,-0.00022911756241228431
34,104,418,271,4.0422142774332315e-05
34,105,418,272,0.0001640710252104327
34,106,418,325,3.614366505644284e-05
34,107,418,319,0.00013836403377354145
34,108,418,403,-0.00013275119999889284
34,109,418,316,-0.0033678424078971148
34,110,418,312,-1.7845195543486625e-05
34,111,418,311,7.737356645520777e-05
34,112,418,310,6.724179547745734e-05
34,113,418,415,-5.5259433793253265e-06
34,114,418,308,6.486233905889094e-05
34,115,418,324,0.0003659581998363137
34,116,418,318,0.00022848542721476406
34,117,418,402,6.809907063143328e-05
34,118,418,317,7.683187141083181e-05
35,36,424,422,-0.00012163405335741118
35,37,424,432,2.6966592486132868e-05
35,38,424,436,-5.082404095446691e-05
35,39,424,426,0.00012468766362871975
35,40,424,423,-0.00015841578715480864
35,41,424,427,-2.711056913540233e-05
35,42,424,425,7.863488281145692e-05
35,43,424,327,4.133107722736895e-05
35,44,424,326,-0.00019190137390978634
35,45,424,0,0.00019770873768720776
35,46,424,37,0.00020797642355319113
35,47,424,39,6.12057265243493e-05
35,48,424,40,0.00016979050997179002
35,49,424,185,-0.00010509089770494029
35,50,424,61,-9.979738024412654e-06
35,51,424,146,5.1115617679897696e-05
35,52,424,91,4.553023973130621e-05
35,53,424,181,0.00038052364834584296
35,54,424,84,0.00021337420912459493
35,55,424,17,0.09134554117918015
35,56,424,11,0.00018209485278930515
35,57,424,72,-2.6153547878493555e-05
35,58,424,73,6.62861712044105e-05
35,59,424,74,-5.032934495829977e-05
35,60,424,184,6.0786460380768403e-05
35,61,424,77,0.0001965702831512317
35,62,424,90,0.00021803229174111038
35,63,424,180,5.487800081027672e-05
35,64,424,85,-4.9693469918565825e-05
35,65,424,16,0.0627075731754303
35,66,424,12,6.25743341515772e-05
35,67,424,38,0.000208845260203816
35,68,424,41,6.716395728290081e-05
35,69,424,42,-1.5062001693877392e-05
35,70,424,96,1.9254548533353955e-05
35,71,424,89,0.0001272340159630403
35,72,424,179,0.00694911228492856
35,73,424,86,0.03545881807804108
35,74,424,15,0.06659906357526779
35,75,424,13,5.009428059565835e-05
35,76,424,82,-8.148892447934486e-06
35,77,424,81,1.4544410987582523e-05
35,78,424,80,2.2242962586460635e-05
35,79,424,191,-9.492169920122251e-05
35,80,424,78,-4.683012593886815e-05
35,81,424,95,-0.00021817795641254634
35,82,424,88,0.005890648812055588
35,83,424,178,0.0035633123479783535
35,84,424,87,0.0005092519568279386
35,85,424,14,0.08009651303291321
35,86,424,267,-4.060014907736331e-05
35,87,424,269,-8.668304508319125e-05
35,88,424,270,-3.321852636872791e-05
35,89,424,409,-0.00014848339196760207
35,90,424,291,0.007682866882532835
35,91,424,375,0.00010251223284285516
35,92,424,321,-0.005521762650460005
35,93,424,405,0.013970082625746727
35,94,424,314,-0.0037541165947914124
35,95,424,302,-1.3494837730831932e-05
35,96,424,303,0.00028703478164970875
35,97,424,304,-0.00015092290414031595
35,98,424,408,0.0001222394494106993
35,99,424,307,-0.00028291609487496316
35,100,424,320,-0.0005308820400387049
35,101,424,404,-0.0007285449537448585
35,102,424,315,-0.0005643806071020663
35,103,424,268,0.00011867048306157812
35,104,424,271,0.00017788413970265538
35,105,424,272,-0.00022493618598673493
35,106,424,325,-0.00028560697683133185
35,107,424,319,-0.00011666912178043276
35,108,424,403,0.00016621971735730767
35,109,424,316,-0.00019432073167990893
35,110,424,312,-0.00011598964920267463
35,111,424,311,-0.00017918211233336478
35,112,424,310,2.018829036387615e-05
35,113,424,415,-5.638075890601613e-06
35,114,424,308,6.46784610580653e-05
35,115,424,324,1.1656123206194025e-05
35,116,424,318,4.9556496378500015e-05
35,117,424,402,6.801725248806179e-05
35,118,424,317,-7.500923675252125e-05
36,37,422,432,4.496619658311829e-05
36,38,422,436,-0.0001125391063396819
36,39,422,426,-0.00020980066619813442
36,40,422,423,-0.00015243452799040824
36,41,422,427,-0.00020428105199243873
36,42,422,425,0.00018277870549354702
36,43,422,327,-0.000129512874991633
36,44,422,326,-0.00010323515743948519
36,45,422,0,7.123495743144304e-05
36,46,422,37,-2.7113017495139502e-05
36,47,422,39,-9.553431300446391e-05
36,48,422,40,-4.6024000766919926e-05
36,49,422,185,3.1430067792825866e-06
36,50,422,61,-8.212819375330582e-05
36,51,422,146,6.841783761046827e-05
36,52,422,91,0.0002680131874512881
36,53,422,181,0.00020355891319923103
36,54,422,84,-0.00012853920634370297
36,55,422,17,0.01181743387132883
36,56,422,11,-7.787076356180478e-06
36,57,422,72,6.884429603815079e-05
36,58,422,73,-5.458344276121352e-06
36,59,422,74,-4.853092832490802e-05
36,60,422,184,-1.2987569789402187e-05
36,61,422,77,6.549946556333452e-05
36,62,422,90,0.00012624161900021136
36,63,422,180,0.0003482956672087312
36,64,422,85,0.00027479036361910403
36,65,422,16,0.11510790884494781
36,66,422,12,0.00025256292428821325
36,67,422,38,0.0002140145079465583
36,68,422,41,-1.9362640159670264e-05
36,69,422,42,-5.536093522096053e-05
36,70,422,96,0.00035198303521610796
36,71,422,89,0.024677257984876633
36,72,422,179,0.0984266996383667
36,73,422,86,-0.0004192485648673028
36,74,422,15,-0.0008475767099298537
36,75,422,13,3.100321191595867e-05
36,76,422,82,-4.076741970493458e-05
36,77,422,81,0.00013720129209104925
36,78,422,80,0.00016656536899972707
36,79,422,191,-4.991613241145387e-05
36,80,422,78,7.071817526593804e-05
36,81,422,95,0.004649878013879061
36,82,422,88,0.034387845546007156
36,83,422,178,0.08941426128149033
36,84,422,87,0.15804612636566162
36,85,422,14,-0.0010219811229035258
36,86,422,267,0.0002486731391400099
36,87,422,269,-0.00033952679950743914
36,88,422,270,-5.333678927854635e-05
36,89,422,409,0.00014582388394046575
36,90,422,291,-0.0005120547721162438
36,91,422,375,0.00013251860218588263
36,92,422,321,0.00022092988365329802
36,93,422,405,0.03661248832941055
36,94,422,314,-0.0011176902335137129
36,95,422,302,0.00018645482487045228
36,96,422,303,6.8319306592457e-05
36,97,422,304,-0.00010230761836282909
36,98,422,408,6.19760321569629e-05
36,99,422,307,-0.000510720768943429
36,100,422,320,-0.00011965867452090606
36,101,422,404,0.029358599334955215
36,102,422,315,-0.001276096561923623
36,103,422,268,0.00017189313075505197
36,104,422,271,-0.00015985635400284082
36,105,422,272,-0.00028582679806277156
36,106,422,325,-0.0011512357741594315
36,107,422,319,-0.00017535945517010987
36,108,422,403,-0.0006239914218895137
36,109,422,316,-0.00031548156403005123
36,110,422,312,-0.00011729502875823528
36,111,422,311,-1.7009102521114983e-05
36,112,422,310,7.895629096310586e-05
36,113,422,415,-0.0005383713869377971
36,114,422,308,-0.00017015599587466568
36,115,422,324,-0.0003433178353589028
36,116,422,318,0.0001320076989941299
36,117,422,402,-8.84597102412954e-05
36,118,422,317,-0.0005784683744423091
37,38,432,436,7.657692913198844e-05
37,39,432,426,-0.00019970419816672802
37,40,432,423,0.00011857286153826863
37,41,432,427,-3.271687455708161e-05
37,42,432,425,1.866423531282635e-06
37,43,432,327,7.863602513680235e-05
37,44,432,326,-1.4680250387755223e-05
37,45,432,0,5.713297287002206e-05
37,46,432,37,-3.1009374652057886e-05
37,47,432,39,9.988922101911157e-06
37,48,432,40,-9.798959945328534e-05
37,49,432,185,0.00012011008220724761
37,50,432,61,1.2762542610289529e-05
37,51,432,146,0.00021014691446907818
37,52,432,91,0.0003133481368422508
37,53,432,181,7.872176502132788e-05
37,54,432,84,-0.00019184242410119623
37,55,432,17,-0.00018700744840316474
37,56,432,11,0.00023744658392388374
37,57,432,72,1.6251613487838767e-05
37,58,432,73,0.0001497788616688922
37,59,432,74,0.0001338487199973315
37,60,432,184,4.950114816892892e-05
37,61,432,77,0.0002644264604896307
37,62,432,90,-1.3538888197217602e-05
37,63,432,180,0.00024517945712432265
37,64,432,85,-9.133580533671193e-06
37,65,432,16,-0.004678474739193916
37,66,432,12,0.00023414190218318254
37,67,432,38,0.00019704470469150692
37,68,432,41,0.00016712999786250293
37,69,432,42,0.00015932554379105568
37,70,432,96,2.656768810993526e-05
37,71,432,89,0.00018553795234765857
37,72,432,179,0.1255614459514618
37,73,432,86,0.10387828946113586
37,74,432,15,-0.0012161291670054197
37,75,432,13,0.00011223963520023972
37,76,432,82,8.6662606918253e-05
37,77,432,81,-2.0480914827203378e-05
37,78,432,80,8.842461829772219e-05
37,79,432,191,0.0001607370504643768
37,80,432,78,-4.181890108156949e-05
37,81,432,95,-2.7707877961802296e-05
37,82,432,88,0.00038413525908254087
37,83,432,178,0.08855927735567093
37,84,432,87,8.705131040187553e-05
37,85,432,14,0.0002627493813633919
37,86,432,267,0.0001304065517615527
37,87,432,269,-0.0005677564768120646
37,88,432,270,-4.616099249687977e-05
37,89,432,409,7.200197433121502e-05
37,90,432,291,1.0331430530641228e-05
37,91,432,375,-7.302049198187888e-05
37,92,432,321,-0.0004623154236469418
37,93,432,405,0.07183266431093216
37,94,432,314,0.00014051777543500066
37,95,432,302,-6.262512761168182e-05
37,96,432,303,-0.00021425004524644464
37,97,432,304,0.00012653792509809136
37,98,432,408,-2.239774403278716e-06
37,99,432,307,-0.0005060285329818726
37,100,432,320,-0.0005940432893112302
37,101,432,404,-0.007083758246153593
37,102,432,315,-0.0009672841988503933
37,103,432,268,0.00025657779769971967
37,104,432,271,0.00010273999942000955
37,105,432,272,-3.915891284123063e-05
37,106,432,325,0.00018237944459542632
37,107,432,319,-0.00024363612465094775
37,108,432,403,9.148062963504344e-05
37,109,432,316,-0.00022738796542398632
37,110,432,312,-0.00014720653416588902
37,111,432,311,-0.0005181868909858167
37,112,432,310,-0.0002295021986356005
37,113,432,415,-0.000447140249889344
37,114,432,308,-0.00011879380326718092
37,115,432,324,-0.00021021690918132663
37,116,432,318,-0.00011254845594521612
37,117,432,402,-4.124917177250609e-05
37,118,432,317,-0.0005206771311350167
38,39,436,426,-0.00015038051060400903
38,40,436,423,-3.170323543599807e-05
38,41,436,427,5.381811206461862e-05
38,42,436,425,8.939013241615612e-06
38,43,436,327,-5.01088252349291e-05
38,44,436,326,1.2330522622505669e-05
38,45,436,0,0.00029848964186385274
38,46,436,37,0.00023522625269833952
38,47,436,39,7.640771218575537e-05
38,48,436,40,-0.00017689923697616905
38,49,436,185,-7.506385009037331e-05
38,50,436,61,-1.453733511880273e-05
38,51,436,146,0.000249755394179374
38,52,436,91,0.0002809943107422441
38,53,436,181,0.00016969649004749954
38,54,436,84,-0.0003570179978851229
38,55,436,17,-0.000940987782087177
38,56,436,11,0.00029631791403517127
38,57,436,72,7.727445336058736e-05
38,58,436,73,4.008003816124983e-05
38,59,436,74,5.1660212193382904e-05
38,60,436,184,-3.0179904570104554e-05
38,61,436,77,-8.342913133674301e-06
38,62,436,90,0.00015961950703058392
38,63,436,180,0.00022374004765879363
38,64,436,85,-1.0222845048701856e-05
38,65,436,16,-5.109357516630553e-05
38,66,436,12,0.00014709537208545953
38,67,436,38,2.4507871785317548e-05
38,68,436,41,0.00015606875240337104
38,69,436,42,0.00024011141795199364
38,70,436,96,0.00017303309869021177
38,71,436,89,5.521558250620728e-06
38,72,436,179,0.0002670050016604364
38,73,436,86,-0.0001693155209068209
38,74,436,15,-0.0011975400848314166
38,75,436,13,0.0003134355938527733
38,76,436,82,0.00013508940173778683
38,77,436,81,0.00010368663060944527
38,78,436,80,4.475379319046624e-05
38,79,436,191,-9.901200246531516e-05
38,80,436,78,4.8549147322773933e-05
38,81,436,95,4.866308518103324e-05
38,82,436,88,0.0001646342279855162
38,83,436,178,0.00016938104818109423
38,84,436,87,-0.0006618581828661263
38,85,436,14,-0.00043415240361355245
38,86,436,267,0.00015267425624188036
38,87,436,269,-0.0005939314723946154
38,88,436,270,-0.000412434950703755
38,89,436,409,3.9078498957678676e-05
38,90,436,291,-0.0005966705502942204
38,91,436,375,-0.0010955523466691375
38,92,436,321,6.315628706943244e-05
38,93,436,405,-0.0010040042689070106
38,94,436,314,-0.0003647370031103492
38,95,436,302,0.00013942239456810057
38,96,436,303,-0.00013680789561476558
38,97,436,304,-0.00019549275748431683
38,98,436,408,-1.3640816177939996e-05
38,99,436,307,-0.00015202155918814242
38,100,436,320,-0.00030414207139983773
38,101,436,404,-1.913033156597521e-05
38,102,436,315,-0.0004483894445002079
38,103,436,268,0.00024878050317056477
38,104,436,271,-5.930287443334237e-06
38,105,436,272,6.678826321149245e-05
38,106,436,325,-0.0006448416388593614
38,107,436,319,-0.0001001936398097314
38,108,436,403,0.0001166357978945598
38,109,436,316,3.00177725875983e-05
38,110,436,312,4.024056397611275e-05
38,111,436,311,-0.0002474396023899317
38,112,436,310,-2.4962149836937897e-05
38,113,436,415,4.925026951241307e-05
38,114,436,308,-0.00045323511585593224
38,115,436,324,1.4752560673514381e-05
38,116,436,318,-0.00013441822375170887
38,117,436,402,-0.00029973656637594104
38,118,436,317,-0.00018797742086462677
39,40,426,423,-6.028616553521715e-05
39,41,426,427,0.00014147264300845563
39,42,426,425,8.998259727377445e-05
39,43,426,327,6.954887794563547e-05
39,44,426,326,-3.621182622737251e-05
39,45,426,0,2.998747913807165e-05
39,46,426,37,-7.985124102560803e-05
39,47,426,39,-0.00026283293846063316
39,48,426,40,-0.00011204704060219228
39,49,426,185,-3.648216079454869e-05
39,50,426,61,0.00016544938262086362
39,51,426,146,4.424901635502465e-05
39,52,426,91,7.96119129518047e-05
39,53,426,181,1.7512697013444267e-05
39,54,426,84,0.0001961009402293712
39,55,426,17,-0.0006568633252754807
39,56,426,11,0.00020082893024664372
39,57,426,72,0.00017343359650112689
39,58,426,73,0.00016394372505601496
39,59,426,74,0.0002018855302594602
39,60,426,184,0.00014980397827457637
39,61,426,77,2.4884378944989294e-05
39,62,426,90,8.66730715642916e-06
39,63,426,180,0.00021680000645574182
39,64,426,85,0.09739101678133011
39,65,426,16,-0.0001520029763923958
39,66,426,12,-0.0002198375150328502
39,67,426,38,0.00012631731806322932
39,68,426,41,0.00020298965682741255
39,69,426,42,-8.638530744065065e-06
39,70,426,96,-7.910859858384356e-05
39,71,426,89,0.0003334500943310559
39,72,426,179,0.00025840243324637413
39,73,426,86,0.08686494082212448
39,74,426,15,-0.0005115746171213686
39,75,426,13,2.1405217921710573e-05
39,76,426,82,0.0002708480169530958
39,77,426,81,0.00014152389485388994
39,78,426,80,8.204697223845869e-05
39,79,426,191,-6.001173096592538e-05
39,80,426,78,0.00010393961565569043
39,81,426,95,0.00025756596005521715
39,82,426,88,0.0002258880704175681
39,83,426,178,0.00013344711624085903
39,84,426,87,-9.49817622313276e-05
39,85,426,14,-0.000584753870498389
39,86,426,267,0.0002719817275647074
39,87,426,269,5.51908124180045e-05
39,88,426,270,-0.00019338485435582697
39,89,426,409,-0.000698438030667603
39,90,426,291,-8.512071872246452e-06
39,91,426,375,0.0001240313722519204
39,92,426,321,-0.001019749790430069
39,93,426,405,9.286058775614947e-05
39,94,426,314,-0.00011912304762518033
39,95,426,302,-9.688833961263299e-05
39,96,426,303,6.751838373020291e-05
39,97,426,304,0.0001475561293773353
39,98,426,408,-0.0010118554346263409
39,99,426,307,-0.0006560166366398335
39,100,426,320,-0.00043660480878315866
39,101,426,404,6.124075298430398e-05
39,102,426,315,-0.00011725342483259737
39,103,426,268,-0.0002800067304633558
39,104,426,271,-6.971540642553009e-06
39,105,426,272,1.2461815458664205e-05
39,106,426,325,-0.00010268380719935521
39,107,426,319,-0.00094508973415941
39,108,426,403,-0.0005642115138471127
39,109,426,316,-0.0002766921534202993
39,110,426,312,7.067050319164991e-05
39,111,426,311,-3.2846710382727906e-05
39,112,426,310,-0.0002620806626509875
39,113,426,415,-0.0004454221925698221
39,114,426,308,7.930349966045469e-05
39,115,426,324,-0.00024228055553976446
39,116,426,318,-0.00043726846342906356
39,117,426,402,0.00012790190521627665
39,118,426,317,-0.0008019461529329419
40,41,423,427,0.00011886482388945296
40,42,423,425,3.467405986157246e-05
40,43,423,327,8.002799586392939e-05
40,44,423,326,0.0001993496553041041
40,45,423,0,0.00023186858743429184
40,46,423,37,5.8397174143465236e-05
40,47,423,39,0.00014757760800421238
40,48,423,40,1.9180459275958128e-05
40,49,423,185,1.188166243082378e-05
40,50,423,61,-8.221065945690498e-05
40,51,423,146,7.819195161573589e-05
40,52,423,91,0.00014448502042796463
40,53,423,181,-0.0004858830652665347
40,54,423,84,1.6644742572680116e-05
40,55,423,17,-0.001200580270960927
40,56,423,11,0.00039111898513510823
40,57,423,72,1.1253426919211051e-06
40,58,423,73,7.033755991869839e-06
40,59,423,74,-7.884630031185225e-05
40,60,423,184,-0.00018985009228345007
40,61,423,77,-7.555558840977028e-05
40,62,423,90,0.00025642075343057513
40,63,423,180,6.820023554610088e-05
40,64,423,85,-0.0005789868300780654
40,65,423,16,-0.0005915832589380443
40,66,423,12,-2.0617651898646727e-05
40,67,423,38,4.438017276697792e-05
40,68,423,41,-0.0001577035873197019
40,69,423,42,1.6454258002340794e-05
40,70,423,96,0.00010171613394049928
40,71,423,89,0.00031510996632277966
40,72,423,179,-0.00019560793589334935
40,73,423,86,-0.000450139312306419
40,74,423,15,-0.001152342651039362
40,75,423,13,0.00023554815561510623
40,76,423,82,0.00025319302221760154
40,77,423,81,-5.180157131690066e-06
40,78,423,80,0.00011660082964226604
40,79,423,191,6.89535154378973e-05
40,80,423,78,1.1543477739905939e-05
40,81,423,95,0.00010034053411800414
40,82,423,88,0.00011577504483284429
40,83,423,178,-0.00020989551558159292
40,84,423,87,-0.00035441279760561883
40,85,423,14,-0.0006782638374716043
40,86,423,267,0.00023214449174702168
40,87,423,269,0.00022022095799911767
40,88,423,270,-0.00013047932588960975
40,89,423,409,-9.001482976600528e-05
40,90,423,291,-6.690872396575287e-05
40,91,423,375,-1.2344744391157292e-05
40,92,423,321,-2.927962486864999e-05
40,93,423,405,-0.00015713194443378597
40,94,423,314,-0.001779384445399046
40,95,423,302,-0.000372341281035915
40,96,423,303,-0.0005053433123975992
40,97,423,304,-0.0003474360564723611
40,98,423,408,-4.234457082930021e-05
40,99,423,307,0.00012661937216762453
40,100,423,320,-0.0007792626274749637
40,101,423,404,-0.0012199531774967909
40,102,423,315,-0.000324190070386976
40,103,423,268,-0.00020729559764731675
40,104,423,271,0.00013683087308891118
40,105,423,272,-1.3369241969485302e-05
40,106,423,325,-0.0004988822038285434
40,107,423,319,-0.00046623978414572775
40,108,423,403,-0.0005445918650366366
40,109,423,316,-0.0008880542009137571
40,110,423,312,0.00019143710960634053
40,111,423,311,-0.00026695095584727824
40,112,423,310,0.00015599565813317895
40,113,423,415,8.520818664692342e-05
40,114,423,308,6.878606654936448e-05
40,115,423,324,-3.2863546948647127e-05
40,116,423,318,-0.00044352898839861155
40,117,423,402,-0.00015090683882590383
40,118,423,317,-0.0008347660186700523
41,42,427,425,-5.269168832455762e-05
41,43,427,327,0.0003224134852644056
41,44,427,326,0.0002582449233159423
41,45,427,0,0.0003069037338718772
41,46,427,37,0.00020908981969114393
41,47,427,39,0.0001233342627529055
41,48,427,40,0.00015596112643834203
41,49,427,185,-0.00010247353930026293
41,50,427,61,-0.00010729335190262645
41,51,427,146,7.874774019001052e-05
41,52,427,91,0.00018711625307332724
41,53,427,181,-0.0003390353231225163
41,54,427,84,-0.0006085072527639568
41,55,427,17,-0.00010877244494622573
41,56,427,11,0.0001322419266216457
41,57,427,72,-7.919419431345887e-07
41,58,427,73,9.108184895012528e-05
41,59,427,74,7.456539606209844e-05
41,60,427,184,-1.1275310498604085e-06
41,61,427,77,0.0001647641765885055
41,62,427,90,0.00032022965024225414
41,63,427,180,9.073535329662263e-05
41,64,427,85,3.586977254599333e-05
41,65,427,16,-0.0003626190882641822
41,66,427,12,5.8670910220826045e-05
41,67,427,38,4.091870505362749e-05
41,68,427,41,7.743931928416714e-05
41,69,427,42,-3.134187136311084e-05
41,70,427,96,0.00017056769866030663
41,71,427,89,0.0001996267237700522
41,72,427,179,0.0003533218114171177
41,73,427,86,-8.18310072645545e-05
41,74,427,15,-0.0009305790299549699
41,75,427,13,0.0001709603820927441
41,76,427,82,0.00040558012551628053
41,77,427,81,-2.8462181944632903e-06
41,78,427,80,0.00012591223639901727
41,79,427,191,2.3452879759133793e-05
41,80,427,78,-3.587390892789699e-05
41,81,427,95,0.00016308427439071238
41,82,427,88,-5.430038072518073e-05
41,83,427,178,-0.00010694522643461823
41,84,427,87,-0.0003191218711435795
41,85,427,14,-0.0006182257202453911
41,86,427,267,0.0001225861196871847
41,87,427,269,-0.0006671799346804619
41,88,427,270,0.0001552405155962333
41,89,427,409,-0.0003830920613836497
41,90,427,291,8.206525671994314e-05
41,91,427,375,-0.0001964906696230173
41,92,427,321,-0.0004904288798570633
41,93,427,405,-0.0008007942815311253
41,94,427,314,-0.00010099922656081617
41,95,427,302,0.00012455218529794365
41,96,427,303,-0.00012005675671389326
41,97,427,304,-3.0832059565000236e-05
41,98,427,408,-0.00033506553154438734
41,99,427,307,-0.00039197562728077173
41,100,427,320,-0.0007190363248810172
41,101,427,404,-0.0003060691524296999
41,102,427,315,-1.1132881809317041e-05
41,103,427,268,1.3707261132367421e-05
41,104,427,271,1.3205305549490731e-05
41,105,427,272,-0.0003553050628397614
41,106,427,325,-1.9923579657188384e-06
41,107,427,319,6.272536120377481e-05
41,108,427,403,-0.0006017681444063783
41,109,427,316,0.00017635103722568601
41,110,427,312,0.00025134760653600097
41,111,427,311,0.000188131132745184
41,112,427,310,-0.0008675376302562654
41,113,427,415,0.00010614765051286668
41,114,427,308,9.520095045445487e-05
41,115,427,324,-0.0007639226387254894
41,116,427,318,0.00029248095233924687
41,117,427,402,-0.0007574973278678954
41,118,427,317,0.00019798986613750458
42,43,425,327,-0.00022748969786334783
42,44,425,326,0.00027506457990966737
42,45,425,0,0.0001284847967326641
42,46,425,37,0.0001313920656684786
42,47,425,39,-2.8979147828067653e-05
42,48,425,40,-1.7976177332457155e-05
42,49,425,185,0.00011652978719212115
42,50,425,61,0.0002013303164858371
42,51,425,146,-3.343560820212588e-05
42,52,425,91,0.0003403878363315016
42,53,425,181,0.00020651081285905093
42,54,425,84,-3.4333068470004946e-05
42,55,425,17,-0.0004347936192061752
42,56,425,11,0.00020149517513345927
42,57,425,72,0.00030839841929264367
42,58,425,73,-5.416227213572711e-05
42,59,425,74,-8.66474729264155e-05
42,60,425,184,0.0002694160211831331
42,61,425,77,1.539774348202627e-05
42,62,425,90,0.00029410087154246867
42,63,425,180,-5.717926978832111e-05
42,64,425,85,-0.0007599586970172822
42,65,425,16,-0.0007411884726025164
42,66,425,12,0.00011397441994631663
42,67,425,38,0.00026570912450551987
42,68,425,41,-3.0443012292380445e-05
42,69,425,42,1.4282218216976617e-05
42,70,425,96,1.033513035508804e-05
42,71,425,89,0.00035648775519803166
42,72,425,179,0.0002094911178573966
42,73,425,86,-0.0001848452811827883
42,74,425,15,0.0002090007474180311
42,75,425,13,-0.00021895756071899086
42,76,425,82,0.00016984234389383346
42,77,425,81,0.000367433181963861
42,78,425,80,0.0002910057664848864
42,79,425,191,0.00011990974599029869
42,80,425,78,4.934288881486282e-06
42,81,425,95,-2.9979688406456262e-05
42,82,425,88,0.0002808001299854368
42,83,425,178,-0.0002745407400652766
42,84,425,87,0.00021520208974834532
42,85,425,14,-0.0001249606575584039
42,86,425,267,-9.251745359506458e-05
42,87,425,269,0.0001568971056258306
42,88,425,270,7.054120214888826e-05
42,89,425,409,-0.000246469076955691
42,90,425,291,-0.00012931684614159167
42,91,425,375,-0.0004322752356529236
42,92,425,321,7.621146505698562e-05
42,93,425,405,-0.00042875451617874205
42,94,425,314,-0.00029275601264089346
42,95,425,302,2.019478961301502e-05
42,96,425,303,-0.00019946863176301122
42,97,425,304,-0.0008428278961218894
42,98,425,408,-0.0013524291571229696
42,99,425,307,-0.0008142304141074419
42,100,425,320,-0.001186458277516067
42,101,425,404,-0.000728351587895304
42,102,425,315,-0.0008184323087334633
42,103,425,268,-0.00044491366134025156
42,104,425,271,-0.0003861284058075398
42,105,425,272,-9.028553904499859e-05
42,106,425,325,-9.994133870350197e-05
42,107,425,319,-0.00045948242768645287
42,108,425,403,-0.0006672624731436372
42,109,425,316,0.00016741901345085353
42,110,425,312,-0.0004059549537487328
42,111,425,311,-0.0001823590137064457
42,112,425,310,-0.00015005662862677127
42,113,425,415,0.00014507214655168355
42,114,425,308,-0.0003618369810283184
42,115,425,324,-0.00046607782132923603
42,116,425,318,0.00013853546988684684
42,117,425,402,-6.661768566118553e-05
42,118,425,317,-0.0006121416809037328
43,44,327,326,-0.000250880082603544
43,45,327,0,-4.4603653805097565e-05
43,46,327,37,0.00013893951836507767
43,47,327,39,0.00021824717987328768
43,48,327,40,0.0001729802752379328
43,49,327,185,0.00016648322343826294
43,50,327,61,-0.00024657961330376565
43,51,327,146,5.880158641957678e-05
43,52,327,91,0.00013204172137193382
43,53,327,181,-0.00015437811089213938
43,54,327,84,-0.00033280416391789913
43,55,327,17,-0.001074923318810761
43,56,327,11,-0.0002214309060946107
43,57,327,72,0.00012642552610486746
43,58,327,73,7.870159606682137e-06
43,59,327,74,7.43780958600837e-07
43,60,327,184,-0.00010187436419073492
43,61,327,77,2.109775050485041e-05
43,62,327,90,0.00023194035748019814
43,63,327,180,0.00012260006042197347
43,64,327,85,-0.0002769573766272515
43,65,327,16,-0.00010087716509588063
43,66,327,12,1.6294545275741257e-05
43,67,327,38,0.00020147679606452584
43,68,327,41,0.00014461464888881892
43,69,327,42,0.0003657941415440291
43,70,327,96,0.00010456356540089473
43,71,327,89,5.790922659798525e-05
43,72,327,179,-0.00021911057410761714
43,73,327,86,-0.00016821629833430052
43,74,327,15,-1.231972510140622e-05
43,75,327,13,-0.0002471172483637929
43,76,327,82,3.7055793654872105e-05
43,77,327,81,0.00017231889069080353
43,78,327,80,0.00014410127187147737
43,79,327,191,-7.429431570926681e-05
43,80,327,78,-0.00013710084022022784
43,81,327,95,0.00014195106632541865
43,82,327,88,0.00017430655134376138
43,83,327,178,0.0002800160145852715
43,84,327,87,-0.000576772028580308
43,85,327,14,-0.0001778251607902348
43,86,327,267,0.00019067974062636495
43,87,327,269,-0.00011136553803225979
43,88,327,270,-8.736121526453644e-05
43,89,327,409,-0.00032379585900343955
43,90,327,291,-3.0872128263581544e-05
43,91,327,375,0.00010798740549944341
43,92,327,321,-0.10174117237329483
43,93,327,405,-3.973938510171138e-05
43,94,327,314,0.00015335013449657708
43,95,327,302,-0.0001725472102407366
43,96,327,303,0.00023747333034407347
43,97,327,304,-0.00013528262206818908
43,98,327,408,1.3101496733725071e-05
43,99,327,307,-0.00020875486370641738
43,100,327,320,-0.032692667096853256
43,101,327,404,1.2531062566267792e-05
43,102,327,315,0.00031209352891892195
43,103,327,268,0.0001779613521648571
43,104,327,271,0.00018427145550958812
43,105,327,272,0.0003419787099119276
43,106,327,325,-0.0001007145838229917
43,107,327,319,0.00038024462992325425
43,108,327,403,-0.0001304570323554799
43,109,327,316,-0.0010340800508856773
43,110,327,312,6.647356349276379e-05
43,111,327,311,5.121090725879185e-05
43,112,327,310,9.394302469445392e-05
43,113,327,415,-2.1464258679770865e-05
43,114,327,308,5.780524224974215e-05
43,115,327,324,-0.00015016310499049723
43,116,327,318,3.425258182687685e-05
43,117,327,402,-0.0009602155187167227
43,118,327,317,0.0001982622197829187
44,45,326,0,0.00019772454106714576
44,46,326,37,-8.3303137216717e-05
44,47,326,39,-2.2876365619595163e-05
44,48,326,40,5.0114249461330473e-05
44,49,326,185,-2.4419752662652172e-05
44,50,326,61,0.00019154891197104007
44,51,326,146,-0.00017219092114828527
44,52,326,91,0.0003210254944860935
44,53,326,181,0.00033679691841825843
44,54,326,84,0.0001117216088459827
44,55,326,17,0.00014651438686996698
44,56,326,11,0.00033599574817344546
44,57,326,72,0.0001797771838027984
44,58,326,73,4.790410821442492e-05
44,59,326,74,-3.492048927000724e-05
44,60,326,184,0.0002737008617259562
44,61,326,77,0.00010727605695137754
44,62,326,90,7.226743036881089e-05
44,63,326,180,-0.00036811697646044195
44,64,326,85,-0.0002867043949663639
44,65,326,16,0.028243793174624443
44,66,326,12,-0.00044778946903534234
44,67,326,38,0.00026659350260160863
44,68,326,41,-3.053012551390566e-05
44,69,326,42,4.1626346501288936e-05
44,70,326,96,-0.0004244524461682886
44,71,326,89,0.0001354302221443504
44,72,326,179,0.0003095522406511009
44,73,326,86,0.0001458548504160717
44,74,326,15,-0.00023896744824014604
44,75,326,13,-0.00017400972137693316
44,76,326,82,2.398852120677475e-05
44,77,326,81,-0.00010328677308280021
44,78,326,80,0.0001405540679115802
44,79,326,191,-2.4107295757858083e-05
44,80,326,78,-2.1348168957047164e-06
44,81,326,95,1.098960274248384e-05
44,82,326,88,0.00039555918192490935
44,83,326,178,6.656504410784692e-05
44,84,326,87,0.00017513961938675493
44,85,326,14,-0.0008547045290470123
44,86,326,267,7.234432814584579e-06
44,87,326,269,0.0005843658000230789
44,88,326,270,0.00011937018280150369
44,89,326,409,-4.0622388041811064e-05
44,90,326,291,-0.0001683735172264278
44,91,326,375,-0.00016477300960104913
44,92,326,321,0.0005486373556777835
44,93,326,405,0.00023934859200380743
44,94,326,314,-0.040095772594213486
44,95,326,302,0.0004609739116858691
44,96,326,303,-0.0001832497218856588
44,97,326,304,-8.248519588960335e-05
44,98,326,408,-0.0001577124057803303
44,99,326,307,8.184674516087398e-05
44,100,326,320,-8.858203727868386e-06
44,101,326,404,-8.832450112095103e-05
44,102,326,315,-0.03770298883318901
44,103,326,268,-0.0005351451691240072
44,104,326,271,-9.601217607269064e-05
44,105,326,272,0.0006033739191479981
44,106,326,325,-0.00014537062088493258
44,107,326,319,0.0003605777455959469
44,108,326,403,0.000989441992715001
44,109,326,316,-0.02571561373770237
44,110,326,312,0.0002238796732854098
44,111,326,311,-7.486826507374644e-05
44,112,326,310,0.0003512483381200582
44,113,326,415,-3.1497314921580255e-05
44,114,326,308,9.150198457064107e-05
44,115,326,324,-7.360481686191633e-05
44,116,326,318,0.00014301792543847114
44,117,326,402,0.0001581406540935859
44,118,326,317,0.00031467349617742
45,46,0,37,-0.00018537412688601762
45,47,0,39,-2.974099334096536e-05
45,48,0,40,0.0007981981034390628
45,49,0,185,-0.00023192788648884743
45,50,0,61,-0.00017769658006727695
45,51,0,146,-1.314904511673376e-05
45,52,0,91,-9.278381185140461e-05
45,53,0,181,0.0002168174833059311
45,54,0,84,0.0001861611963249743
45,55,0,17,0.0005390477017499506
45,56,0,11,-3.791257040575147e-05
45,57,0,72,3.861960976792034e-06
45,58,0,73,0.0002020704123424366
45,59,0,74,0.00031434124684892595
45,60,0,184,0.00024176026636268944
45,61,0,77,-0.00011529480980243534
45,62,0,90,-2.4085140466922894e-05
45,63,0,180,2.7849784601130523e-05
45,64,0,85,-1.8222479411633685e-05
45,65,0,16,8.65523616084829e-05
45,66,0,12,-1.3549093637266196e-05
45,67,0,38,7.830611139070243e-05
45,68,0,41,0.0010142764076590538
45,69,0,42,-0.00022677949164062738
45,70,0,96,0.000186683886568062
45,71,0,89,-3.3067044569179416e-05
45,72,0,179,-1.674986197031103e-05
45,73,0,86,-3.90413697459735e-05
45,74,0,15,0.00013798297732137144
45,75,0,13,-6.8099807322141714e-06
45,76,0,82,0.0006985913496464491
45,77,0,81,0.00028757250402122736
45,78,0,80,0.00020781063358299434
45,79,0,191,-6.34057360002771e-05
45,80,0,78,-5.33425627509132e-05
45,81,0,95,-1.1116750101791695e-05
45,82,0,88,-0.00011156431719427928
45,83,0,178,-0.00012559043534565717
45,84,0,87,-8.911485929274932e-05
45,85,0,14,3.943380215787329e-05
45,86,0,267,-9.808565664570779e-05
45,87,0,269,0.00010142059181816876
45,88,0,270,0.0003172914148308337
45,89,0,409,0.0001906871038954705
45,90,0,291,0.00010800533345900476
45,91,0,375,0.003715784987434745
45,92,0,321,-0.00027386637520976365
45,93,0,405,3.1054234568728134e-05
45,94,0,314,-8.227811122196727e-06
45,95,0,302,-5.093394793220796e-05
45,96,0,303,0.00036460222327150404
45,97,0,304,5.084893564344384e-05
45,98,0,408,0.0001377859734930098
45,99,0,307,5.277017044136301e-05
45,100,0,320,-0.0001278933195862919
45,101,0,404,0.00018004365847446024
45,102,0,315,-7.269062916748226e-05
45,103,0,268,-5.5547585361637175e-05
45,104,0,271,2.5753492082003504e-05
45,105,0,272,-1.4209256733010989e-05
45,106,0,325,4.609061943483539e-05
45,107,0,319,-1.0470567758602556e-05
45,108,0,403,0.00023775201407261193
45,109,0,316,-0.00011256591824349016
45,110,0,312,0.00011142542643938214
45,111,0,311,-6.285369454417378e-05
45,112,0,310,0.00011306444503134117
45,113,0,415,0.00010191086039412767
45,114,0,308,-2.6259142032358795e-05
45,115,0,324,-5.4281172197079286e-05
45,116,0,318,9.644385863794014e-05
45,117,0,402,-8.088116010185331e-05
45,118,0,317,0.00018199760233983397
46,47,37,39,8.3812432421837e-05
46,48,37,40,0.0004339523147791624
46,49,37,185,-0.0001278438576264307
46,50,37,61,3.347369784023613e-05
46,51,37,146,-0.00016579337534494698
46,52,37,91,7.360154268098995e-05
46,53,37,181,0.00019780232105404139
46,54,37,84,2.3427832275046967e-05
46,55,37,17,0.0008019554661586881
46,56,37,11,0.00015097415598575026
46,57,37,72,-3.4941026569867972e-06
46,58,37,73,0.00014063339040149003
46,59,37,74,0.00026601669378578663
46,60,37,184,0.00020541141566354781
46,61,37,77,0.00012426564353518188
46,62,37,90,-7.456316234311089e-05
46,63,37,180,-4.1868534026434645e-05
46,64,37,85,-5.2118703024461865e-05
46,65,37,16,0.005495325196534395
46,66,37,12,0.00039171328535303473
46,67,37,38,-1.619217982806731e-05
46,68,37,41,0.00023212186351884156
46,69,37,42,0.0003112196864094585
46,70,37,96,9.466391202295199e-05
46,71,37,89,-0.00016303521988447756
46,72,37,179,7.91509955888614e-05
46,73,37,86,-0.0001700932189123705
46,74,37,15,0.0006134445429779589
46,75,37,13,0.00017972492787521333
46,76,37,82,-0.0001938807254191488
46,77,37,81,-4.851754056289792e-05
46,78,37,80,-0.00011133544467156753
46,79,37,191,0.00018391551566310227
46,80,37,78,-7.321583689190447e-05
46,81,37,95,-0.00010665076842997223
46,82,37,88,-5.73187462578062e-05
46,83,37,178,-7.113911851774901e-05
46,84,37,87,-0.00017633663082960993
46,85,37,14,-0.0001623642456252128
46,86,37,267,-0.00013804204354528338
46,87,37,269,5.318470812198939e-06
46,88,37,270,-5.0889331760117784e-05
46,89,37,409,0.0001801924518076703
46,90,37,291,1.25545611808775e-05
46,91,37,375,0.00018384262511972338
46,92,37,321,-0.00017552159260958433
46,93,37,405,-8.497523958794773e-05
46,94,37,314,-5.088122998131439e-05
46,95,37,302,0.00025731546338647604
46,96,37,303,-5.2543797210091725e-05
46,97,37,304,0.0004577595100272447
46,98,37,408,0.0001831721019698307
46,99,37,307,-3.783969805226661e-05
46,100,37,320,0.00027836195658892393
46,101,37,404,5.709618562832475e-05
46,102,37,315,0.0006171614513732493
46,103,37,268,-5.443166446639225e-05
46,104,37,271,4.910566349280998e-05
46,105,37,272,4.109095243620686e-06
46,106,37,325,-0.00023550511104986072
46,107,37,319,0.0001769425580278039
46,108,37,403,0.0003877851995639503
46,109,37,316,1.0767147614387795e-05
46,110,37,312,-9.122541086981073e-05
46,111,37,311,5.626379424938932e-05
46,112,37,310,0.0002337494952371344
46,113,37,415,2.377043347223662e-05
46,114,37,308,0.00020745872461702675
46,115,37,324,0.00012626183161046356
46,116,37,318,-8.731754496693611e-05
46,117,37,402,-6.946868234081194e-05
46,118,37,317,-6.265986303333193e-05
47,48,39,40,-0.00011436065688030794
47,49,39,185,-0.0001208424728247337
47,50,39,61,0.00019731484644580632
47,51,39,146,6.746096187271178e-05
47,52,39,91,0.00014993107470218092
47,53,39,181,-0.00022476466256193817
47,54,39,84,0.00011693739361362532
47,55,39,17,0.0026010910514742136
47,56,39,11,0.0004931220901198685
47,57,39,72,0.0003968419332522899
47,58,39,73,7.296200692508137e-06
47,59,39,74,5.390659862314351e-05
47,60,39,184,-1.002236513159005e-05
47,61,39,77,8.738214091863483e-05
47,62,39,90,-0.00012358218373265117
47,63,39,180,0.0005810072761960328
47,64,39,85,0.00033027768949978054
47,65,39,16,0.002080978825688362
47,66,39,12,-0.00010975576151395217
47,67,39,38,-0.00015877364785410464
47,68,39,41,-0.00010513581946725026
47,69,39,42,-8.273994171759114e-05
47,70,39,96,-0.000152426611748524
47,71,39,89,0.00019491682178340852
47,72,39,179,0.0002784674579743296
47,73,39,86,-8.261510083684698e-05
47,74,39,15,0.0013027859386056662
47,75,39,13,-0.00025925927911885083
47,76,39,82,-0.0001666416646912694
47,77,39,81,-9.585137740941718e-05
47,78,39,80,0.00011711702245520428
47,79,39,191,1.676958163443487e-05
47,80,39,78,0.00025472271954640746
47,81,39,95,3.0514825994032435e-05
47,82,39,88,7.21557589713484e-05
47,83,39,178,0.0007256910903379321
47,84,39,87,0.0009617734467610717
47,85,39,14,0.0022772825323045254
47,86,39,267,-0.00020457350183278322
47,87,39,269,-6.910939555382356e-05
47,88,39,270,-6.972596747800708e-05
47,89,39,409,5.888427040190436e-05
47,90,39,291,0.000632595329079777
47,91,39,375,0.0001070402649929747
47,92,39,321,-7.551946328021586e-05
47,93,39,405,-0.0002262582565890625
47,94,39,314,0.0013158834772184491
47,95,39,302,0.0002883340639527887
47,96,39,303,7.074014774843818e-06
47,97,39,304,-9.55930954660289e-05
47,98,39,408,3.974890205427073e-05
47,99,39,307,-2.231275720987469e-05
47,100,39,320,-0.00016714647063054144
47,101,39,404,0.0002665537758730352
47,102,39,315,0.001148979994468391
47,103,39,268,-0.00016056156891863793
47,104,39,271,-2.558287405918236e-06
47,105,39,272,-7.190222822828218e-05
47,106,39,325,2.7722005597752286e-06
47,107,39,319,-0.0002742221113294363
47,108,39,403,0.0006368697504512966
47,109,39,316,0.0009609252447262406
47,110,39,312,0.00047503746463917196
47,111,39,311,-0.0001093116807169281
47,112,39,310,-0.00022680054826196283
47,113,39,415,0.00019907514797523618
47,114,39,308,-4.0060192986857146e-05
47,115,39,324,-7.305904728127643e-05
47,116,39,318,-7.154900231398642e-05
47,117,39,402,0.0007653523935005069
47,118,39,317,0.0007352453540079296
48,49,40,185,-6.84337064740248e-05
48,50,40,61,-9.333606431027874e-05
48,51,40,146,7.545256812591106e-05
48,52,40,91,-0.00012927567877341062
48,53,40,181,0.00045636476716026664
48,54,40,84,0.0006942978943698108
48,55,40,17,0.000635941862128675
48,56,40,11,0.0011853136820718646
48,57,40,72,0.00014544882287736982
48,58,40,73,0.0002662866609171033
48,59,40,74,3.90170025639236e-05
48,60,40,184,5.108341429149732e-05
48,61,40,77,-2.8452497645048425e-05
48,62,40,90,-0.00021553384431172162
48,63,40,180,-8.354103192687035e-05
48,64,40,85,-2.811460399243515e-05
48,65,40,16,0.0004142823163419962
48,66,40,12,0.000405994156608358
48,67,40,38,0.00034572635195218027
48,68,40,41,3.2759609894128516e-05
48,69,40,42,-4.881595668848604e-05
48,70,40,96,1.6766908856880036e-06
48,71,40,89,-8.889650780474767e-05
48,72,40,179,0.0001629297767067328
48,73,40,86,0.002215298591181636
48,74,40,15,0.001463320106267929
48,75,40,13,0.00042375671910122037
48,76,40,82,0.0002334045129828155
48,77,40,81,9.108887752518058e-05
48,78,40,80,-5.0122464017476887e-05
48,79,40,191,-0.00023854167375247926
48,80,40,78,-6.874679820612073e-05
48,81,40,95,-0.0002532452344894409
48,82,40,88,3.582023782655597e-05
48,83,40,178,0.00019478339527267963
48,84,40,87,0.0023256405256688595
48,85,40,14,0.0008052894845604897
48,86,40,267,1.500935286458116e-05
48,87,40,269,-1.8675209503271617e-05
48,88,40,270,-5.25079267390538e-05
48,89,40,409,-1.5843770597712137e-05
48,90,40,291,-4.0473965782439336e-05
48,91,40,375,3.1323390430770814e-05
48,92,40,321,-0.030330611392855644
48,93,40,405,-0.13292916119098663
48,94,40,314,0.0019082744838669896
48,95,40,302,-8.626671478850767e-05
48,96,40,303,-4.593464109348133e-05
48,97,40,304,-0.0002458578092046082
48,98,40,408,3.121174086118117e-05
48,99,40,307,2.0828474589507096e-05
48,100,40,320,2.363256317039486e-05
48,101,40,404,0.0007537080673500896
48,102,40,315,0.002106590662151575
48,103,40,268,0.00014369380369316787
48,104,40,271,-0.0001385396608384326
48,105,40,272,8.371462899958715e-05
48,106,40,325,-0.0001088903663912788
48,107,40,319,-8.342349246959202e-06
48,108,40,403,0.0004949040594510734
48,109,40,316,0.0010862505296245217
48,110,40,312,-0.00020375878375489265
48,111,40,311,0.0002547804906498641
48,112,40,310,0.00014935828221496195
48,113,40,415,-0.00010763631871668622
48,114,40,308,0.0001837513264035806
48,115,40,324,4.749085564981215e-05
48,116,40,318,-8.086156594799832e-05
48,117,40,402,-0.00016408284136559814
48,118,40,317,0.0010747959604486823
49,50,185,61,3.6785386328119785e-05
49,51,185,146,-5.945802072915285e-08
49,52,185,91,-6.854473758721724e-05
49,53,185,181,-3.9644331991439685e-05
49,54,185,84,0.0006909798830747604
49,55,185,17,0.0006146229570731521
49,56,185,11,0.00011051333422074094
49,57,185,72,0.0003621444629970938
49,58,185,73,0.0005459996755234897
49,59,185,74,-6.780640251236036e-05
49,60,185,184,-5.618507202598266e-05
49,61,185,77,0.00027651211712509394
49,62,185,90,1.5018098565633409e-05
49,63,185,180,6.56480115139857e-05
49,64,185,85,0.003586052916944027
49,65,185,16,-0.018956419080495834
49,66,185,12,0.00024372029292862862
49,67,185,38,0.00021715147886425257
49,68,185,41,-0.00016495889576617628
49,69,185,42,0.0001302180899074301
49,70,185,96,-0.00013241682609077543
49,71,185,89,-0.00010550128354225308
49,72,185,179,0.006465563550591469
49,73,185,86,0.002600320614874363
49,74,185,15,0.012919800356030464
49,75,185,13,-5.00636815559119e-05
49,76,185,82,0.0010156177449971437
49,77,185,81,3.509906264298479e-06
49,78,185,80,-0.0001404325885232538
49,79,185,191,-0.00016501541540492326
49,80,185,78,-1.8504988474887796e-05
49,81,185,95,-0.0002236334839835763
49,82,185,88,-0.00021078535064589232
49,83,185,178,0.007826857268810272
49,84,185,87,0.0040806797333061695
49,85,185,14,0.006439755670726299
49,86,185,267,-5.075165972812101e-05
49,87,185,269,-9.258556383429095e-05
49,88,185,270,0.00037420832086354494
49,89,185,409,-7.532903691753745e-05
49,90,185,291,-2.3474345653085038e-05
49,91,185,375,0.00010887005919357762
49,92,185,321,-0.04061514884233475
49,93,185,405,-0.09661226719617844
49,94,185,314,0.0007614390342496336
49,95,185,302,-0.00011016532516805455
49,96,185,303,-0.00015993915440049022
49,97,185,304,-1.7779095287551172e-05
49,98,185,408,0.00021043571177870035
49,99,185,307,-7.150757301133126e-05
49,100,185,320,-0.05504344031214714
49,101,185,404,-0.11464118212461472
49,102,185,315,0.001653832383453846
49,103,185,268,0.0003457310376688838
49,104,185,271,-0.00012669914576690644
49,105,185,272,0.00040392670780420303
49,106,185,325,-0.00019623681146185845
49,107,185,319,-0.00018953370454255491
49,108,185,403,-5.599709038506262e-05
49,109,185,316,0.0004910449497401714
49,110,185,312,4.641179111786187e-05
49,111,185,311,-9.108305675908923e-05
49,112,185,310,-0.00016404663620050997
49,113,185,415,8.362858352484182e-05
49,114,185,308,0.000209984093089588
49,115,185,324,8.552538201911375e-05
49,116,185,318,-2.1084018953843042e-05
49,117,185,402,-8.712241105968133e-05
49,118,185,317,0.0006601489149034023
50,51,61,146,0.00038612651405856013
50,52,61,91,0.00037881650496274233
50,53,61,181,-6.767091690562665e-05
50,54,61,84,0.0005325564998202026
50,55,61,17,-0.04906930401921272
50,56,61,11,-0.00016457399760838598
50,57,61,72,8.51023942232132e-05
50,58,61,73,-9.982050687540323e-05
50,59,61,74,-0.00010966079571517184
50,60,61,184,-0.00015161742339842021
50,61,61,77,9.94894580799155e-05
50,62,61,90,0.00010132516035810113
50,63,61,180,0.0006150539265945554
50,64,61,85,0.0009021543082781136
50,65,61,16,-0.07850267738103867
50,66,61,12,0.00017302205378655344
50,67,61,38,-0.00025450551765970886
50,68,61,41,-0.00013443818897940218
50,69,61,42,-1.5175867702055257e-05
50,70,61,96,2.6303177946829237e-05
50,71,61,89,5.142308509675786e-05
50,72,61,179,0.0005958335823379457
50,73,61,86,0.004876318853348494
50,74,61,15,-0.09205717593431473
50,75,61,13,-0.00013408932136371732
50,76,61,82,4.892455035587773e-05
50,77,61,81,-5.8978996094083413e-05
50,78,61,80,0.00014120835112407804
50,79,61,191,1.6400057575083338e-05
50,80,61,78,-0.00011757580796256661
50,81,61,95,-0.00019630842143669724
50,82,61,88,-2.580228101578541e-05
50,83,61,178,0.0005233064293861389
50,84,61,87,0.0007729336502961814
50,85,61,14,-0.0663805827498436
50,86,61,267,-0.00014104922593105584
50,87,61,269,-5.862878970219754e-05
50,88,61,270,1.8512606402509846e-05
50,89,61,409,-6.251844752114266e-05
50,90,61,291,0.0001123285255744122
50,91,61,375,-0.12937933206558228
50,92,61,321,-0.13747729361057281
50,93,61,405,-2.273067002533935e-05
50,94,61,314,0.0006650544819422066
50,95,61,302,7.975920016178861e-05
50,96,61,303,6.391446368070319e-05
50,97,61,304,0.00024374689382966608
50,98,61,408,-0.00024354241031687707
50,99,61,307,0.0002442861150484532
50,100,61,320,-5.089670139568625e-06
50,101,61,404,0.00018079426081385463
50,102,61,315,-0.083914615213871
50,103,61,268,2.2917507521924563e-05
50,104,61,271,1.6137717466335744e-05
50,105,61,272,-8.627255010651425e-05
50,106,61,325,0.00010388552618678659
50,107,61,319,1.3196290638006758e-05
50,108,61,403,-0.00020011460583191365
50,109,61,316,-8.124200394377112e-05
50,110,61,312,1.861157033999916e-05
50,111,61,311,-0.00010780474258353934
50,112,61,310,0.0004364683700259775
50,113,61,415,0.00014243964687921107
50,114,61,308,-0.00028910470427945256
50,115,61,324,0.00010892924183281139
50,116,61,318,0.00012973637785762548
50,117,61,402,0.0003146327508147806
50,118,61,317,-9.980003233067691e-05
51,52,146,91,4.016664388473146e-05
51,53,146,181,0.0002860379172489047
51,54,146,84,0.005580148659646511
51,55,146,17,0.0006773606291972101
51,56,146,11,-2.589208997960668e-05
51,57,146,72,-6.164568912936375e-05
51,58,146,73,7.386460310954135e-06
51,59,146,74,-0.00013222932466305792
51,60,146,184,-8.971104534793994e-07
51,61,146,77,0.00022563411039300263
51,62,146,90,8.452145993942395e-05
51,63,146,180,0.00035349075915291905
51,64,146,85,0.0004956260090693831
51,65,146,16,0.0016154960030689836
51,66,146,12,-0.00011759728658944368
51,67,146,38,-5.3018040489405394e-05
51,68,146,41,0.00046995189040899277
51,69,146,42,6.519337330246344e-05
51,70,146,96,-1.223391154780984e-05
51,71,146,89,0.00041463712113909423
51,72,146,179,0.0005326851387508214
51,73,146,86,0.0007280930876731873
51,74,146,15,0.002309732139110565
51,75,146,13,-2.600061270641163e-05
51,76,146,82,-7.503609958803281e-05
51,77,146,81,0.00012376331142149866
51,78,146,80,0.00014167001063469797
51,79,146,191,-7.387460209429264e-05
51,80,146,78,0.005674135405570269
51,81,146,95,5.4171796364244074e-05
51,82,146,88,-3.202794323442504e-05
51,83,146,178,0.00038311275420710444
51,84,146,87,0.0003028603387065232
51,85,146,14,6.448292697314173e-05
51,86,146,267,-0.0001074420943041332
51,87,146,269,-0.00023082851839717478
51,88,146,270,-0.00011762449139496312
51,89,146,409,3.7592740227410104e-06
51,90,146,291,-0.00011638848081929609
51,91,146,375,-0.11514344811439514
51,92,146,321,-0.033924948424100876
51,93,146,405,0.00010044821101473644
51,94,146,314,0.0008163648890331388
51,95,146,302,-0.0001077783526852727
51,96,146,303,-5.8149958931608126e-05
51,97,146,304,8.906627772375941e-05
51,98,146,408,0.0001395438885083422
51,99,146,307,-4.0461844037054107e-05
51,100,146,320,-0.0001356580323772505
51,101,146,404,0.0008770418353378773
51,102,146,315,0.0008783961529843509
51,103,146,268,3.859142088913359e-05
51,104,146,271,9.154729195870459e-05
51,105,146,272,0.00012750737369060516
51,106,146,325,0.00010298353299731389
51,107,146,319,-7.835020369384438e-05
51,108,146,403,-0.00013157838839106262
51,109,146,316,0.0009614974842406809
51,110,146,312,-3.639346323325299e-05
51,111,146,311,2.9005192118347622e-05
51,112,146,310,-2.461142503307201e-05
51,113,146,415,8.723132486920804e-05
51,114,146,308,-0.00016866983787622303
51,115,146,324,0.00016007987142074853
51,116,146,318,-8.844638068694621e-05
51,117,146,402,0.0005205721245147288
51,118,146,317,-7.370559615083039e-05
52,53,91,181,0.0002172483946196735
52,54,91,84,0.009122790768742561
52,55,91,17,0.0012882425216957927
52,56,91,11,-4.384308704175055e-05
52,57,91,72,-0.00012872785737272352
52,58,91,73,0.00023487441649194807
52,59,91,74,2.4390186808886938e-05
52,60,91,184,0.0004017207829747349
52,61,91,77,-8.053336205193773e-05
52,62,91,90,-8.642395550850779e-05
52,63,91,180,-0.0001797611766960472
52,64,91,85,0.0003358277608640492
52,65,91,16,0.0016544873360544443
52,66,91,12,6.203972588991746e-05
52,67,91,38,2.3925420464365743e-05
52,68,91,41,6.431760994018987e-05
52,69,91,42,0.00014041703252587467
52,70,91,96,4.79511363664642e-05
52,71,91,89,2.9634114980581217e-05
52,72,91,179,-0.0002307323447894305
52,73,91,86,0.00044975054333917797
52,74,91,15,0.0006740147364325821
52,75,91,13,-3.696999920066446e-05
52,76,91,82,-4.576935316435993e-05
52,77,91,81,0.00017100697732530534
52,78,91,80,0.00015811040066182613
52,79,91,191,-9.63877173489891e-05
52,80,91,78,-0.00021306042617652565
52,81,91,95,-3.174617859258433e-06
52,82,91,88,0.00011641545279417187
52,83,91,178,4.212223211652599e-05
52,84,91,87,-0.00017079907411243767
52,85,91,14,-0.0002009990275837481
52,86,91,267,-1.7470661987317726e-05
52,87,91,269,4.3066971556982026e-05
52,88,91,270,-0.00012882686860393733
52,89,91,409,-0.0001489853602834046
52,90,91,291,0.0003484840563032776
52,91,91,375,0.00011986908066319302
52,92,91,321,0.00014259364979807287
52,93,91,405,-7.802053733030334e-05
52,94,91,314,0.0009330268949270248
52,95,91,302,9.50420435401611e-05
52,96,91,303,8.256686123786494e-05
52,97,91,304,0.00020543436403386295
52,98,91,408,0.00010245574230793864
52,99,91,307,0.00013661361299455166
52,100,91,320,-2.973766459035687e-05
52,101,91,404,-2.4159671738743782e-05
52,102,91,315,0.0006005478790029883
52,103,91,268,7.580444071209058e-05
52,104,91,271,-0.0001114631158998236
52,105,91,272,2.2539861674886197e-05
52,106,91,325,0.00016403710469603539
52,107,91,319,-0.00023896865604911
52,108,91,403,1.6769137801020406e-05
52,109,91,316,-0.00018584613280836493
52,110,91,312,-0.00012060166045557708
52,111,91,311,-0.0003398577100597322
52,112,91,310,-0.000221222173422575
52,113,91,415,0.0001883803342934698
52,114,91,308,-0.00011396669287933037
52,115,91,324,0.0001833921851357445
52,116,91,318,-1.9149107174598612e-05
52,117,91,402,-1.6902269635465927e-05
52,118,91,317,0.00016106579278130084
53,54,181,84,-0.00019415421411395073
53,55,181,17,-0.00017313516582362354
53,56,181,11,7.266650209203362e-05
53,57,181,72,5.605801197816618e-05
53,58,181,73,1.937540218932554e-05
53,59,181,74,0.0005960284033790231
53,60,181,184,0.000374628696590662
53,61,181,77,0.0003482008178252727
53,62,181,90,-7.569351146230474e-05
53,63,181,180,0.00021394914074335247
53,64,181,85,-0.00013422159827314317
53,65,181,16,-0.0001230192428920418
53,66,181,12,8.599989814683795e-05
53,67,181,38,0.00024276792828459293
53,68,181,41,0.00011803126108134165
53,69,181,42,0.0009757760562933981
53,70,181,96,-2.297904939041473e-05
53,71,181,89,-0.00015053263632580638
53,72,181,179,-8.32590667414479e-05
53,73,181,86,-1.630280530662276e-05
53,74,181,15,0.00017626458429731429
53,75,181,13,-6.991488044150174e-05
53,76,181,82,0.00015636715397704393
53,77,181,81,4.5828648580936715e-05
53,78,181,80,-0.00021405782899819314
53,79,181,191,-6.472171662608162e-05
53,80,181,78,0.00019741166033782065
53,81,181,95,-0.00012141255137976259
53,82,181,88,-6.367336754919961e-05
53,83,181,178,6.280651723500341e-05
53,84,181,87,3.0623734346590936e-05
53,85,181,14,0.00018987779913004488
53,86,181,267,0.00010712816583691165
53,87,181,269,-0.00011095692752860487
53,88,181,270,6.747546285623685e-05
53,89,181,409,0.0001183970962301828
53,90,181,291,9.744824637891725e-05
53,91,181,375,0.00043842109153047204
53,92,181,321,0.0001745433110045269
53,93,181,405,-0.00015032269584480673
53,94,181,314,0.000848817580845207
53,95,181,302,9.987736848415807e-05
53,96,181,303,2.058796599158086e-05
53,97,181,304,0.00019953092851210386
53,98,181,408,-5.9661335399141535e-05
53,99,181,307,0.0006654224125668406
53,100,181,320,-9.913525718729943e-05
53,101,181,404,0.00011709421232808381
53,102,181,315,0.0006449575303122401
53,103,181,268,-0.00013145231059752405
53,104,181,271,-5.3748026402899995e-05
53,105,181,272,0.00026236928533762693
53,106,181,325,-0.0001296013651881367
53,107,181,319,-0.0002390667941654101
53,108,181,403,1.1525228728714865e-05
53,109,181,316,0.000369673507520929
53,110,181,312,-5.136399340699427e-05
53,111,181,311,-0.00017146648315247148
53,112,181,310,0.00019050255650654435
53,113,181,415,-3.581373312044889e-05
53,114,181,308,0.00040994188748300076
53,115,181,324,-0.0004108930879738182
53,116,181,318,0.0002603057655505836
53,117,181,402,-0.00013356105773709714
53,118,181,317,-6.911896343808621e-05
54,55,84,17,-0.00015256735787261277
54,56,84,11,0.00017526147712487727
54,57,84,72,-4.283183807274327e-05
54,58,84,73,0.0010439635952934623
54,59,84,74,0.0006135184084996581
54,60,84,184,0.0008803979144431651
54,61,84,77,3.5047237361141015e-06
54,62,84,90,-0.00011810696014435962
54,63,84,180,0.00032949441811069846
54,64,84,85,5.042750490247272e-05
54,65,84,16,-7.817512232577428e-05
54,66,84,12,-5.43152418686077e-05
54,67,84,38,0.00018960642046295106
54,68,84,41,0.0002560074790380895
54,69,84,42,-0.0001789425004972145
54,70,84,96,-6.785568257328123e-05
54,71,84,89,0.0007397545850835741
54,72,84,179,-6.898871652083471e-05
54,73,84,86,0.00014315337466541678
54,74,84,15,-0.00014255907444749027
54,75,84,13,0.00014478954835794866
54,76,84,82,-0.0005003847763873637
54,77,84,81,0.0004690148925874382
54,78,84,80,0.00032609220943413675
54,79,84,191,0.0004214973596390337
54,80,84,78,0.0003812415525317192
54,81,84,95,0.00028179740183986723
54,82,84,88,0.0003143923240713775
54,83,84,178,-0.0001499215723015368
54,84,84,87,0.00011608134809648618
54,85,84,14,-0.0001752968819346279
54,86,84,267,-0.0003337265516165644
54,87,84,269,-4.7975604502425995e-06
54,88,84,270,0.0002612715179566294
54,89,84,409,0.0003198211488779634
54,90,84,291,-2.2598617022140388e-07
54,91,84,375,0.0001712633529677987
54,92,84,321,-2.7716336262528785e-05
54,93,84,405,-0.0002201848546974361
54,94,84,314,-0.00015042617451399565
54,95,84,302,8.756615716265514e-05
54,96,84,303,0.00023632330703549087
54,97,84,304,-7.566952990600839e-05
54,98,84,408,0.00033816261566244066
54,99,84,307,0.0003486385685391724
54,100,84,320,0.00025011118850670755
54,101,84,404,1.3586761269834824e-05
54,102,84,315,0.0005069047911092639
54,103,84,268,4.5858032535761595e-05
54,104,84,271,0.00013540542568080127
54,105,84,272,-0.00033343714312650263
54,106,84,325,4.084799002157524e-05
54,107,84,319,0.0002643128391355276
54,108,84,403,1.8782760889735073e-05
54,109,84,316,3.661177106550895e-05
54,110,84,312,-3.574993752408773e-05
54,111,84,311,0.00017629386275075376
54,112,84,310,0.0002837826032191515
54,113,84,415,0.0003845543251372874
54,114,84,308,4.256129977875389e-05
54,115,84,324,3.5722091524803545e-06
54,116,84,318,0.0002576372935436666
54,117,84,402,2.7191679691895843e-05
54,118,84,317,7.890317647252232e-05
55,56,17,11,0.00021567411022260785
55,57,17,72,0.0017838218482211232
55,58,17,73,0.0014293062267825007
55,59,17,74,0.0004956526681780815
55,60,17,184,0.0006491707172244787
55,61,17,77,0.00038160968688316643
55,62,17,90,0.0004849513352382928
55,63,17,180,-0.00014229958469513804
55,64,17,85,-0.0002478988317307085
55,65,17,16,0.00039574489346705377
55,66,17,12,-0.0002147810737369582
55,67,17,38,0.000962796329986304
55,68,17,41,0.003890681080520153
55,69,17,42,0.0005546635948121548
55,70,17,96,5.670590326189995e-05
55,71,17,89,0.0011379544157534838
55,72,17,179,0.0003592149296309799
55,73,17,86,-8.430512025370263e-06
55,74,17,15,7.529075082857162e-05
55,75,17,13,4.567372161545791e-05
55,76,17,82,-3.0476870961138047e-05
55,77,17,81,0.000986409722827375
55,78,17,80,0.0006042719469405711
55,79,17,191,0.0007807625806890428
55,80,17,78,2.287864663230721e-05
55,81,17,95,0.0004911501309834421
55,82,17,88,0.0004598567611537874
55,83,17,178,9.088263323064893e-05
55,84,17,87,0.00015481028822250664
55,85,17,14,0.00016974177560769022
55,86,17,267,-0.00020356470486149192
55,87,17,269,0.00011874591291416436
55,88,17,270,0.00023482782125938684
55,89,17,409,-0.00028791296062991023
55,90,17,291,-2.999208663823083e-05
55,91,17,375,0.00015863770386204123
55,92,17,321,0.00011592881492106244
55,93,17,405,0.00017221855523530394
55,94,17,314,-0.00024149607634171844
55,95,17,302,-0.0001356469583697617
55,96,17,303,0.00011696138244587928
55,97,17,304,-0.0005424508708529174
55,98,17,408,-0.00046945878420956433
55,99,17,307,0.00025749296764843166
55,100,17,320,9.990639227908105e-05
55,101,17,404,-3.858370837406255e-05
55,102,17,315,6.695002230117097e-05
55,103,17,268,8.137756231008098e-05
55,104,17,271,-9.086663339985535e-05
55,105,17,272,-0.0005372132291086018
55,106,17,325,0.00023032858734950423
55,107,17,319,8.445983257843181e-05
55,108,17,403,0.00014084676513448358
55,109,17,316,-0.00015998684102669358
55,110,17,312,-0.0005745306261815131
55,111,17,311,0.00028787017799913883
55,112,17,310,-0.00031924014911055565
55,113,17,415,-6.980719626881182e-05
55,114,17,308,-0.00019730902567971498
55,115,17,324,0.00034117119503207505
55,116,17,318,0.00021807935263495892
55,117,17,402,-9.792907076189294e-05
55,118,17,317,0.00026285083731636405
56,57,11,72,-0.00018592062406241894
56,58,11,73,0.00030902220169082284
56,59,11,74,-7.2489507147111e-05
56,60,11,184,0.00017734630091581494
56,61,11,77,-9.068624785868451e-05
56,62,11,90,-0.00014890175953041762
56,63,11,180,4.245693708071485e-05
56,64,11,85,-1.597194204805419e-05
56,65,11,16,-4.296998667996377e-06
56,66,11,12,1.5345533029176295e-05
56,67,11,38,-0.0002159819850930944
56,68,11,41,0.0002615999837871641
56,69,11,42,7.745808397885412e-05
56,70,11,96,-3.906795245711692e-05
56,71,11,89,7.87588476214296e-07
56,72,11,179,1.8086142517859116e-05
56,73,11,86,-7.09414089214988e-05
56,74,11,15,1.1614745289989514e-06
56,75,11,13,-3.916037894668989e-05
56,76,11,82,0.0009036328410729766
56,77,11,81,-0.0001705970207694918
56,78,11,80,-0.00019142356177326292
56,79,11,191,-2.4963268515421078e-05
56,80,11,78,9.508525545243174e-05
56,81,11,95,0.00018150638788938522
56,82,11,88,-7.906256360001862e-05
56,83,11,178,-2.9534177883761004e-05
56,84,11,87,0.00014709396054968238
56,85,11,14,0.00012013308878522366
56,86,11,267,-3.171243952238001e-05
56,87,11,269,-5.608294486592058e-06
56,88,11,270,9.392776701133698e-05
56,89,11,409,0.00046024969196878374
56,90,11,291,-0.00013453516294248402
56,91,11,375,0.008507679216563702
56,92,11,321,-0.00017744023352861404
56,93,11,405,0.0007010729168541729
56,94,11,314,-0.00017593582742847502
56,95,11,302,-0.00020352634601294994
56,96,11,303,1.4688705050502904e-05
56,97,11,304,5.8602159697329625e-05
56,98,11,408,-0.00010935992031591013
56,99,11,307,-9.973944543162361e-05
56,100,11,320,3.955135525757214e-06
56,101,11,404,-0.00012800282274838537
56,102,11,315,0.0006491300882771611
56,103,11,268,0.00012459413846954703
56,104,11,271,0.00019454174616839737
56,105,11,272,9.323839185526595e-05
56,106,11,325,5.5387648899341e-05
56,107,11,319,0.00035596571979112923
56,108,11,403,0.0003466643684078008
56,109,11,316,-8.996842370834202e-05
56,110,11,312,-0.00018532406829763204
56,111,11,311,0.00021246193500701338
56,112,11,310,0.00020978989778086543
56,113,11,415,0.00018502039893064648
56,114,11,308,2.7244581360719167e-05
56,115,11,324,-0.00028010670212097466
56,116,11,318,-2.790518010442611e-06
56,117,11,402,-0.00012450278154574335
56,118,11,317,-0.00010542058589635417
57,58,72,73,0.000124554309877567
57,59,72,74,1.1393718523322605e-05
57,60,72,184,3.353878855705261e-05
57,61,72,77,-0.00017382964142598212
57,62,72,90,2.232986116723623e-05
57,63,72,180,0.0001498877099948004
57,64,72,85,-7.369029481196776e-05
57,65,72,16,0.0011305393418297172
57,66,72,12,-4.169959720456973e-05
57,67,72,38,-0.0001026971876854077
57,68,72,41,0.0006052787648513913
57,69,72,42,0.00014108735194895416
57,70,72,96,-0.0001318463182542473
57,71,72,89,7.609257409058046e-06
57,72,72,179,0.00013624862185679376
57,73,72,86,-8.68566203280352e-05
57,74,72,15,0.0003472300595603883
57,75,72,13,8.651430835016072e-05
57,76,72,82,-4.428778265719302e-05
57,77,72,81,2.1209170881775208e-05
57,78,72,80,0.00010669633775250986
57,79,72,191,-3.4579148632474244e-05
57,80,72,78,2.2023139536031522e-05
57,81,72,95,-0.00014134844241198152
57,82,72,88,2.469328865117859e-05
57,83,72,178,-9.104796481551602e-05
57,84,72,87,0.00029706957866437733
57,85,72,14,0.0003633198793977499
57,86,72,267,-5.328025872586295e-05
57,87,72,269,0.00016868286184035242
57,88,72,270,4.7219964471878484e-05
57,89,72,409,-0.00010800871677929536
57,90,72,291,0.0001609260361874476
57,91,72,375,-0.00018268056737724692
57,92,72,321,-3.0260245694080368e-05
57,93,72,405,0.0011568592162802815
57,94,72,314,0.0008707112865522504
57,95,72,302,0.00011034117051167414
57,96,72,303,7.868502143537626e-05
57,97,72,304,1.2656326362048276e-05
57,98,72,408,4.10772227041889e-05
57,99,72,307,-0.00014089731848798692
57,100,72,320,0.0002634362899698317
57,101,72,404,0.000510594982188195
57,102,72,315,0.00032119284151121974
57,103,72,268,-0.00018710660515353084
57,104,72,271,-8.687620720593259e-05
57,105,72,272,-1.780948332452681e-05
57,106,72,325,0.00010914597805822268
57,107,72,319,-0.00021164542704354972
57,108,72,403,-0.000132060595205985
57,109,72,316,-7.608789019286633e-05
57,110,72,312,6.0415852203732356e-05
57,111,72,311,8.880425593815744e-05
57,112,72,310,0.00013185849820729345
57,113,72,415,-2.3974549549166113e-05
57,114,72,308,-7.295677642105147e-05
57,115,72,324,-3.846007530228235e-05
57,116,72,318,9.737569052958861e-05
57,117,72,402,0.000802072521764785
57,118,72,317,0.0002543315931688994
58,59,73,74,-3.646279583335854e-05
58,60,73,184,-0.00013351699453778565
58,61,73,77,-0.00011161365546286106
58,62,73,90,1.2936031907884171e-06
58,63,73,180,-0.00023847381817176938
58,64,73,85,0.0008850269368849695
58,65,73,16,0.0015754079213365912
58,66,73,12,0.0005170023068785667
58,67,73,38,-9.740552195580676e-05
58,68,73,41,9.874130773823708e-05
58,69,73,42,2.8572749215527438e-05
58,70,73,96,-1.998402331082616e-05
58,71,73,89,-5.1466660806909204e-05
58,72,73,179,0.00037452555261552334
58,73,73,86,8.070809417404234e-05
58,74,73,15,0.0017599641578271985
58,75,73,13,0.0007891848217695951
58,76,73,82,0.0004386448417790234
58,77,73,81,-5.892144690733403e-05
58,78,73,80,2.124703496519942e-05
58,79,73,191,-8.324317605001852e-05
58,80,73,78,0.000350660557160154
58,81,73,95,-6.768543698854046e-06
58,82,73,88,0.00017086580919567496
58,83,73,178,-0.00027207963285036385
58,84,73,87,-8.412414899794385e-05
58,85,73,14,0.0012303076218813658
58,86,73,267,0.0003791119670495391
58,87,73,269,-0.00021233712323009968
58,88,73,270,5.0176004151580855e-05
58,89,73,409,0.0002478891401551664
58,90,73,291,0.0005354678141884506
58,91,73,375,0.00011425172124290839
58,92,73,321,0.0002652630500961095
58,93,73,405,-0.0003061984898522496
58,94,73,314,0.0004870907578151673
58,95,73,302,-7.427120726788417e-05
58,96,73,303,-4.990117304259911e-06
58,97,73,304,0.00010089245915878564
58,98,73,408,0.00013163761468604207
58,99,73,307,-0.00013192130427341908
58,100,73,320,-3.057590947719291e-05
58,101,73,404,0.0006685348344035447
58,102,73,315,0.0008298003231175244
58,103,73,268,-6.540341564686969e-05
58,104,73,271,9.93730645859614e-06
58,105,73,272,0.00012554370914585888
58,106,73,325,-2.5998420824180357e-05
58,107,73,319,5.931730265729129e-05
58,108,73,403,-0.0001531249436084181
58,109,73,316,0.0005961598362773657
58,110,73,312,0.00017391511937603354
58,111,73,311,-9.743671398609877e-05
58,112,73,310,7.062473287078319e-06
58,113,73,415,2.6949852326652035e-05
58,114,73,308,0.00033834786154329777
58,115,73,324,9.734764898894355e-05
58,116,73,318,-1.5325071217375807e-05
58,117,73,402,0.0006532526458613575
58,118,73,317,0.0005447147996164858
59,60,74,184,-5.920885541854659e-06
59,61,74,77,0.00029588749748654664
59,62,74,90,-3.5892040614271536e-05
59,63,74,180,0.0008335023303516209
59,64,74,85,-0.0002128612104570493
59,65,74,16,0.001411797129549086
59,66,74,12,0.0006769708706997335
59,67,74,38,0.00023428298300132155
59,68,74,41,0.0002377335767960176
59,69,74,42,-4.1353399865329266e-05
59,70,74,96,-5.780398169008549e-06
59,71,74,89,-4.6079203457338735e-05
59,72,74,179,-0.00024936566478572786
59,73,74,86,2.723770421653171e-06
59,74,74,15,0.0011332295835018158
59,75,74,13,0.0006955309072509408
59,76,74,82,9.445081377634779e-05
59,77,74,81,3.610190105973743e-05
59,78,74,80,-0.00010861100599868223
59,79,74,191,-2.4859362383722328e-05
59,80,74,78,-0.0001601127878529951
59,81,74,95,8.721952326595783e-05
59,82,74,88,-0.00011149184865644202
59,83,74,178,-9.865061292657629e-05
59,84,74,87,-5.89559567742981e-05
59,85,74,14,0.0007799642044119537
59,86,74,267,-1.5067786080180667e-05
59,87,74,269,-0.00010927666880888864
59,88,74,270,-0.00017617920821066946
59,89,74,409,-2.3435099137714133e-05
59,90,74,291,1.6346479242201895e-05
59,91,74,375,1.6629377569188364e-05
59,92,74,321,-0.052511975169181824
59,93,74,405,-0.14179779589176178
59,94,74,314,0.00011968381295446306
59,95,74,302,2.8493777790572494e-05
59,96,74,303,-6.538477919093566e-06
59,97,74,304,3.3374541089870036e-05
59,98,74,408,-0.00014374482270795852
59,99,74,307,1.2026708645862527e-05
59,100,74,320,-0.00010079763160319999
59,101,74,404,0.0008885283023118973
59,102,74,315,0.0002637139114085585
59,103,74,268,0.0002614418335724622
59,104,74,271,-0.0001443664077669382
59,105,74,272,0.00041079724906012416
59,106,74,325,5.0258851842954755e-05
59,107,74,319,0.0001549132284708321
59,108,74,403,7.002552592894062e-05
59,109,74,316,0.001622773241251707
59,110,74,312,-4.293892197893001e-05
59,111,74,311,-0.00017377793847117573
59,112,74,310,-0.00011412494495743886
59,113,74,415,9.856313408818096e-05
59,114,74,308,1.6951171346590854e-05
59,115,74,324,0.0002206810167990625
59,116,74,318,1.0974609722325113e-05
59,117,74,402,0.00015186246309895068
59,118,74,317,0.0013564584078267217
60,61,184,77,-0.00014173597446642816
60,62,184,90,0.000358971010427922
60,63,184,180,0.0008352076984010637
60,64,184,85,0.0008778423652984202
60,65,184,16,0.0005214791744947433
60,66,184,12,0.0002925529843196273
60,67,184,38,-9.227182454196736e-05
60,68,184,41,0.0005072285421192646
60,69,184,42,4.204804645269178e-05
60,70,184,96,-0.00014862956595607102
60,71,184,89,0.00029290365637280047
60,72,184,179,0.001109974691644311
60,73,184,86,0.0008321492932736874
60,74,184,15,0.0005001902463845909
60,75,184,13,-5.1315499149495736e-05
60,76,184,82,0.0006909778458066285
60,77,184,81,4.77144931210205e-06
60,78,184,80,4.784058182849549e-05
60,79,184,191,3.387829929124564e-05
60,80,184,78,2.7946720365434885e-05
60,81,184,95,3.9310780266532674e-05
60,82,184,88,-0.00012856093235313892
60,83,184,178,-4.133721085963771e-05
60,84,184,87,0.0005628333892673254
60,85,184,14,0.0009196283062919974
60,86,184,267,-7.723382441326976e-05
60,87,184,269,-4.058824561070651e-05
60,88,184,270,1.8015585737884976e-05
60,89,184,409,6.653431773884222e-05
60,90,184,291,-2.2465512756753014e-06
60,91,184,375,-9.21861719689332e-05
60,92,184,321,-0.056911639869213104
60,93,184,405,0.0004889512783847749
60,94,184,314,0.0008492736960761249
60,95,184,302,0.00021837429085280746
60,96,184,303,-0.00014250290405470878
60,97,184,304,3.8387741369660944e-05
60,98,184,408,3.2173666113521904e-05
60,99,184,307,-1.4069923054194078e-05
60,100,184,320,4.738480129162781e-05
60,101,184,404,0.00045044615399092436
60,102,184,315,0.0009577191667631269
60,103,184,268,-0.00020186114124953747
60,104,184,271,-3.862699304590933e-05
60,105,184,272,-9.357128146803007e-05
60,106,184,325,5.526240784092806e-05
60,107,184,319,-3.2733329135226086e-05
60,108,184,403,-0.00016595993656665087
60,109,184,316,0.00043793354416266084
60,110,184,312,3.1846491310716374e-06
60,111,184,311,5.7535966334398836e-05
60,112,184,310,0.00012492944370023906
60,113,184,415,4.87391407659743e-05
60,114,184,308,0.000226280972128734
60,115,184,324,-0.00016116666665766388
60,116,184,318,3.417512562009506e-05
60,117,184,402,-0.0001896874455269426
60,118,184,317,-0.00012585306831169873
61,62,77,90,-7.489434938179329e-05
61,63,77,180,0.00022672192426398396
61,64,77,85,-0.013286618515849113
61,65,77,16,0.00023106813023332506
61,66,77,12,-0.0001223801082232967
61,67,77,38,-5.808794594486244e-05
61,68,77,41,-9.218203194905072e-05
61,69,77,42,0.0001308736827922985
61,70,77,96,3.5870663850801066e-05
61,71,77,89,-3.7595305911963806e-05
61,72,77,179,0.0005230350070632994
61,73,77,86,0.00020065066928509623
61,74,77,15,0.00017323213978670537
61,75,77,13,-2.2500838895211928e-05
61,76,77,82,-0.00014010543236508965
61,77,77,81,7.027032552286983e-05
61,78,77,80,-8.266589247796219e-06
61,79,77,191,-7.51041670810082e-06
61,80,77,78,-6.025781112839468e-05
61,81,77,95,-0.00011567210458451882
61,82,77,88,4.634125070879236e-05
61,83,77,178,0.0003421323199290782
61,84,77,87,0.001214279211126268
61,85,77,14,0.0004288741329219192
61,86,77,267,2.909670365625061e-05
61,87,77,269,1.2079718544555362e-05
61,88,77,270,6.187461985973641e-05
61,89,77,409,0.00015158254245761782
61,90,77,291,-2.5119001293205656e-05
61,91,77,375,-0.00022505778179038316
61,92,77,321,7.699688285356387e-05
61,93,77,405,-0.00013444415526464581
61,94,77,314,7.865075167501345e-05
61,95,77,302,2.2339692804962397e-05
61,96,77,303,3.3963555324589834e-05
61,97,77,304,4.1444265661993995e-05
61,98,77,408,-0.00014788898988626897
61,99,77,307,3.9468268369091675e-05
61,100,77,320,-0.00010584884148556739
61,101,77,404,0.00046539513277821243
61,102,77,315,0.0009275104966945946
61,103,77,268,5.199600491323508e-05
61,104,77,271,9.217808110406622e-05
61,105,77,272,-1.4503736565529834e-05
61,106,77,325,0.00012971214891877025
61,107,77,319,-3.778226891881786e-05
61,108,77,403,-8.720115874893963e-05
61,109,77,316,0.0007457323372364044
61,110,77,312,-0.00023860964574851096
61,111,77,311,0.00012979544408153743
61,112,77,310,9.550793038215488e-05
61,113,77,415,-9.060993761522695e-05
61,114,77,308,-0.00027648365357890725
61,115,77,324,-0.00014921027468517423
61,116,77,318,-0.00014350989658851177
61,117,77,402,-0.00011319340410409495
61,118,77,317,-7.958628702908754e-05
62,63,90,180,1.580875505169388e-05
62,64,90,85,0.00033383144182153046
62,65,90,16,0.00032474022009409964
62,66,90,12,-4.2365027184132487e-05
62,67,90,38,0.00020364265947137028
62,68,90,41,2.2199641534825787e-05
62,69,90,42,0.00014054105849936604
62,70,90,96,-9.957346628652886e-05
62,71,90,89,4.8251982661895454e-05
62,72,90,179,-9.896009578369558e-05
62,73,90,86,-0.0002004951675189659
62,74,90,15,0.0005425394047051668
62,75,90,13,1.4643186659668572e-05
62,76,90,82,1.9502031136653386e-05
62,77,90,81,5.7746445236261934e-05
62,78,90,80,1.8597578446133411e-06
62,79,90,191,-0.00011852039460791275
62,80,90,78,-0.0003013654495589435
62,81,90,95,0.00013347329513635486
62,82,90,88,0.00024475884856656194
62,83,90,178,9.798102837521583e-06
62,84,90,87,-0.00020181128638796508
62,85,90,14,0.0006809966871514916
62,86,90,267,1.378232627757825e-05
62,87,90,269,-3.206201290595345e-05
62,88,90,270,-5.616741691483185e-05
62,89,90,409,8.50758224260062e-05
62,90,90,291,0.00033770856680348516
62,91,90,375,6.702880637021735e-05
62,92,90,321,-2.9400876883300953e-05
62,93,90,405,-0.00013648408639710397
62,94,90,314,0.00022454504505731165
62,95,90,302,-2.1652094801538624e-05
62,96,90,303,-5.701804911950603e-05
62,97,90,304,-7.607940642628819e-05
62,98,90,408,4.6250264858826995e-05
62,99,90,307,-0.00036584719782695174
62,100,90,320,-4.981958772987127e-05
62,101,90,404,-0.0001494973839726299
62,102,90,315,5.908536695642397e-05
62,103,90,268,-4.5306846004677936e-05
62,104,90,271,-4.99026054967544e-06
62,105,90,272,-0.0002567896735854447
62,106,90,325,8.460686512989923e-05
62,107,90,319,0.00012177705502836034
62,108,90,403,-0.0001558250660309568
62,109,90,316,-8.503665594616905e-05
62,110,90,312,-0.00010703514271881431
62,111,90,311,8.755666931392625e-05
62,112,90,310,0.00020596632384695113
62,113,90,415,1.4182903214532416e-05
62,114,90,308,-0.00016201354446820915
62,115,90,324,-3.870568980346434e-05
62,116,90,318,-1.2070147477061255e-06
62,117,90,402,-6.391391070792452e-05
62,118,90,317,0.00031582728843204677
63,64,180,85,0.0004634993674699217
63,65,180,16,0.0007148439763113856
63,66,180,12,-0.00017592593212611973
63,67,180,38,5.1308747060829774e-05
63,68,180,41,0.00014423287939280272
63,69,180,42,0.00040683409315533936
63,70,180,96,5.3056515753269196e-05
63,71,180,89,-7.339958392549306e-05
63,72,180,179,-1.490681643190328e-05
63,73,180,86,-0.0001927898556459695
63,74,180,15,0.00030130468076094985
63,75,180,13,0.00011949660984100774
63,76,180,82,-0.0001139594241976738
63,77,180,81,0.0001190717812278308
63,78,180,80,-0.0001389593380736187
63,79,180,191,-0.00018283241661265492
63,80,180,78,-0.0002537355467211455
63,81,180,95,-0.0001726718619465828
63,82,180,88,5.316847818903625e-05
63,83,180,178,0.0001950668665813282
63,84,180,87,4.635515506379306e-05
63,85,180,14,-7.479597115889192e-05
63,86,180,267,-5.309814878273755e-05
63,87,180,269,2.691379086172674e-05
63,88,180,270,6.591007695533335e-05
63,89,180,409,0.0001200743208755739
63,90,180,291,5.3543193644145504e-05
63,91,180,375,0.00014608805940952152
63,92,180,321,0.0001215039737871848
63,93,180,405,-7.318837742786855e-05
63,94,180,314,0.0007773606339469552
63,95,180,302,-0.0002174999681301415
63,96,180,303,6.318748637568206e-05
63,97,180,304,0.00023526075528934598
63,98,180,408,3.9839596865931526e-05
63,99,180,307,4.7642934077885e-05
63,100,180,320,0.00011016706412192434
63,101,180,404,-0.00013637298252433538
63,102,180,315,0.00028362180455587804
63,103,180,268,-5.4215364798437804e-05
63,104,180,271,0.0001301097945543006
63,105,180,272,0.00023060294915921986
63,106,180,325,-3.819336779997684e-05
63,107,180,319,-6.0921618569409475e-05
63,108,180,403,3.9641228795517236e-05
63,109,180,316,-0.00019639528181869537
63,110,180,312,9.162053174804896e-05
63,111,180,311,0.00018802859995048493
63,112,180,310,0.00038305678754113615
63,113,180,415,9.026662883115932e-05
63,114,180,308,4.165532300248742e-05
63,115,180,324,0.00035790621768683195
63,116,180,318,0.00035175844095647335
63,117,180,402,-1.4641413145000115e-05
63,118,180,317,-0.00017946674779523164
64,65,85,16,0.0003745214198715985
64,66,85,12,0.00019620530656538904
64,67,85,38,9.072218381334096e-05
64,68,85,41,-0.0002541271969676018
64,69,85,42,0.001225392217747867
64,70,85,96,0.0004621210682671517
64,71,85,89,0.00027918480918742716
64,72,85,179,-1.1271235962340143e-05
64,73,85,86,-0.00010250299965264276
64,74,85,15,-0.00020497759396675974
64,75,85,13,0.0002524560841266066
64,76,85,82,-0.000500572903547436
64,77,85,81,0.0006310390890575945
64,78,85,80,0.0008286494412459433
64,79,85,191,0.0008459980599582195
64,80,85,78,0.0009101892355829477
64,81,85,95,9.337212395621464e-05
64,82,85,88,0.0004011549463029951
64,83,85,178,0.0002412677713437006
64,84,85,87,-9.215891623171046e-05
64,85,85,14,-0.00011115716188214719
64,86,85,267,7.226332672871649e-05
64,87,85,269,4.021033601020463e-05
64,88,85,270,1.6457781384815462e-05
64,89,85,409,-1.9629924281616695e-05
64,90,85,291,0.0001362785551464185
64,91,85,375,0.00019164083641953766
64,92,85,321,1.5360630641225725e-05
64,93,85,405,-0.00014872157771605998
64,94,85,314,0.0005559485871344805
64,95,85,302,9.564570063957945e-05
64,96,85,303,-4.484033070184523e-06
64,97,85,304,0.00019166090351063758
64,98,85,408,-0.0003273111069574952
64,99,85,307,0.0006689857691526413
64,100,85,320,-1.4744207419425948e-06
64,101,85,404,6.406470492947847e-05
64,102,85,315,0.0002549622440710664
64,103,85,268,0.00012091184180462733
64,104,85,271,0.00022029118554200977
64,105,85,272,-0.000192362887901254
64,106,85,325,0.00017563636356499046
64,107,85,319,-0.00016157438221853226
64,108,85,403,-7.862942584324628e-05
64,109,85,316,2.8019128876621835e-05
64,110,85,312,0.0001995682978304103
64,111,85,311,8.33637168398127e-05
64,112,85,310,0.00013253405631985515
64,113,85,415,0.0001987806463148445
64,114,85,308,0.00016979080101009458
64,115,85,324,-0.000589704723097384
64,116,85,318,0.00042259780457243323
64,117,85,402,0.00012113388947909698
64,118,85,317,-0.00019367263303138316
65,66,16,12,-4.3272582843201235e-05
65,67,16,38,0.0011223177425563335
65,68,16,41,0.001724683796055615
65,69,16,42,0.0013125796103850007
65,70,16,96,0.0001671863574301824
65,71,16,89,0.00022957900364417583
65,72,16,179,0.0004850210389122367
65,73,16,86,-8.300572517327964e-05
65,74,16,15,0.0003675231710076332
65,75,16,13,-2.543970913393423e-05
65,76,16,82,0.0013818935258314013
65,77,16,81,0.0004960106452926993
65,78,16,80,0.0014176775002852082
65,79,16,191,0.0013895444571971893
65,80,16,78,0.0003518527955748141
65,81,16,95,0.0009559601894579828
65,82,16,88,0.0007334566907957196
65,83,16,178,0.0007322696619667113
65,84,16,87,-0.00014989390911068767
65,85,16,14,0.0004095752374269068
65,86,16,267,-0.00037890017847530544
65,87,16,269,0.00028742619906552136
65,88,16,270,-0.000521855428814888
65,89,16,409,0.00020115778897888958
65,90,16,291,0.000256904138950631
65,91,16,375,-0.0003292886249255389
65,92,16,321,0.00017469801241531968
65,93,16,405,0.00027424306608736515
65,94,16,314,-9.9350290838629e-06
65,95,16,302,8.91446034074761e-05
65,96,16,303,-0.00015698475181125104
65,97,16,304,0.0001432398275937885
65,98,16,408,-1.574171255924739e-05
65,99,16,307,-0.00021014294179622084
65,100,16,320,0.00032124301651492715
65,101,16,404,0.0001577019429532811
65,102,16,315,6.67814165353775e-05
65,103,16,268,0.0002498632820788771
65,104,16,271,-0.00022344000171869993
65,105,16,272,-0.0004656971141230315
65,106,16,325,0.0004175969515927136
65,107,16,319,0.00017443671822547913
65,108,16,403,0.00014766376989427954
65,109,16,316,0.00017996065434999764
65,110,16,312,-0.0007277125841937959
65,111,16,311,-0.00040059315506368876
65,112,16,310,-0.0007470049895346165
65,113,16,415,-0.0002696168376132846
65,114,16,308,0.0001581930264364928
65,115,16,324,0.00034633275936357677
65,116,16,318,0.0001635299122426659
65,117,16,402,7.787417416693643e-06
65,118,16,317,1.1867648936458863e-05
66,67,12,38,-0.00010261429997626692
66,68,12,41,0.0002633659460116178
66,69,12,42,0.000292448588879779
66,70,12,96,9.742095426190645e-05
66,71,12,89,-1.2602507922565565e-05
66,72,12,179,-0.00020506868895608932
66,73,12,86,9.751164179760963e-05
66,74,12,15,9.272984607378021e-05
66,75,12,13,-9.104847413254902e-05
66,76,12,82,8.584158058511093e-05
66,77,12,81,0.00042431539623066783
66,78,12,80,-0.0001630214974284172
66,79,12,191,0.00037554657319560647
66,80,12,78,0.000301894178846851
66,81,12,95,-0.00019725546007975936
66,82,12,88,-0.00023330959083978087
66,83,12,178,-9.703003888716921e-05
66,84,12,87,0.00028450784157030284
66,85,12,14,-9.506069909548387e-05
66,86,12,267,-2.7045956812798977e-05
66,87,12,269,-8.806130790617317e-05
66,88,12,270,-8.181852172128856e-05
66,89,12,409,0.00011109717888757586
66,90,12,291,4.347404683358036e-05
66,91,12,375,0.010384824126958847
66,92,12,321,-0.00013803325418848544
66,93,12,405,0.000904963118955493
66,94,12,314,-2.5412729883100837e-05
66,95,12,302,0.0001026691825245507
66,96,12,303,-2.1149697204236872e-05
66,97,12,304,1.7204209143528715e-05
66,98,12,408,0.00031583369127474725
66,99,12,307,0.00044753975817002356
66,100,12,320,0.00012215574679430574
66,101,12,404,-0.00020574302470777184
66,102,12,315,4.1513427277095616e-05
66,103,12,268,0.00013613412738777697
66,104,12,271,2.588079951237887e-05
66,105,12,272,0.0002209890226367861
66,106,12,325,0.0002710695844143629
66,107,12,319,-0.00010414563439553604
66,108,12,403,0.00014160132559482008
66,109,12,316,-9.815488738240674e-05
66,110,12,312,9.149058314505965e-05
66,111,12,311,0.0001979916269192472
66,112,12,310,-0.00012625115050468594
66,113,12,415,-2.0464935005293228e-05
66,114,12,308,0.00021077717246953398
66,115,12,324,-0.00019361510931048542
66,116,12,318,0.0001430203701602295
66,117,12,402,0.00024455622769892216
66,118,12,317,-0.00010925321112154052
67,68,38,41,-0.00016791078087408096
67,69,38,42,-2.9538014132413082e-05
67,70,38,96,-3.0841883926768787e-06
67,71,38,89,-7.043876394163817e-05
67,72,38,179,-0.00015974817506503314
67,73,38,86,-2.4372111511183903e-06
67,74,38,15,0.001202024519443512
67,75,38,13,-0.00015936575073283166
67,76,38,82,-0.00023395747120957822
67,77,38,81,-9.179233893519267e-05
67,78,38,80,0.0006439459975808859
67,79,38,191,-6.121677142800763e-05
67,80,38,78,-0.0001114097613026388
67,81,38,95,5.303724537952803e-05
67,82,38,88,9.601462807040662e-05
67,83,38,178,-0.0002508634643163532
67,84,38,87,6.764959107385948e-05
67,85,38,14,0.0008246558718383312
67,86,38,267,-0.0002163748868042603
67,87,38,269,5.0906794058391824e-05
67,88,38,270,-2.8123562515247613e-05
67,89,38,409,3.3625670766923577e-05
67,90,38,291,-3.7804395105922595e-05
67,91,38,375,-0.0003576732415240258
67,92,38,321,-0.00016037537716329098
67,93,38,405,0.0010517585324123502
67,94,38,314,0.0002670212707016617
67,95,38,302,5.7381857914151624e-05
67,96,38,303,-3.3650128443696303e-06
67,97,38,304,-6.18415288045071e-05
67,98,38,408,-9.051836241269484e-05
67,99,38,307,-0.0002048461465165019
67,100,38,320,0.00019371649250388145
67,101,38,404,0.0009246618137694895
67,102,38,315,0.0009237615158781409
67,103,38,268,-5.277535456116311e-05
67,104,38,271,3.058131551370025e-05
67,105,38,272,6.468057108577341e-05
67,106,38,325,-2.5657600417616777e-05
67,107,38,319,3.432035009609535e-05
67,108,38,403,-7.98706696514273e-06
67,109,38,316,0.00026878280914388597
67,110,38,312,-0.00011753699072869495
67,111,38,311,-4.6750687033636495e-05
67,112,38,310,0.00011202761379536241
67,113,38,415,-6.177694740472361e-05
67,114,38,308,0.00019704163423739374
67,115,38,324,0.00011458273365860805
67,116,38,318,-2.138932359230239e-05
67,117,38,402,-0.0002231655380455777
67,118,38,317,0.0009277221979573369
68,69,41,42,-0.00010014226427301764
68,70,41,96,-4.6642708184663206e-05
68,71,41,89,0.00011329822154948488
68,72,41,179,0.00021922696032561362
68,73,41,86,4.4208492909092456e-05
68,74,41,15,0.0010614485945552588
68,75,41,13,0.0003390854108147323
68,76,41,82,-0.00022194437042344362
68,77,41,81,-1.9582525055739097e-05
68,78,41,80,1.4753792129340582e-05
68,79,41,191,-2.3003312890068628e-05
68,80,41,78,-7.178437954280525e-05
68,81,41,95,0.0002612674725241959
68,82,41,88,0.00022906305093783885
68,83,41,178,-0.00018975090642925352
68,84,41,87,0.0002504544972907752
68,85,41,14,0.0011576577089726925
68,86,41,267,0.0001469063718104735
68,87,41,269,-0.00015310753951780498
68,88,41,270,-4.2896910599665716e-05
68,89,41,409,8.224696648539975e-05
68,90,41,291,0.00013436833978630602
68,91,41,375,0.00018060251022689044
68,92,41,321,0.0003816409152932465
68,93,41,405,-0.00017838315397966653
68,94,41,314,0.0018330555176362395
68,95,41,302,1.762793885973224e-06
68,96,41,303,-6.0114911320852116e-05
68,97,41,304,-6.674333417322487e-05
68,98,41,408,-1.8356822693021968e-05
68,99,41,307,3.4993696317542344e-05
68,100,41,320,-4.779562368639745e-05
68,101,41,404,0.0003080112801399082
68,102,41,315,0.0009158631437458098
68,103,41,268,0.00020085515279788524
68,104,41,271,-5.5535940191475675e-05
68,105,41,272,-6.763714191038162e-05
68,106,41,325,0.00010441541962791234
68,107,41,319,3.986344745499082e-05
68,108,41,403,0.0005969135672785342
68,109,41,316,0.0007879995391704142
68,110,41,312,-7.467785326298326e-05
68,111,41,311,0.00018458602426107973
68,112,41,310,2.0524923456832767e-05
68,113,41,415,0.00032533760531805456
68,114,41,308,-4.9230748118134215e-05
68,115,41,324,-2.2416577849071473e-05
68,116,41,318,0.00011453174374764785
68,117,41,402,0.0002151866938220337
68,118,41,317,0.001057864399626851
69,70,42,96,-1.9086814972979482e-06
69,71,42,89,-1.8041066141449846e-05
69,72,42,179,-0.00012888044875580817
69,73,42,86,-0.00018434754747431725
69,74,42,15,0.0019195872591808438
69,75,42,13,-7.077333430061117e-05
69,76,42,82,-0.00012521134340204298
69,77,42,81,0.00013192971528042108
69,78,42,80,-1.681284629739821e-05
69,79,42,191,0.00013115046021994203
69,80,42,78,-0.00022058228205423802
69,81,42,95,-3.661537266452797e-05
69,82,42,88,-0.00017494290659669787
69,83,42,178,-0.0001775445562088862
69,84,42,87,0.0009044645121321082
69,85,42,14,0.0013808577787131071
69,86,42,267,-0.0001821028272388503
69,87,42,269,-0.00016211235197260976
69,88,42,270,-0.0001671376812737435
69,89,42,409,-0.0001216021555592306
69,90,42,291,6.3090403273236e-05
69,91,42,375,0.00012683258682955056
69,92,42,321,-0.0002225351199740544
69,93,42,405,0.001095207524485886
69,94,42,314,0.00059562420938164
69,95,42,302,-0.0003324183926451951
69,96,42,303,7.894881127867848e-05
69,97,42,304,-0.00014620882575400174
69,98,42,408,2.8245685825822875e-05
69,99,42,307,2.2780384824727662e-05
69,100,42,320,-3.4473607229301706e-05
69,101,42,404,-0.0001005842859740369
69,102,42,315,0.0005517505924217403
69,103,42,268,-0.0001007900937111117
69,104,42,271,-0.0001432236604159698
69,105,42,272,0.00013381839380599558
69,106,42,325,7.221998657769291e-06
69,107,42,319,-0.00020088482415303588
69,108,42,403,0.00016398679872509092
69,109,42,316,0.0008953906362876296
69,110,42,312,0.00016235648945439607
69,111,42,311,-6.370054325088859e-05
69,112,42,310,4.056436591781676e-05
69,113,42,415,7.765048940200359e-05
69,114,42,308,-0.0004654291842598468
69,115,42,324,-0.00022646209981758147
69,116,42,318,-0.00013518761261366308
69,117,42,402,-0.00025433109840378165
69,118,42,317,-1.828957647376228e-05
70,71,96,89,-0.00026313477428629994
70,72,96,179,0.00031024395138956606
70,73,96,86,0.0008795683388598263
70,74,96,15,0.0009681825758889318
70,75,96,13,-0.0002980486024171114
70,76,96,82,0.00013579292863141745
70,77,96,81,5.720946774090407e-06
70,78,96,80,2.2226469809538685e-05
70,79,96,191,0.00010634700447553769
70,80,96,78,-0.0001136419377871789
70,81,96,95,-2.0127936295466498e-05
70,82,96,88,-8.087163587333634e-05
70,83,96,178,-0.00011103503493359312
70,84,96,87,0.000574338308069855
70,85,96,14,0.001014301902614534
70,86,96,267,-4.8610112571623176e-05
70,87,96,269,1.659747249505017e-05
70,88,96,270,-0.000136893373564817
70,89,96,409,0.0002256289153592661
70,90,96,291,-7.047067629173398e-05
70,91,96,375,-4.7526169510092586e-05
70,92,96,321,-5.039364623371512e-05
70,93,96,405,0.0005018729134462774
70,94,96,314,0.001594945671968162
70,95,96,302,-0.00013885312364436686
70,96,96,303,2.3590235286974348e-05
70,97,96,304,9.107164805755019e-05
70,98,96,408,0.00013011829287279397
70,99,96,307,0.0001849351538112387
70,100,96,320,-0.0001593458146089688
70,101,96,404,0.0007263721199706197
70,102,96,315,0.00021772744366899133
70,103,96,268,-7.42400879971683e-05
70,104,96,271,-4.491239906201372e-06
70,105,96,272,5.003000842407346e-05
70,106,96,325,0.00022461183834820986
70,107,96,319,-0.00016011342813726515
70,108,96,403,-0.00023118355602491647
70,109,96,316,0.0011037359945476055
70,110,96,312,-0.00011065014405176044
70,111,96,311,-6.592452791664982e-06
70,112,96,310,8.806950791040435e-05
70,113,96,415,-0.00011946437007281929
70,114,96,308,-0.00037830506335012615
70,115,96,324,0.00024751239106990397
70,116,96,318,-0.00014096646918915212
70,117,96,402,-0.00023298533051274717
70,118,96,317,0.00012013466766802594
71,72,89,179,-2.1459944036905654e-05
71,73,89,86,0.0002043437270913273
71,74,89,15,0.0010737308766692877
71,75,89,13,-5.9615613281494007e-05
71,76,89,82,2.546133146097418e-05
71,77,89,81,-6.760560063412413e-05
71,78,89,80,-0.00010397729784017429
71,79,89,191,-5.5588738177902997e-05
71,80,89,78,7.444885704899207e-05
71,81,89,95,1.7776690583559684e-05
71,82,89,88,-0.00011085725418524817
71,83,89,178,0.00016011970001272857
71,84,89,87,-0.0001787633664207533
71,85,89,14,0.0006938684964552522
71,86,89,267,5.7052719057537615e-05
71,87,89,269,-2.309669434907846e-05
71,88,89,270,-7.634819485247135e-05
71,89,89,409,7.89130135672167e-05
71,90,89,291,0.00010578218643786386
71,91,89,375,8.544330921722576e-05
71,92,89,321,2.07753819267964e-05
71,93,89,405,0.00038828380638733506
71,94,89,314,0.00019906841043848544
71,95,89,302,-0.00020992441568523645
71,96,89,303,0.00031265057623386383
71,97,89,304,-8.043350680964068e-05
71,98,89,408,1.4270834071794525e-05
71,99,89,307,6.014986502123065e-05
71,100,89,320,-5.334160232450813e-05
71,101,89,404,-0.00011981820716755465
71,102,89,315,0.0002180185983888805
71,103,89,268,3.959623791160993e-05
71,104,89,271,0.00016743231390137225
71,105,89,272,0.00025461908080615103
71,106,89,325,0.0001220155754708685
71,107,89,319,-0.00025254959473386407
71,108,89,403,-0.00016288795450236648
71,109,89,316,0.0005182461463846266
71,110,89,312,2.627254389153677e-06
71,111,89,311,-0.00024556630523875356
71,112,89,310,-0.0001853758585639298
71,113,89,415,-0.00028425597702153027
71,114,89,308,0.00018607097445055842
71,115,89,324,2.4146698706317693e-05
71,116,89,318,-2.8407499485183507e-05
71,117,89,402,3.739157909876667e-05
71,118,89,317,-0.0001321312302025035
72,73,179,86,7.07752478774637e-05
72,74,179,15,0.00017699312593322247
72,75,179,13,1.0299176210537553e-05
72,76,179,82,-2.6851979782804847e-05
72,77,179,81,-0.0003598910116124898
72,78,179,80,2.1335137716960162e-05
72,79,179,191,0.0004198463575448841
72,80,179,78,0.00024976953864097595
72,81,179,95,-0.00023664375476073474
72,82,179,88,3.747414666577242e-05
72,83,179,178,-9.555635915603489e-05
72,84,179,87,-0.00018029769125860184
72,85,179,14,0.00047627094318158925
72,86,179,267,7.195273792603984e-05
72,87,179,269,0.00010735935211414471
72,88,179,270,0.0003602603683248162
72,89,179,409,0.0001891482388600707
72,90,179,291,-6.635155295953155e-05
72,91,179,375,1.723754030535929e-05
72,92,179,321,0.0001788361551007256
72,93,179,405,0.0002848541480489075
72,94,179,314,0.0005736632156185806
72,95,179,302,0.00020099607354495674
72,96,179,303,4.3189545976929367e-05
72,97,179,304,-8.0891877587419e-06
72,98,179,408,4.401246042107232e-05
72,99,179,307,3.962472692364827e-05
72,100,179,320,4.544101102510467e-05
72,101,179,404,8.93673422979191e-05
72,102,179,315,-7.176158396760002e-05
72,103,179,268,-4.590449316310696e-05
72,104,179,271,4.794455526280217e-05
72,105,179,272,0.00023806690296623856
72,106,179,325,0.000164995071827434
72,107,179,319,-4.1040351788979024e-05
72,108,179,403,-0.00022682672715745866
72,109,179,316,0.00046682398533448577
72,110,179,312,5.8070738305104896e-05
72,111,179,311,0.00010675447265384719
72,112,179,310,0.00035551557084545493
72,113,179,415,0.00016513920854777098
72,114,179,308,0.00021723112149629742
72,115,179,324,0.00033624243224039674
72,116,179,318,-2.2112872102297843e-05
72,117,179,402,-7.914996240288019e-05
72,118,179,317,-0.00011672975961118937
73,74,86,15,-5.3924617532175034e-05
73,75,86,13,7.566036219941452e-05
73,76,86,82,-0.0001829932298278436
73,77,86,81,0.0004821342008654028
73,78,86,80,0.00046366688911803067
73,79,86,191,0.001159556326456368
73,80,86,78,0.007631129585206509
73,81,86,95,0.0004941003280691803
73,82,86,88,-0.00010852682316908613
73,83,86,178,3.7626690755132586e-05
73,84,86,87,-3.58453908120282e-05
73,85,86,14,-0.00016109015268739313
73,86,86,267,5.2207629778422415e-05
73,87,86,269,0.00018092908430844545
73,88,86,270,0.0003562566707842052
73,89,86,409,-0.0004517774796113372
73,90,86,291,9.867371409200132e-05
73,91,86,375,0.00015975924907252192
73,92,86,321,2.0340763512649573e-05
73,93,86,405,-0.00010966278932755813
73,94,86,314,-0.0001819861208787188
73,95,86,302,0.00013531641161534935
73,96,86,303,0.00020324056094978005
73,97,86,304,0.00019228695600759238
73,98,86,408,-0.0002277367893839255
73,99,86,307,-3.759270839509554e-05
73,100,86,320,0.00019143811368849128
73,101,86,404,2.6784438887261786e-05
73,102,86,315,-7.502378866774961e-05
73,103,86,268,-3.68186374544166e-05
73,104,86,271,0.00021652120631188154
73,105,86,272,0.0003867394116241485
73,106,86,325,0.00014799728523939848
73,107,86,319,0.00014874055341351777
73,108,86,403,5.311552740749903e-05
73,109,86,316,6.572785787284374e-05
73,110,86,312,0.00023499203962273896
73,111,86,311,0.00010847858357010409
73,112,86,310,0.00023499509552493691
73,113,86,415,0.0002632640826050192
73,114,86,308,0.00019863797933794558
73,115,86,324,5.404570038081147e-05
73,116,86,318,3.738727536983788e-05
73,117,86,402,-0.00012076226994395256
73,118,86,317,6.59529905533418e-05
74,75,15,13,0.00046090950490906835
74,76,15,82,6.0340611526044086e-05
74,77,15,81,0.001332130515947938
74,78,15,80,1.701618020888418e-05
74,79,15,191,0.0005649027298204601
74,80,15,78,0.0010231001069769263
74,81,15,95,0.0011747056851163507
74,82,15,88,0.0011383427772670984
74,83,15,178,0.0009461585432291031
74,84,15,87,9.866872278507799e-05
74,85,15,14,0.0002144915924873203
74,86,15,267,0.0001215983647853136
74,87,15,269,0.00024150306126102805
74,88,15,270,0.00013668384053744376
74,89,15,409,-0.00035077022039331496
74,90,15,291,0.00029520419775508344
74,91,15,375,-0.00010061087232315913
74,92,15,321,0.0001089760335162282
74,93,15,405,-9.820901323109865e-05
74,94,15,314,7.786598871462047e-05
74,95,15,302,-4.219671245664358e-05
74,96,15,303,-0.00038884146488271654
74,97,15,304,-6.796112575102597e-05
74,98,15,408,0.000244481663685292
74,99,15,307,0.00019174127373844385
74,100,15,320,0.00020037427020724863
74,101,15,404,0.0001648103934712708
74,102,15,315,7.096619083313271e-05
74,103,15,268,-8.654490375192836e-05
74,104,15,271,0.00022712744248565286
74,105,15,272,-0.0004204490687698126
74,106,15,325,3.482542888377793e-05
74,107,15,319,0.00018235004972666502
74,108,15,403,0.0001701990404399112
74,109,15,316,-3.5932658647652715e-05
74,110,15,312,-0.0010945493122562766
74,111,15,311,-0.0011001166421920061
74,112,15,310,0.00023450735898222774
74,113,15,415,0.0002676715375855565
74,114,15,308,0.0002310794370714575
74,115,15,324,-1.398411586706061e-05
74,116,15,318,-5.4298234317684546e-05
74,117,15,402,0.00011283178173471242
74,118,15,317,0.0002468814782332629
75,76,13,82,-3.9806862332625315e-05
75,77,13,81,-0.00012316691572777927
75,78,13,80,-9.234272874891758e-05
75,79,13,191,8.025173156056553e-05
75,80,13,78,-9.90833814284997e-06
75,81,13,95,-3.268860018579289e-05
75,82,13,88,4.32124443250359e-06
75,83,13,178,-0.00022781566076446325
75,84,13,87,0.0001305378245888278
75,85,13,14,1.785735003068112e-05
75,86,13,267,5.268781751510687e-05
75,87,13,269,-0.00014443123654928058
75,88,13,270,-0.00010514940368011594
75,89,13,409,7.921928772702813e-05
75,90,13,291,-0.00019424950005486608
75,91,13,375,0.00790040660649538
75,92,13,321,0.00010431536065880209
75,93,13,405,-4.6485132770612836e-05
75,94,13,314,8.705440995981917e-05
75,95,13,302,-0.00011455720232333988
75,96,13,303,-3.0223129215301014e-05
75,97,13,304,-0.00011459887173259631
75,98,13,408,0.00023799104383215308
75,99,13,307,0.0005009485175833106
75,100,13,320,-0.00016250211047008634
75,101,13,404,0.0007868485408835113
75,102,13,315,0.0008509540348313749
75,103,13,268,5.300937846186571e-05
75,104,13,271,-5.342028816812672e-05
75,105,13,272,0.00014997157268226147
75,106,13,325,0.00042416551150381565
75,107,13,319,-0.0001955633342731744
75,108,13,403,0.0002886979782488197
75,109,13,316,0.00033611219259910285
75,110,13,312,-0.00022835316485725343
75,111,13,311,2.5572658159944694e-06
75,112,13,310,7.994643965503201e-06
75,113,13,415,0.0002615019038785249
75,114,13,308,9.979424066841602e-05
75,115,13,324,-0.0001792076654965058
75,116,13,318,-2.7177398806088604e-05
75,117,13,402,0.000301525229588151
75,118,13,317,1.3591669585366617e-06
76,77,82,81,-8.927514136303216e-05
76,78,82,80,0.00012938017607666552
76,79,82,191,0.00027264724485576153
76,80,82,78,-0.00011710310354828835
76,81,82,95,-0.0002480636176187545
76,82,82,88,-0.0001681906869634986
76,83,82,178,7.31477266526781e-05
76,84,82,87,5.070741281087976e-06
76,85,82,14,0.0012537416769191623
76,86,82,267,-0.00011238765728194267
76,87,82,269,4.0873455873224884e-05
76,88,82,270,2.6606850951793604e-05
76,89,82,409,-1.3778097127215005e-05
76,90,82,291,0.00021621884661726654
76,91,82,375,-0.0001176388977910392
76,92,82,321,-0.00011556145909707993
76,93,82,405,0.0006675992044620216
76,94,82,314,0.0010535381734371185
76,95,82,302,8.681764302309602e-05
76,96,82,303,0.00013156767818145454
76,97,82,304,0.0003852623631246388
76,98,82,408,9.529226372251287e-05
76,99,82,307,0.001049637794494629
76,100,82,320,-0.0001748818322084844
76,101,82,404,0.0006508687511086464
76,102,82,315,0.0005502293934114277
76,103,82,268,-6.911636592121795e-05
76,104,82,271,-0.0001628760655876249
76,105,82,272,-2.6675121262087487e-05
76,106,82,325,-0.00014119839761406183
76,107,82,319,0.0005442517576739192
76,108,82,403,0.00032851507421582937
76,109,82,316,0.0003999201871920377
76,110,82,312,0.0002858487132471055
76,111,82,311,8.845972479321063e-05
76,112,82,310,-0.00010660466068657115
76,113,82,415,8.67147755343467e-05
76,114,82,308,-0.00013967564154881984
76,115,82,324,-6.234224565559998e-05
76,116,82,318,0.00016021216288208961
76,117,82,402,0.00017601170111447573
76,118,82,317,0.000703820085618645
77,78,81,80,9.425989992450923e-05
77,79,81,191,-0.00020500038226600736
77,80,81,78,0.0002593557583168149
77,81,81,95,-0.00025852787075564265
77,82,81,88,0.00021713432215619832
77,83,81,178,1.0446942724229302e-05
77,84,81,87,0.0007360577583312988
77,85,81,14,0.0005114483647048473
77,86,81,267,-0.0002060591068584472
77,87,81,269,5.845633859280497e-05
77,88,81,270,-8.793930464889854e-05
77,89,81,409,-5.237727964413352e-05
77,90,81,291,0.0002680580655578524
77,91,81,375,-5.1007889851462096e-05
77,92,81,321,-0.00010606872820062563
77,93,81,405,0.0006435994291678071
77,94,81,314,0.0015790928155183792
77,95,81,302,0.0001862481440184638
77,96,81,303,-0.00014385621761903167
77,97,81,304,-7.674048538319767e-05
77,98,81,408,9.844658052315935e-05
77,99,81,307,1.576385875523556e-05
77,100,81,320,0.00026700604939833283
77,101,81,404,0.00013707659672945738
77,102,81,315,0.0005340864299796522
77,103,81,268,-3.3245960366912186e-05
77,104,81,271,7.214395009214059e-05
77,105,81,272,-0.00017997121904045343
77,106,81,325,9.195345228363294e-06
77,107,81,319,-0.0002489332982804626
77,108,81,403,-7.366537465713918e-05
77,109,81,316,-2.798940295178909e-05
77,110,81,312,0.0006337816594168544
77,111,81,311,-0.00016631430480629206
77,112,81,310,-5.419954322860576e-05
77,113,81,415,7.099333015503362e-05
77,114,81,308,1.5490710211452097e-05
77,115,81,324,-4.903207445750013e-05
77,116,81,318,0.0005078737158328295
77,117,81,402,-9.298925579059869e-05
77,118,81,317,0.00027049367781728506
78,79,80,191,3.117200321867131e-05
78,80,80,78,-2.7619123557087732e-06
78,81,80,95,2.3416356270899996e-05
78,82,80,88,0.00028533616568893194
78,83,80,178,0.0005291636334732175
78,84,80,87,-0.00015031170914880931
78,85,80,14,0.0014584875898435712
78,86,80,267,-0.00033319328213110566
78,87,80,269,0.00010110549192177132
78,88,80,270,0.0001396016450598836
78,89,80,409,2.3798877009539865e-05
78,90,80,291,-2.4409988327533938e-05
78,91,80,375,-4.486269972403534e-05
78,92,80,321,2.417932410025969e-05
78,93,80,405,-7.554404874099419e-05
78,94,80,314,0.0006222027586773038
78,95,80,302,2.4194689103751443e-05
78,96,80,303,-0.00024396659864578396
78,97,80,304,-0.00013591531023848802
78,98,80,408,-0.0001173525452031754
78,99,80,307,-0.00010837308218469843
78,100,80,320,-2.555197170295287e-05
78,101,80,404,0.00027220920310355723
78,102,80,315,0.0009697290952317417
78,103,80,268,-5.4507250752067193e-05
78,104,80,271,-4.161737524555065e-05
78,105,80,272,-0.00017688199295662344
78,106,80,325,-8.371653166250326e-06
78,107,80,319,0.00027240117196924984
78,108,80,403,0.00041084870463237166
78,109,80,316,0.00015190034173429012
78,110,80,312,0.000566656410228461
78,111,80,311,-1.500618236605078e-05
78,112,80,310,-0.00030665568192489445
78,113,80,415,6.685320113319904e-05
78,114,80,308,-9.61306068347767e-05
78,115,80,324,-8.930863259593025e-05
78,116,80,318,-0.00014452669711317867
78,117,80,402,0.00029585996526293457
78,118,80,317,0.0008646782371215522
79,80,191,78,-6.800528353778645e-05
79,81,191,95,0.00015419500414282084
79,82,191,88,-0.00016762207087595016
79,83,191,178,0.00026492783217690885
79,84,191,87,0.0014103178400546312
79,85,191,14,0.0009653655579313636
79,86,191,267,-0.00012192059512017295
79,87,191,269,5.3486903198063374e-05
79,88,191,270,-3.47398454323411e-05
79,89,191,409,3.6897952782055654e-07
79,90,191,291,0.0004500844224821776
79,91,191,375,8.396206249017268e-05
79,92,191,321,0.00021192563872318715
79,93,191,405,0.0006108588422648609
79,94,191,314,0.0005715458537451923
79,95,191,302,-0.00011423401156207547
79,96,191,303,1.4956175618863199e-05
79,97,191,304,-6.391401984728873e-05
79,98,191,408,-8.938244718592614e-05
79,99,191,307,0.00021886792092118412
79,100,191,320,-0.00018777417426463217
79,101,191,404,0.0007675521192140877
79,102,191,315,0.0008692446281202137
79,103,191,268,4.008565883850679e-05
79,104,191,271,-0.00017113245849031955
79,105,191,272,-5.499314283952117e-05
79,106,191,325,-2.0267534637241624e-05
79,107,191,319,-0.00021293855388648808
79,108,191,403,0.00016206191503442824
79,109,191,316,0.00010524186654947698
79,110,191,312,-1.1717353118001483e-05
79,111,191,311,-0.00016204762505367398
79,112,191,310,7.860023470129818e-05
79,113,191,415,6.990685506025329e-05
79,114,191,308,0.00022604962578043342
79,115,191,324,-2.530768688302487e-05
79,116,191,318,-0.00014481566904578358
79,117,191,402,0.000354146643076092
79,118,191,317,0.0002605030022095889
80,81,78,95,-0.00022876786533743143
80,82,78,88,0.00017756610759533942
80,83,78,178,-6.263141403906047e-05
80,84,78,87,0.001218766556121409
80,85,78,14,-3.269821172580123e-05
80,86,78,267,-5.068685641163029e-05
80,87,78,269,-0.0001341833412880078
80,88,78,270,0.00014914016355760396
80,89,78,409,5.8056091802427545e-05
80,90,78,291,-0.00035657885018736124
80,91,78,375,-0.00021135281713213772
80,92,78,321,-4.1076327761402354e-05
80,93,78,405,0.0006357834208756685
80,94,78,314,0.0014567684847861528
80,95,78,302,3.25120308843907e-05
80,96,78,303,-0.00010678211401682347
80,97,78,304,-0.00016901336493901908
80,98,78,408,3.279113661847077e-05
80,99,78,307,-9.539607708575204e-05
80,100,78,320,2.090894440698321e-06
80,101,78,404,-8.176954725058749e-05
80,102,78,315,-9.430618229089305e-05
80,103,78,268,-0.0002100939309457317
80,104,78,271,0.00024140355526469648
80,105,78,272,-5.4792515584267676e-05
80,106,78,325,2.8670725441770628e-05
80,107,78,319,-6.745988503098488e-05
80,108,78,403,0.000910551636479795
80,109,78,316,0.0009939783485606313
80,110,78,312,-3.2338884921045974e-05
80,111,78,311,-0.00013955302711110562
80,112,78,310,-0.0002266075898660347
80,113,78,415,-0.00018637445464264601
80,114,78,308,0.0003095744177699089
80,115,78,324,8.163023449014872e-05
80,116,78,318,-1.656010135775432e-05
80,117,78,402,0.0006015709950588644
80,118,78,317,0.0009560072794556618
81,82,95,88,0.00029216299299150705
81,83,95,178,-0.0002142786543117836
81,84,95,87,0.0006440858123824
81,85,95,14,0.00042314440361224115
81,86,95,267,-0.00012309271551202983
81,87,95,269,-1.8206710592494346e-05
81,88,95,270,-3.209012356819585e-05
81,89,95,409,-6.502023461507633e-05
81,90,95,291,-0.00011107728641945869
81,91,95,375,-0.00020522398699540645
81,92,95,321,-0.00015520767192356288
81,93,95,405,0.0011026363354176283
81,94,95,314,0.00029236506088636816
81,95,95,302,-0.00018497677228879184
81,96,95,303,-6.448806379921734e-05
81,97,95,304,1.1429659025452565e-05
81,98,95,408,0.0002262953348690644
81,99,95,307,-6.112457776907831e-05
81,100,95,320,-1.666482239670586e-05
81,101,95,404,7.893172005424276e-05
81,102,95,315,0.0003009083739016205
81,103,95,268,-7.763449684716761e-05
81,104,95,271,-9.257330384571105e-05
81,105,95,272,-6.10796851105988e-05
81,106,95,325,9.207332914229482e-05
81,107,95,319,0.00015868863556534052
81,108,95,403,-0.00018872044165618718
81,109,95,316,-0.00030829396564513445
81,110,95,312,0.00010714458767324686
81,111,95,311,9.887011401588097e-05
81,112,95,310,0.00013185490388423204
81,113,95,415,-0.005083553027361631
81,114,95,308,7.993972394615412e-05
81,115,95,324,-6.766204023733735e-05
81,116,95,318,-0.00014953076606616378
81,117,95,402,0.00011049200838897377
81,118,95,317,0.000599859282374382
82,83,88,178,-0.0001291730150114745
82,84,88,87,0.00043571440619416535
82,85,88,14,0.0006441831937991083
82,86,88,267,-5.740213600802235e-05
82,87,88,269,7.551776070613414e-05
82,88,88,270,-0.0001226688182214275
82,89,88,409,1.952233287738636e-05
82,90,88,291,-6.635509635088965e-05
82,91,88,375,6.591935380129144e-05
82,92,88,321,1.4074574210098945e-05
82,93,88,405,0.0002042690321104601
82,94,88,314,0.0007244028383865952
82,95,88,302,5.0124755944125354e-05
82,96,88,303,-9.972896077670157e-05
82,97,88,304,2.284991023770999e-05
82,98,88,408,-2.59220068983268e-05
82,99,88,307,0.00010024855873780325
82,100,88,320,2.4833510906319134e-05
82,101,88,404,-7.897883915575221e-05
82,102,88,315,0.0004042663495056331
82,103,88,268,5.070606857771054e-05
82,104,88,271,-8.356575563084334e-05
82,105,88,272,1.299982159252977e-05
82,106,88,325,8.63090535858646e-05
82,107,88,319,-8.684289059601724e-05
82,108,88,403,0.001014916691929102
82,109,88,316,-4.672576687880792e-05
82,110,88,312,7.138733053579926e-05
82,111,88,311,0.0001837560412241146
82,112,88,310,-5.642712949338602e-06
82,113,88,415,7.64555370551534e-05
82,114,88,308,-0.00015497143613174558
82,115,88,324,0.00013092438166495413
82,116,88,318,-3.393462975509465e-05
82,117,88,402,-8.230148523580283e-05
82,118,88,317,-0.00011883598199347034
83,84,178,87,0.00015439867274835706
83,85,178,14,0.0005635003908537328
83,86,178,267,1.1829607501567807e-05
83,87,178,269,6.376627425197512e-05
83,88,178,270,-0.00010834880959009752
83,89,178,409,-2.6405763492221013e-05
83,90,178,291,0.00037612798041664064
83,91,178,375,5.6845969083951786e-05
83,92,178,321,-3.258912329329178e-05
83,93,178,405,-0.00011660484597086906
83,94,178,314,-0.00019513523147907108
83,95,178,302,-0.00011567423644009978
83,96,178,303,0.00022832381364423782
83,97,178,304,-2.1093070245115086e-05
83,98,178,408,-7.384418131550774e-05
83,99,178,307,0.00016539849457331002
83,100,178,320,0.00013965662219561636
83,101,178,404,6.137538730399683e-05
83,102,178,315,0.00047820870531722903
83,103,178,268,0.00019804913608822972
83,104,178,271,-0.0002154221583623439
83,105,178,272,-0.0001268935011466965
83,106,178,325,4.921087747788988e-05
83,107,178,319,0.0001073315434041433
83,108,178,403,0.00043240829836577177
83,109,178,316,0.00042546994518488646
83,110,178,312,-8.197478746296838e-05
83,111,178,311,-3.658582500065677e-05
83,112,178,310,0.00010304000170435756
83,113,178,415,-2.3529171812697314e-05
83,114,178,308,0.0001993132900679484
83,115,178,324,0.00024230820417869836
83,116,178,318,-0.0001870966370915994
83,117,178,402,-6.648901762673631e-05
83,118,178,317,0.0003246534033678472
84,85,87,14,0.0006078516016714275
84,86,87,267,6.570497498614714e-05
84,87,87,269,-2.651702925504651e-05
84,88,87,270,0.0001967837888514623
84,89,87,409,6.691215094178915e-05
84,90,87,291,0.0003553629794623703
84,91,87,375,2.4548518922529183e-05
84,92,87,321,-8.082052954705432e-05
84,93,87,405,-0.00010778288560686633
84,94,87,314,0.0006147506646811962
84,95,87,302,-0.0001721751905279234
84,96,87,303,0.00010841413313755766
84,97,87,304,0.00018716735939960927
84,98,87,408,0.0004166516300756484
84,99,87,307,-2.896410478570033e-05
84,100,87,320,-0.00016224892169702798
84,101,87,404,-7.855536387069151e-05
84,102,87,315,-0.00015518334112130105
84,103,87,268,-0.00011841762898257002
84,104,87,271,0.00018506460764911026
84,105,87,272,0.000351075257640332
84,106,87,325,0.0002851157041732222
84,107,87,319,0.00015213104779832065
84,108,87,403,-9.813090582611039e-05
84,109,87,316,0.0007521798252128065
84,110,87,312,-7.924990495666862e-05
84,111,87,311,0.00012741476530209184
84,112,87,310,0.0002668987144716084
84,113,87,415,-0.0005940070259384811
84,114,87,308,1.390101169818081e-05
84,115,87,324,0.0001280986616620794
84,116,87,318,-5.3699728596257046e-05
84,117,87,402,8.482165139866993e-05
84,118,87,317,0.00019831401004921645
85,86,14,267,5.804673855891451e-05
85,87,14,269,0.0003241808735765517
85,88,14,270,-1.9521145077305846e-05
85,89,14,409,0.0001626913872314617
85,90,14,291,5.130665158503689e-05
85,91,14,375,7.177822408266366e-05
85,92,14,321,-1.737591446726583e-05
85,93,14,405,-5.569888890022412e-05
85,94,14,314,-1.629899452382233e-05
85,95,14,302,-0.00022430959506891668
85,96,14,303,0.00017152960936073214
85,97,14,304,-0.0001407310919603333
85,98,14,408,0.0003096205764450133
85,99,14,307,0.0001280726573895663
85,100,14,320,0.00037995364982634783
85,101,14,404,-4.961564627592452e-05
85,102,14,315,-0.00017729552928358316
85,103,14,268,5.779087223345414e-05
85,104,14,271,9.158583270618692e-05
85,105,14,272,-2.5930783522198908e-05
85,106,14,325,0.0001091667145374231
85,107,14,319,-2.5450033717788756e-05
85,108,14,403,0.0001186990411952138
85,109,14,316,-5.38658641744405e-05
85,110,14,312,-0.00034596779732964933
85,111,14,311,-0.00048067234456539154
85,112,14,310,0.0001791238901205361
85,113,14,415,0.00037328986218199134
85,114,14,308,0.0002101835998473689
85,115,14,324,0.00026127841556444764
85,116,14,318,0.00033928133780136704
85,117,14,402,2.9888553399359807e-05
85,118,14,317,7.570947491331026e-05
86,87,267,269,0.00025667157024145126
86,88,267,270,3.380847556400113e-05
86,89,267,409,0.00023652023810427636
86,90,267,291,-6.845236930530518e-05
86,91,267,375,-8.916125079849735e-05
86,92,267,321,0.00011061042459914461
86,93,267,405,0.0003245652769692242
86,94,267,314,0.0003624059318099171
86,95,267,302,0.00010710692004067823
86,96,267,303,-3.1120616768021137e-05
86,97,267,304,5.131494617671706e-05
86,98,267,408,-5.527060420718044e-05
86,99,267,307,7.13806293788366e-05
86,100,267,320,0.00010161187674384564
86,101,267,404,0.00030104807228781283
86,102,267,315,-2.3566748495795764e-05
86,103,267,268,0.00020870112348347902
86,104,267,271,0.00011317023745505139
86,105,267,272,-0.00016263098223134875
86,106,267,325,0.00016667915042489767
86,107,267,319,-0.0001446202804800123
86,108,267,403,0.00018319768423680216
86,109,267,316,-0.00012555564171634614
86,110,267,312,-0.00021089232177473605
86,111,267,311,8.774248999543488e-05
86,112,267,310,0.0001580323587404564
86,113,267,415,7.37661830498837e-05
86,114,267,308,5.5545697250636294e-05
86,115,267,324,0.00010097421909449622
86,116,267,318,-7.268952685990371e-06
86,117,267,402,-0.00018034329696092755
86,118,267,317,0.00010583252878859639
87,88,269,270,5.165758921066299e-05
87,89,269,409,-0.0001235316158272326
87,90,269,291,3.252115493523888e-05
87,91,269,375,-7.978879875736311e-05
87,92,269,321,2.848692747647874e-05
87,93,269,405,0.00014659363660030067
87,94,269,314,0.00013947633851785213
87,95,269,302,-1.9454821085673757e-05
87,96,269,303,0.00016923417570069432
87,97,269,304,1.222382161358837e-05
87,98,269,408,-0.00016029183461796492
87,99,269,307,-0.00021275546168908477
87,100,269,320,-6.501937150460435e-06
87,101,269,404,0.00029329265817068517
87,102,269,315,0.00019176903879269958
87,103,269,268,8.655712736072019e-05
87,104,269,271,9.129817772191018e-05
87,105,269,272,-0.00015628966502845287
87,106,269,325,0.00012634805170819163
87,107,269,319,-4.13999987358693e-06
87,108,269,403,-8.725691441213712e-05
87,109,269,316,5.795737524749711e-05
87,110,269,312,-0.0001332191313849762
87,111,269,311,0.00010369266237830743
87,112,269,310,0.00020719188614748418
87,113,269,415,0.00026485227863304317
87,114,269,308,3.5766901419265196e-05
87,115,269,324,9.081636380869895e-05
87,116,269,318,7.479560008505359e-05
87,117,269,402,0.0001140035965363495
87,118,269,317,-0.0002711338165681809
88,89,270,409,0.00026077794609591365
88,90,270,291,-5.161513763596304e-05
88,91,270,375,-9.084682096727192e-05
88,92,270,321,-0.0004676370299421251
88,93,270,405,-4.2437568481545895e-05
88,94,270,314,-0.0004497635818552226
88,95,270,302,4.054784221807495e-05
88,96,270,303,-9.244335524272174e-05
88,97,270,304,-6.959744496271014e-05
88,98,270,408,3.0901697755325586e-05
88,99,270,307,-4.422064739628695e-05
88,100,270,320,-0.0002446638827677816
88,101,270,404,-0.00012639771739486605
88,102,270,315,0.00013901927741244435
88,103,270,268,-5.831974249304039e-06
88,104,270,271,-0.00019969722779933363
88,105,270,272,5.451691322377883e-05
88,106,270,325,2.2328789782477543e-05
88,107,270,319,-7.809757335053291e-06
88,108,270,403,-0.0002934384683612734
88,109,270,316,-0.0003678868233691901
88,110,270,312,-2.255747858725954e-05
88,111,270,311,-0.00014194537652656436
88,112,270,310,0.00020238084835000336
88,113,270,415,5.132953083375469e-05
88,114,270,308,-7.590288441861048e-05
88,115,270,324,-5.7367960835108534e-05
88,116,270,318,2.8167258278699592e-05
88,117,270,402,7.370083767455071e-05
88,118,270,317,0.0002766807156149298
89,90,409,291,-7.897709292592481e-05
89,91,409,375,-0.00019527140830177814
89,92,409,321,0.0001536141789983958
89,93,409,405,-0.0007297724951058626
89,94,409,314,-0.00052438530838117
89,95,409,302,0.00011073578207287937
89,96,409,303,6.076033241697587e-05
89,97,409,304,9.929735097102821e-05
89,98,409,408,-8.944166620494798e-05
89,99,409,307,9.840676648309454e-05
89,100,409,320,0.00020885012054350227
89,101,409,404,-0.0004294825776014477
89,102,409,315,3.392216967768036e-05
89,103,409,268,0.00023057848738972098
89,104,409,271,-1.8181859559263103e-05
89,105,409,272,-0.00015788913879077882
89,106,409,325,-1.540500124974642e-05
89,107,409,319,0.00024345108249690384
89,108,409,403,-0.00048600477748550475
89,109,409,316,0.0002050864277407527
89,110,409,312,-0.00011093676585005596
89,111,409,311,-1.4648640899395104e-05
89,112,409,310,-0.0001737025158945471
89,113,409,415,-4.027339309686795e-05
89,114,409,308,2.2321430606098147e-06
89,115,409,324,-1.9685548977577128e-05
89,116,409,318,3.7198897189227864e-05
89,117,409,402,0.0001668219774728641
89,118,409,317,-0.00027558443252928555
90,91,291,375,-2.602118911454454e-06
90,92,291,321,-0.0005723089561797678
90,93,291,405,-0.0008187414496205747
90,94,291,314,0.00021490483777597547
90,95,291,302,7.095621549524367e-05
90,96,291,303,0.00010957415361190215
90,97,291,304,8.255922875832766e-05
90,98,291,408,-4.414663999341428e-05
90,99,291,307,0.00016507378313690424
90,100,291,320,-0.0006344122812151909
90,101,291,404,0.00019216813961975276
90,102,291,315,0.0002689791435841471
90,103,291,268,3.971472688135691e-05
90,104,291,271,5.230090027907863e-05
90,105,291,272,0.00013052183203399181
90,106,291,325,5.676207001670264e-05
90,107,291,319,0.00032848992850631475
90,108,291,403,-0.0002043958374997601
90,109,291,316,0.00031842608586885035
90,110,291,312,-0.00015415048983413726
90,111,291,311,-0.00017164653399959207
90,112,291,310,9.918658179230988e-05
90,113,291,415,4.5764227252220735e-06
90,114,291,308,3.076530992984772e-05
90,115,291,324,7.078727776388405e-06
90,116,291,318,1.8749144146568142e-05
90,117,291,402,-0.00011219673615414649
90,118,291,317,0.0001751028758008033
91,92,375,321,-0.00010880937043111771
91,93,375,405,0.00019603496184572577
91,94,375,314,-0.00014977231330703944
91,95,375,302,6.00962302996777e-05
91,96,375,303,3.405787356314249e-05
91,97,375,304,0.0004258441040292382
91,98,375,408,8.035491191549227e-05
91,99,375,307,-5.741506811318686e-06
91,100,375,320,6.608533294638619e-05
91,101,375,404,0.00022273260401561856
91,102,375,315,-7.140311936382204e-05
91,103,375,268,0.0002447614970151335
91,104,375,271,-2.8222941182320938e-05
91,105,375,272,-4.244581577950157e-05
91,106,375,325,4.719245043816045e-05
91,107,375,319,0.00020134153601247817
91,108,375,403,4.245422587700887e-06
91,109,375,316,8.121842984110117e-05
91,110,375,312,-6.290539022302255e-05
91,111,375,311,0.00010081263462780043
91,112,375,310,-9.455763211008161e-05
91,113,375,415,-0.0001576651120558381
91,114,375,308,7.297603588085622e-05
91,115,375,324,-0.0001284550380660221
91,116,375,318,5.257345037534833e-05
91,117,375,402,-6.3082184169616085e-06
91,118,375,317,-5.3621937695425004e-05
92,93,321,405,0.00035002935328520834
92,94,321,314,2.0970943296561018e-05
92,95,321,302,-6.469567597378045e-05
92,96,321,303,-0.00023770189727656543
92,97,321,304,-9.126390068558976e-05
92,98,321,408,-3.2902058592299e-05
92,99,321,307,0.00012790868640877306
92,100,321,320,-2.1688978449674323e-05
92,101,321,404,6.908102659508586e-05
92,102,321,315,-2.0537188902380876e-05
92,103,321,268,9.536352081340738e-06
92,104,321,271,3.9113438106141984e-05
92,105,321,272,-0.00016222738486249
92,106,321,325,-5.36669249413535e-05
92,107,321,319,-0.0002219850430265069
92,108,321,403,2.8851643946836703e-05
92,109,321,316,-7.238667603814974e-05
92,110,321,312,9.823898290051147e-05
92,111,321,311,0.00023751157277729362
92,112,321,310,-8.89805014594458e-05
92,113,321,415,6.103450505179353e-05
92,114,321,308,-0.0007694682572036982
92,115,321,324,-1.9611688912846148e-05
92,116,321,318,-8.815550245344639e-05
92,117,321,402,5.5919539590831846e-05
92,118,321,317,8.911029908631463e-06
93,94,405,314,2.6912326575256884e-05
93,95,405,302,-1.6031432323870831e-06
93,96,405,303,6.581253546755761e-05
93,97,405,304,-0.00017594585369806737
93,98,405,408,-0.0011025797575712204
93,99,405,307,0.0002676788717508316
93,100,405,320,0.0001601130497874692
93,101,405,404,-0.00011339756019879133
93,102,405,315,-1.0734414900070988e-05
93,103,405,268,-0.00010132602619705722
93,104,405,271,0.00011996555986115709
93,105,405,272,9.856511314865202e-05
93,106,405,325,-0.0002844444243237376
93,107,405,319,0.00031356472754850984
93,108,405,403,-5.652527397614904e-05
93,109,405,316,9.276254422729835e-05
93,110,405,312,-0.0002701912308111787
93,111,405,311,0.0002942727878689766
93,112,405,310,0.00025354354875162244
93,113,405,415,-0.0001734802353894338
93,114,405,308,-0.000604133412707597
93,115,405,324,0.022736063227057457
93,116,405,318,0.00012607226381078362
93,117,405,402,-8.007112046470866e-05
93,118,405,317,-5.785739631392062e-05
94,95,314,302,-5.958312249276787e-05
94,96,314,303,7.524243119405583e-05
94,97,314,304,0.00010845458746189252
94,98,314,408,-0.000628284877166152
94,99,314,307,-7.586187621200224e-06
94,100,314,320,0.00012604938820004463
94,101,314,404,6.614812446059659e-05
94,102,314,315,-2.419166048639454e-05
94,103,314,268,1.749514922266826e-05
94,104,314,271,-0.0005210855742916465
94,105,314,272,-0.0008843838004395366
94,106,314,325,4.1667215555207804e-05
94,107,314,319,-0.0001885194651549682
94,108,314,403,4.254624946042895e-05
94,109,314,316,6.209819548530504e-05
94,110,314,312,-8.66221307660453e-05
94,111,314,311,-5.351128857000731e-05
94,112,314,310,-0.0007157993386499584
94,113,314,415,-0.00047586398432031274
94,114,314,308,-0.0004100857477169484
94,115,314,324,0.0001655136002227664
94,116,314,318,-0.0005511392373591661
94,117,314,402,-3.7851754314033315e-05
94,118,314,317,0.00017954345094040036
95,96,302,303,-0.00011626516788965091
95,97,302,304,-0.0001461493520764634
95,98,302,408,-9.252766176359728e-05
95,99,302,307,0.0003207010158803314
95,100,302,320,-5.506148954737e-05
95,101,302,404,-9.296095231547952e-05
95,102,302,315,4.77003886771854e-05
95,103,302,268,-2.175957524741534e-05
95,104,302,271,-4.898957922705449e-05
95,105,302,272,0.00023924642300698906
95,106,302,325,9.892226080410182e-05
95,107,302,319,0.00015047092165332288
95,108,302,403,0.0002843859256245196
95,109,302,316,-6.849429337307811e-05
95,110,302,312,-0.00023094004427548498
95,111,302,311,1.3079613381705713e-05
95,112,302,310,-8.175661787390709e-05
95,113,302,415,7.027100218692794e-05
95,114,302,308,8.636120037408546e-05
95,115,302,324,-0.00031240162206813693
95,116,302,318,6.843757728347555e-05
95,117,302,402,-8.680622704559937e-05
95,118,302,317,0.00018040936265606433
96,97,303,304,0.00021949308575131
96,98,303,408,0.00018439449195284396
96,99,303,307,0.00033343464019708335
96,100,303,320,-9.402656360180117e-06
96,101,303,404,0.000284617388388142
96,102,303,315,5.690656689694151e-05
96,103,303,268,0.00010070274583995342
96,104,303,271,4.0278438973473385e-05
96,105,303,272,5.416595013230108e-05
96,106,303,325,-3.472511161817238e-05
96,107,303,319,-7.1796661359258e-05
96,108,303,403,0.00011413504398660734
96,109,303,316,0.00015187697135843337
96,110,303,312,-0.00022486626403406262
96,111,303,311,-0.0001620951370568946
96,112,303,310,-0.00014095146616455168
96,113,303,415,0.00011971684580203146
96,114,303,308,9.625707753002644e-05
96,115,303,324,-7.989341975189745e-05
96,116,303,318,6.003536327625625e-05
96,117,303,402,4.272525984561071e-05
96,118,303,317,0.00021406005544122308
97,98,304,408,0.00018924423784483224
97,99,304,307,0.0002644069609232247
97,100,304,320,9.636352478992194e-05
97,101,304,404,7.590138557134196e-05
97,102,304,315,-3.516205106279813e-05
97,103,304,268,6.420519639505073e-05
97,104,304,271,-6.102393672335893e-05
97,105,304,272,-6.692409806419164e-05
97,106,304,325,0.00015863505541346967
97,107,304,319,-1.984577284019906e-05
97,108,304,403,0.00019768645870499313
97,109,304,316,-0.0007006818777881563
97,110,304,312,0.00017431752348784357
97,111,304,311,-0.00011261058534728363
97,112,304,310,-3.599876436055638e-05
97,113,304,415,2.009338822972495e-05
97,114,304,308,7.318102871067822e-05
97,115,304,324,9.464535833103582e-05
97,116,304,318,0.00014723752974532545
97,117,304,402,-0.00013776405830867589
97,118,304,317,-0.0003464311012066901
98,99,408,307,-7.085580728016794e-05
98,100,408,320,0.0002175897388951853
98,101,408,404,0.0002353175514144823
98,102,408,315,-0.0008312103454954922
98,103,408,268,-7.600037497468293e-05
98,104,408,271,-1.8049262507702224e-05
98,105,408,272,-0.00020811788272112608
98,106,408,325,-6.664580723736435e-05
98,107,408,319,0.00019327884365338832
98,108,408,403,-0.0006081308238208294
98,109,408,316,-0.00033410408650524914
98,110,408,312,1.9171371604898013e-05
98,111,408,311,-4.921122672385536e-05
98,112,408,310,-4.063722008140758e-05
98,113,408,415,-0.00020574552763719112
98,114,408,308,-7.747898052912205e-06
98,115,408,324,5.900442920392379e-05
98,116,408,318,0.00023687246721237898
98,117,408,402,0.00014273254782892764
98,118,408,317,6.389997906808276e-06
99,100,307,320,7.551934686489403e-05
99,101,307,404,0.00027211493579670787
99,102,307,315,0.0003756803344003856
99,103,307,268,-0.00020923593547195196
99,104,307,271,0.00011895240459125489
99,105,307,272,-5.0847698730649427e-05
99,106,307,325,5.1277958846185356e-05
99,107,307,319,0.0002552256337366998
99,108,307,403,0.0005301159690134227
99,109,307,316,-1.9034318029298447e-05
99,110,307,312,-7.404448842862621e-05
99,111,307,311,-4.0405393519904464e-05
99,112,307,310,-0.0001152636541519314
99,113,307,415,9.544590284349397e-06
99,114,307,308,-0.00033459614496678114
99,115,307,324,-2.858439074771013e-06
99,116,307,318,9.130236139753833e-05
99,117,307,402,0.00012204800441395491
99,118,307,317,0.00011830181756522506
100,101,320,404,-3.074518099310808e-05
100,102,320,315,0.0003091715625487268
100,103,320,268,1.831844747357536e-05
100,104,320,271,-9.233413584297523e-05
100,105,320,272,0.00043419466237537563
100,106,320,325,0.0002359105128562078
100,107,320,319,8.979954873211682e-05
100,108,320,403,4.702444130089134e-05
100,109,320,316,0.00014039002417121083
100,110,320,312,-0.00016972194134723395
100,111,320,311,-0.00011631420784397051
100,112,320,310,-8.789570711087435e-05
100,113,320,415,2.3890039301477373e-05
100,114,320,308,0.00680073956027627
100,115,320,324,-9.829445480136201e-05
100,116,320,318,-8.52882003528066e-05
100,117,320,402,-1.0093805940414313e-05
100,118,320,317,-5.303653324517654e-06
101,102,404,315,5.3758270951220766e-05
101,103,404,268,-1.3188530829211231e-05
101,104,404,271,-7.771630771458149e-05
101,105,404,272,6.36114928056486e-05
101,106,404,325,1.6193358533200808e-05
101,107,404,319,-0.0003285194397903979
101,108,404,403,8.378495294891763e-06
101,109,404,316,6.0553578805411234e-05
101,110,404,312,-8.668974624015391e-05
101,111,404,311,-0.0001474908785894513
101,112,404,310,0.0002313326403964311
101,113,404,415,-0.00010036971798399463
101,114,404,308,-0.0006431881920434535
101,115,404,324,0.026388512924313545
101,116,404,318,-4.438031101017259e-05
101,117,404,402,8.082247222773731e-05
101,118,404,317,9.171565034193918e-05
102,103,315,268,-0.00012469901412259787
102,104,315,271,0.0003170373383909464
102,105,315,272,-0.0006542924093082547
102,106,315,325,5.186702765058726e-05
102,107,315,319,6.353831395244924e-06
102,108,315,403,8.092233474599198e-05
102,109,315,316,-0.00010930735879810527
102,110,315,312,0.0003492824616841972
102,111,315,311,0.00015280695515684783
102,112,315,310,-0.0002283846406498924
102,113,315,415,-0.0005243846680969
102,114,315,308,-0.00023434431932400912
102,115,315,324,0.00021273440506774932
102,116,315,318,-0.000676605268381536
102,117,315,402,0.00018667017866391689
102,118,315,317,-7.685326272621751e-05
103,104,268,271,-4.802511466550641e-05
103,105,268,272,-4.301607248180517e-07
103,106,268,325,-9.311932808486745e-05
103,107,268,319,0.0002929753391072154
103,108,268,403,-0.00019499771588016301
103,109,268,316,4.032342621940188e-05
103,110,268,312,9.754161510500126e-06
103,111,268,311,2.1222249415586703e-05
103,112,268,310,0.00019304246234241873
103,113,268,415,-0.0001406611845595762
103,114,268,308,-1.0415014003228862e-05
103,115,268,324,-7.97611428424716e-05
103,116,268,318,-1.4199496945366263e-05
103,117,268,402,6.430940266000107e-05
103,118,268,317,0.000150736203067936
104,105,271,272,-9.823364962358028e-05
104,106,271,325,4.1525836422806606e-05
104,107,271,319,0.0003013106470461935
104,108,271,403,0.00011277957673883066
104,109,271,316,-0.00017563301662448794
104,110,271,312,-2.9460241421475075e-05
104,111,271,311,-0.00010277554974891245
104,112,271,310,-0.00022089187405072153
104,113,271,415,-5.5512824474135414e-05
104,114,271,308,2.3432376110577025e-05
104,115,271,324,-6.7592402047012e-05
104,116,271,318,7.156219362514094e-05
104,117,271,402,1.505138243373949e-06
104,118,271,317,-0.0003148015239275992
105,106,272,325,0.0001029490158543922
105,107,272,319,-4.542884562397376e-05
105,108,272,403,-0.0003119286266155541
105,109,272,316,-0.0007221244159154594
105,110,272,312,2.3240769223775715e-05
105,111,272,311,3.4299609978916124e-05
105,112,272,310,2.765987483144272e-05
105,113,272,415,0.00014354073209688067
105,114,272,308,-0.0001299569703405723
105,115,272,324,0.00015542528126388788
105,116,272,318,4.575228376779705e-05
105,117,272,402,-8.112094656098634e-05
105,118,272,317,4.140603414271027e-05
106,107,325,319,-4.737570998258889e-05
106,108,325,403,0.00024383126583416015
106,109,325,316,-4.28124112659134e-05
106,110,325,312,0.000251483463216573
106,111,325,311,6.0939957620576024e-05
106,112,325,310,0.0002535353123676032
106,113,325,415,0.00018483502208255231
106,114,325,308,-0.0004798715526703745
106,115,325,324,-4.5570162910735235e-05
106,116,325,318,-0.00011423783871578053
106,117,325,402,-9.972911357181147e-05
106,118,325,317,0.0001886111858766526
107,108,319,403,-0.0001455706515116617
107,109,319,316,0.00017634037067182362
107,110,319,312,1.337564845016459e-05
107,111,319,311,-2.3832435545045882e-05
107,112,319,310,0.00010556442430242896
107,113,319,415,-0.00031045996001921594
107,114,319,308,-0.00012920521839987487
107,115,319,324,-0.00032908355933614075
107,116,319,318,1.5516208804911003e-05
107,117,319,402,-5.080212213215418e-05
107,118,319,317,0.0001289043138967827
108,109,403,316,0.00018713156168814749
108,110,403,312,0.0004298137500882149
108,111,403,311,8.731480193091556e-05
108,112,403,310,0.00010316810221411288
108,113,403,415,-0.0006930265226401389
108,114,403,308,-0.0005124234594404697
108,115,403,324,-0.00026046845596283674
108,116,403,318,-4.997516953153536e-05
108,117,403,402,-5.5940879974514246e-05
108,118,403,317,8.880709856384783e-07
109,110,316,312,4.599923704518005e-05
109,111,316,311,-2.6339184842072427e-05
109,112,316,310,-0.0006464007892645895
109,113,316,415,-4.614021963789128e-05
109,114,316,308,-0.0001610477629583329
109,115,316,324,0.00011100449046352878
109,116,316,318,-9.400855196872726e-05
109,117,316,402,-0.000161591888172552
109,118,316,317,-0.00010545795521466061
110,111,312,311,0.00019233429338783026
110,112,312,310,0.00018915407417807728
110,113,312,415,-3.2897634810069576e-05
110,114,312,308,-2.0577401301125064e-05
110,115,312,324,-9.606259118299931e-05
110,116,312,318,-1.4959607142372988e-05
110,117,312,402,-0.0001460586063330993
110,118,312,317,0.0002688175009097904
111,112,311,310,-8.101352250378113e-06
111,113,311,415,-2.531822246965021e-05
111,114,311,308,-0.0002786744444165379
111,115,311,324,-4.1337676520925015e-05
111,116,311,318,-0.0001492259616497904
111,117,311,402,0.00019366678316146135
111,118,311,317,5.5016840633470565e-05
112,113,310,415,0.00010027427924796939
112,114,310,308,-2.347370582356234e-06
112,115,310,324,-1.3493095138983335e-05
112,116,310,318,-0.00011496774095576257
112,117,310,402,9.883453458314762e-05
112,118,310,317,-0.0004489611601457
113,114,415,308,-0.000124773767311126
113,115,415,324,-1.6578886061324738e-05
113,116,415,318,-5.9542951930779964e-05
113,117,415,402,-9.673066961113364e-05
113,118,415,317,-0.0005246095242910087
114,115,308,324,7.770812226226553e-05
114,116,308,318,-0.0003285426355432719
114,117,308,402,0.0003065999480895698
114,118,308,317,0.00014754585572518408
115,116,324,318,-8.41732689877972e-05
115,117,324,402,0.0001403965288773179
115,118,324,317,-6.636230682488531e-05
116,117,318,402,-3.5304496122989804e-05
116,118,318,317,0.00035964680137112737
117,118,402,317,-0.00017293664859607816
