i,j,point_id_i,point_id_j,value
0,1,164,167,2.6431769583723508e-05
0,2,164,165,-0.0001407376112183556
0,3,164,92,-0.00017950640176422894
0,4,164,186,-5.770021743956022e-05
0,5,164,57,9.716246131574735e-05
0,6,164,43,5.9393176343292e-05
0,7,164,106,-2.4202816348406486e-05
0,8,164,182,1.0919351552729495e-05
0,9,164,83,7.116476626833901e-05
0,10,164,18,-0.00025400082813575864
0,11,164,200,4.34336425314541e-06
0,12,164,201,0.00013579164806287736
0,13,164,194,-7.363977147178957e-06
0,14,164,204,9.118928574025631e-05
0,15,164,202,-0.00010574167390586808
0,16,164,212,-3.4625056287040934e-05
0,17,164,216,2.9127948437235318e-05
0,18,164,206,0.000101101330074016
0,19,164,203,-7.326951890718192e-05
0,20,164,207,2.2785199860209104e-07
0,21,164,205,0.00020388250413816422
0,22,164,98,-0.00015594955766573548
0,23,164,97,-9.325869177700952e-05
0,24,164,393,-6.437753472710028e-05
0,25,164,391,6.647830741712824e-05
0,26,164,322,-9.412227518623695e-05
0,27,164,410,-0.00011679506133077666
0,28,164,287,-7.081570947775617e-05
0,29,164,273,1.3712337022298016e-05
0,30,164,335,-8.961464482126758e-05
0,31,164,406,0.0002594504621811211
0,32,164,313,-1.4041311260371003e-05
0,33,164,421,-0.00010451638081576675
0,34,164,418,5.102475552121177e-05
0,35,164,424,-7.0384812715929e-05
0,36,164,422,-0.035542313009500504
0,37,164,432,-0.036541592329740524
0,38,164,436,2.2612000975641422e-05
0,39,164,426,-6.95362759870477e-05
0,40,164,423,-0.00021335930796340108
0,41,164,427,-0.036167774349451065
0,42,164,425,-0.002867668867111206
0,43,164,327,9.417779074283317e-05
0,44,164,326,7.092671876307577e-05
0,45,164,0,3.4488544770283625e-05
0,46,164,37,5.948832040303387e-05
0,47,164,39,-2.6177458494203165e-05
0,48,164,40,-7.382986950688064e-05
0,49,164,185,-0.00010430222027935088
0,50,164,61,-2.0271500034141354e-05
0,51,164,146,8.654480552650057e-06
0,52,164,91,0.00012392700591590255
0,53,164,181,-0.00018272646411787719
0,54,164,84,-0.00025023779016919434
0,55,164,17,-0.00018024325254373252
0,56,164,11,-5.2503630286082625e-05
0,57,164,72,0.00015094036643859
0,58,164,73,-9.086283534998074e-05
0,59,164,74,7.641059346497059e-05
0,60,164,184,0.00015044868632685393
0,61,164,77,-8.12172656878829e-05
0,62,164,90,-7.02673378327745e-06
0,63,164,180,-1.7475684217060916e-05
0,64,164,85,-0.00016785223851911724
0,65,164,16,-2.759094422799535e-05
0,66,164,12,1.9310746210976504e-05
0,67,164,38,-4.293775782571174e-05
0,68,164,41,5.774667442892678e-05
0,69,164,42,-0.00022722485300619155
0,70,164,96,-2.968400076497346e-05
0,71,164,89,-2.0815516108996235e-05
0,72,164,179,-0.002332235686480999
0,73,164,86,-8.234314918809105e-06
0,74,164,15,3.3779347177187447e-06
0,75,164,13,-9.339368261862546e-05
0,76,164,82,8.231371612055227e-05
0,77,164,81,-5.633800901705399e-05
0,78,164,80,-0.00011137943511130288
0,79,164,191,3.27917659888044e-05
0,80,164,78,0.00010170369205297902
0,81,164,95,-2.799340563797159e-06
0,82,164,88,-2.070954542432446e-05
0,83,164,178,-0.0007208801689557731
0,84,164,87,-0.0002645773347467184
0,85,164,14,-0.00022393610561266541
0,86,164,267,-6.39327263343148e-05
0,87,164,269,-0.00015366545994766057
0,88,164,270,1.3454661029754789e-06
0,89,164,409,8.551312203053385e-05
0,90,164,291,7.299959543161094e-05
0,91,164,375,0.0001290645741391927
0,92,164,321,0.027002569288015366
0,93,164,405,0.0002514969673939049
0,94,164,314,-4.528884164756164e-05
0,95,164,302,1.541963138151914e-05
0,96,164,303,-8.650820382172242e-05
0,97,164,304,1.46144220707356e-05
0,98,164,408,-2.0977369786123745e-05
0,99,164,307,-3.568088504835032e-05
0,100,164,320,8.05255986051634e-05
0,101,164,404,-1.8832290152204223e-05
0,102,164,315,-0.00023577145475428551
0,103,164,268,-8.402521416428499e-06
0,104,164,271,-0.00020921706163790077
0,105,164,272,-0.00011955354420933872
0,106,164,325,-8.14795566839166e-06
0,107,164,319,-4.7279492719098926e-05
0,108,164,403,-0.0001750014052959159
0,109,164,316,-0.00018482180894352496
0,110,164,312,-4.468554107006639e-05
0,111,164,311,1.4844251381873619e-05
0,112,164,310,-2.5373074095114134e-05
0,113,164,415,-0.00012849854829255491
0,114,164,308,-0.00025228370213881135
0,115,164,324,-6.262591341510415e-05
0,116,164,318,0.00014305030344985425
0,117,164,402,-0.00020931214385200292
0,118,164,317,4.921615982311778e-05
1,2,167,165,2.001636676141061e-05
1,3,167,92,-5.270943438517861e-05
1,4,167,186,-0.00010478124750079587
1,5,167,57,-2.2159010768518783e-05
1,6,167,43,3.5552711779018864e-05
1,7,167,106,-5.5278174841078e-05
1,8,167,182,-6.244135875022039e-05
1,9,167,83,-1.1451652426330838e-05
1,10,167,18,5.2082352340221405e-05
1,11,167,200,0.0010443953797221184
1,12,167,201,-5.3557338105747476e-05
1,13,167,194,2.0423078694875585e-06
1,14,167,204,4.388852175907232e-05
1,15,167,202,-2.0415849576238543e-05
1,16,167,212,0.00016250269254669547
1,17,167,216,3.243828541599214e-05
1,18,167,206,-1.7765609300113283e-05
1,19,167,203,-4.238375186105259e-05
1,20,167,207,4.852629353990778e-05
1,21,167,205,-7.558552169939503e-05
1,22,167,98,0.00013292684161569923
1,23,167,97,-4.9613740884524304e-06
1,24,167,393,-1.6466086890432052e-05
1,25,167,391,-3.6066980101168156e-05
1,26,167,322,-6.811033381382003e-05
1,27,167,410,3.153977741021663e-05
1,28,167,287,-8.190594235202298e-05
1,29,167,273,-6.092254625400528e-05
1,30,167,335,-4.069432179676369e-05
1,31,167,406,8.220341260312125e-05
1,32,167,313,-5.677240915247239e-05
1,33,167,421,-0.00011484653077786788
1,34,167,418,-4.91727732878644e-05
1,35,167,424,-2.652683360793162e-05
1,36,167,422,3.016781192854978e-05
1,37,167,432,0.00011406829435145482
1,38,167,436,-0.013626469299197197
1,39,167,426,-0.00014414814359042794
1,40,167,423,-0.00024295046750921756
1,41,167,427,-0.022261247038841248
1,42,167,425,-0.0002596522681415081
1,43,167,327,-0.0001616051740711555
1,44,167,326,6.484270215878496e-06
1,45,167,0,-7.227819151012227e-05
1,46,167,37,1.920461727422662e-05
1,47,167,39,-5.0878246838692576e-05
1,48,167,40,-0.0001197372330352664
1,49,167,185,-4.615367652149871e-05
1,50,167,61,0.0001393764396198094
1,51,167,146,-4.5688360842177644e-05
1,52,167,91,-7.929951243568212e-05
1,53,167,181,-0.0002498113317415118
1,54,167,84,0.02040087804198265
1,55,167,17,0.001747417845763266
1,56,167,11,-0.00015026509936433285
1,57,167,72,-8.032474579522386e-05
1,58,167,73,-0.00010057118925033137
1,59,167,74,-1.3309501809999347e-05
1,60,167,184,2.027417031058576e-05
1,61,167,77,0.00014276476576924324
1,62,167,90,7.538084901170805e-05
1,63,167,180,-0.0002584747562650591
1,64,167,85,0.019518157467246056
1,65,167,16,-0.00018230947898700833
1,66,167,12,1.122177218348952e-05
1,67,167,38,6.756245420547202e-05
1,68,167,41,-1.9576407794374973e-05
1,69,167,42,6.958394806133583e-06
1,70,167,96,0.00011811652075266466
1,71,167,89,-4.141786848776974e-05
1,72,167,179,8.66878981469199e-05
1,73,167,86,0.02758260816335678
1,74,167,15,0.00012302340473979712
1,75,167,13,7.368640217464417e-05
1,76,167,82,7.722472219029441e-06
1,77,167,81,-3.0696871817781357e-06
1,78,167,80,4.977357093594037e-05
1,79,167,191,0.00011532787175383419
1,80,167,78,-0.00013600700185634196
1,81,167,95,1.7313896023551933e-05
1,82,167,88,2.19284302147571e-05
1,83,167,178,0.00015201981295831501
1,84,167,87,-3.2450050639454275e-05
1,85,167,14,9.349039464723319e-05
1,86,167,267,-0.0003019862633664161
1,87,167,269,-6.120031321188435e-05
1,88,167,270,-0.00011384731624275446
1,89,167,409,-3.101586116827093e-06
1,90,167,291,-0.00010534038301557302
1,91,167,375,-9.255893382942304e-05
1,92,167,321,-4.7955792979337275e-05
1,93,167,405,-5.420708475867286e-05
1,94,167,314,0.00015945873747114092
1,95,167,302,-4.534659819910303e-05
1,96,167,303,4.85719574498944e-05
1,97,167,304,0.00012477338896133006
1,98,167,408,-0.00019135489128530025
1,99,167,307,0.000261873152339831
1,100,167,320,0.00012569116370286793
1,101,167,404,-5.3157727961661294e-05
1,102,167,315,-0.00013798201689496636
1,103,167,268,-5.586972474702634e-05
1,104,167,271,-0.00012796274677384645
1,105,167,272,-6.0828028836112935e-06
1,106,167,325,4.933126547257416e-05
1,107,167,319,-1.871903623396065e-05
1,108,167,403,-0.000220444897422567
1,109,167,316,0.00041269673965871334
1,110,167,312,-9.251829760614783e-05
1,111,167,311,-1.559919837745838e-05
1,112,167,310,-8.384521788684651e-05
1,113,167,415,-0.00030661813798360527
1,114,167,308,0.00015824641741346568
1,115,167,324,9.289926310884766e-06
1,116,167,318,-0.0002615909615997225
1,117,167,402,-4.666073800763115e-05
1,118,167,317,0.0002585847396403551
2,3,165,92,2.6622519726515748e-05
2,4,165,186,-0.00013837193546351045
2,5,165,57,3.5458266211207956e-05
2,6,165,43,2.8508415198302828e-05
2,7,165,106,1.471901327931846e-06
2,8,165,182,6.630507414229214e-05
2,9,165,83,-0.0001267331826966256
2,10,165,18,8.621566666988656e-05
2,11,165,200,-9.987368684960529e-05
2,12,165,201,-9.926260099746287e-05
2,13,165,194,4.3729825847549364e-05
2,14,165,204,0.00010545299301156774
2,15,165,202,-4.9930255045183e-05
2,16,165,212,-4.3236555939074606e-05
2,17,165,216,-2.3635242541786283e-05
2,18,165,206,1.92756051546894e-05
2,19,165,203,-2.5506822566967458e-05
2,20,165,207,-1.366331798635656e-05
2,21,165,205,-9.920112461259123e-06
2,22,165,98,7.80638656578958e-05
2,23,165,97,-0.00010455222945893183
2,24,165,393,-0.00017253430269192904
2,25,165,391,0.00010198321979260072
2,26,165,322,-2.58354907600733e-06
2,27,165,410,-6.10978459008038e-05
2,28,165,287,-3.5475393815431744e-05
2,29,165,273,-9.116777619055938e-06
2,30,165,335,9.876721742330119e-05
2,31,165,406,-6.70195959173725e-06
2,32,165,313,0.0001427647948730737
2,33,165,421,-3.742676562978886e-05
2,34,165,418,-2.089960798912216e-05
2,35,165,424,-9.951939136954024e-05
2,36,165,422,-6.716324423905462e-05
2,37,165,432,-0.00016970581782516092
2,38,165,436,-0.0002394351176917553
2,39,165,426,-5.240069003775716e-05
2,40,165,423,-0.00017326930537819862
2,41,165,427,0.00012129727110732347
2,42,165,425,1.662354520703957e-06
2,43,165,327,-0.00012092452379874885
2,44,165,326,-0.00012574726133607328
2,45,165,0,0.00016609524027444422
2,46,165,37,-5.978726221655961e-06
2,47,165,39,-0.00012302443792577833
2,48,165,40,3.44153813784942e-05
2,49,165,185,8.549137419322506e-05
2,50,165,61,1.1986880053882487e-05
2,51,165,146,-2.8475278668338433e-05
2,52,165,91,0.041317131370306015
2,53,165,181,0.0001786740613169968
2,54,165,84,4.8924041038844734e-05
2,55,165,17,0.0005398133653216064
2,56,165,11,-3.496432691463269e-05
2,57,165,72,3.209715578122996e-05
2,58,165,73,-1.3877693163522054e-05
2,59,165,74,-5.094696462037973e-05
2,60,165,184,-0.00013137442874722183
2,61,165,77,-3.723232657648623e-05
2,62,165,90,0.041331686079502106
2,63,165,180,0.001834651455283165
2,64,165,85,7.1053444116842e-05
2,65,165,16,0.00048585954937152565
2,66,165,12,-5.54116049897857e-05
2,67,165,38,-2.774919630610384e-05
2,68,165,41,-8.384388638660312e-05
2,69,165,42,-1.9225601590733277e-06
2,70,165,96,-4.5916749513708055e-05
2,71,165,89,9.539340680930763e-05
2,72,165,179,4.6040833012739313e-07
2,73,165,86,0.0002548537158872932
2,74,165,15,-6.0597511037485674e-05
2,75,165,13,-2.87989587377524e-05
2,76,165,82,3.3328417430311674e-06
2,77,165,81,7.155579078244045e-05
2,78,165,80,6.973357812967151e-05
2,79,165,191,-2.8140877475379966e-05
2,80,165,78,5.732340650865808e-05
2,81,165,95,8.521827112417668e-05
2,82,165,88,3.105112409684807e-05
2,83,165,178,0.0003098771849181503
2,84,165,87,0.00022914288274478167
2,85,165,14,0.00029999142861925066
2,86,165,267,-5.574756869464181e-06
2,87,165,269,-8.36264734971337e-05
2,88,165,270,-6.40264042885974e-05
2,89,165,409,1.724207504594233e-05
2,90,165,291,-9.800459520192817e-05
2,91,165,375,5.448932643048465e-05
2,92,165,321,-3.905166522599757e-05
2,93,165,405,-5.037196388002485e-05
2,94,165,314,0.0002795556210912764
2,95,165,302,-6.319554813671857e-05
2,96,165,303,-0.0002756283793132752
2,97,165,304,1.1957346941926517e-05
2,98,165,408,-9.455468534724787e-05
2,99,165,307,4.687697582994588e-05
2,100,165,320,-3.82394646294415e-05
2,101,165,404,-8.433237962890416e-05
2,102,165,315,0.001910225604660809
2,103,165,268,3.83633523597382e-05
2,104,165,271,-0.00015573434939142317
2,105,165,272,4.066917972522788e-05
2,106,165,325,-0.0001476154720876366
2,107,165,319,0.00017410278087481856
2,108,165,403,-0.00011217992141610011
2,109,165,316,0.00016351269732695073
2,110,165,312,7.539088255725801e-05
2,111,165,311,-0.00018631145940162241
2,112,165,310,1.4798594747844618e-05
2,113,165,415,-0.00016321767179761082
2,114,165,308,-1.3490731589627103e-06
2,115,165,324,-3.94720264011994e-05
2,116,165,318,-6.251189188333228e-05
2,117,165,402,0.00022373232059180737
2,118,165,317,0.00015213362348731607
3,4,92,186,1.5123900084290653e-05
3,5,92,57,8.816792978905141e-05
3,6,92,43,-2.9040907975286245e-05
3,7,92,106,-0.00013834331184625626
3,8,92,182,2.259217808386893e-06
3,9,92,83,0.00012949638767167926
3,10,92,18,-0.00020370777929201722
3,11,92,200,-6.026432311045937e-05
3,12,92,201,-3.309140811325051e-05
3,13,92,194,-2.5953999283956364e-05
3,14,92,204,2.144358222722076e-05
3,15,92,202,-2.870612843253184e-05
3,16,92,212,-1.2975897334399633e-05
3,17,92,216,-2.897982767535723e-06
3,18,92,206,-1.4534502952301409e-05
3,19,92,203,5.555724783334881e-05
3,20,92,207,1.6951765928752138e-06
3,21,92,205,-7.771273885737173e-06
3,22,92,98,5.2526007493725047e-05
3,23,92,97,-9.988384408643469e-05
3,24,92,393,-4.820329195354134e-05
3,25,92,391,0.00013221375411376357
3,26,92,322,-8.396372868446633e-05
3,27,92,410,8.334026642842218e-05
3,28,92,287,6.498325092252344e-05
3,29,92,273,-0.00011011960305040702
3,30,92,335,-0.00021399956312961876
3,31,92,406,-0.00014980170817580074
3,32,92,313,0.00010099761857418343
3,33,92,421,7.357686990872025e-05
3,34,92,418,0.00022423382324632257
3,35,92,424,-9.955431596608832e-05
3,36,92,422,-0.000221569775021635
3,37,92,432,-2.0974272047169507e-05
3,38,92,436,-2.146184488083236e-05
3,39,92,426,-0.04291582107543945
3,40,92,423,3.900586671079509e-05
3,41,92,427,-3.2606199056317564e-06
3,42,92,425,-2.6488842195249163e-05
3,43,92,327,6.541707989526913e-05
3,44,92,326,0.000133896988700144
3,45,92,0,-7.309918873943388e-05
3,46,92,37,-9.164591756416485e-05
3,47,92,39,-3.855596332869027e-06
3,48,92,40,0.00028659278177656233
3,49,92,185,0.0039709797129035
3,50,92,61,-3.7264233014866477e-06
3,51,92,146,-3.492392715997994e-05
3,52,92,91,-1.4469826965068933e-05
3,53,92,181,0.0001062290248228237
3,54,92,84,0.00010961403313558549
3,55,92,17,-0.022105326876044273
3,56,92,11,4.712821464636363e-05
3,57,92,72,-1.9959135897806846e-05
3,58,92,73,0.00015406408056151122
3,59,92,74,-9.126254553848412e-06
3,60,92,184,-7.996152271516621e-05
3,61,92,77,2.5609608201193623e-05
3,62,92,90,0.00027073509409092367
3,63,92,180,-0.033412981778383255
3,64,92,85,2.1411604393506423e-05
3,65,92,16,-0.007101081311702728
3,66,92,12,0.00014469747839029878
3,67,92,38,-0.00015683550736866891
3,68,92,41,-8.56742772157304e-05
3,69,92,42,-7.905723759904504e-05
3,70,92,96,0.00011990748316748068
3,71,92,89,9.177881292998791e-05
3,72,92,179,-0.011670234613120556
3,73,92,86,-0.017809079959988594
3,74,92,15,0.0008734809816814959
3,75,92,13,-0.00012550479732453823
3,76,92,82,7.18887968105264e-05
3,77,92,81,1.0749854482128285e-05
3,78,92,80,9.201867214869708e-06
3,79,92,191,2.7083784516435117e-05
3,80,92,78,-1.859583062469028e-05
3,81,92,95,0.00010247074533253908
3,82,92,88,-6.790980933146784e-06
3,83,92,178,-1.3172178114473354e-05
3,84,92,87,0.0003332368505652994
3,85,92,14,0.00021640240447595716
3,86,92,267,0.0001365149801131338
3,87,92,269,-0.015017678961157799
3,88,92,270,-0.00012398102262523025
3,89,92,409,1.1261488907621242e-05
3,90,92,291,3.285010461695492e-05
3,91,92,375,-0.01688123121857643
3,92,92,321,-5.586172119365074e-05
3,93,92,405,0.00039639489841647446
3,94,92,314,0.000372071226593107
3,95,92,302,9.182642679661512e-05
3,96,92,303,0.00013215912622399628
3,97,92,304,-1.1125101082143374e-05
3,98,92,408,1.618934220459778e-05
3,99,92,307,-6.446969928219914e-05
3,100,92,320,2.8922157071065158e-05
3,101,92,404,0.0004264882009010762
3,102,92,315,0.0003778311365749687
3,103,92,268,-2.7997963115922175e-05
3,104,92,271,-6.0133927036076784e-05
3,105,92,272,-0.000375711009837687
3,106,92,325,-3.9068156183930114e-05
3,107,92,319,2.1589627067442052e-05
3,108,92,403,0.00038809177931398153
3,109,92,316,0.0004547166172415018
3,110,92,312,-2.3914657504064962e-05
3,111,92,311,1.0213830137217883e-05
3,112,92,310,5.7489294704282656e-05
3,113,92,415,-1.3338258213480003e-05
3,114,92,308,-0.0001844013313530013
3,115,92,324,-3.383270086487755e-05
3,116,92,318,-5.4182739404495806e-05
3,117,92,402,6.890205258969218e-05
3,118,92,317,0.004130818881094456
4,5,186,57,5.6842336562112905e-06
4,6,186,43,0.00020306913938838989
4,7,186,106,5.487879661814077e-06
4,8,186,182,-0.015424424782395363
4,9,186,83,-6.379141996148974e-05
4,10,186,18,-0.00024265534011647105
4,11,186,200,-2.5114741220022552e-05
4,12,186,201,-8.057009108597413e-05
4,13,186,194,-5.4301050113281235e-05
4,14,186,204,-7.188890776888002e-06
4,15,186,202,-0.00010842387564480305
4,16,186,212,-2.031164967775112e-06
4,17,186,216,-4.533441460807808e-05
4,18,186,206,-4.630440798791824e-06
4,19,186,203,4.5020678953733295e-05
4,20,186,207,0.00010071934229927137
4,21,186,205,3.79444427380804e-05
4,22,186,98,7.785225761836045e-07
4,23,186,97,-6.341739936033264e-05
4,24,186,393,-8.940672705648467e-05
4,25,186,391,0.00019840359163936228
4,26,186,322,-7.23834746167995e-05
4,27,186,410,6.56656629871577e-05
4,28,186,287,-0.0378878116607666
4,29,186,273,-0.02149108052253723
4,30,186,335,0.0001267590414499864
4,31,186,406,9.125092037720606e-05
4,32,186,313,1.0577935427136254e-05
4,33,186,421,-4.81147799291648e-05
4,34,186,418,-7.946941332193092e-05
4,35,186,424,0.00023474097542930394
4,36,186,422,-2.521555870771408e-05
4,37,186,432,-6.429158383980393e-05
4,38,186,436,-0.09137356281280518
4,39,186,426,-2.9858707421226427e-05
4,40,186,423,-0.030777504667639732
4,41,186,427,7.4969684646930546e-06
4,42,186,425,0.00010786164784803987
4,43,186,327,-0.046624381095170975
4,44,186,326,0.00014449370792135596
4,45,186,0,0.0001371405232930556
4,46,186,37,-6.94173650117591e-05
4,47,186,39,-6.287861469900236e-05
4,48,186,40,-6.496702553704381e-05
4,49,186,185,7.985802949406207e-05
4,50,186,61,-9.470642908127047e-06
4,51,186,146,0.00019507863908074796
4,52,186,91,-0.00015643349615857005
4,53,186,181,-6.848842895124108e-05
4,54,186,84,2.152146953449119e-05
4,55,186,17,-0.058027464896440506
4,56,186,11,0.00014492461923509836
4,57,186,72,3.1201391266222345e-06
4,58,186,73,4.764676486956887e-05
4,59,186,74,-1.494772186561022e-05
4,60,186,184,0.00014652253594249487
4,61,186,77,0.00017553054203744978
4,62,186,90,-0.032428354024887085
4,63,186,180,-0.03985602408647537
4,64,186,85,-0.04338052123785019
4,65,186,16,-0.024336539208889008
4,66,186,12,-0.0001560932578286156
4,67,186,38,9.587579552317038e-05
4,68,186,41,-0.00023856753250584006
4,69,186,42,3.470006413408555e-05
4,70,186,96,-5.05535863339901e-05
4,71,186,89,-4.7793564590392634e-05
4,72,186,179,-0.04144144803285599
4,73,186,86,-0.026735994964838028
4,74,186,15,-0.02159334160387516
4,75,186,13,-1.519200759503292e-05
4,76,186,82,5.780877108918503e-05
4,77,186,81,-0.0001186759109259583
4,78,186,80,-6.001957444823347e-05
4,79,186,191,-4.7580222599208355e-05
4,80,186,78,-2.8223852496012114e-05
4,81,186,95,7.209072009572992e-06
4,82,186,88,0.00034912864794023335
4,83,186,178,7.348318467848003e-05
4,84,186,87,-0.009115654043853283
4,85,186,14,0.004670294001698494
4,86,186,267,-1.8690288925427012e-05
4,87,186,269,-0.00010199025564361364
4,88,186,270,1.5075874216563534e-05
4,89,186,409,-9.428650082554668e-05
4,90,186,291,0.00031126438989304006
4,91,186,375,0.00014566112076863647
4,92,186,321,-9.941501048160717e-06
4,93,186,405,4.874590740655549e-05
4,94,186,314,0.005516418721526861
4,95,186,302,1.2553518899949268e-05
4,96,186,303,-4.7177731175906956e-05
4,97,186,304,-0.00018490721413400024
4,98,186,408,6.985585787333548e-05
4,99,186,307,-0.0001665692252572626
4,100,186,320,-0.013654766604304314
4,101,186,404,0.0009311640169471502
4,102,186,315,0.006110196001827717
4,103,186,268,6.707056309096515e-05
4,104,186,271,-3.480929808574729e-05
4,105,186,272,0.000165338977240026
4,106,186,325,0.00010075440513901412
4,107,186,319,0.0014292802661657333
4,108,186,403,-0.013876604847609997
4,109,186,316,-0.015259817242622375
4,110,186,312,8.362496737390757e-05
4,111,186,311,2.6114714273717254e-05
4,112,186,310,4.795439963345416e-05
4,113,186,415,-0.00013443382340483367
4,114,186,308,-0.01509491540491581
4,115,186,324,-0.00013929825217928737
4,116,186,318,-0.0792633518576622
4,117,186,402,-0.031357914209365845
4,118,186,317,-0.045515820384025574
5,6,57,43,1.6248370229732245e-05
5,7,57,106,1.9552053345250897e-05
5,8,57,182,1.5578450984321535e-05
5,9,57,83,2.6171564968535677e-05
5,10,57,18,8.623788016848266e-05
5,11,57,200,0.00016221136320382357
5,12,57,201,-1.3186230717110448e-05
5,13,57,194,-1.0730898338806583e-06
5,14,57,204,0.00010972409654641524
5,15,57,202,2.9608243039547233e-06
5,16,57,212,0.00010957136692013592
5,17,57,216,0.00010134522744920105
5,18,57,206,-4.113133400096558e-05
5,19,57,203,-2.5856039428617805e-05
5,20,57,207,5.603932004305534e-05
5,21,57,205,-3.5704906622413546e-05
5,22,57,98,-0.0001247659238288179
5,23,57,97,-4.085971158929169e-05
5,24,57,393,-9.09259106265381e-05
5,25,57,391,-0.019948376342654228
5,26,57,322,6.480508454842493e-05
5,27,57,410,-0.015952344983816147
5,28,57,287,-0.0002608110662549734
5,29,57,273,-1.8647542674443685e-05
5,30,57,335,0.00011290960537735373
5,31,57,406,0.00013488892000168562
5,32,57,313,-3.202617517672479e-05
5,33,57,421,-1.394837636325974e-05
5,34,57,418,9.97993556666188e-05
5,35,57,424,6.596763705601916e-05
5,36,57,422,-3.082911280216649e-05
5,37,57,432,2.5627065042499453e-05
5,38,57,436,-0.07289901375770569
5,39,57,426,-0.04499920457601547
5,40,57,423,-0.05088827759027481
5,41,57,427,-2.7534912078408524e-05
5,42,57,425,-3.877904237015173e-05
5,43,57,327,-1.6616018911008723e-05
5,44,57,326,-6.629786366829649e-05
5,45,57,0,-6.0330017731757835e-05
5,46,57,37,-2.0031722669955343e-05
5,47,57,39,-0.0001174884382635355
5,48,57,40,-3.5914072213927284e-05
5,49,57,185,-3.119926986983046e-05
5,50,57,61,-2.760921597655397e-05
5,51,57,146,0.00013945906539447606
5,52,57,91,-6.635114550590515e-05
5,53,57,181,-0.00011630037624854594
5,54,57,84,-5.3516596381086856e-05
5,55,57,17,-0.06472254544496536
5,56,57,11,-5.508671165443957e-05
5,57,57,72,-0.0001411297998856753
5,58,57,73,-7.248409019666724e-06
5,59,57,74,4.270584759069607e-05
5,60,57,184,6.029672294971533e-05
5,61,57,77,4.425171573529951e-05
5,62,57,90,0.0010076874168589711
5,63,57,180,-0.01142964232712984
5,64,57,85,-0.04085594415664673
5,65,57,16,-0.06471073627471924
5,66,57,12,7.287089101737365e-05
5,67,57,38,0.0001390010875184089
5,68,57,41,-8.72594173415564e-05
5,69,57,42,2.5397759600309655e-05
5,70,57,96,-2.6518371669226326e-05
5,71,57,89,0.0002885992871597409
5,72,57,179,-0.02369895949959755
5,73,57,86,-0.05342511087656021
5,74,57,15,-0.06439535319805145
5,75,57,13,-0.00017749400285538286
5,76,57,82,-0.0001770993258105591
5,77,57,81,-9.787210001377389e-05
5,78,57,80,-2.9961704058223404e-05
5,79,57,191,-6.783432127122069e-06
5,80,57,78,-3.922851465176791e-05
5,81,57,95,-6.44319734419696e-05
5,82,57,88,-4.488494960241951e-05
5,83,57,178,2.410650995443575e-05
5,84,57,87,-0.042646437883377075
5,85,57,14,-0.03788701817393303
5,86,57,267,0.00039758789353072643
5,87,57,269,0.00012520747259259224
5,88,57,270,-3.5634820960694924e-05
5,89,57,409,-5.2373063226696104e-05
5,90,57,291,-1.8846792954718694e-05
5,91,57,375,-1.7525529983686283e-05
5,92,57,321,0.00013897994358558208
5,93,57,405,0.0001245595922227949
5,94,57,314,6.4735664636828e-05
5,95,57,302,-9.972135740099475e-05
5,96,57,303,-0.00010422201012261212
5,97,57,304,-4.407224332680926e-05
5,98,57,408,0.00013851922994945198
5,99,57,307,-0.00010157869837712497
5,100,57,320,0.00026254248223267496
5,101,57,404,0.0030155156273394823
5,102,57,315,-6.0410813603084534e-05
5,103,57,268,-8.429388981312513e-05
5,104,57,271,1.6169615264516324e-05
5,105,57,272,-9.81600460363552e-05
5,106,57,325,-8.542872092220932e-05
5,107,57,319,-0.00011255826393608004
5,108,57,403,0.0029346211813390255
5,109,57,316,0.0008627094211988151
5,110,57,312,-0.00018893841479439288
5,111,57,311,7.827758963685483e-05
5,112,57,310,-0.00011891158646903932
5,113,57,415,-2.8885031497338787e-05
5,114,57,308,5.384012638387503e-06
5,115,57,324,-0.00022517422621604055
5,116,57,318,0.0001545247359899804
5,117,57,402,0.0019091499270871282
5,118,57,317,0.0004812106490135193
6,7,43,106,8.415373304160312e-05
6,8,43,182,4.9602840590523556e-05
6,9,43,83,-5.639043229166418e-05
6,10,43,18,0.00033105898182839155
6,11,43,200,7.139174704207107e-05
6,12,43,201,5.732376666855998e-05
6,13,43,194,7.237027602968737e-05
6,14,43,204,-0.00012126204092055559
6,15,43,202,0.00010457372991368175
6,16,43,212,8.386171975871548e-05
6,17,43,216,-8.018792141228914e-05
6,18,43,206,8.054626232478768e-05
6,19,43,203,1.9846489522024058e-05
6,20,43,207,9.05688721104525e-05
6,21,43,205,4.395967334858142e-05
6,22,43,98,-4.8629965021973476e-05
6,23,43,97,3.356099114171229e-05
6,24,43,393,-0.00012287251593079418
6,25,43,391,-2.2139871362014674e-05
6,26,43,322,-0.00021499885770026594
6,27,43,410,-2.3425887775374576e-05
6,28,43,287,-0.07488485425710678
6,29,43,273,-6.080726961954497e-05
6,30,43,335,0.00023622658045496792
6,31,43,406,0.00016053418221417814
6,32,43,313,0.00011248608643654734
6,33,43,421,0.0001477420883020386
6,34,43,418,-2.3105216314434074e-05
6,35,43,424,0.00016793257964309305
6,36,43,422,7.017980533419177e-05
6,37,43,432,-2.013939229073003e-05
6,38,43,436,7.770114461891353e-05
6,39,43,426,-0.0001250094355782494
6,40,43,423,-1.8275595721206628e-05
6,41,43,427,0.00012776977382600307
6,42,43,425,7.904366066213697e-05
6,43,43,327,-6.499324808828533e-05
6,44,43,326,0.00014784208906348795
6,45,43,0,-0.009727202355861664
6,46,43,37,-0.00010008846584241837
6,47,43,39,6.673824100289494e-05
6,48,43,40,0.0001086404372472316
6,49,43,185,-2.3806320314179175e-05
6,50,43,61,-2.8731103157042526e-05
6,51,43,146,9.096484063775279e-06
6,52,43,91,5.3518986533163115e-05
6,53,43,181,-0.00010387138172518462
6,54,43,84,-0.0002189214719692245
6,55,43,17,0.002206384902819991
6,56,43,11,-0.00022835328127257526
6,57,43,72,-7.013157301116735e-05
6,58,43,73,-4.971273028786527e-06
6,59,43,74,1.846518716774881e-05
6,60,43,184,0.000248630007263273
6,61,43,77,-0.00013080128701403737
6,62,43,90,5.754462108598091e-05
6,63,43,180,-7.235321390908211e-05
6,64,43,85,-9.207915354636498e-06
6,65,43,16,-8.581932343076915e-05
6,66,43,12,-0.00020522670820355415
6,67,43,38,4.413791248225607e-05
6,68,43,41,0.00014581831055693328
6,69,43,42,4.999918382964097e-05
6,70,43,96,-0.00012800625700037926
6,71,43,89,8.88753347680904e-05
6,72,43,179,4.475575678952737e-06
6,73,43,86,0.0002370935253566131
6,74,43,15,-0.0006895045517012477
6,75,43,13,0.0002610430237837136
6,76,43,82,-4.599749809131026e-05
6,77,43,81,-4.2653438868001103e-05
6,78,43,80,1.933499333972577e-05
6,79,43,191,2.73501209449023e-05
6,80,43,78,-0.00021013351215515286
6,81,43,95,0.00015381729463115335
6,82,43,88,2.6506208087084815e-05
6,83,43,178,-6.408947956515476e-05
6,84,43,87,-5.9357666032155976e-05
6,85,43,14,9.309798042522743e-05
6,86,43,267,-0.013313469476997852
6,87,43,269,-0.013820515014231205
6,88,43,270,-7.097132038325071e-05
6,89,43,409,-9.00578288565157e-06
6,90,43,291,5.2319446695037186e-05
6,91,43,375,6.032935289113084e-06
6,92,43,321,-0.00047644306323491037
6,93,43,405,0.00023689544468652457
6,94,43,314,3.8227935874601826e-05
6,95,43,302,-7.390457176370546e-05
6,96,43,303,5.2830655477009714e-05
6,97,43,304,0.00018858429393731058
6,98,43,408,-2.7307675054544234e-07
6,99,43,307,-1.3325535519470577e-07
6,100,43,320,0.00013229767500888556
6,101,43,404,0.00011274035205133259
6,102,43,315,0.0002022600529016927
6,103,43,268,0.00022991711739450693
6,104,43,271,7.97623215476051e-05
6,105,43,272,-2.7016832973458804e-05
6,106,43,325,-7.04191334079951e-05
6,107,43,319,3.0669642001157627e-05
6,108,43,403,-0.000121395627502352
6,109,43,316,-5.1551996875787154e-05
6,110,43,312,-0.0001846356608439237
6,111,43,311,0.00020178023260086775
6,112,43,310,-6.81954188621603e-05
6,113,43,415,-7.989687583176419e-05
6,114,43,308,3.863033725792775e-06
6,115,43,324,-1.6534887663510744e-06
6,116,43,318,0.00025518788606859744
6,117,43,402,0.0003479306469671428
6,118,43,317,-0.00019092168076895177
7,8,106,182,-3.339977774885483e-05
7,9,106,83,-3.565243969205767e-05
7,10,106,18,-3.686338823172264e-05
7,11,106,200,-7.58643145672977e-05
7,12,106,201,-0.0001374236453557387
7,13,106,194,-1.5733721738797612e-06
7,14,106,204,9.445414616493508e-05
7,15,106,202,-4.438494215719402e-06
7,16,106,212,4.496977271628566e-05
7,17,106,216,-3.575071241357364e-05
7,18,106,206,-0.0001202185230795294
7,19,106,203,-0.0002620630257297307
7,20,106,207,1.8363049093750305e-05
7,21,106,205,2.8202262910781428e-05
7,22,106,98,1.954921754077077e-05
7,23,106,97,-4.3696327338693663e-05
7,24,106,393,0.0001366533397231251
7,25,106,391,1.8527420252212323e-05
7,26,106,322,-0.0001487695990363136
7,27,106,410,-4.5562119339592755e-05
7,28,106,287,1.2890628568129614e-05
7,29,106,273,-0.00011435352644184604
7,30,106,335,3.629349748734967e-06
7,31,106,406,-7.817996811354533e-05
7,32,106,313,1.5132961380004417e-05
7,33,106,421,8.131199138006195e-05
7,34,106,418,-1.8329796148464084e-05
7,35,106,424,-2.182493972213706e-06
7,36,106,422,1.847953535616398e-05
7,37,106,432,-3.380180714884773e-05
7,38,106,436,-1.5871952200541273e-05
7,39,106,426,-0.00018382845155429095
7,40,106,423,3.782546991715208e-05
7,41,106,427,-3.761391781154089e-05
7,42,106,425,-0.08215977251529694
7,43,106,327,-3.507723522488959e-05
7,44,106,326,-7.429625111399218e-05
7,45,106,0,-0.00034754668013192713
7,46,106,37,-9.240904546459205e-06
7,47,106,39,-0.00015563015767838806
7,48,106,40,0.00010426195512991399
7,49,106,185,-0.0001279067510040477
7,50,106,61,-0.00010049099364550784
7,51,106,146,-5.278745084069669e-05
7,52,106,91,-1.6264635632978752e-05
7,53,106,181,5.569247605308192e-06
7,54,106,84,-0.0001291310618398711
7,55,106,17,0.00031771528301760554
7,56,106,11,-4.348014772403985e-05
7,57,106,72,-5.5824799346737564e-05
7,58,106,73,8.361895197595004e-06
7,59,106,74,-8.669478847878054e-05
7,60,106,184,-6.977294833632186e-05
7,61,106,77,2.974887320306152e-05
7,62,106,90,7.115092012099922e-05
7,63,106,180,6.364113505696878e-05
7,64,106,85,6.55496260151267e-05
7,65,106,16,0.001422879402525723
7,66,106,12,0.0003796555392909795
7,67,106,38,-9.601232159184292e-05
7,68,106,41,-4.370751412352547e-05
7,69,106,42,1.3338315511646215e-05
7,70,106,96,6.330841279122978e-05
7,71,106,89,-6.681992090307176e-05
7,72,106,179,5.678261004504748e-05
7,73,106,86,-0.00016378180589526892
7,74,106,15,0.00033062382135540247
7,75,106,13,0.0009061594610102475
7,76,106,82,-6.5372023527743295e-06
7,77,106,81,-0.0001597980153746903
7,78,106,80,-8.32012519822456e-05
7,79,106,191,8.129108027787879e-05
7,80,106,78,2.4333934561582282e-05
7,81,106,95,-5.233754563960247e-05
7,82,106,88,-9.892187517834827e-05
7,83,106,178,0.00015686913684476167
7,84,106,87,-2.77446106338175e-05
7,85,106,14,0.00032295650453306735
7,86,106,267,-0.0061280992813408375
7,87,106,269,-9.225498797604814e-05
7,88,106,270,-1.6758236597524956e-05
7,89,106,409,6.361540727084503e-05
7,90,106,291,-6.920331361470744e-05
7,91,106,375,0.0002160540025215596
7,92,106,321,1.1391656698833685e-05
7,93,106,405,0.0002432282781228423
7,94,106,314,0.0010462459176778793
7,95,106,302,-0.012026292271912098
7,96,106,303,0.00145696138497442
7,97,106,304,-0.00012056824198225513
7,98,106,408,4.194369466858916e-05
7,99,106,307,9.810722986003384e-05
7,100,106,320,0.00012020493886666372
7,101,106,404,-1.5789921235409565e-05
7,102,106,315,0.00030719104688614607
7,103,106,268,-4.699480996350758e-05
7,104,106,271,-5.635044362861663e-05
7,105,106,272,-2.9945458663860336e-05
7,106,106,325,-2.1656580429407768e-05
7,107,106,319,9.660435898695141e-05
7,108,106,403,-0.00022398261353373528
7,109,106,316,0.0005496851517818868
7,110,106,312,-0.00012491524103097618
7,111,106,311,-0.00015126215294003487
7,112,106,310,-5.62272580282297e-05
7,113,106,415,1.4968728464737069e-05
7,114,106,308,4.01799006795045e-05
7,115,106,324,5.4228647059062496e-05
7,116,106,318,-0.00015022643492557108
7,117,106,402,0.000988670508377254
7,118,106,317,0.00018437871767673641
8,9,182,83,-0.00011734942381735891
8,10,182,18,-3.841577563434839e-05
8,11,182,200,-9.363596473122016e-05
8,12,182,201,3.738891246030107e-05
8,13,182,194,7.376109715551138e-05
8,14,182,204,1.666473144723568e-05
8,15,182,202,3.198151898686774e-05
8,16,182,212,-3.704864502651617e-05
8,17,182,216,-0.00010608463344397023
8,18,182,206,-9.813296856009401e-06
8,19,182,203,-7.878870383137837e-05
8,20,182,207,1.0161214959225617e-05
8,21,182,205,-6.07669135206379e-05
8,22,182,98,2.6575149604468606e-05
8,23,182,97,-7.293149246834219e-05
8,24,182,393,0.00011769818956963718
8,25,182,391,1.9829112716251984e-05
8,26,182,322,-6.784015567973256e-05
8,27,182,410,-9.44167550187558e-05
8,28,182,287,7.179520707722986e-06
8,29,182,273,2.4220056729973294e-05
8,30,182,335,-2.8855840355390683e-05
8,31,182,406,0.00033525077742524445
8,32,182,313,7.919361087260768e-05
8,33,182,421,-7.979693327797577e-05
8,34,182,418,0.00014655616541858763
8,35,182,424,-0.00011581392027437687
8,36,182,422,0.00010532627493375912
8,37,182,432,-3.9065929740900174e-05
8,38,182,436,-0.00012178708129795268
8,39,182,426,8.632822573417798e-05
8,40,182,423,7.150479359552264e-05
8,41,182,427,0.00011996862303931266
8,42,182,425,-0.021084483712911606
8,43,182,327,-0.00014620451838709414
8,44,182,326,-8.6819680291228e-05
8,45,182,0,-0.0001313044485868886
8,46,182,37,-0.00018296093912795186
8,47,182,39,-6.606578972423449e-05
8,48,182,40,-0.0002812232414726168
8,49,182,185,-0.000357307493686676
8,50,182,61,3.218883875888423e-06
8,51,182,146,-0.00012786206207238138
8,52,182,91,4.5353999666986056e-07
8,53,182,181,-3.32156996591948e-05
8,54,182,84,0.00017304463835898787
8,55,182,17,0.00034633983159437776
8,56,182,11,-0.00018910595099441707
8,57,182,72,-0.0002647647343110293
8,58,182,73,-2.6933545086649247e-05
8,59,182,74,4.925012763123959e-05
8,60,182,184,-4.588419415085809e-06
8,61,182,77,-0.00016156250785570592
8,62,182,90,-7.898431067587808e-05
8,63,182,180,1.8649005141924135e-05
8,64,182,85,3.886520062224008e-05
8,65,182,16,0.00016611309547442943
8,66,182,12,-2.811710692185443e-05
8,67,182,38,0.0001631112099858001
8,68,182,41,-6.425711762858555e-05
8,69,182,42,-0.00018422427820041776
8,70,182,96,-4.7922407247824594e-05
8,71,182,89,-2.8335934985079803e-05
8,72,182,179,7.831231778254732e-05
8,73,182,86,-0.0001617282978259027
8,74,182,15,-0.00012680022337008268
8,75,182,13,0.0009240211802534759
8,76,182,82,1.8253165762871504e-05
8,77,182,81,6.160778866615146e-05
8,78,182,80,-1.123427409766009e-05
8,79,182,191,-6.538792513310909e-05
8,80,182,78,-4.162252298556268e-05
8,81,182,95,-5.6842742196749896e-05
8,82,182,88,-0.00014862840180285275
8,83,182,178,-8.840765804052353e-05
8,84,182,87,-7.622373959748074e-05
8,85,182,14,6.454367394326255e-05
8,86,182,267,-3.632961306720972e-05
8,87,182,269,-0.00021660959464497864
8,88,182,270,-5.160819637239911e-05
8,89,182,409,-7.290930807357654e-05
8,90,182,291,3.50972477463074e-05
8,91,182,375,2.3462556782760657e-05
8,92,182,321,1.9782179151661694e-05
8,93,182,405,-4.464534868020564e-05
8,94,182,314,0.0017672179965302348
8,95,182,302,-0.008216295391321182
8,96,182,303,0.0001559587981319055
8,97,182,304,-1.7420194126316346e-05
8,98,182,408,1.6907799363252707e-05
8,99,182,307,-7.535911572631449e-05
8,100,182,320,-5.30856050318107e-05
8,101,182,404,0.0001846070954343304
8,102,182,315,-0.014275328256189823
8,103,182,268,-0.00014410301810130477
8,104,182,271,2.960026449727593e-06
8,105,182,272,9.673384192865342e-05
8,106,182,325,3.5183795262128115e-05
8,107,182,319,6.68120919726789e-05
8,108,182,403,-8.476219227304682e-05
8,109,182,316,3.578642281354405e-05
8,110,182,312,0.00011665224883472547
8,111,182,311,-0.00013729179045185447
8,112,182,310,7.870027184253559e-05
8,113,182,415,2.7541991585167125e-05
8,114,182,308,4.340586383477785e-05
8,115,182,324,-0.00012922480527777225
8,116,182,318,2.3015192709863186e-05
8,117,182,402,-0.00015609635738655925
8,118,182,317,-4.3696563807316124e-05
9,10,83,18,-6.531371764140204e-05
9,11,83,200,-0.0001189845206681639
9,12,83,201,1.8414870282867923e-05
9,13,83,194,0.00012948222865816206
9,14,83,204,0.0001182460255222395
9,15,83,202,4.4967127905692905e-05
9,16,83,212,-8.369443821720779e-05
9,17,83,216,-0.00010988912254106253
9,18,83,206,-0.00015666091348975897
9,19,83,203,-5.733137368224561e-05
9,20,83,207,9.865776519291103e-05
9,21,83,205,-0.000120897515444085
9,22,83,98,-0.00015458298730663955
9,23,83,97,7.802240725141019e-05
9,24,83,393,-3.5027431295020506e-05
9,25,83,391,-0.00010391130490461364
9,26,83,322,-0.00012687301205005497
9,27,83,410,-6.865770410513505e-05
9,28,83,287,2.2154108592076227e-05
9,29,83,273,-2.9652121156686917e-05
9,30,83,335,-1.8909871869254857e-05
9,31,83,406,2.529642551962752e-05
9,32,83,313,-5.826488632010296e-05
9,33,83,421,-0.00011321252532070503
9,34,83,418,7.137525244615972e-05
9,35,83,424,-0.00011897484364453703
9,36,83,422,-6.869737489978434e-07
9,37,83,432,-4.285861723474227e-05
9,38,83,436,-0.00016279518604278564
9,39,83,426,5.249238893156871e-05
9,40,83,423,-0.00010306547483196482
9,41,83,427,-0.00013609878078568727
9,42,83,425,-0.00016187627625185996
9,43,83,327,-5.7647397625260055e-05
9,44,83,326,-1.0309476238035131e-05
9,45,83,0,-0.00024194530851673335
9,46,83,37,-9.073798719327897e-05
9,47,83,39,-0.00027043133741244674
9,48,83,40,-1.7904547348734923e-05
9,49,83,185,1.0955618563457392e-05
9,50,83,61,-9.72690322669223e-05
9,51,83,146,9.661811054684222e-05
9,52,83,91,-1.9032275304198265e-05
9,53,83,181,6.655597098870203e-05
9,54,83,84,-2.1444760932354257e-05
9,55,83,17,0.00022008140513207763
9,56,83,11,-2.1419644326670095e-05
9,57,83,72,1.460214662074577e-05
9,58,83,73,-0.0002527064352761954
9,59,83,74,-6.84625847497955e-05
9,60,83,184,-3.270470187999308e-05
9,61,83,77,-4.558329237625003e-06
9,62,83,90,1.1020470992662013e-05
9,63,83,180,-9.189077900373377e-06
9,64,83,85,3.2552463380852714e-05
9,65,83,16,0.0004015920276287943
9,66,83,12,3.5571454645833e-05
9,67,83,38,9.553765266900882e-05
9,68,83,41,-0.00016720443090889603
9,69,83,42,-0.00015962791803758591
9,70,83,96,-7.831544644432142e-05
9,71,83,89,2.7188552849111147e-05
9,72,83,179,-0.00013446137018036097
9,73,83,86,3.928735532099381e-05
9,74,83,15,-4.820659523829818e-05
9,75,83,13,-3.606636164477095e-05
9,76,83,82,-2.1328582079149783e-05
9,77,83,81,1.9262124624219723e-05
9,78,83,80,-9.714117913972586e-05
9,79,83,191,-6.797587411710992e-05
9,80,83,78,8.366363181266934e-05
9,81,83,95,-1.8568271116237156e-05
9,82,83,88,-0.00010221114644082263
9,83,83,178,-2.2076333152654115e-06
9,84,83,87,-1.395129493175773e-05
9,85,83,14,9.720124216983095e-05
9,86,83,267,-0.00011730513506336138
9,87,83,269,9.064241021405905e-05
9,88,83,270,-2.8690437829936855e-05
9,89,83,409,-7.005831139395013e-05
9,90,83,291,1.2538303053588606e-05
9,91,83,375,-4.883118162979372e-05
9,92,83,321,5.723326466977596e-05
9,93,83,405,-3.4940073874167865e-06
9,94,83,314,0.000364515493856743
9,95,83,302,2.5139279387076385e-05
9,96,83,303,-0.00012474332470446825
9,97,83,304,-8.405200787819922e-05
9,98,83,408,-1.842216261138674e-05
9,99,83,307,2.971471258206293e-05
9,100,83,320,-1.792298280633986e-05
9,101,83,404,2.5171104425680824e-05
9,102,83,315,0.0002460905525367707
9,103,83,268,6.293495971476659e-05
9,104,83,271,9.74057984421961e-05
9,105,83,272,-1.4093702702666633e-05
9,106,83,325,-1.4337809261633083e-05
9,107,83,319,7.461677887476981e-05
9,108,83,403,3.8986709114396945e-05
9,109,83,316,5.193477772991173e-05
9,110,83,312,0.000110113644041121
9,111,83,311,1.5862318832660094e-05
9,112,83,310,2.4818700694595464e-05
9,113,83,415,-7.97007669461891e-05
9,114,83,308,-2.601066807983443e-05
9,115,83,324,-6.713884795317426e-05
9,116,83,318,0.00012900008005090058
9,117,83,402,0.0002678812888916582
9,118,83,317,2.084506741084624e-05
10,11,18,200,0.00010503317025722936
10,12,18,201,-4.577151412377134e-05
10,13,18,194,9.411082282895222e-05
10,14,18,204,0.0002513079671189189
10,15,18,202,1.215789689013036e-05
10,16,18,212,-9.341056284029037e-05
10,17,18,216,2.1975729396217503e-06
10,18,18,206,-5.5872082157293335e-05
10,19,18,203,-8.671679097460583e-05
10,20,18,207,0.00011344932863721624
10,21,18,205,5.7160446885973215e-05
10,22,18,98,-4.633186836144887e-05
10,23,18,97,-0.00017818684864323586
10,24,18,393,-0.00022510952840093523
10,25,18,391,-8.009642624529079e-05
10,26,18,322,-5.479492392623797e-05
10,27,18,410,-0.0001571967004565522
10,28,18,287,1.8836267372535076e-06
10,29,18,273,-0.00011981276475125924
10,30,18,335,-2.6156529202125967e-05
10,31,18,406,-4.738291318062693e-05
10,32,18,313,-2.9931095923529938e-05
10,33,18,421,-1.9760022041737102e-05
10,34,18,418,-9.347519153379835e-06
10,35,18,424,-0.00010905435192398727
10,36,18,422,-0.0002129087079083547
10,37,18,432,-0.00010900033521465957
10,38,18,436,2.48215401370544e-05
10,39,18,426,8.695817086845636e-06
10,40,18,423,-0.00016725296154618263
10,41,18,427,-8.963016443885863e-05
10,42,18,425,8.709494068170898e-06
10,43,18,327,5.833428804180585e-05
10,44,18,326,8.03389775683172e-05
10,45,18,0,-1.5879782949923538e-05
10,46,18,37,-0.00018801007536239922
10,47,18,39,-4.3847958295373246e-05
10,48,18,40,-2.4671051505720243e-05
10,49,18,185,0.00022481718042399734
10,50,18,61,3.625176032073796e-05
10,51,18,146,0.0002669508394319564
10,52,18,91,3.208135603927076e-05
10,53,18,181,-7.661976997042075e-05
10,54,18,84,6.308102456387132e-05
10,55,18,17,-8.43559428176377e-06
10,56,18,11,-7.612292392877862e-05
10,57,18,72,3.281219687778503e-05
10,58,18,73,3.4382894227746874e-05
10,59,18,74,-2.7592568585532717e-05
10,60,18,184,2.8925165679538622e-05
10,61,18,77,8.45665781525895e-05
10,62,18,90,-1.706920738797635e-05
10,63,18,180,-9.186354873236269e-06
10,64,18,85,-0.0001527867279946804
10,65,18,16,4.1167841118294746e-05
10,66,18,12,-7.980164809850976e-05
10,67,18,38,0.00012914031685795635
10,68,18,41,-0.00013725608005188406
10,69,18,42,5.9308720665285364e-05
10,70,18,96,0.00014223427569959313
10,71,18,89,-8.049203461268917e-05
10,72,18,179,-0.0001072223240043968
10,73,18,86,-0.00017058757657650858
10,74,18,15,2.511117963877041e-05
10,75,18,13,-5.976851753075607e-05
10,76,18,82,-0.00014842356904409826
10,77,18,81,5.2355135267134756e-05
10,78,18,80,-9.58362506935373e-05
10,79,18,191,8.130083733703941e-05
10,80,18,78,-0.00017008540453389287
10,81,18,95,4.2948526242980734e-05
10,82,18,88,-6.18100311839953e-05
10,83,18,178,-8.058826642809436e-05
10,84,18,87,-2.2412194084608927e-05
10,85,18,14,-3.785125591093674e-05
10,86,18,267,-0.00022495993471238762
10,87,18,269,0.01075142901390791
10,88,18,270,7.869400724302977e-05
10,89,18,409,-7.073203596519306e-05
10,90,18,291,0.00014509298489429057
10,91,18,375,3.85352541343309e-05
10,92,18,321,7.871380148571916e-06
10,93,18,405,-9.55568757490255e-05
10,94,18,314,0.00018578398157842457
10,95,18,302,-8.911431359592825e-05
10,96,18,303,4.532280399871524e-06
10,97,18,304,4.595459904521704e-05
10,98,18,408,-0.00013668581959791481
10,99,18,307,2.3675568172620842e-06
10,100,18,320,-6.251009472180158e-05
10,101,18,404,8.7758555309847e-05
10,102,18,315,-9.155281077255495e-06
10,103,18,268,-1.4930610632291064e-05
10,104,18,271,0.00011650325177470222
10,105,18,272,0.00012090530071873218
10,106,18,325,-8.388721471419558e-05
10,107,18,319,-6.072282849345356e-05
10,108,18,403,3.7282843550201505e-05
10,109,18,316,9.929227962857112e-05
10,110,18,312,-0.00014452461618930101
10,111,18,311,3.6866393202217296e-05
10,112,18,310,-0.0002452890621498227
10,113,18,415,3.7600573705276474e-05
10,114,18,308,-0.00012137474550399929
10,115,18,324,6.68465654598549e-05
10,116,18,318,-0.00011484267452033237
10,117,18,402,-5.9228925238130614e-05
10,118,18,317,-3.0321582471515285e-06
11,12,200,201,-0.00022225511202123016
11,13,200,194,-2.8069227482774295e-05
11,14,200,204,-0.0001611284533282742
11,15,200,202,9.145237709162757e-05
11,16,200,212,-9.109936945606023e-05
11,17,200,216,5.353876986191608e-07
11,18,200,206,-0.00013706955360248685
11,19,200,203,-0.00015634486044291407
11,20,200,207,0.0001236238022102043
11,21,200,205,0.00025455618742853403
11,22,200,98,4.906729736831039e-05
11,23,200,97,0.0012770695611834526
11,24,200,393,2.6860325306188315e-06
11,25,200,391,-0.00024045234022196382
11,26,200,322,-7.536271004937589e-05
11,27,200,410,7.411434489767998e-05
11,28,200,287,-1.1405189979996067e-05
11,29,200,273,4.859947875957005e-05
11,30,200,335,-9.538151789456606e-05
11,31,200,406,-7.396528235403821e-05
11,32,200,313,4.3252832256257534e-05
11,33,200,421,-1.7484633644926362e-05
11,34,200,418,-3.449082942097448e-05
11,35,200,424,-1.572789369674865e-05
11,36,200,422,3.3179065212607384e-05
11,37,200,432,5.178447099751793e-05
11,38,200,436,-0.00016165169654414058
11,39,200,426,5.803734893561341e-05
11,40,200,423,-0.00029209794593043625
11,41,200,427,-7.771623131702654e-06
11,42,200,425,-7.949564314913005e-05
11,43,200,327,-2.9887420168961398e-05
11,44,200,326,7.708775228820741e-06
11,45,200,0,-6.136863521533087e-05
11,46,200,37,0.00013984268298372626
11,47,200,39,-0.00010708985792007297
11,48,200,40,3.261580059188418e-05
11,49,200,185,-4.6618730266345665e-05
11,50,200,61,1.8706905393628404e-05
11,51,200,146,6.665037653874606e-05
11,52,200,91,-0.00013882142957299948
11,53,200,181,-0.00023445785336662084
11,54,200,84,-1.4384983842319343e-05
11,55,200,17,-1.2656151739065535e-05
11,56,200,11,-5.4876491049071774e-05
11,57,200,72,-2.2351223378791474e-05
11,58,200,73,-8.45631893753307e-06
11,59,200,74,0.0001308607024839148
11,60,200,184,5.940120172454044e-05
11,61,200,77,0.00010178974480368197
11,62,200,90,-5.28636846865993e-05
11,63,200,180,1.3563591892307159e-05
11,64,200,85,0.00010220029071206227
11,65,200,16,-2.221465365437325e-05
11,66,200,12,-0.0001098492939490825
11,67,200,38,-9.369611507281661e-05
11,68,200,41,3.171496791765094e-05
11,69,200,42,-1.934286774485372e-05
11,70,200,96,-5.89269711781526e-06
11,71,200,89,-8.306463860208169e-05
11,72,200,179,-3.3825541322585195e-05
11,73,200,86,1.0265956916555297e-05
11,74,200,15,-0.0002083282161038369
11,75,200,13,-1.7197067791130394e-05
11,76,200,82,-0.00016039096226450056
11,77,200,81,-1.7409496422260418e-06
11,78,200,80,-0.00016296010289806873
11,79,200,191,0.00011559879931155592
11,80,200,78,1.658218570810277e-05
11,81,200,95,-2.4149458113242872e-05
11,82,200,88,-7.427325908793136e-05
11,83,200,178,-7.18325245543383e-05
11,84,200,87,-0.00010209371976088732
11,85,200,14,0.00025098214973695576
11,86,200,267,-6.702357495669276e-05
11,87,200,269,-0.00014217488933354616
11,88,200,270,6.88501022523269e-05
11,89,200,409,-0.0002649078087415546
11,90,200,291,-3.9061986171873286e-05
11,91,200,375,-8.07018659543246e-05
11,92,200,321,0.00011432794417487457
11,93,200,405,6.311503966571763e-05
11,94,200,314,-8.512517410963483e-07
11,95,200,302,-0.0002041152911260724
11,96,200,303,-1.171259555121651e-06
11,97,200,304,-6.971975381020457e-05
11,98,200,408,-0.00013439494068734348
11,99,200,307,0.00010598721564747393
11,100,200,320,9.004835737869143e-05
11,101,200,404,1.0364555009800824e-06
11,102,200,315,2.8213835321366787e-05
11,103,200,268,-0.00017679524898994714
11,104,200,271,8.582230657339096e-05
11,105,200,272,-8.81660234881565e-05
11,106,200,325,8.265746873803437e-05
11,107,200,319,0.0004482255026232451
11,108,200,403,3.333380300318822e-05
11,109,200,316,0.00013763734023086727
11,110,200,312,9.74396516539855e-06
11,111,200,311,0.00019594450714066625
11,112,200,310,-4.9432214836997446e-06
11,113,200,415,-2.8632433895836584e-05
11,114,200,308,-1.7002423192025162e-05
11,115,200,324,-3.52013303199783e-05
11,116,200,318,0.00033459655242040753
11,117,200,402,-2.4978759029181674e-05
11,118,200,317,-9.087647049454972e-05
12,13,201,194,-4.983361577615142e-05
12,14,201,204,-9.044649777933955e-05
12,15,201,202,-0.0001573012414155528
12,16,201,212,8.186542254406959e-05
12,17,201,216,-2.1890949938097037e-05
12,18,201,206,-9.07183566596359e-05
12,19,201,203,-2.7978006983175874e-05
12,20,201,207,0.0003570071130525321
12,21,201,205,-0.000170262559549883
12,22,201,98,2.5183760953950696e-05
12,23,201,97,8.996844553621486e-05
12,24,201,393,2.1078911231597885e-05
12,25,201,391,9.537288133287802e-05
12,26,201,322,-7.482366072508739e-06
12,27,201,410,-4.180464020464569e-05
12,28,201,287,-2.382973616477102e-05
12,29,201,273,-0.0001538143988000229
12,30,201,335,-1.717464328976348e-05
12,31,201,406,-3.562429628800601e-05
12,32,201,313,-8.39006679598242e-05
12,33,201,421,-0.00032217660918831825
12,34,201,418,4.5038941607344896e-05
12,35,201,424,-0.0001140594104072079
12,36,201,422,-5.1092800276819617e-05
12,37,201,432,-4.879359403275885e-05
12,38,201,436,-0.000168409533216618
12,39,201,426,-0.00023925109417177737
12,40,201,423,-0.00021856767125427723
12,41,201,427,5.825349217047915e-05
12,42,201,425,-0.00019153462199028581
12,43,201,327,7.67554302001372e-05
12,44,201,326,-9.34816271183081e-05
12,45,201,0,-4.782512041856535e-05
12,46,201,37,3.611731153796427e-05
12,47,201,39,-1.1031825124518946e-05
12,48,201,40,-0.00010911022400250658
12,49,201,185,0.00016179851081687957
12,50,201,61,-3.860818105749786e-05
12,51,201,146,-0.00011331744462950155
12,52,201,91,7.839074896764942e-06
12,53,201,181,-0.00022108748089522123
12,54,201,84,-8.35702521726489e-05
12,55,201,17,0.0002830367302522063
12,56,201,11,-0.00016001221956685185
12,57,201,72,5.268648965284228e-05
12,58,201,73,-0.00018504666513763368
12,59,201,74,2.978691009047907e-05
12,60,201,184,-4.5140917791286483e-05
12,61,201,77,-5.06988653796725e-05
12,62,201,90,-3.0102033633738756e-05
12,63,201,180,-6.356461381074041e-05
12,64,201,85,7.344999175984412e-05
12,65,201,16,6.600286724278703e-05
12,66,201,12,-0.0001606739533599466
12,67,201,38,5.414269253378734e-05
12,68,201,41,1.7999691408476792e-05
12,69,201,42,-3.3876174256874947e-06
12,70,201,96,-0.00011236454884056002
12,71,201,89,-1.531380803498905e-05
12,72,201,179,-6.939864397281781e-05
12,73,201,86,8.652643009554595e-05
12,74,201,15,0.0001922793162520975
12,75,201,13,-6.691545422654599e-05
12,76,201,82,-0.0001203561550937593
12,77,201,81,2.1314204786904156e-05
12,78,201,80,-7.575254130642861e-05
12,79,201,191,-6.374905206030235e-05
12,80,201,78,-5.7176534028258175e-05
12,81,201,95,-2.7458929707790958e-06
12,82,201,88,-8.507212623953819e-05
12,83,201,178,-5.2076971769565716e-05
12,84,201,87,1.1006115528289229e-05
12,85,201,14,3.048850703635253e-05
12,86,201,267,-0.00011739393085008487
12,87,201,269,-0.00013723729352932423
12,88,201,270,-5.152500671101734e-05
12,89,201,409,1.4877156900183763e-05
12,90,201,291,-8.146660547936335e-05
12,91,201,375,9.835642413236201e-05
12,92,201,321,-0.00011622846068348736
12,93,201,405,-1.238846016349271e-05
12,94,201,314,0.00016948003030847758
12,95,201,302,-7.310471846722066e-05
12,96,201,303,-1.9092813090537675e-05
12,97,201,304,-8.088290633168072e-05
12,98,201,408,7.840144826332107e-05
12,99,201,307,8.335178426932544e-05
12,100,201,320,4.719082426163368e-05
12,101,201,404,5.026511644246057e-05
12,102,201,315,0.0001149308227468282
12,103,201,268,3.75794516003225e-05
12,104,201,271,-5.6096519983839244e-05
12,105,201,272,6.120012403698638e-05
12,106,201,325,-2.4576600026193773e-06
12,107,201,319,-5.822425737278536e-05
12,108,201,403,0.00016893591964617372
12,109,201,316,-0.00010871992708416656
12,110,201,312,-9.46544241742231e-05
12,111,201,311,3.199143975507468e-05
12,112,201,310,3.12124757329002e-05
12,113,201,415,-0.00014510560140479356
12,114,201,308,-0.0002021525870077312
12,115,201,324,-3.79041739506647e-05
12,116,201,318,3.698543878272176e-05
12,117,201,402,6.1463812016882e-05
12,118,201,317,0.00017357655451633036
13,14,194,204,-0.00011231280223000795
13,15,194,202,-8.62391825648956e-05
13,16,194,212,1.3120248695486225e-05
13,17,194,216,-7.459863263648003e-05
13,18,194,206,-0.00021472742082551122
13,19,194,203,0.00021583431225735694
13,20,194,207,-6.414570088963956e-05
13,21,194,205,-3.844380262307823e-05
13,22,194,98,4.612341399479192e-06
13,23,194,97,-7.176686631282791e-05
13,24,194,393,-0.00020775102893821895
13,25,194,391,-0.0001840309560066089
13,26,194,322,3.823293445748277e-05
13,27,194,410,-1.870491360023152e-05
13,28,194,287,-2.80626386484073e-06
13,29,194,273,-2.4157610823749565e-05
13,30,194,335,4.507846460910514e-05
13,31,194,406,0.00020205622422508895
13,32,194,313,-0.0001555354247102514
13,33,194,421,1.8768829249893315e-05
13,34,194,418,3.443121750024147e-05
13,35,194,424,2.7157044314662926e-05
13,36,194,422,-0.00021992511756252497
13,37,194,432,-0.00013766004121862352
13,38,194,436,0.00018251390429213643
13,39,194,426,-3.1420571758644655e-05
13,40,194,423,0.0001802871993277222
13,41,194,427,5.695053550880402e-05
13,42,194,425,-0.03916247561573982
13,43,194,327,-6.36993208900094e-05
13,44,194,326,-4.266405085218139e-05
13,45,194,0,-0.00010998496873071417
13,46,194,37,-0.00013510501594282687
13,47,194,39,7.03187397448346e-05
13,48,194,40,6.804474833188578e-05
13,49,194,185,-1.925280230352655e-05
13,50,194,61,2.668517299753148e-05
13,51,194,146,0.00014755799202248454
13,52,194,91,-1.8552522305981256e-05
13,53,194,181,-3.7601250369334593e-05
13,54,194,84,6.973932613618672e-05
13,55,194,17,0.0003307814768049866
13,56,194,11,-9.146390220848843e-05
13,57,194,72,-0.00010717911209212616
13,58,194,73,-3.0180506655597128e-05
13,59,194,74,3.6782857932848856e-05
13,60,194,184,-2.580156797193922e-05
13,61,194,77,-3.155293597956188e-06
13,62,194,90,4.4452095607994124e-05
13,63,194,180,0.00023251958191394806
13,64,194,85,-7.285537867574021e-05
13,65,194,16,-0.0001080040237866342
13,66,194,12,-0.00013569551811087877
13,67,194,38,-3.794691656366922e-05
13,68,194,41,8.083972352324054e-05
13,69,194,42,0.00018931606609839946
13,70,194,96,1.0631104487401899e-05
13,71,194,89,0.000187379599083215
13,72,194,179,-4.2329902498750016e-05
13,73,194,86,3.5430846764938906e-05
13,74,194,15,0.00020238345314282924
13,75,194,13,-8.090047049336135e-05
13,76,194,82,-3.0004759992152685e-06
13,77,194,81,2.533199221943505e-05
13,78,194,80,0.00015167632955126464
13,79,194,191,9.605201194062829e-05
13,80,194,78,-7.99583867774345e-05
13,81,194,95,-0.00015058561984915286
13,82,194,88,-9.470989607507363e-05
13,83,194,178,-0.00012575626897159964
13,84,194,87,-2.4239832782768644e-05
13,85,194,14,5.841472011525184e-05
13,86,194,267,-0.00015355291543528438
13,87,194,269,0.00013372271496336907
13,88,194,270,0.00011133632506243885
13,89,194,409,-5.8357498346595094e-05
13,90,194,291,-6.081274932512315e-06
13,91,194,375,8.262179471785203e-05
13,92,194,321,9.843958105193451e-05
13,93,194,405,7.500793435610831e-05
13,94,194,314,0.0006866061012260616
13,95,194,302,-0.00014707526133861393
13,96,194,303,5.06660853716312e-06
13,97,194,304,-9.213497105520219e-05
13,98,194,408,3.2151849154615775e-05
13,99,194,307,5.5276700550166424e-06
13,100,194,320,-7.028138497844338e-05
13,101,194,404,-3.161121640005149e-05
13,102,194,315,-0.0001357582223135978
13,103,194,268,5.152944504516199e-05
13,104,194,271,-2.3074964701663703e-05
13,105,194,272,4.8362471716245636e-05
13,106,194,325,-5.908789171371609e-05
13,107,194,319,8.640266605652869e-05
13,108,194,403,-0.00018569162057247013
13,109,194,316,1.3658036550623365e-05
13,110,194,312,-0.00019814625557046384
13,111,194,311,6.657440826529637e-05
13,112,194,310,-3.596983879106119e-05
13,113,194,415,5.70276788494084e-05
13,114,194,308,-5.1542887376854196e-05
13,115,194,324,-2.8886162908747792e-05
13,116,194,318,9.630421845940873e-05
13,117,194,402,-0.00010648041643435135
13,118,194,317,0.00021989690139889717
14,15,204,202,1.1058276641051634e-06
14,16,204,212,-3.192192889400758e-05
14,17,204,216,7.103972166078165e-05
14,18,204,206,8.235401037381962e-05
14,19,204,203,-4.092203380423598e-05
14,20,204,207,6.592040153918788e-05
14,21,204,205,-9.343610145151615e-05
14,22,204,98,3.967365773860365e-05
14,23,204,97,-3.4287899325136095e-05
14,24,204,393,-4.978542710887268e-05
14,25,204,391,-0.00010499513155082241
14,26,204,322,-7.926593389129266e-05
14,27,204,410,-0.00023227045312523842
14,28,204,287,2.661588223418221e-05
14,29,204,273,-4.844673094339669e-05
14,30,204,335,0.00019577061175368726
14,31,204,406,0.0002979813434649259
14,32,204,313,0.00020145934831816703
14,33,204,421,8.587883348809555e-05
14,34,204,418,-2.1723260942962952e-05
14,35,204,424,4.7193581849569455e-05
14,36,204,422,-8.024652197491378e-05
14,37,204,432,5.6872095228754915e-06
14,38,204,436,8.129658090183511e-05
14,39,204,426,-0.00020632895757444203
14,40,204,423,7.256973185576499e-05
14,41,204,427,6.332317570922896e-05
14,42,204,425,9.766749280970544e-05
14,43,204,327,0.00012683667591772974
14,44,204,326,-7.115431071724743e-05
14,45,204,0,0.000159936273121275
14,46,204,37,1.6653108104947023e-05
14,47,204,39,0.00012304153642617166
14,48,204,40,0.0002864669368136674
14,49,204,185,0.0002734447189141065
14,50,204,61,0.00020679562294390053
14,51,204,146,4.093181996722706e-05
14,52,204,91,0.00014366029063239694
14,53,204,181,7.04838676028885e-05
14,54,204,84,0.00030970259103924036
14,55,204,17,-9.55391806201078e-05
14,56,204,11,3.744223067769781e-05
14,57,204,72,-3.2843811368366005e-06
14,58,204,73,0.00011319053010083735
14,59,204,74,0.00020254678383935243
14,60,204,184,1.9482922652969137e-05
14,61,204,77,-1.564795820740983e-05
14,62,204,90,-2.282330024172552e-05
14,63,204,180,4.9547026719665155e-05
14,64,204,85,0.0002746504032984376
14,65,204,16,0.0007687538163736463
14,66,204,12,3.160217238473706e-05
14,67,204,38,-1.122403409681283e-05
14,68,204,41,7.159651886468055e-06
14,69,204,42,-8.077140228124335e-05
14,70,204,96,9.36552241910249e-05
14,71,204,89,-4.6316501538967714e-05
14,72,204,179,0.0001319121365668252
14,73,204,86,0.0003042489697691053
14,74,204,15,-0.044327348470687866
14,75,204,13,7.844728679629043e-05
14,76,204,82,2.2302438082988374e-05
14,77,204,81,7.877346797613427e-05
14,78,204,80,0.00015689681458752602
14,79,204,191,3.194612872903235e-05
14,80,204,78,-9.311375833931379e-06
14,81,204,95,4.486859688768163e-05
14,82,204,88,0.00020581406715791672
14,83,204,178,-2.0335650333436206e-05
14,84,204,87,0.0001080996444215998
14,85,204,14,0.00011140274727949873
14,86,204,267,-8.4126484580338e-05
14,87,204,269,-0.00019637511286418885
14,88,204,270,-5.013440750190057e-05
14,89,204,409,-3.8965397834545e-05
14,90,204,291,4.381201142678037e-05
14,91,204,375,3.3904110750881955e-05
14,92,204,321,8.27763433335349e-05
14,93,204,405,0.0003479142324067652
14,94,204,314,0.0014171990333124995
14,95,204,302,4.416345473146066e-05
14,96,204,303,3.1426414352608845e-05
14,97,204,304,8.878849621396512e-05
14,98,204,408,7.287559128599241e-05
14,99,204,307,5.703980059479363e-05
14,100,204,320,1.9797666027443483e-05
14,101,204,404,0.00017681581084616482
14,102,204,315,-8.130658534355462e-05
14,103,204,268,-9.175357990898192e-05
14,104,204,271,7.465234375558794e-05
14,105,204,272,4.8054145736387e-05
14,106,204,325,-4.849666584050283e-05
14,107,204,319,5.169496580492705e-05
14,108,204,403,0.00031291990308091044
14,109,204,316,0.0005607856437563896
14,110,204,312,-0.00015015625103842467
14,111,204,311,7.04682752257213e-05
14,112,204,310,-1.663359216763638e-05
14,113,204,415,-0.00012398019316606224
14,114,204,308,-0.00011308880493743345
14,115,204,324,0.00013336320989765227
14,116,204,318,3.875134279951453e-05
14,117,204,402,0.000169523642398417
14,118,204,317,4.969041037838906e-05
15,16,202,212,4.26512815465685e-05
15,17,202,216,2.9102211556164548e-05
15,18,202,206,-4.250295023666695e-05
15,19,202,203,6.350963667500764e-05
15,20,202,207,-1.9856674953189213e-06
15,21,202,205,9.126301301876083e-05
15,22,202,98,-5.3857191232964396e-05
15,23,202,97,-9.531504474580288e-05
15,24,202,393,-9.484811744187027e-05
15,25,202,391,-0.0001314181718043983
15,26,202,322,7.777213613735512e-05
15,27,202,410,-0.00010452473361510783
15,28,202,287,-1.8754419215838425e-05
15,29,202,273,-4.321736196288839e-05
15,30,202,335,5.97302132518962e-05
15,31,202,406,4.5871318434365094e-05
15,32,202,313,0.00011162447481183335
15,33,202,421,2.5623956389608793e-05
15,34,202,418,-3.131559424218722e-05
15,35,202,424,-0.00011572700168471783
15,36,202,422,-1.966418494703248e-05
15,37,202,432,-0.00017675825802143663
15,38,202,436,3.7542442441917956e-05
15,39,202,426,1.7344231309834868e-05
15,40,202,423,-3.9129372453317046e-05
15,41,202,427,-8.55164835229516e-05
15,42,202,425,-9.800908446777612e-05
15,43,202,327,-0.00030937764677219093
15,44,202,326,-6.164373189676553e-05
15,45,202,0,1.0074414603877813e-05
15,46,202,37,0.00036181206814944744
15,47,202,39,0.00015556735161226243
15,48,202,40,-2.4912604203564115e-05
15,49,202,185,8.379466635233257e-06
15,50,202,61,-0.00014219284639693797
15,51,202,146,8.297882595798001e-05
15,52,202,91,7.746035407762975e-05
15,53,202,181,-3.4507444070186466e-05
15,54,202,84,6.636042144236853e-06
15,55,202,17,0.0002970591012854129
15,56,202,11,-0.00010117352940142155
15,57,202,72,2.098317963827867e-05
15,58,202,73,9.594979201210663e-05
15,59,202,74,-3.409927012398839e-05
15,60,202,184,-0.0001309739745920524
15,61,202,77,2.138595300493762e-05
15,62,202,90,7.002872007433325e-05
15,63,202,180,-0.01914799213409424
15,64,202,85,-1.287250779569149e-05
15,65,202,16,-0.00014712590200360864
15,66,202,12,-1.5755336789879948e-05
15,67,202,38,-8.218516086344607e-06
15,68,202,41,3.489030132186599e-05
15,69,202,42,-3.8479520299006253e-05
15,70,202,96,-9.101336036110297e-05
15,71,202,89,-2.3093252821126953e-05
15,72,202,179,0.001226295717060566
15,73,202,86,-2.3284967028303072e-05
15,74,202,15,4.209182588965632e-05
15,75,202,13,-0.00010166029096581042
15,76,202,82,-0.00011339720367686823
15,77,202,81,9.702581155579537e-05
15,78,202,80,-6.274126644711941e-05
15,79,202,191,1.1162000191689003e-05
15,80,202,78,2.6666748453862965e-05
15,81,202,95,9.630197746446356e-05
15,82,202,88,6.709242006763816e-05
15,83,202,178,-6.85740087646991e-05
15,84,202,87,0.0004257837717887014
15,85,202,14,0.000526865478605032
15,86,202,267,-0.00015098965377546847
15,87,202,269,-6.76076379022561e-05
15,88,202,270,6.223950913408771e-05
15,89,202,409,6.766790465917438e-05
15,90,202,291,0.00022898265160620213
15,91,202,375,-5.0402592023601755e-05
15,92,202,321,0.00025409681256860495
15,93,202,405,7.152673788368702e-05
15,94,202,314,0.00012524165504146367
15,95,202,302,-6.533214036608115e-05
15,96,202,303,-6.879090506117791e-05
15,97,202,304,-5.737255560234189e-05
15,98,202,408,0.00016069342382252216
15,99,202,307,-7.419752364512533e-05
15,100,202,320,-9.007910557556897e-05
15,101,202,404,0.0001827234955271706
15,102,202,315,0.00023753159621264786
15,103,202,268,-0.00013311947986949235
15,104,202,271,-1.0536777153902221e-05
15,105,202,272,-1.1649919997580582e-06
15,106,202,325,-1.6875432265806012e-05
15,107,202,319,1.7756921806721948e-05
15,108,202,403,-0.00010781674063764513
15,109,202,316,0.00044851863640360534
15,110,202,312,-0.00017082554404623806
15,111,202,311,-8.48242561914958e-05
15,112,202,310,5.802225859952159e-05
15,113,202,415,-3.4191842132713646e-05
15,114,202,308,0.00015856066602282226
15,115,202,324,-8.663989865453914e-05
15,116,202,318,0.00020194983517285436
15,117,202,402,0.0001117267383961007
15,118,202,317,0.0002374274336034432
16,17,212,216,3.6095625546295196e-05
16,18,212,206,5.4617867135675624e-05
16,19,212,203,3.8132806366775185e-05
16,20,212,207,4.258424451109022e-05
16,21,212,205,-1.3633987691719085e-05
16,22,212,98,-6.525027129100636e-05
16,23,212,97,5.533924195333384e-05
16,24,212,393,-0.00017632536764722317
16,25,212,391,-0.00026089430321007967
16,26,212,322,0.0001461306237615645
16,27,212,410,0.0001234060327988118
16,28,212,287,5.6333399697905406e-05
16,29,212,273,-0.0001611595944268629
16,30,212,335,-5.420186062110588e-05
16,31,212,406,0.0001300577278016135
16,32,212,313,6.194583693286404e-05
16,33,212,421,0.0001276145048905164
16,34,212,418,3.435750841163099e-05
16,35,212,424,5.571597648668103e-05
16,36,212,422,-2.47608022618806e-05
16,37,212,432,-0.00024303665850311518
16,38,212,436,-3.783734791795723e-05
16,39,212,426,-9.021588630275801e-05
16,40,212,423,-0.0001112157988245599
16,41,212,427,-0.00031541904900223017
16,42,212,425,2.0912064428557642e-05
16,43,212,327,5.947161844233051e-05
16,44,212,326,-1.7084652427001856e-05
16,45,212,0,-0.0001604911667527631
16,46,212,37,-0.00018246872059535235
16,47,212,39,2.8031323381583206e-05
16,48,212,40,5.171565862838179e-05
16,49,212,185,0.00012947969662491232
16,50,212,61,-1.6629859601380304e-05
16,51,212,146,7.244252628879622e-05
16,52,212,91,0.00020542999845929444
16,53,212,181,-0.025459781289100647
16,54,212,84,-6.269993900787085e-05
16,55,212,17,-1.4031820683158003e-05
16,56,212,11,-7.209077011793852e-05
16,57,212,72,0.00012131597759434953
16,58,212,73,4.742752207675949e-05
16,59,212,74,0.0002234498388133943
16,60,212,184,9.917086572386324e-06
16,61,212,77,3.2462383387610316e-05
16,62,212,90,-2.9530481697293e-05
16,63,212,180,9.683254029368982e-05
16,64,212,85,-3.4611770388437435e-05
16,65,212,16,0.00033205002546310425
16,66,212,12,-0.00014115152589511126
16,67,212,38,-0.00014640914741903543
16,68,212,41,-9.01266230357578e-06
16,69,212,42,2.8052838388248347e-05
16,70,212,96,-0.00011210305092390627
16,71,212,89,-0.00016757225967012346
16,72,212,179,-0.0001706636103335768
16,73,212,86,0.00017249131633434445
16,74,212,15,0.00021161496988497674
16,75,212,13,-0.00012929950025863945
16,76,212,82,-0.00017351713904645294
16,77,212,81,-0.0001652249920880422
16,78,212,80,-4.289775824872777e-05
16,79,212,191,0.00010985656990669668
16,80,212,78,0.00011446999997133389
16,81,212,95,6.166315142763779e-05
16,82,212,88,0.00016659001994412392
16,83,212,178,-0.011166121810674667
16,84,212,87,-0.00019688287284225225
16,85,212,14,-0.005208658520132303
16,86,212,267,-1.2431165487214457e-05
16,87,212,269,-6.936617137398571e-05
16,88,212,270,-1.8003765944740735e-05
16,89,212,409,-8.724979852559045e-05
16,90,212,291,-7.430279219988734e-05
16,91,212,375,-6.505338387796655e-05
16,92,212,321,0.00016208671149797738
16,93,212,405,6.05724890192505e-05
16,94,212,314,-0.00015437533147633076
16,95,212,302,-7.574907795060426e-05
16,96,212,303,-5.682213668478653e-05
16,97,212,304,4.860881017521024e-05
16,98,212,408,0.00013482727808877826
16,99,212,307,0.00021113609545864165
16,100,212,320,4.9422211304772645e-05
16,101,212,404,-2.345163738937117e-05
16,102,212,315,0.00010866010416066274
16,103,212,268,-4.281305882614106e-05
16,104,212,271,0.00020037863578181714
16,105,212,272,7.489689778594766e-06
16,106,212,325,9.462178422836587e-05
16,107,212,319,-0.00022995640756562352
16,108,212,403,-0.0001846231025410816
16,109,212,316,8.171939407475293e-05
16,110,212,312,-5.8675968830357306e-06
16,111,212,311,0.0001823258207878098
16,112,212,310,-9.8697764769895e-06
16,113,212,415,-9.112327825278044e-05
16,114,212,308,-0.0004416455631144345
16,115,212,324,-1.8303335309610702e-05
16,116,212,318,0.0001521123485872522
16,117,212,402,8.371656440431252e-05
16,118,212,317,-7.798991282470524e-05
17,18,216,206,2.2147716663312167e-05
17,19,216,203,-3.416384424781427e-05
17,20,216,207,3.282588659203611e-05
17,21,216,205,-2.2105341486167163e-06
17,22,216,98,3.9236587326740846e-05
17,23,216,97,-5.270933797874022e-06
17,24,216,393,2.2485955923912115e-06
17,25,216,391,-7.814379932824522e-05
17,26,216,322,-0.00015155096480157226
17,27,216,410,4.035391611978412e-05
17,28,216,287,-1.0107294656336308e-05
17,29,216,273,-0.0001086709089577198
17,30,216,335,-7.80719201429747e-05
17,31,216,406,0.0001706163602648303
17,32,216,313,1.7995778762269765e-05
17,33,216,421,-5.353111555450596e-05
17,34,216,418,-3.215611650375649e-05
17,35,216,424,-7.9387791629415e-05
17,36,216,422,-1.1896459909621626e-05
17,37,216,432,8.903484740585554e-06
17,38,216,436,6.830108031863347e-05
17,39,216,426,1.947894816112239e-05
17,40,216,423,2.808448698488064e-05
17,41,216,427,-2.55101276707137e-05
17,42,216,425,-1.9064946172875352e-05
17,43,216,327,-5.664737182087265e-05
17,44,216,326,-8.478830568492413e-05
17,45,216,0,9.482759196544066e-06
17,46,216,37,-4.359095328254625e-05
17,47,216,39,-4.4519394577946514e-05
17,48,216,40,-1.5276787962648086e-05
17,49,216,185,1.1543033906491473e-05
17,50,216,61,-2.1192239728407003e-05
17,51,216,146,9.2587128165178e-05
17,52,216,91,-2.1511470549739897e-05
17,53,216,181,-6.060713349143043e-05
17,54,216,84,0.00036767954588867724
17,55,216,17,-0.00022903986973688006
17,56,216,11,0.0001156353609985672
17,57,216,72,-2.5650391762610525e-05
17,58,216,73,1.5509074728470296e-05
17,59,216,74,4.0585473470855504e-05
17,60,216,184,6.766829028492793e-05
17,61,216,77,3.024627221748233e-05
17,62,216,90,6.906990165589377e-05
17,63,216,180,0.000851652876008302
17,64,216,85,0.00014026557619217783
17,65,216,16,-0.00014014722546562552
17,66,216,12,-0.00021310937881935388
17,67,216,38,8.258190064225346e-05
17,68,216,41,-8.137358236126602e-06
17,69,216,42,-0.00010055599705083296
17,70,216,96,-4.6748962631681934e-05
17,71,216,89,0.000346872431691736
17,72,216,179,0.00035136810038238764
17,73,216,86,0.0016026976518332958
17,74,216,15,0.0003629059065133333
17,75,216,13,7.087562698870897e-05
17,76,216,82,-0.00014990323688834906
17,77,216,81,-5.081683775642887e-05
17,78,216,80,-0.00010919176565948874
17,79,216,191,-2.8264072170713916e-05
17,80,216,78,0.00010478294279891998
17,81,216,95,8.012211037566885e-05
17,82,216,88,-0.0001613004569662735
17,83,216,178,6.872360972920433e-05
17,84,216,87,0.001673219259828329
17,85,216,14,9.289925947086886e-05
17,86,216,267,-0.00018934613035526127
17,87,216,269,2.1300367734511383e-05
17,88,216,270,9.712228347780183e-05
17,89,216,409,-6.446758925449103e-05
17,90,216,291,-6.442327139666304e-05
17,91,216,375,0.00010720066347857937
17,92,216,321,-0.0002099958946928382
17,93,216,405,-0.000183221505722031
17,94,216,314,-0.00017193578241858631
17,95,216,302,0.00011128303594887257
17,96,216,303,5.455900463857688e-05
17,97,216,304,0.00017912501061800867
17,98,216,408,0.0002375187905272469
17,99,216,307,0.00010753951937658712
17,100,216,320,0.00024012246285565197
17,101,216,404,-6.214977474883199e-05
17,102,216,315,0.00027306919218972325
17,103,216,268,3.480485247564502e-05
17,104,216,271,-5.12343249283731e-05
17,105,216,272,5.7036093494389206e-05
17,106,216,325,8.517177775502205e-05
17,107,216,319,0.00033798921504057944
17,108,216,403,0.00019524099479895085
17,109,216,316,0.00010394652053946629
17,110,216,312,-0.00019622035324573517
17,111,216,311,-1.0067879884445574e-05
17,112,216,310,-0.0010353620164096355
17,113,216,415,-0.0001036331377690658
17,114,216,308,7.147709402488545e-05
17,115,216,324,-8.12473299447447e-05
17,116,216,318,-0.0003095337306149304
17,117,216,402,0.0007094790926203132
17,118,216,317,0.003825800260528922
18,19,206,203,3.2933861803030595e-05
18,20,206,207,4.9702975957188755e-05
18,21,206,205,-1.5448593330802396e-05
18,22,206,98,1.801691382752324e-06
18,23,206,97,-7.85788579378277e-05
18,24,206,393,-1.1840552360808942e-05
18,25,206,391,0.00013522621884476393
18,26,206,322,-5.0042595830745995e-05
18,27,206,410,1.2118490303691942e-05
18,28,206,287,-9.55408249865286e-05
18,29,206,273,-0.00011693572014337406
18,30,206,335,4.339142105891369e-05
18,31,206,406,-4.228423222230049e-06
18,32,206,313,0.00015459061251021922
18,33,206,421,5.697618325939402e-05
18,34,206,418,-6.15744138485752e-05
18,35,206,424,-0.00022269556939136237
18,36,206,422,-5.869888263987377e-05
18,37,206,432,-5.679003879777156e-05
18,38,206,436,-2.275026054121554e-05
18,39,206,426,-5.143344242242165e-05
18,40,206,423,-0.0001857575698522851
18,41,206,427,5.0716455007204786e-05
18,42,206,425,-5.316009992384352e-05
18,43,206,327,-0.00018229159468319267
18,44,206,326,-3.37750643666368e-05
18,45,206,0,-0.00014963807188905776
18,46,206,37,-9.602314094081521e-05
18,47,206,39,-2.4886501705623232e-05
18,48,206,40,0.00024405533622484654
18,49,206,185,2.4821492843329906e-05
18,50,206,61,9.491244418313727e-05
18,51,206,146,0.0002138226554961875
18,52,206,91,-0.00010722916340455413
18,53,206,181,-7.848846144042909e-05
18,54,206,84,0.0001252704532817006
18,55,206,17,-2.3924210836412385e-05
18,56,206,11,-6.0524169384734705e-05
18,57,206,72,5.5729415180394426e-05
18,58,206,73,-2.6604780032357667e-06
18,59,206,74,-2.229273013654165e-05
18,60,206,184,0.00016188538575079292
18,61,206,77,0.00021969850058667362
18,62,206,90,0.0004932297160848975
18,63,206,180,0.001565848826430738
18,64,206,85,0.00018121475295629352
18,65,206,16,0.00032024955726228654
18,66,206,12,6.950176612008363e-05
18,67,206,38,0.00013151063467375934
18,68,206,41,-4.8630216042511165e-05
18,69,206,42,2.3175372916739434e-05
18,70,206,96,0.00017537485109642148
18,71,206,89,0.00013429211685433984
18,72,206,179,6.994237628532574e-05
18,73,206,86,2.6924242774839513e-05
18,74,206,15,0.0004217469831928611
18,75,206,13,5.958369729341939e-05
18,76,206,82,-0.0001239616103703156
18,77,206,81,-4.2537478293525055e-05
18,78,206,80,-0.00013821733591612428
18,79,206,191,0.00010553249012446031
18,80,206,78,-2.6412888473714702e-05
18,81,206,95,4.752063250634819e-05
18,82,206,88,0.00016228346794378012
18,83,206,178,-9.509515075478703e-05
18,84,206,87,0.00010089953866554424
18,85,206,14,0.0003800952690653503
18,86,206,267,3.3432093914598227e-05
18,87,206,269,-0.00021233486768323928
18,88,206,270,-4.892029755865224e-05
18,89,206,409,4.046249614475528e-06
18,90,206,291,-0.000248328666202724
18,91,206,375,0.0002968356420751661
18,92,206,321,-0.00015530575183220208
18,93,206,405,-0.00013757900160271674
18,94,206,314,1.7513479178887792e-05
18,95,206,302,0.00012280767259653658
18,96,206,303,7.481967713829363e-06
18,97,206,304,-0.0001059831993188709
18,98,206,408,0.0001388417003909126
18,99,206,307,-1.5907908164081164e-05
18,100,206,320,0.0001506473490735516
18,101,206,404,0.00048502584104426205
18,102,206,315,0.00027099912404082716
18,103,206,268,0.0001196342782350257
18,104,206,271,-0.0001894924498628825
18,105,206,272,3.5323344036441995e-06
18,106,206,325,-3.303143967059441e-05
18,107,206,319,2.651438262546435e-05
18,108,206,403,0.0005314630689099431
18,109,206,316,0.00020634100656025112
18,110,206,312,0.00012663558300118893
18,111,206,311,0.00017570909403730184
18,112,206,310,3.578852556529455e-05
18,113,206,415,-0.00023394798336084932
18,114,206,308,4.941702718497254e-05
18,115,206,324,9.231240255758166e-05
18,116,206,318,-3.5399857551965397e-06
18,117,206,402,-0.00011357173207215965
18,118,206,317,-0.00013581938401330262
19,20,203,207,-1.1199624168511946e-05
19,21,203,205,-1.7857866623671725e-05
19,22,203,98,5.309949483489618e-05
19,23,203,97,-7.382628245977685e-05
19,24,203,393,-3.2885214750422165e-05
19,25,203,391,-0.00010754538379842415
19,26,203,322,-4.69302358396817e-05
19,27,203,410,1.2102358596166596e-05
19,28,203,287,3.698654836625792e-05
19,29,203,273,-2.021360160142649e-05
19,30,203,335,1.7048654626705684e-05
19,31,203,406,-0.00023194339883048087
19,32,203,313,-0.0001353254192508757
19,33,203,421,-3.782230487558991e-05
19,34,203,418,2.5330941753054503e-06
19,35,203,424,0.00010387933434685692
19,36,203,422,-0.0001280050491914153
19,37,203,432,-0.0002694050199352205
19,38,203,436,-6.246919656405225e-05
19,39,203,426,-2.9860486392863095e-05
19,40,203,423,-4.7852368879830465e-05
19,41,203,427,-3.071356695727445e-05
19,42,203,425,-0.00010163687693420798
19,43,203,327,7.239088154165074e-05
19,44,203,326,-1.5025106222310569e-05
19,45,203,0,-0.00021252558508422226
19,46,203,37,3.786622255574912e-05
19,47,203,39,1.6834364942042157e-05
19,48,203,40,0.0001682618458289653
19,49,203,185,-0.00013938253687229007
19,50,203,61,8.316685125464574e-05
19,51,203,146,0.044390879571437836
19,52,203,91,-1.7500804460723884e-05
19,53,203,181,-5.4586707847192883e-05
19,54,203,84,0.00010532464511925355
19,55,203,17,0.0015179916517809033
19,56,203,11,0.00018666703545022756
19,57,203,72,-0.00014561695570591837
19,58,203,73,-9.89256841421593e-06
19,59,203,74,-4.092157269042218e-06
19,60,203,184,4.549467848846689e-05
19,61,203,77,0.05464205890893936
19,62,203,90,5.2218310884200037e-05
19,63,203,180,0.00018078330322168767
19,64,203,85,-9.831609349930659e-05
19,65,203,16,0.0014715769793838263
19,66,203,12,7.126168929971755e-05
19,67,203,38,-5.30139404872898e-05
19,68,203,41,0.00012959082960151136
19,69,203,42,0.00021675400785170496
19,70,203,96,0.0001018619368551299
19,71,203,89,-0.00020696614228654653
19,72,203,179,1.2668058388953796e-06
19,73,203,86,-1.7283975466853008e-05
19,74,203,15,0.0009876819094642997
19,75,203,13,6.156908784760162e-05
19,76,203,82,-4.9410904466640204e-05
19,77,203,81,-0.0001287676568608731
19,78,203,80,-4.924935274175368e-05
19,79,203,191,3.716230276040733e-05
19,80,203,78,3.926776844309643e-05
19,81,203,95,-6.675073382211849e-05
19,82,203,88,0.0001833289716159925
19,83,203,178,-5.146592593519017e-05
19,84,203,87,0.0001632969215279445
19,85,203,14,0.0016402367036789656
19,86,203,267,-1.5760433598188683e-05
19,87,203,269,0.009857682511210442
19,88,203,270,9.418984518561047e-06
19,89,203,409,4.8711587652405797e-08
19,90,203,291,-9.639880590839311e-05
19,91,203,375,-6.593723082914948e-05
19,92,203,321,-0.00013180499081499875
19,93,203,405,0.0005074480432085693
19,94,203,314,0.0010758910793811083
19,95,203,302,-8.374416211154312e-05
19,96,203,303,4.516565604717471e-05
19,97,203,304,-0.00022581561643164605
19,98,203,408,7.155749335652217e-05
19,99,203,307,-9.09467416931875e-05
19,100,203,320,-8.908593008527532e-05
19,101,203,404,0.000328656256897375
19,102,203,315,0.003141029505059123
19,103,203,268,-9.768097697815392e-06
19,104,203,271,-4.522412928054109e-05
19,105,203,272,4.9967780796578154e-05
19,106,203,325,3.7504589272430167e-05
19,107,203,319,4.493164851737674e-06
19,108,203,403,0.0002767658734228462
19,109,203,316,0.002731849206611514
19,110,203,312,-0.00016836298163980246
19,111,203,311,-0.000457578687928617
19,112,203,310,-7.026061211945489e-05
19,113,203,415,7.991027814568952e-05
19,114,203,308,0.00017913962074089795
19,115,203,324,0.00021054779062978923
19,116,203,318,6.0706070144078694e-06
19,117,203,402,5.67832357774023e-05
19,118,203,317,0.0012919243890792131
20,21,207,205,-0.00011118427937617525
20,22,207,98,2.6932748369290493e-05
20,23,207,97,6.193578155944124e-05
20,24,207,393,-4.1469585994491354e-05
20,25,207,391,-0.000141029609949328
20,26,207,322,-9.66587322182022e-05
20,27,207,410,-0.00028019334422424436
20,28,207,287,0.00011722402268787846
20,29,207,273,1.510118818259798e-05
20,30,207,335,0.0002348816196899861
20,31,207,406,8.297447493532673e-05
20,32,207,313,2.6386953777546296e-06
20,33,207,421,0.00010485450184205547
20,34,207,418,5.827695713378489e-05
20,35,207,424,9.14258198463358e-05
20,36,207,422,-2.446366306685377e-05
20,37,207,432,5.633904947899282e-05
20,38,207,436,-0.00022983319649938494
20,39,207,426,3.608999031712301e-05
20,40,207,423,-0.00016492280701640993
20,41,207,427,-8.961749699665233e-05
20,42,207,425,8.279566827695817e-05
20,43,207,327,-1.1196497098353575e-06
20,44,207,326,5.249125024420209e-06
20,45,207,0,-0.00019145121041219682
20,46,207,37,-6.664786633336917e-05
20,47,207,39,-3.74744922737591e-05
20,48,207,40,0.00016592591418884695
20,49,207,185,2.1191368432482705e-05
20,50,207,61,0.00010875931184273213
20,51,207,146,-1.897260699479375e-05
20,52,207,91,-0.00012579372560139745
20,53,207,181,0.00024792086333036423
20,54,207,84,0.0002999277785420418
20,55,207,17,4.175794674665667e-05
20,56,207,11,5.673502164427191e-05
20,57,207,72,6.433184171328321e-05
20,58,207,73,-6.547497469000518e-05
20,59,207,74,-0.00016859806783031672
20,60,207,184,0.00010572287283139303
20,61,207,77,0.00033502784208394587
20,62,207,90,0.0003344308934174478
20,63,207,180,-0.00041725096525624394
20,64,207,85,2.085118649119977e-05
20,65,207,16,0.000302086235024035
20,66,207,12,-0.00012647651601582766
20,67,207,38,5.8737507060868666e-05
20,68,207,41,-0.00014621933223679662
20,69,207,42,-8.888434240361676e-05
20,70,207,96,-4.0806393371894956e-05
20,71,207,89,0.00016511637659277767
20,72,207,179,0.00024050215142779052
20,73,207,86,0.0002091819915222004
20,74,207,15,0.00010860152542591095
20,75,207,13,-1.7088741515181027e-05
20,76,207,82,0.00014158111298456788
20,77,207,81,7.593087502755225e-05
20,78,207,80,9.657540431362577e-06
20,79,207,191,9.267673885915428e-05
20,80,207,78,7.054362504277378e-05
20,81,207,95,-8.330706623382866e-05
20,82,207,88,-3.257207936258055e-05
20,83,207,178,-1.7459078662795946e-05
20,84,207,87,0.00015374030044768006
20,85,207,14,-0.00020011074957437813
20,86,207,267,6.852169462945312e-05
20,87,207,269,-1.3529997886507772e-05
20,88,207,270,2.40678036789177e-05
20,89,207,409,-2.9188973712734878e-05
20,90,207,291,0.00017537562234792858
20,91,207,375,6.148842658149078e-05
20,92,207,321,-4.8542191507294774e-05
20,93,207,405,0.00018664651724975556
20,94,207,314,0.00021771549654658884
20,95,207,302,-2.9449960493366234e-05
20,96,207,303,3.376670792931691e-05
20,97,207,304,0.0001924988755490631
20,98,207,408,-1.436424190615071e-05
20,99,207,307,5.130788395035779e-06
20,100,207,320,4.707073458121158e-05
20,101,207,404,0.0003622085496317595
20,102,207,315,-6.801052950322628e-05
20,103,207,268,0.00013856835721526295
20,104,207,271,-0.00026484133559279144
20,105,207,272,1.9815293853753246e-05
20,106,207,325,-6.627224502153695e-05
20,107,207,319,-7.137649663491175e-05
20,108,207,403,0.0003548692329786718
20,109,207,316,0.00018697908672038466
20,110,207,312,0.00023313300334848464
20,111,207,311,2.356547884119209e-05
20,112,207,310,6.17048135609366e-05
20,113,207,415,-8.404007530771196e-06
20,114,207,308,-9.115112334256992e-05
20,115,207,324,-0.00019985756080131978
20,116,207,318,-5.972539656795561e-05
20,117,207,402,0.00020217370183672756
20,118,207,317,0.00024054890673141927
21,22,205,98,-0.00014361360808834434
21,23,205,97,-4.6535707951989025e-05
21,24,205,393,-6.079247214074712e-06
21,25,205,391,0.00010359202133258805
21,26,205,322,-2.589863470348064e-05
21,27,205,410,-8.0309429904446e-05
21,28,205,287,3.868947533192113e-05
21,29,205,273,-0.00012743679690174758
21,30,205,335,-0.00016465330554638058
21,31,205,406,-0.00019976752810180187
21,32,205,313,0.00035158899845555425
21,33,205,421,0.00017565363668836653
21,34,205,418,3.76879506802652e-05
21,35,205,424,0.00011535237717907876
21,36,205,422,-0.00011852976604131982
21,37,205,432,-0.00011787912808358669
21,38,205,436,-0.00024761323584243655
21,39,205,426,9.09159061848186e-05
21,40,205,423,-3.999476757599041e-05
21,41,205,427,-0.0001367646618746221
21,42,205,425,-2.02252522285562e-05
21,43,205,327,-7.733335223747417e-05
21,44,205,326,2.3118240278563462e-05
21,45,205,0,1.965712044693646e-06
21,46,205,37,2.7514819521456957e-05
21,47,205,39,5.775636054750066e-06
21,48,205,40,-0.00013078721531201154
21,49,205,185,0.00012702279491350055
21,50,205,61,-9.158651664620265e-05
21,51,205,146,4.82735013065394e-05
21,52,205,91,0.00010367057257099077
21,53,205,181,-0.00011786731192842126
21,54,205,84,7.090265717124566e-05
21,55,205,17,0.00010116562043549493
21,56,205,11,-4.011725104646757e-05
21,57,205,72,8.461413926852401e-06
21,58,205,73,-2.453764136589598e-05
21,59,205,74,-3.748556264326908e-05
21,60,205,184,-0.00027702440274879336
21,61,205,77,-5.3095518524060026e-05
21,62,205,90,2.202996074629482e-05
21,63,205,180,7.3460405474179424e-06
21,64,205,85,-5.3751005907543004e-05
21,65,205,16,-2.7941323423874564e-05
21,66,205,12,5.184923065826297e-05
21,67,205,38,8.250684004451614e-06
21,68,205,41,-6.296215724432841e-05
21,69,205,42,9.867263725027442e-05
21,70,205,96,6.444132304750383e-05
21,71,205,89,0.0001503369421698153
21,72,205,179,-0.00019713562505785376
21,73,205,86,0.0002573186357039958
21,74,205,15,0.00011658840958261862
21,75,205,13,-6.514884444186464e-05
21,76,205,82,-1.5024202184577007e-05
21,77,205,81,-0.00010722964361775666
21,78,205,80,-1.6674661310389638e-05
21,79,205,191,-0.00010786794155137613
21,80,205,78,8.611141674919054e-05
21,81,205,95,-9.237424092134461e-05
21,82,205,88,4.618708771886304e-05
21,83,205,178,-5.1046157750533894e-05
21,84,205,87,2.8269543690839782e-05
21,85,205,14,2.8790880605811253e-05
21,86,205,267,0.00021356012439355254
21,87,205,269,-9.169481927528977e-05
21,88,205,270,-5.3179228416411206e-05
21,89,205,409,-0.0001263379817828536
21,90,205,291,5.155116014066152e-05
21,91,205,375,0.00018753680342342705
21,92,205,321,0.00014351993741001934
21,93,205,405,7.727187767159194e-05
21,94,205,314,6.072639371268451e-05
21,95,205,302,0.00014826895494479686
21,96,205,303,1.372841143165715e-05
21,97,205,304,0.00013469548139255494
21,98,205,408,-0.00024422392016276717
21,99,205,307,0.00029537308728322387
21,100,205,320,0.00015323798288591206
21,101,205,404,4.025206362712197e-05
21,102,205,315,0.00018333141633775085
21,103,205,268,0.00015654982416890562
21,104,205,271,0.00019037481979466975
21,105,205,272,2.0085410142201e-05
21,106,205,325,0.00013091240543872118
21,107,205,319,0.00018641252245288342
21,108,205,403,-5.255257201497443e-05
21,109,205,316,-0.00023770709231030196
21,110,205,312,-0.0001408435928169638
21,111,205,311,-0.00010067704715766013
21,112,205,310,-0.0002196602727053687
21,113,205,415,-5.917867019888945e-05
21,114,205,308,0.0001762031897669658
21,115,205,324,0.00025075653684325516
21,116,205,318,7.878520409576595e-05
21,117,205,402,-8.27398180263117e-05
21,118,205,317,-1.2244328900123946e-05
22,23,98,97,-0.00013215366925578564
22,24,98,393,-9.03414093045285e-06
22,25,98,391,-2.2197169528226368e-05
22,26,98,322,-0.00011033000919269398
22,27,98,410,-3.797945464611985e-05
22,28,98,287,4.778814400197007e-05
22,29,98,273,2.057440906355623e-05
22,30,98,335,9.177876199828461e-05
22,31,98,406,9.855751704890281e-05
22,32,98,313,3.768718306673691e-05
22,33,98,421,-0.0002647611254360527
22,34,98,418,-2.515921187296044e-05
22,35,98,424,5.5879140745673794e-06
22,36,98,422,-0.0002048854366876185
22,37,98,432,-0.00010431573900859803
22,38,98,436,-9.878278797259554e-05
22,39,98,426,-1.2365497241262347e-05
22,40,98,423,-8.399816579185426e-05
22,41,98,427,-0.00015055120456963778
22,42,98,425,9.807162859942764e-05
22,43,98,327,8.934920333558694e-05
22,44,98,326,-2.1919235223322175e-05
22,45,98,0,-0.00012671781587414443
22,46,98,37,-7.308535714400932e-05
22,47,98,39,8.601140871178359e-05
22,48,98,40,8.081844134721905e-05
22,49,98,185,3.7814341339981183e-05
22,50,98,61,-1.742517270031385e-05
22,51,98,146,-7.308681233553216e-05
22,52,98,91,4.430638364283368e-05
22,53,98,181,0.09575428068637848
22,54,98,84,0.00016608335135970265
22,55,98,17,0.0005135728279128671
22,56,98,11,-8.300118497572839e-05
22,57,98,72,-1.3504731214197818e-05
22,58,98,73,7.703332812525332e-05
22,59,98,74,-4.953757979819784e-06
22,60,98,184,2.2140930013847537e-05
22,61,98,77,7.992234895937145e-05
22,62,98,90,0.007324159611016512
22,63,98,180,0.06844677031040192
22,64,98,85,-0.00015598884783685207
22,65,98,16,0.00028173523605801165
22,66,98,12,-0.00010470218694536015
22,67,98,38,4.997786618332611e-06
22,68,98,41,1.221668571815826e-05
22,69,98,42,-0.00012098250590497628
22,70,98,96,-0.0002233602135675028
22,71,98,89,-2.4535454940632917e-05
22,72,98,179,1.4422012100112624e-05
22,73,98,86,9.724976553115994e-05
22,74,98,15,0.00024321391538251191
22,75,98,13,2.2621037714998238e-05
22,76,98,82,-7.112796447472647e-05
22,77,98,81,8.476008952129632e-05
22,78,98,80,-6.1624164118256886e-06
22,79,98,191,-2.5085993911488913e-05
22,80,98,78,-0.0002795755281113088
22,81,98,95,-3.621204450610094e-05
22,82,98,88,0.0397106297314167
22,83,98,178,0.00020132213830947876
22,84,98,87,-3.6212700251780916e-06
22,85,98,14,0.00019153828907292336
22,86,98,267,6.067886351956986e-05
22,87,98,269,3.467095666565001e-05
22,88,98,270,4.693198570748791e-05
22,89,98,409,-1.8283724784851074e-05
22,90,98,291,-1.828404128900729e-05
22,91,98,375,-0.00010249769547954202
22,92,98,321,-6.352648779284209e-05
22,93,98,405,0.00016982910165097564
22,94,98,314,0.0013327929191291332
22,95,98,302,-8.859096851665527e-05
22,96,98,303,4.12281442550011e-05
22,97,98,304,-0.00018289603758603334
22,98,98,408,-0.00015241801156662405
22,99,98,307,-0.00011656280548777431
22,100,98,320,-1.6474361473228782e-05
22,101,98,404,-4.1824991058092564e-05
22,102,98,315,0.000857017352245748
22,103,98,268,7.763093162793666e-05
22,104,98,271,-2.289931035193149e-05
22,105,98,272,4.499599526752718e-05
22,106,98,325,-9.96764429146424e-05
22,107,98,319,3.381968417670578e-05
22,108,98,403,2.3333368517342024e-05
22,109,98,316,0.001083685434423387
22,110,98,312,3.6968878703191876e-05
22,111,98,311,7.866874511819333e-06
22,112,98,310,-7.712042861385271e-05
22,113,98,415,-0.00015167836681939662
22,114,98,308,0.00018503029423300177
22,115,98,324,1.800483551051002e-05
22,116,98,318,-0.0002052641793852672
22,117,98,402,0.00012031702499371022
22,118,98,317,-7.824778731446713e-05
23,24,97,393,-9.657427290221676e-05
23,25,97,391,-0.00013079243944957852
23,26,97,322,-0.0003304060082882643
23,27,97,410,-0.00030525567126460373
23,28,97,287,-8.808181883068755e-05
23,29,97,273,-0.00013250169286038727
23,30,97,335,-2.0042531104991212e-05
23,31,97,406,8.07771721156314e-05
23,32,97,313,5.067920938017778e-05
23,33,97,421,3.121727786492556e-05
23,34,97,418,-3.573553476599045e-05
23,35,97,424,-6.971078255446628e-05
23,36,97,422,-0.0001169411261798814
23,37,97,432,-0.010573865845799446
23,38,97,436,-0.013333282433450222
23,39,97,426,-0.00018815515795722604
23,40,97,423,-0.00015909053036011755
23,41,97,427,-6.60996520309709e-05
23,42,97,425,-0.0002639769809320569
23,43,97,327,2.4496157493558712e-05
23,44,97,326,3.737739461939782e-05
23,45,97,0,-4.7999088565120474e-05
23,46,97,37,-6.709951412631199e-05
23,47,97,39,6.45354957669042e-05
23,48,97,40,-5.5412874644389376e-05
23,49,97,185,3.037709575437475e-05
23,50,97,61,-9.78649768512696e-05
23,51,97,146,-0.00011884285049745813
23,52,97,91,0.001967659452930093
23,53,97,181,-7.820592145435512e-05
23,54,97,84,0.0879654511809349
23,55,97,17,0.0020568440668284893
23,56,97,11,5.678919842466712e-05
23,57,97,72,-7.335383270401508e-05
23,58,97,73,-6.636034231632948e-05
23,59,97,74,4.555676787276752e-05
23,60,97,184,-7.625402940902859e-05
23,61,97,77,-7.912713044788688e-06
23,62,97,90,0.00011734319559764117
23,63,97,180,0.0003107285301666707
23,64,97,85,0.05144614726305008
23,65,97,16,0.00015463399176951498
23,66,97,12,-6.0341764765325934e-05
23,67,97,38,-0.000131624547066167
23,68,97,41,-2.6223813620163128e-05
23,69,97,42,-2.586027403594926e-05
23,70,97,96,-3.3128551876870915e-05
23,71,97,89,-9.430586374037375e-07
23,72,97,179,-0.0002911544870585203
23,73,97,86,0.04202960804104805
23,74,97,15,-0.00019031971169169992
23,75,97,13,-1.0259925147693139e-05
23,76,97,82,5.831178350490518e-05
23,77,97,81,1.8766253560897894e-05
23,78,97,80,1.587508450029418e-05
23,79,97,191,2.8766944524249993e-05
23,80,97,78,-0.00013091407890897244
23,81,97,95,-1.4133966885765403e-07
23,82,97,88,2.518695328035392e-05
23,83,97,178,2.0148363546468318e-05
23,84,97,87,0.01947442628443241
23,85,97,14,7.992137398105115e-05
23,86,97,267,-0.00026535303913988173
23,87,97,269,-0.00019010892719961703
23,88,97,270,4.1801409679464996e-05
23,89,97,409,-0.00023270303790923208
23,90,97,291,3.191574705851963e-06
23,91,97,375,-0.00015083617472555488
23,92,97,321,0.00037958918255753815
23,93,97,405,0.00019371586677152663
23,94,97,314,2.2281944893620675e-06
23,95,97,302,-0.00018327061843592674
23,96,97,303,-6.994275463512167e-05
23,97,97,304,-1.0435194781166501e-05
23,98,97,408,-5.076055822428316e-05
23,99,97,307,4.772416650666855e-05
23,100,97,320,7.908132101874799e-05
23,101,97,404,0.00046021153684705496
23,102,97,315,-0.00011860908853122965
23,103,97,268,-5.6769127695588395e-05
23,104,97,271,5.652077015838586e-05
23,105,97,272,-4.6339777327375486e-05
23,106,97,325,9.983216295950115e-05
23,107,97,319,0.0004547949356492609
23,108,97,403,-9.703298565000296e-05
23,109,97,316,0.00013255278463475406
23,110,97,312,-2.415353446849622e-05
23,111,97,311,1.2072686331521254e-05
23,112,97,310,8.571405487600714e-05
23,113,97,415,5.826248525409028e-05
23,114,97,308,-0.00010168687003897503
23,115,97,324,-1.6654581486363895e-05
23,116,97,318,8.862505637807772e-05
23,117,97,402,-0.00012319369125179946
23,118,97,317,-0.00010046709212474525
24,25,393,391,-0.0001290244108531624
24,26,393,322,-1.680023160588462e-05
24,27,393,410,-0.00011111953790532425
24,28,393,287,-0.00022776570403948426
24,29,393,273,6.918144936207682e-05
24,30,393,335,-0.00010981218656525016
24,31,393,406,-0.00015367387095466256
24,32,393,313,-8.057861123234034e-05
24,33,393,421,-1.4364844901137985e-05
24,34,393,418,8.735827577766031e-05
24,35,393,424,9.68838285189122e-05
24,36,393,422,3.3847718441393226e-05
24,37,393,432,2.983398735523224e-05
24,38,393,436,1.648042962187901e-05
24,39,393,426,2.4617287635919638e-05
24,40,393,423,2.1400648620328866e-05
24,41,393,427,5.0485516112530604e-05
24,42,393,425,3.751524491235614e-05
24,43,393,327,-5.859610973857343e-05
24,44,393,326,-8.028423326322809e-05
24,45,393,0,-5.6149881856981665e-05
24,46,393,37,-0.00011208370415261015
24,47,393,39,-0.000256524421274662
24,48,393,40,7.499465027649421e-06
24,49,393,185,-9.904345643008128e-05
24,50,393,61,-0.00017712808039505035
24,51,393,146,-6.153739377623424e-05
24,52,393,91,-3.340075636515394e-05
24,53,393,181,0.0001398247986799106
24,54,393,84,-0.0003574690199457109
24,55,393,17,-0.00035857351031154394
24,56,393,11,6.386745781128411e-07
24,57,393,72,-5.9149479056941345e-05
24,58,393,73,-0.00023045952548272908
24,59,393,74,9.483062603976578e-05
24,60,393,184,-1.9394919945625588e-05
24,61,393,77,-0.00012519748997874558
24,62,393,90,-0.00011636255658231676
24,63,393,180,2.4191976990550756e-06
24,64,393,85,7.323050522245467e-05
24,65,393,16,-0.0005888690939173102
24,66,393,12,-0.00011133011139463633
24,67,393,38,-0.00021187886886764318
24,68,393,41,-1.9076096577919088e-05
24,69,393,42,2.6151285055675544e-05
24,70,393,96,-0.00014334435400087386
24,71,393,89,-8.363062079297379e-05
24,72,393,179,-0.00023672019597142935
24,73,393,86,-0.0001502652303315699
24,74,393,15,-0.001290248124860227
24,75,393,13,-1.1920229781026137e-06
24,76,393,82,4.549597178993281e-06
24,77,393,81,-1.4156384168018121e-05
24,78,393,80,3.28378846461419e-05
24,79,393,191,-1.825763683882542e-05
24,80,393,78,1.8220182028017007e-05
24,81,393,95,-0.00011956193338846788
24,82,393,88,0.00015786619042046368
24,83,393,178,-9.570090696797706e-06
24,84,393,87,-1.1859082405862864e-05
24,85,393,14,-0.0003164447844028473
24,86,393,267,1.5653595255571418e-05
24,87,393,269,-1.791149225027766e-05
24,88,393,270,-7.879522308940068e-05
24,89,393,409,6.890215445309877e-05
24,90,393,291,-0.0001521640078863129
24,91,393,375,-3.0069217245909385e-05
24,92,393,321,-5.410273661254905e-05
24,93,393,405,-2.5348646886413917e-05
24,94,393,314,7.170887693064287e-05
24,95,393,302,8.936490485211834e-05
24,96,393,303,5.4231652029557154e-05
24,97,393,304,4.484290911932476e-05
24,98,393,408,-1.641134440433234e-05
24,99,393,307,6.633138400502503e-05
24,100,393,320,3.90143895856454e-06
24,101,393,404,-0.00025816200650297105
24,102,393,315,1.2172580682090484e-05
24,103,393,268,-4.764879122376442e-05
24,104,393,271,-0.00013828215014655143
24,105,393,272,6.965945067349821e-05
24,106,393,325,4.358601654530503e-05
24,107,393,319,-3.9673101127846166e-05
24,108,393,403,0.00020152132492512465
24,109,393,316,0.00013757873966824263
24,110,393,312,3.771277260966599e-05
24,111,393,311,-1.5654182789148763e-05
24,112,393,310,-0.0003783776191994548
24,113,393,415,-0.00010602112160995603
24,114,393,308,8.093816722976044e-05
24,115,393,324,5.861249519512057e-05
24,116,393,318,6.0047877923352644e-05
24,117,393,402,4.441782584763132e-05
24,118,393,317,4.930758950649761e-05
25,26,391,322,4.698165139416233e-05
25,27,391,410,-9.892688831314445e-05
25,28,391,287,3.920294693671167e-05
25,29,391,273,-0.00012913273531012237
25,30,391,335,-6.629493145737797e-05
25,31,391,406,0.0002275644801557064
25,32,391,313,6.009329445078038e-05
25,33,391,421,0.00011837299098260701
25,34,391,418,-0.005606342107057571
25,35,391,424,6.57727214274928e-05
25,36,391,422,7.18420494649763e-07
25,37,391,432,1.2175932170066517e-05
25,38,391,436,1.1413806532800663e-05
25,39,391,426,7.838102465029806e-05
25,40,391,423,-2.648052577569615e-05
25,41,391,427,2.9423492378555238e-05
25,42,391,425,3.5981920518679544e-05
25,43,391,327,-0.0002154651883756742
25,44,391,326,-0.00012037683336529881
25,45,391,0,-0.00020798947662115097
25,46,391,37,2.259963139294996e-06
25,47,391,39,-3.0771941965213045e-05
25,48,391,40,2.399960249022115e-05
25,49,391,185,-0.00010526306868996471
25,50,391,61,-0.00021443549485411495
25,51,391,146,-4.0349415939999744e-05
25,52,391,91,2.4800706341920886e-06
25,53,391,181,2.4963550458778627e-05
25,54,391,84,5.816992052132264e-05
25,55,391,17,-0.0014613885432481766
25,56,391,11,-0.0001501317456131801
25,57,391,72,-9.43060003919527e-05
25,58,391,73,-0.00010821580508491024
25,59,391,74,7.018749329290586e-06
25,60,391,184,-1.4370140888786409e-05
25,61,391,77,4.367260407889262e-05
25,62,391,90,5.9292244259268045e-05
25,63,391,180,-4.9838959967019036e-05
25,64,391,85,-0.00012669878196902573
25,65,391,16,-0.0006367913447320461
25,66,391,12,-4.179538518656045e-05
25,67,391,38,-0.00010718240082496777
25,68,391,41,-6.607597606489435e-05
25,69,391,42,-0.00012477836571633816
25,70,391,96,-0.0009636448812671006
25,71,391,89,-5.147525735083036e-05
25,72,391,179,5.519638580153696e-05
25,73,391,86,-0.00015839500701986253
25,74,391,15,4.802984403795563e-05
25,75,391,13,-9.774517820915207e-05
25,76,391,82,-1.916615292429924e-05
25,77,391,81,-0.00023771682754158974
25,78,391,80,0.00018840271513909101
25,79,391,191,-5.622679236694239e-05
25,80,391,78,-0.0009276004275307059
25,81,391,95,-0.00020513862546067685
25,82,391,88,-3.365894008311443e-05
25,83,391,178,-0.0002662161714397371
25,84,391,87,-0.0002012064214795828
25,85,391,14,-4.4008138502249494e-05
25,86,391,267,-5.630946361634415e-06
25,87,391,269,-0.030902335420250893
25,88,391,270,-2.88861156150233e-05
25,89,391,409,-7.43849022910581e-06
25,90,391,291,8.649592200526968e-05
25,91,391,375,-8.400472142966464e-05
25,92,391,321,-0.00016823448822833598
25,93,391,405,0.00011039321543648839
25,94,391,314,-0.0006092404364608228
25,95,391,302,2.6200348202110035e-06
25,96,391,303,-0.00011028635344700888
25,97,391,304,-0.0001532801688881591
25,98,391,408,-1.3916718671680428e-05
25,99,391,307,-8.185438491636887e-05
25,100,391,320,-0.00014983244182076305
25,101,391,404,-5.065753430244513e-05
25,102,391,315,-0.0002845777489710599
25,103,391,268,-8.744261140236631e-05
25,104,391,271,2.350700924580451e-05
25,105,391,272,9.014831448439509e-05
25,106,391,325,-2.808201315929182e-06
25,107,391,319,-1.5351215552072972e-05
25,108,391,403,9.779246465768665e-05
25,109,391,316,-0.0002618177095428109
25,110,391,312,-5.930583574809134e-05
25,111,391,311,-3.730769458343275e-05
25,112,391,310,3.7483052437892184e-05
25,113,391,415,-0.00024680839851498604
25,114,391,308,5.320208583725616e-05
25,115,391,324,-6.587584721273743e-06
25,116,391,318,0.00021307730639819056
25,117,391,402,-0.00015337152581196278
25,118,391,317,0.00018999273015651852
26,27,322,410,-5.008794323657639e-05
26,28,322,287,-0.00013041218335274607
26,29,322,273,-1.3899403711548075e-05
26,30,322,335,-3.401120557100512e-05
26,31,322,406,-9.091706306207925e-05
26,32,322,313,-0.00015553724369965494
26,33,322,421,-6.96362039889209e-05
26,34,322,418,0.0002342043590033427
26,35,322,424,2.225844764325302e-05
26,36,322,422,-5.415277337306179e-05
26,37,322,432,-3.903409015038051e-05
26,38,322,436,2.5215000277967192e-05
26,39,322,426,0.00011018713121302426
26,40,322,423,7.298368291230872e-05
26,41,322,427,-0.00011828663264168426
26,42,322,425,-7.394162093987688e-05
26,43,322,327,-6.395576929207891e-05
26,44,322,326,1.1972939319093712e-05
26,45,322,0,-0.00020765772205777466
26,46,322,37,-0.00014525119331665337
26,47,322,39,3.218393885617843e-06
26,48,322,40,-3.3623633498791605e-05
26,49,322,185,-2.07982611755142e-05
26,50,322,61,-0.00012633133155759424
26,51,322,146,-0.00010053173900814727
26,52,322,91,4.2517727706581354e-05
26,53,322,181,5.943446376477368e-05
26,54,322,84,9.460525325266644e-05
26,55,322,17,1.551604873384349e-05
26,56,322,11,-0.00011710709804901853
26,57,322,72,-8.979958511190489e-05
26,58,322,73,0.00017461826791986823
26,59,322,74,-0.00027468407643027604
26,60,322,184,-8.815378532744944e-05
26,61,322,77,3.810195630649105e-05
26,62,322,90,1.3120810763211921e-05
26,63,322,180,-0.00018966516654472798
26,64,322,85,6.685881089651957e-06
26,65,322,16,-0.00037431553937494755
26,66,322,12,-0.00010906297393376008
26,67,322,38,0.00011988649930572137
26,68,322,41,-0.0002541974245104939
26,69,322,42,-0.00018018683476839215
26,70,322,96,-1.7032243704306893e-05
26,71,322,89,-0.00010492074943613261
26,72,322,179,2.4960369046311826e-05
26,73,322,86,-7.390532118733972e-05
26,74,322,15,2.2060343326302245e-05
26,75,322,13,-1.6126094124047086e-05
26,76,322,82,0.00016920939378906041
26,77,322,81,-0.00021108968940097839
26,78,322,80,-2.548096927057486e-05
26,79,322,191,-7.114536401786609e-06
26,80,322,78,-0.00022871288820169866
26,81,322,95,-1.2950505151820835e-05
26,82,322,88,6.102582847233862e-05
26,83,322,178,2.3780205083312467e-05
26,84,322,87,9.309373126598075e-06
26,85,322,14,-2.118445627274923e-05
26,86,322,267,-0.000144956138683483
26,87,322,269,-0.035265520215034485
26,88,322,270,1.1061020813940559e-05
26,89,322,409,5.3339193982537836e-05
26,90,322,291,-0.00019103307568002492
26,91,322,375,4.8947267572430064e-08
26,92,322,321,-0.00015296351921278983
26,93,322,405,5.079064430901781e-05
26,94,322,314,-7.687942706979811e-05
26,95,322,302,-0.0001627979363547638
26,96,322,303,2.5515679226373322e-05
26,97,322,304,-1.0848241799976677e-05
26,98,322,408,-1.2264028555364348e-05
26,99,322,307,3.9154179830802605e-05
26,100,322,320,-9.843787847785279e-05
26,101,322,404,2.0498451704042964e-05
26,102,322,315,-0.00016818811127450317
26,103,322,268,5.896791481063701e-05
26,104,322,271,-3.4572280128486454e-05
26,105,322,272,-4.6181565267033875e-05
26,106,322,325,-3.027838101843372e-05
26,107,322,319,-3.310066676931456e-05
26,108,322,403,0.00011030237510567531
26,109,322,316,-0.00021590720280073583
26,110,322,312,7.102495874278247e-05
26,111,322,311,1.1602502127061598e-05
26,112,322,310,5.3396299335872754e-05
26,113,322,415,-3.9537717384519055e-05
26,114,322,308,0.00016323442105203867
26,115,322,324,-1.1020709280273877e-05
26,116,322,318,5.751550634158775e-05
26,117,322,402,-0.00020648105419240892
26,118,322,317,3.664506584755145e-05
27,28,410,287,-2.19896810449427e-05
27,29,410,273,-4.172471562924329e-06
27,30,410,335,0.00020023742399644107
27,31,410,406,3.968902456108481e-05
27,32,410,313,0.00011299696052446961
27,33,410,421,-3.574842412490398e-05
27,34,410,418,7.22415279597044e-05
27,35,410,424,-0.016869496554136276
27,36,410,422,-6.065861725801369e-06
27,37,410,432,2.1846088202437386e-05
27,38,410,436,-0.00010765880870167166
27,39,410,426,4.1525450797053054e-05
27,40,410,423,1.443647079213406e-06
27,41,410,427,3.8878344639670104e-05
27,42,410,425,7.604660640936345e-05
27,43,410,327,-4.2952055991918314e-06
27,44,410,326,1.4997739526734222e-05
27,45,410,0,5.640159361064434e-05
27,46,410,37,7.628667617609608e-07
27,47,410,39,-7.334157999139279e-05
27,48,410,40,-7.662216376047581e-06
27,49,410,185,-9.034523100126535e-05
27,50,410,61,5.174565012566745e-05
27,51,410,146,-6.059202860342339e-06
27,52,410,91,0.00010443168866913766
27,53,410,181,4.724020618596114e-05
27,54,410,84,-2.7710872018360533e-05
27,55,410,17,-0.00039377016946673393
27,56,410,11,-0.00016280841373372823
27,57,410,72,-4.431379056768492e-05
27,58,410,73,8.681982581038028e-05
27,59,410,74,-5.0200786063214764e-05
27,60,410,184,1.0723668310674839e-05
27,61,410,77,4.756213093060069e-05
27,62,410,90,-0.00010434866271680221
27,63,410,180,-2.3409404093399644e-05
27,64,410,85,-0.0002215858403360471
27,65,410,16,-0.0008443060214631259
27,66,410,12,3.068328442168422e-05
27,67,410,38,-2.8779917556676082e-05
27,68,410,41,0.00012350176984909922
27,69,410,42,-2.2631984393228777e-05
27,70,410,96,-0.00024455736274830997
27,71,410,89,7.564565021311864e-05
27,72,410,179,-7.852997077861801e-05
27,73,410,86,-7.281325088115409e-05
27,74,410,15,-0.0012164248619228601
27,75,410,13,-3.5961278626928106e-05
27,76,410,82,-0.00018908741185441613
27,77,410,81,-1.1809994248324074e-05
27,78,410,80,-0.004827994387596846
27,79,410,191,0.00019214516214560717
27,80,410,78,-5.841779784532264e-05
27,81,410,95,-3.11248550133314e-05
27,82,410,88,-0.00015277793863788247
27,83,410,178,-5.420268280431628e-06
27,84,410,87,-0.0002659430028870702
27,85,410,14,5.124098606756888e-05
27,86,410,267,-0.044357720762491226
27,87,410,269,-0.03861064836382866
27,88,410,270,-0.026227863505482674
27,89,410,409,2.091964461214957e-06
27,90,410,291,5.3698604460805655e-06
27,91,410,375,9.749627679411788e-06
27,92,410,321,-1.277674255106831e-05
27,93,410,405,-0.00023648924252483994
27,94,410,314,-0.0010184901766479015
27,95,410,302,-0.008001902140676975
27,96,410,303,-0.0659632757306099
27,97,410,304,-0.08647079765796661
27,98,410,408,-9.585816587787122e-05
27,99,410,307,-0.00013185910938773304
27,100,410,320,-3.511213799356483e-05
27,101,410,404,-0.00011840667139040306
27,102,410,315,-0.0007733803358860314
27,103,410,268,-7.306737757062365e-07
27,104,410,271,1.834167051129043e-05
27,105,410,272,-0.0001308329519815743
27,106,410,325,7.727681804681197e-05
27,107,410,319,0.0002954687806777656
27,108,410,403,0.00021227795514278114
27,109,410,316,-0.0007666078163310885
27,110,410,312,-3.4463937481632456e-06
27,111,410,311,2.555441824370064e-05
27,112,410,310,8.66336176841287e-06
27,113,410,415,4.8987472837325186e-05
27,114,410,308,0.00010090714931720868
27,115,410,324,2.5713299692142755e-05
27,116,410,318,-6.768685852875933e-05
27,117,410,402,3.144080255879089e-05
27,118,410,317,-0.0004284926981199533
28,29,287,273,-1.0766389095806517e-05
28,30,287,335,-3.674728941405192e-05
28,31,287,406,-5.625787525787018e-05
28,32,287,313,-7.07899234839715e-05
28,33,287,421,8.405266999034211e-05
28,34,287,418,0.0003247858549002558
28,35,287,424,-4.107336644665338e-05
28,36,287,422,0.00010539053619140759
28,37,287,432,6.047018541721627e-05
28,38,287,436,-7.871403795434162e-06
28,39,287,426,-4.17557057517115e-05
28,40,287,423,6.10508504905738e-05
28,41,287,427,3.3249612897634506e-05
28,42,287,425,4.118461947655305e-05
28,43,287,327,-0.0003400463319849223
28,44,287,326,9.455288250137528e-07
28,45,287,0,6.622180808335543e-05
28,46,287,37,-0.00943040382117033
28,47,287,39,-3.801236971412436e-06
28,48,287,40,-4.015709782834165e-05
28,49,287,185,0.0001442953071091324
28,50,287,61,-0.000438108661910519
28,51,287,146,-5.168639836483635e-05
28,52,287,91,-8.831288869259879e-05
28,53,287,181,2.813864193740301e-05
28,54,287,84,-0.00023909036826808006
28,55,287,17,-0.0004952583694830537
28,56,287,11,7.045137863315176e-06
28,57,287,72,-0.0006449409411288798
28,58,287,73,-6.200972711667418e-05
28,59,287,74,9.884475730359554e-05
28,60,287,184,7.020132761681452e-05
28,61,287,77,3.121413828921504e-05
28,62,287,90,-1.5855729316172074e-06
28,63,287,180,-2.8068216124665923e-05
28,64,287,85,-0.0002876478247344494
28,65,287,16,-0.0015182887436822057
28,66,287,12,8.876764331944287e-05
28,67,287,38,-0.0001261378056369722
28,68,287,41,-8.704014180693775e-05
28,69,287,42,0.00010061290231533349
28,70,287,96,-4.1782532207435e-05
28,71,287,89,2.1039975763414986e-05
28,72,287,179,7.571173773612827e-05
28,73,287,86,-0.0003278074727859348
28,74,287,15,-0.001441717380657792
28,75,287,13,7.938235648907721e-05
28,76,287,82,-0.00022096268367022276
28,77,287,81,-0.06523822993040085
28,78,287,80,-1.7452941392548382e-05
28,79,287,191,-6.92794710630551e-05
28,80,287,78,-0.0001811989932321012
28,81,287,95,2.2456428268924356e-05
28,82,287,88,-7.265631575137377e-05
28,83,287,178,9.135236905422062e-05
28,84,287,87,0.00010498450137674809
28,85,287,14,-0.0003480718587525189
28,86,287,267,-7.466760143870488e-05
28,87,287,269,-0.0476868711411953
28,88,287,270,-0.0001360701280646026
28,89,287,409,-8.003502443898469e-05
28,90,287,291,4.925920438836329e-05
28,91,287,375,-5.8077308494830504e-05
28,92,287,321,2.9526461730711162e-05
28,93,287,405,-0.00013844617933500558
28,94,287,314,-0.0009913468966260552
28,95,287,302,1.7929140085470863e-05
28,96,287,303,-0.0272001251578331
28,97,287,304,0.00018764949345495552
28,98,287,408,4.0898608858697116e-05
28,99,287,307,4.397894736030139e-05
28,100,287,320,2.0638099158531986e-05
28,101,287,404,-0.00026998811517842114
28,102,287,315,-0.0014766498934477568
28,103,287,268,-0.01639195717871189
28,104,287,271,-0.024809326976537704
28,105,287,272,-0.00010699693666538224
28,106,287,325,0.0001733371173031628
28,107,287,319,0.00015689065912738442
28,108,287,403,-5.8861419347522315e-06
28,109,287,316,-0.0011382894590497017
28,110,287,312,-0.0001674371014814824
28,111,287,311,6.285116251092404e-05
28,112,287,310,-6.025534457876347e-05
28,113,287,415,1.2599208275787532e-05
28,114,287,308,0.00012818783579859883
28,115,287,324,0.0001655975211178884
28,116,287,318,8.172388334060088e-05
28,117,287,402,-0.00013281907013151795
28,118,287,317,-0.0003538089513313025
29,30,273,335,-3.931241008103825e-05
29,31,273,406,-1.3956246220914181e-06
29,32,273,313,1.563610931043513e-05
29,33,273,421,-0.0001421844499418512
29,34,273,418,4.7352885303553194e-05
29,35,273,424,9.556926670484245e-05
29,36,273,422,-0.00010981900413753465
29,37,273,432,-9.830135968513787e-05
29,38,273,436,-6.358983227983117e-05
29,39,273,426,5.062952186563052e-05
29,40,273,423,-1.9735425667022355e-05
29,41,273,427,0.00013429248065222055
29,42,273,425,-0.0001871898421086371
29,43,273,327,1.0087762348121032e-05
29,44,273,326,4.8432149924337864e-05
29,45,273,0,7.048217230476439e-05
29,46,273,37,0.00013650614710059017
29,47,273,39,1.8867882317863405e-05
29,48,273,40,-2.165343721571844e-05
29,49,273,185,0.00010089117131428793
29,50,273,61,-1.4194394680089317e-05
29,51,273,146,-2.3729111489956267e-05
29,52,273,91,-4.3177700717933476e-05
29,53,273,181,3.3704443922033533e-05
29,54,273,84,-6.443371967179701e-05
29,55,273,17,-0.0001778655278030783
29,56,273,11,5.4707179515389726e-05
29,57,273,72,-7.80266200308688e-05
29,58,273,73,-0.00016829860396683216
29,59,273,74,5.779879938927479e-05
29,60,273,184,-8.031648030737415e-05
29,61,273,77,-6.911873788340017e-05
29,62,273,90,-0.00016403741028625518
29,63,273,180,2.7531143132364377e-05
29,64,273,85,-3.4153741580666974e-05
29,65,273,16,-0.0006415948155336082
29,66,273,12,-2.856934952433221e-05
29,67,273,38,3.4788161428878084e-05
29,68,273,41,-8.906238508643582e-05
29,69,273,42,-3.505249696900137e-05
29,70,273,96,-1.019217506836867e-05
29,71,273,89,4.038352926727384e-05
29,72,273,179,8.516268280800432e-06
29,73,273,86,2.953932198579423e-05
29,74,273,15,-0.00020435852638911456
29,75,273,13,-6.9142552092671394e-06
29,76,273,82,-3.6373219245433575e-06
29,77,273,81,-1.1672186701616738e-06
29,78,273,80,-1.0822793228726368e-05
29,79,273,191,2.5115923563134857e-05
29,80,273,78,5.444702401291579e-05
29,81,273,95,-4.183031705906615e-05
29,82,273,88,-1.1184781669726362e-06
29,83,273,178,4.326104317442514e-06
29,84,273,87,0.00010063651279779151
29,85,273,14,-2.2580823497264646e-05
29,86,273,267,-9.679530194262043e-05
29,87,273,269,-6.675122131127864e-05
29,88,273,270,7.9188748713932e-06
29,89,273,409,0.00010425419895909727
29,90,273,291,-7.464913664989581e-07
29,91,273,375,9.299882367486134e-05
29,92,273,321,-0.00019651690672617406
29,93,273,405,-6.109270179877058e-05
29,94,273,314,-0.00010470704728504643
29,95,273,302,-0.031682088971138
29,96,273,303,3.094088606303558e-05
29,97,273,304,0.00012981951294932514
29,98,273,408,0.00013351283269003034
29,99,273,307,0.00011154743697261438
29,100,273,320,1.8057562556350604e-05
29,101,273,404,-8.439711382379755e-05
29,102,273,315,-0.0003829732886515558
29,103,273,268,-5.345879617379978e-05
29,104,273,271,-4.862270725425333e-05
29,105,273,272,3.676185224321671e-05
29,106,273,325,7.104514952516183e-05
29,107,273,319,0.00018193101277574897
29,108,273,403,1.7640461010159925e-05
29,109,273,316,3.91919857065659e-05
29,110,273,312,3.0898936529411e-05
29,111,273,311,-3.3394091587979347e-05
29,112,273,310,-1.2351178156677634e-05
29,113,273,415,3.89175365853589e-05
29,114,273,308,0.0001239709963556379
29,115,273,324,-7.407999510178342e-05
29,116,273,318,-0.0001942919916473329
29,117,273,402,0.00015016818360891193
29,118,273,317,-0.00029388515395112336
30,31,335,406,-5.610919470200315e-05
30,32,335,313,-0.00024934651446528733
30,33,335,421,-0.000193808285985142
30,34,335,418,-0.0001663845614530146
30,35,335,424,-8.318002073792741e-05
30,36,335,422,-6.0465215938165784e-05
30,37,335,432,0.00022775928664486855
30,38,335,436,-1.728506504150573e-05
30,39,335,426,-5.817387136630714e-05
30,40,335,423,2.979451346618589e-05
30,41,335,427,-2.2563426682609133e-05
30,42,335,425,-3.102094342466444e-05
30,43,335,327,-4.488039849093184e-05
30,44,335,326,8.72778837219812e-05
30,45,335,0,2.8693100830423646e-05
30,46,335,37,-3.435848338995129e-05
30,47,335,39,5.8316178183304146e-05
30,48,335,40,-1.7009469956974499e-06
30,49,335,185,2.5697016099002212e-05
30,50,335,61,-2.7704862077371217e-05
30,51,335,146,2.307068461959716e-05
30,52,335,91,8.831897139316425e-05
30,53,335,181,-0.00013665237929672003
30,54,335,84,5.016516297473572e-05
30,55,335,17,0.0001383358903694898
30,56,335,11,-1.6382959074690007e-05
30,57,335,72,-0.00011124362208647653
30,58,335,73,-0.00018588565581012517
30,59,335,74,2.5323412046418525e-05
30,60,335,184,-6.606652732443763e-06
30,61,335,77,7.932331936899573e-05
30,62,335,90,3.7993093428667635e-05
30,63,335,180,-6.877994746901095e-05
30,64,335,85,-2.5573356197128305e-06
30,65,335,16,-0.00013144359400030226
30,66,335,12,1.713078745524399e-05
30,67,335,38,-2.1514491891139187e-05
30,68,335,41,5.0373464546282776e-06
30,69,335,42,-8.982613508123904e-06
30,70,335,96,-0.00011850653390865773
30,71,335,89,4.824476945941569e-06
30,72,335,179,-4.995992640033364e-05
30,73,335,86,-3.714436388690956e-05
30,74,335,15,-0.00015094476111698896
30,75,335,13,-0.00025208675651811063
30,76,335,82,-8.059301762841642e-05
30,77,335,81,3.177176768076606e-05
30,78,335,80,1.28446572489338e-05
30,79,335,191,-0.0001169624156318605
30,80,335,78,4.171593172941357e-05
30,81,335,95,-7.423493661917746e-05
30,82,335,88,-2.5334629754070193e-05
30,83,335,178,-8.633101242594421e-05
30,84,335,87,3.814580850303173e-05
30,85,335,14,9.087431681109592e-05
30,86,335,267,-1.6274372683255933e-05
30,87,335,269,4.8310746933566406e-05
30,88,335,270,-1.1147851182613522e-05
30,89,335,409,-0.0002033683704212308
30,90,335,291,1.5887706467765383e-05
30,91,335,375,-1.2793012501788326e-05
30,92,335,321,-0.0001975179766304791
30,93,335,405,-0.00023184320889413357
30,94,335,314,9.757201769389212e-05
30,95,335,302,2.5206209102179855e-05
30,96,335,303,-0.00019455842266324908
30,97,335,304,-2.4945522454800084e-05
30,98,335,408,-0.00010661006672307849
30,99,335,307,-9.15026685106568e-05
30,100,335,320,-0.00011088390601798892
30,101,335,404,-9.05285469343653e-06
30,102,335,315,-3.3602420899114804e-06
30,103,335,268,-9.031948866322637e-05
30,104,335,271,-5.0390484830131754e-05
30,105,335,272,-0.00017508796008769423
30,106,335,325,1.7383530575898476e-05
30,107,335,319,0.0001958185894181952
30,108,335,403,-0.00015749620797578245
30,109,335,316,-5.663677438860759e-05
30,110,335,312,-0.00034383434103801847
30,111,335,311,-0.00022564877872355282
30,112,335,310,5.630085797747597e-05
30,113,335,415,7.650994666619226e-05
30,114,335,308,4.298591011320241e-05
30,115,335,324,2.7915642931475304e-05
30,116,335,318,-0.00014364579692482948
30,117,335,402,0.00018108960648532957
30,118,335,317,-4.74791340820957e-05
31,32,406,313,0.00010852205014089122
31,33,406,421,1.01098048617132e-05
31,34,406,418,5.232041803537868e-05
31,35,406,424,3.622662552515976e-05
31,36,406,422,-6.0921716794837266e-05
31,37,406,432,0.00010545469558564946
31,38,406,436,-0.00037032688851468265
31,39,406,426,9.077857248485088e-05
31,40,406,423,-8.896225153876003e-06
31,41,406,427,0.0003775224322453141
31,42,406,425,-0.00014407468552235514
31,43,406,327,-8.762103243498132e-05
31,44,406,326,-7.451075362041593e-05
31,45,406,0,-0.00012343667913228273
31,46,406,37,6.62004549667472e-06
31,47,406,39,-4.47937854914926e-05
31,48,406,40,0.00011106557940365747
31,49,406,185,6.362238491419703e-05
31,50,406,61,-7.746152550680563e-05
31,51,406,146,4.0765691665001214e-05
31,52,406,91,-0.00012573279673233628
31,53,406,181,3.595937232603319e-05
31,54,406,84,3.2464613468619063e-05
31,55,406,17,-0.0002932989737018943
31,56,406,11,1.2797270755982026e-05
31,57,406,72,7.949671271489933e-05
31,58,406,73,0.00021624824148602784
31,59,406,74,9.212710574502125e-05
31,60,406,184,-1.1886809261341114e-05
31,61,406,77,-0.0001470463175792247
31,62,406,90,-7.1921014750842e-05
31,63,406,180,-0.00021982686303090304
31,64,406,85,-0.0002729601110331714
31,65,406,16,1.1127030120405834e-05
31,66,406,12,8.047405572142452e-06
31,67,406,38,0.0001000834017759189
31,68,406,41,-5.093270374345593e-05
31,69,406,42,-7.773857214488089e-05
31,70,406,96,5.0026323151541874e-05
31,71,406,89,2.833938560797833e-05
31,72,406,179,-0.00011326259118504822
31,73,406,86,-0.00015745793643873185
31,74,406,15,-6.150803528726101e-05
31,75,406,13,-0.00019502686336636543
31,76,406,82,0.00012786462320946157
31,77,406,81,-7.537726105510956e-06
31,78,406,80,3.714967897394672e-05
31,79,406,191,5.937606329098344e-05
31,80,406,78,4.678927507484332e-05
31,81,406,95,5.5503503972431645e-05
31,82,406,88,-4.257036198396236e-05
31,83,406,178,5.7935230870498344e-05
31,84,406,87,-0.0001764618937158957
31,85,406,14,1.5317995348596014e-05
31,86,406,267,7.820402242941782e-05
31,87,406,269,-6.159106851555407e-05
31,88,406,270,-0.00024577919975854456
31,89,406,409,-0.0001033592561725527
31,90,406,291,-1.8292497770744376e-05
31,91,406,375,-9.583655628375709e-05
31,92,406,321,-9.784247959032655e-05
31,93,406,405,-0.00018406430899631232
31,94,406,314,0.00015442508447449654
31,95,406,302,-0.00013281260908115655
31,96,406,303,2.4306316845468245e-05
31,97,406,304,-3.178454426233657e-05
31,98,406,408,-4.4743454054696485e-05
31,99,406,307,-5.792816955363378e-05
31,100,406,320,6.94354748702608e-05
31,101,406,404,-0.00021311661112122238
31,102,406,315,-0.00012421894643921405
31,103,406,268,4.489305501920171e-05
31,104,406,271,-7.995769556146115e-05
31,105,406,272,-3.608951737987809e-05
31,106,406,325,6.22563311480917e-05
31,107,406,319,-0.00022288961918093264
31,108,406,403,2.3536660592071712e-05
31,109,406,316,-0.0001458969636587426
31,110,406,312,-0.00012796201917808503
31,111,406,311,-8.440381498076022e-05
31,112,406,310,-5.7750035921344534e-05
31,113,406,415,-5.3059706260683015e-05
31,114,406,308,-7.885054219514132e-05
31,115,406,324,-0.00013064575614407659
31,116,406,318,-6.0924234276171774e-05
31,117,406,402,-2.240412140963599e-05
31,118,406,317,-7.337814895436168e-05
32,33,313,421,-0.00014162721345201135
32,34,313,418,-0.00015641748905181885
32,35,313,424,-4.157914736424573e-05
32,36,313,422,0.00011808291310444474
32,37,313,432,3.826773536275141e-06
32,38,313,436,-0.00013113503518979996
32,39,313,426,-2.6694542611949146e-05
32,40,313,423,4.8047269956441596e-05
32,41,313,427,0.0002712357381824404
32,42,313,425,0.00019308950868435204
32,43,313,327,-2.6137346139876172e-05
32,44,313,326,0.00012611573038157076
32,45,313,0,-0.00024895768729038537
32,46,313,37,4.123766484553926e-05
32,47,313,39,2.2987783268035855e-06
32,48,313,40,-5.7722627389011905e-05
32,49,313,185,0.00014161753642838448
32,50,313,61,4.665155938710086e-05
32,51,313,146,-1.6557703929720446e-05
32,52,313,91,-6.407869659597054e-05
32,53,313,181,0.00010914694576058537
32,54,313,84,-9.540014434605837e-05
32,55,313,17,4.764979166793637e-05
32,56,313,11,-2.6818604965228587e-05
32,57,313,72,-5.489545856107725e-06
32,58,313,73,8.852694736560807e-05
32,59,313,74,0.00014201067097019404
32,60,313,184,0.00028505289810709655
32,61,313,77,-0.00010042307985713705
32,62,313,90,2.1825742805958726e-05
32,63,313,180,-3.2046624255599454e-05
32,64,313,85,5.1652692491188645e-05
32,65,313,16,-0.00011406763951526955
32,66,313,12,2.993420639541e-05
32,67,313,38,9.486273484071717e-06
32,68,313,41,-0.0001302290620515123
32,69,313,42,0.00023827051336411387
32,70,313,96,1.5993069609976374e-05
32,71,313,89,6.893567478982732e-05
32,72,313,179,-1.94551503227558e-05
32,73,313,86,-8.660645835334435e-05
32,74,313,15,-8.139394776662812e-05
32,75,313,13,-1.4335508240037598e-05
32,76,313,82,-2.870178286684677e-05
32,77,313,81,-4.390888989291852e-06
32,78,313,80,0.00011528994946274906
32,79,313,191,2.9614060622407123e-05
32,80,313,78,-7.119189103832468e-05
32,81,313,95,3.0135308293210983e-07
32,82,313,88,2.1676138203474693e-05
32,83,313,178,-0.00018492713570594788
32,84,313,87,3.0608924134867266e-05
32,85,313,14,-0.00012365753354970366
32,86,313,267,4.578854714054614e-05
32,87,313,269,-1.2029840036120731e-05
32,88,313,270,-0.0002125460305251181
32,89,313,409,-1.6888920981728006e-06
32,90,313,291,-1.9682960555655882e-05
32,91,313,375,-0.00010205663420492783
32,92,313,321,4.68775506305974e-05
32,93,313,405,-5.8987548072764184e-06
32,94,313,314,0.0001321041927440092
32,95,313,302,-6.626161484746262e-05
32,96,313,303,-5.4334599553840235e-05
32,97,313,304,-7.274290692294016e-05
32,98,313,408,3.0054929084144533e-05
32,99,313,307,-0.00017236315761692822
32,100,313,320,0.0001440003397874534
32,101,313,404,-9.410420898348093e-05
32,102,313,315,-3.646313780336641e-05
32,103,313,268,0.00018369652389083058
32,104,313,271,-5.968994810245931e-05
32,105,313,272,-0.00016307996702380478
32,106,313,325,-0.00015501893358305097
32,107,313,319,5.507674359250814e-06
32,108,313,403,-6.0378402849892154e-05
32,109,313,316,8.530197374057025e-05
32,110,313,312,-6.51936061331071e-05
32,111,313,311,5.773141765530454e-06
32,112,313,310,-0.00012159422476543114
32,113,313,415,-7.882219506427646e-05
32,114,313,308,-0.00016419339226558805
32,115,313,324,-4.190382696833694e-06
32,116,313,318,-0.00015464906755369157
32,117,313,402,4.3146551433892455e-06
32,118,313,317,-0.00016824170597828925
33,34,421,418,-2.499263791833073e-05
33,35,421,424,-8.37950428831391e-05
33,36,421,422,-0.00010786938219098374
33,37,421,432,-2.633802250784356e-05
33,38,421,436,-0.00013269430201034993
33,39,421,426,0.0001091499871108681
33,40,421,423,-0.0002647451765369624
33,41,421,427,-0.0003056405403185636
33,42,421,425,-7.382329204119742e-05
33,43,421,327,0.00014601460134144872
33,44,421,326,-0.00012808223254978657
33,45,421,0,-0.0001793331903172657
33,46,421,37,-8.03080401965417e-05
33,47,421,39,-8.980852726381272e-05
33,48,421,40,-1.7307660527876578e-05
33,49,421,185,-7.952022860990837e-05
33,50,421,61,0.00017770934209693223
33,51,421,146,5.3612642659572884e-05
33,52,421,91,-5.141560177435167e-05
33,53,421,181,4.463186633074656e-05
33,54,421,84,2.7714255338651128e-05
33,55,421,17,-2.6435671315994114e-05
33,56,421,11,-8.167966734617949e-05
33,57,421,72,-0.0001781045866664499
33,58,421,73,-0.00012906084884889424
33,59,421,74,1.418019655829994e-05
33,60,421,184,-5.190724186832085e-05
33,61,421,77,2.2914826331543736e-05
33,62,421,90,7.82366405474022e-05
33,63,421,180,3.5624372685560957e-05
33,64,421,85,2.7313035388942808e-05
33,65,421,16,4.816693763132207e-05
33,66,421,12,-0.00012706973939202726
33,67,421,38,-3.4467753721401095e-05
33,68,421,41,4.0181908843806013e-05
33,69,421,42,3.253270187997259e-05
33,70,421,96,-3.626695979619399e-05
33,71,421,89,-6.171433778945357e-05
33,72,421,179,-0.00021199561888352036
33,73,421,86,3.941357499570586e-05
33,74,421,15,-0.00023954559583216906
33,75,421,13,-1.5770729078212753e-05
33,76,421,82,2.426206810923759e-05
33,77,421,81,9.02283500181511e-05
33,78,421,80,-0.0003038310387637466
33,79,421,191,3.5477693018037826e-05
33,80,421,78,9.233905439032242e-05
33,81,421,95,4.146415085415356e-05
33,82,421,88,1.560374403197784e-05
33,83,421,178,2.7264741220278665e-05
33,84,421,87,4.682729559135623e-05
33,85,421,14,-0.00010544915858190507
33,86,421,267,-9.712550672702491e-05
33,87,421,269,-2.6381150746601634e-05
33,88,421,270,-1.4109915582594112e-06
33,89,421,409,-0.00020833619055338204
33,90,421,291,-0.00016901140043046325
33,91,421,375,6.043546454748139e-05
33,92,421,321,0.00015428666665684432
33,93,421,405,0.00024231565475929528
33,94,421,314,-0.00013114140892867
33,95,421,302,5.808913192595355e-05
33,96,421,303,0.00011380121577531099
33,97,421,304,-4.2132985981879756e-05
33,98,421,408,-3.6631499824579805e-05
33,99,421,307,-1.3673596185981296e-05
33,100,421,320,-0.0001312422682531178
33,101,421,404,-3.663119423436001e-05
33,102,421,315,6.903743269504048e-06
33,103,421,268,-5.485630481416592e-06
33,104,421,271,-0.00012289370351936668
33,105,421,272,0.00013376095739658922
33,106,421,325,3.734499114216305e-05
33,107,421,319,-0.00021146332437638193
33,108,421,403,-2.4390938051510602e-05
33,109,421,316,-9.108798985835165e-05
33,110,421,312,-2.8631058739847504e-05
33,111,421,311,1.8034535969491117e-05
33,112,421,310,3.1759591365698725e-06
33,113,421,415,9.106692596105859e-05
33,114,421,308,5.299916210788069e-06
33,115,421,324,3.6479603295447305e-05
33,116,421,318,-0.0003562267229426652
33,117,421,402,-3.118901440757327e-05
33,118,421,317,-2.2226047803997062e-05
34,35,418,424,1.5209274351946078e-05
34,36,418,422,6.320355896605179e-05
34,37,418,432,6.960810424061492e-05
34,38,418,436,-0.00017045327695086598
34,39,418,426,-4.8521349526708946e-05
34,40,418,423,0.00010228036990156397
34,41,418,427,-6.303435657173395e-05
34,42,418,425,-0.00012035812687827274
34,43,418,327,4.252700455253944e-05
34,44,418,326,3.6699111660709605e-05
34,45,418,0,-0.00019142593373544514
34,46,418,37,-0.0001299716968787834
34,47,418,39,-9.350801701657474e-05
34,48,418,40,-2.9676471967832185e-05
34,49,418,185,-2.4591108740423806e-05
34,50,418,61,-6.592288991669193e-05
34,51,418,146,-4.548441575025208e-05
34,52,418,91,-2.494416003173683e-05
34,53,418,181,-5.593882451648824e-05
34,54,418,84,-0.0002525495074223727
34,55,418,17,-0.00012815238733310252
34,56,418,11,-0.00022493433789350092
34,57,418,72,-9.794066136237234e-05
34,58,418,73,0.00019261772104073316
34,59,418,74,4.428699412528658e-06
34,60,418,184,9.183044312521815e-05
34,61,418,77,1.258837301065796e-06
34,62,418,90,-7.425995136145502e-05
34,63,418,180,-5.812597373733297e-05
34,64,418,85,0.00023937539663165808
34,65,418,16,2.2899988834979013e-05
34,66,418,12,-1.530026383989025e-05
34,67,418,38,-0.00019382766913622618
34,68,418,41,-0.00010717580153141171
34,69,418,42,7.46458608773537e-05
34,70,418,96,5.1186943892389536e-05
34,71,418,89,-3.2985124562401325e-05
34,72,418,179,6.67334024910815e-05
34,73,418,86,-0.00023062339460011572
34,74,418,15,0.00017870523151941597
34,75,418,13,-0.00012455755495466292
34,76,418,82,-8.135283133015037e-05
34,77,418,81,-1.5773668565088883e-05
34,78,418,80,-1.6425074136350304e-05
34,79,418,191,-4.8752892325865105e-05
34,80,418,78,-1.0723837249315693e-06
34,81,418,95,0.00014150746574159712
34,82,418,88,6.753933121217415e-05
34,83,418,178,-1.9899618564522825e-05
34,84,418,87,-7.124558760551736e-05
34,85,418,14,1.2394132681947667e-05
34,86,418,267,-6.241196388145909e-06
34,87,418,269,-6.163537909742445e-05
34,88,418,270,0.02644621767103672
34,89,418,409,6.063663022359833e-05
34,90,418,291,0.0016583151882514358
34,91,418,375,8.136246469803154e-05
34,92,418,321,4.3178726627957076e-05
34,93,418,405,4.456874376046471e-05
34,94,418,314,-0.00019989270367659628
34,95,418,302,6.941957508388441e-06
34,96,418,303,-8.061841072048992e-05
34,97,418,304,-8.454771887045354e-05
34,98,418,408,5.236655124463141e-05
34,99,418,307,-0.00011893056944245473
34,100,418,320,6.742909317836165e-05
34,101,418,404,-0.00013096106704324484
34,102,418,315,3.1692994525656104e-05
34,103,418,268,9.241141378879547e-05
34,104,418,271,-0.00012221783981658518
34,105,418,272,0.00013744377065449953
34,106,418,325,-0.00017126910097431391
34,107,418,319,0.00021622249914798886
34,108,418,403,-0.00015813820937182754
34,109,418,316,0.00016156258061528206
34,110,418,312,-7.889768312452361e-06
34,111,418,311,-3.713936894200742e-05
34,112,418,310,-4.643775810109219e-06
34,113,418,415,1.1157558219565544e-05
34,114,418,308,-0.0002467879094183445
34,115,418,324,-0.00010567352728685364
34,116,418,318,-6.47311878765322e-07
34,117,418,402,-7.029752305243164e-05
34,118,418,317,4.962668026564643e-05
35,36,424,422,-6.452267552958801e-05
35,37,424,432,-7.011207344476134e-05
35,38,424,436,-5.8186888054478914e-05
35,39,424,426,0.00038180217961780727
35,40,424,423,-9.117351510212757e-06
35,41,424,427,-0.00019057554891332984
35,42,424,425,5.138253982295282e-05
35,43,424,327,-0.00017536453378852457
35,44,424,326,-5.3917225159239024e-05
35,45,424,0,-0.00010123236279468983
35,46,424,37,-4.529857687884942e-05
35,47,424,39,4.867312964051962e-05
35,48,424,40,6.6252367105335e-05
35,49,424,185,2.865771648430382e-06
35,50,424,61,5.726024755858816e-05
35,51,424,146,-0.00011138721310999244
35,52,424,91,-0.00010202242265222594
35,53,424,181,-7.365634519373998e-05
35,54,424,84,1.12411526060896e-05
35,55,424,17,0.00017374768503941596
35,56,424,11,-7.344853656832129e-05
35,57,424,72,1.6671530829626136e-05
35,58,424,73,-2.4803173801046796e-05
35,59,424,74,8.998443809105083e-05
35,60,424,184,8.69362338562496e-05
35,61,424,77,1.972392237803433e-05
35,62,424,90,-1.6208268789341673e-06
35,63,424,180,1.6423824490630068e-05
35,64,424,85,7.504687528125942e-05
35,65,424,16,-9.546471846988425e-05
35,66,424,12,-4.799337330041453e-05
35,67,424,38,-1.9001166947418824e-05
35,68,424,41,1.1028188055206556e-05
35,69,424,42,-7.707673830736894e-06
35,70,424,96,-3.61325619451236e-05
35,71,424,89,3.604145967983641e-05
35,72,424,179,-5.821002559969202e-05
35,73,424,86,7.689890480833128e-06
35,74,424,15,-0.0001772310642991215
35,75,424,13,-9.094900451600552e-05
35,76,424,82,-2.6316013190808007e-06
35,77,424,81,0.00010721368744270876
35,78,424,80,5.204563876759494e-06
35,79,424,191,4.921641811961308e-05
35,80,424,78,-5.612177119473927e-05
35,81,424,95,-2.1170480977161787e-05
35,82,424,88,-0.00022877773153595626
35,83,424,178,-4.684286250267178e-05
35,84,424,87,-0.00012658465129788965
35,85,424,14,4.59075381513685e-05
35,86,424,267,-0.0001337573048658669
35,87,424,269,1.8319427908863872e-05
35,88,424,270,5.932263775321189e-06
35,89,424,409,4.7004494263092056e-05
35,90,424,291,-0.00014325468509923667
35,91,424,375,7.476204336853698e-05
35,92,424,321,4.02519763156306e-05
35,93,424,405,-0.0021187583915889263
35,94,424,314,-0.0008858163491822779
35,95,424,302,9.890825822367333e-06
35,96,424,303,1.4591436411137693e-05
35,97,424,304,-4.677936158259399e-05
35,98,424,408,0.00012406932364683598
35,99,424,307,4.709751738118939e-05
35,100,424,320,-4.017459286842495e-05
35,101,424,404,-0.00016101275105029345
35,102,424,315,-0.00037543708458542824
35,103,424,268,-0.00011693540727719665
35,104,424,271,-3.145539085380733e-05
35,105,424,272,0.0001015225425362587
35,106,424,325,0.00011882610124303028
35,107,424,319,1.1941715456487145e-05
35,108,424,403,-0.00010360540181864053
35,109,424,316,-0.00039599125739187
35,110,424,312,-1.7511341866338626e-05
35,111,424,311,0.00011398132483009249
35,112,424,310,0.00013467484677676111
35,113,424,415,-2.478328269717167e-06
35,114,424,308,3.586808452382684e-05
35,115,424,324,5.59350082767196e-05
35,116,424,318,-0.00012805940059479326
35,117,424,402,2.8740556444972754e-05
35,118,424,317,-7.690894562983885e-05
36,37,422,432,1.0720238606154453e-05
36,38,422,436,0.00012038050044793636
36,39,422,426,-0.0001777573925210163
36,40,422,423,0.00016690872143954039
36,41,422,427,3.9202252082759514e-05
36,42,422,425,7.774869300192222e-05
36,43,422,327,-0.0001325471675954759
36,44,422,326,-0.00013608860899694264
36,45,422,0,-2.9564922442659736e-05
36,46,422,37,3.5607310564955696e-05
36,47,422,39,-4.803245610673912e-05
36,48,422,40,-1.843948666646611e-05
36,49,422,185,-4.8689933464629576e-05
36,50,422,61,2.066980414383579e-05
36,51,422,146,3.108474629698321e-05
36,52,422,91,-2.434403904771898e-05
36,53,422,181,-6.790472252760082e-05
36,54,422,84,-0.00021997245494276285
36,55,422,17,-0.002563263289630413
36,56,422,11,-0.00015522964531555772
36,57,422,72,-2.4401266273343936e-05
36,58,422,73,-2.9937040380900726e-05
36,59,422,74,8.906367293093354e-05
36,60,422,184,-2.5505149096716195e-05
36,61,422,77,1.067629455064889e-06
36,62,422,90,3.819792254944332e-06
36,63,422,180,-3.1780717108631507e-05
36,64,422,85,-0.00011689478560583666
36,65,422,16,0.0001135058410000056
36,66,422,12,7.30996616766788e-05
36,67,422,38,-0.00011664368503261358
36,68,422,41,-2.686497100512497e-05
36,69,422,42,-0.00019664621504489332
36,70,422,96,9.634261368773878e-05
36,71,422,89,3.591648055589758e-05
36,72,422,179,-9.989494719775394e-05
36,73,422,86,8.737566531635821e-05
36,74,422,15,-0.00032745138742029667
36,75,422,13,-3.5645789466798306e-05
36,76,422,82,-7.378878217423335e-05
36,77,422,81,-2.569004391261842e-05
36,78,422,80,-1.1287544339211308e-06
36,79,422,191,9.840077836997807e-05
36,80,422,78,7.044249650789425e-05
36,81,422,95,-4.1278923163190484e-05
36,82,422,88,-8.876492211129516e-05
36,83,422,178,9.179269545711577e-05
36,84,422,87,0.0002172375243389979
36,85,422,14,-0.001333989785052836
36,86,422,267,0.00010244199802400544
36,87,422,269,-0.0016893164720386267
36,88,422,270,7.181005639722571e-05
36,89,422,409,3.0049466658965684e-05
36,90,422,291,-9.950268577085808e-06
36,91,422,375,5.615117061097408e-06
36,92,422,321,-0.00010951684089377522
36,93,422,405,-0.0028098486363887787
36,94,422,314,-0.0008624491165392101
36,95,422,302,6.94366535753943e-05
36,96,422,303,-3.332195046823472e-05
36,97,422,304,-7.513073069276288e-05
36,98,422,408,6.386310997186229e-05
36,99,422,307,-2.3569884433527477e-05
36,100,422,320,0.00013809357187710702
36,101,422,404,-0.002064612926915288
36,102,422,315,-7.583801925648004e-05
36,103,422,268,-6.462752935476601e-05
36,104,422,271,-7.954156171763316e-05
36,105,422,272,0.0001277299306821078
36,106,422,325,1.5062265447340906e-05
36,107,422,319,-0.00023480664822272956
36,108,422,403,-0.0001783916522981599
36,109,422,316,-0.0001440288033336401
36,110,422,312,-0.00012809761392418295
36,111,422,311,4.0412298403680325e-05
36,112,422,310,-7.895749877206981e-05
36,113,422,415,3.983376700489316e-06
36,114,422,308,-2.3537702872999944e-05
36,115,422,324,1.6099926142487675e-05
36,116,422,318,-1.465698460378917e-05
36,117,422,402,-0.0003961643669754267
36,118,422,317,-4.622113920049742e-05
37,38,432,436,-1.4876723071211018e-05
37,39,432,426,1.9766413970501162e-05
37,40,432,423,-5.442482142825611e-05
37,41,432,427,-2.9525801437557675e-05
37,42,432,425,4.159867239650339e-05
37,43,432,327,-0.00010356526036048308
37,44,432,326,6.747013230778975e-06
37,45,432,0,-0.07686807960271835
37,46,432,37,-0.04077639803290367
37,47,432,39,-5.9790141676785424e-05
37,48,432,40,-3.845493483822793e-05
37,49,432,185,-3.488772563287057e-05
37,50,432,61,-1.9954035451519303e-05
37,51,432,146,2.8052652851329185e-05
37,52,432,91,-9.774284990271553e-05
37,53,432,181,-7.482907676603645e-05
37,54,432,84,-9.492854587733746e-05
37,55,432,17,-0.0019173186738044024
37,56,432,11,-0.02688990905880928
37,57,432,72,-0.014973368495702744
37,58,432,73,-3.2985586585709825e-05
37,59,432,74,-0.00012845391756854951
37,60,432,184,-3.775196455535479e-05
37,61,432,77,5.2352959755808115e-05
37,62,432,90,2.851119097613264e-05
37,63,432,180,6.431376823456958e-05
37,64,432,85,-0.00010658994870027527
37,65,432,16,-0.0038222435396164656
37,66,432,12,-2.417502946627792e-05
37,67,432,38,-0.00013994598702993244
37,68,432,41,0.0001259974524145946
37,69,432,42,-4.033855293528177e-05
37,70,432,96,-4.605827052728273e-05
37,71,432,89,-0.0001346966455457732
37,72,432,179,-8.25921324576484e-06
37,73,432,86,-3.648982601589523e-05
37,74,432,15,-0.000917634111829102
37,75,432,13,8.89349466888234e-05
37,76,432,82,-0.00012263990356586874
37,77,432,81,-5.941691779298708e-05
37,78,432,80,6.725269486196339e-05
37,79,432,191,-1.1138099580421112e-06
37,80,432,78,-0.00010766639024950564
37,81,432,95,0.00010830433893715963
37,82,432,88,4.9190539357368834e-06
37,83,432,178,9.721345850266516e-05
37,84,432,87,5.204414264881052e-05
37,85,432,14,-0.0005936340894550085
37,86,432,267,-0.015392527915537357
37,87,432,269,-0.09534530341625214
37,88,432,270,-0.00011778301995946094
37,89,432,409,-5.078513277112506e-05
37,90,432,291,1.8458480553817935e-05
37,91,432,375,-0.0001909873099066317
37,92,432,321,-0.00032555931829847395
37,93,432,405,-0.0020717864390462637
37,94,432,314,-0.001075212494470179
37,95,432,302,3.811220813076943e-05
37,96,432,303,-0.014429818838834763
37,97,432,304,6.482159369625151e-05
37,98,432,408,0.0001178053134935908
37,99,432,307,4.997403812012635e-05
37,100,432,320,-0.00018698067287914455
37,101,432,404,-0.004944384563714266
37,102,432,315,-0.002722586505115032
37,103,432,268,-2.3463580873794854e-05
37,104,432,271,1.2167139175289776e-05
37,105,432,272,-1.9490056729409844e-05
37,106,432,325,-8.574555977247655e-05
37,107,432,319,7.1942042268347e-05
37,108,432,403,-3.499920785543509e-05
37,109,432,316,-0.0007981755188666284
37,110,432,312,4.228108809911646e-05
37,111,432,311,5.502528802026063e-05
37,112,432,310,9.155311090580653e-06
37,113,432,415,2.9008281217102194e-06
37,114,432,308,0.00010362248576711863
37,115,432,324,-8.953506039688364e-05
37,116,432,318,4.0807219193084165e-05
37,117,432,402,1.2526250429800712e-05
37,118,432,317,-0.0001997864164877683
38,39,436,426,1.0328295502404217e-05
38,40,436,423,-0.00017289792594965547
38,41,436,427,0.00010192952322540805
38,42,436,425,-9.870965732261539e-05
38,43,436,327,-9.723480616230518e-06
38,44,436,326,-0.00018869922496378422
38,45,436,0,-0.0741128996014595
38,46,436,37,-0.029432684183120728
38,47,436,39,3.70406050933525e-05
38,48,436,40,7.94040533946827e-05
38,49,436,185,-0.0001801031467039138
38,50,436,61,-0.013157540932297707
38,51,436,146,-7.38088692742167e-06
38,52,436,91,-5.5854066886240616e-05
38,53,436,181,-5.106101161800325e-05
38,54,436,84,-0.0004096246848348528
38,55,436,17,-0.0031637116335332394
38,56,436,11,-0.06511469185352325
38,57,436,72,0.0001281664299312979
38,58,436,73,4.282199370209128e-05
38,59,436,74,3.08129565382842e-05
38,60,436,184,1.7071739421226084e-05
38,61,436,77,-1.137260642281035e-05
38,62,436,90,-3.505485801724717e-05
38,63,436,180,-0.00016353254613932222
38,64,436,85,-2.3640559447812848e-05
38,65,436,16,-0.0032186859752982855
38,66,436,12,-0.039623964577913284
38,67,436,38,-0.004372464958578348
38,68,436,41,-3.57888602593448e-05
38,69,436,42,-0.017940688878297806
38,70,436,96,1.1056795301556122e-05
38,71,436,89,5.7888964875019155e-06
38,72,436,179,-2.9355538572417572e-05
38,73,436,86,-7.973469473654404e-05
38,74,436,15,-0.0037160697393119335
38,75,436,13,-0.0033153437543660402
38,76,436,82,-0.010044063441455364
38,77,436,81,-0.0019367969362065196
38,78,436,80,1.573860936332494e-05
38,79,436,191,-3.46092383551877e-05
38,80,436,78,-0.0011095971567556262
38,81,436,95,-2.6989957405021414e-05
38,82,436,88,-3.776839002966881e-05
38,83,436,178,-3.2440544600831345e-05
38,84,436,87,-0.0002572633675299585
38,85,436,14,-0.00239029573276639
38,86,436,267,-0.03479205444455147
38,87,436,269,-0.07830068469047546
38,88,436,270,-0.07219143956899643
38,89,436,409,0.000126838858705014
38,90,436,291,0.00015665208047721535
38,91,436,375,-0.00011329640983603895
38,92,436,321,-0.00014490650210063905
38,93,436,405,-0.0021361480467021465
38,94,436,314,-0.0012641700450330973
38,95,436,302,-0.02857288531959057
38,96,436,303,-0.03246987983584404
38,97,436,304,-0.03585954010486603
38,98,436,408,4.8844522098079324e-05
38,99,436,307,2.6502673790673725e-05
38,100,436,320,0.00020989010226912796
38,101,436,404,-0.00024971499806270003
38,102,436,315,-0.002795617328956723
38,103,436,268,-0.017323371022939682
38,104,436,271,-7.520288636442274e-05
38,105,436,272,-4.9541209591552615e-05
38,106,436,325,-0.00013442822091747075
38,107,436,319,-0.00016306787438225
38,108,436,403,-0.00019648724992293864
38,109,436,316,-0.0008783967350609601
38,110,436,312,-9.28958470467478e-05
38,111,436,311,-0.00013482793292496353
38,112,436,310,-3.860696233459748e-05
38,113,436,415,1.3080959433864336e-05
38,114,436,308,5.7868182921083644e-05
38,115,436,324,0.0001493321469752118
38,116,436,318,2.3371900169877335e-05
38,117,436,402,4.4774289563065395e-05
38,118,436,317,6.450769660659716e-07
39,40,426,423,-0.00012792382040061057
39,41,426,427,6.61152953398414e-05
39,42,426,425,0.00018781257676891983
39,43,426,327,0.0001304129109485075
39,44,426,326,2.4584520360804163e-05
39,45,426,0,-0.00028667112928815186
39,46,426,37,0.0001054589738487266
39,47,426,39,0.00010139548248844221
39,48,426,40,-0.00020430333097465336
39,49,426,185,2.8044174541719258e-05
39,50,426,61,-3.101025868090801e-05
39,51,426,146,7.117941277101636e-05
39,52,426,91,-3.795147858909331e-05
39,53,426,181,4.194648136035539e-05
39,54,426,84,1.6602994946879335e-05
39,55,426,17,-0.00019687891472131014
39,56,426,11,2.2606185666518286e-05
39,57,426,72,-3.390619167475961e-05
39,58,426,73,3.228695641155355e-05
39,59,426,74,0.00012990973482374102
39,60,426,184,0.00024032733927015215
39,61,426,77,3.557642048690468e-05
39,62,426,90,3.542880222084932e-05
39,63,426,180,1.5804464055690914e-05
39,64,426,85,4.315856858738698e-05
39,65,426,16,-6.931128154974431e-06
39,66,426,12,-0.00018286023987457156
39,67,426,38,-5.9899193729506806e-05
39,68,426,41,-8.452688052784652e-05
39,69,426,42,2.945398045994807e-05
39,70,426,96,-0.00021006327006034553
39,71,426,89,0.00022557003831025213
39,72,426,179,-7.842184277251363e-05
39,73,426,86,8.921371772885323e-05
39,74,426,15,-0.00034856548882089555
39,75,426,13,-0.0004602306289598346
39,76,426,82,-0.00024220503109972924
39,77,426,81,-8.020938366826158e-06
39,78,426,80,-1.4392026969289873e-05
39,79,426,191,1.2947997674928047e-05
39,80,426,78,8.266916120192036e-05
39,81,426,95,-9.783146379049867e-05
39,82,426,88,-5.575011527980678e-05
39,83,426,178,-7.350870146183297e-05
39,84,426,87,-4.9192571168532595e-05
39,85,426,14,-0.00021462862787302583
39,86,426,267,-1.0949682973659947e-06
39,87,426,269,-0.10909706354141235
39,88,426,270,4.255618841852993e-05
39,89,426,409,-0.0001854277215898037
39,90,426,291,-6.191620923345909e-05
39,91,426,375,-0.00012275759945623577
39,92,426,321,-0.0004464133526198566
39,93,426,405,5.7824210671242326e-05
39,94,426,314,3.9868180465418845e-05
39,95,426,302,-0.006761597469449043
39,96,426,303,-0.028528546914458275
39,97,426,304,-0.010528502985835075
39,98,426,408,-0.0019412648398429155
39,99,426,307,-0.00035918052890338004
39,100,426,320,-0.00010165547428186983
39,101,426,404,-0.0002945486339740455
39,102,426,315,-6.381362618412822e-05
39,103,426,268,0.0001467209222028032
39,104,426,271,-0.0001125625567510724
39,105,426,272,-4.691878712037578e-05
39,106,426,325,-0.00040328074828721583
39,107,426,319,-4.127584179514088e-05
39,108,426,403,-0.0003447541093919426
39,109,426,316,7.062635268084705e-05
39,110,426,312,-0.00019993403111584485
39,111,426,311,-0.00019369545043446124
39,112,426,310,0.00023912079632282257
39,113,426,415,9.265791595680639e-05
39,114,426,308,0.00015051831724122167
39,115,426,324,8.09426128398627e-05
39,116,426,318,3.198493868694641e-05
39,117,426,402,2.8823960747104138e-05
39,118,426,317,-5.2003284508828074e-05
40,41,423,427,5.178271749173291e-07
40,42,423,425,7.077019108692184e-05
40,43,423,327,6.715545896440744e-05
40,44,423,326,-4.8524765588808805e-05
40,45,423,0,4.632663694792427e-05
40,46,423,37,-1.8231801732326858e-05
40,47,423,39,3.0307255656225607e-05
40,48,423,40,-1.346779208688531e-05
40,49,423,185,-2.5100496714003384e-05
40,50,423,61,-0.00017980759730562568
40,51,423,146,-1.8685890609049238e-05
40,52,423,91,0.0001170863542938605
40,53,423,181,-0.00021994387498125434
40,54,423,84,-0.00020015117479488254
40,55,423,17,2.1869618649361655e-05
40,56,423,11,1.838402204157319e-05
40,57,423,72,-0.00016055240121204406
40,58,423,73,-5.3967734856996685e-05
40,59,423,74,-6.599596235901117e-05
40,60,423,184,0.00011731233826139942
40,61,423,77,-0.0001264270831597969
40,62,423,90,-4.559592707664706e-05
40,63,423,180,-0.0003087532822974026
40,64,423,85,-0.0004718757700175047
40,65,423,16,-0.00012037323176627979
40,66,423,12,-8.588953642174602e-05
40,67,423,38,-6.39340651105158e-05
40,68,423,41,5.5075392992876004e-06
40,69,423,42,9.38632947509177e-05
40,70,423,96,-0.00010501340148039162
40,71,423,89,6.512135587399825e-05
40,72,423,179,-0.00011047783482354134
40,73,423,86,-0.00011788296251324937
40,74,423,15,-0.0001371903344988823
40,75,423,13,4.4779753807233647e-05
40,76,423,82,-6.92581306793727e-05
40,77,423,81,-7.974995241966099e-05
40,78,423,80,3.943946285289712e-05
40,79,423,191,4.740291478810832e-05
40,80,423,78,-0.00015323843399528414
40,81,423,95,-5.349652565200813e-05
40,82,423,88,-1.3608911103801802e-05
40,83,423,178,-0.00031013874104246497
40,84,423,87,-0.0002182165626436472
40,85,423,14,-0.0003930685925297439
40,86,423,267,-0.00011667805665638298
40,87,423,269,-4.799459202331491e-05
40,88,423,270,5.0448350521037355e-05
40,89,423,409,-0.00017308843962382525
40,90,423,291,-0.009783408604562283
40,91,423,375,-8.724344661459327e-05
40,92,423,321,-0.00018779607489705086
40,93,423,405,-0.000224174335016869
40,94,423,314,-0.0002465988218318671
40,95,423,302,-4.9713558837538585e-05
40,96,423,303,-0.00030395376961678267
40,97,423,304,-0.01420493796467781
40,98,423,408,-0.005943227093666792
40,99,423,307,-3.7908095691818744e-05
40,100,423,320,-0.0002083228318952024
40,101,423,404,4.0916300349636e-05
40,102,423,315,-0.0002043532149400562
40,103,423,268,-2.9823828299413435e-05
40,104,423,271,6.433960516005754e-05
40,105,423,272,0.0003061543102376163
40,106,423,325,-3.9872295019449666e-05
40,107,423,319,0.00015962490579113364
40,108,423,403,-0.0004145049606449902
40,109,423,316,-0.000122713710879907
40,110,423,312,2.44362345256377e-05
40,111,423,311,-2.1539315639529377e-05
40,112,423,310,1.7702768673188984e-05
40,113,423,415,0.0002077035460388288
40,114,423,308,-6.716933421557769e-05
40,115,423,324,9.61862679105252e-05
40,116,423,318,-1.3843478882336058e-05
40,117,423,402,-0.0002657246950548142
40,118,423,317,-0.0002802492817863822
41,42,427,425,-4.54842702310998e-05
41,43,427,327,-2.8494892831076868e-05
41,44,427,326,-2.6031513698399067e-05
41,45,427,0,-0.008684713393449783
41,46,427,37,-5.359430724638514e-05
41,47,427,39,3.229813955840655e-05
41,48,427,40,-0.00012320239329710603
41,49,427,185,-1.9786846678471193e-05
41,50,427,61,0.00010533224849496037
41,51,427,146,-2.9345203074626625e-05
41,52,427,91,-6.762416160199791e-05
41,53,427,181,9.689790749689564e-05
41,54,427,84,9.033783862832934e-05
41,55,427,17,0.00027725062682293355
41,56,427,11,0.0002449045132379979
41,57,427,72,-4.510875805863179e-05
41,58,427,73,-0.00010724060120992362
41,59,427,74,2.7729269277187996e-05
41,60,427,184,-8.810834697214887e-05
41,61,427,77,-6.41501319478266e-05
41,62,427,90,-3.7596209949697368e-06
41,63,427,180,-9.251728624803945e-05
41,64,427,85,-0.00014046201249584556
41,65,427,16,0.00016287820471916348
41,66,427,12,6.287061842158437e-05
41,67,427,38,-0.00012308350414969027
41,68,427,41,7.165797433117405e-05
41,69,427,42,-2.469049832143355e-05
41,70,427,96,2.8794866011594422e-06
41,71,427,89,-3.933181233151117e-06
41,72,427,179,-3.990528057329357e-05
41,73,427,86,0.00012052636157022789
41,74,427,15,-0.0022848451044410467
41,75,427,13,2.6410598366055638e-05
41,76,427,82,-0.05224510282278061
41,77,427,81,-0.06393410265445709
41,78,427,80,0.00010349797230446711
41,79,427,191,1.7219399524037726e-05
41,80,427,78,-0.00010193766502197832
41,81,427,95,-7.856488809920847e-05
41,82,427,88,0.0001617447123862803
41,83,427,178,-0.00024749862495809793
41,84,427,87,7.864101644372568e-05
41,85,427,14,-0.0011363000376150012
41,86,427,267,-0.09142722934484482
41,87,427,269,-0.08920334279537201
41,88,427,270,-0.029973067343235016
41,89,427,409,0.0001570383319631219
41,90,427,291,9.43798204389168e-06
41,91,427,375,-2.3506230718339793e-05
41,92,427,321,-0.00014052999904379249
41,93,427,405,-0.00011632966925390065
41,94,427,314,4.606456968758721e-06
41,95,427,302,0.00011234922567382455
41,96,427,303,-0.08461242914199829
41,97,427,304,-0.00010202789417235181
41,98,427,408,5.498840982909314e-05
41,99,427,307,-0.0001012302964227274
41,100,427,320,-0.00015081198944244534
41,101,427,404,0.0002565570757724345
41,102,427,315,0.00021495985856745392
41,103,427,268,0.00010306180774932727
41,104,427,271,-0.09219852089881897
41,105,427,272,-0.0598248727619648
41,106,427,325,-0.0002674518327694386
41,107,427,319,-8.505363803124055e-05
41,108,427,403,0.0002445476420689374
41,109,427,316,0.00013707623293157667
41,110,427,312,-0.003496097167953849
41,111,427,311,0.0001504336396465078
41,112,427,310,4.968068969901651e-05
41,113,427,415,0.00010104969260282815
41,114,427,308,-2.9693692340515554e-05
41,115,427,324,-0.00032258735154755414
41,116,427,318,-0.00017206039046868682
41,117,427,402,0.00021543515322264284
41,118,427,317,-0.0003005503967870027
42,43,425,327,-0.00011590156645979732
42,44,425,326,2.032291558862198e-05
42,45,425,0,-9.717154171084985e-05
42,46,425,37,-5.150783181306906e-06
42,47,425,39,0.00011810730211436749
42,48,425,40,1.9071520000579767e-05
42,49,425,185,-0.00022668104793410748
42,50,425,61,0.0001056684777722694
42,51,425,146,-6.399456469807774e-05
42,52,425,91,-7.302484300453216e-05
42,53,425,181,0.00010535652108956128
42,54,425,84,8.859116860548966e-06
42,55,425,17,8.623265603091568e-05
42,56,425,11,1.6509155102539808e-05
42,57,425,72,-1.7800453861127608e-05
42,58,425,73,5.7700937759364024e-05
42,59,425,74,-0.0002213380648754537
42,60,425,184,-3.763676795642823e-05
42,61,425,77,-1.600768337084446e-05
42,62,425,90,-7.505646499339491e-05
42,63,425,180,7.349593943217769e-05
42,64,425,85,-0.00020860135555267334
42,65,425,16,-2.7272933948552236e-05
42,66,425,12,7.308195199584588e-05
42,67,425,38,-0.04366951435804367
42,68,425,41,-0.04470864683389664
42,69,425,42,3.993402060586959e-05
42,70,425,96,2.6329601041652495e-06
42,71,425,89,-5.52392921235878e-05
42,72,425,179,-0.00020967960881534964
42,73,425,86,0.00016472894640173763
42,74,425,15,-3.4952709029312246e-06
42,75,425,13,-1.9498633264447562e-05
42,76,425,82,-0.07948137819766998
42,77,425,81,-0.06822745501995087
42,78,425,80,-3.044122968276497e-05
42,79,425,191,-0.00014431959425564855
42,80,425,78,-9.884680912364274e-05
42,81,425,95,-7.720864232396707e-05
42,82,425,88,4.791356695932336e-05
42,83,425,178,0.0001793855772120878
42,84,425,87,-0.00028220185777172446
42,85,425,14,6.812835636083037e-05
42,86,425,267,-0.029221519827842712
42,87,425,269,-0.08313412219285965
42,88,425,270,-0.09636323153972626
42,89,425,409,5.834957119077444e-05
42,90,425,291,0.0001115340055548586
42,91,425,375,-0.00018783603445626795
42,92,425,321,-1.0523588571231812e-05
42,93,425,405,0.00011711321712937206
42,94,425,314,0.00020636740373447537
42,95,425,302,-0.02901308983564377
42,96,425,303,-0.09874983876943588
42,97,425,304,-0.06049559265375137
42,98,425,408,-0.08727400749921799
42,99,425,307,-0.00026170691126026213
42,100,425,320,-0.0003125395451206714
42,101,425,404,0.00012626127863768488
42,102,425,315,-0.00022058631293475628
42,103,425,268,8.027212606975809e-05
42,104,425,271,-0.00019578788487706333
42,105,425,272,-0.026427865028381348
42,106,425,325,-0.0002951945934910327
42,107,425,319,-0.0006073381518945098
42,108,425,403,-0.00017296096484642476
42,109,425,316,0.00012811803026124835
42,110,425,312,0.00014126869791653007
42,111,425,311,-5.823832907481119e-05
42,112,425,310,-6.59390861983411e-05
42,113,425,415,5.953471554676071e-05
42,114,425,308,0.0001145971255027689
42,115,425,324,-0.0003096440341323614
42,116,425,318,-7.948744314489886e-05
42,117,425,402,-4.5874192437622696e-05
42,118,425,317,2.93921802949626e-05
43,44,327,326,-0.00013073412992525846
43,45,327,0,-0.00014735694276168942
43,46,327,37,-0.0001908418198581785
43,47,327,39,-6.281983951339498e-05
43,48,327,40,-9.030792716657743e-05
43,49,327,185,2.3461581804440357e-05
43,50,327,61,-0.00010799849405884743
43,51,327,146,0.0001024945595418103
43,52,327,91,-6.352813943522051e-05
43,53,327,181,-1.1224339687032625e-05
43,54,327,84,-0.0001424637157469988
43,55,327,17,-0.0004789229133166373
43,56,327,11,1.0818010196089745e-05
43,57,327,72,7.578454096801579e-05
43,58,327,73,-0.00011699015158228576
43,59,327,74,-2.020479405473452e-05
43,60,327,184,5.720847912016325e-05
43,61,327,77,-3.259187360526994e-05
43,62,327,90,8.217888535000384e-05
43,63,327,180,1.0245273188047577e-05
43,64,327,85,-0.00018532182730268687
43,65,327,16,-0.0014262237818911672
43,66,327,12,-3.603942604968324e-05
43,67,327,38,-3.593573273974471e-05
43,68,327,41,-0.00017559593834448606
43,69,327,42,0.00013974527246318758
43,70,327,96,-8.313407306559384e-06
43,71,327,89,-3.770296871152823e-06
43,72,327,179,5.857074029336218e-06
43,73,327,86,-0.00011239106970606372
43,74,327,15,-0.0006772971246391535
43,75,327,13,8.972913929028437e-05
43,76,327,82,-3.452837518125307e-06
43,77,327,81,-0.00017825071699917316
43,78,327,80,2.7379666789784096e-05
43,79,327,191,6.545501673826948e-05
43,80,327,78,4.3741336412495e-05
43,81,327,95,4.174182322458364e-05
43,82,327,88,-5.321420758264139e-05
43,83,327,178,-0.00015326762513723224
43,84,327,87,-0.00018326471035834402
43,85,327,14,5.163328387425281e-05
43,86,327,267,-7.870499393902719e-05
43,87,327,269,-5.07767399540171e-05
43,88,327,270,-0.00012751383474096656
43,89,327,409,-3.9004320569802076e-05
43,90,327,291,-0.0003323609125800431
43,91,327,375,3.814284355030395e-05
43,92,327,321,-0.00012108551891287789
43,93,327,405,9.738952212501317e-05
43,94,327,314,-5.159348438610323e-05
43,95,327,302,0.0001495489850640297
43,96,327,303,6.488274811999872e-05
43,97,327,304,-3.626629040809348e-05
43,98,327,408,8.079865074250847e-05
43,99,327,307,-5.717327803722583e-05
43,100,327,320,3.621197902248241e-05
43,101,327,404,1.745997360558249e-05
43,102,327,315,-2.081843740597833e-05
43,103,327,268,-7.70320366427768e-06
43,104,327,271,-0.00024486638722009957
43,105,327,272,-5.6081931688822806e-05
43,106,327,325,-7.520258805016056e-05
43,107,327,319,0.002012220909819007
43,108,327,403,6.198209302965552e-05
43,109,327,316,9.609417247702368e-06
43,110,327,312,7.788054790580645e-05
43,111,327,311,0.00019691960187628865
43,112,327,310,4.920849278278183e-06
43,113,327,415,-0.00027928134659305215
43,114,327,308,-5.26910014286841e-07
43,115,327,324,-0.00018540341989137232
43,116,327,318,-5.403348768595606e-05
43,117,327,402,-4.9554833822185174e-05
43,118,327,317,4.086806075065397e-05
44,45,326,0,-0.00020645582117140293
44,46,326,37,-0.00013991429295856506
44,47,326,39,2.1313583147275494e-06
44,48,326,40,4.53265274700243e-05
44,49,326,185,1.406752835464431e-05
44,50,326,61,-0.00026510353200137615
44,51,326,146,0.0002222717594122514
44,52,326,91,-6.045684858690947e-05
44,53,326,181,-0.00010558374196989462
44,54,326,84,-6.51170194032602e-05
44,55,326,17,0.00011985645687673241
44,56,326,11,-0.00015052323578856885
44,57,326,72,-5.080143819213845e-05
44,58,326,73,-0.00018509765504859388
44,59,326,74,-5.855131894350052e-05
44,60,326,184,-2.7790267267846502e-05
44,61,326,77,0.00011339281627442688
44,62,326,90,0.00010087845294037834
44,63,326,180,-0.00031653494806960225
44,64,326,85,-0.00028493814170360565
44,65,326,16,-0.0001550145971123129
44,66,326,12,7.728051423327997e-05
44,67,326,38,-2.3106687876861542e-05
44,68,326,41,-0.00017320842016488314
44,69,326,42,-4.951446044287877e-06
44,70,326,96,-1.2691464235103922e-06
44,71,326,89,5.150792276253924e-05
44,72,326,179,4.481400901568122e-05
44,73,326,86,-0.0004975944757461548
44,74,326,15,1.7362091966788284e-05
44,75,326,13,-1.5160318980633747e-05
44,76,326,82,-3.4055396099574864e-05
44,77,326,81,1.4207452295522671e-05
44,78,326,80,-8.5695821326226e-05
44,79,326,191,-6.048832437954843e-05
44,80,326,78,-0.00012181686906842515
44,81,326,95,-5.493181015481241e-05
44,82,326,88,6.494463013950735e-05
44,83,326,178,-7.797522994223982e-05
44,84,326,87,-0.00013673682406079024
44,85,326,14,6.617996405111626e-06
44,86,326,267,-4.0145441744243726e-05
44,87,326,269,-0.00029763684142380953
44,88,326,270,-6.15933386143297e-05
44,89,326,409,4.599344720190857e-06
44,90,326,291,-1.0074472811538726e-05
44,91,326,375,-7.955641922308132e-05
44,92,326,321,-0.00020381294598337263
44,93,326,405,0.0002333589509362355
44,94,326,314,0.00034950143890455365
44,95,326,302,6.485623453045264e-05
44,96,326,303,-8.59492411109386e-06
44,97,326,304,2.3995404262677766e-05
44,98,326,408,-0.00017064933490473777
44,99,326,307,-4.357188299763948e-05
44,100,326,320,-6.361499254126102e-05
44,101,326,404,0.00016447817324660718
44,102,326,315,1.5475767213501967e-05
44,103,326,268,9.81785706244409e-06
44,104,326,271,-6.202177610248327e-05
44,105,326,272,-0.00011858699144795537
44,106,326,325,2.859142841771245e-05
44,107,326,319,-4.8386929847765714e-05
44,108,326,403,0.00017528666649013758
44,109,326,316,6.36734621366486e-05
44,110,326,312,8.045785943977535e-05
44,111,326,311,-7.003312202868983e-05
44,112,326,310,-1.7547738025314175e-05
44,113,326,415,2.8378040951793082e-05
44,114,326,308,3.590880805859342e-05
44,115,326,324,5.50336335436441e-05
44,116,326,318,1.0868859135371167e-05
44,117,326,402,4.741406883113086e-06
44,118,326,317,5.366062032408081e-05
45,46,0,37,-7.614355854457244e-05
45,47,0,39,-0.00020082718401681632
45,48,0,40,0.0003280877717770636
45,49,0,185,0.00018114237172994763
45,50,0,61,2.2913578504812904e-05
45,51,0,146,-1.3423662494460586e-05
45,52,0,91,-5.6952063459903e-05
45,53,0,181,-1.104526745621115e-05
45,54,0,84,-0.0004341340682003647
45,55,0,17,0.012021597474813461
45,56,0,11,6.823451985837892e-05
45,57,0,72,-4.5177428546594456e-05
45,58,0,73,-0.0001318291324423626
45,59,0,74,0.0001189032627735287
45,60,0,184,-2.3992095520952716e-05
45,61,0,77,3.867686973535456e-05
45,62,0,90,8.620452717877924e-05
45,63,0,180,0.00011428495781728998
45,64,0,85,5.4767147958045825e-05
45,65,0,16,6.928519724169746e-05
45,66,0,12,-2.4994560590130277e-05
45,67,0,38,-4.2751405999297276e-05
45,68,0,41,-5.896373113500886e-05
45,69,0,42,0.00019124678510706872
45,70,0,96,6.444081373047084e-05
45,71,0,89,-5.0474667659727857e-05
45,72,0,179,0.02769625186920166
45,73,0,86,0.020794697105884552
45,74,0,15,3.739307794603519e-05
45,75,0,13,5.135025276103988e-06
45,76,0,82,3.322387419757433e-05
45,77,0,81,-0.0001851563574746251
45,78,0,80,-6.674844917142764e-05
45,79,0,191,-2.2373091269400902e-05
45,80,0,78,6.318763553281315e-06
45,81,0,95,1.1276772056589834e-05
45,82,0,88,0.023500222712755203
45,83,0,178,0.03198881819844246
45,84,0,87,-2.8314467272139154e-05
45,85,0,14,1.9688688553287648e-05
45,86,0,267,-2.8233975172042847e-05
45,87,0,269,-0.00020817398035433143
45,88,0,270,-5.4454336350318044e-05
45,89,0,409,0.00010514196765143424
45,90,0,291,6.401095015462488e-05
45,91,0,375,0.0003212398733012378
45,92,0,321,-6.868171476526186e-05
45,93,0,405,-4.918443300994113e-05
45,94,0,314,-0.0002317445760127157
45,95,0,302,2.5834489861153997e-05
45,96,0,303,-9.178512846119702e-05
45,97,0,304,-6.24072999926284e-05
45,98,0,408,-0.00014334301522467285
45,99,0,307,-4.478053961065598e-05
45,100,0,320,5.738174877478741e-06
45,101,0,404,0.00016738877457100898
45,102,0,315,0.00031829046201892197
45,103,0,268,1.635237094887998e-05
45,104,0,271,2.2163245375850238e-05
45,105,0,272,-0.00015998788876459002
45,106,0,325,0.00016428031085524708
45,107,0,319,-2.5948773327399977e-05
45,108,0,403,8.533536311006173e-05
45,109,0,316,-0.00025810234365053475
45,110,0,312,7.6021292443329e-06
45,111,0,311,2.8217573344591074e-05
45,112,0,310,-0.000136991249746643
45,113,0,415,9.03319742064923e-05
45,114,0,308,-5.370127837522887e-06
45,115,0,324,-8.609855285612866e-05
45,116,0,318,-0.0002301391214132309
45,117,0,402,-0.0002462592674419284
45,118,0,317,-0.00035787138040177524
46,47,37,39,-2.427087201795075e-05
46,48,37,40,-0.0001360978785669431
46,49,37,185,0.00016277663235086948
46,50,37,61,4.7239813284249976e-05
46,51,37,146,5.639807932311669e-05
46,52,37,91,-9.222302469424903e-05
46,53,37,181,-1.9118933778372593e-05
46,54,37,84,0.008100326173007488
46,55,37,17,0.0007425282965414226
46,56,37,11,-7.784934132359922e-05
46,57,37,72,0.00018004828598350286
46,58,37,73,-3.5307522921357304e-05
46,59,37,74,1.8059616195387207e-05
46,60,37,184,2.8955977541045286e-05
46,61,37,77,-6.970598042244092e-05
46,62,37,90,2.5398016077815555e-05
46,63,37,180,0.02345183491706848
46,64,37,85,-0.00017918641970027238
46,65,37,16,-2.880547299355385e-06
46,66,37,12,1.1094371984654572e-05
46,67,37,38,1.5850751879042946e-05
46,68,37,41,5.6072101870086044e-05
46,69,37,42,-1.3710990970139392e-05
46,70,37,96,2.4087551082629943e-06
46,71,37,89,-0.00011435955093475059
46,72,37,179,-0.00013454692088998854
46,73,37,86,1.554319533170201e-05
46,74,37,15,0.00032177113462239504
46,75,37,13,-0.00015913868264760822
46,76,37,82,-4.65218454337446e-06
46,77,37,81,1.1189293900315533e-06
46,78,37,80,-8.388745482079685e-05
46,79,37,191,3.245182233513333e-05
46,80,37,78,-7.788870425429195e-05
46,81,37,95,-4.8695324949221686e-05
46,82,37,88,-0.00033753286697901785
46,83,37,178,-1.967635762412101e-05
46,84,37,87,1.9731982320081443e-05
46,85,37,14,3.152894714730792e-05
46,86,37,267,-4.3269792513456196e-05
46,87,37,269,0.00011905778228538111
46,88,37,270,-6.707025931973476e-06
46,89,37,409,-1.4910575373505708e-05
46,90,37,291,-8.559642310501658e-07
46,91,37,375,1.5847102986299433e-05
46,92,37,321,-9.964112905436195e-06
46,93,37,405,1.776620774762705e-05
46,94,37,314,0.00014186484622769058
46,95,37,302,-9.18044606805779e-05
46,96,37,303,4.5103777665644884e-05
46,97,37,304,1.7396036128047854e-05
46,98,37,408,0.00011575910320971161
46,99,37,307,3.231264417991042e-05
46,100,37,320,-8.116674871416762e-05
46,101,37,404,-0.0007338143768720329
46,102,37,315,0.00012105668429285288
46,103,37,268,-0.0001467676629545167
46,104,37,271,-1.4209378605301026e-05
46,105,37,272,-0.000142536562634632
46,106,37,325,-0.00020679301815107465
46,107,37,319,3.7383746530395e-05
46,108,37,403,-3.5589130220614607e-06
46,109,37,316,-9.191031131194904e-05
46,110,37,312,-1.7630718502914533e-05
46,111,37,311,-7.782236207276583e-05
46,112,37,310,8.535270171705633e-05
46,113,37,415,-6.121813203208148e-05
46,114,37,308,-0.00022933330910746008
46,115,37,324,6.193600711412728e-05
46,116,37,318,-4.55228473583702e-05
46,117,37,402,5.0091257435269654e-05
46,118,37,317,-3.075366112170741e-05
47,48,39,40,-3.1467407097807154e-05
47,49,39,185,-1.0163107617700007e-05
47,50,39,61,-5.482801043399377e-06
47,51,39,146,0.00010041381028713658
47,52,39,91,0.0001276441616937518
47,53,39,181,7.795224519213662e-07
47,54,39,84,-0.00020005500118713826
47,55,39,17,-4.213156717014499e-05
47,56,39,11,-0.00018171030387748033
47,57,39,72,-9.813496581045911e-05
47,58,39,73,-6.973884592298418e-05
47,59,39,74,3.278354415670037e-05
47,60,39,184,1.7194000974996015e-05
47,61,39,77,-0.00011320726480334997
47,62,39,90,-5.4472064221045e-05
47,63,39,180,-1.6650319594191387e-05
47,64,39,85,2.005749956879299e-05
47,65,39,16,0.00017141294665634632
47,66,39,12,-0.0001157089791377075
47,67,39,38,-8.315405284520239e-05
47,68,39,41,-6.971914262976497e-05
47,69,39,42,-2.314648008905351e-05
47,70,39,96,-1.4976964848756324e-05
47,71,39,89,-6.032120654708706e-05
47,72,39,179,-6.339560786727816e-05
47,73,39,86,0.00010265403398079798
47,74,39,15,9.950876847142354e-05
47,75,39,13,-1.6135005580508732e-06
47,76,39,82,-8.344161324203014e-05
47,77,39,81,4.066781548317522e-05
47,78,39,80,0.0001236020034411922
47,79,39,191,-0.00019266664457973093
47,80,39,78,5.0263894081581384e-05
47,81,39,95,2.3412014343193732e-05
47,82,39,88,-8.804584649624303e-05
47,83,39,178,-6.971078255446628e-05
47,84,39,87,3.5464021493680775e-05
47,85,39,14,1.7333184587187134e-05
47,86,39,267,-0.0001604737772140652
47,87,39,269,5.093733125249855e-05
47,88,39,270,5.45591183254146e-06
47,89,39,409,1.8837299649021588e-05
47,90,39,291,0.00015577051090076566
47,91,39,375,-4.8709800466895103e-05
47,92,39,321,-0.00010680490231607109
47,93,39,405,0.0001145204805652611
47,94,39,314,-0.0001470665738452226
47,95,39,302,-0.00013694004155695438
47,96,39,303,-2.7803134798887186e-05
47,97,39,304,1.2953299119544681e-05
47,98,39,408,-9.513603436062112e-05
47,99,39,307,-3.854324313579127e-05
47,100,39,320,-1.0119127182406373e-05
47,101,39,404,3.3195337891811505e-06
47,102,39,315,0.000249307049671188
47,103,39,268,-1.8130216631107032e-05
47,104,39,271,-5.154957398190163e-05
47,105,39,272,-6.3788002080400474e-06
47,106,39,325,-1.726778100419324e-05
47,107,39,319,-4.389294554130174e-05
47,108,39,403,-8.21525463834405e-06
47,109,39,316,-0.0001025827950797975
47,110,39,312,-0.00012371019693091512
47,111,39,311,-8.065356814768165e-05
47,112,39,310,2.0903005861327983e-05
47,113,39,415,-0.00016210944158956409
47,114,39,308,8.70501171448268e-05
47,115,39,324,1.5886045730439946e-05
47,116,39,318,5.683243944076821e-05
47,117,39,402,0.00016940609202720225
47,118,39,317,-3.15577162837144e-05
48,49,40,185,5.419888475444168e-05
48,50,40,61,-1.63603326654993e-05
48,51,40,146,-0.00013952807057648897
48,52,40,91,-6.196998469931714e-07
48,53,40,181,-9.828404290601611e-05
48,54,40,84,-0.0001542004756629467
48,55,40,17,0.0008911309996619821
48,56,40,11,-0.00011389225983293727
48,57,40,72,-1.0659645340638235e-05
48,58,40,73,1.6549618521821685e-05
48,59,40,74,-1.164854438684415e-05
48,60,40,184,1.948087265191134e-05
48,61,40,77,1.4208157153916545e-05
48,62,40,90,-6.605636826861883e-06
48,63,40,180,-9.071944805327803e-05
48,64,40,85,3.3389951568096876e-05
48,65,40,16,0.001334516447968781
48,66,40,12,0.00023449963191524148
48,67,40,38,-5.260271791485138e-05
48,68,40,41,0.0001447894610464573
48,69,40,42,0.00011084182187914848
48,70,40,96,4.7350567911053076e-05
48,71,40,89,3.7922542105661705e-05
48,72,40,179,-8.288188109872863e-05
48,73,40,86,-9.846522880252451e-05
48,74,40,15,0.0009646682301536202
48,75,40,13,0.00013686518650501966
48,76,40,82,3.318540984764695e-05
48,77,40,81,-8.187638013623655e-05
48,78,40,80,3.894832480000332e-05
48,79,40,191,7.895308954175562e-05
48,80,40,78,8.555122622055933e-05
48,81,40,95,-8.46596867631888e-06
48,82,40,88,3.0333254471770488e-05
48,83,40,178,-1.0087957207360887e-06
48,84,40,87,5.6178603699663654e-05
48,85,40,14,0.00026522830012254417
48,86,40,267,-2.0787631001439877e-05
48,87,40,269,-9.722256800159812e-05
48,88,40,270,-5.6402955124212895e-06
48,89,40,409,0.00018365746655035764
48,90,40,291,6.969497917452827e-05
48,91,40,375,0.00015083285688888282
48,92,40,321,1.7554659279994667e-05
48,93,40,405,-5.2407689508982e-05
48,94,40,314,0.00016425094509031624
48,95,40,302,9.783677342056762e-06
48,96,40,303,-1.8040660506812856e-05
48,97,40,304,8.75844489200972e-05
48,98,40,408,-1.316583529842319e-05
48,99,40,307,-2.6186276954831555e-05
48,100,40,320,2.571826371422503e-05
48,101,40,404,2.969262277474627e-05
48,102,40,315,0.0005459033418446779
48,103,40,268,0.00016811325622256845
48,104,40,271,4.1300900193164125e-05
48,105,40,272,9.007717744680122e-05
48,106,40,325,-0.00013870236580260098
48,107,40,319,-0.00012635986786335707
48,108,40,403,-4.602220724336803e-05
48,109,40,316,0.00036597251892089844
48,110,40,312,4.9298447265755385e-05
48,111,40,311,1.1159619134559762e-05
48,112,40,310,3.433648817008361e-05
48,113,40,415,-6.352477794280276e-05
48,114,40,308,6.334994395729154e-05
48,115,40,324,8.170773071469739e-05
48,116,40,318,4.94045925734099e-05
48,117,40,402,-5.9960890212096274e-05
48,118,40,317,1.3686496458831243e-05
49,50,185,61,3.945854405174032e-05
49,51,185,146,-6.639117782469839e-05
49,52,185,91,-9.974331624107435e-05
49,53,185,181,-5.247435183264315e-05
49,54,185,84,0.00045860037789680064
49,55,185,17,0.00013695504458155483
49,56,185,11,8.043340494623408e-05
49,57,185,72,-0.00012001232971670106
49,58,185,73,4.1330786189064384e-05
49,59,185,74,1.491435705247568e-05
49,60,185,184,-3.706190545926802e-05
49,61,185,77,3.510110764182173e-05
49,62,185,90,0.00010408650996396318
49,63,185,180,-7.310650835279375e-05
49,64,185,85,-4.602837725542486e-05
49,65,185,16,0.0002592456585261971
49,66,185,12,9.913984831655398e-05
49,67,185,38,-0.00010055785969598219
49,68,185,41,-6.993737770244479e-05
49,69,185,42,0.00010692016076063737
49,70,185,96,-2.540772948123049e-05
49,71,185,89,-2.354859680053778e-05
49,72,185,179,0.00020132488862145692
49,73,185,86,-8.459152741124853e-05
49,74,185,15,0.0012822635471820831
49,75,185,13,0.000342698534950614
49,76,185,82,0.00013668640167452395
49,77,185,81,-6.24722451902926e-05
49,78,185,80,-0.00022471259580925107
49,79,185,191,-7.418060704367235e-06
49,80,185,78,-0.00012319216330070049
49,81,185,95,1.2564019016281236e-05
49,82,185,88,5.570342909777537e-05
49,83,185,178,1.6922094800975174e-06
49,84,185,87,0.00021306404960341752
49,85,185,14,0.0014293489512056112
49,86,185,267,-8.888099546311423e-05
49,87,185,269,-0.00012500578304752707
49,88,185,270,4.999374505132437e-05
49,89,185,409,8.430616435362026e-05
49,90,185,291,2.8445942007238045e-05
49,91,185,375,-6.331859185593203e-05
49,92,185,321,3.2043306418927386e-05
49,93,185,405,-0.00010492934234207496
49,94,185,314,-2.2472500859294087e-05
49,95,185,302,-0.0001411088596796617
49,96,185,303,-2.8579950594576076e-05
49,97,185,304,-2.6717021682998165e-05
49,98,185,408,-2.5162738893413916e-05
49,99,185,307,-0.00012333111953921616
49,100,185,320,-1.0432552699057851e-05
49,101,185,404,-1.077083288691938e-05
49,102,185,315,6.99649808666436e-06
49,103,185,268,-5.690701800631359e-05
49,104,185,271,6.733315331075573e-06
49,105,185,272,2.2015796275809407e-05
49,106,185,325,5.6885448429966345e-05
49,107,185,319,-7.884390652179718e-05
49,108,185,403,1.5819479813217185e-05
49,109,185,316,4.575069760903716e-05
49,110,185,312,4.31961825597682e-06
49,111,185,311,-4.5559656427940354e-05
49,112,185,310,4.778537550009787e-05
49,113,185,415,0.0001293088571401313
49,114,185,308,2.492014755262062e-05
49,115,185,324,4.537369386525825e-05
49,116,185,318,0.00010177423246204853
49,117,185,402,3.306187500129454e-05
49,118,185,317,0.00029420957434922457
50,51,61,146,1.2283951036806684e-05
50,52,61,91,2.818279062921647e-05
50,53,61,181,-0.00012634246377274394
50,54,61,84,-0.005695884115993977
50,55,61,17,-1.966541503861663e-06
50,56,61,11,-2.6277080905856565e-05
50,57,61,72,7.669666229048744e-05
50,58,61,73,-0.00017513248894829303
50,59,61,74,4.533270112005994e-05
50,60,61,184,-2.6693674954003654e-05
50,61,61,77,0.0001113439939217642
50,62,61,90,-5.88350449106656e-05
50,63,61,180,-0.0022712433710694313
50,64,61,85,-0.021902447566390038
50,65,61,16,-0.0001202373459818773
50,66,61,12,-4.328926661401056e-05
50,67,61,38,-2.0431767552508973e-05
50,68,61,41,-6.784102879464626e-05
50,69,61,42,1.6703197616152465e-05
50,70,61,96,9.5519919796061e-07
50,71,61,89,0.00010256918176310137
50,72,61,179,-4.779632581630722e-05
50,73,61,86,-0.0002951611240860075
50,74,61,15,-7.633758650626987e-05
50,75,61,13,4.143737896811217e-05
50,76,61,82,-0.00012192858412163332
50,77,61,81,-0.0001867016835603863
50,78,61,80,5.40179134986829e-05
50,79,61,191,-1.7616167724554543e-06
50,80,61,78,5.025566497351974e-05
50,81,61,95,-4.1201517888111994e-05
50,82,61,88,7.418717814289266e-06
50,83,61,178,0.00011943068238906562
50,84,61,87,0.00020886689890176058
50,85,61,14,-1.2169611181889195e-05
50,86,61,267,4.6152745198924094e-05
50,87,61,269,-3.746110087377019e-05
50,88,61,270,8.378047641599551e-05
50,89,61,409,-8.620980952400714e-05
50,90,61,291,-3.48368530467269e-06
50,91,61,375,-0.0005214009433984756
50,92,61,321,-3.8456277252407745e-05
50,93,61,405,1.6423467741333297e-06
50,94,61,314,4.172073386143893e-05
50,95,61,302,-2.6725274437922053e-05
50,96,61,303,-1.9387478459975682e-05
50,97,61,304,9.511061216471717e-05
50,98,61,408,0.00019825849449262023
50,99,61,307,9.581061021890491e-06
50,100,61,320,-2.7055373720941134e-05
50,101,61,404,8.210870146285743e-05
50,102,61,315,0.00015743757830932736
50,103,61,268,0.00013972734450362623
50,104,61,271,4.063308733748272e-05
50,105,61,272,-2.2984895622357726e-06
50,106,61,325,-2.8134840249549598e-05
50,107,61,319,-6.092722833273001e-05
50,108,61,403,7.465792441507801e-05
50,109,61,316,-7.347755308728665e-05
50,110,61,312,-0.00011046246072510257
50,111,61,311,0.00012221609358675778
50,112,61,310,-5.07568875036668e-05
50,113,61,415,0.00045612966641783714
50,114,61,308,0.00024257776385638863
50,115,61,324,2.4946410121629015e-05
50,116,61,318,0.00012550161045510322
50,117,61,402,7.216138328658417e-05
50,118,61,317,1.6470012269564904e-05
51,52,146,91,0.00012926799536217004
51,53,146,181,3.164756708429195e-05
51,54,146,84,-7.408148667309433e-05
51,55,146,17,-3.4210679586976767e-05
51,56,146,11,-4.4015556341037154e-05
51,57,146,72,-4.404402352520265e-05
51,58,146,73,-0.00012086064089089632
51,59,146,74,6.0529837355716154e-05
51,60,146,184,1.5033337149361614e-05
51,61,146,77,9.37569493544288e-05
51,62,146,90,9.2890921223443e-05
51,63,146,180,-0.00010538477363297716
51,64,146,85,0.00015048313071019948
51,65,146,16,2.5776011170819402e-05
51,66,146,12,-3.5598506656242535e-05
51,67,146,38,-3.250225063311518e-06
51,68,146,41,-0.00012075217091478407
51,69,146,42,0.00016878059250302613
51,70,146,96,7.288742926903069e-05
51,71,146,89,-9.686183329904452e-05
51,72,146,179,0.00016298489936161786
51,73,146,86,1.1530364645295776e-05
51,74,146,15,0.00027045729802921414
51,75,146,13,-4.338411599746905e-06
51,76,146,82,-9.956128633348271e-05
51,77,146,81,-6.28090783720836e-05
51,78,146,80,3.6848857689619763e-06
51,79,146,191,-0.00014242116594687104
51,80,146,78,2.9777416784781963e-05
51,81,146,95,4.7266436013160273e-05
51,82,146,88,6.770460458938032e-05
51,83,146,178,-4.105564221390523e-05
51,84,146,87,3.1963038054527715e-05
51,85,146,14,0.0005390102160163224
51,86,146,267,-0.00030729046557098627
51,87,146,269,-2.544243398006074e-05
51,88,146,270,0.00015748610894661397
51,89,146,409,5.9999227232765406e-05
51,90,146,291,0.00015191266720648855
51,91,146,375,-1.0675111070668208e-06
51,92,146,321,-1.4751760318176821e-05
51,93,146,405,9.501467866357416e-05
51,94,146,314,9.784910071175545e-05
51,95,146,302,9.819728438742459e-05
51,96,146,303,0.0001043203374138102
51,97,146,304,-4.965943662682548e-05
51,98,146,408,-4.194936991552822e-05
51,99,146,307,1.9998333300463855e-05
51,100,146,320,-0.00019616662757471204
51,101,146,404,5.3538136853603646e-05
51,102,146,315,0.00015665160026401281
51,103,146,268,3.665631447802298e-05
51,104,146,271,-9.670965664554387e-05
51,105,146,272,-5.0036604079650715e-05
51,106,146,325,-6.849963392596692e-05
51,107,146,319,5.050473646406317e-06
51,108,146,403,-7.442539208568633e-05
51,109,146,316,-3.448060306254774e-05
51,110,146,312,5.785544999525882e-05
51,111,146,311,6.638141348958015e-05
51,112,146,310,-2.378979479544796e-05
51,113,146,415,4.822242772206664e-05
51,114,146,308,-0.0001502632803749293
51,115,146,324,-7.157809250202263e-06
51,116,146,318,-0.00011517422535689548
51,117,146,402,1.7372689399053343e-05
51,118,146,317,2.4821118131512776e-05
52,53,91,181,-8.174243703251705e-05
52,54,91,84,-5.8463960158405825e-05
52,55,91,17,-7.342300523305312e-05
52,56,91,11,-0.00018187421665061265
52,57,91,72,-0.00017784973897505552
52,58,91,73,-5.891483306186274e-05
52,59,91,74,-0.00014202225429471582
52,60,91,184,8.245289063779637e-05
52,61,91,77,-2.636742647155188e-05
52,62,91,90,-0.0001820930337999016
52,63,91,180,6.253203900996596e-05
52,64,91,85,-8.098183752736077e-05
52,65,91,16,-3.017658855242189e-05
52,66,91,12,-9.269111615139991e-05
52,67,91,38,-8.362115477211773e-05
52,68,91,41,9.831722127273679e-05
52,69,91,42,-0.000164363780640997
52,70,91,96,-5.479192259372212e-05
52,71,91,89,7.119472866179422e-05
52,72,91,179,3.7030961266282247e-06
52,73,91,86,-2.3583032088936307e-05
52,74,91,15,0.00034204861731268466
52,75,91,13,-1.0837274203367997e-05
52,76,91,82,-7.045149686746299e-05
52,77,91,81,-0.00015681536751799285
52,78,91,80,-3.560104960342869e-05
52,79,91,191,2.0514245989033952e-05
52,80,91,78,-3.289702726760879e-05
52,81,91,95,4.074616663274355e-05
52,82,91,88,-1.242363578057848e-05
52,83,91,178,-7.89096338849049e-06
52,84,91,87,3.4167038393206894e-05
52,85,91,14,0.00014739896869286895
52,86,91,267,-7.710418140050024e-05
52,87,91,269,0.060964614152908325
52,88,91,270,-6.510362436529249e-05
52,89,91,409,-0.0002970547357108444
52,90,91,291,-0.0001554344198666513
52,91,91,375,1.8914948668680154e-05
52,92,91,321,0.0001226955937454477
52,93,91,405,6.612128345295787e-05
52,94,91,314,9.679297363618389e-06
52,95,91,302,-4.6203520469134673e-05
52,96,91,303,-9.386571036884561e-05
52,97,91,304,-5.1955186791019514e-05
52,98,91,408,-0.0002178729191655293
52,99,91,307,-3.43561805493664e-05
52,100,91,320,-1.9950810383306816e-05
52,101,91,404,6.61931198919774e-06
52,102,91,315,-0.00011909560998901725
52,103,91,268,-2.4159095119102858e-05
52,104,91,271,-4.33913737651892e-05
52,105,91,272,6.462702003773302e-05
52,106,91,325,2.2215108401724137e-05
52,107,91,319,-7.803849439369515e-05
52,108,91,403,1.989103338928544e-06
52,109,91,316,0.0002907554153352976
52,110,91,312,-3.137903331662528e-05
52,111,91,311,6.720511737512425e-05
52,112,91,310,-2.395644878561143e-05
52,113,91,415,-7.794133125571534e-05
52,114,91,308,-2.5508197722956538e-05
52,115,91,324,0.00013958790805190802
52,116,91,318,-0.00011579873535083607
52,117,91,402,3.357718378538266e-05
52,118,91,317,9.032082743942738e-05
53,54,181,84,7.85751126386458e-06
53,55,181,17,-0.00011896263458766043
53,56,181,11,6.328622112050653e-05
53,57,181,72,6.974024927330902e-06
53,58,181,73,2.818374014168512e-06
53,59,181,74,-0.00015607484965585172
53,60,181,184,7.88425313658081e-05
53,61,181,77,-0.0003092177794314921
53,62,181,90,-7.02388133504428e-05
53,63,181,180,7.597626245114952e-05
53,64,181,85,-8.935194273362868e-06
53,65,181,16,9.62871199590154e-05
53,66,181,12,0.00011000424274243414
53,67,181,38,0.0001079289213521406
53,68,181,41,0.00010903122165473178
53,69,181,42,-0.0001679666165728122
53,70,181,96,-0.0002470442559570074
53,71,181,89,5.0684757297858596e-05
53,72,181,179,-0.00013216910883784294
53,73,181,86,0.00010419877071399242
53,74,181,15,-4.5263364881975576e-05
53,75,181,13,5.702655926143052e-06
53,76,181,82,-4.6473836846416816e-05
53,77,181,81,-1.915094253490679e-05
53,78,181,80,5.454152051243e-05
53,79,181,191,0.00017763080541044474
53,80,181,78,2.3163349396781996e-05
53,81,181,95,-1.5703211829531938e-05
53,82,181,88,-6.395773380063474e-05
53,83,181,178,-1.2969222552783322e-05
53,84,181,87,8.456238720100373e-05
53,85,181,14,0.00030209438409656286
53,86,181,267,0.00038027536356821656
53,87,181,269,0.0765875056385994
53,88,181,270,0.0758185088634491
53,89,181,409,-0.0002960283891297877
53,90,181,291,-0.00032795852166600525
53,91,181,375,-2.9798313335049897e-05
53,92,181,321,0.00024992754333652556
53,93,181,405,-4.355835699243471e-05
53,94,181,314,-5.547657565330155e-06
53,95,181,302,0.08658495545387268
53,96,181,303,0.08264967799186707
53,97,181,304,-4.154084308538586e-06
53,98,181,408,-0.00021161220502108335
53,99,181,307,0.0009428822668269277
53,100,181,320,-7.569501758553088e-05
53,101,181,404,2.7076970582129434e-05
53,102,181,315,-6.415494863176718e-05
53,103,181,268,-4.363316475064494e-05
53,104,181,271,0.056121744215488434
53,105,181,272,2.56711045949487e-05
53,106,181,325,-0.00012228554987814277
53,107,181,319,8.043994603212923e-05
53,108,181,403,7.603072390338639e-06
53,109,181,316,-9.95188565866556e-06
53,110,181,312,-2.336851684958674e-05
53,111,181,311,9.750292520038784e-05
53,112,181,310,-1.971720666915644e-05
53,113,181,415,4.0203158278018236e-05
53,114,181,308,-0.00031389863579533994
53,115,181,324,3.189488415955566e-05
53,116,181,318,1.1156388609379064e-05
53,117,181,402,-7.020828343229368e-05
53,118,181,317,-9.033758396981284e-05
54,55,84,17,-0.00019954473827965558
54,56,84,11,-6.581703928532079e-05
54,57,84,72,0.02870684489607811
54,58,84,73,-0.0001391891564708203
54,59,84,74,-0.0001347273646388203
54,60,84,184,-6.6986664023716e-05
54,61,84,77,2.6928120178126846e-07
54,62,84,90,-0.00023828893608879298
54,63,84,180,-2.0806804968742654e-05
54,64,84,85,9.235927427653223e-05
54,65,84,16,2.947121720353607e-05
54,66,84,12,0.04996098205447197
54,67,84,38,0.026889091357588768
54,68,84,41,0.0001594621135154739
54,69,84,42,0.00010799893789226189
54,70,84,96,-9.801345004234463e-05
54,71,84,89,-1.2086567039659712e-05
54,72,84,179,-0.00011646716302493587
54,73,84,86,0.0001507329143350944
54,74,84,15,2.1037803890067153e-06
54,75,84,13,-0.00014793008449487388
54,76,84,82,-3.112996637355536e-05
54,77,84,81,-0.06419993937015533
54,78,84,80,-0.00011861115490319207
54,79,84,191,-8.940990664996207e-05
54,80,84,78,1.274320311495103e-05
54,81,84,95,-9.322462574345991e-05
54,82,84,88,-0.0002386859559919685
54,83,84,178,-0.00019779635476879776
54,84,84,87,-2.7873255021404475e-05
54,85,84,14,-1.0736076546891127e-05
54,86,84,267,0.041813138872385025
54,87,84,269,0.07916121184825897
54,88,84,270,0.07672473788261414
54,89,84,409,-0.00017783463408704847
54,90,84,291,-0.00015641706704627723
54,91,84,375,-0.0001965636620298028
54,92,84,321,4.715070826932788e-05
54,93,84,405,1.2991255971428473e-05
54,94,84,314,-9.023871825775132e-05
54,95,84,302,0.025584997609257698
54,96,84,303,8.107596841000486e-06
54,97,84,304,-4.8634992708684877e-05
54,98,84,408,5.4032858315622434e-05
54,99,84,307,-0.0004124330880586058
54,100,84,320,2.020027386606671e-05
54,101,84,404,0.0001581533142598346
54,102,84,315,-9.613674046704546e-05
54,103,84,268,-1.0675056728359777e-05
54,104,84,271,0.00924754049628973
54,105,84,272,-0.00021610911062452942
54,106,84,325,-1.2988001799385529e-05
54,107,84,319,-0.00016556173795834184
54,108,84,403,-6.742871482856572e-05
54,109,84,316,-2.6106205041287467e-05
54,110,84,312,8.34394886624068e-05
54,111,84,311,6.677933470200514e-06
54,112,84,310,7.860334881115705e-05
54,113,84,415,-0.000457930495031178
54,114,84,308,-0.00017531667253933847
54,115,84,324,0.00011022379476344213
54,116,84,318,-4.962917591910809e-05
54,117,84,402,-0.0001835800940170884
54,118,84,317,-3.672572347568348e-05
55,56,17,11,0.005675540305674076
55,57,17,72,-0.00022860853641759604
55,58,17,73,0.0003986666852142662
55,59,17,74,-0.00012156578304711729
55,60,17,184,0.0008125253370963037
55,61,17,77,0.0003842615114990622
55,62,17,90,0.0003537182928994298
55,63,17,180,-0.00013954530004411936
55,64,17,85,-1.632669591344893e-05
55,65,17,16,2.3305599825107493e-05
55,66,17,12,-0.00023809053527656943
55,67,17,38,2.4282118829432875e-05
55,68,17,41,0.003474375931546092
55,69,17,42,0.00012821913696825504
55,70,17,96,4.7125482524279505e-05
55,71,17,89,-6.930407835170627e-05
55,72,17,179,-0.00019073918520007282
55,73,17,86,-3.071278479183093e-05
55,74,17,15,6.0361664509400725e-05
55,75,17,13,-0.00018036468827631325
55,76,17,82,0.0003878544084727764
55,77,17,81,0.0018854298396036029
55,78,17,80,0.0002894647477660328
55,79,17,191,0.00039428556920029223
55,80,17,78,0.0019193420885130763
55,81,17,95,-0.00014883233234286308
55,82,17,88,-9.280893209506758e-06
55,83,17,178,-0.00017839368956629187
55,84,17,87,-3.117145865871862e-07
55,85,17,14,-7.031952554825693e-05
55,86,17,267,-0.0020741939079016447
55,87,17,269,0.031125936657190323
55,88,17,270,0.008522383868694305
55,89,17,409,3.503704283502884e-05
55,90,17,291,-0.0002079495316138491
55,91,17,375,-0.00014620782167185098
55,92,17,321,-1.4154576092550997e-05
55,93,17,405,-6.590747716472833e-07
55,94,17,314,-3.039531657123007e-05
55,95,17,302,-0.0018784534186124802
55,96,17,303,0.02417711727321148
55,97,17,304,0.006132921203970909
55,98,17,408,7.40393006708473e-05
55,99,17,307,-6.339493120322004e-05
55,100,17,320,4.853534119320102e-05
55,101,17,404,-7.598308002343401e-05
55,102,17,315,0.0001572654873598367
55,103,17,268,-6.97207942721434e-05
55,104,17,271,6.71155285090208e-05
55,105,17,272,-0.0008857300272211432
55,106,17,325,-6.917296559549868e-05
55,107,17,319,-0.00014905884745530784
55,108,17,403,3.8187994505278766e-05
55,109,17,316,-2.3942739062476903e-05
55,110,17,312,-1.2756640899169724e-05
55,111,17,311,-0.0003108165692538023
55,112,17,310,-0.000683871447108686
55,113,17,415,-0.0003000753640662879
55,114,17,308,8.025956776691601e-05
55,115,17,324,-2.2450247342931107e-05
55,116,17,318,-7.997125067049637e-06
55,117,17,402,-0.00023202417651191354
55,118,17,317,-2.8226433641975746e-05
56,57,11,72,6.971990660531446e-05
56,58,11,73,-6.915741687407717e-05
56,59,11,74,0.0003407541080377996
56,60,11,184,4.4843978685094044e-05
56,61,11,77,1.0958055099763442e-05
56,62,11,90,0.0001651941129239276
56,63,11,180,-6.752809713361785e-05
56,64,11,85,8.432643517153338e-05
56,65,11,16,-3.871342869388172e-06
56,66,11,12,3.337609086884186e-05
56,67,11,38,2.8167443133497727e-07
56,68,11,41,2.1306257622200064e-05
56,69,11,42,9.41290199989453e-05
56,70,11,96,-3.657979323179461e-05
56,71,11,89,0.00011099706898676232
56,72,11,179,0.036200929433107376
56,73,11,86,0.02011881209909916
56,74,11,15,-4.209247708786279e-05
56,75,11,13,3.8066620618337765e-05
56,76,11,82,6.524063792312518e-05
56,77,11,81,-4.689623892772943e-05
56,78,11,80,4.270768113201484e-05
56,79,11,191,-2.165474506909959e-05
56,80,11,78,-8.980108395917341e-05
56,81,11,95,-4.95403801323846e-05
56,82,11,88,0.0084569426253438
56,83,11,178,0.03181467950344086
56,84,11,87,9.75289185589645e-06
56,85,11,14,2.8761132853105664e-05
56,86,11,267,-0.00014570762868970633
56,87,11,269,1.792971306713298e-05
56,88,11,270,-0.00010143730469280854
56,89,11,409,0.00016526209947187454
56,90,11,291,-4.150524182477966e-05
56,91,11,375,0.021501589566469193
56,92,11,321,3.3784093830036e-05
56,93,11,405,-4.453296060091816e-05
56,94,11,314,-0.00015402956341858953
56,95,11,302,5.326200698618777e-05
56,96,11,303,-2.8273972930037417e-05
56,97,11,304,-1.886220161395613e-05
56,98,11,408,6.615803431486711e-05
56,99,11,307,-3.6063997299606854e-07
56,100,11,320,5.3892981668468565e-05
56,101,11,404,-0.00013115159526932985
56,102,11,315,-9.985996257455554e-06
56,103,11,268,0.00012010534555884078
56,104,11,271,-7.852265298424754e-06
56,105,11,272,-8.500803960487247e-05
56,106,11,325,0.00016788950597401708
56,107,11,319,-0.0001693365629762411
56,108,11,403,-2.885391950258054e-05
56,109,11,316,-3.446553091634996e-05
56,110,11,312,-7.773232209729031e-05
56,111,11,311,-6.235564796952531e-05
56,112,11,310,7.595599890919402e-05
56,113,11,415,-8.350661664735526e-05
56,114,11,308,-7.604086476931116e-06
56,115,11,324,-0.0003555291041266173
56,116,11,318,-0.00015728054859209806
56,117,11,402,7.193331839516759e-06
56,118,11,317,9.963166667148471e-05
57,58,72,73,-1.8202632418251596e-05
57,59,72,74,4.033353252452798e-05
57,60,72,184,-4.047749825986102e-05
57,61,72,77,7.665804150747135e-05
57,62,72,90,1.128636267822003e-05
57,63,72,180,3.586667662602849e-05
57,64,72,85,-9.998762106988579e-05
57,65,72,16,5.514465010492131e-05
57,66,72,12,-0.00010840422328328714
57,67,72,38,1.3058231161267031e-05
57,68,72,41,-0.00012405884626787156
57,69,72,42,-0.00026616782997734845
57,70,72,96,1.6226864318014123e-05
57,71,72,89,-8.230082312365994e-05
57,72,72,179,-1.0582075447018724e-05
57,73,72,86,-0.00012016861728625372
57,74,72,15,-0.00017790906713344157
57,75,72,13,-1.4428362192120403e-05
57,76,72,82,-2.283148751303088e-05
57,77,72,81,-1.7602160369278863e-05
57,78,72,80,-8.64815228851512e-06
57,79,72,191,-0.0001403328642481938
57,80,72,78,-9.36074138735421e-05
57,81,72,95,-1.5249280295392964e-05
57,82,72,88,-9.277829121856485e-06
57,83,72,178,-7.887693936936557e-05
57,84,72,87,2.0149514966760762e-05
57,85,72,14,-7.854522721117974e-08
57,86,72,267,9.188810508931056e-05
57,87,72,269,-2.7774105546995997e-05
57,88,72,270,-4.411372356116772e-05
57,89,72,409,4.4276006519794464e-05
57,90,72,291,-0.0001178849779535085
57,91,72,375,3.3165579225169495e-05
57,92,72,321,-7.03053501638351e-06
57,93,72,405,0.00010724288586061448
57,94,72,314,-0.0002828656288329512
57,95,72,302,5.44312788406387e-05
57,96,72,303,0.0001521324011264369
57,97,72,304,-9.480441804043949e-05
57,98,72,408,0.00012690002040471882
57,99,72,307,7.576878851978108e-05
57,100,72,320,-0.00022117608750704676
57,101,72,404,3.596928218030371e-05
57,102,72,315,-0.00023664420587010682
57,103,72,268,-1.6866522855707444e-05
57,104,72,271,4.946380158799002e-06
57,105,72,272,3.749385359697044e-05
57,106,72,325,8.657420403324068e-05
57,107,72,319,-0.00016564474208280444
57,108,72,403,-0.00016230873006861657
57,109,72,316,-0.00012343685375526547
57,110,72,312,9.921026503434405e-05
57,111,72,311,6.397580000339076e-05
57,112,72,310,-3.1912724807625636e-05
57,113,72,415,2.236848376924172e-05
57,114,72,308,-9.421398863196373e-05
57,115,72,324,1.6743400919949636e-05
57,116,72,318,4.697264557762537e-06
57,117,72,402,-0.0001941469090525061
57,118,72,317,-0.000154188004671596
58,59,73,74,9.51881447690539e-05
58,60,73,184,-3.986558658652939e-05
58,61,73,77,-0.00011961573909502476
58,62,73,90,-4.5689212129218504e-05
58,63,73,180,-1.5111942957446445e-05
58,64,73,85,-6.561002373928204e-05
58,65,73,16,0.00038646048051305115
58,66,73,12,6.4685673351050355e-06
58,67,73,38,-2.628004949656315e-05
58,68,73,41,-1.677536238275934e-05
58,69,73,42,-3.0995841370895505e-05
58,70,73,96,1.6106308748931042e-06
58,71,73,89,-0.00012395823432598263
58,72,73,179,1.661085116211325e-05
58,73,73,86,-4.9239981308346614e-05
58,74,73,15,-0.00019406781939323992
58,75,73,13,5.6935223256004974e-05
58,76,73,82,-6.731945177307352e-05
58,77,73,81,-9.867464541457593e-05
58,78,73,80,0.00011037907825084403
58,79,73,191,-0.0001519362413091585
58,80,73,78,-8.587248157709837e-05
58,81,73,95,3.329589526401833e-05
58,82,73,88,3.262602331233211e-05
58,83,73,178,-0.00011678058217512444
58,84,73,87,0.00012326965224929154
58,85,73,14,-0.00018591989646665752
58,86,73,267,-1.4653488506155554e-05
58,87,73,269,1.2058164429618046e-05
58,88,73,270,-6.820718408562243e-05
58,89,73,409,-3.2672673114575446e-05
58,90,73,291,-0.0001624977885512635
58,91,73,375,0.00016080598288681358
58,92,73,321,-9.81138236966217e-06
58,93,73,405,0.00018519640434533358
58,94,73,314,-5.068313839728944e-05
58,95,73,302,-8.383417298318818e-05
58,96,73,303,-2.9935690690763295e-05
58,97,73,304,1.372467704641167e-05
58,98,73,408,-5.181448068469763e-05
58,99,73,307,-8.733860158827156e-05
58,100,73,320,4.5181383029557765e-05
58,101,73,404,-2.6490197342354804e-05
58,102,73,315,0.00043123640352860093
58,103,73,268,-0.00021694914903491735
58,104,73,271,-1.0171207577513997e-05
58,105,73,272,-3.6212437407812104e-05
58,106,73,325,-2.1943010608538316e-07
58,107,73,319,8.215530215238687e-06
58,108,73,403,-2.8840509003202897e-06
58,109,73,316,9.697147106635384e-06
58,110,73,312,0.00011238365550525486
58,111,73,311,1.2902678463433404e-05
58,112,73,310,-5.512312418431975e-05
58,113,73,415,-1.545871600683313e-05
58,114,73,308,3.795487282332033e-05
58,115,73,324,8.831943705445156e-05
58,116,73,318,-0.0001338050642516464
58,117,73,402,0.00022477400489151478
58,118,73,317,-2.0638703063013963e-05
59,60,74,184,-5.9231737395748496e-05
59,61,74,77,-6.050243246136233e-05
59,62,74,90,4.803287811228074e-05
59,63,74,180,6.085764107410796e-05
59,64,74,85,-0.0001635475200600922
59,65,74,16,0.000307119102217257
59,66,74,12,5.852166214026511e-05
59,67,74,38,-4.5044835133012384e-05
59,68,74,41,1.592019725649152e-05
59,69,74,42,-5.110746769787511e-06
59,70,74,96,6.703874532831833e-05
59,71,74,89,2.4749420845182613e-05
59,72,74,179,1.274156147701433e-05
59,73,74,86,-1.398931271978654e-05
59,74,74,15,-5.135299943503924e-05
59,75,74,13,0.00010688543261494488
59,76,74,82,-0.00012793924543075264
59,77,74,81,9.54127826844342e-05
59,78,74,80,-0.0001616299559827894
59,79,74,191,8.693915151525289e-05
59,80,74,78,-2.1718948119087145e-05
59,81,74,95,-1.0074625606648624e-05
59,82,74,88,-0.00011365200043655932
59,83,74,178,0.00017536134691908956
59,84,74,87,-5.235919161350466e-06
59,85,74,14,0.0002407651045359671
59,86,74,267,-4.733276364277117e-05
59,87,74,269,-6.429150380427018e-05
59,88,74,270,-3.172973447362892e-05
59,89,74,409,4.2118237615795806e-05
59,90,74,291,6.954703712835908e-05
59,91,74,375,0.0002603892935439944
59,92,74,321,8.474639616906643e-05
59,93,74,405,-0.00025435342104174197
59,94,74,314,-8.979970516520552e-06
59,95,74,302,0.0001576263312017545
59,96,74,303,-7.290527719305828e-05
59,97,74,304,2.0388548364280723e-05
59,98,74,408,7.526629633503035e-05
59,99,74,307,-5.923991466261214e-06
59,100,74,320,1.4582548828911968e-05
59,101,74,404,0.0002027349837590009
59,102,74,315,-8.542133582523093e-05
59,103,74,268,-9.390531340613961e-05
59,104,74,271,-4.6938497689552605e-05
59,105,74,272,4.4598538806894794e-05
59,106,74,325,3.482093461570912e-06
59,107,74,319,6.376371311489493e-05
59,108,74,403,-5.570998109760694e-05
59,109,74,316,0.000622651947196573
59,110,74,312,6.455792026827112e-05
59,111,74,311,-5.181597589398734e-05
59,112,74,310,-7.093598833307624e-05
59,113,74,415,5.8542857004795223e-05
59,114,74,308,-3.230768925277516e-05
59,115,74,324,-4.102183447685093e-05
59,116,74,318,3.8611276977462694e-05
59,117,74,402,-2.232664337498136e-05
59,118,74,317,-9.382957068737596e-05
60,61,184,77,-8.850555786921177e-06
60,62,184,90,-4.491406798479147e-05
60,63,184,180,-0.00013286038301885128
60,64,184,85,-0.00012481246085371822
60,65,184,16,0.0008966319728642702
60,66,184,12,-9.007289008877706e-06
60,67,184,38,1.7771895727491938e-05
60,68,184,41,-0.0002771675935946405
60,69,184,42,6.902784662088379e-05
60,70,184,96,-5.298878386383876e-05
60,71,184,89,-9.108683298109099e-05
60,72,184,179,-6.236352783162147e-05
60,73,184,86,-6.464192119892687e-05
60,74,184,15,0.0002589393116068095
60,75,184,13,7.860001642256975e-05
60,76,184,82,-0.00013811359531246126
60,77,184,81,8.763931691646576e-05
60,78,184,80,8.406057168031111e-05
60,79,184,191,2.4399398625973845e-06
60,80,184,78,9.673184104030952e-05
60,81,184,95,3.4911885450128466e-05
60,82,184,88,-1.9284245354356244e-05
60,83,184,178,-3.943417686969042e-05
60,84,184,87,0.0001589525054441765
60,85,184,14,0.00017137129907496274
60,86,184,267,-0.00012923935719300061
60,87,184,269,-2.594808211142663e-05
60,88,184,270,3.323256169096567e-05
60,89,184,409,1.4295184882939793e-05
60,90,184,291,-0.00013649214815814048
60,91,184,375,-2.6585788873489946e-05
60,92,184,321,6.367987225530669e-05
60,93,184,405,-2.777998633973766e-05
60,94,184,314,9.730888268677518e-05
60,95,184,302,-1.8054399333777837e-05
60,96,184,303,4.692408401751891e-05
60,97,184,304,6.436598050640896e-05
60,98,184,408,2.720000338740647e-06
60,99,184,307,-8.188893843907863e-05
60,100,184,320,3.426165858400054e-05
60,101,184,404,0.0001290048676310107
60,102,184,315,0.0003238191711716354
60,103,184,268,-2.502883035049308e-05
60,104,184,271,-7.56431181798689e-05
60,105,184,272,1.7959678189072292e-07
60,106,184,325,4.139069005759666e-06
60,107,184,319,4.894963785773143e-05
60,108,184,403,2.9230674044811167e-05
60,109,184,316,0.00012372771743685007
60,110,184,312,-4.791868559550494e-05
60,111,184,311,0.00016916036838665605
60,112,184,310,-3.709584416355938e-05
60,113,184,415,-5.7570367061998695e-05
60,114,184,308,1.0900334018515423e-05
60,115,184,324,-1.236254411196569e-05
60,116,184,318,0.00014855325571261346
60,117,184,402,0.00011363888916093856
60,118,184,317,0.0003582445497158915
61,62,77,90,9.863837476586923e-05
61,63,77,180,-0.00022988943965174258
61,64,77,85,6.053117249393836e-05
61,65,77,16,-0.00025301528512500226
61,66,77,12,4.2501316784182563e-05
61,67,77,38,-5.872210749657825e-06
61,68,77,41,-0.00026713014813140035
61,69,77,42,3.3324904507026076e-05
61,70,77,96,4.260330115357647e-06
61,71,77,89,-1.9878765670000575e-05
61,72,77,179,-6.033137833583169e-05
61,73,77,86,1.4811555956839584e-05
61,74,77,15,0.0003539799072314054
61,75,77,13,4.095545591553673e-05
61,76,77,82,-1.3952324479760136e-05
61,77,77,81,-0.0001905708049889654
61,78,77,80,4.8368150601163507e-05
61,79,77,191,0.00013295511598698795
61,80,77,78,4.4626718590734527e-05
61,81,77,95,8.228488877648488e-05
61,82,77,88,4.663487197831273e-05
61,83,77,178,-0.00011037674994440749
61,84,77,87,0.00017216384003404528
61,85,77,14,5.6319917348446324e-05
61,86,77,267,-5.035246431361884e-05
61,87,77,269,0.0002095622185152024
61,88,77,270,-2.049943032034207e-05
61,89,77,409,3.814335650531575e-05
61,90,77,291,1.3052887197773089e-06
61,91,77,375,-0.00011317629105178639
61,92,77,321,-3.6008364077133592e-06
61,93,77,405,7.261722203111276e-05
61,94,77,314,0.00014874999760650098
61,95,77,302,5.2692677854793146e-05
61,96,77,303,-3.308566374471411e-05
61,97,77,304,-3.390927304280922e-05
61,98,77,408,2.1601772459689528e-05
61,99,77,307,-5.820231308462098e-05
61,100,77,320,-4.090864604222588e-05
61,101,77,404,-9.84686630545184e-05
61,102,77,315,0.0001708798372419551
61,103,77,268,-1.9097638869425282e-05
61,104,77,271,-6.233762542251498e-05
61,105,77,272,-0.00010008655954152346
61,106,77,325,-6.0409085563151166e-05
61,107,77,319,7.332659151870757e-05
61,108,77,403,-0.00012453060480765998
61,109,77,316,0.0001869593106675893
61,110,77,312,-4.1153693018713966e-05
61,111,77,311,-2.5274735889979638e-05
61,112,77,310,-2.0031005988130346e-05
61,113,77,415,-2.156716800527647e-05
61,114,77,308,-0.0001369904784951359
61,115,77,324,8.088743197731674e-05
61,116,77,318,-0.00010239836410619318
61,117,77,402,-5.566624167840928e-05
61,118,77,317,3.608164843171835e-05
62,63,90,180,5.992640944896266e-05
62,64,90,85,-0.00026092928601428866
62,65,90,16,0.0005747023387812078
62,66,90,12,-6.120333273429424e-05
62,67,90,38,-0.00020413895254023373
62,68,90,41,-1.8968003132613376e-05
62,69,90,42,7.352474494837224e-05
62,70,90,96,4.247905235388316e-05
62,71,90,89,-5.8393135986989364e-05
62,72,90,179,8.374639583053067e-05
62,73,90,86,9.664420213084668e-05
62,74,90,15,-7.002717211435083e-06
62,75,90,13,5.3031511924928054e-05
62,76,90,82,-0.00021961989114060998
62,77,90,81,1.866378079284914e-05
62,78,90,80,-1.488498310209252e-05
62,79,90,191,-0.00018001277931034565
62,80,90,78,0.00010247976751998067
62,81,90,95,-5.032663102610968e-05
62,82,90,88,-1.9254610378993675e-05
62,83,90,178,-7.177208317443728e-05
62,84,90,87,5.903215424041264e-05
62,85,90,14,0.0002935727243311703
62,86,90,267,-0.00011359425116097555
62,87,90,269,0.034537043422460556
62,88,90,270,0.0001315760746365413
62,89,90,409,-5.565983155975118e-05
62,90,90,291,1.8159824321628548e-05
62,91,90,375,8.161018922692165e-05
62,92,90,321,0.00020783557556569576
62,93,90,405,1.3552043753861653e-07
62,94,90,314,-3.766411100514233e-05
62,95,90,302,8.151816473400686e-06
62,96,90,303,-2.663394980118028e-06
62,97,90,304,-4.352247196948156e-05
62,98,90,408,2.02402825379977e-05
62,99,90,307,-0.00010638653475325555
62,100,90,320,-0.00011195906699867919
62,101,90,404,-0.00013269622286316007
62,102,90,315,3.956412183470093e-05
62,103,90,268,0.00010561064846115187
62,104,90,271,-2.4669119738973677e-05
62,105,90,272,8.279662870336324e-05
62,106,90,325,-3.5475568438414484e-05
62,107,90,319,1.5006373359938152e-05
62,108,90,403,0.00010849258251255378
62,109,90,316,4.9791702622314915e-05
62,110,90,312,-3.967708380514523e-06
62,111,90,311,2.8856113203801215e-05
62,112,90,310,1.6951269572018646e-05
62,113,90,415,0.0001601193071110174
62,114,90,308,-4.2286548705305904e-05
62,115,90,324,0.00021007766190450639
62,116,90,318,-8.25039969640784e-05
62,117,90,402,-1.2901055015390739e-05
62,118,90,317,-7.781325257383287e-05
63,64,180,85,7.381381146842614e-05
63,65,180,16,9.878813216346316e-07
63,66,180,12,1.022480137180537e-05
63,67,180,38,2.428400330245495e-05
63,68,180,41,0.0001364522031508386
63,69,180,42,-5.784803943242878e-05
63,70,180,96,0.00014790764544159174
63,71,180,89,0.0001332699612248689
63,72,180,179,-5.504888031282462e-05
63,73,180,86,-1.884962694020942e-05
63,74,180,15,-2.3373911972157657e-05
63,75,180,13,0.0002446502912789583
63,76,180,82,-0.0010822919430211186
63,77,180,81,-1.2829815204895567e-05
63,78,180,80,7.35478079150198e-06
63,79,180,191,-6.828102777944878e-05
63,80,180,78,-7.90156118455343e-05
63,81,180,95,-8.880431414581835e-05
63,82,180,88,-1.51390058817924e-05
63,83,180,178,3.240186924813315e-05
63,84,180,87,-6.028397910995409e-05
63,85,180,14,-0.00015281690866686404
63,86,180,267,-0.00010858587484108284
63,87,180,269,0.033715423196554184
63,88,180,270,0.06601442396640778
63,89,180,409,5.1137525588274e-05
63,90,180,291,-4.63473770651035e-05
63,91,180,375,0.00011039440869353712
63,92,180,321,2.247682277811691e-05
63,93,180,405,-7.998679393494967e-06
63,94,180,314,-4.829033787245862e-05
63,95,180,302,0.0001428163523087278
63,96,180,303,0.06871295720338821
63,97,180,304,-0.00024433358339592814
63,98,180,408,-0.00015596703451592475
63,99,180,307,-0.00016136631893459707
63,100,180,320,-2.3483695258619264e-05
63,101,180,404,-6.932773248990998e-05
63,102,180,315,7.425083458656445e-05
63,103,180,268,-8.67827475303784e-05
63,104,180,271,-5.537526249099756e-06
63,105,180,272,3.895106419804506e-05
63,106,180,325,1.933953899424523e-05
63,107,180,319,-0.0001453430304536596
63,108,180,403,1.0310276593372691e-05
63,109,180,316,0.00010892927093664184
63,110,180,312,-0.00011299933248665184
63,111,180,311,-0.00010374798148404807
63,112,180,310,1.9646295186248608e-05
63,113,180,415,7.99437693785876e-05
63,114,180,308,0.00010420750186312944
63,115,180,324,5.89262526773382e-05
63,116,180,318,-4.0772119973553345e-05
63,117,180,402,9.818437683861703e-05
63,118,180,317,-6.499209848698229e-05
64,65,85,16,-0.00011384669051039964
64,66,85,12,5.172545570530929e-05
64,67,85,38,0.010666231624782085
64,68,85,41,-0.018575845286250114
64,69,85,42,1.3731721082876902e-05
64,70,85,96,-0.0001304342586081475
64,71,85,89,-0.0002181443414883688
64,72,85,179,1.778006844688207e-05
64,73,85,86,-0.00011486236326163635
64,74,85,15,-8.136766700772569e-05
64,75,85,13,0.00013173815386835486
64,76,85,82,4.09085032515577e-06
64,77,85,81,-0.05933917313814163
64,78,85,80,-9.235899051418528e-05
64,79,85,191,0.0001673290244070813
64,80,85,78,-3.442592060309835e-05
64,81,85,95,-0.0001544200349599123
64,82,85,88,-0.00010610731260385364
64,83,85,178,4.8965080168272834e-06
64,84,85,87,-9.069585212273523e-05
64,85,85,14,-2.9175367671996355e-05
64,86,85,267,-0.0017204536125063896
64,87,85,269,0.03543173521757126
64,88,85,270,0.06151270866394043
64,89,85,409,-0.00022762734442949295
64,90,85,291,0.00016916221647989005
64,91,85,375,4.799242105946178e-06
64,92,85,321,4.034814628539607e-05
64,93,85,405,2.5550634745741263e-05
64,94,85,314,-6.209187267813832e-05
64,95,85,302,0.012857752852141857
64,96,85,303,0.06143706664443016
64,97,85,304,6.16815232206136e-05
64,98,85,408,0.00023690614034421742
64,99,85,307,5.602196688414551e-05
64,100,85,320,-5.6186519941547886e-05
64,101,85,404,0.00011349331180099398
64,102,85,315,5.959456302662147e-06
64,103,85,268,-0.00045980061986483634
64,104,85,271,-1.915902248583734e-05
64,105,85,272,1.4899068446538877e-05
64,106,85,325,0.00015787813754286617
64,107,85,319,-0.00018948201613966376
64,108,85,403,-9.763235721038654e-05
64,109,85,316,-0.00013118093193043023
64,110,85,312,3.588108666008338e-05
64,111,85,311,-3.244199979235418e-05
64,112,85,310,-6.494165427284315e-05
64,113,85,415,-0.000184560616617091
64,114,85,308,-4.657189856516197e-05
64,115,85,324,-0.0009934373665601015
64,116,85,318,-2.04075167857809e-05
64,117,85,402,5.5406282626790926e-05
64,118,85,317,-2.3568132746731862e-05
65,66,16,12,-2.272119490953628e-05
65,67,16,38,0.00165799621026963
65,68,16,41,0.004442543722689152
65,69,16,42,-3.9042039134074e-05
65,70,16,96,0.00020701605535577983
65,71,16,89,-3.227949855499901e-05
65,72,16,179,-1.6865353245520964e-05
65,73,16,86,-3.3259097108384594e-05
65,74,16,15,0.00011787350376835093
65,75,16,13,-6.673041934845969e-05
65,76,16,82,-0.0002516456297598779
65,77,16,81,0.0006911359960213304
65,78,16,80,0.000540166103746742
65,79,16,191,0.0005674774874933064
65,80,16,78,-7.795586134307086e-05
65,81,16,95,1.4009188816999085e-05
65,82,16,88,7.73141291574575e-05
65,83,16,178,-7.827767149137799e-06
65,84,16,87,-2.621004568936769e-05
65,85,16,14,8.053219062276185e-05
65,86,16,267,-0.0020133559592068195
65,87,16,269,0.030326442793011665
65,88,16,270,0.04193379729986191
65,89,16,409,-0.00021891534561291337
65,90,16,291,-0.00030985192279331386
65,91,16,375,2.5996485419454984e-05
65,92,16,321,8.925836300477386e-05
65,93,16,405,-3.168195325997658e-05
65,94,16,314,-1.5367420928669162e-05
65,95,16,302,-0.0020950688049197197
65,96,16,303,0.0038493461906909943
65,97,16,304,-0.0025145914405584335
65,98,16,408,0.005993769504129887
65,99,16,307,-4.0146780520444736e-05
65,100,16,320,-6.012997619109228e-05
65,101,16,404,-4.068625003128545e-06
65,102,16,315,9.223919187206775e-05
65,103,16,268,-8.777175389695913e-05
65,104,16,271,0.0018138090381398797
65,105,16,272,-0.0010161105310544372
65,106,16,325,5.589533247984946e-05
65,107,16,319,-3.372681385371834e-05
65,108,16,403,-0.00013188840239308774
65,109,16,316,-1.7432141248718835e-05
65,110,16,312,-1.1770528544730041e-05
65,111,16,311,-0.000791554048191756
65,112,16,310,-0.000786603894084692
65,113,16,415,-0.00021457888942677528
65,114,16,308,0.00012758684169966727
65,115,16,324,1.3692904758499935e-05
65,116,16,318,-4.757519127451815e-05
65,117,16,402,-9.310975292464718e-05
65,118,16,317,-4.74016233056318e-05
66,67,12,38,3.674511026474647e-05
66,68,12,41,3.2123967685038224e-05
66,69,12,42,8.483998499286827e-06
66,70,12,96,-9.82610581559129e-05
66,71,12,89,-2.8297266908339225e-05
66,72,12,179,0.040049146860837936
66,73,12,86,-0.001002596691250801
66,74,12,15,9.434655657969415e-05
66,75,12,13,4.104692561668344e-05
66,76,12,82,6.783392564102542e-06
66,77,12,81,-2.0273066184017807e-05
66,78,12,80,-5.728957330575213e-05
66,79,12,191,4.099816214875318e-05
66,80,12,78,-8.089284528978169e-05
66,81,12,95,3.6405312130227685e-05
66,82,12,88,0.007644547149538994
66,83,12,178,0.02954769879579544
66,84,12,87,5.916390000493266e-05
66,85,12,14,1.3050222150923219e-05
66,86,12,267,-0.0002572060620877892
66,87,12,269,-0.00036437276867218316
66,88,12,270,-1.492116462031845e-05
66,89,12,409,-0.00014464138075709343
66,90,12,291,0.00011332629946991801
66,91,12,375,0.023028122261166573
66,92,12,321,4.358706792118028e-05
66,93,12,405,2.882677836169023e-05
66,94,12,314,-8.208219514926895e-05
66,95,12,302,2.341323852306232e-05
66,96,12,303,-3.867430132231675e-05
66,97,12,304,-0.00031225281418301165
66,98,12,408,6.350078183459118e-05
66,99,12,307,0.00014343063230626285
66,100,12,320,2.8416341592674144e-05
66,101,12,404,-0.0001158651357400231
66,102,12,315,-5.438186417450197e-05
66,103,12,268,-5.805018008686602e-05
66,104,12,271,-2.703503196244128e-05
66,105,12,272,6.932428277650615e-06
66,106,12,325,0.0002783987729344517
66,107,12,319,5.346978650777601e-05
66,108,12,403,8.134639210766181e-05
66,109,12,316,-0.0002985703758895397
66,110,12,312,-3.213751915609464e-05
66,111,12,311,0.0001325963530689478
66,112,12,310,-0.00013306151959113777
66,113,12,415,-3.2319412639481016e-06
66,114,12,308,4.1418661567149684e-05
66,115,12,324,0.00016605564451310784
66,116,12,318,-3.4221840905956924e-05
66,117,12,402,-0.00020214682444930077
66,118,12,317,-6.263810064410791e-05
67,68,38,41,4.391762558952905e-05
67,69,38,42,-8.494961366523057e-05
67,70,38,96,-4.6720979298697785e-05
67,71,38,89,-2.529813355067745e-05
67,72,38,179,-0.00016536589828319848
67,73,38,86,-8.213684486690909e-05
67,74,38,15,0.00013538090570364147
67,75,38,13,-0.0001333626132691279
67,76,38,82,-1.0507721526664682e-05
67,77,38,81,2.016077451116871e-05
67,78,38,80,-0.00023587164469063282
67,79,38,191,-0.0001659419940551743
67,80,38,78,-5.858959752913506e-07
67,81,38,95,-6.697144999634475e-05
67,82,38,88,6.936668796697631e-05
67,83,38,178,-5.1259771680634e-06
67,84,38,87,9.214479359798133e-05
67,85,38,14,5.1089751650579274e-05
67,86,38,267,-0.00014199630822986364
67,87,38,269,-3.5690070944838226e-05
67,88,38,270,4.0386643377132714e-05
67,89,38,409,0.00013074341404717416
67,90,38,291,-7.914278512544115e-07
67,91,38,375,5.030020111007616e-05
67,92,38,321,-0.00010149000445380807
67,93,38,405,0.00015473591338377446
67,94,38,314,-0.00018956440908368677
67,95,38,302,-2.213437073805835e-05
67,96,38,303,7.28559389244765e-05
67,97,38,304,2.196369860030245e-05
67,98,38,408,-0.0001433203578926623
67,99,38,307,2.4136035790434107e-05
67,100,38,320,-0.005938699934631586
67,101,38,404,-2.823452632583212e-05
67,102,38,315,-8.060755499172956e-05
67,103,38,268,0.00011055767390644178
67,104,38,271,-7.097359775798395e-05
67,105,38,272,-0.00019354998948983848
67,106,38,325,2.9420016289805062e-05
67,107,38,319,0.00016244671132881194
67,108,38,403,0.00013411205145530403
67,109,38,316,1.0909113370871637e-05
67,110,38,312,2.633690928632859e-05
67,111,38,311,0.00011371870641596615
67,112,38,310,-4.826317308470607e-05
67,113,38,415,-0.00017002974345814437
67,114,38,308,-0.00018899553106166422
67,115,38,324,2.0982823116355576e-05
67,116,38,318,-3.723609188455157e-05
67,117,38,402,-6.401335122063756e-05
67,118,38,317,6.239370122784749e-05
68,69,41,42,-5.799530481453985e-05
68,70,41,96,-2.7745452371163992e-06
68,71,41,89,-4.05145765398629e-05
68,72,41,179,2.8321977879386395e-05
68,73,41,86,-0.0002008697483688593
68,74,41,15,0.0005576053517870605
68,75,41,13,4.973409522790462e-05
68,76,41,82,3.687136631924659e-05
68,77,41,81,-0.00011853509931825101
68,78,41,80,2.61449531535618e-05
68,79,41,191,-9.091644642467145e-06
68,80,41,78,-0.0003027195925824344
68,81,41,95,-0.00010403261694591492
68,82,41,88,-4.683274164563045e-05
68,83,41,178,4.178091330686584e-05
68,84,41,87,3.136777377221733e-05
68,85,41,14,1.9191302271792665e-05
68,86,41,267,-6.377999670803547e-05
68,87,41,269,-4.2504139855736867e-05
68,88,41,270,-3.0219291147659533e-05
68,89,41,409,-8.168240310624242e-05
68,90,41,291,5.944298209215049e-06
68,91,41,375,-2.776506335067097e-05
68,92,41,321,7.4520849011605605e-06
68,93,41,405,0.00010267935431329533
68,94,41,314,8.077818347373977e-05
68,95,41,302,-9.442478040000424e-05
68,96,41,303,-7.764820475131273e-05
68,97,41,304,-0.00020305671205278486
68,98,41,408,-1.126611550716916e-06
68,99,41,307,0.00010112747258972377
68,100,41,320,0.00019884209905285388
68,101,41,404,-2.6755895305541344e-05
68,102,41,315,-0.00010000658221542835
68,103,41,268,-0.00018980483582708985
68,104,41,271,-9.934488480212167e-05
68,105,41,272,-2.6779811378219165e-05
68,106,41,325,5.2929426601622254e-05
68,107,41,319,0.00011404052202124149
68,108,41,403,-1.1756374078686349e-05
68,109,41,316,8.170874025381636e-06
68,110,41,312,-2.3114000214263797e-05
68,111,41,311,-0.00011876108328578994
68,112,41,310,-4.771501949107915e-07
68,113,41,415,3.192048825439997e-05
68,114,41,308,0.0002745891106314957
68,115,41,324,9.499081352259964e-05
68,116,41,318,-3.419900531298481e-05
68,117,41,402,4.5829900045646355e-05
68,118,41,317,5.779980347142555e-05
69,70,42,96,-9.69810389506165e-06
69,71,42,89,6.152296555228531e-05
69,72,42,179,2.554931052145548e-05
69,73,42,86,-5.2887444326188415e-05
69,74,42,15,0.0005822561215609312
69,75,42,13,-2.2505701053887606e-05
69,76,42,82,5.797524863737635e-05
69,77,42,81,-4.77445573778823e-05
69,78,42,80,-5.668277299264446e-05
69,79,42,191,0.00011652535613393411
69,80,42,78,-7.500275842176052e-06
69,81,42,95,5.9106485423399135e-05
69,82,42,88,-5.487057569553144e-05
69,83,42,178,-9.81394259724766e-05
69,84,42,87,5.3616207878803834e-05
69,85,42,14,0.00015222142974380404
69,86,42,267,2.0411869627423584e-05
69,87,42,269,-1.8733642718871124e-05
69,88,42,270,6.666036642855033e-05
69,89,42,409,-2.7013313228962943e-05
69,90,42,291,-9.979792957892641e-05
69,91,42,375,-0.00014149144408293068
69,92,42,321,0.00016414170386269689
69,93,42,405,1.1622128113231156e-06
69,94,42,314,0.00030374806374311447
69,95,42,302,-4.983184044249356e-05
69,96,42,303,4.0325659938389435e-05
69,97,42,304,5.164390313439071e-05
69,98,42,408,-3.831789217656478e-05
69,99,42,307,-7.641299453098327e-05
69,100,42,320,-3.9739352359902114e-05
69,101,42,404,-5.3453328291652724e-05
69,102,42,315,0.0004362710751593113
69,103,42,268,2.0451250748010352e-05
69,104,42,271,-1.855221125879325e-05
69,105,42,272,0.00010252937499899417
69,106,42,325,3.0443401556112804e-05
69,107,42,319,-6.97164869052358e-05
69,108,42,403,-0.00016371990204788744
69,109,42,316,-3.689810182549991e-05
69,110,42,312,-4.048946357215755e-05
69,111,42,311,-0.00017188716446980834
69,112,42,310,7.948211714392528e-05
69,113,42,415,-5.8348701713839546e-05
69,114,42,308,0.0009248732239939272
69,115,42,324,-0.00015100381278898567
69,116,42,318,-0.00019276054808869958
69,117,42,402,0.0001259620621567592
69,118,42,317,1.3005528671783395e-05
70,71,96,89,8.09508201200515e-05
70,72,96,179,-0.00023772966233082116
70,73,96,86,-5.784324457636103e-05
70,74,96,15,0.0008211115491576493
70,75,96,13,-9.876088006421924e-05
70,76,96,82,6.850594218121842e-05
70,77,96,81,-0.00024408483295701444
70,78,96,80,2.7658887120196596e-05
70,79,96,191,4.001604793302249e-06
70,80,96,78,6.884033791720867e-05
70,81,96,95,-9.654097084421664e-06
70,82,96,88,-4.112791066290811e-05
70,83,96,178,-0.00013213972852099687
70,84,96,87,-5.550611149374163e-06
70,85,96,14,8.051332770264708e-06
70,86,96,267,-0.00019557811901904643
70,87,96,269,5.178690844331868e-05
70,88,96,270,-0.00011794645979534835
70,89,96,409,0.0001435619778931141
70,90,96,291,0.00010981525701936334
70,91,96,375,-4.4827003875980154e-05
70,92,96,321,1.2156016964581795e-05
70,93,96,405,-6.988907989580184e-05
70,94,96,314,-5.421693276730366e-05
70,95,96,302,-0.00011548286420293152
70,96,96,303,1.0096749974763952e-05
70,97,96,304,-2.113232585543301e-05
70,98,96,408,0.00021083586034364998
70,99,96,307,-2.3523622076027095e-05
70,100,96,320,-5.380989023251459e-05
70,101,96,404,-0.00010266608296660706
70,102,96,315,4.479509880184196e-05
70,103,96,268,4.255912426742725e-05
70,104,96,271,1.8211459973827004e-05
70,105,96,272,-0.00015714931942056865
70,106,96,325,4.880092092207633e-05
70,107,96,319,7.90182821219787e-05
70,108,96,403,0.00023192139633465558
70,109,96,316,0.00031168991699814796
70,110,96,312,9.243028034688905e-05
70,111,96,311,5.434321428765543e-05
70,112,96,310,4.5667758968193084e-05
70,113,96,415,0.0008747505489736795
70,114,96,308,-6.938265141798183e-05
70,115,96,324,-6.477965507656336e-05
70,116,96,318,-9.398453403264284e-05
70,117,96,402,-5.44614449609071e-05
70,118,96,317,0.00017073955677915365
71,72,89,179,0.00018448663468006998
71,73,89,86,-4.233986328472383e-05
71,74,89,15,0.000460711307823658
71,75,89,13,-6.149141700007021e-05
71,76,89,82,0.04241317883133888
71,77,89,81,-4.533655373961665e-05
71,78,89,80,0.00012396881356835365
71,79,89,191,-0.002167259342968464
71,80,89,78,9.232826414518058e-05
71,81,89,95,3.1823488825466484e-05
71,82,89,88,-7.589387678308412e-05
71,83,89,178,6.016104180162074e-06
71,84,89,87,-2.5890341930789873e-05
71,85,89,14,-4.295153121347539e-05
71,86,89,267,-3.06702968373429e-05
71,87,89,269,0.05844753235578537
71,88,89,270,0.0023040007799863815
71,89,89,409,8.288727985927835e-05
71,90,89,291,2.3311763470701408e-06
71,91,89,375,0.00013939393102191389
71,92,89,321,-1.1733375686162617e-05
71,93,89,405,-0.00019452066044323146
71,94,89,314,-3.151273631374352e-05
71,95,89,302,-0.00022665568394586444
71,96,89,303,0.015448562800884247
71,97,89,304,-1.3175429558032192e-05
71,98,89,408,-1.856179369497113e-05
71,99,89,307,-3.832810034509748e-05
71,100,89,320,9.580206096870825e-05
71,101,89,404,-6.473767280112952e-05
71,102,89,315,0.0002710821572691202
71,103,89,268,-0.0007562558748759329
71,104,89,271,-6.086289067752659e-05
71,105,89,272,-4.292905214242637e-05
71,106,89,325,-8.392496056330856e-06
71,107,89,319,1.6538291674805805e-05
71,108,89,403,-8.544069714844227e-05
71,109,89,316,-4.419918332132511e-05
71,110,89,312,9.667877020547166e-05
71,111,89,311,-0.00018910874496214092
71,112,89,310,-8.8567230704939e-06
71,113,89,415,0.00014515160000883043
71,114,89,308,-0.00012976196012459695
71,115,89,324,-0.00017858958744909614
71,116,89,318,1.3765560652245767e-05
71,117,89,402,0.00012635796156246215
71,118,89,317,0.00024035315436776727
72,73,179,86,-1.7843660316430032e-05
72,74,179,15,0.00010446990927448496
72,75,179,13,-3.346003359183669e-05
72,76,179,82,-7.539953367086127e-05
72,77,179,81,0.00012787128798663616
72,78,179,80,-0.00016200052050407976
72,79,179,191,3.573063077055849e-05
72,80,179,78,-0.0027992562390863895
72,81,179,95,-0.0002965881139971316
72,82,179,88,0.00017509455210529268
72,83,179,178,-8.435051131527871e-05
72,84,179,87,-5.089069964014925e-05
72,85,179,14,-0.0001213748546433635
72,86,179,267,0.009546076878905296
72,87,179,269,0.04698345437645912
72,88,179,270,0.02728344313800335
72,89,179,409,0.00011732919665519148
72,90,179,291,-3.740064494195394e-05
72,91,179,375,8.551323844585568e-05
72,92,179,321,-5.254601637716405e-05
72,93,179,405,9.717563443700783e-06
72,94,179,314,1.668588083703071e-05
72,95,179,302,0.005466013681143522
72,96,179,303,0.016147764399647713
72,97,179,304,-7.226294110296294e-05
72,98,179,408,-0.00010071806173073128
72,99,179,307,-2.6608149710227735e-05
72,100,179,320,-7.165106944739819e-05
72,101,179,404,4.482700751395896e-05
72,102,179,315,7.617625669809058e-05
72,103,179,268,-0.001002662698738277
72,104,179,271,-3.5856566682923585e-05
72,105,179,272,-0.00017304318316746503
72,106,179,325,8.226261707022786e-05
72,107,179,319,-0.00019587957649491727
72,108,179,403,-6.34018360869959e-05
72,109,179,316,-0.00024188210954889655
72,110,179,312,5.977669388812501e-06
72,111,179,311,-7.196327351266518e-05
72,112,179,310,-0.00013539283827412874
72,113,179,415,-0.00029424228705465794
72,114,179,308,0.0001388153905281797
72,115,179,324,-6.933356780791655e-05
72,116,179,318,7.576560892630368e-05
72,117,179,402,5.636753121507354e-05
72,118,179,317,4.599145540851168e-05
73,74,86,15,-0.00012600880290847272
73,75,86,13,2.4732478323130636e-06
73,76,86,82,-0.0006724439444951713
73,77,86,81,0.0015288657741621137
73,78,86,80,-0.0002279851323692128
73,79,86,191,-0.0001718679559417069
73,80,86,78,-0.00014319195179268718
73,81,86,95,-0.00016557653725612909
73,82,86,88,5.4333024309016764e-05
73,83,86,178,5.762200817116536e-05
73,84,86,87,1.8208030496680294e-06
73,85,86,14,4.680082929553464e-05
73,86,86,267,0.005202537402510643
73,87,86,269,0.040244705975055695
73,88,86,270,0.08929180353879929
73,89,86,409,0.00010270084749208763
73,90,86,291,-9.21026639844058e-06
73,91,86,375,1.751713534758892e-05
73,92,86,321,-4.303284003981389e-05
73,93,86,405,1.3315850992512424e-05
73,94,86,314,-9.023637539939955e-05
73,95,86,302,-5.302508725435473e-05
73,96,86,303,0.008197329007089138
73,97,86,304,2.6060009986395016e-05
73,98,86,408,-8.80881561897695e-05
73,99,86,307,-0.0001948526914929971
73,100,86,320,-4.2594969272613525e-05
73,101,86,404,-0.00011518609971972182
73,102,86,315,-5.054894813838473e-07
73,103,86,268,6.594511069124565e-05
73,104,86,271,9.405144373886287e-05
73,105,86,272,-2.1969312001601793e-05
73,106,86,325,0.00012372648052405566
73,107,86,319,-4.144876220379956e-05
73,108,86,403,-0.0002075288794003427
73,109,86,316,-8.316752428072505e-06
73,110,86,312,-1.1177681699336972e-05
73,111,86,311,-1.2454023817554116e-05
73,112,86,310,-9.918770956574008e-05
73,113,86,415,1.1198045285709668e-05
73,114,86,308,-0.00021506939083337784
73,115,86,324,-8.387835987377912e-05
73,116,86,318,-9.973465785151348e-05
73,117,86,402,2.736557689786423e-05
73,118,86,317,0.00012222271470818669
74,75,15,13,-0.00015975542191881686
74,76,15,82,-0.004791123326867819
74,77,15,81,0.0008208448998630047
74,78,15,80,4.678727691498352e-06
74,79,15,191,0.00012811290798708797
74,80,15,78,2.9557375455624424e-05
74,81,15,95,0.00023679480364080518
74,82,15,88,0.000164360913913697
74,83,15,178,1.0893363651121035e-05
74,84,15,87,5.440771019493695e-06
74,85,15,14,-1.774141492205672e-05
74,86,15,267,-0.0020804672967642546
74,87,15,269,0.02783765271306038
74,88,15,270,0.030620045959949493
74,89,15,409,7.217108213808388e-05
74,90,15,291,7.216869562398642e-05
74,91,15,375,5.3533298341790214e-05
74,92,15,321,-7.967457349877805e-06
74,93,15,405,-0.0002937116951216012
74,94,15,314,-8.168860949808732e-05
74,95,15,302,0.02848850004374981
74,96,15,303,0.061803918331861496
74,97,15,304,-0.002817803295329213
74,98,15,408,0.016729051247239113
74,99,15,307,1.4012422070663888e-05
74,100,15,320,0.00015309854643419385
74,101,15,404,-5.389600119087845e-05
74,102,15,315,-0.00010386036592535675
74,103,15,268,-0.0011968628969043493
74,104,15,271,-0.000122196099255234
74,105,15,272,-0.00031001443858258426
74,106,15,325,-2.283716639794875e-05
74,107,15,319,-0.00018580741016194224
74,108,15,403,-6.421806756407022e-05
74,109,15,316,-0.00013035231677349657
74,110,15,312,-0.00044535912456922233
74,111,15,311,-0.0003761368861887604
74,112,15,310,-0.0018183656502515078
74,113,15,415,-0.0001782656618161127
74,114,15,308,-0.00015922948659863323
74,115,15,324,-3.0966406484367326e-05
74,116,15,318,-0.0002227728982688859
74,117,15,402,2.581765511422418e-05
74,118,15,317,3.709887096192688e-05
75,76,13,82,-5.872686597285792e-05
75,77,13,81,-1.4961308806960005e-05
75,78,13,80,1.6315874745487235e-05
75,79,13,191,5.401147063821554e-05
75,80,13,78,-3.7558143958449364e-05
75,81,13,95,-0.00017178436974063516
75,82,13,88,-4.1748924559215084e-05
75,83,13,178,0.004737991839647293
75,84,13,87,-4.454659574548714e-05
75,85,13,14,-5.840006997459568e-05
75,86,13,267,-0.0002208138903370127
75,87,13,269,-6.365045555867255e-05
75,88,13,270,-3.490356539259665e-05
75,89,13,409,0.0001067101038643159
75,90,13,291,-0.0002413889014860615
75,91,13,375,0.0006355876685120165
75,92,13,321,2.328537084395066e-05
75,93,13,405,-9.474677790421993e-05
75,94,13,314,0.00017248827498406172
75,95,13,302,-0.00030090039945207536
75,96,13,303,-6.211549043655396e-05
75,97,13,304,-9.862446313491091e-05
75,98,13,408,8.675448952999432e-06
75,99,13,307,0.00012381744454614818
75,100,13,320,4.474257002584636e-05
75,101,13,404,-2.6124142095795833e-05
75,102,13,315,-2.8671369364019483e-05
75,103,13,268,-1.847369617280492e-06
75,104,13,271,5.627395148621872e-05
75,105,13,272,-7.279979035956785e-05
75,106,13,325,6.596607272513211e-05
75,107,13,319,3.372641913301777e-06
75,108,13,403,-0.00010595688945613801
75,109,13,316,-1.8394781363895163e-05
75,110,13,312,-0.0001084620671463199
75,111,13,311,-1.7957654563360848e-05
75,112,13,310,-0.00016179232625290751
75,113,13,415,-8.005237759789452e-05
75,114,13,308,-0.00018935182015411556
75,115,13,324,1.946205520653166e-05
75,116,13,318,-0.00010749193461379036
75,117,13,402,-9.05530687305145e-05
75,118,13,317,-0.00029662175802513957
76,77,82,81,-1.6051710190367885e-05
76,78,82,80,-4.1498304199194536e-05
76,79,82,191,-0.00012730495654977858
76,80,82,78,7.537924102507532e-05
76,81,82,95,-0.00022286447347141802
76,82,82,88,0.030837319791316986
76,83,82,178,0.025892768055200577
76,84,82,87,-3.0273880838649347e-05
76,85,82,14,0.0018086708150804043
76,86,82,267,-1.135889647230215e-06
76,87,82,269,-0.0001700511056696996
76,88,82,270,4.233939398545772e-05
76,89,82,409,-0.00011458966764621437
76,90,82,291,-5.902803422941361e-06
76,91,82,375,9.678488277131692e-05
76,92,82,321,2.9200729841249995e-05
76,93,82,405,-4.189024184597656e-05
76,94,82,314,0.00013699082774110138
76,95,82,302,-8.466566214337945e-05
76,96,82,303,1.3925888197263703e-05
76,97,82,304,-5.839544610353187e-05
76,98,82,408,-9.984895586967468e-05
76,99,82,307,7.675941014895216e-05
76,100,82,320,2.392105307080783e-05
76,101,82,404,0.0001281308359466493
76,102,82,315,-1.3986468729854096e-05
76,103,82,268,-6.191780357767129e-06
76,104,82,271,7.352441025432199e-05
76,105,82,272,-5.732863792218268e-05
76,106,82,325,4.5817865611752495e-05
76,107,82,319,-0.00012400360719766468
76,108,82,403,6.0740727349184453e-05
76,109,82,316,-0.00024408426543232054
76,110,82,312,-0.0001086229458451271
76,111,82,311,-9.142774797510356e-05
76,112,82,310,0.0001524151157354936
76,113,82,415,-5.15071064910444e-07
76,114,82,308,3.713020123541355e-05
76,115,82,324,0.00013476095045916736
76,116,82,318,5.3847259550821036e-05
76,117,82,402,1.046334182319697e-05
76,118,82,317,-1.2215826245665085e-05
77,78,81,80,0.00010920068598352373
77,79,81,191,-0.00012787891319021583
77,80,81,78,0.0001893793960334733
77,81,81,95,-0.0002118435368174687
77,82,81,88,0.02409646287560463
77,83,81,178,1.9081382561125793e-05
77,84,81,87,6.927186041139066e-05
77,85,81,14,-0.00010194101196248084
77,86,81,267,-6.175186717882752e-05
77,87,81,269,0.0001520673104096204
77,88,81,270,4.9839876737678424e-05
77,89,81,409,-4.6459179429803044e-05
77,90,81,291,0.0001735170226311311
77,91,81,375,-4.818905290449038e-05
77,92,81,321,-0.0002389323926763609
77,93,81,405,0.00012973588309250772
77,94,81,314,0.00016529376443941146
77,95,81,302,-0.00011365442333044484
77,96,81,303,-2.560510802140925e-05
77,97,81,304,8.534056178177707e-06
77,98,81,408,2.0254776245565154e-05
77,99,81,307,4.461175194592215e-05
77,100,81,320,-6.889515498187393e-05
77,101,81,404,1.8551980247139e-05
77,102,81,315,-8.648879156680778e-05
77,103,81,268,-7.898964395280927e-05
77,104,81,271,9.877193406282458e-06
77,105,81,272,-2.9333439670153894e-05
77,106,81,325,0.00010781858145492151
77,107,81,319,-5.5946911743376404e-05
77,108,81,403,8.386767149204388e-05
77,109,81,316,-1.2042936759826262e-05
77,110,81,312,1.93928735825466e-05
77,111,81,311,-0.00011297923629172146
77,112,81,310,-2.825656883942429e-05
77,113,81,415,0.0001354335981886834
77,114,81,308,2.0775691154995002e-05
77,115,81,324,7.720965368207544e-05
77,116,81,318,8.51992990646977e-06
77,117,81,402,5.3245013987179846e-05
77,118,81,317,-0.0002082338760374114
78,79,80,191,9.532276453683153e-05
78,80,80,78,-0.00013341635349206626
78,81,80,95,3.583879515645094e-05
78,82,80,88,6.418627162929624e-05
78,83,80,178,3.9149101212387905e-05
78,84,80,87,-8.112530485959724e-05
78,85,80,14,0.0002498950925655663
78,86,80,267,2.1020659914938733e-05
78,87,80,269,0.0001452508004149422
78,88,80,270,-8.638762665214017e-05
78,89,80,409,5.441440953291021e-05
78,90,80,291,4.863326466875151e-05
78,91,80,375,-7.46256991988048e-05
78,92,80,321,5.152811581865535e-07
78,93,80,405,0.00020697750733233988
78,94,80,314,0.0004421925114002079
78,95,80,302,1.2765855899488088e-05
78,96,80,303,-3.435495455050841e-05
78,97,80,304,0.00015139581228140742
78,98,80,408,-4.2658291931729764e-05
78,99,80,307,2.361665610806085e-05
78,100,80,320,-2.6863464881898835e-05
78,101,80,404,0.0002767243713606149
78,102,80,315,5.330216481524985e-06
78,103,80,268,-9.624884114600718e-05
78,104,80,271,6.884791946504265e-05
78,105,80,272,2.4253349693026394e-05
78,106,80,325,1.3064121731076739e-06
78,107,80,319,-7.524499960709363e-05
78,108,80,403,0.0001331071398453787
78,109,80,316,0.0005480283871293068
78,110,80,312,-4.919941784464754e-05
78,111,80,311,-1.532675014459528e-05
78,112,80,310,1.9865822196152294e-06
78,113,80,415,6.908732029842213e-05
78,114,80,308,-0.00021558640582952648
78,115,80,324,3.270816887379624e-05
78,116,80,318,0.00015275062469299883
78,117,80,402,-4.120076846447773e-05
78,118,80,317,0.0003675345506053418
79,80,191,78,5.0339935114607215e-05
79,81,191,95,1.3245537957118358e-05
79,82,191,88,0.00010621180263115093
79,83,191,178,1.8061273294733837e-05
79,84,191,87,3.348489190102555e-05
79,85,191,14,0.00013851492258254439
79,86,191,267,-0.00019532795704435557
79,87,191,269,-2.6108948077308014e-05
79,88,191,270,9.411449718754739e-05
79,89,191,409,-2.0638386558857746e-05
79,90,191,291,5.9844493080163375e-05
79,91,191,375,-6.096427568991203e-06
79,92,191,321,-5.575896648224443e-05
79,93,191,405,-0.0001115861305152066
79,94,191,314,-8.90172304934822e-06
79,95,191,302,2.4850869522197172e-05
79,96,191,303,-5.463960042106919e-05
79,97,191,304,1.9090693967882544e-05
79,98,191,408,1.6525291357538663e-05
79,99,191,307,0.00020060691167600453
79,100,191,320,5.853685797774233e-05
79,101,191,404,2.715975460887421e-05
79,102,191,315,0.0003944768977817148
79,103,191,268,-0.00010449335968587548
79,104,191,271,-2.3985001007531537e-06
79,105,191,272,6.886232313263463e-07
79,106,191,325,-2.9755545256193727e-05
79,107,191,319,-2.82728990441683e-07
79,108,191,403,-0.00010374246630817652
79,109,191,316,3.831828962574946e-06
79,110,191,312,2.1069137801532634e-05
79,111,191,311,9.803413377085235e-06
79,112,191,310,4.4156346120871603e-05
79,113,191,415,-9.892482194118202e-05
79,114,191,308,0.00020705336646642536
79,115,191,324,5.2933592087356374e-05
79,116,191,318,-2.6919913580059074e-05
79,117,191,402,-7.891247514635324e-05
79,118,191,317,0.0005908584571443498
80,81,78,95,2.076417877105996e-05
80,82,78,88,-0.013755298219621181
80,83,78,178,-0.05114307627081871
80,84,78,87,-1.1711401384673081e-05
80,85,78,14,2.865048372768797e-05
80,86,78,267,-9.740050882101059e-05
80,87,78,269,6.235774344531819e-05
80,88,78,270,-6.219065835466608e-05
80,89,78,409,9.43452469073236e-05
80,90,78,291,7.078700582496822e-05
80,91,78,375,-8.08170298114419e-05
80,92,78,321,-0.00015430439088959247
80,93,78,405,-3.9482540159951895e-05
80,94,78,314,1.8997334336745553e-05
80,95,78,302,9.405450691701844e-05
80,96,78,303,-0.00010625310824252665
80,97,78,304,5.0306149205425754e-05
80,98,78,408,-1.7853648387244903e-05
80,99,78,307,4.371569957584143e-05
80,100,78,320,0.0002914711076300591
80,101,78,404,0.00012652017176151276
80,102,78,315,-4.822648043045774e-05
80,103,78,268,-8.088141476036981e-05
80,104,78,271,-1.3356797353480943e-05
80,105,78,272,1.4703977285535075e-05
80,106,78,325,0.0001657448592595756
80,107,78,319,0.00027532747481018305
80,108,78,403,7.306557381525636e-05
80,109,78,316,0.0004629557952284813
80,110,78,312,7.771967648295686e-05
80,111,78,311,2.8442233087844215e-05
80,112,78,310,8.636886195745319e-05
80,113,78,415,0.00025966225075535476
80,114,78,308,-3.979863322456367e-05
80,115,78,324,1.9243519489009486e-07
80,116,78,318,6.367091555148363e-05
80,117,78,402,-3.679327346617356e-05
80,118,78,317,5.2979085012339056e-06
81,82,95,88,5.502473868546076e-05
81,83,95,178,-0.0003367221506778151
81,84,95,87,-0.00025188986910507083
81,85,95,14,-9.25047934288159e-05
81,86,95,267,6.213676533661783e-05
81,87,95,269,8.169047214323655e-05
81,88,95,270,2.2055219233152457e-05
81,89,95,409,-4.820951653528027e-05
81,90,95,291,7.750010263407603e-05
81,91,95,375,0.00011939570686081424
81,92,95,321,3.828711487585679e-05
81,93,95,405,-0.00016957380285020918
81,94,95,314,-7.322263991227373e-05
81,95,95,302,-7.810883107595146e-05
81,96,95,303,-2.3714142116659787e-06
81,97,95,304,-4.0211740270024166e-05
81,98,95,408,0.00025464064674451947
81,99,95,307,1.16099417937221e-05
81,100,95,320,-8.391455594392028e-06
81,101,95,404,4.287392584956251e-05
81,102,95,315,4.219836773700081e-05
81,103,95,268,8.616742707090452e-05
81,104,95,271,-0.00020569154003169388
81,105,95,272,-5.0027483666781336e-05
81,106,95,325,0.00016251869965344667
81,107,95,319,-1.4336226740851998e-05
81,108,95,403,-7.051254215184599e-05
81,109,95,316,0.0002097092947224155
81,110,95,312,4.475735295272898e-06
81,111,95,311,4.488397462409921e-05
81,112,95,310,-4.296631595934741e-05
81,113,95,415,-0.018736200407147408
81,114,95,308,-1.2910343684779946e-05
81,115,95,324,6.134575960459188e-05
81,116,95,318,4.173460547463037e-05
81,117,95,402,7.046792597975582e-05
81,118,95,317,-5.901516487938352e-06
82,83,88,178,8.170839282684028e-05
82,84,88,87,-0.00012368465831968933
82,85,88,14,6.094133641454391e-05
82,86,88,267,0.05750138312578201
82,87,88,269,0.0752580389380455
82,88,88,270,4.249915582477115e-05
82,89,88,409,-6.96221468388103e-05
82,90,88,291,-9.517238140688278e-06
82,91,88,375,-0.00011583926971070468
82,92,88,321,-4.626566078513861e-05
82,93,88,405,0.00022400626039598137
82,94,88,314,-2.8321737772785127e-05
82,95,88,302,0.0683637484908104
82,96,88,303,0.06137868016958237
82,97,88,304,6.256430879147956e-06
82,98,88,408,-4.837981396121904e-05
82,99,88,307,3.962401024182327e-05
82,100,88,320,-3.212811498087831e-05
82,101,88,404,0.0002068227913696319
82,102,88,315,0.00013321939331945032
82,103,88,268,0.02965726889669895
82,104,88,271,7.738137355772778e-05
82,105,88,272,3.284605554654263e-05
82,106,88,325,0.00014706839283462614
82,107,88,319,0.0002013907942455262
82,108,88,403,7.45178185752593e-05
82,109,88,316,0.00018222742073703557
82,110,88,312,8.155380783136934e-05
82,111,88,311,-6.895580008858815e-05
82,112,88,310,1.0643280802469235e-05
82,113,88,415,5.296861854731105e-05
82,114,88,308,-3.082345210714266e-05
82,115,88,324,-3.667045893962495e-05
82,116,88,318,7.815600838512182e-06
82,117,88,402,0.00010102548549184576
82,118,88,317,8.666305802762508e-05
83,84,178,87,-1.721296393952798e-05
83,85,178,14,-0.00014009450387675315
83,86,178,267,0.05332522839307785
83,87,178,269,0.05707699805498123
83,88,178,270,0.040127623826265335
83,89,178,409,0.026608338579535484
83,90,178,291,-6.27358749625273e-05
83,91,178,375,-2.3136094569053967e-06
83,92,178,321,-5.683777999365702e-05
83,93,178,405,-1.4948292118788231e-05
83,94,178,314,-2.969343950098846e-05
83,95,178,302,0.047137320041656494
83,96,178,303,0.03634538874030113
83,97,178,304,4.604226705851033e-05
83,98,178,408,-0.0001365493080811575
83,99,178,307,-1.996096943912562e-05
83,100,178,320,6.803512951591983e-05
83,101,178,404,-6.711492460453883e-05
83,102,178,315,-0.00010885933443205431
83,103,178,268,0.038369931280612946
83,104,178,271,-3.852374356938526e-05
83,105,178,272,-2.7086129193776287e-05
83,106,178,325,5.865560524398461e-05
83,107,178,319,-5.078333924757317e-05
83,108,178,403,-6.161945930216461e-05
83,109,178,316,-5.3902815125184134e-05
83,110,178,312,-0.00021634873701259494
83,111,178,311,-4.573957994580269e-05
83,112,178,310,-0.00026754121063277125
83,113,178,415,-0.0003523061459418386
83,114,178,308,-2.304504050698597e-05
83,115,178,324,-0.00010419013415230438
83,116,178,318,4.547806747723371e-05
83,117,178,402,-0.000187686673598364
83,118,178,317,-5.804764441563748e-06
84,85,87,14,-0.00016353081446141005
84,86,87,267,0.020064791664481163
84,87,87,269,0.006581509485840797
84,88,87,270,-0.00018020487914327532
84,89,87,409,-5.636582136503421e-05
84,90,87,291,2.599869367259089e-05
84,91,87,375,8.497074304614216e-05
84,92,87,321,-1.2598763532878365e-05
84,93,87,405,-5.4571744840359315e-05
84,94,87,314,2.608469173992489e-07
84,95,87,302,0.01063885260373354
84,96,87,303,0.06407902389764786
84,97,87,304,-7.680010457988828e-05
84,98,87,408,-0.00016863721248228103
84,99,87,307,-0.00021314680634532124
84,100,87,320,-1.253339087270433e-05
84,101,87,404,-0.00013710885832551867
84,102,87,315,4.7154564526863396e-05
84,103,87,268,-1.2845733181165997e-05
84,104,87,271,2.4429043605778133e-06
84,105,87,272,8.703250387043227e-06
84,106,87,325,-0.00017786887474358082
84,107,87,319,-4.177288064965978e-05
84,108,87,403,-0.00017322642088402063
84,109,87,316,-7.657011883566156e-05
84,110,87,312,-5.407051503425464e-06
84,111,87,311,7.728577656962443e-06
84,112,87,310,-0.000297132006380707
84,113,87,415,-0.0013413962442427874
84,114,87,308,-9.268119174521416e-05
84,115,87,324,-0.0032425562385469675
84,116,87,318,-8.298539796669502e-06
84,117,87,402,-1.4070641327634803e-06
84,118,87,317,-0.000163563308888115
85,86,14,267,-0.002216062508523464
85,87,14,269,0.01813749596476555
85,88,14,270,0.020583752542734146
85,89,14,409,-9.27234796108678e-05
85,90,14,291,-9.611895075067878e-05
85,91,14,375,-7.269131310749799e-05
85,92,14,321,-3.3701212487358134e-06
85,93,14,405,-1.162709281743446e-06
85,94,14,314,0.0001168758244602941
85,95,14,302,0.02965393103659153
85,96,14,303,-0.0034491359256207943
85,97,14,304,-0.0041047390550374985
85,98,14,408,-0.00013896542077418417
85,99,14,307,1.8248103515361436e-05
85,100,14,320,-8.789887215243652e-05
85,101,14,404,7.267191904247738e-06
85,102,14,315,-6.828556070104241e-05
85,103,14,268,6.23279411229305e-05
85,104,14,271,-0.000981512712314725
85,105,14,272,-0.0004041843058075756
85,106,14,325,-4.865869414061308e-05
85,107,14,319,-7.912897126516327e-05
85,108,14,403,-4.788194564753212e-05
85,109,14,316,-3.603277582442388e-05
85,110,14,312,2.9011702281422913e-05
85,111,14,311,-0.00018702118541114032
85,112,14,310,-0.0005376789486035705
85,113,14,415,-9.630633576307446e-05
85,114,14,308,-6.92396133672446e-05
85,115,14,324,-1.9466397134237923e-05
85,116,14,318,1.936160697368905e-05
85,117,14,402,0.00010803873010445386
85,118,14,317,-1.8806564185069874e-05
86,87,267,269,-7.812471449142322e-05
86,88,267,270,-0.00010357366409152746
86,89,267,409,4.97393193654716e-05
86,90,267,291,-4.5971588406246156e-05
86,91,267,375,8.603815513197333e-05
86,92,267,321,-7.673805521335453e-05
86,93,267,405,-0.02379176765680313
86,94,267,314,-0.00018182536587119102
86,95,267,302,-8.051066834013909e-05
86,96,267,303,5.452017649076879e-05
86,97,267,304,-1.638626417843625e-05
86,98,267,408,-4.5742111979052424e-05
86,99,267,307,4.894720404990949e-05
86,100,267,320,3.515281787258573e-05
86,101,267,404,-0.00018496524717193097
86,102,267,315,-7.947697667987086e-06
86,103,267,268,8.93571850610897e-05
86,104,267,271,1.6800240700831637e-05
86,105,267,272,-0.00013283969019539654
86,106,267,325,8.872376383806113e-06
86,107,267,319,5.9600180975394323e-05
86,108,267,403,-3.7658028304576874e-05
86,109,267,316,-4.024847294203937e-05
86,110,267,312,2.5118533812928945e-05
86,111,267,311,-9.55236391746439e-05
86,112,267,310,2.0385825337143615e-05
86,113,267,415,-0.00016008714737836272
86,114,267,308,-2.0795370801351964e-05
86,115,267,324,8.491556945955381e-05
86,116,267,318,-5.265024446998723e-05
86,117,267,402,1.5726473066024482e-05
86,118,267,317,0.00012463652819860727
87,88,269,270,8.457958756480366e-06
87,89,269,409,-0.0002548035990912467
87,90,269,291,0.00012278139183763415
87,91,269,375,-5.6617667723912746e-05
87,92,269,321,-5.410519224824384e-05
87,93,269,405,6.958821177249774e-05
87,94,269,314,0.03473585098981857
87,95,269,302,-8.675148274051026e-05
87,96,269,303,0.00016154804325196892
87,97,269,304,-1.0755778021120932e-05
87,98,269,408,6.13832744420506e-05
87,99,269,307,-1.4056491636438295e-05
87,100,269,320,-0.007140315603464842
87,101,269,404,0.00012903539754915982
87,102,269,315,0.028521858155727386
87,103,269,268,6.230979488464072e-05
87,104,269,271,1.0340329026803374e-05
87,105,269,272,-0.0001406005903845653
87,106,269,325,4.414770046423655e-06
87,107,269,319,-0.012166081927716732
87,108,269,403,-0.0016096937470138073
87,109,269,316,0.034876760095357895
87,110,269,312,-0.00010941312939394265
87,111,269,311,5.7876073697116226e-05
87,112,269,310,3.878499774145894e-05
87,113,269,415,-4.648252433980815e-05
87,114,269,308,1.006724141916493e-05
87,115,269,324,-0.0711081326007843
87,116,269,318,-1.907619480334688e-05
87,117,269,402,0.02041328139603138
87,118,269,317,0.03363076597452164
88,89,270,409,-8.878849621396512e-05
88,90,270,291,0.00011117755639133975
88,91,270,375,1.7263137124245986e-05
88,92,270,321,-2.9305932912393473e-05
88,93,270,405,-0.0017456733621656895
88,94,270,314,0.013719044625759125
88,95,270,302,-0.0001571868488099426
88,96,270,303,4.8804729885887355e-05
88,97,270,304,3.722538167494349e-05
88,98,270,408,3.4474453514121706e-06
88,99,270,307,4.487870683078654e-05
88,100,270,320,8.129097113851458e-05
88,101,270,404,0.010274020954966545
88,102,270,315,0.044730447232723236
88,103,270,268,-0.0001830238470574841
88,104,270,271,7.368960359599441e-05
88,105,270,272,5.222737854637671e-06
88,106,270,325,-2.6051946406369098e-05
88,107,270,319,-0.00014200569421518594
88,108,270,403,-6.092751937103458e-05
88,109,270,316,-0.00016257839160971344
88,110,270,312,-2.2103291485109366e-05
88,111,270,311,1.3709783161175437e-05
88,112,270,310,1.2307239558140282e-05
88,113,270,415,-4.567290670820512e-05
88,114,270,308,9.661350486567244e-05
88,115,270,324,9.674032298789825e-06
88,116,270,318,-8.989543857751414e-05
88,117,270,402,3.825262683676556e-05
88,118,270,317,-2.384323852311354e-05
89,90,409,291,-3.490083690849133e-05
89,91,409,375,-4.057863407069817e-06
89,92,409,321,0.0001092787497327663
89,93,409,405,2.4746370399952866e-05
89,94,409,314,-5.722311107092537e-05
89,95,409,302,-0.00017332892457488924
89,96,409,303,1.2427347428456414e-05
89,97,409,304,0.0001254591188626364
89,98,409,408,-0.00015932238602545112
89,99,409,307,-0.00010565730190137401
89,100,409,320,-1.209580477734562e-05
89,101,409,404,-0.00054404535330832
89,102,409,315,-2.779747774184216e-06
89,103,409,268,-0.00017614143143873662
89,104,409,271,-6.629862036788836e-05
89,105,409,272,2.304469262526254e-06
89,106,409,325,7.26934194972273e-06
89,107,409,319,2.9238481147331186e-05
89,108,409,403,-3.264021870563738e-05
89,109,409,316,-0.00044060146319679916
89,110,409,312,-7.874078437453136e-05
89,111,409,311,2.0155001038801856e-05
89,112,409,310,-7.383795036730589e-06
89,113,409,415,2.9251566957100295e-05
89,114,409,308,0.00024438771652057767
89,115,409,324,-4.5011471229372546e-05
89,116,409,318,6.540088361361995e-05
89,117,409,402,-0.00010761273733805865
89,118,409,317,-7.583167462144047e-05
90,91,291,375,2.340217361052055e-05
90,92,291,321,-0.0002483304706402123
90,93,291,405,-0.00019507610704749823
90,94,291,314,-0.00016626711294520646
90,95,291,302,-0.00011129581980640069
90,96,291,303,-8.290708501590416e-05
90,97,291,304,-3.657422348624095e-05
90,98,291,408,-3.012333036167547e-05
90,99,291,307,-2.511221100576222e-05
90,100,291,320,-0.00020724802743643522
90,101,291,404,7.93885556049645e-05
90,102,291,315,-0.00013244412548374385
90,103,291,268,-3.058248330489732e-05
90,104,291,271,-8.505617006449029e-05
90,105,291,272,1.8505597836337984e-05
90,106,291,325,-7.921916221675929e-06
90,107,291,319,-3.903613469447009e-05
90,108,291,403,-0.00027006136951968074
90,109,291,316,-0.0002542757138144225
90,110,291,312,-3.599937554099597e-05
90,111,291,311,-4.497012196225114e-05
90,112,291,310,4.1405786760151386e-05
90,113,291,415,0.00013709033373743296
90,114,291,308,9.869643690763041e-06
90,115,291,324,2.9166826607252005e-06
90,116,291,318,-4.588786032400094e-05
90,117,291,402,3.28485039062798e-05
90,118,291,317,0.00017399837088305503
91,92,375,321,-3.4964923543157056e-05
91,93,375,405,-0.0002684900537133217
91,94,375,314,4.84383235743735e-05
91,95,375,302,1.7245822164113633e-05
91,96,375,303,-0.0001954954641405493
91,97,375,304,-4.870606790063903e-05
91,98,375,408,6.784294964745641e-05
91,99,375,307,-6.060055511625251e-06
91,100,375,320,-0.0001748070790199563
91,101,375,404,-7.283806917257607e-05
91,102,375,315,-0.0003296209324616939
91,103,375,268,0.00018190874834544957
91,104,375,271,1.281414461118402e-05
91,105,375,272,6.66540945530869e-05
91,106,375,325,0.00012787911691702902
91,107,375,319,1.7205107724294066e-05
91,108,375,403,4.816547880182043e-05
91,109,375,316,6.415734242182225e-05
91,110,375,312,-0.00010658358223736286
91,111,375,311,-6.569483230123296e-05
91,112,375,310,3.30228685925249e-05
91,113,375,415,-0.00010041517089121044
91,114,375,308,6.124586070654914e-05
91,115,375,324,4.177314258413389e-05
91,116,375,318,-5.964851425233064e-06
91,117,375,402,-6.540067988680676e-05
91,118,375,317,-0.0003187540278304368
92,93,321,405,-6.271902384469286e-05
92,94,321,314,-3.763547647395171e-05
92,95,321,302,-0.00018443880253471434
92,96,321,303,7.004404324106872e-05
92,97,321,304,-3.180002386216074e-05
92,98,321,408,0.00010638093226589262
92,99,321,307,-2.5312776415375993e-05
92,100,321,320,0.00011722725321305916
92,101,321,404,-2.6638987037586048e-05
92,102,321,315,-7.947151971166022e-06
92,103,321,268,-5.0400340114720166e-05
92,104,321,271,-9.316948853665963e-05
92,105,321,272,-7.718599954387173e-05
92,106,321,325,0.0002855502243619412
92,107,321,319,-7.636547707079444e-06
92,108,321,403,2.3010534278000705e-05
92,109,321,316,-0.00013496552128344774
92,110,321,312,3.079432644881308e-05
92,111,321,311,9.078028233489022e-05
92,112,321,310,-3.149257099721581e-05
92,113,321,415,4.7918888412823435e-06
92,114,321,308,-0.00018960703164339066
92,115,321,324,8.415571210207418e-05
92,116,321,318,-0.0001085923140635714
92,117,321,402,5.611119831883116e-06
92,118,321,317,-3.3021911804098636e-05
93,94,405,314,7.814988748577889e-06
93,95,405,302,-0.01744670234620571
93,96,405,303,-3.0013859941391274e-05
93,97,405,304,3.2330703106708825e-05
93,98,405,408,-1.151433821178216e-06
93,99,405,307,2.783650643323199e-06
93,100,405,320,1.3111771579588094e-07
93,101,405,404,4.8373654863098636e-05
93,102,405,315,-5.301338023855351e-05
93,103,405,268,1.2122638509026729e-05
93,104,405,271,6.523338379338384e-05
93,105,405,272,-8.557838737033308e-05
93,106,405,325,2.03545259864768e-05
93,107,405,319,8.90589853952406e-06
93,108,405,403,-5.807694105897099e-05
93,109,405,316,-0.0003393320948816836
93,110,405,312,-6.22221632511355e-05
93,111,405,311,6.914779646649549e-07
93,112,405,310,2.8205171474837698e-05
93,113,405,415,-3.779414782911772e-06
93,114,405,308,-0.00027098882128484547
93,115,405,324,5.3351064707385376e-05
93,116,405,318,-9.143283932644408e-06
93,117,405,402,-9.732129001349676e-06
93,118,405,317,-4.012613135273568e-05
94,95,314,302,8.293132850667462e-06
94,96,314,303,0.0035013516899198294
94,97,314,304,5.2752835472347215e-05
94,98,314,408,-4.471491774893366e-05
94,99,314,307,1.7896533108796575e-06
94,100,314,320,-2.6110370527021587e-05
94,101,314,404,-0.0001318637514486909
94,102,314,315,4.861475099460222e-05
94,103,314,268,-0.00013679750554729253
94,104,314,271,7.832649134797975e-05
94,105,314,272,-0.0014107137685641646
94,106,314,325,2.6432609956827946e-05
94,107,314,319,1.339911250397563e-05
94,108,314,403,-3.202407242497429e-05
94,109,314,316,-1.3231597222329583e-05
94,110,314,312,2.0698082153103314e-05
94,111,314,311,-0.00017439029761590064
94,112,314,310,-0.0009963973425328732
94,113,314,415,5.688124019798124e-06
94,114,314,308,-5.9615529607981443e-05
94,115,314,324,1.443848668714054e-05
94,116,314,318,2.7814434361062013e-05
94,117,314,402,-4.047702168463729e-05
94,118,314,317,-0.00010368540097260848
95,96,302,303,-1.7052358089131303e-05
95,97,302,304,1.2090847121726256e-05
95,98,302,408,-8.754323789617047e-05
95,99,302,307,0.00010830811515916139
95,100,302,320,-0.000119175820145756
95,101,302,404,-3.4924396459246054e-05
95,102,302,315,-0.00012283690739423037
95,103,302,268,7.364970952039585e-05
95,104,302,271,2.7282065275358036e-05
95,105,302,272,-2.116842006216757e-05
95,106,302,325,-0.00016901212802622467
95,107,302,319,-5.6145192502299324e-05
95,108,302,403,-0.00020454007608350366
95,109,302,316,-4.951933442498557e-05
95,110,302,312,4.4192609493620694e-05
95,111,302,311,8.946303751145024e-06
95,112,302,310,-8.977969264378771e-05
95,113,302,415,-1.1324956176395062e-05
95,114,302,308,-0.00016195231000892818
95,115,302,324,-4.9871308874571696e-05
95,116,302,318,0.0001329386286670342
95,117,302,402,6.759839743608609e-05
95,118,302,317,4.6400647988775745e-05
96,97,303,304,-0.00014442646352108568
96,98,303,408,-1.932607301569078e-05
96,99,303,307,-0.00013424533244688064
96,100,303,320,-2.3252547180163674e-05
96,101,303,404,-8.337976032635197e-05
96,102,303,315,-0.0028068542014807463
96,103,303,268,6.300098175415769e-05
96,104,303,271,-3.647918492788449e-05
96,105,303,272,8.794900350039825e-05
96,106,303,325,7.185782305896282e-05
96,107,303,319,-2.6740690373117104e-05
96,108,303,403,-9.74837748799473e-05
96,109,303,316,-0.0019021857297047973
96,110,303,312,5.9814909036504105e-05
96,111,303,311,-3.707777796080336e-05
96,112,303,310,-3.505088170641102e-05
96,113,303,415,0.00018299068324267864
96,114,303,308,-2.799578578560613e-05
96,115,303,324,8.565702955820598e-06
96,116,303,318,2.601456071715802e-05
96,117,303,402,0.052835483103990555
96,118,303,317,-0.0011942804558202624
97,98,304,408,-4.925055918647558e-07
97,99,304,307,0.00018340611131861806
97,100,304,320,6.633058364968747e-05
97,101,304,404,-2.7535328626981936e-05
97,102,304,315,-6.865349132567644e-05
97,103,304,268,-0.00015689164865761995
97,104,304,271,-2.3157132091000676e-05
97,105,304,272,1.187319776363438e-05
97,106,304,325,0.00010002720955526456
97,107,304,319,3.4115462767658755e-05
97,108,304,403,-0.0004848430398851633
97,109,304,316,-0.0007447776151821017
97,110,304,312,-5.307722676661797e-05
97,111,304,311,-1.2817102287954185e-05
97,112,304,310,2.048344413196901e-06
97,113,304,415,3.533984272507951e-05
97,114,304,308,-3.861028017126955e-05
97,115,304,324,7.629710125911515e-07
97,116,304,318,8.480734686600044e-05
97,117,304,402,-2.262592170154676e-05
97,118,304,317,-0.000257484003668651
98,99,408,307,6.571707490365952e-05
98,100,408,320,-0.0001674680970609188
98,101,408,404,-0.0002042654377873987
98,102,408,315,0.00010399000166216865
98,103,408,268,-1.7691196262603626e-05
98,104,408,271,4.534681647783145e-05
98,105,408,272,-5.0491507863625884e-05
98,106,408,325,1.7714263549351017e-06
98,107,408,319,6.106146611273289e-05
98,108,408,403,-0.0001355659042019397
98,109,408,316,-0.000991671928204596
98,110,408,312,-0.00011746041127480567
98,111,408,311,-0.0001562348334118724
98,112,408,310,6.153812137199566e-05
98,113,408,415,-6.349391333060339e-05
98,114,408,308,1.0506849321245681e-05
98,115,408,324,-8.064060239121318e-05
98,116,408,318,4.350290691945702e-05
98,117,408,402,-0.00014211275265552104
98,118,408,317,-6.333860801532865e-05
99,100,307,320,-0.00016816706920508295
99,101,307,404,-0.0004078846250195056
99,102,307,315,-2.6010786314145662e-05
99,103,307,268,-3.178429324179888e-05
99,104,307,271,0.00010560847294982523
99,105,307,272,-0.00024102839233819395
99,106,307,325,4.2714855226222426e-05
99,107,307,319,-7.604190614074469e-05
99,108,307,403,-0.00018258007185067981
99,109,307,316,-0.00015916438132990152
99,110,307,312,1.74863980646478e-05
99,111,307,311,-0.00011684332275763154
99,112,307,310,-1.6741616491344757e-05
99,113,307,415,6.0486592701636255e-05
99,114,307,308,5.607434286503121e-05
99,115,307,324,9.200484782923013e-05
99,116,307,318,5.4853346227901056e-05
99,117,307,402,-9.372331260237843e-05
99,118,307,317,-2.411897003185004e-05
100,101,320,404,-3.111579644610174e-05
100,102,320,315,-4.1890263673849404e-05
100,103,320,268,1.236709431395866e-05
100,104,320,271,0.00010087290138471872
100,105,320,272,-0.00023721950128674507
100,106,320,325,7.638212264282629e-05
100,107,320,319,-1.6673253412591293e-05
100,108,320,403,2.729595678374608e-07
100,109,320,316,-5.652473555528559e-05
100,110,320,312,0.00011831169103970751
100,111,320,311,-6.200444477144629e-05
100,112,320,310,8.018290827749297e-06
100,113,320,415,0.00018793130584526807
100,114,320,308,-0.0014710762770846486
100,115,320,324,-4.85432838104316e-06
100,116,320,318,-3.6732610624312656e-06
100,117,320,402,0.00017951148038264364
100,118,320,317,2.9299597372300923e-05
101,102,404,315,3.133709469693713e-06
101,103,404,268,-9.549803507979959e-05
101,104,404,271,7.32286207494326e-05
101,105,404,272,-0.0002601673186291009
101,106,404,325,5.983822120469995e-05
101,107,404,319,3.243767423555255e-05
101,108,404,403,-0.0001462465152144432
101,109,404,316,-4.6395205572480336e-05
101,110,404,312,-2.7667447284329683e-05
101,111,404,311,1.955178231582977e-05
101,112,404,310,-0.00018427878967486322
101,113,404,415,-0.0008809747523628175
101,114,404,308,-0.00031481447513215244
101,115,404,324,-0.0002736395690590143
101,116,404,318,-0.00014245681813918054
101,117,404,402,6.102316910983063e-05
101,118,404,317,9.25215645111166e-05
102,103,315,268,0.00011342250945745036
102,104,315,271,-0.00012206252722535282
102,105,315,272,-0.0014552513603121042
102,106,315,325,3.681441376102157e-05
102,107,315,319,-4.1626071833889e-06
102,108,315,403,2.866008617274929e-05
102,109,315,316,-4.2674109863583e-05
102,110,315,312,-3.578175892471336e-06
102,111,315,311,-5.063501885160804e-05
102,112,315,310,-0.0014256113208830357
102,113,315,415,-0.00030001907725818455
102,114,315,308,-8.467587031191215e-05
102,115,315,324,5.761320062447339e-05
102,116,315,318,-1.5767509466968477e-05
102,117,315,402,-1.6797155694803223e-05
102,118,315,317,1.2400543027979438e-06
103,104,268,271,-2.3987708118511364e-05
103,105,268,272,-2.9937669751234353e-05
103,106,268,325,-0.0006176941096782684
103,107,268,319,-0.00017990937340073287
103,108,268,403,-5.0532522436697036e-05
103,109,268,316,-7.09465384716168e-05
103,110,268,312,1.0234223736915737e-05
103,111,268,311,-7.277049735421315e-05
103,112,268,310,5.410315134213306e-05
103,113,268,415,-5.352270818548277e-05
103,114,268,308,-0.00012215571769047529
103,115,268,324,3.601795106078498e-05
103,116,268,318,8.813511522021145e-05
103,117,268,402,-0.00011775307211792096
103,118,268,317,5.789849183202023e-06
104,105,271,272,6.811860657762736e-06
104,106,271,325,-0.0001006663660518825
104,107,271,319,3.7272337067406625e-05
104,108,271,403,0.00010527409904170781
104,109,271,316,-0.00023782275093253702
104,110,271,312,-5.348220656742342e-05
104,111,271,311,-4.717787305708043e-05
104,112,271,310,0.00010306637705070898
104,113,271,415,-2.977373696921859e-05
104,114,271,308,4.266611358616501e-05
104,115,271,324,4.2666016497605597e-08
104,116,271,318,-0.0002864571870304644
104,117,271,402,5.552278526010923e-05
104,118,271,317,8.413798786932603e-05
105,106,272,325,-7.138604360079626e-06
105,107,272,319,-6.073568783904193e-06
105,108,272,403,1.7095515431719832e-05
105,109,272,316,-0.0028686148580163717
105,110,272,312,-6.145662337075919e-05
105,111,272,311,-8.245922072092071e-05
105,112,272,310,2.7217945898883045e-05
105,113,272,415,2.2380407244781964e-05
105,114,272,308,1.8592396372696385e-05
105,115,272,324,-1.602820702828467e-05
105,116,272,318,-5.480274558067322e-05
105,117,272,402,3.879647556459531e-05
105,118,272,317,-0.0020320340991020203
106,107,325,319,7.653705688426271e-05
106,108,325,403,-1.8114449630957097e-05
106,109,325,316,-0.00024331884924322367
106,110,325,312,7.36414804123342e-05
106,111,325,311,-4.862904461333528e-05
106,112,325,310,1.3210249562689569e-05
106,113,325,415,0.00018802221165969968
106,114,325,308,-9.678205969976261e-05
106,115,325,324,-1.07859768831986e-05
106,116,325,318,-0.00016696217062417418
106,117,325,402,-8.59443171066232e-05
106,118,325,317,-0.00023772651911713183
107,108,319,403,-2.9018527129665017e-05
107,109,319,316,2.8963107979507186e-05
107,110,319,312,-0.00040591193828731775
107,111,319,311,2.558262349339202e-05
107,112,319,310,-9.898054850054905e-05
107,113,319,415,-3.1034920539241284e-05
107,114,319,308,-5.283971404423937e-06
107,115,319,324,-7.144467235775664e-05
107,116,319,318,6.689585461572278e-06
107,117,319,402,-8.811222505755723e-05
107,118,319,317,-0.00015229570271912962
108,109,403,316,-0.0001575063943164423
108,110,403,312,-0.00015471507504116744
108,111,403,311,-0.00014551568892784417
108,112,403,310,3.6392266338225454e-05
108,113,403,415,3.363759606145322e-05
108,114,403,308,8.453329064650461e-05
108,115,403,324,-6.648091220995411e-05
108,116,403,318,-3.173201548634097e-05
108,117,403,402,1.0687546819099225e-05
108,118,403,317,-9.137576125795022e-05
109,110,316,312,9.54363258642843e-06
109,111,316,311,-0.00018643234216142446
109,112,316,310,3.250975350965746e-05
109,113,316,415,-0.0002532114740461111
109,114,316,308,4.5801305532222614e-05
109,115,316,324,-0.000125241931527853
109,116,316,318,-1.6929537878240808e-06
109,117,316,402,2.4356080757570453e-05
109,118,316,317,2.1633299184031785e-05
110,111,312,311,-1.1077161616412923e-05
110,112,312,310,8.472140507365111e-06
110,113,312,415,5.621748641715385e-05
110,114,312,308,-0.00013075776223558933
110,115,312,324,5.2277129725553095e-05
110,116,312,318,-0.000126110520795919
110,117,312,402,7.077456393744797e-05
110,118,312,317,-0.00015991907275747508
111,112,311,310,-8.300174158648588e-06
111,113,311,415,-2.0582454453688115e-05
111,114,311,308,-7.216750964289531e-05
111,115,311,324,-0.00011263314809184521
111,116,311,318,-0.00016171102470252663
111,117,311,402,-6.816169479861856e-05
111,118,311,317,8.679255552124232e-05
112,113,310,415,-8.045693539315835e-05
112,114,310,308,-0.0001786521461326629
112,115,310,324,3.9165435737231746e-05
112,116,310,318,-4.6968474975983554e-07
112,117,310,402,5.5121839977800846e-05
112,118,310,317,-0.0008695899159647524
113,114,415,308,-0.00013669479812961072
113,115,415,324,1.3744145235250471e-06
113,116,415,318,-5.860833698534407e-05
113,117,415,402,-3.715666025527753e-05
113,118,415,317,-0.00012143213098170236
114,115,308,324,-3.9280032069655135e-05
114,116,308,318,1.422964851371944e-05
114,117,308,402,-3.830041168839671e-05
114,118,308,317,-0.00027890762430615723
115,116,324,318,-3.833827577182092e-05
115,117,324,402,4.3072614062111825e-05
115,118,324,317,-0.00010978493082802743
116,117,318,402,-4.35284964623861e-05
116,118,318,317,-6.96780625730753e-05
117,118,402,317,7.75588796386728e-06
