i,j,point_id_i,point_id_j,value
0,1,164,167,-0.004319136030972004
0,2,164,165,-0.003774380311369896
0,3,164,92,-0.004928469657897949
0,4,164,186,-0.0053849611431360245
0,5,164,57,-0.0061203534714877605
0,6,164,43,-0.006675622891634703
0,7,164,106,-0.006566554773598909
0,8,164,182,-0.006771998014301062
0,9,164,83,-0.005524939391762018
0,10,164,18,0.00035242183366790414
0,11,164,200,0.0005411107558757067
0,12,164,201,-0.004046004265546799
0,13,164,194,-0.004330695606768131
0,14,164,204,-0.0036723476368933916
0,15,164,202,-0.0031432441901415586
0,16,164,212,-0.0019054488511756063
0,17,164,216,-0.0021273032762110233
0,18,164,206,-0.0009035671246238053
0,19,164,203,-0.0009127283119596541
0,20,164,207,-0.00027689296985045075
0,21,164,205,0.0001450243144063279
0,22,164,98,-0.0009494574042037129
0,23,164,97,-0.0015442497096955776
0,24,164,393,-0.00543580437079072
0,25,164,391,-0.007240423932671547
0,26,164,322,-0.00918011087924242
0,27,164,410,-0.009839041158556938
0,28,164,287,-0.009208480827510357
0,29,164,273,-0.005766474641859531
0,30,164,335,-0.006763092707842588
0,31,164,406,-0.005358130671083927
0,32,164,313,-0.0027540167793631554
0,33,164,421,-0.0012743903789669275
0,34,164,418,-0.0031956234015524387
0,35,164,424,-0.004500120412558317
0,36,164,422,-0.008899746462702751
0,37,164,432,-0.009355774149298668
0,38,164,436,-0.009013601578772068
0,39,164,426,-0.006423210725188255
0,40,164,423,-0.006971218157559633
0,41,164,427,-0.010103343985974789
0,42,164,425,-0.008622752502560616
0,43,164,327,-0.00661746459081769
0,44,164,326,-0.004919720347970724
0,45,164,0,9.320362005382776e-05
0,46,164,37,-0.007914042100310326
0,47,164,39,-0.01054255198687315
0,48,164,40,-0.008828990161418915
0,49,164,185,-0.00878929067403078
0,50,164,61,-0.008992196060717106
0,51,164,146,-0.009916138835251331
0,52,164,91,-0.009600263088941574
0,53,164,181,-0.010127753019332886
0,54,164,84,-0.01078657153993845
0,55,164,17,-0.0007491319556720555
0,56,164,11,1.422363675374072e-05
0,57,164,72,-0.008651375770568848
0,58,164,73,-0.010257946327328682
0,59,164,74,-0.008914397098124027
0,60,164,184,-0.008899032138288021
0,61,164,77,-0.009908094070851803
0,62,164,90,-0.009971199557185173
0,63,164,180,-0.010831686668097973
0,64,164,85,-0.011158307082951069
0,65,164,16,-0.0008812240557745099
0,66,164,12,0.00030159822199493647
0,67,164,38,-0.008337391540408134
0,68,164,41,-0.009486095048487186
0,69,164,42,-0.008658744394779205
0,70,164,96,-0.00974198803305626
0,71,164,89,-0.009430503472685814
0,72,164,179,-0.010346803814172745
0,73,164,86,-0.01075602974742651
0,74,164,15,-0.001477924408391118
0,75,164,13,-3.2575502700638026e-05
0,76,164,82,-0.007397538051009178
0,77,164,81,-0.008369557559490204
0,78,164,80,-0.00856026355177164
0,79,164,191,-0.00914058554917574
0,80,164,78,-0.008784260600805283
0,81,164,95,-0.009291337803006172
0,82,164,88,-0.008757846429944038
0,83,164,178,-0.009979006834328175
0,84,164,87,-0.010137444362044334
0,85,164,14,-0.0015312974574044347
0,86,164,267,-0.0027846735902130604
0,87,164,269,-0.006418308243155479
0,88,164,270,-0.00784242246299982
0,89,164,409,-0.009867372922599316
0,90,164,291,-0.00913025252521038
0,91,164,375,-0.008256287313997746
0,92,164,321,-0.0003017618437297642
0,93,164,405,-0.0007131352322176099
0,94,164,314,0.0020393584854900837
0,95,164,302,-0.002700477372854948
0,96,164,303,-0.00605117529630661
0,97,164,304,-0.007548939902335405
0,98,164,408,-0.009248587302863598
0,99,164,307,-0.008346978574991226
0,100,164,320,-0.006430990528315306
0,101,164,404,-0.0009947801008820534
0,102,164,315,0.0017655172850936651
0,103,164,268,-0.002660113386809826
0,104,164,271,-0.005851825699210167
0,105,164,272,-0.007575801108032465
0,106,164,325,-0.008397446013987064
0,107,164,319,-0.005479459185153246
0,108,164,403,-0.0017554592341184616
0,109,164,316,0.0016180204693228006
0,110,164,312,-0.0037139004562050104
0,111,164,311,-0.005686694290488958
0,112,164,310,-0.007380160503089428
0,113,164,415,-0.008899988606572151
0,114,164,308,-0.008651831187307835
0,115,164,324,-0.007952853105962276
0,116,164,318,-0.005134586710482836
0,117,164,402,-0.0022423749323934317
0,118,164,317,0.0006099414895288646
1,2,167,165,-0.002784435637295246
1,3,167,92,-0.0037791577633470297
1,4,167,186,-0.004313002340495586
1,5,167,57,-0.004945820197463036
1,6,167,43,-0.00598136754706502
1,7,167,106,-0.005800478160381317
1,8,167,182,-0.005552494432777166
1,9,167,83,-0.00012933643301948905
1,10,167,18,0.00034966471139341593
1,11,167,200,0.000582854961976409
1,12,167,201,-0.0022488166578114033
1,13,167,194,-0.0032960879616439342
1,14,167,204,-0.0030376871582120657
1,15,167,202,-0.002247338881716132
1,16,167,212,-0.002019107574597001
1,17,167,216,-0.0019766376353800297
1,18,167,206,7.32791013433598e-05
1,19,167,203,0.0009166711242869496
1,20,167,207,-0.0003384133451618254
1,21,167,205,-0.00020222121383994818
1,22,167,98,0.0008998343255370855
1,23,167,97,-0.002809409284964204
1,24,167,393,-0.006586808245629072
1,25,167,391,-0.008082893677055836
1,26,167,322,-0.008669373579323292
1,27,167,410,-0.010259187780320644
1,28,167,287,-0.009754396975040436
1,29,167,273,-0.008676701225340366
1,30,167,335,-0.007103264331817627
1,31,167,406,-0.005730892531573772
1,32,167,313,-0.0036021743435412645
1,33,167,421,-0.003406376577913761
1,34,167,418,-0.006541759707033634
1,35,167,424,-0.007547653280198574
1,36,167,422,-0.008825618773698807
1,37,167,432,-0.009381166659295559
1,38,167,436,-0.0098180640488863
1,39,167,426,-0.008200469426810741
1,40,167,423,-0.00869166199117899
1,41,167,427,-0.007185590453445911
1,42,167,425,-0.008434832096099854
1,43,167,327,-0.007218845654278994
1,44,167,326,-0.007135157473385334
1,45,167,0,4.6604120143456385e-05
1,46,167,37,0.00043305163853801787
1,47,167,39,-0.008349152281880379
1,48,167,40,-0.009032659232616425
1,49,167,185,-0.008751696906983852
1,50,167,61,-0.00757844652980566
1,51,167,146,-0.008941502310335636
1,52,167,91,-0.008846781216561794
1,53,167,181,-0.007744730915874243
1,54,167,84,0.002479179762303829
1,55,167,17,0.002478948561474681
1,56,167,11,0.00022964418167248368
1,57,167,72,0.0008628182695247233
1,58,167,73,-0.008062351495027542
1,59,167,74,-0.008787279948592186
1,60,167,184,-0.008396941237151623
1,61,167,77,-0.008939921855926514
1,62,167,90,-0.008140414953231812
1,63,167,180,-0.007726823911070824
1,64,167,85,0.001715880585834384
1,65,167,16,0.0042680478654801846
1,66,167,12,0.0004243217408657074
1,67,167,38,0.0023680345620959997
1,68,167,41,-0.007351344916969538
1,69,167,42,-0.008061992935836315
1,70,167,96,-0.008425288833677769
1,71,167,89,-0.008431828580796719
1,72,167,179,-0.008019587025046349
1,73,167,86,0.0027833376079797745
1,74,167,15,0.004016939550638199
1,75,167,13,0.00013472314458340406
1,76,167,82,0.0045064655132591724
1,77,167,81,-0.006662913132458925
1,78,167,80,-0.007046976592391729
1,79,167,191,-0.007687767036259174
1,80,167,78,-0.0078112781047821045
1,81,167,95,-0.007108145859092474
1,82,167,88,-0.007905043661594391
1,83,167,178,-0.007871530950069427
1,84,167,87,0.0054129320196807384
1,85,167,14,0.003262684680521488
1,86,167,267,-0.0034462264738976955
1,87,167,269,-0.007060346659272909
1,88,167,270,-0.008465653285384178
1,89,167,409,-0.009024987928569317
1,90,167,291,-0.010635972023010254
1,91,167,375,-0.007323840167373419
1,92,167,321,-0.006739123724400997
1,93,167,405,-0.003944982774555683
1,94,167,314,1.8365928156072187e-07
1,95,167,302,-0.00319371628575027
1,96,167,303,-0.006771759130060673
1,97,167,304,-0.00890492182224989
1,98,167,408,-0.009081047959625721
1,99,167,307,-0.007734118495136499
1,100,167,320,-0.006460441742092371
1,101,167,404,-0.004670427180826664
1,102,167,315,-1.236638127011247e-05
1,103,167,268,-0.00307391001842916
1,104,167,271,-0.00586707005277276
1,105,167,272,-0.008431630209088326
1,106,167,325,-0.007200679276138544
1,107,167,319,-0.006161321420222521
1,108,167,403,-0.004562191665172577
1,109,167,316,-1.91027775144903e-05
1,110,167,312,-0.003836973337456584
1,111,167,311,-0.006295673083513975
1,112,167,310,-0.007661474868655205
1,113,167,415,-0.007624269463121891
1,114,167,308,-0.009759965352714062
1,115,167,324,-0.007642725948244333
1,116,167,318,-0.006378199439495802
1,117,167,402,-0.003807137021794915
1,118,167,317,-0.0004024158406537026
2,3,165,92,-0.0039459578692913055
2,4,165,186,-0.004663023166358471
2,5,165,57,-0.005088860169053078
2,6,165,43,-0.005678426008671522
2,7,165,106,-0.0052607315592467785
2,8,165,182,0.004700917750597
2,9,165,83,0.0020463881082832813
2,10,165,18,-0.00020147618488408625
2,11,165,200,-0.0009158250177279115
2,12,165,201,0.0004422263300511986
2,13,165,194,-0.001283215475268662
2,14,165,204,-0.0017303857021033764
2,15,165,202,-0.0017015021294355392
2,16,165,212,-0.001381093985401094
2,17,165,216,-0.000865182897541672
2,18,165,206,0.001548160333186388
2,19,165,203,0.003925637807697058
2,20,165,207,0.001709793577902019
2,21,165,205,0.0019011830445379019
2,22,165,98,-0.004316793754696846
2,23,165,97,-0.004913197830319405
2,24,165,393,-0.0060404157266020775
2,25,165,391,-0.007781832478940487
2,26,165,322,-0.008207535371184349
2,27,165,410,-0.00973014160990715
2,28,165,287,-0.009605933912098408
2,29,165,273,-0.00878936517983675
2,30,165,335,-0.007686121389269829
2,31,165,406,-0.006133378017693758
2,32,165,313,-0.0042951153591275215
2,33,165,421,-0.004492984618991613
2,34,165,418,-0.0057860785163939
2,35,165,424,-0.006981648970395327
2,36,165,422,-0.007999513298273087
2,37,165,432,-0.008582049049437046
2,38,165,436,-0.008846797049045563
2,39,165,426,-0.00929864402860403
2,40,165,423,-0.008830630220472813
2,41,165,427,-0.00880810059607029
2,42,165,425,-0.009076837450265884
2,43,165,327,-0.007540773134678602
2,44,165,326,-0.006895895581692457
2,45,165,0,-0.0008771882276050746
2,46,165,37,0.0026199372950941324
2,47,165,39,0.005619387608021498
2,48,165,40,-0.0072768740355968475
2,49,165,185,-0.0072379568591713905
2,50,165,61,-0.00760868564248085
2,51,165,146,-0.008272436447441578
2,52,165,91,-0.0024330695159733295
2,53,165,181,0.00851665623486042
2,54,165,84,0.0066225528717041016
2,55,165,17,0.0030249415431171656
2,56,165,11,-0.00027566173230297863
2,57,165,72,0.002956460928544402
2,58,165,73,0.006745091639459133
2,59,165,74,-0.00200640014372766
2,60,165,184,-0.007686092052608728
2,61,165,77,-0.008041409775614738
2,62,165,90,0.001220528967678547
2,63,165,180,0.008401205763220787
2,64,165,85,0.006678205449134111
2,65,165,16,0.003399795386940241
2,66,165,12,-6.698611105093732e-05
2,67,165,38,0.002801943803206086
2,68,165,41,0.0063022137619555
2,69,165,42,0.00468669505789876
2,70,165,96,-0.007197137456387281
2,71,165,89,0.005207762587815523
2,72,165,179,0.008724430575966835
2,73,165,86,0.005921415518969297
2,74,165,15,0.0030915343668311834
2,75,165,13,-0.0002816103515215218
2,76,165,82,0.002421524142846465
2,77,165,81,0.005276425741612911
2,78,165,80,0.005794426891952753
2,79,165,191,-0.005995059851557016
2,80,165,78,-0.006745287217199802
2,81,165,95,-0.004376215394586325
2,82,165,88,0.00805705040693283
2,83,165,178,0.007723984774202108
2,84,165,87,0.0048466455191373825
2,85,165,14,0.0026153663638979197
2,86,165,267,-0.004107419867068529
2,87,165,269,-0.007231051102280617
2,88,165,270,-0.009084521792829037
2,89,165,409,-0.010183838196098804
2,90,165,291,-0.010686317458748817
2,91,165,375,-0.010272272862493992
2,92,165,321,-0.007827101275324821
2,93,165,405,-0.006263292860239744
2,94,165,314,-0.0005391451995819807
2,95,165,302,-0.003815439995378256
2,96,165,303,-0.00675682257860899
2,97,165,304,-0.00865365844219923
2,98,165,408,-0.01086464710533619
2,99,165,307,-0.009526398032903671
2,100,165,320,-0.007405722048133612
2,101,165,404,-0.004023510497063398
2,102,165,315,-0.00041298323776572943
2,103,165,268,-0.0038592121563851833
2,104,165,271,-0.006618230603635311
2,105,165,272,-0.0082763796672225
2,106,165,325,-0.009524129331111908
2,107,165,319,-0.00702035753056407
2,108,165,403,-0.004228662699460983
2,109,165,316,-0.0008774935267865658
2,110,165,312,-0.0036219318863004446
2,111,165,311,-0.006177126429975033
2,112,165,310,-0.009085241705179214
2,113,165,415,-0.010582763701677322
2,114,165,308,-0.009467017836868763
2,115,165,324,-0.008776389062404633
2,116,165,318,-0.006824764423072338
2,117,165,402,-0.004186014644801617
2,118,165,317,-0.0013218893436715007
3,4,92,186,-0.0038291874807327986
3,5,92,57,-0.004427452106028795
3,6,92,43,-0.004727937746793032
3,7,92,106,0.0032437590416520834
3,8,92,182,0.0018742786487564445
3,9,92,83,0.0002479557297192514
3,10,92,18,-0.0016903955256566405
3,11,92,200,-0.003231420647352934
3,12,92,201,-0.0009766831062734127
3,13,92,194,-0.0008001935784704983
3,14,92,204,0.0005909352330490947
3,15,92,202,0.0012393268989399076
3,16,92,212,0.0017123926663771272
3,17,92,216,0.002536396263167262
3,18,92,206,0.004732025321573019
3,19,92,203,-0.0014448165893554688
3,20,92,207,0.0041674361564219
3,21,92,205,0.004844167735427618
3,22,92,98,-0.004972356837242842
3,23,92,97,-0.0054004983976483345
3,24,92,393,-0.007562453858554363
3,25,92,391,-0.009024180471897125
3,26,92,322,-0.00931770633906126
3,27,92,410,-0.010657710023224354
3,28,92,287,-0.011440063826739788
3,29,92,273,-0.010051130317151546
3,30,92,335,-0.008526709862053394
3,31,92,406,-0.007338153198361397
3,32,92,313,-0.006586803589016199
3,33,92,421,-0.0067882235161960125
3,34,92,418,-0.0076108952052891254
3,35,92,424,-0.008583798073232174
3,36,92,422,-0.009197807870805264
3,37,92,432,-0.009920132346451283
3,38,92,436,-0.009802584536373615
3,39,92,426,-0.010462591424584389
3,40,92,423,-0.009851383045315742
3,41,92,427,-0.00963328406214714
3,42,92,425,-0.009749685414135456
3,43,92,327,-0.008911343291401863
3,44,92,326,-0.007715126499533653
3,45,92,0,-0.001306877238675952
3,46,92,37,0.0013766601914539933
3,47,92,39,0.003347687190398574
3,48,92,40,0.005750035401433706
3,49,92,185,0.0003569340624380857
3,50,92,61,-0.00585310161113739
3,51,92,146,0.00440935418009758
3,52,92,91,0.00767518812790513
3,53,92,181,0.00795184075832367
3,54,92,84,0.005443216301500797
3,55,92,17,0.0019610479939728975
3,56,92,11,-0.0009702424285933375
3,57,92,72,0.0017804527888074517
3,58,92,73,0.004524539690464735
3,59,92,74,0.0066513484343886375
3,60,92,184,0.005023550242185593
3,61,92,77,0.006381420884281397
3,62,92,90,0.0076529355719685555
3,63,92,180,0.006571747362613678
3,64,92,85,0.005366540979593992
3,65,92,16,0.0022944086231291294
3,66,92,12,-0.0010153386974707246
3,67,92,38,0.0016740966821089387
3,68,92,41,0.004285403527319431
3,69,92,42,0.006008841563016176
3,70,92,96,0.007012519985437393
3,71,92,89,0.007106611039489508
3,72,92,179,0.006377461366355419
3,73,92,86,0.004596581216901541
3,74,92,15,0.0020942860282957554
3,75,92,13,-0.0010414471616968513
3,76,92,82,0.0008068210445344448
3,77,92,81,0.0035208144690841436
3,78,92,80,0.005204412154853344
3,79,92,191,0.005863800644874573
3,80,92,78,0.0031674213241785765
3,81,92,95,0.006509346421808004
3,82,92,88,0.006307292729616165
3,83,92,178,0.00581589387729764
3,84,92,87,0.004481050185859203
3,85,92,14,0.0014946842566132545
3,86,92,267,-0.004760080017149448
3,87,92,269,-0.012482907623052597
3,88,92,270,-0.01039647776633501
3,89,92,409,-0.011423242278397083
3,90,92,291,-0.012368131428956985
3,91,92,375,-0.012385310605168343
3,92,92,321,-0.00985846109688282
3,93,92,405,-0.005220470018684864
3,94,92,314,-0.0016993724275380373
3,95,92,302,-0.004525989759713411
3,96,92,303,-0.007988715544342995
3,97,92,304,-0.009687821380794048
3,98,92,408,-0.01229130756109953
3,99,92,307,-0.01119587104767561
3,100,92,320,-0.008319608867168427
3,101,92,404,-0.004910887219011784
3,102,92,315,-0.0017375450115650892
3,103,92,268,-0.004470649641007185
3,104,92,271,-0.00780058465898037
3,105,92,272,-0.010211405344307423
3,106,92,325,-0.011002332903444767
3,107,92,319,-0.008136987686157227
3,108,92,403,-0.004970371723175049
3,109,92,316,-0.0017511998303234577
3,110,92,312,-0.0046907225623726845
3,111,92,311,-0.007232919801026583
3,112,92,310,-0.010308025404810905
3,113,92,415,-0.012049715965986252
3,114,92,308,-0.011501496657729149
3,115,92,324,-0.010785333812236786
3,116,92,318,-0.007887173444032669
3,117,92,402,-0.005079968366771936
3,118,92,317,-0.0018173136049881577
4,5,186,57,-0.0025145718827843666
4,6,186,43,0.00182080187369138
4,7,186,106,0.0009034209069795907
4,8,186,182,2.9337086743908003e-05
4,9,186,83,-0.0022027879022061825
4,10,186,18,-0.003451018827036023
4,11,186,200,-0.004736054688692093
4,12,186,201,-0.0036065331660211086
4,13,186,194,-0.0034623173996806145
4,14,186,204,-0.003782745450735092
4,15,186,202,0.003209867514669895
4,16,186,212,0.004063598345965147
4,17,186,216,0.005089313257485628
4,18,186,206,0.0021959051955491304
4,19,186,203,-0.00567712401971221
4,20,186,207,0.005922447890043259
4,21,186,205,0.005773014388978481
4,22,186,98,-0.00522924168035388
4,23,186,97,-0.005570142064243555
4,24,186,393,-0.008350128307938576
4,25,186,391,-0.009742164053022861
4,26,186,322,-0.01073009055107832
4,27,186,410,-0.011282894760370255
4,28,186,287,-0.012572720646858215
4,29,186,273,-0.012109605595469475
4,30,186,335,-0.009753955528140068
4,31,186,406,-0.009003126993775368
4,32,186,313,-0.007105669472366571
4,33,186,421,-0.008417201228439808
4,34,186,418,-0.00984933041036129
4,35,186,424,-0.009513587690889835
4,36,186,422,-0.010707692243158817
4,37,186,432,-0.010483099147677422
4,38,186,436,-0.010836764238774776
4,39,186,426,-0.010289465077221394
4,40,186,423,-0.01048678532242775
4,41,186,427,-0.009608081541955471
4,42,186,425,-0.010592433623969555
4,43,186,327,-0.009786700829863548
4,44,186,326,-0.008239257149398327
4,45,186,0,-0.002664034953340888
4,46,186,37,0.0002331115392735228
4,47,186,39,0.0016911516431719065
4,48,186,40,0.005023620091378689
4,49,186,185,0.005297430325299501
4,50,186,61,0.0048739551566541195
4,51,186,146,0.0064486050978302956
4,52,186,91,0.006912190467119217
4,53,186,181,0.006273630075156689
4,54,186,84,0.004281787667423487
4,55,186,17,0.00010932426812360063
4,56,186,11,-0.002131544053554535
4,57,186,72,0.0005473899655044079
4,58,186,73,0.0015610519330948591
4,59,186,74,0.004407394677400589
4,60,186,184,0.004959510639309883
4,61,186,77,0.00649134861305356
4,62,186,90,0.005913733970373869
4,63,186,180,0.004942490253597498
4,64,186,85,0.0031306555029004812
4,65,186,16,0.0009792577475309372
4,66,186,12,-0.0022021501790732145
4,67,186,38,0.0005779589409939945
4,68,186,41,0.0018785048741847277
4,69,186,42,0.004460001830011606
4,70,186,96,0.006577848922461271
4,71,186,89,0.005751014221459627
4,72,186,179,0.0040909298695623875
4,73,186,86,0.003208951326087117
4,74,186,15,0.0007361712050624192
4,75,186,13,-0.0021687110420316458
4,76,186,82,0.0001754017430357635
4,77,186,81,0.0016046754317358136
4,78,186,80,0.003624411765486002
4,79,186,191,0.004658111371099949
4,80,186,78,0.005440852139145136
4,81,186,95,0.004998174961656332
4,82,186,88,0.0050429049879312515
4,83,186,178,0.004004625137895346
4,84,186,87,0.0029916081111878157
4,85,186,14,0.0008932332857511938
4,86,186,267,-0.00589071586728096
4,87,186,269,-0.007900637574493885
4,88,186,270,-0.011246612295508385
4,89,186,409,-0.013296574354171753
4,90,186,291,-0.013254872523248196
4,91,186,375,-0.012481322512030602
4,92,186,321,-0.011104007251560688
4,93,186,405,-0.013064609840512276
4,94,186,314,-0.0021802072878926992
4,95,186,302,-0.005608974490314722
4,96,186,303,-0.00881280843168497
4,97,186,304,-0.010807315818965435
4,98,186,408,-0.013006137683987617
4,99,186,307,-0.011740460060536861
4,100,186,320,-0.01069722417742014
4,101,186,404,-0.0059911226853728294
4,102,186,315,-0.0025112363509833813
4,103,186,268,-0.005529583431780338
4,104,186,271,-0.008433414623141289
4,105,186,272,-0.011196299456059933
4,106,186,325,-0.011630089022219181
4,107,186,319,-0.00978310126811266
4,108,186,403,-0.006236220244318247
4,109,186,316,-0.0033462150022387505
4,110,186,312,-0.005540687590837479
4,111,186,311,-0.009108633734285831
4,112,186,310,-0.010754022747278214
4,113,186,415,-0.012263353914022446
4,114,186,308,-0.012789307162165642
4,115,186,324,-0.011369270272552967
4,116,186,318,-0.010902086272835732
4,117,186,402,-0.006645592860877514
4,118,186,317,-0.004184870980679989
5,6,57,43,0.0010707268957048655
5,7,57,106,-0.00011050589091610163
5,8,57,182,-0.001254296745173633
5,9,57,83,-0.0028569563291966915
5,10,57,18,-0.00423815893009305
5,11,57,200,-0.005024706479161978
5,12,57,201,-0.003893615212291479
5,13,57,194,-0.0046411482617259026
5,14,57,204,-0.004636397119611502
5,15,57,202,0.00419952068477869
5,16,57,212,0.00487515376880765
5,17,57,216,0.005479719955474138
5,18,57,206,-0.005867914296686649
5,19,57,203,-0.006295002065598965
5,20,57,207,0.005946937017142773
5,21,57,205,0.006583218462765217
5,22,57,98,-0.005932766478508711
5,23,57,97,-0.005668700207024813
5,24,57,393,-0.008515837602317333
5,25,57,391,-0.00985220167785883
5,26,57,322,-0.010950623080134392
5,27,57,410,-0.011704635806381702
5,28,57,287,-0.012754625640809536
5,29,57,273,-0.012630440294742584
5,30,57,335,-0.010058428160846233
5,31,57,406,-0.010337804444134235
5,32,57,313,-0.008005370385944843
5,33,57,421,-0.00875958614051342
5,34,57,418,-0.010428385809063911
5,35,57,424,-0.0100233880802989
5,36,57,422,-0.011278784833848476
5,37,57,432,-0.010712475515902042
5,38,57,436,-0.0109005281701684
5,39,57,426,-0.01136811450123787
5,40,57,423,-0.010709569789469242
5,41,57,427,-0.010760202072560787
5,42,57,425,-0.011119041591882706
5,43,57,327,-0.010074229910969734
5,44,57,326,-0.008043724112212658
5,45,57,0,-0.003528039203956723
5,46,57,37,-0.000721689488273114
5,47,57,39,0.0008349156123585999
5,48,57,40,0.0033677122555673122
5,49,57,185,0.004719979129731655
5,50,57,61,0.0056921751238405704
5,51,57,146,0.006689473986625671
5,52,57,91,0.006475862115621567
5,53,57,181,0.005358003545552492
5,54,57,84,0.002286440460011363
5,55,57,17,-0.0007720829453319311
5,56,57,11,-0.003052195068448782
5,57,57,72,-0.0004459501360543072
5,58,57,73,0.0007921914802864194
5,59,57,74,0.0031541851349174976
5,60,57,184,0.0044275992549955845
5,61,57,77,0.006513877306133509
5,62,57,90,0.005834992974996567
5,63,57,180,0.0047159637324512005
5,64,57,85,0.0018516713753342628
5,65,57,16,-0.0008236599387601018
5,66,57,12,-0.0029319662135094404
5,67,57,38,-0.0005406721611507237
5,68,57,41,0.001105690491385758
5,69,57,42,0.0032992816995829344
5,70,57,96,0.0057579753920435905
5,71,57,89,0.005075337365269661
5,72,57,179,0.0035736639983952045
5,73,57,86,0.0013218385865911841
5,74,57,15,-0.0009034501272253692
5,75,57,13,-0.003147630952298641
5,76,57,82,-0.000824582064524293
5,77,57,81,0.0005928165628574789
5,78,57,80,0.0019190432503819466
5,79,57,191,0.004376719705760479
5,80,57,78,0.004849602933973074
5,81,57,95,0.004594490863382816
5,82,57,88,0.004063265398144722
5,83,57,178,0.0031784058082848787
5,84,57,87,0.0009111257968470454
5,85,57,14,-0.000839411630295217
5,86,57,267,-0.0071251788176596165
5,87,57,269,-0.008834057487547398
5,88,57,270,-0.01096455566585064
5,89,57,409,-0.013390250504016876
5,90,57,291,-0.013560222461819649
5,91,57,375,-0.01303556002676487
5,92,57,321,-0.011592986062169075
5,93,57,405,-0.009519902057945728
5,94,57,314,-0.0035666446201503277
5,95,57,302,-0.0061004189774394035
5,96,57,303,-0.008606703020632267
5,97,57,304,-0.010564293712377548
5,98,57,408,-0.013036267831921577
5,99,57,307,-0.012240972369909286
5,100,57,320,-0.010690676048398018
5,101,57,404,-0.007079433184117079
5,102,57,315,-0.003562870202586055
5,103,57,268,-0.006171232555061579
5,104,57,271,-0.008416234515607357
5,105,57,272,-0.011219294741749763
5,106,57,325,-0.011712361127138138
5,107,57,319,-0.009779877960681915
5,108,57,403,-0.006151304114609957
5,109,57,316,-0.003396532265469432
5,110,57,312,-0.006035046186298132
5,111,57,311,-0.009334169328212738
5,112,57,310,-0.01091559324413538
5,113,57,415,-0.012067904695868492
5,114,57,308,-0.012858794070780277
5,115,57,324,-0.011416180990636349
5,116,57,318,-0.010170644149184227
5,117,57,402,-0.006082531064748764
5,118,57,317,-0.0035600720439106226
6,7,43,106,-0.0018907086923718452
6,8,43,182,-0.002599040511995554
6,9,43,83,-0.0028741382993757725
6,10,43,18,-0.004150772001594305
6,11,43,200,-0.0056966873817145824
6,12,43,201,-0.005336462520062923
6,13,43,194,-0.005454254802316427
6,14,43,204,-0.0030602952465415
6,15,43,202,0.0052566505037248135
6,16,43,212,0.005288304761052132
6,17,43,216,0.0052324142307043076
6,18,43,206,0.005142213311046362
6,19,43,203,-0.0066011748276650906
6,20,43,207,0.005612086970359087
6,21,43,205,0.006918004713952541
6,22,43,98,-0.006690149661153555
6,23,43,97,-0.00654406426474452
6,24,43,393,-0.00824640691280365
6,25,43,391,-0.010524952784180641
6,26,43,322,-0.011803323403000832
6,27,43,410,-0.012294275686144829
6,28,43,287,-0.01453857496380806
6,29,43,273,-0.011406957171857357
6,30,43,335,-0.010530678555369377
6,31,43,406,-0.009272882714867592
6,32,43,313,-0.008103525266051292
6,33,43,421,-0.009100615978240967
6,34,43,418,-0.009957179427146912
6,35,43,424,-0.01077628880739212
6,36,43,422,-0.010724106803536415
6,37,43,432,-0.01110012922435999
6,38,43,436,-0.011401349678635597
6,39,43,426,-0.011568273417651653
6,40,43,423,-0.010946203023195267
6,41,43,427,-0.01097912434488535
6,42,43,425,-0.01098453439772129
6,43,43,327,-0.010321521200239658
6,44,43,326,-0.00827531423419714
6,45,43,0,-0.010048231109976768
6,46,43,37,-0.0023813657462596893
6,47,43,39,-0.000170778832398355
6,48,43,40,0.002409830456599593
6,49,43,185,0.003866276005282998
6,50,43,61,0.003371157683432102
6,51,43,146,0.006605787668377161
6,52,43,91,0.006365236826241016
6,53,43,181,0.004742127377539873
6,54,43,84,0.0020878303330391645
6,55,43,17,0.00016458849131595343
6,56,43,11,-0.008971639908850193
6,57,43,72,-0.0020318233873695135
6,58,43,73,-0.00012892168888356537
6,59,43,74,0.00209194328635931
6,60,43,184,0.003460157196968794
6,61,43,77,0.006167303770780563
6,62,43,90,0.005860730540007353
6,63,43,180,0.004108929540961981
6,64,43,85,0.002108754822984338
6,65,43,16,-0.005135498009622097
6,66,43,12,-0.007694989442825317
6,67,43,38,-0.00207751733250916
6,68,43,41,0.00018367987649980932
6,69,43,42,0.0018881220603361726
6,70,43,96,0.006016130093485117
6,71,43,89,0.004446022678166628
6,72,43,179,0.003094596089795232
6,73,43,86,0.0012780869146808982
6,74,43,15,-0.006449331529438496
6,75,43,13,-0.0038862430956214666
6,76,43,82,-0.0023011674638837576
6,77,43,81,-0.00037911906838417053
6,78,43,80,0.0005810485454276204
6,79,43,191,0.003053276799619198
6,80,43,78,0.003453352488577366
6,81,43,95,0.003835071111097932
6,82,43,88,0.00311012240126729
6,83,43,178,0.002514068502932787
6,84,43,87,0.0009221211657859385
6,85,43,14,-0.0024233513977378607
6,86,43,267,-0.012561465613543987
6,87,43,269,-0.015223232097923756
6,88,43,270,-0.011283105239272118
6,89,43,409,-0.014668485149741173
6,90,43,291,-0.014240187592804432
6,91,43,375,-0.013952098786830902
6,92,43,321,-0.013089550659060478
6,93,43,405,-0.006270101759582758
6,94,43,314,-0.004909871611744165
6,95,43,302,-0.00701109180226922
6,96,43,303,-0.009625660255551338
6,97,43,304,-0.01150540728121996
6,98,43,408,-0.01418539509177208
6,99,43,307,-0.01364579051733017
6,100,43,320,-0.01172670628875494
6,101,43,404,-0.006995728239417076
6,102,43,315,-0.005935367196798325
6,103,43,268,-0.006783288437873125
6,104,43,271,-0.009167236275970936
6,105,43,272,-0.01222799252718687
6,106,43,325,-0.01292977761477232
6,107,43,319,-0.011225729249417782
6,108,43,403,-0.008057656697928905
6,109,43,316,-0.0066672866232693195
6,110,43,312,-0.0067536369897425175
6,111,43,311,-0.010312243364751339
6,112,43,310,-0.011586986482143402
6,113,43,415,-0.013172146864235401
6,114,43,308,-0.01368402037769556
6,115,43,324,-0.012370181269943714
6,116,43,318,-0.009355733171105385
6,117,43,402,-0.007267560809850693
6,118,43,317,-0.005318247713148594
7,8,106,182,-0.0028700632974505424
7,9,106,83,-0.0029531216714531183
7,10,106,18,-0.004467421676963568
7,11,106,200,-0.005484115798026323
7,12,106,201,-0.003926994279026985
7,13,106,194,-0.005530943628400564
7,14,106,204,0.005154017359018326
7,15,106,202,0.004864565096795559
7,16,106,212,0.0047717103734612465
7,17,106,216,0.004116305615752935
7,18,106,206,0.006218819413334131
7,19,106,203,0.0037321108393371105
7,20,106,207,0.005823172628879547
7,21,106,205,0.007262215483933687
7,22,106,98,-0.006468088366091251
7,23,106,97,-0.0064253839664161205
7,24,106,393,-0.008629541844129562
7,25,106,391,-0.010701368562877178
7,26,106,322,-0.011868905276060104
7,27,106,410,-0.013049086555838585
7,28,106,287,-0.013191781006753445
7,29,106,273,-0.011938024312257767
7,30,106,335,-0.011244002729654312
7,31,106,406,-0.010078411549329758
7,32,106,313,-0.007629112806171179
7,33,106,421,-0.007524971384555101
7,34,106,418,-0.009789863601326942
7,35,106,424,-0.011002316139638424
7,36,106,422,-0.010879520326852798
7,37,106,432,-0.01138294581323862
7,38,106,436,-0.011682013049721718
7,39,106,426,-0.011141427792608738
7,40,106,423,-0.010905620642006397
7,41,106,427,-0.011393398977816105
7,42,106,425,-0.012769741006195545
7,43,106,327,-0.010179957374930382
7,44,106,326,-0.008795385248959064
7,45,106,0,-0.008864227682352066
7,46,106,37,-0.002319811610504985
7,47,106,39,0.0004079567443113774
7,48,106,40,0.002858772873878479
7,49,106,185,-0.004688299261033535
7,50,106,61,-0.0045532421208918095
7,51,106,146,-0.003030771389603615
7,52,106,91,0.006864749360829592
7,53,106,181,0.005521839484572411
7,54,106,84,0.001727179973386228
7,55,106,17,-0.0043727378360927105
7,56,106,11,-0.008746141567826271
7,57,106,72,-0.0016294170636683702
7,58,106,73,0.00037196793709881604
7,59,106,74,0.00244185165502131
7,60,106,184,-0.002584475092589855
7,61,106,77,0.00010044192458735779
7,62,106,90,0.006611569784581661
7,63,106,180,0.004669389687478542
7,64,106,85,0.0018189199035987258
7,65,106,16,-0.006420598365366459
7,66,106,12,-0.008229167200624943
7,67,106,38,-0.0018129985546693206
7,68,106,41,0.00026624693418852985
7,69,106,42,0.0028965731617063284
7,70,106,96,0.003966757096350193
7,71,106,89,0.0056879413314163685
7,72,106,179,0.0030764760449528694
7,73,106,86,0.0015870406059548259
7,74,106,15,-0.0053726742044091225
7,75,106,13,-0.007974613457918167
7,76,106,82,-0.0020779212936758995
7,77,106,81,-0.000123559933854267
7,78,106,80,0.001854566391557455
7,79,106,191,0.002672013593837619
7,80,106,78,-0.002889525145292282
7,81,106,95,0.0021717194467782974
7,82,106,88,0.004072887357324362
7,83,106,178,0.0021394488867372274
7,84,106,87,0.000981328310444951
7,85,106,14,0.0002872461045626551
7,86,106,267,-0.011498990468680859
7,87,106,269,-0.009329472668468952
7,88,106,270,-0.011231141164898872
7,89,106,409,-0.014588682912290096
7,90,106,291,-0.014759051613509655
7,91,106,375,-0.014272310771048069
7,92,106,321,-0.011435705237090588
7,93,106,405,-0.0059012966230511665
7,94,106,314,-0.0037657017819583416
7,95,106,302,-0.011636398732662201
7,96,106,303,-0.010384047403931618
7,97,106,304,-0.011133438907563686
7,98,106,408,-0.014254065230488777
7,99,106,307,-0.013431635685265064
7,100,106,320,-0.011946951039135456
7,101,106,404,-0.00534750847145915
7,102,106,315,-0.003584930906072259
7,103,106,268,-0.007009317632764578
7,104,106,271,-0.009333987720310688
7,105,106,272,-0.012144007720053196
7,106,106,325,-0.01287785917520523
7,107,106,319,-0.011214490048587322
7,108,106,403,-0.007364857476204634
7,109,106,316,-0.004851588048040867
7,110,106,312,-0.006777180824428797
7,111,106,311,-0.010246353223919868
7,112,106,310,-0.011792263016104698
7,113,106,415,-0.013311042450368404
7,114,106,308,-0.014109252020716667
7,115,106,324,-0.012544292956590652
7,116,106,318,-0.009395143017172813
7,117,106,402,-0.006165399681776762
7,118,106,317,-0.007776434998959303
8,9,182,83,-0.00389087968505919
8,10,182,18,-0.004015619866549969
8,11,182,200,-0.00482447724789381
8,12,182,201,-0.00453787948936224
8,13,182,194,0.004272368270903826
8,14,182,204,0.0035956972278654575
8,15,182,202,0.003689731238409877
8,16,182,212,0.004194332752376795
8,17,182,216,0.0043516880832612514
8,18,182,206,0.005491463467478752
8,19,182,203,0.006029133219271898
8,20,182,207,0.005303238984197378
8,21,182,205,0.0073127346113324165
8,22,182,98,-0.0003040705050807446
8,23,182,97,-0.006475158967077732
8,24,182,393,-0.008604919537901878
8,25,182,391,-0.010641511529684067
8,26,182,322,-0.011896807700395584
8,27,182,410,-0.012942052446305752
8,28,182,287,-0.012191491201519966
8,29,182,273,-0.011857169680297375
8,30,182,335,-0.011659802868962288
8,31,182,406,-0.010094653815031052
8,32,182,313,-0.008224625140428543
8,33,182,421,-0.008027439005672932
8,34,182,418,-0.01027959119528532
8,35,182,424,-0.011012142524123192
8,36,182,422,-0.011182296089828014
8,37,182,432,-0.01142576802521944
8,38,182,436,-0.011488266289234161
8,39,182,426,-0.011322646401822567
8,40,182,423,-0.010645394213497639
8,41,182,427,-0.011548810638487339
8,42,182,425,-0.010663011111319065
8,43,182,327,-0.00975209940224886
8,44,182,326,-0.008756591007113457
8,45,182,0,-0.0038343905471265316
8,46,182,37,-0.002041926607489586
8,47,182,39,-0.0014699784805998206
8,48,182,40,-0.003918697126209736
8,49,182,185,-0.004169434309005737
8,50,182,61,-0.004193488508462906
8,51,182,146,-0.006408326793462038
8,52,182,91,-0.0069000618532299995
8,53,182,181,0.005522361025214195
8,54,182,84,0.0035018769558519125
8,55,182,17,0.0016981399385258555
8,56,182,11,-0.0066042691469192505
8,57,182,72,-0.0013823822373524308
8,58,182,73,0.0013328864006325603
8,59,182,74,-0.0051116677932441235
8,60,182,184,-0.005475132260471582
8,61,182,77,-0.005801907274872065
8,62,182,90,-0.006498914211988449
8,63,182,180,0.006324071902781725
8,64,182,85,0.003575061447918415
8,65,182,16,-0.005394000094383955
8,66,182,12,-0.007794888224452734
8,67,182,38,-0.0011007264256477356
8,68,182,41,0.0012173193972557783
8,69,182,42,-0.004188663326203823
8,70,182,96,-0.005537503864616156
8,71,182,89,-0.004633520729839802
8,72,182,179,0.004901654552668333
8,73,182,86,0.002913034288212657
8,74,182,15,-0.0021756356582045555
8,75,182,13,-0.008721151389181614
8,76,182,82,-0.0015173346037045121
8,77,182,81,0.0006358238752000034
8,78,182,80,-0.002202484058216214
8,79,182,191,-0.0038785645738244057
8,80,182,78,-0.0033794716000556946
8,81,182,95,-0.004147609230130911
8,82,182,88,-0.0023801217321306467
8,83,182,178,0.003296400187537074
8,84,182,87,0.001064413576386869
8,85,182,14,-0.0007064529345370829
8,86,182,267,-0.011573944240808487
8,87,182,269,-0.009420836344361305
8,88,182,270,-0.011423927731812
8,89,182,409,-0.012754430994391441
8,90,182,291,-0.014281989075243473
8,91,182,375,-0.014073170721530914
8,92,182,321,-0.01211258489638567
8,93,182,405,-0.004903409630060196
8,94,182,314,-0.0035816719755530357
8,95,182,302,-0.011025512591004372
8,96,182,303,-0.008232704363763332
8,97,182,304,-0.011182054877281189
8,98,182,408,-0.013747336342930794
8,99,182,307,-0.013525355607271194
8,100,182,320,-0.009636884555220604
8,101,182,404,-0.004790228791534901
8,102,182,315,-0.00976578425616026
8,103,182,268,-0.007518487516790628
8,104,182,271,-0.009318605065345764
8,105,182,272,-0.011086193844676018
8,106,182,325,-0.01270219124853611
8,107,182,319,-0.00936806108802557
8,108,182,403,-0.005565754137933254
8,109,182,316,-0.0031023984774947166
8,110,182,312,-0.006711368449032307
8,111,182,311,-0.008956736885011196
8,112,182,310,-0.011748837307095528
8,113,182,415,-0.01305158156901598
8,114,182,308,-0.013554059900343418
8,115,182,324,-0.012469093315303326
8,116,182,318,-0.010450083762407303
8,117,182,402,-0.006943803280591965
8,118,182,317,-0.003620621282607317
9,10,83,18,-0.004024607595056295
9,11,83,200,-0.004180739633738995
9,12,83,201,0.0038817869499325752
9,13,83,194,0.0004943005624227226
9,14,83,204,0.00048286025412380695
9,15,83,202,0.0006480305455625057
9,16,83,212,0.001482948544435203
9,17,83,216,0.0024229080881923437
9,18,83,206,0.003308558603748679
9,19,83,203,0.004368901252746582
9,20,83,207,0.003153160447254777
9,21,83,205,0.00422722427174449
9,22,83,98,0.004494628868997097
9,23,83,97,-0.0016422414919361472
9,24,83,393,-0.008259430527687073
9,25,83,391,-0.01021395344287157
9,26,83,322,-0.01141252089291811
9,27,83,410,-0.011211898177862167
9,28,83,287,-0.011897342279553413
9,29,83,273,-0.011674930341541767
9,30,83,335,-0.010733528062701225
9,31,83,406,-0.010219069197773933
9,32,83,313,-0.0071559506468474865
9,33,83,421,-0.007892214693129063
9,34,83,418,-0.009203360415995121
9,35,83,424,-0.009952425956726074
9,36,83,422,-0.009973187930881977
9,37,83,432,-0.010454394854605198
9,38,83,436,-0.010801346972584724
9,39,83,426,-0.011104490607976913
9,40,83,423,-0.010485190898180008
9,41,83,427,-0.010725438594818115
9,42,83,425,-0.011027143336832523
9,43,83,327,-0.009082677774131298
9,44,83,326,-0.008210718631744385
9,45,83,0,-0.0036993068642914295
9,46,83,37,-0.00126192020252347
9,47,83,39,-0.004179294686764479
9,48,83,40,-0.005329790059477091
9,49,83,185,-0.0050793844275176525
9,50,83,61,-0.005321017932146788
9,51,83,146,-0.007070054300129414
9,52,83,91,-0.008384421467781067
9,53,83,181,-0.007960950955748558
9,54,83,84,0.0017770142294466496
9,55,83,17,0.0006633840966969728
9,56,83,11,-0.0031436672434210777
9,57,83,72,-0.0010606751311570406
9,58,83,73,-0.003989182412624359
9,59,83,74,-0.005150034092366695
9,60,83,184,-0.004671400412917137
9,61,83,77,-0.0070371986366808414
9,62,83,90,-0.008466874249279499
9,63,83,180,-0.008165549486875534
9,64,83,85,0.001674392493441701
9,65,83,16,0.0008599295979365706
9,66,83,12,-0.0030237678438425064
9,67,83,38,-0.00014115837984718382
9,68,83,41,-0.004673890769481659
9,69,83,42,-0.006031005643308163
9,70,83,96,-0.006428607739508152
9,71,83,89,-0.007559739984571934
9,72,83,179,-0.007940031588077545
9,73,83,86,0.0025151316076517105
9,74,83,15,0.0021722253877669573
9,75,83,13,-0.0032288306392729282
9,76,83,82,0.0002858255757018924
9,77,83,81,-0.004303156863898039
9,78,83,80,-0.00477075669914484
9,79,83,191,-0.005406847223639488
9,80,83,78,-0.005152571015059948
9,81,83,95,-0.005806030239909887
9,82,83,88,-0.00649603083729744
9,83,83,178,-0.006298257037997246
9,84,83,87,0.0022072680294513702
9,85,83,14,7.398620073217899e-05
9,86,83,267,-0.006762078031897545
9,87,83,269,-0.009627065621316433
9,88,83,270,-0.011046144179999828
9,89,83,409,-0.012607160024344921
9,90,83,291,-0.013407425954937935
9,91,83,375,-0.012616713531315327
9,92,83,321,-0.009882215410470963
9,93,83,405,-0.005678491201251745
9,94,83,314,-0.002330319955945015
9,95,83,302,-0.006338468752801418
9,96,83,303,-0.00937957689166069
9,97,83,304,-0.010568255558609962
9,98,83,408,-0.012409238144755363
9,99,83,307,-0.012125445529818535
9,100,83,320,-0.010969813913106918
9,101,83,404,-0.005607403814792633
9,102,83,315,-0.001953358296304941
9,103,83,268,-0.0063798390328884125
9,104,83,271,-0.008987504988908768
9,105,83,272,-0.011269455775618553
9,106,83,325,-0.010999404825270176
9,107,83,319,-0.01022140122950077
9,108,83,403,-0.005917456466704607
9,109,83,316,-0.0026851368602365255
9,110,83,312,-0.006356259807944298
9,111,83,311,-0.009238076396286488
9,112,83,310,-0.010716427117586136
9,113,83,415,-0.01151449978351593
9,114,83,308,-0.011480370536446571
9,115,83,324,-0.011312729679048061
9,116,83,318,-0.009215974248945713
9,117,83,402,-0.006815296597778797
9,118,83,317,-0.003753182478249073
10,11,18,200,-0.0006631204159930348
10,12,18,201,-0.0023434150498360395
10,13,18,194,-0.0012277369387447834
10,14,18,204,-0.0011042415862903
10,15,18,202,-0.0013461123453453183
10,16,18,212,-0.0015909707872197032
10,17,18,216,-0.0018430555937811732
10,18,18,206,0.0002482574200257659
10,19,18,203,0.001921414048410952
10,20,18,207,-0.00021595851285383105
10,21,18,205,-0.0002007659786613658
10,22,18,98,0.0017507009906694293
10,23,18,97,0.0014484632993116975
10,24,18,393,-0.008212809450924397
10,25,18,391,-0.011898710392415524
10,26,18,322,-0.011460311710834503
10,27,18,410,-0.011384853161871433
10,28,18,287,-0.012118623591959476
10,29,18,273,-0.010973035357892513
10,30,18,335,-0.009870181791484356
10,31,18,406,-0.008810769766569138
10,32,18,313,-0.007034966256469488
10,33,18,421,-0.00713419308885932
10,34,18,418,-0.009081520140171051
10,35,18,424,-0.00983449723571539
10,36,18,422,-0.011118688620626926
10,37,18,432,-0.011738461442291737
10,38,18,436,-0.011067788116633892
10,39,18,426,-0.011677098460495472
10,40,18,423,-0.011589467525482178
10,41,18,427,-0.008196351118385792
10,42,18,425,-0.009380404837429523
10,43,18,327,-0.00838394183665514
10,44,18,326,-0.009188943542540073
10,45,18,0,-0.0010298880515620112
10,46,18,37,-0.0031868508085608482
10,47,18,39,-0.005769568495452404
10,48,18,40,-0.007702640723437071
10,49,18,185,-0.007550698239356279
10,50,18,61,-0.007509863935410976
10,51,18,146,-0.008927599526941776
10,52,18,91,-0.008476345799863338
10,53,18,181,-0.008128010667860508
10,54,18,84,-0.006414634641259909
10,55,18,17,-0.001375847845338285
10,56,18,11,-0.0011063319398090243
10,57,18,72,-0.003590865759178996
10,58,18,73,-0.005790818948298693
10,59,18,74,-0.0073661706410348415
10,60,18,184,-0.007261479739099741
10,61,18,77,-0.008006119169294834
10,62,18,90,-0.008727741427719593
10,63,18,180,-0.007984081283211708
10,64,18,85,-0.006328191142529249
10,65,18,16,-0.0011874194024130702
10,66,18,12,-0.0010808671358972788
10,67,18,38,-0.003732797922566533
10,68,18,41,-0.0052354102954268456
10,69,18,42,-0.006658108904957771
10,70,18,96,-0.007769777439534664
10,71,18,89,-0.008191214874386787
10,72,18,179,-0.008024142123758793
10,73,18,86,-0.006214188877493143
10,74,18,15,-0.0015568486414849758
10,75,18,13,-0.001658763037994504
10,76,18,82,-0.004587780684232712
10,77,18,81,-0.005887431092560291
10,78,18,80,-0.005981631577014923
10,79,18,191,-0.006785394623875618
10,80,18,78,-0.0065014255233109
10,81,18,95,-0.006961804814636707
10,82,18,88,-0.007432475686073303
10,83,18,178,-0.00737031502649188
10,84,18,87,-0.007590685971081257
10,85,18,14,-0.0019980273209512234
10,86,18,267,-0.005290768574923277
10,87,18,269,-0.008226729929447174
10,88,18,270,-0.010312022641301155
10,89,18,409,-0.011730796657502651
10,90,18,291,-0.011283153668045998
10,91,18,375,-0.009424762800335884
10,92,18,321,-0.00891857035458088
10,93,18,405,-0.006154612638056278
10,94,18,314,-0.0027416592929512262
10,95,18,302,-0.005062772426754236
10,96,18,303,-0.008201471529901028
10,97,18,304,-0.010255716741085052
10,98,18,408,-0.011065012775361538
10,99,18,307,-0.009120895527303219
10,100,18,320,-0.008578907698392868
10,101,18,404,-0.005959422327578068
10,102,18,315,-0.002671031514182687
10,103,18,268,-0.0051073599606752396
10,104,18,271,-0.00799591839313507
10,105,18,272,-0.01031915470957756
10,106,18,325,-0.00940327811986208
10,107,18,319,-0.00825580395758152
10,108,18,403,-0.005541547667235136
10,109,18,316,-0.002080890815705061
10,110,18,312,-0.005203042645007372
10,111,18,311,-0.008206726051867008
10,112,18,310,-0.01068693958222866
10,113,18,415,-0.010306871496140957
10,114,18,308,-0.011429335922002792
10,115,18,324,-0.010171584784984589
10,116,18,318,-0.008776767179369926
10,117,18,402,-0.005833164788782597
10,118,18,317,-0.002937392797321081
11,12,200,201,-0.003373702522367239
11,13,200,194,-0.0019261047709733248
11,14,200,204,-0.0023354024160653353
11,15,200,202,-0.0026523899286985397
11,16,200,212,-0.0026160143315792084
11,17,200,216,-0.002232098951935768
11,18,200,206,-0.0003253313188906759
11,19,200,203,0.0011728027602657676
11,20,200,207,-0.0007474670419469476
11,21,200,205,-0.000620598322711885
11,22,200,98,0.0009756955550983548
11,23,200,97,0.002082240767776966
11,24,200,393,-0.006821073591709137
11,25,200,391,-0.01000268291682005
11,26,200,322,-0.011742380447685719
11,27,200,410,-0.00999956950545311
11,28,200,287,-0.010670400224626064
11,29,200,273,-0.009822200983762741
11,30,200,335,-0.009624293074011803
11,31,200,406,-0.008864969946444035
11,32,200,313,-0.006306136958301067
11,33,200,421,-0.00677615636959672
11,34,200,418,-0.008314214646816254
11,35,200,424,-0.008794053457677364
11,36,200,422,-0.009358060546219349
11,37,200,432,-0.009072314016520977
11,38,200,436,-0.009197461418807507
11,39,200,426,-0.01194014586508274
11,40,200,423,-0.009456086903810501
11,41,200,427,-0.008319711312651634
11,42,200,425,-0.009848181158304214
11,43,200,327,-0.006686554290354252
11,44,200,326,-0.006570072378963232
11,45,200,0,-0.0010832586558535695
11,46,200,37,-0.004219584632664919
11,47,200,39,-0.0060457875952124596
11,48,200,40,-0.007637332659214735
11,49,200,185,-0.008224453777074814
11,50,200,61,-0.008092910051345825
11,51,200,146,-0.009068080224096775
11,52,200,91,-0.009557945653796196
11,53,200,181,-0.009631888009607792
11,54,200,84,-0.007975772023200989
11,55,200,17,-0.0014196294359862804
11,56,200,11,-0.001310659572482109
11,57,200,72,-0.0046632480807602406
11,58,200,73,-0.00606998335570097
11,59,200,74,-0.007434469182044268
11,60,200,184,-0.007971089333295822
11,61,200,77,-0.008896985091269016
11,62,200,90,-0.009318819269537926
11,63,200,180,-0.009160985238850117
11,64,200,85,-0.007930579595267773
11,65,200,16,-0.0015234992606565356
11,66,200,12,-0.001479708356782794
11,67,200,38,-0.00483685452491045
11,68,200,41,-0.006827681791037321
11,69,200,42,-0.007957524619996548
11,70,200,96,-0.008394462056457996
11,71,200,89,-0.009786058217287064
11,72,200,179,-0.008837264962494373
11,73,200,86,-0.00776224909350276
11,74,200,15,-0.0019600228406488895
11,75,200,13,-0.0017624534666538239
11,76,200,82,-0.004629297181963921
11,77,200,81,-0.006648282054811716
11,78,200,80,-0.007376979570835829
11,79,200,191,-0.0077678062953054905
11,80,200,78,-0.007167767733335495
11,81,200,95,-0.008103689178824425
11,82,200,88,-0.008740583434700966
11,83,200,178,-0.008804820477962494
11,84,200,87,-0.007261054124683142
11,85,200,14,-0.0017219707369804382
11,86,200,267,-0.004802288021892309
11,87,200,269,-0.008335680700838566
11,88,200,270,-0.00970002543181181
11,89,200,409,-0.010395013727247715
11,90,200,291,-0.009364415891468525
11,91,200,375,-0.008874685503542423
11,92,200,321,-0.008739469572901726
11,93,200,405,-0.0045137410052120686
11,94,200,314,-0.0010097408667206764
11,95,200,302,-0.004928160924464464
11,96,200,303,-0.007364895660430193
11,97,200,304,-0.008545885793864727
11,98,200,408,-0.010390124283730984
11,99,200,307,-0.007653077132999897
11,100,200,320,-0.007889806292951107
11,101,200,404,-0.003674292005598545
11,102,200,315,-0.000969753076788038
11,103,200,268,-0.004527942277491093
11,104,200,271,-0.0068153878673911095
11,105,200,272,-0.009004859253764153
11,106,200,325,-0.008338437415659428
11,107,200,319,-0.006898957304656506
11,108,200,403,-0.0037562043871730566
11,109,200,316,-0.0012404238805174828
11,110,200,312,-0.004228909499943256
11,111,200,311,-0.007042665500193834
11,112,200,310,-0.008924010209739208
11,113,200,415,-0.00977438036352396
11,114,200,308,-0.01037074439227581
11,115,200,324,-0.008724766783416271
11,116,200,318,-0.006561173126101494
11,117,200,402,-0.0034836188424378633
11,118,200,317,-0.001830275752581656
12,13,201,194,-0.0017154304077848792
12,14,201,204,-0.0006865927134640515
12,15,201,202,-0.0008716860320419073
12,16,201,212,-0.00023310018877964467
12,17,201,216,0.000665507628582418
12,18,201,206,0.0018292776076123118
12,19,201,203,0.00324830855242908
12,20,201,207,0.0015764494892209768
12,21,201,205,0.003384367562830448
12,22,201,98,0.0025600010994821787
12,23,201,97,-0.003999718930572271
12,24,201,393,-0.0063437847420573235
12,25,201,391,-0.009346134960651398
12,26,201,322,-0.01043225359171629
12,27,201,410,-0.010988167487084866
12,28,201,287,-0.010991998016834259
12,29,201,273,-0.010853460058569908
12,30,201,335,-0.010309061035513878
12,31,201,406,-0.008783881552517414
12,32,201,313,-0.006161453668028116
12,33,201,421,-0.00601539108902216
12,34,201,418,-0.008925932459533215
12,35,201,424,-0.009474046528339386
12,36,201,422,-0.009448287077248096
12,37,201,432,-0.010097505524754524
12,38,201,436,-0.009932619519531727
12,39,201,426,-0.010385056026279926
12,40,201,423,-0.0092447679489851
12,41,201,427,-0.009571014903485775
12,42,201,425,-0.009018797427415848
12,43,201,327,-0.008049708791077137
12,44,201,326,-0.006964037660509348
12,45,201,0,-0.0021919761784374714
12,46,201,37,0.0011178990826010704
12,47,201,39,-0.004821226932108402
12,48,201,40,-0.005883657839149237
12,49,201,185,-0.005843519698828459
12,50,201,61,-0.0067783985286951065
12,51,201,146,-0.007643320597708225
12,52,201,91,-0.008566902950406075
12,53,201,181,-0.007838749326765537
12,54,201,84,0.005714186932891607
12,55,201,17,0.0014846196863800287
12,56,201,11,-0.0016652807826176286
12,57,201,72,0.0021073909010738134
12,58,201,73,-0.005049562081694603
12,59,201,74,-0.005701297894120216
12,60,201,184,-0.006759242154657841
12,61,201,77,-0.007708099205046892
12,62,201,90,-0.008960875682532787
12,63,201,180,-0.00791548565030098
12,64,201,85,0.005042734555900097
12,65,201,16,0.0018974548438563943
12,66,201,12,-0.0016198602970689535
12,67,201,38,0.002202566247433424
12,68,201,41,-0.0051156519912183285
12,69,201,42,-0.0068248058669269085
12,70,201,96,-0.007124077528715134
12,71,201,89,-0.008308538235723972
12,72,201,179,-0.007213133852928877
12,73,201,86,0.0056528449058532715
12,74,201,15,0.0004227742028888315
12,75,201,13,-0.0019125656690448523
12,76,201,82,0.0015996830770745873
12,77,201,81,-0.004014193546026945
12,78,201,80,-0.005965665448457003
12,79,201,191,-0.006196458823978901
12,80,201,78,-0.00545577984303236
12,81,201,95,-0.006122156511992216
12,82,201,88,-0.00717718992382288
12,83,201,178,-0.005295109935104847
12,84,201,87,0.0041929688304662704
12,85,201,14,0.0002855516504496336
12,86,201,267,-0.00810034479945898
12,87,201,269,-0.013110498897731304
12,88,201,270,-0.010717520490288734
12,89,201,409,-0.011979842558503151
12,90,201,291,-0.012049902230501175
12,91,201,375,-0.011980261653661728
12,92,201,321,-0.008945247158408165
12,93,201,405,-0.0049386764876544476
12,94,201,314,-0.002026508329436183
12,95,201,302,-0.005664030555635691
12,96,201,303,-0.008701787330210209
12,97,201,304,-0.010248754173517227
12,98,201,408,-0.011505312286317348
12,99,201,307,-0.010497230105102062
12,100,201,320,-0.009881798177957535
12,101,201,404,-0.005031467881053686
12,102,201,315,-0.0016473473515361547
12,103,201,268,-0.005731478799134493
12,104,201,271,-0.008388048969209194
12,105,201,272,-0.010311721824109554
12,106,201,325,-0.009890493005514145
12,107,201,319,-0.008661586791276932
12,108,201,403,-0.005587838590145111
12,109,201,316,-0.002141294302418828
12,110,201,312,-0.005627090111374855
12,111,201,311,-0.008031828328967094
12,112,201,310,-0.009910574182868004
12,113,201,415,-0.010433588176965714
12,114,201,308,-0.009928347542881966
12,115,201,324,-0.00978945940732956
12,116,201,318,-0.007491075899451971
12,117,201,402,-0.005561456549912691
12,118,201,317,-0.0026662598829716444
13,14,194,204,-0.00117536133620888
13,15,194,202,6.248913996387273e-05
13,16,194,212,0.00035864647361449897
13,17,194,216,0.0013996314955875278
13,18,194,206,0.002827092306688428
13,19,194,203,0.002559155225753784
13,20,194,207,0.00209588254801929
13,21,194,205,0.0047696842812001705
13,22,194,98,-0.004040637984871864
13,23,194,97,-0.004139960277825594
13,24,194,393,-0.006474039983004332
13,25,194,391,-0.008645789697766304
13,26,194,322,-0.010446373373270035
13,27,194,410,-0.01102338545024395
13,28,194,287,-0.01085961889475584
13,29,194,273,-0.010638768784701824
13,30,194,335,-0.010265778750181198
13,31,194,406,-0.008199375122785568
13,32,194,313,-0.00655660405755043
13,33,194,421,-0.006044466979801655
13,34,194,418,-0.008708315901458263
13,35,194,424,-0.00958842970430851
13,36,194,422,-0.009431428276002407
13,37,194,432,-0.009694105945527554
13,38,194,436,-0.009494217112660408
13,39,194,426,-0.009682383388280869
13,40,194,423,-0.0087885782122612
13,41,194,427,-0.00970176886767149
13,42,194,425,-0.009017844684422016
13,43,194,327,-0.008006015792489052
13,44,194,326,-0.0070681506767869
13,45,194,0,-0.001812244183383882
13,46,194,37,0.0008993451483547688
13,47,194,39,0.003650250844657421
13,48,194,40,-0.004449718166142702
13,49,194,185,-0.006367488298565149
13,50,194,61,-0.005698098801076412
13,51,194,146,-0.009042196907103062
13,52,194,91,-0.0003798745747189969
13,53,194,181,0.007972926832735538
13,54,194,84,0.00574867520481348
13,55,194,17,0.0014906451106071472
13,56,194,11,-0.0016475414158776402
13,57,194,72,0.0013163433177396655
13,58,194,73,0.004720022901892662
13,59,194,74,-7.113520405255258e-05
13,60,194,184,-0.006573973689228296
13,61,194,77,-0.00673721544444561
13,62,194,90,0.002934881253167987
13,63,194,180,0.007829572074115276
13,64,194,85,0.004815653897821903
13,65,194,16,-0.001187554677017033
13,66,194,12,-0.003601209493353963
13,67,194,38,0.0010888403048738837
13,68,194,41,0.004192375112324953
13,69,194,42,0.004098119679838419
13,70,194,96,-0.003332829335704446
13,71,194,89,0.0058660078793764114
13,72,194,179,0.00748333428055048
13,73,194,86,0.004058105405420065
13,74,194,15,-0.00031709513859823346
13,75,194,13,-0.0021507921628654003
13,76,194,82,0.0006732882466167212
13,77,194,81,0.003482206491753459
13,78,194,80,0.004798744805157185
13,79,194,191,-0.0024172039702534676
13,80,194,78,-0.005314237903803587
13,81,194,95,-0.002159634605050087
13,82,194,88,0.005925033241510391
13,83,194,178,0.006550968158990145
13,84,194,87,0.0031079521868377924
13,85,194,14,0.0008319175103679299
13,86,194,267,-0.006688891910016537
13,87,194,269,-0.008303124457597733
13,88,194,270,-0.009843287989497185
13,89,194,409,-0.011228249408304691
13,90,194,291,-0.012671445496380329
13,91,194,375,-0.011990265920758247
13,92,194,321,-0.008147788234055042
13,93,194,405,-0.0044073802419006824
13,94,194,314,-0.0013970902655273676
13,95,194,302,-0.005086374003440142
13,96,194,303,-0.007736654952168465
13,97,194,304,-0.009416187182068825
13,98,194,408,-0.011867118999361992
13,99,194,307,-0.011198480613529682
13,100,194,320,-0.007994919084012508
13,101,194,404,-0.004392923787236214
13,102,194,315,-0.001252438873052597
13,103,194,268,-0.005356829613447189
13,104,194,271,-0.007342197932302952
13,105,194,272,-0.009207501076161861
13,106,194,325,-0.010731397196650505
13,107,194,319,-0.007688584737479687
13,108,194,403,-0.004664625972509384
13,109,194,316,-0.0013100778451189399
13,110,194,312,-0.005106035619974136
13,111,194,311,-0.006927493494004011
13,112,194,310,-0.009868700057268143
13,113,194,415,-0.011272171512246132
13,114,194,308,-0.011243360117077827
13,115,194,324,-0.010632524266839027
13,116,194,318,-0.0077123092487454414
13,117,194,402,-0.005391930229961872
13,118,194,317,-0.002126345643773675
14,15,204,202,0.00025331167853437364
14,16,204,212,0.00042908222530968487
14,17,204,216,0.001202282728627324
14,18,204,206,0.0020944273564964533
14,19,204,203,-0.003916040528565645
14,20,204,207,0.002170378342270851
14,21,204,205,0.004673885181546211
14,22,204,98,-0.004109459929168224
14,23,204,97,-0.004567524418234825
14,24,204,393,-0.006347252056002617
14,25,204,391,-0.00818482507020235
14,26,204,322,-0.009888021275401115
14,27,204,410,-0.010824880562722683
14,28,204,287,-0.011222154833376408
14,29,204,273,-0.00984372291713953
14,30,204,335,-0.00991779938340187
14,31,204,406,-0.0079873725771904
14,32,204,313,-0.00594933470711112
14,33,204,421,-0.005270012654364109
14,34,204,418,-0.008002430200576782
14,35,204,424,-0.009048187173902988
14,36,204,422,-0.009026624262332916
14,37,204,432,-0.009506652131676674
14,38,204,436,-0.009393297135829926
14,39,204,426,-0.009444834664463997
14,40,204,423,-0.009102596901357174
14,41,204,427,-0.009042510762810707
14,42,204,425,-0.009038585238158703
14,43,204,327,-0.00811221543699503
14,44,204,326,-0.006628518924117088
14,45,204,0,-0.0011127679608762264
14,46,204,37,0.0006846570177003741
14,47,204,39,0.003028811188414693
14,48,204,40,0.00529276579618454
14,49,204,185,0.0060676028952002525
14,50,204,61,0.002920810366049409
14,51,204,146,0.007613157853484154
14,52,204,91,0.008352965116500854
14,53,204,181,0.008079771883785725
14,54,204,84,0.005871232599020004
14,55,204,17,0.001599785522557795
14,56,204,11,-0.001231448957696557
14,57,204,72,0.0011485760333016515
14,58,204,73,0.0028175250627100468
14,59,204,74,0.004893648438155651
14,60,204,184,0.006473558954894543
14,61,204,77,0.006997598335146904
14,62,204,90,0.008130398578941822
14,63,204,180,0.008208558894693851
14,64,204,85,0.005517080891877413
14,65,204,16,0.0019113621674478054
14,66,204,12,-0.0013080684002488852
14,67,204,38,0.0012784739956259727
14,68,204,41,0.0038497825153172016
14,69,204,42,0.005886285565793514
14,70,204,96,0.006881162989884615
14,71,204,89,0.00800375547260046
14,72,204,179,0.007301516365259886
14,73,204,86,0.00434742821380496
14,74,204,15,-0.0025269626639783382
14,75,204,13,-0.0015236783074215055
14,76,204,82,0.000871904194355011
14,77,204,81,0.003109276993200183
14,78,204,80,0.0049127014353871346
14,79,204,191,0.005617132876068354
14,80,204,78,0.005394663196057081
14,81,204,95,0.006246061995625496
14,82,204,88,0.007015030365437269
14,83,204,178,0.006216902751475573
14,84,204,87,0.0036344106774777174
14,85,204,14,0.001038857502862811
14,86,204,267,-0.004893152043223381
14,87,204,269,-0.00762651301920414
14,88,204,270,-0.009343978017568588
14,89,204,409,-0.011066586710512638
14,90,204,291,-0.012370382435619831
14,91,204,375,-0.011755218729376793
14,92,204,321,-0.007664064411073923
14,93,204,405,-0.004545717965811491
14,94,204,314,-0.0016526745166629553
14,95,204,302,-0.0044451127760112286
14,96,204,303,-0.007370267529040575
14,97,204,304,-0.00900221150368452
14,98,204,408,-0.01172568928450346
14,99,204,307,-0.01083932351320982
14,100,204,320,-0.007481527980417013
14,101,204,404,-0.0036304343957453966
14,102,204,315,-0.001565640210174024
14,103,204,268,-0.004481816198676825
14,104,204,271,-0.006937291473150253
14,105,204,272,-0.00984149519354105
14,106,204,325,-0.010200941935181618
14,107,204,319,-0.007101130206137896
14,108,204,403,-0.004126083571463823
14,109,204,316,-0.001005222904495895
14,110,204,312,-0.004332800395786762
14,111,204,311,-0.006404399406164885
14,112,204,310,-0.009325503371655941
14,113,204,415,-0.011234062723815441
14,114,204,308,-0.011142942123115063
14,115,204,324,-0.010050896555185318
14,116,204,318,-0.007048873230814934
14,117,204,402,-0.005038746632635593
14,118,204,317,-0.0015407464234158397
15,16,202,212,0.00018508988432586193
15,17,202,216,0.0004536219348665327
15,18,202,206,-0.0030672098509967327
15,19,202,203,-0.0037668587174266577
15,20,202,207,0.0027731754817068577
15,21,202,205,0.0034961095079779625
15,22,202,98,-0.0037569464184343815
15,23,202,97,-0.003918931819498539
15,24,202,393,-0.005469369236379862
15,25,202,391,-0.007796247955411673
15,26,202,322,-0.00942271389067173
15,27,202,410,-0.010401093401014805
15,28,202,287,-0.010781531222164631
15,29,202,273,-0.010224451310932636
15,30,202,335,-0.008202765136957169
15,31,202,406,-0.0074934447184205055
15,32,202,313,-0.005860541015863419
15,33,202,421,-0.0060335625894367695
15,34,202,418,-0.00799593236297369
15,35,202,424,-0.008844870142638683
15,36,202,422,-0.008593407459557056
15,37,202,432,-0.009576940909028053
15,38,202,436,-0.009593766182661057
15,39,202,426,-0.008811923675239086
15,40,202,423,-0.008619728498160839
15,41,202,427,-0.008216499350965023
15,42,202,425,-0.008934990502893925
15,43,202,327,-0.008021724410355091
15,44,202,326,-0.005801237188279629
15,45,202,0,-0.0011473357444629073
15,46,202,37,0.0012269216822460294
15,47,202,39,0.0035851863212883472
15,48,202,40,0.005905063357204199
15,49,202,185,0.006713416427373886
15,50,202,61,0.005876821931451559
15,51,202,146,0.00799630954861641
15,52,202,91,0.008311238139867783
15,53,202,181,0.007857409305870533
15,54,202,84,0.002894253470003605
15,55,202,17,0.0017413990572094917
15,56,202,11,-0.0007797779398970306
15,57,202,72,0.0006450146320275962
15,58,202,73,0.003567807376384735
15,59,202,74,0.005458584986627102
15,60,202,184,0.006423001643270254
15,61,202,77,0.007686340715736151
15,62,202,90,0.008143709041178226
15,63,202,180,0.005491787102073431
15,64,202,85,0.005128487944602966
15,65,202,16,0.001839829608798027
15,66,202,12,-0.000780426780693233
15,67,202,38,0.0014906643191352487
15,68,202,41,0.0032727366778999567
15,69,202,42,0.005048324819654226
15,70,202,96,0.007433258928358555
15,71,202,89,0.007537499535828829
15,72,202,179,0.006821848452091217
15,73,202,86,0.004894050303846598
15,74,202,15,0.001699195010587573
15,75,202,13,-0.0010248811449855566
15,76,202,82,0.0010924622183665633
15,77,202,81,0.003825806314125657
15,78,202,80,0.005170177668333054
15,79,202,191,0.0054623098112642765
15,80,202,78,0.006329882889986038
15,81,202,95,0.0064782630652189255
15,82,202,88,0.006776106543838978
15,83,202,178,0.005846102721989155
15,84,202,87,0.003965066745877266
15,85,202,14,0.0014524677535519004
15,86,202,267,-0.004121297504752874
15,87,202,269,-0.007357953581959009
15,88,202,270,-0.008985653519630432
15,89,202,409,-0.011273030191659927
15,90,202,291,-0.012017729692161083
15,91,202,375,-0.010686582885682583
15,92,202,321,-0.008807405829429626
15,93,202,405,-0.004262418951839209
15,94,202,314,-0.0009357878589071333
15,95,202,302,-0.00390394008718431
15,96,202,303,-0.006897967774420977
15,97,202,304,-0.009807202033698559
15,98,202,408,-0.010691775009036064
15,99,202,307,-0.009984682314097881
15,100,202,320,-0.00800695177167654
15,101,202,404,-0.004150111228227615
15,102,202,315,-0.0007064155070111156
15,103,202,268,-0.003909923601895571
15,104,202,271,-0.006383105646818876
15,105,202,272,-0.00934216845780611
15,106,202,325,-0.009359840303659439
15,107,202,319,-0.007798618171364069
15,108,202,403,-0.004230390768498182
15,109,202,316,-0.0009380503906868398
15,110,202,312,-0.004995988681912422
15,111,202,311,-0.0071952203288674355
15,112,202,310,-0.008586925454437733
15,113,202,415,-0.00983799621462822
15,114,202,308,-0.007628669496625662
15,115,202,324,-0.008913801051676273
15,116,202,318,-0.007843566127121449
15,117,202,402,-0.004313226789236069
15,118,202,317,-0.001251229434274137
16,17,212,216,-0.0007339826552197337
16,18,212,206,-0.002999993273988366
16,19,212,203,-0.0034819459542632103
16,20,212,207,0.003506313543766737
16,21,212,205,0.0007657859823666513
16,22,212,98,-0.003680591005831957
16,23,212,97,-0.0025614993646740913
16,24,212,393,-0.004538770765066147
16,25,212,391,-0.0071946559473872185
16,26,212,322,-0.008647334761917591
16,27,212,410,-0.010036172345280647
16,28,212,287,-0.0101083405315876
16,29,212,273,-0.00932145956903696
16,30,212,335,-0.0094382856041193
16,31,212,406,-0.007623817306011915
16,32,212,313,-0.006358951795846224
16,33,212,421,-0.006056762300431728
16,34,212,418,-0.007865597493946552
16,35,212,424,-0.008107070811092854
16,36,212,422,-0.007787790149450302
16,37,212,432,-0.009405865333974361
16,38,212,436,-0.009171226061880589
16,39,212,426,-0.008190508000552654
16,40,212,423,-0.008484072051942348
16,41,212,427,-0.007459980435669422
16,42,212,425,-0.008486412465572357
16,43,212,327,-0.008027974516153336
16,44,212,326,-0.005231339018791914
16,45,212,0,-0.0006159492186270654
16,46,212,37,0.00083102413918823
16,47,212,39,0.004366316832602024
16,48,212,40,0.006847781129181385
16,49,212,185,0.0069731599651277065
16,50,212,61,0.006583136040717363
16,51,212,146,0.008177352137863636
16,52,212,91,0.006905484478920698
16,53,212,181,0.0057060872204601765
16,54,212,84,0.0033142250031232834
16,55,212,17,0.0008225737255997956
16,56,212,11,-0.0002700683253351599
16,57,212,72,0.001103364978916943
16,58,212,73,0.00453048013150692
16,59,212,74,0.0062794433906674385
16,60,212,184,0.0069617354311048985
16,61,212,77,0.00802639126777649
16,62,212,90,0.00690426304936409
16,63,212,180,0.005788189824670553
16,64,212,85,0.0030834542121738195
16,65,212,16,0.002154872752726078
16,66,212,12,-0.00022971743601374328
16,67,212,38,0.0010859076865017414
16,68,212,41,0.004002636764198542
16,69,212,42,0.005596783012151718
16,70,212,96,0.006436980329453945
16,71,212,89,0.00635891780257225
16,72,212,179,0.005359874106943607
16,73,212,86,0.002657751552760601
16,74,212,15,0.0023324766661971807
16,75,212,13,-0.0003677880158647895
16,76,212,82,0.001956689404323697
16,77,212,81,0.004320706240832806
16,78,212,80,0.004743673838675022
16,79,212,191,0.0059646135196089745
16,80,212,78,0.005600922740995884
16,81,212,95,0.005961044691503048
16,82,212,88,0.005807631183415651
16,83,212,178,0.0050475820899009705
16,84,212,87,0.0041296230629086494
16,85,212,14,0.0017997405957430601
16,86,212,267,-0.0034892652183771133
16,87,212,269,-0.006807251367717981
16,88,212,270,-0.009757709689438343
16,89,212,409,-0.010510528460144997
16,90,212,291,-0.011551911942660809
16,91,212,375,-0.008996632881462574
16,92,212,321,-0.007784762419760227
16,93,212,405,-0.006489965133368969
16,94,212,314,-0.0031131694559007883
16,95,212,302,-0.0032502287067472935
16,96,212,303,-0.006562561262398958
16,97,212,304,-0.009337317198514938
16,98,212,408,-0.009490134194493294
16,99,212,307,-0.008629174903035164
16,100,212,320,-0.007057664450258017
16,101,212,404,-0.0056163473054766655
16,102,212,315,-0.0013103516539558768
16,103,212,268,-0.004461770411580801
16,104,212,271,-0.007242236752063036
16,105,212,272,-0.00869271345436573
16,106,212,325,-0.008122243918478489
16,107,212,319,-0.006560831796377897
16,108,212,403,-0.004965626168996096
16,109,212,316,-0.0008177326526492834
16,110,212,312,-0.004339519888162613
16,111,212,311,-0.006708092056214809
16,112,212,310,-0.00825665146112442
16,113,212,415,-0.00977170281112194
16,114,212,308,-0.00932591687887907
16,115,212,324,-0.008556566201150417
16,116,212,318,-0.006959525868296623
16,117,212,402,-0.005156880710273981
16,118,212,317,-0.0013594183837994933
17,18,216,206,-0.0029498753137886524
17,19,216,203,-0.0033171039540320635
17,20,216,207,0.00298673240467906
17,21,216,205,0.003053565975278616
17,22,216,98,-0.0034218677319586277
17,23,216,97,-0.0021677580662071705
17,24,216,393,-0.0040624248795211315
17,25,216,391,-0.007627634331583977
17,26,216,322,-0.008372176438570023
17,27,216,410,-0.009616486728191376
17,28,216,287,-0.009595259092748165
17,29,216,273,-0.008825281634926796
17,30,216,335,-0.00898024346679449
17,31,216,406,-0.008438692428171635
17,32,216,313,-0.00593141233548522
17,33,216,421,-0.0056404853239655495
17,34,216,418,-0.008081297390162945
17,35,216,424,-0.007623659912496805
17,36,216,422,-0.00755118764936924
17,37,216,432,-0.008633172139525414
17,38,216,436,-0.008806511759757996
17,39,216,426,-0.007780906278640032
17,40,216,423,-0.008382786065340042
17,41,216,427,-0.0074125067330896854
17,42,216,425,-0.008092211559414864
17,43,216,327,-0.008091451600193977
17,44,216,326,-0.005003382917493582
17,45,216,0,-0.0012382683344185352
17,46,216,37,0.0012621422065421939
17,47,216,39,0.005160110536962748
17,48,216,40,0.007921315729618073
17,49,216,185,0.008011434227228165
17,50,216,61,0.006879253312945366
17,51,216,146,0.0074829296208918095
17,52,216,91,0.007117168977856636
17,53,216,181,0.006319877225905657
17,54,216,84,0.0037991642020642757
17,55,216,17,0.0014507207088172436
17,56,216,11,-0.001019094604998827
17,57,216,72,0.0015208700206130743
17,58,216,73,0.005308752413839102
17,59,216,74,0.007248864043504
17,60,216,184,0.007600024342536926
17,61,216,77,0.007382070180028677
17,62,216,90,0.007309181150048971
17,63,216,180,0.006087106186896563
17,64,216,85,0.0037321511190384626
17,65,216,16,0.0015362738631665707
17,66,216,12,-0.000999416341073811
17,67,216,38,0.001544805127196014
17,68,216,41,0.004809319972991943
17,69,216,42,0.006674290634691715
17,70,216,96,0.006746816448867321
17,71,216,89,0.007198788225650787
17,72,216,179,0.006488980259746313
17,73,216,86,0.003560086013749242
17,74,216,15,0.002547250594943762
17,75,216,13,-0.0011971232015639544
17,76,216,82,0.0010530040599405766
17,77,216,81,0.003931921441107988
17,78,216,80,0.005314531736075878
17,79,216,191,0.0064887069165706635
17,80,216,78,0.0059997024945914745
17,81,216,95,0.006612648721784353
17,82,216,88,0.006769364234060049
17,83,216,178,0.005957508459687233
17,84,216,87,0.003254985436797142
17,85,216,14,0.0022474017459899187
17,86,216,267,-0.0032772361300885677
17,87,216,269,-0.006790814455598593
17,88,216,270,-0.009856041520833969
17,89,216,409,-0.009844077751040459
17,90,216,291,-0.011498728767037392
17,91,216,375,-0.01043157372623682
17,92,216,321,-0.010414399206638336
17,93,216,405,-0.0061978530138731
17,94,216,314,-0.0028006990905851126
17,95,216,302,-0.004456909839063883
17,96,216,303,-0.006306053139269352
17,97,216,304,-0.009323455393314362
17,98,216,408,-0.00913542602211237
17,99,216,307,-0.009189591743052006
17,100,216,320,-0.006894820835441351
17,101,216,404,-0.005088722798973322
17,102,216,315,-0.002315431833267212
17,103,216,268,-0.004070826340466738
17,104,216,271,-0.006710384041070938
17,105,216,272,-0.008604125119745731
17,106,216,325,-0.009225898422300816
17,107,216,319,-0.0061636497266590595
17,108,216,403,-0.004662470892071724
17,109,216,316,-0.001985760172829032
17,110,216,312,-0.0038340005557984114
17,111,216,311,-0.006183781195431948
17,112,216,310,-0.014105323702096939
17,113,216,415,-0.009676915593445301
17,114,216,308,-0.011121886782348156
17,115,216,324,-0.006379019469022751
17,116,216,318,-0.005758826620876789
17,117,216,402,-0.004637795500457287
17,118,216,317,-0.0011197261046618223
18,19,206,203,-0.0020682031754404306
18,20,206,207,0.0002551596553530544
18,21,206,205,0.0011577379191294312
18,22,206,98,-0.002791321836411953
18,23,206,97,-0.0012534975539892912
18,24,206,393,-0.004097911063581705
18,25,206,391,-0.006983380299061537
18,26,206,322,-0.007934192195534706
18,27,206,410,-0.008407159708440304
18,28,206,287,-0.00967067014425993
18,29,206,273,-0.008395095355808735
18,30,206,335,-0.007347494829446077
18,31,206,406,-0.006751694716513157
18,32,206,313,-0.004286318551748991
18,33,206,421,-0.004034318961203098
18,34,206,418,-0.005843534134328365
18,35,206,424,-0.006221129093319178
18,36,206,422,-0.006661257240921259
18,37,206,432,-0.007180945947766304
18,38,206,436,-0.0073201414197683334
18,39,206,426,-0.0073450165800750256
18,40,206,423,-0.008677872829139233
18,41,206,427,-0.007197925355285406
18,42,206,425,-0.007255797740072012
18,43,206,327,-0.007053493522107601
18,44,206,326,-0.005361683666706085
18,45,206,0,0.0005870158784091473
18,46,206,37,0.0039236764423549175
18,47,206,39,0.006092712748795748
18,48,206,40,0.008035939186811447
18,49,206,185,0.007794399745762348
18,50,206,61,0.007595403585582972
18,51,206,146,0.009065856225788593
18,52,206,91,0.009645496495068073
18,53,206,181,0.009754784405231476
18,54,206,84,0.007597234100103378
18,55,206,17,0.0038663786835968494
18,56,206,11,0.0008704397478140891
18,57,206,72,0.004340234212577343
18,58,206,73,0.005900891963392496
18,59,206,74,0.007848783396184444
18,60,206,184,0.007464900612831116
18,61,206,77,0.009191488847136497
18,62,206,90,0.009414445608854294
18,63,206,180,0.008723371662199497
18,64,206,85,0.007498086430132389
18,65,206,16,0.0037937171291559935
18,66,206,12,0.001430256525054574
18,67,206,38,0.004267050419002771
18,68,206,41,0.0071279797703027725
18,69,206,42,0.007843685336411
18,70,206,96,0.008795119822025299
18,71,206,89,0.009235350415110588
18,72,206,179,0.008205687627196312
18,73,206,86,0.006461993791162968
18,74,206,15,0.004244607407599688
18,75,206,13,0.0011779022170230746
18,76,206,82,0.0038906405679881573
18,77,206,81,0.00638924166560173
18,78,206,80,0.007245892658829689
18,79,206,191,0.007480028551071882
18,80,206,78,0.007566788233816624
18,81,206,95,0.008135105483233929
18,82,206,88,0.008281078189611435
18,83,206,178,0.00755082443356514
18,84,206,87,0.006060322280973196
18,85,206,14,0.0035879143979400396
18,86,206,267,-0.002824879949912429
18,87,206,269,-0.005873584188520908
18,88,206,270,-0.008133119903504848
18,89,206,409,-0.008948608301579952
18,90,206,291,-0.010184740647673607
18,91,206,375,-0.008962029591202736
18,92,206,321,-0.006766092963516712
18,93,206,405,-0.004054540302604437
18,94,206,314,-0.0006094636046327651
18,95,206,302,-0.0025960681959986687
18,96,206,303,-0.005539803300052881
18,97,206,304,-0.00739559531211853
18,98,206,408,-0.009873416274785995
18,99,206,307,-0.008426640182733536
18,100,206,320,-0.007377741392701864
18,101,206,404,-0.003162838751450181
18,102,206,315,-5.200893065193668e-05
18,103,206,268,-0.0024198959581553936
18,104,206,271,-0.00531005347147584
18,105,206,272,-0.008370786905288696
18,106,206,325,-0.00836131814867258
18,107,206,319,-0.005785853136330843
18,108,206,403,-0.003060311544686556
18,109,206,316,6.155917071737349e-05
18,110,206,312,-0.0022929415572434664
18,111,206,311,-0.005900006741285324
18,112,206,310,-0.0080441078171134
18,113,206,415,-0.009431391954421997
18,114,206,308,-0.010566686280071735
18,115,206,324,-0.008312506601214409
18,116,206,318,-0.005500798113644123
18,117,206,402,-0.003214461263269186
18,118,206,317,-0.0004600856627803296
19,20,203,207,-0.0005968310288153589
19,21,203,205,-0.0008091237978078425
19,22,203,98,-0.0014433609321713448
19,23,203,97,-0.00034348564804531634
19,24,203,393,-0.0032782123889774084
19,25,203,391,-0.006242540664970875
19,26,203,322,-0.006940439343452454
19,27,203,410,-0.00765977194532752
19,28,203,287,-0.007953505963087082
19,29,203,273,-0.007380147464573383
19,30,203,335,-0.006163723301142454
19,31,203,406,-0.005555450450628996
19,32,203,313,-0.0032239232677966356
19,33,203,421,-0.0031540500931441784
19,34,203,418,-0.005050145089626312
19,35,203,424,-0.005359826609492302
19,36,203,422,-0.005890801548957825
19,37,203,432,-0.006623359862715006
19,38,203,436,-0.006975375581532717
19,39,203,426,-0.006611462216824293
19,40,203,423,-0.007157546933740377
19,41,203,427,-0.006565987132489681
19,42,203,425,-0.006591049954295158
19,43,203,327,-0.0059127043932676315
19,44,203,326,-0.004445657134056091
19,45,203,0,0.0010768010979518294
19,46,203,37,0.005345318000763655
19,47,203,39,0.008336168713867664
19,48,203,40,0.009181597270071507
19,49,203,185,5.089064143248834e-05
19,50,203,61,-0.004454770125448704
19,51,203,146,0.0031880526803433895
19,52,203,91,0.010129840113222599
19,53,203,181,0.011111325584352016
19,54,203,84,0.008829677477478981
19,55,203,17,0.005003615748137236
19,56,203,11,0.0014192647067829967
19,57,203,72,0.0057051219046115875
19,58,203,73,0.008203823119401932
19,59,203,74,0.00901797041296959
19,60,203,184,0.0036946111358702183
19,61,203,77,0.006688116583973169
19,62,203,90,0.009859795682132244
19,63,203,180,0.010888421908020973
19,64,203,85,0.008646641857922077
19,65,203,16,0.004669839516282082
19,66,203,12,0.0012846929021179676
19,67,203,38,0.0055648088455200195
19,68,203,41,0.007904504425823689
19,69,203,42,0.008486871607601643
19,70,203,96,0.007897411473095417
19,71,203,89,0.009824876673519611
19,72,203,179,0.009918334893882275
19,73,203,86,0.00814342126250267
19,74,203,15,0.004794618580490351
19,75,203,13,0.0012269234284758568
19,76,203,82,0.004941592458635569
19,77,203,81,0.006927922368049622
19,78,203,80,0.007587287575006485
19,79,203,191,0.007112506777048111
19,80,203,78,0.0023469221778213978
19,81,203,95,0.007558985613286495
19,82,203,88,0.009307163767516613
19,83,203,178,0.008985339663922787
19,84,203,87,0.007065331097692251
19,85,203,14,0.004296266008168459
19,86,203,267,-0.002161972224712372
19,87,203,269,-0.005090667866170406
19,88,203,270,-0.006919167470186949
19,89,203,409,-0.00861686747521162
19,90,203,291,-0.008945485576987267
19,91,203,375,-0.00826275534927845
19,92,203,321,-0.0060203419998288155
19,93,203,405,-0.002326763467863202
19,94,203,314,0.0010523939272388816
19,95,203,302,-0.0019456001464277506
19,96,203,303,-0.005045383702963591
19,97,203,304,-0.006662306375801563
19,98,203,408,-0.007947904989123344
19,99,203,307,-0.007765733636915684
19,100,203,320,-0.005525716580450535
19,101,203,404,-0.0020283213816583157
19,102,203,315,0.0011740234913304448
19,103,203,268,-0.0017735293367877603
19,104,203,271,-0.004549950826913118
19,105,203,272,-0.006122888065874577
19,106,203,325,-0.007169712800532579
19,107,203,319,-0.005121238529682159
19,108,203,403,-0.0021930632647126913
19,109,203,316,0.0010352841345593333
19,110,203,312,-0.0018901239382103086
19,111,203,311,-0.004037566017359495
19,112,203,310,-0.0057442341931164265
19,113,203,415,-0.008592428639531136
19,114,203,308,-0.008719250559806824
19,115,203,324,-0.006575232837349176
19,116,203,318,-0.004988451488316059
19,117,203,402,-0.0023634470999240875
19,118,203,317,0.0005059302202425897
20,21,207,205,-0.0006977907032705843
20,22,207,98,-0.0013364478945732117
20,23,207,97,-0.0018992575351148844
20,24,207,393,-0.0027959623839706182
20,25,207,391,-0.005731066223233938
20,26,207,322,-0.007548143621534109
20,27,207,410,-0.007068292703479528
20,28,207,287,-0.007652068976312876
20,29,207,273,-0.006180624011904001
20,30,207,335,-0.007664366625249386
20,31,207,406,-0.006986324675381184
20,32,207,313,-0.004539174027740955
20,33,207,421,-0.003925466910004616
20,34,207,418,-0.005378741770982742
20,35,207,424,-0.006679388228803873
20,36,207,422,-0.004209571518003941
20,37,207,432,-0.004531403537839651
20,38,207,436,-0.007392627187073231
20,39,207,426,-0.005864376667886972
20,40,207,423,-0.005936041008681059
20,41,207,427,-0.006848309189081192
20,42,207,425,-0.006990504916757345
20,43,207,327,-0.005829084664583206
20,44,207,326,-0.0033152310643345118
20,45,207,0,0.00043081858893856406
20,46,207,37,0.0031941139604896307
20,47,207,39,0.007213163655251265
20,48,207,40,0.008491498418152332
20,49,207,185,0.008291621692478657
20,50,207,61,0.007001702208071947
20,51,207,146,0.007857874035835266
20,52,207,91,0.008314167149364948
20,53,207,181,0.00819479301571846
20,54,207,84,0.006849193945527077
20,55,207,17,0.0031546230893582106
20,56,207,11,0.0005318167386576533
20,57,207,72,0.002703435020521283
20,58,207,73,0.006939745973795652
20,59,207,74,0.00785886775702238
20,60,207,184,0.008103921078145504
20,61,207,77,0.0077470145188272
20,62,207,90,0.00876468513160944
20,63,207,180,0.00812614057213068
20,64,207,85,0.007046298589557409
20,65,207,16,0.0025478152092546225
20,66,207,12,0.00041275061084888875
20,67,207,38,0.0029612374491989613
20,68,207,41,0.007846526801586151
20,69,207,42,0.007457870990037918
20,70,207,96,0.007706123404204845
20,71,207,89,0.00891362875699997
20,72,207,179,0.008321458473801613
20,73,207,86,0.006408785469830036
20,74,207,15,0.002316075609996915
20,75,207,13,0.0002795338223222643
20,76,207,82,0.0032413946464657784
20,77,207,81,0.005973690655082464
20,78,207,80,0.006614139769226313
20,79,207,191,0.007376088760793209
20,80,207,78,0.007008131127804518
20,81,207,95,0.007328161969780922
20,82,207,88,0.007727480959147215
20,83,207,178,0.008168406784534454
20,84,207,87,0.005719073582440615
20,85,207,14,0.002304614521563053
20,86,207,267,-0.0027568256482481956
20,87,207,269,-0.006297850515693426
20,88,207,270,-0.007567654829472303
20,89,207,409,-0.009920897893607616
20,90,207,291,-0.009524236433207989
20,91,207,375,-0.009500815533101559
20,92,207,321,-0.010725053027272224
20,93,207,405,-0.0059402259066700935
20,94,207,314,-0.0012783159036189318
20,95,207,302,-0.0028786801267415285
20,96,207,303,-0.004985748324543238
20,97,207,304,-0.006045869551599026
20,98,207,408,-0.009059151634573936
20,99,207,307,-0.008147710002958775
20,100,207,320,-0.009392889216542244
20,101,207,404,-0.0035236708354204893
20,102,207,315,-0.0009311262401752174
20,103,207,268,-0.002647240413352847
20,104,207,271,-0.004599568899720907
20,105,207,272,-0.006494931876659393
20,106,207,325,-0.007429271936416626
20,107,207,319,-0.008141194470226765
20,108,207,403,-0.001703415997326374
20,109,207,316,-0.0004577449581120163
20,110,207,312,-0.0017500217072665691
20,111,207,311,-0.0042913248762488365
20,112,207,310,-0.006129821762442589
20,113,207,415,-0.007816808298230171
20,114,207,308,-0.007941639982163906
20,115,207,324,-0.0066674076952040195
20,116,207,318,-0.004512759856879711
20,117,207,402,-0.0018622652860358357
20,118,207,317,-0.00030484283342957497
21,22,205,98,-0.0014317185850813985
21,23,205,97,-0.0016601600218564272
21,24,205,393,-0.003102545626461506
21,25,205,391,-0.006351066287606955
21,26,205,322,-0.007051427382975817
21,27,205,410,-0.007786141242831945
21,28,205,287,-0.007587433326989412
21,29,205,273,-0.008085344918072224
21,30,205,335,-0.00811848696321249
21,31,205,406,-0.007985277101397514
21,32,205,313,-0.004811979830265045
21,33,205,421,-0.004795190878212452
21,34,205,418,-0.006708747707307339
21,35,205,424,-0.007165948860347271
21,36,205,422,-0.00621769018471241
21,37,205,432,-0.0069339694455266
21,38,205,436,-0.007472831290215254
21,39,205,426,-0.006338631268590689
21,40,205,423,-0.006339139770716429
21,41,205,427,-0.0056882211938500404
21,42,205,425,-0.0063903918489813805
21,43,205,327,-0.006157293915748596
21,44,205,326,-0.0035623423755168915
21,45,205,0,0.00029937061481177807
21,46,205,37,0.0028219546657055616
21,47,205,39,0.007632463704794645
21,48,205,40,0.009147937409579754
21,49,205,185,0.007900647819042206
21,50,205,61,0.007800715509802103
21,51,205,146,0.008215824142098427
21,52,205,91,0.008293851278722286
21,53,205,181,0.008061228320002556
21,54,205,84,0.005686373449862003
21,55,205,17,0.002198942471295595
21,56,205,11,0.0005467322771437466
21,57,205,72,0.003115413011983037
21,58,205,73,0.007252895273268223
21,59,205,74,0.00902116484940052
21,60,205,184,0.00836802739650011
21,61,205,77,0.008120181038975716
21,62,205,90,0.008488277904689312
21,63,205,180,0.0077256918884813786
21,64,205,85,0.005654587876051664
21,65,205,16,0.002008084673434496
21,66,205,12,0.0005450134631246328
21,67,205,38,0.002974102506414056
21,68,205,41,0.006898477207869291
21,69,205,42,0.007565362378954887
21,70,205,96,0.007686368189752102
21,71,205,89,0.008399266749620438
21,72,205,179,0.007437439169734716
21,73,205,86,0.005407256074249744
21,74,205,15,0.002737304661422968
21,75,205,13,0.0004250113561283797
21,76,205,82,0.0028479541651904583
21,77,205,81,0.005588465370237827
21,78,205,80,0.006627918221056461
21,79,205,191,0.0076039135456085205
21,80,205,78,0.006921322550624609
21,81,205,95,0.007524592336267233
21,82,205,88,0.007955469191074371
21,83,205,178,0.007487614639103413
21,84,205,87,0.005001358687877655
21,85,205,14,0.0024656341411173344
21,86,205,267,-0.0014676926657557487
21,87,205,269,-0.005336031783372164
21,88,205,270,-0.007834289222955704
21,89,205,409,-0.008806487545371056
21,90,205,291,-0.00937825720757246
21,91,205,375,-0.002180542331188917
21,92,205,321,-0.008916515856981277
21,93,205,405,-0.00692716334015131
21,94,205,314,-0.002706961939111352
21,95,205,302,-0.0027960599400103092
21,96,205,303,-0.004186953417956829
21,97,205,304,-0.0071167550049722195
21,98,205,408,-0.008579150773584843
21,99,205,307,-0.008909432217478752
21,100,205,320,-0.007401567418128252
21,101,205,404,-0.004980625584721565
21,102,205,315,-0.0017542371060699224
21,103,205,268,-0.0025116370525211096
21,104,205,271,-0.004795298911631107
21,105,205,272,-0.0064671034924685955
21,106,205,325,-0.007510817144066095
21,107,205,319,-0.004165468271821737
21,108,205,403,-0.002778151072561741
21,109,205,316,-0.001458780257962644
21,110,205,312,-0.002379455603659153
21,111,205,311,-0.004481770563870668
21,112,205,310,-0.005399762187153101
21,113,205,415,-0.00871353130787611
21,114,205,308,-0.00881307665258646
21,115,205,324,-0.005627844482660294
21,116,205,318,-0.005101390182971954
21,117,205,402,-0.0027118718717247248
21,118,205,317,-0.0004167548904661089
22,23,98,97,-0.0005758359329774976
22,24,98,393,-0.003960803616791964
22,25,98,391,-0.0055083478800952435
22,26,98,322,-0.006528369151055813
22,27,98,410,-0.007430559955537319
22,28,98,287,-0.007319734897464514
22,29,98,273,-0.007363537792116404
22,30,98,335,-0.006697838194668293
22,31,98,406,-0.004623526707291603
22,32,98,313,-0.0016595941269770265
22,33,98,421,-0.0018978475127369165
22,34,98,418,-0.0040082624182105064
22,35,98,424,-0.005201132036745548
22,36,98,422,-0.005852648057043552
22,37,98,432,-0.006461458280682564
22,38,98,436,-0.006829913705587387
22,39,98,426,-0.006871404591947794
22,40,98,423,-0.007092397194355726
22,41,98,427,-0.006349397823214531
22,42,98,425,-0.007183749694377184
22,43,98,327,-0.005932340398430824
22,44,98,326,-0.004425445105880499
22,45,98,0,0.001023604185320437
22,46,98,37,0.0049964431673288345
22,47,98,39,-0.00018172900308854878
22,48,98,40,-0.00922487024217844
22,49,98,185,-0.009006962180137634
22,50,98,61,-0.008761230856180191
22,51,98,146,-0.009390048682689667
22,52,98,91,-0.008500441908836365
22,53,98,181,0.004749075043946505
22,54,98,84,0.008654317818582058
22,55,98,17,0.004338642582297325
22,56,98,11,0.0013534912141039968
22,57,98,72,0.005410373210906982
22,58,98,73,0.0032955757342278957
22,59,98,74,-0.00856082234531641
22,60,98,184,-0.008888506330549717
22,61,98,77,-0.009408870711922646
22,62,98,90,-0.006739051081240177
22,63,98,180,0.005554863717406988
22,64,98,85,0.008471441455185413
22,65,98,16,0.004518832545727491
22,66,98,12,0.0015039790887385607
22,67,98,38,0.005348314996808767
22,68,98,41,0.005659981165081263
22,69,98,42,-0.005157253704965115
22,70,98,96,-0.008731599897146225
22,71,98,89,-0.0038904394023120403
22,72,98,179,0.0065394858829677105
22,73,98,86,0.007950584404170513
22,74,98,15,0.004162241704761982
22,75,98,13,0.0013555878540500998
22,76,98,82,0.00473441556096077
22,77,98,81,0.0066016241908073425
22,78,98,80,-0.0010823417687788606
22,79,98,191,-0.007585738319903612
22,80,98,78,-0.00781294610351324
22,81,98,95,-0.007694973144680262
22,82,98,88,-0.0009477161802351475
22,83,98,178,0.009164812974631786
22,84,98,87,0.007066661957651377
22,85,98,14,0.0037934298161417246
22,86,98,267,-0.002110396744683385
22,87,98,269,-0.005207127891480923
22,88,98,270,-0.007067058701068163
22,89,98,409,-0.008249808102846146
22,90,98,291,-0.007458328735083342
22,91,98,375,-0.007918552495539188
22,92,98,321,-0.005856988951563835
22,93,98,405,-0.002457614056766033
22,94,98,314,0.0005105875316075981
22,95,98,302,-0.002043221378698945
22,96,98,303,-0.004792661871761084
22,97,98,304,-0.006433152128010988
22,98,98,408,-0.007727134041488171
22,99,98,307,-0.0074148294515907764
22,100,98,320,-0.005451838485896587
22,101,98,404,-0.002188779879361391
22,102,98,315,0.0005467178416438401
22,103,98,268,-0.0019701002165675163
22,104,98,271,-0.004481451585888863
22,105,98,272,-0.006127410568296909
22,106,98,325,-0.0068039619363844395
22,107,98,319,-0.004965148866176605
22,108,98,403,-0.0021617780439555645
22,109,98,316,0.0005285876686684787
22,110,98,312,-0.001984764588996768
22,111,98,311,-0.003872486064210534
22,112,98,310,-0.005663170944899321
22,113,98,415,-0.007112463470548391
22,114,98,308,-0.007442761678248644
22,115,98,324,-0.006220368668437004
22,116,98,318,-0.0048259044997394085
22,117,98,402,-0.0024046702310442924
22,118,98,317,0.0003848975757136941
23,24,97,393,-0.004124901257455349
23,25,97,391,-0.0064184959046542645
23,26,97,322,-0.007058306131511927
23,27,97,410,-0.008101627230644226
23,28,97,287,-0.007867943495512009
23,29,97,273,-0.007043495774269104
23,30,97,335,-0.007156356703490019
23,31,97,406,-0.0061692483723163605
23,32,97,313,-0.002905939007177949
23,33,97,421,-0.0019022177439182997
23,34,97,418,-0.005481267347931862
23,35,97,424,-0.006630962714552879
23,36,97,422,-0.0074477666057646275
23,37,97,432,-0.008163422346115112
23,38,97,436,-0.008782698772847652
23,39,97,426,-0.006975164171308279
23,40,97,423,-0.007169244345277548
23,41,97,427,-0.0057226186618208885
23,42,97,425,-0.006813820917159319
23,43,97,327,-0.00589865492656827
23,44,97,326,-0.0049980864860117435
23,45,97,0,0.0006681239465251565
23,46,97,37,-0.002586061367765069
23,47,97,39,-0.009496874175965786
23,48,97,40,-0.009128324687480927
23,49,97,185,-0.009481373243033886
23,50,97,61,-0.008132311515510082
23,51,97,146,-0.008600259199738503
23,52,97,91,-0.008644613437354565
23,53,97,181,-0.008811131119728088
23,54,97,84,-9.633722220314667e-05
23,55,97,17,0.003543110564351082
23,56,97,11,0.0010647043818607926
23,57,97,72,-0.0017098000971600413
23,58,97,73,-0.009044624865055084
23,59,97,74,-0.009394361637532711
23,60,97,184,-0.00908674206584692
23,61,97,77,-0.00868066307157278
23,62,97,90,-0.009179358370602131
23,63,97,180,-0.009592948481440544
23,64,97,85,0.0021123839542269707
23,65,97,16,0.002936861477792263
23,66,97,12,0.0013449328253045678
23,67,97,38,0.0005536543903872371
23,68,97,41,-0.00823140051215887
23,69,97,42,-0.008720668032765388
23,70,97,96,-0.008459982462227345
23,71,97,89,-0.008876596577465534
23,72,97,179,-0.009590573608875275
23,73,97,86,0.002070315182209015
23,74,97,15,0.0027397312223911285
23,75,97,13,0.001277612172998488
23,76,97,82,0.0018786091823130846
23,77,97,81,-0.007176210172474384
23,78,97,80,-0.00753229483962059
23,79,97,191,-0.008184198290109634
23,80,97,78,-0.007498159538954496
23,81,97,95,-0.008156158961355686
23,82,97,88,-0.008463623933494091
23,83,97,178,-0.009269539266824722
23,84,97,87,0.0027075661346316338
23,85,97,14,0.004166054539382458
23,86,97,267,-0.0020698809530586004
23,87,97,269,-0.005189692601561546
23,88,97,270,-0.007379991002380848
23,89,97,409,-0.008530203253030777
23,90,97,291,-0.009608308784663677
23,91,97,375,-0.008952041156589985
23,92,97,321,-0.005734332837164402
23,93,97,405,-0.003597754519432783
23,94,97,314,-0.00019148497085552663
23,95,97,302,-0.0022046519443392754
23,96,97,303,-0.00453153345733881
23,97,97,304,-0.0068557001650333405
23,98,97,408,-0.00829946156591177
23,99,97,307,-0.008646148256957531
23,100,97,320,-0.0050150505267083645
23,101,97,404,-0.0031637041829526424
23,102,97,315,-2.976369250973221e-05
23,103,97,268,-0.002072553848847747
23,104,97,271,-0.0046335854567587376
23,105,97,272,-0.012685655616223812
23,106,97,325,-0.008299962617456913
23,107,97,319,-0.004908370319753885
23,108,97,403,-0.002821192843839526
23,109,97,316,-6.563495117006823e-05
23,110,97,312,-0.0022347441408783197
23,111,97,311,-0.005890556611120701
23,112,97,310,-0.00691911019384861
23,113,97,415,-0.008359767496585846
23,114,97,308,-0.009189717471599579
23,115,97,324,-0.007253517396748066
23,116,97,318,-0.00459742546081543
23,117,97,402,-0.0032304178457707167
23,118,97,317,0.000285973830614239
24,25,393,391,-0.005607345141470432
24,26,393,322,-0.007918928749859333
24,27,393,410,-0.008425626903772354
24,28,393,287,-0.007923216558992863
24,29,393,273,-0.005734555888921022
24,30,393,335,-0.0052629210986196995
24,31,393,406,-0.004013941623270512
24,32,393,313,-0.00010434560681460425
24,33,393,421,0.00032994436332955956
24,34,393,418,-0.0032143467105925083
24,35,393,424,-0.004919643513858318
24,36,393,422,-0.005718730390071869
24,37,393,432,-0.007139786146581173
24,38,393,436,-0.007346635218709707
24,39,393,426,-0.006761247757822275
24,40,393,423,-0.0050788940861821175
24,41,393,427,-0.006673658266663551
24,42,393,425,-0.0065787979401648045
24,43,393,327,-0.003942775074392557
24,44,393,326,-0.00014198399730958045
24,45,393,0,-0.00640982948243618
24,46,393,37,-0.009257527068257332
24,47,393,39,-0.010379990562796593
24,48,393,40,-0.01077946089208126
24,49,393,185,-0.01090516708791256
24,50,393,61,-0.009155159816145897
24,51,393,146,-0.011253871023654938
24,52,393,91,-0.011548423208296299
24,53,393,181,-0.012122588232159615
24,54,393,84,-0.01304499339312315
24,55,393,17,-0.010550183244049549
24,56,393,11,-0.006741379387676716
24,57,393,72,-0.009802357293665409
24,58,393,73,-0.010571610182523727
24,59,393,74,-0.011026818305253983
24,60,393,184,-0.010733324103057384
24,61,393,77,-0.011112459935247898
24,62,393,90,-0.011816267855465412
24,63,393,180,-0.012341669760644436
24,64,393,85,-0.01323659811168909
24,65,393,16,-0.01056588813662529
24,66,393,12,-0.00689306715503335
24,67,393,38,-0.01009143702685833
24,68,393,41,-0.010829765349626541
24,69,393,42,-0.01097387820482254
24,70,393,96,-0.008092052303254604
24,71,393,89,-0.011274871416389942
24,72,393,179,-0.012342026457190514
24,73,393,86,-0.012057315558195114
24,74,393,15,-0.010172328911721706
24,75,393,13,-0.007067000959068537
24,76,393,82,-0.009619420394301414
24,77,393,81,-0.010165509767830372
24,78,393,80,-0.009771970100700855
24,79,393,191,-0.010085763409733772
24,80,393,78,-0.00836970191448927
24,81,393,95,-0.010331792756915092
24,82,393,88,-0.010685063898563385
24,83,393,178,-0.011877089738845825
24,84,393,87,-0.012595601379871368
24,85,393,14,-0.009239980019629002
24,86,393,267,-5.258091550786048e-05
24,87,393,269,-0.00439490145072341
24,88,393,270,-0.0065935272723436356
24,89,393,409,-0.007984556257724762
24,90,393,291,-0.007788820192217827
24,91,393,375,-0.006830771453678608
24,92,393,321,-0.00021604260837193578
24,93,393,405,0.0006244678515940905
24,94,393,314,-0.0004832716367673129
24,95,393,302,-0.00010734363604569808
24,96,393,303,-0.0039467583410441875
24,97,393,304,-0.00633588619530201
24,98,393,408,-0.007515943143516779
24,99,393,307,-0.006636838894337416
24,100,393,320,-0.004461693111807108
24,101,393,404,0.00022800850274506956
24,102,393,315,-0.00046240643132478
24,103,393,268,-9.954901179298759e-05
24,104,393,271,-0.0032724475022405386
24,105,393,272,-0.005966689437627792
24,106,393,325,-0.006486618425697088
24,107,393,319,-0.0036312302108854055
24,108,393,403,0.0002446889120619744
24,109,393,316,-0.0015225800452753901
24,110,393,312,-0.0004288929048925638
24,111,393,311,-0.0031043810304254293
24,112,393,310,-0.0056281364522874355
24,113,393,415,-0.006960820872336626
24,114,393,308,-0.007040966767817736
24,115,393,324,-0.006080648861825466
24,116,393,318,-0.0036266923416405916
24,117,393,402,0.00022110308054834604
24,118,393,317,-0.003191099502146244
25,26,391,322,-0.005235106218606234
25,27,391,410,-0.00600010808557272
25,28,391,287,-0.005945201031863689
25,29,391,273,-0.004476594273000956
25,30,391,335,-0.0026550597976893187
25,31,391,406,0.000909850699827075
25,32,391,313,-0.005998197011649609
25,33,391,421,-0.006473612040281296
25,34,391,418,-0.00036849515163339674
25,35,391,424,-0.0010145044652745128
25,36,391,422,-0.0015405906597152352
25,37,391,432,-0.00285774702206254
25,38,391,436,-0.0037628880236297846
25,39,391,426,-0.002481962088495493
25,40,391,423,-0.0009427691111341119
25,41,391,427,-0.003033863613381982
25,42,391,425,-0.002676884178072214
25,43,391,327,-0.0020389845594763756
25,44,391,326,-0.004767934791743755
25,45,391,0,-0.00857924297451973
25,46,391,37,-0.010538693517446518
25,47,391,39,-0.011922506615519524
25,48,391,40,-0.012840569950640202
25,49,391,185,-0.013242488726973534
25,50,391,61,-0.006224638782441616
25,51,391,146,-0.013202028349041939
25,52,391,91,-0.013382636941969395
25,53,391,181,-0.014030546881258488
25,54,391,84,-0.01511800941079855
25,55,391,17,-0.014204416424036026
25,56,391,11,-0.009226354770362377
25,57,391,72,-0.010998411104083061
25,58,391,73,-0.012140939012169838
25,59,391,74,-0.012791253626346588
25,60,391,184,-0.013134303502738476
25,61,391,77,-0.013370714150369167
25,62,391,90,-0.01467946358025074
25,63,391,180,-0.014778964221477509
25,64,391,85,-0.014177233912050724
25,65,391,16,-0.013433985412120819
25,66,391,12,-0.009371078573167324
25,67,391,38,-0.011165226809680462
25,68,391,41,-0.012030983343720436
25,69,391,42,-0.012457417324185371
25,70,391,96,-0.0043614995665848255
25,71,391,89,-0.014208759181201458
25,72,391,179,-0.014841540716588497
25,73,391,86,-0.014768184162676334
25,74,391,15,-0.012909935787320137
25,75,391,13,-0.00955476239323616
25,76,391,82,-0.011067073792219162
25,77,391,81,-0.011639062315225601
25,78,391,80,-0.012095507234334946
25,79,391,191,-0.012226616032421589
25,80,391,78,-0.0061093103140592575
25,81,391,95,-0.012498513795435429
25,82,391,88,-0.013717522844672203
25,83,391,178,-0.014304806478321552
25,84,391,87,-0.014329591765999794
25,85,391,14,-0.012356705032289028
25,86,391,267,-0.004864309448748827
25,87,391,269,0.00017066152940969914
25,88,391,270,-0.0038334799464792013
25,89,391,409,-0.005519831087440252
25,90,391,291,-0.0054971762001514435
25,91,391,375,-0.00482205580919981
25,92,391,321,4.719104981631972e-05
25,93,391,405,-0.001402354333549738
25,94,391,314,-0.00866325106471777
25,95,391,302,-0.005299007520079613
25,96,391,303,-0.0006742607220076025
25,97,391,304,-0.0013037649914622307
25,98,391,408,-0.005179484374821186
25,99,391,307,-0.003673453349620104
25,100,391,320,0.0013398145092651248
25,101,391,404,-0.0037250251043587923
25,102,391,315,-0.008668799884617329
25,103,391,268,-0.005670581012964249
25,104,391,271,-0.0002457303344272077
25,105,391,272,0.0020904208067804575
25,106,391,325,-0.0034392941743135452
25,107,391,319,0.0011084572179242969
25,108,391,403,-0.0033257410395890474
25,109,391,316,-0.00857442058622837
25,110,391,312,-0.005781428422778845
25,111,391,311,-0.0008314590668305755
25,112,391,310,0.00233192159794271
25,113,391,415,-0.0013926367973908782
25,114,391,308,-0.004366806708276272
25,115,391,324,-0.0013255220837891102
25,116,391,318,0.0008477386436425149
25,117,391,402,-0.003809139830991626
25,118,391,317,-0.00870889239013195
26,27,322,410,-0.004649433773010969
26,28,322,287,-0.004592508543282747
26,29,322,273,-0.002266505267471075
26,30,322,335,0.00010406493674963713
26,31,322,406,-0.0024228906258940697
26,32,322,313,-0.008309967815876007
26,33,322,421,-0.008918425999581814
26,34,322,418,-0.004253219813108444
26,35,322,424,0.0017991936765611172
26,36,322,422,0.0009042915189638734
26,37,322,432,-0.0005046875448897481
26,38,322,436,-0.0003733862831722945
26,39,322,426,0.001364444033242762
26,40,322,423,-0.0009914920665323734
26,41,322,427,-0.0005911652697250247
26,42,322,425,-0.00015033577801659703
26,43,322,327,-0.004409546032547951
26,44,322,326,-0.0074297343380749226
26,45,322,0,-0.008835011161863804
26,46,322,37,-0.010836341418325901
26,47,322,39,-0.013350383378565311
26,48,322,40,-0.013932324945926666
26,49,322,185,-0.013308797031641006
26,50,322,61,-0.012830610387027264
26,51,322,146,-0.013298876583576202
26,52,322,91,-0.013764056377112865
26,53,322,181,-0.01325212325900793
26,54,322,84,-0.012671058066189289
26,55,322,17,-0.012257775291800499
26,56,322,11,-0.009213786572217941
26,57,322,72,-0.011375177651643753
26,58,322,73,-0.013449052348732948
26,59,322,74,-0.014026508666574955
26,60,322,184,-0.014061612077057362
26,61,322,77,-0.013398883864283562
26,62,322,90,-0.013960784301161766
26,63,322,180,-0.013461011461913586
26,64,322,85,-0.012704304419457912
26,65,322,16,-0.011816957034170628
26,66,322,12,-0.009505756199359894
26,67,322,38,-0.011428860947489738
26,68,322,41,-0.013254406861960888
26,69,322,42,-0.013561827130615711
26,70,322,96,-0.013470088131725788
26,71,322,89,-0.014167746528983116
26,72,322,179,-0.013740073889493942
26,73,322,86,-0.012986194342374802
26,74,322,15,-0.011232702061533928
26,75,322,13,-0.009584003128111362
26,76,322,82,-0.011268648318946362
26,77,322,81,-0.012872828170657158
26,78,322,80,-0.013464023359119892
26,79,322,191,-0.010801131837069988
26,80,322,78,-0.01120060496032238
26,81,322,95,-0.013184580951929092
26,82,322,88,-0.014081518165767193
26,83,322,178,-0.01394233014434576
26,84,322,87,-0.012441175058484077
26,85,322,14,-0.010889054276049137
26,86,322,267,-0.0060387845151126385
26,87,322,269,-0.0012230898719280958
26,88,322,270,0.0015413416549563408
26,89,322,409,0.0004514190077316016
26,90,322,291,-0.0034201282542198896
26,91,322,375,0.0015418797265738249
26,92,322,321,-3.660950460471213e-05
26,93,322,405,-0.0051719085313379765
26,94,322,314,-0.008463932201266289
26,95,322,302,-0.006685140077024698
26,96,322,303,-0.0020235804840922356
26,97,322,304,0.0009267475106753409
26,98,322,408,0.0024028299376368523
26,99,322,307,0.0025586227420717478
26,100,322,320,-0.0013524095993489027
26,101,322,404,-0.005440180655568838
26,102,322,315,-0.008527836762368679
26,103,322,268,-0.007265447173267603
26,104,322,271,-0.0028727592434734106
26,105,322,272,0.0006551728583872318
26,106,322,325,0.001890578307211399
26,107,322,319,-0.0012176833115518093
26,108,322,403,-0.00562448101118207
26,109,322,316,-0.008801514282822609
26,110,322,312,-0.008006288670003414
26,111,322,311,-0.003972509875893593
26,112,322,310,3.765200017369352e-05
26,113,322,415,0.002392407273873687
26,114,322,308,0.0025437488220632076
26,115,322,324,0.0009766286239027977
26,116,322,318,-0.0019450471736490726
26,117,322,402,-0.0054311444982886314
26,118,322,317,-0.0090636583045125
27,28,410,287,-0.0026295543648302555
27,29,410,273,0.0003205810789950192
27,30,410,335,-0.0023937495425343513
27,31,410,406,-0.006174993235617876
27,32,410,313,-0.009273814037442207
27,33,410,421,-0.008065832778811455
27,34,410,418,-0.004780326969921589
27,35,410,424,-0.0049348375760018826
27,36,410,422,0.002487565390765667
27,37,410,432,0.001847687759436667
27,38,410,436,0.0022142974194139242
27,39,410,426,0.0027201904449611902
27,40,410,423,-0.003638001624494791
27,41,410,427,0.001328298239968717
27,42,410,425,0.0011973350774496794
27,43,410,327,-0.004868668504059315
27,44,410,326,-0.007482610177248716
27,45,410,0,-0.010503096505999565
27,46,410,37,-0.011773473583161831
27,47,410,39,-0.012504633516073227
27,48,410,40,-0.013374104164540768
27,49,410,185,-0.01359400525689125
27,50,410,61,-0.014534832909703255
27,51,410,146,-0.015405620448291302
27,52,410,91,-0.01588617078959942
27,53,410,181,-0.015352712944149971
27,54,410,84,-0.014395609498023987
27,55,410,17,-0.013942603953182697
27,56,410,11,-0.010827387683093548
27,57,410,72,-0.012177546508610249
27,58,410,73,-0.012578611262142658
27,59,410,74,-0.013470744714140892
27,60,410,184,-0.013916692696511745
27,61,410,77,-0.015474529005587101
27,62,410,90,-0.01566658914089203
27,63,410,180,-0.015134238637983799
27,64,410,85,-0.014499961398541927
27,65,410,16,-0.01434293482452631
27,66,410,12,-0.011160964146256447
27,67,410,38,-0.01229045633226633
27,68,410,41,-0.013491136021912098
27,69,410,42,-0.014249180443584919
27,70,410,96,-0.01480923779308796
27,71,410,89,-0.014957889914512634
27,72,410,179,-0.01468387246131897
27,73,410,86,-0.014324468560516834
27,74,410,15,-0.014568377286195755
27,75,410,13,-0.011098635382950306
27,76,410,82,-0.01209112349897623
27,77,410,81,-0.013310193084180355
27,78,410,80,-0.01360387820750475
27,79,410,191,-0.014146596193313599
27,80,410,78,-0.013904699124395847
27,81,410,95,-0.013875750824809074
27,82,410,88,-0.014413603581488132
27,83,410,178,-0.014083890244364738
27,84,410,87,-0.013990201987326145
27,85,410,14,-0.014101242646574974
27,86,410,267,-0.008813568390905857
27,87,410,269,-0.003932066727429628
27,88,410,270,-6.306978320935741e-05
27,89,410,409,0.002215487416833639
27,90,410,291,0.004525864031165838
27,91,410,375,0.0001490842696512118
27,92,410,321,-0.0009606546955183148
27,93,410,405,-0.006106882821768522
27,94,410,314,-0.010794605128467083
27,95,410,302,-0.008298872970044613
27,96,410,303,-0.004561291076242924
27,97,410,304,-0.0012777979718521237
27,98,410,408,0.0015130951069295406
27,99,410,307,-0.0003560982586350292
27,100,410,320,-0.00199687946587801
27,101,410,404,-0.006402888335287571
27,102,410,315,-0.01128862053155899
27,103,410,268,-0.008448371663689613
27,104,410,271,-0.004510962404310703
27,105,410,272,-0.0009955191053450108
27,106,410,325,-0.0005538829718716443
27,107,410,319,-0.002808341523632407
27,108,410,403,-0.006698319688439369
27,109,410,316,-0.011667551472783089
27,110,410,312,-0.008479802869260311
27,111,410,311,-0.004983197432011366
27,112,410,310,-0.002001735381782055
27,113,410,415,0.0008053116616792977
27,114,410,308,0.002378073986619711
27,115,410,324,-0.0008189028594642878
27,116,410,318,-0.0027245867531746626
27,117,410,402,-0.00730379531159997
27,118,410,317,-0.011539414525032043
28,29,287,273,-0.0014188903151080012
28,30,287,335,-0.004620454739779234
28,31,287,406,-0.008538058027625084
28,32,287,313,-0.010494450107216835
28,33,287,421,-0.00881937425583601
28,34,287,418,-0.007127978373318911
28,35,287,424,-0.005767788738012314
28,36,287,422,0.004308281000703573
28,37,287,432,0.0034694410860538483
28,38,287,436,0.002949959598481655
28,39,287,426,-0.00436781533062458
28,40,287,423,-0.004015471786260605
28,41,287,427,0.001617342233657837
28,42,287,425,0.0020712348632514477
28,43,287,327,-0.005012598354369402
28,44,287,326,-0.007082982454448938
28,45,287,0,-0.010608282871544361
28,46,287,37,-0.011635838076472282
28,47,287,39,-0.012496751733124256
28,48,287,40,-0.013681246899068356
28,49,287,185,-0.014069751836359501
28,50,287,61,-0.014785723760724068
28,51,287,146,-0.01596415601670742
28,52,287,91,-0.016058430075645447
28,53,287,181,-0.015150047838687897
28,54,287,84,-0.014835783280432224
28,55,287,17,-0.014772375114262104
28,56,287,11,-0.010794478468596935
28,57,287,72,-0.011901745572686195
28,58,287,73,-0.013746463693678379
28,59,287,74,-0.014910785481333733
28,60,287,184,-0.01537818368524313
28,61,287,77,-0.015883728861808777
28,62,287,90,-0.01603643409907818
28,63,287,180,-0.015438314527273178
28,64,287,85,-0.014661510474979877
28,65,287,16,-0.014742577448487282
28,66,287,12,-0.011157017201185226
28,67,287,38,-0.011921158991754055
28,68,287,41,-0.013518180698156357
28,69,287,42,-0.0143351461738348
28,70,287,96,-0.015289193950593472
28,71,287,89,-0.0153877604752779
28,72,287,179,-0.014985563233494759
28,73,287,86,-0.014523974619805813
28,74,287,15,-0.014144576154649258
28,75,287,13,-0.011322378180921078
28,76,287,82,-0.011921261437237263
28,77,287,81,-0.014626399613916874
28,78,287,80,-0.013623615726828575
28,79,287,191,-0.014551609754562378
28,80,287,78,-0.014188786968588829
28,81,287,95,-0.014773259870707989
28,82,287,88,-0.015081461519002914
28,83,287,178,-0.014449948444962502
28,84,287,87,-0.01411216426640749
28,85,287,14,-0.013955961912870407
28,86,287,267,-0.008946188725531101
28,87,287,269,-0.004778081085532904
28,88,287,270,-0.0002885711146518588
28,89,287,409,0.0015061997110024095
28,90,287,291,0.0033277960028499365
28,91,287,375,0.0006568583194166422
28,92,287,321,-0.002409302396699786
28,93,287,405,-0.007891926914453506
28,94,287,314,-0.011952091939747334
28,95,287,302,-0.008938438259065151
28,96,287,303,-0.0047148121520876884
28,97,287,304,-0.0009195698075927794
28,98,287,408,0.0010863544885069132
28,99,287,307,-0.00045138029963709414
28,100,287,320,-0.0028346709441393614
28,101,287,404,-0.008243505842983723
28,102,287,315,-0.012541024945676327
28,103,287,268,-0.00936680193990469
28,104,287,271,-0.005399414338171482
28,105,287,272,-0.0018178386380895972
28,106,287,325,-0.0006256913766264915
28,107,287,319,-0.0033807072322815657
28,108,287,403,-0.008268735371530056
28,109,287,316,-0.01283874362707138
28,110,287,312,-0.009155068546533585
28,111,287,311,-0.006130114197731018
28,112,287,310,-0.0023313728161156178
28,113,287,415,0.0004874638980254531
28,114,287,308,0.0020780928898602724
28,115,287,324,-0.000833674450404942
28,116,287,318,-0.0036065371241420507
28,117,287,402,-0.008525722660124302
28,118,287,317,-0.012514462694525719
29,30,273,335,-0.004453482571989298
29,31,273,406,-0.0076276385225355625
29,32,273,313,-0.009688504971563816
29,33,273,421,-0.007862715050578117
29,34,273,418,-0.007101069204509258
29,35,273,424,-0.003112938953563571
29,36,273,422,0.0032505779527127743
29,37,273,432,0.0013947929255664349
29,38,273,436,0.00119438162073493
29,39,273,426,0.002034334233030677
29,40,273,423,-0.0028829125221818686
29,41,273,427,0.00039346321136690676
29,42,273,425,-0.0001427305251127109
29,43,273,327,-0.0052381292916834354
29,44,273,326,-0.0066249435767531395
29,45,273,0,-0.009354275651276112
29,46,273,37,-0.01132385153323412
29,47,273,39,-0.011974837630987167
29,48,273,40,-0.013132468797266483
29,49,273,185,-0.013956736773252487
29,50,273,61,-0.015048801898956299
29,51,273,146,-0.01585455611348152
29,52,273,91,-0.01612664759159088
29,53,273,181,-0.01504878792911768
29,54,273,84,-0.014401974156498909
29,55,273,17,-0.013384584337472916
29,56,273,11,-0.009843403473496437
29,57,273,72,-0.0115700988098979
29,58,273,73,-0.012203126214444637
29,59,273,74,-0.013304615393280983
29,60,273,184,-0.013913518749177456
29,61,273,77,-0.015606685541570187
29,62,273,90,-0.01575050875544548
29,63,273,180,-0.014933908358216286
29,64,273,85,-0.014110027812421322
29,65,273,16,-0.013626309111714363
29,66,273,12,-0.009918676689267159
29,67,273,38,-0.01164892315864563
29,68,273,41,-0.013326261192560196
29,69,273,42,-0.014328448101878166
29,70,273,96,-0.015142158605158329
29,71,273,89,-0.014932448044419289
29,72,273,179,-0.01438221801072359
29,73,273,86,-0.013769066892564297
29,74,273,15,-0.012891254387795925
29,75,273,13,-0.010138185694813728
29,76,273,82,-0.01133106928318739
29,77,273,81,-0.012778542935848236
29,78,273,80,-0.013556016609072685
29,79,273,191,-0.014570528641343117
29,80,273,78,-0.014263426885008812
29,81,273,95,-0.014313412830233574
29,82,273,88,-0.014475205913186073
29,83,273,178,-0.013798298314213753
29,84,273,87,-0.0131190475076437
29,85,273,14,-0.01265091635286808
29,86,273,267,-0.007216524798423052
29,87,273,269,-0.002710451604798436
29,88,273,270,0.0007218120153993368
29,89,273,409,0.0037869587540626526
29,90,273,291,0.003809483954682946
29,91,273,375,0.0016279971459880471
29,92,273,321,-0.0014535333029925823
29,93,273,405,-0.006914881058037281
29,94,273,314,-0.011732345446944237
29,95,273,302,-0.007881487719714642
29,96,273,303,-0.0035243837628513575
29,97,273,304,-5.956401946605183e-05
29,98,273,408,0.0031698199454694986
29,99,273,307,0.0010739475255832076
29,100,273,320,-0.0013163744006305933
29,101,273,404,-0.006922650616616011
29,102,273,315,-0.012022685259580612
29,103,273,268,-0.007956145331263542
29,104,273,271,-0.004225367214530706
29,105,273,272,-0.0007551711751148105
29,106,273,325,0.0008582557202316821
29,107,273,319,-0.002208419842645526
29,108,273,403,-0.007111802231520414
29,109,273,316,-0.011646497063338757
29,110,273,312,-0.007925516925752163
29,111,273,311,-0.004683810751885176
29,112,273,310,-0.0018180801998823881
29,113,273,415,0.0015137040754780173
29,114,273,308,0.003371346741914749
29,115,273,324,-0.0001451404532417655
29,116,273,318,-0.003195504890754819
29,117,273,402,-0.007226965390145779
29,118,273,317,-0.010840036906301975
30,31,335,406,-0.006315028760582209
30,32,335,313,-0.008245733566582203
30,33,335,421,-0.008279640227556229
30,34,335,418,-0.0052078235894441605
30,35,335,424,0.002215447835624218
30,36,335,422,5.674185558746103e-06
30,37,335,432,-0.0018798420205712318
30,38,335,436,-0.001708428142592311
30,39,335,426,0.0002702771744225174
30,40,335,423,0.002684092614799738
30,41,335,427,0.00041061575757339597
30,42,335,425,-0.0010663262801244855
30,43,335,327,-0.0038570682518184185
30,44,335,326,-0.004932207055389881
30,45,335,0,-0.00866206269711256
30,46,335,37,-0.008524942211806774
30,47,335,39,-0.007716112304478884
30,48,335,40,-0.011317059397697449
30,49,335,185,-0.013132696971297264
30,50,335,61,-0.013164772652089596
30,51,335,146,-0.015576952137053013
30,52,335,91,-0.015552717261016369
30,53,335,181,-0.01288109365850687
30,54,335,84,-0.011422839015722275
30,55,335,17,-0.010025009512901306
30,56,335,11,-0.008991521783173084
30,57,335,72,-0.008613808080554008
30,58,335,73,-0.009709076024591923
30,59,335,74,-0.012257719412446022
30,60,335,184,-0.013323908671736717
30,61,335,77,-0.015331873670220375
30,62,335,90,-0.013245908543467522
30,63,335,180,-0.012717416509985924
30,64,335,85,-0.011457886546850204
30,65,335,16,-0.011765395291149616
30,66,335,12,-0.009047788567841053
30,67,335,38,-0.011625322513282299
30,68,335,41,-0.011538350023329258
30,69,335,42,-0.012602235190570354
30,70,335,96,-0.014839387498795986
30,71,335,89,-0.014434553682804108
30,72,335,179,-0.01235918514430523
30,73,335,86,-0.012952790595591068
30,74,335,15,-0.011470145545899868
30,75,335,13,-0.009202063083648682
30,76,335,82,-0.01118262205272913
30,77,335,81,-0.012385876849293709
30,78,335,80,-0.01233070157468319
30,79,335,191,-0.013925258070230484
30,80,335,78,-0.014026200398802757
30,81,335,95,-0.01282699778676033
30,82,335,88,-0.013928732834756374
30,83,335,178,-0.013323433697223663
30,84,335,87,-0.012033309787511826
30,85,335,14,-0.01086822897195816
30,86,335,267,-0.0060996925458312035
30,87,335,269,-0.0015168064273893833
30,88,335,270,0.0008454459602944553
30,89,335,409,-0.0035728986840695143
30,90,335,291,-0.00515609560534358
30,91,335,375,-0.003731983480975032
30,92,335,321,0.0002016804792219773
30,93,335,405,-0.004006702918559313
30,94,335,314,-0.009618261829018593
30,95,335,302,-0.006299118511378765
30,96,335,303,-0.002263693604618311
30,97,335,304,0.001539695542305708
30,98,335,408,-0.0023265599738806486
30,99,335,307,-0.0009947430808097124
30,100,335,320,-0.0002228466037195176
30,101,335,404,-0.00384752219542861
30,102,335,315,-0.009875860996544361
30,103,335,268,-0.006536020431667566
30,104,335,271,-0.0030959630385041237
30,105,335,272,0.0003884190518874675
30,106,335,325,0.0017524107825011015
30,107,335,319,-0.0011824839748442173
30,108,335,403,-0.004479555878788233
30,109,335,316,-0.009290087968111038
30,110,335,312,-0.005944648291915655
30,111,335,311,-0.0029017741326242685
30,112,335,310,0.00021615462901536375
30,113,335,415,0.0029550848994404078
30,114,335,308,-0.002257801126688719
30,115,335,324,0.001785804401151836
30,116,335,318,-0.0011624426115304232
30,117,335,402,-0.005414820276200771
30,118,335,317,-0.008753080852329731
31,32,406,313,-0.006682495586574078
31,33,406,421,-0.0066018011420965195
31,34,406,418,0.0015908707864582539
31,35,406,424,-0.0013876118464395404
31,36,406,422,-0.0032653373200446367
31,37,406,432,-0.004414955619722605
31,38,406,436,-0.004039516672492027
31,39,406,426,-0.0019631164614111185
31,40,406,423,-0.0008555600652471185
31,41,406,427,-0.0008618756546638906
31,42,406,425,-0.002426527440547943
31,43,406,327,0.0009554110583849251
31,44,406,326,-0.0033269068226218224
31,45,406,0,-0.007383883930742741
31,46,406,37,-0.00824970006942749
31,47,406,39,-0.005494169890880585
31,48,406,40,-0.004378592595458031
31,49,406,185,-0.011874045245349407
31,50,406,61,-0.012448514811694622
31,51,406,146,-0.014411133714020252
31,52,406,91,-0.012457789853215218
31,53,406,181,-0.011849814094603062
31,54,406,84,-0.010673616081476212
31,55,406,17,-0.009014509618282318
31,56,406,11,-0.0077565573155879974
31,57,406,72,-0.007085242308676243
31,58,406,73,-0.0063095856457948685
31,59,406,74,-0.010644796304404736
31,60,406,184,-0.011951557360589504
31,61,406,77,-0.012741444632411003
31,62,406,90,-0.012629224918782711
31,63,406,180,-0.011429746635258198
31,64,406,85,-0.010693655349314213
31,65,406,16,-0.008631649427115917
31,66,406,12,-0.007969193160533905
31,67,406,38,-0.008427010849118233
31,68,406,41,-0.01037273183465004
31,69,406,42,-0.01178212184458971
31,70,406,96,-0.012178649194538593
31,71,406,89,-0.012526397593319416
31,72,406,179,-0.011441419832408428
31,73,406,86,-0.010385463014245033
31,74,406,15,-0.009926781989634037
31,75,406,13,-0.007890496402978897
31,76,406,82,-0.008801085874438286
31,77,406,81,-0.01053343154489994
31,78,406,80,-0.01133053656667471
31,79,406,191,-0.011789596639573574
31,80,406,78,-0.011380222626030445
31,81,406,95,-0.011647419072687626
31,82,406,88,-0.012311233207583427
31,83,406,178,-0.011516275815665722
31,84,406,87,-0.011285662651062012
31,85,406,14,-0.009445784613490105
31,86,406,267,-0.004575497470796108
31,87,406,269,-0.0011976725654676557
31,88,406,270,-0.004747434519231319
31,89,406,409,-0.00612867996096611
31,90,406,291,-0.007303752936422825
31,91,406,375,-0.005491810385137796
31,92,406,321,-0.002708831336349249
31,93,406,405,-0.0009008586057461798
31,94,406,314,-0.006751097273081541
31,95,406,302,-0.004714776296168566
31,96,406,303,6.313878839137033e-05
31,97,406,304,-0.004096063319593668
31,98,406,408,-0.009053087793290615
31,99,406,307,-0.006256206892430782
31,100,406,320,-0.0026231580413877964
31,101,406,404,-0.0013838225277140737
31,102,406,315,-0.006140069104731083
31,103,406,268,-0.003997278865426779
31,104,406,271,0.00012840352428611368
31,105,406,272,-0.002805278869345784
31,106,406,325,-0.0055666351690888405
31,107,406,319,-0.003142915666103363
31,108,406,403,-0.001761561376042664
31,109,406,316,-0.006970028858631849
31,110,406,312,-0.004545646253973246
31,111,406,311,-5.774759847554378e-05
31,112,406,310,-0.0010820487514138222
31,113,406,415,-0.0055776373483240604
31,114,406,308,-0.006321693770587444
31,115,406,324,-0.0035396763123571873
31,116,406,318,-0.0022209377493709326
31,117,406,402,-0.002137766918167472
31,118,406,317,-0.006730434484779835
32,33,313,421,0.0016766914632171392
32,34,313,418,-0.00586610147729516
32,35,313,424,-0.007483657915145159
32,36,313,422,-0.007951514795422554
32,37,313,432,-0.008187063969671726
32,38,313,436,-0.007870419882237911
32,39,313,426,-0.0061202095821499825
32,40,313,423,-0.004996139090508223
32,41,313,427,-0.004637399222701788
32,42,313,425,-0.005757889710366726
32,43,313,327,-0.0019329498754814267
32,44,313,326,0.0007655564113520086
32,45,313,0,-0.00427014147862792
32,46,313,37,-0.006128968205302954
32,47,313,39,-0.007403302937746048
32,48,313,40,-0.009666337631642818
32,49,313,185,-0.010352023877203465
32,50,313,61,-0.010578486137092113
32,51,313,146,-0.011874577030539513
32,52,313,91,-0.012422238476574421
32,53,313,181,-0.010200918652117252
32,54,313,84,-0.008897494524717331
32,55,313,17,-0.006565141025930643
32,56,313,11,-0.004661272745579481
32,57,313,72,-0.006484490819275379
32,58,313,73,-0.00879723858088255
32,59,313,74,-0.009847087785601616
32,60,313,184,-0.010256941430270672
32,61,313,77,-0.01170967984944582
32,62,313,90,-0.010789756663143635
32,63,313,180,-0.010259122587740421
32,64,313,85,-0.00876573659479618
32,65,313,16,-0.008165222592651844
32,66,313,12,-0.005170902702957392
32,67,313,38,-0.006688232999294996
32,68,313,41,-0.008650376461446285
32,69,313,42,-0.00966759491711855
32,70,313,96,-0.011027065105736256
32,71,313,89,-0.010518592782318592
32,72,313,179,-0.009930027648806572
32,73,313,86,-0.009869450703263283
32,74,313,15,-0.007824061438441277
32,75,313,13,-0.005246293731033802
32,76,313,82,-0.007479662541300058
32,77,313,81,-0.008973411284387112
32,78,313,80,-0.00916350819170475
32,79,313,191,-0.00958050973713398
32,80,313,78,-0.010299012996256351
32,81,313,95,-0.009417385794222355
32,82,313,88,-0.011101868003606796
32,83,313,178,-0.010635217651724815
32,84,313,87,-0.009421472437679768
32,85,313,14,-0.007405439857393503
32,86,313,267,-0.0017500262474641204
32,87,313,269,-0.00482928054407239
32,88,313,270,-0.006331517826765776
32,89,313,409,-0.009889243170619011
32,90,313,291,-0.009834119118750095
32,91,313,375,-0.007271928247064352
32,92,313,321,-0.005116596817970276
32,93,313,405,-0.00273300614207983
32,94,313,314,-0.0018133221892639995
32,95,313,302,-0.0014671394601464272
32,96,313,303,-0.004195422399789095
32,97,313,304,-0.007714389357715845
32,98,313,408,-0.00962093099951744
32,99,313,307,-0.007699189707636833
32,100,313,320,-0.0047229137271642685
32,101,313,404,-0.0026429486460983753
32,102,313,315,-0.00208673276938498
32,103,313,268,-0.0008451854228042066
32,104,313,271,-0.004566534887999296
32,105,313,272,-0.00753758242353797
32,106,313,325,-0.009172073565423489
32,107,313,319,-0.005463477689772844
32,108,313,403,-0.0024697466287761927
32,109,313,316,-0.0022063448559492826
32,110,313,312,-0.0007645770674571395
32,111,313,311,-0.004373491276055574
32,112,313,310,-0.008213842287659645
32,113,313,415,-0.009103624150156975
32,114,313,308,-0.009466001763939857
32,115,313,324,-0.008607212454080582
32,116,313,318,-0.0054322159849107265
32,117,313,402,-0.001956400228664279
32,118,313,317,-0.002251400612294674
33,34,421,418,-0.006345199886709452
33,35,421,424,-0.007401010021567345
33,36,421,422,-0.007077737245708704
33,37,421,432,-0.006582893896847963
33,38,421,436,-0.006397594232112169
33,39,421,426,-0.007716089487075806
33,40,421,423,-0.005069367587566376
33,41,421,427,-0.00551100866869092
33,42,421,425,-0.006695431657135487
33,43,421,327,-0.0022319951094686985
33,44,421,326,0.00036320494837127626
33,45,421,0,-0.00410590460523963
33,46,421,37,-0.006584102287888527
33,47,421,39,-0.008193759247660637
33,48,421,40,-0.009758414700627327
33,49,421,185,-0.010524283163249493
33,50,421,61,-0.011776285246014595
33,51,421,146,-0.012278938665986061
33,52,421,91,-0.011864935979247093
33,53,421,181,-0.011035020463168621
33,54,421,84,-0.009919862262904644
33,55,421,17,-0.008804352022707462
33,56,421,11,-0.004516361281275749
33,57,421,72,-0.00698442105203867
33,58,421,73,-0.00815881509333849
33,59,421,74,-0.009588760323822498
33,60,421,184,-0.01042020134627819
33,61,421,77,-0.012070730328559875
33,62,421,90,-0.011562311090528965
33,63,421,180,-0.010802888311445713
33,64,421,85,-0.009727142751216888
33,65,421,16,-0.00876719318330288
33,66,421,12,-0.004605387803167105
33,67,421,38,-0.007351575884968042
33,68,421,41,-0.009115607477724552
33,69,421,42,-0.010266471654176712
33,70,421,96,-0.010938644409179688
33,71,421,89,-0.01080416887998581
33,72,421,179,-0.009797057136893272
33,73,421,86,-0.009320664219558239
33,74,421,15,-0.008573208935558796
33,75,421,13,-0.004823156166821718
33,76,421,82,-0.007511445786803961
33,77,421,81,-0.00878838263452053
33,78,421,80,-0.009768255054950714
33,79,421,191,-0.010394835844635963
33,80,421,78,-0.009999838657677174
33,81,421,95,-0.010602204129099846
33,82,421,88,-0.01095106452703476
33,83,421,178,-0.01075602788478136
33,84,421,87,-0.009070242755115032
33,85,421,14,-0.00753285177052021
33,86,421,267,0.001187448506243527
33,87,421,269,-0.004980089608579874
33,88,421,270,-0.007259908597916365
33,89,421,409,-0.00834727380424738
33,90,421,291,-0.008336505852639675
33,91,421,375,-0.006155886687338352
33,92,421,321,-0.0037623627576977015
33,93,421,405,-7.483267836505547e-05
33,94,421,314,-0.0018645803211256862
33,95,421,302,0.0011407772544771433
33,96,421,303,-0.0046086497604846954
33,97,421,304,-0.006262579467147589
33,98,421,408,-0.007915827445685863
33,99,421,307,-0.005499841179698706
33,100,421,320,-0.004543425049632788
33,101,421,404,0.00010059354099212214
33,102,421,315,-0.002254197606816888
33,103,421,268,0.0009226865950040519
33,104,421,271,-0.004803773481398821
33,105,421,272,-0.006093347445130348
33,106,421,325,-0.005760587751865387
33,107,421,319,-0.0038616638630628586
33,108,421,403,-0.0003134043945465237
33,109,421,316,-0.001967534888535738
33,110,421,312,0.0003951874386984855
33,111,421,311,-0.004297725390642881
33,112,421,310,-0.006069848779588938
33,113,421,415,-0.007842197082936764
33,114,421,308,-0.00837235152721405
33,115,421,324,-0.006544979754835367
33,116,421,318,-0.003007897175848484
33,117,421,402,-0.0023916130885481834
33,118,421,317,-0.0017100723925977945
34,35,418,424,-0.003684072755277157
34,36,418,422,-0.004521857015788555
34,37,418,432,-0.003683036658912897
34,38,418,436,-0.0033736659679561853
34,39,418,426,-0.002417039591819048
34,40,418,423,-0.0017376820323988795
34,41,418,427,-0.0026875301264226437
34,42,418,425,-0.0027110648807138205
34,43,418,327,-0.0013759181601926684
34,44,418,326,-0.0035334662534296513
34,45,418,0,-0.006777922157198191
34,46,418,37,-0.008835073560476303
34,47,418,39,-0.009600995108485222
34,48,418,40,-0.011040877550840378
34,49,418,185,-0.012118429876863956
34,50,418,61,-0.01320712547749281
34,51,418,146,-0.013659282587468624
34,52,418,91,-0.013471072539687157
34,53,418,181,-0.013002455234527588
34,54,418,84,-0.011837556958198547
34,55,418,17,-0.010567649267613888
34,56,418,11,-0.007040634751319885
34,57,418,72,-0.009335917420685291
34,58,418,73,-0.009948217310011387
34,59,418,74,-0.011284485459327698
34,60,418,184,-0.012034229002892971
34,61,418,77,-0.013319075107574463
34,62,418,90,-0.01343485526740551
34,63,418,180,-0.012627874501049519
34,64,418,85,-0.01156305056065321
34,65,418,16,-0.011097080074250698
34,66,418,12,-0.007327044382691383
34,67,418,38,-0.009746439754962921
34,68,418,41,-0.011134247295558453
34,69,418,42,-0.011678187176585197
34,70,418,96,-0.012691647745668888
34,71,418,89,-0.012882850132882595
34,72,418,179,-0.01281257439404726
34,73,418,86,-0.01171881053596735
34,74,418,15,-0.010688706301152706
34,75,418,13,-0.00744018005207181
34,76,418,82,-0.009822451509535313
34,77,418,81,-0.011051185429096222
34,78,418,80,-0.011377351358532906
34,79,418,191,-0.0121938306838274
34,80,418,78,-0.011849738657474518
34,81,418,95,-0.012071702629327774
34,82,418,88,-0.012389092706143856
34,83,418,178,-0.01202442217618227
34,84,418,87,-0.010919852182269096
34,85,418,14,-0.009461896494030952
34,86,418,267,-0.0026692755054682493
34,87,418,269,0.0017100851982831955
34,88,418,270,-0.006017365027219057
34,89,418,409,-0.005658833310008049
34,90,418,291,-0.0038710543885827065
34,91,418,375,-0.004242865834385157
34,92,418,321,-0.002217040164396167
34,93,418,405,-0.0018016953254118562
34,94,418,314,-0.00613538408651948
34,95,418,302,-0.0026495330967009068
34,96,418,303,0.0014297817833721638
34,97,418,304,-0.000708642415702343
34,98,418,408,-0.0050776563584804535
34,99,418,307,-0.002785868477076292
34,100,418,320,-0.0007750581135042012
34,101,418,404,-0.0017987587489187717
34,102,418,315,-0.0062373485416173935
34,103,418,268,-0.002892574993893504
34,104,418,271,0.0008510543266311288
34,105,418,272,0.0020586634054780006
34,106,418,325,-0.005090368911623955
34,107,418,319,0.0010952965822070837
34,108,418,403,-0.0011873325565829873
34,109,418,316,-0.00583262974396348
34,110,418,312,-0.0032747748773545027
34,111,418,311,0.0011902693659067154
34,112,418,310,0.0025758654810488224
34,113,418,415,-0.000961513607762754
34,114,418,308,-0.005210692062973976
34,115,418,324,-0.0020366606768220663
34,116,418,318,0.0012917806161567569
34,117,418,402,-0.0010026023956015706
34,118,418,317,-0.005536514800041914
35,36,424,422,-0.002265585120767355
35,37,424,432,-0.0023012920282781124
35,38,424,436,-0.0017633023671805859
35,39,424,426,-0.0008896110230125487
35,40,424,423,-0.0006055397680029273
35,41,424,427,-0.0020279644522815943
35,42,424,425,-0.0017467890866100788
35,43,424,327,-0.002760323928669095
35,44,424,326,-0.004293725360184908
35,45,424,0,-0.00808282382786274
35,46,424,37,-0.00980839692056179
35,47,424,39,-0.010712570510804653
35,48,424,40,-0.01223811600357294
35,49,424,185,-0.013051137328147888
35,50,424,61,-0.013656317256391048
35,51,424,146,-0.01434293668717146
35,52,424,91,-0.01425232831388712
35,53,424,181,-0.014090090058743954
35,54,424,84,-0.01294021401554346
35,55,424,17,-0.012038065120577812
35,56,424,11,-0.008471197448670864
35,57,424,72,-0.010216332972049713
35,58,424,73,-0.01107783243060112
35,59,424,74,-0.012185205705463886
35,60,424,184,-0.01292575616389513
35,61,424,77,-0.014087331481277943
35,62,424,90,-0.013979189097881317
35,63,424,180,-0.013726873323321342
35,64,424,85,-0.012971537187695503
35,65,424,16,-0.012390539050102234
35,66,424,12,-0.008825836703181267
35,67,424,38,-0.010309430770576
35,68,424,41,-0.01081682089716196
35,69,424,42,-0.011720646172761917
35,70,424,96,-0.013384461402893066
35,71,424,89,-0.01340340543538332
35,72,424,179,-0.013198522850871086
35,73,424,86,-0.012787414714694023
35,74,424,15,-0.012048558332026005
35,75,424,13,-0.008723479695618153
35,76,424,82,-0.010331246070563793
35,77,424,81,-0.011481665074825287
35,78,424,80,-0.01184321939945221
35,79,424,191,-0.012880993075668812
35,80,424,78,-0.012612001039087772
35,81,424,95,-0.012694517150521278
35,82,424,88,-0.01297381054610014
35,83,424,178,-0.012439552694559097
35,84,424,87,-0.01179231982678175
35,85,424,14,-0.01112554781138897
35,86,424,267,-0.004309399984776974
35,87,424,269,0.0004166379803791642
35,88,424,270,0.002458035247400403
35,89,424,409,0.004551077727228403
35,90,424,291,0.0028935670852661133
35,91,424,375,0.0019145089900121093
35,92,424,321,0.0013942865189164877
35,93,424,405,-0.003871973603963852
35,94,424,314,-0.007955361157655716
35,95,424,302,-0.004305740352720022
35,96,424,303,3.2129682949744165e-05
35,97,424,304,0.0025248522870242596
35,98,424,408,0.003873166162520647
35,99,424,307,0.0017405617982149124
35,100,424,320,0.0001510718575445935
35,101,424,404,-0.0030341180972754955
35,102,424,315,-0.008332619443535805
35,103,424,268,-0.004597168881446123
35,104,424,271,-0.0007062123040668666
35,105,424,272,0.001487269182689488
35,106,424,325,0.0010736900148913264
35,107,424,319,1.874455961115018e-06
35,108,424,403,-0.0032738670706748962
35,109,424,316,-0.007480225991457701
35,110,424,312,-0.003683527000248432
35,111,424,311,-0.0006150617846287787
35,112,424,310,0.001974287210032344
35,113,424,415,0.003980730660259724
35,114,424,308,0.0032652029767632484
35,115,424,324,0.0015714644687250257
35,116,424,318,-0.00027447380125522614
35,117,424,402,-0.0029274190310388803
35,118,424,317,-0.0068464940413832664
36,37,422,432,-0.0019060703925788403
36,38,422,436,-0.0015025134198367596
36,39,422,426,-9.696790220914409e-05
36,40,422,423,-0.00174236623570323
36,41,422,427,-0.001691079931333661
36,42,422,425,-0.0010729636996984482
36,43,422,327,-0.0026864425744861364
36,44,422,326,-0.0052512274123728275
36,45,422,0,-0.009420540183782578
36,46,422,37,-0.010216993279755116
36,47,422,39,-0.011136867105960846
36,48,422,40,-0.012581001035869122
36,49,422,185,-0.013018963858485222
36,50,422,61,-0.013649696484208107
36,51,422,146,-0.014385545626282692
36,52,422,91,-0.01481583435088396
36,53,422,181,-0.0142099279910326
36,54,422,84,-0.013407662510871887
36,55,422,17,-0.014182580634951591
36,56,422,11,-0.009654887951910496
36,57,422,72,-0.010607465170323849
36,58,422,73,-0.011263030581176281
36,59,422,74,-0.012326168827712536
36,60,422,184,-0.012767513282597065
36,61,422,77,-0.01441342756152153
36,62,422,90,-0.014651548117399216
36,63,422,180,-0.014208460226655006
36,64,422,85,-0.01354613434523344
36,65,422,16,-0.01316364761441946
36,66,422,12,-0.009915171191096306
36,67,422,38,-0.010838449001312256
36,68,422,41,-0.012022266164422035
36,69,422,42,-0.012872946448624134
36,70,422,96,-0.013502651825547218
36,71,422,89,-0.013825783506035805
36,72,422,179,-0.013938633725047112
36,73,422,86,-0.013212252408266068
36,74,422,15,-0.013893636874854565
36,75,422,13,-0.009948530234396458
36,76,422,82,-0.010665775276720524
36,77,422,81,-0.011727692559361458
36,78,422,80,-0.012209939770400524
36,79,422,191,-0.012913478538393974
36,80,422,78,-0.012827315367758274
36,81,422,95,-0.013111009262502193
36,82,422,88,-0.013619819656014442
36,83,422,178,-0.013595342636108398
36,84,422,87,-0.012463457882404327
36,85,422,14,-0.012628668919205666
36,86,422,267,-0.004867475479841232
36,87,422,269,-0.0003205786051694304
36,88,422,270,0.0008766052196733654
36,89,422,409,0.003563215723261237
36,90,422,291,0.00339014595374465
36,91,422,375,0.0031516454182565212
36,92,422,321,0.0014188137138262391
36,93,422,405,-0.005596165545284748
36,94,422,314,-0.009631299413740635
36,95,422,302,-0.005186125636100769
36,96,422,303,-0.0006740252138115466
36,97,422,304,0.0008840772788971663
36,98,422,408,0.002550705336034298
36,99,422,307,0.0009888235945254564
36,100,422,320,0.00012856775720138103
36,101,422,404,-0.004909132607281208
36,102,422,315,-0.009734340012073517
36,103,422,268,-0.005574600771069527
36,104,422,271,-0.0013633226044476032
36,105,422,272,0.0006100166356191039
36,106,422,325,0.00045753654558211565
36,107,422,319,-0.0007275334210135043
36,108,422,403,-0.004485682118684053
36,109,422,316,-0.009299861267209053
36,110,422,312,-0.006097382865846157
36,111,422,311,-0.0012349174357950687
36,112,422,310,-0.00013165340351406485
36,113,422,415,0.0019745677709579468
36,114,422,308,0.003724409732967615
36,115,422,324,0.0008218454313464463
36,116,422,318,-0.0008669738308526576
36,117,422,402,-0.004144074860960245
36,118,422,317,-0.008832219056785107
37,38,432,436,-9.503170986135956e-06
37,39,432,426,-0.0019076528260484338
37,40,432,423,-0.0027732986491173506
37,41,432,427,0.00010011470294557512
37,42,432,425,-0.0005069546168670058
37,43,432,327,-0.003469150047749281
37,44,432,326,-0.00558566814288497
37,45,432,0,-0.011993148364126682
37,46,432,37,-0.012154689989984035
37,47,432,39,-0.011354417540133
37,48,432,40,-0.012587116099894047
37,49,432,185,-0.013146434910595417
37,50,432,61,-0.013592519797384739
37,51,432,146,-0.014720328152179718
37,52,432,91,-0.015360325574874878
37,53,432,181,-0.014851599931716919
37,54,432,84,-0.014581284485757351
37,55,432,17,-0.014731595292687416
37,56,432,11,-0.011408336460590363
37,57,432,72,-0.012008761055767536
37,58,432,73,-0.01139290165156126
37,59,432,74,-0.012547070160508156
37,60,432,184,-0.013127910904586315
37,61,432,77,-0.014649778604507446
37,62,432,90,-0.014904142357409
37,63,432,180,-0.014616637490689754
37,64,432,85,-0.014629913493990898
37,65,432,16,-0.01479513943195343
37,66,432,12,-0.010783661156892776
37,67,432,38,-0.011590762995183468
37,68,432,41,-0.011074972338974476
37,69,432,42,-0.012070557102560997
37,70,432,96,-0.01423721481114626
37,71,432,89,-0.014285151846706867
37,72,432,179,-0.014172554947435856
37,73,432,86,-0.014270101673901081
37,74,432,15,-0.014356950297951698
37,75,432,13,-0.010926713235676289
37,76,432,82,-0.011689337901771069
37,77,432,81,-0.012144378386437893
37,78,432,80,-0.01288808323442936
37,79,432,191,-0.01332591287791729
37,80,432,78,-0.01285558007657528
37,81,432,95,-0.013165252283215523
37,82,432,88,-0.014139055274426937
37,83,432,178,-0.0139706339687109
37,84,432,87,-0.01404618937522173
37,85,432,14,-0.013996951282024384
37,86,432,267,-0.006533697247505188
37,87,432,269,-0.003987590782344341
37,88,432,270,0.0003376247768756002
37,89,432,409,0.0025036288425326347
37,90,432,291,0.0024504130706191063
37,91,432,375,0.001021669595502317
37,92,432,321,0.00018874177476391196
37,93,432,405,-0.0052289776504039764
37,94,432,314,-0.009262148290872574
37,95,432,302,-0.006472739391028881
37,96,432,303,-0.0027651761192828417
37,97,432,304,0.0010063402587547898
37,98,432,408,0.0014401255175471306
37,99,432,307,-0.00012442916340660304
37,100,432,320,-0.0005449939053505659
37,101,432,404,-0.0056476653553545475
37,102,432,315,-0.009903849102556705
37,103,432,268,-0.006522660609334707
37,104,432,271,-0.002700946293771267
37,105,432,272,2.5903378627845086e-05
37,106,432,325,-6.793768989155069e-05
37,107,432,319,-0.001142542576417327
37,108,432,403,-0.0057879057712852955
37,109,432,316,-0.0102832717821002
37,110,432,312,-0.004804716445505619
37,111,432,311,-0.0023322689812630415
37,112,432,310,-0.0009237835765816271
37,113,432,415,0.0011405826080590487
37,114,432,308,0.0016034519067034125
37,115,432,324,6.89391017658636e-05
37,116,432,318,-0.0011421602685004473
37,117,432,402,-0.005586228799074888
37,118,432,317,-0.009786558337509632
38,39,436,426,-0.002633661264553666
38,40,436,423,-0.00310292630456388
38,41,436,427,0.00014198342978488654
38,42,436,425,0.0008463257690891623
38,43,436,327,-0.003697676118463278
38,44,436,326,-0.006935570389032364
38,45,436,0,-0.012316869571805
38,46,436,37,-0.012480492703616619
38,47,436,39,-0.011797212064266205
38,48,436,40,-0.012637936510145664
38,49,436,185,-0.013041654601693153
38,50,436,61,-0.0132755683735013
38,51,436,146,-0.014662389643490314
38,52,436,91,-0.01513771153986454
38,53,436,181,-0.014758811332285404
38,54,436,84,-0.014875028282403946
38,55,436,17,-0.014131356962025166
38,56,436,11,-0.01240464299917221
38,57,436,72,-0.010081215761601925
38,58,436,73,-0.01181065198034048
38,59,436,74,-0.01271657831966877
38,60,436,184,-0.013086567632853985
38,61,436,77,-0.014535656198859215
38,62,436,90,-0.014867251738905907
38,63,436,180,-0.014751949347555637
38,64,436,85,-0.014918721280992031
38,65,436,16,-0.014464696869254112
38,66,436,12,-0.012180223129689693
38,67,436,38,-0.01233294140547514
38,68,436,41,-0.011518414132297039
38,69,436,42,-0.012191730551421642
38,70,436,96,-0.013934261165559292
38,71,436,89,-0.014390647411346436
38,72,436,179,-0.014381635002791882
38,73,436,86,-0.014676379039883614
38,74,436,15,-0.01460648886859417
38,75,436,13,-0.011376372538506985
38,76,436,82,-0.012255137786269188
38,77,436,81,-0.012805460020899773
38,78,436,80,-0.012717796489596367
38,79,436,191,-0.011844871565699577
38,80,436,78,-0.012663710862398148
38,81,436,95,-0.012742090970277786
38,82,436,88,-0.013758408837020397
38,83,436,178,-0.01384915690869093
38,84,436,87,-0.014391342177987099
38,85,436,14,-0.014424728229641914
38,86,436,267,-0.007628560997545719
38,87,436,269,-0.004317840561270714
38,88,436,270,-0.0010271522914990783
38,89,436,409,0.0020477029029279947
38,90,436,291,0.0030597238801419735
38,91,436,375,0.0013740739086642861
38,92,436,321,0.0002664283092599362
38,93,436,405,-0.005055499728769064
38,94,436,314,-0.009915717877447605
38,95,436,302,-0.007723032962530851
38,96,436,303,-0.003426444251090288
38,97,436,304,0.00028203174588270485
38,98,436,408,0.0010317335836589336
38,99,436,307,0.00010172746988246217
38,100,436,320,-0.000772377650719136
38,101,436,404,-0.0054755317978560925
38,102,436,315,-0.009309625253081322
38,103,436,268,-0.00765825342386961
38,104,436,271,-0.0029388810507953167
38,105,436,272,-0.0006393440417014062
38,106,436,325,-0.00032766061485745013
38,107,436,319,-0.0013243001885712147
38,108,436,403,-0.005949289072304964
38,109,436,316,-0.010534325614571571
38,110,436,312,-0.005305434111505747
38,111,436,311,-0.002483506454154849
38,112,436,310,-0.0010109732393175364
38,113,436,415,0.0006179481279104948
38,114,436,308,0.001778999576345086
38,115,436,324,-0.000591650081332773
38,116,436,318,-0.001224671141244471
38,117,436,402,-0.005729646421968937
38,118,436,317,-0.010174424387514591
39,40,426,423,-0.002469815080985427
39,41,426,427,-0.0016368055948987603
39,42,426,425,-0.0015171936247497797
39,43,426,327,-0.004011575598269701
39,44,426,326,-0.006688273511826992
39,45,426,0,-0.008058425039052963
39,46,426,37,-0.010558060370385647
39,47,426,39,-0.012858052738010883
39,48,426,40,-0.01311254221946001
39,49,426,185,-0.01351404469460249
39,50,426,61,-0.011554975993931293
39,51,426,146,-0.013117022812366486
39,52,426,91,-0.013264692388474941
39,53,426,181,-0.013154631480574608
39,54,426,84,-0.012702680192887783
39,55,426,17,-0.01173539087176323
39,56,426,11,-0.008405248634517193
39,57,426,72,-0.011005476117134094
39,58,426,73,-0.013102040626108646
39,59,426,74,-0.013088940642774105
39,60,426,184,-0.013573067262768745
39,61,426,77,-0.013229398988187313
39,62,426,90,-0.013709299266338348
39,63,426,180,-0.01349275279790163
39,64,426,85,-0.011600346304476261
39,65,426,16,-0.010842765681445599
39,66,426,12,-0.008649603463709354
39,67,426,38,-0.011137325316667557
39,68,426,41,-0.012878878973424435
39,69,426,42,-0.013110249303281307
39,70,426,96,-0.012911662459373474
39,71,426,89,-0.0138943986967206
39,72,426,179,-0.01404584664851427
39,73,426,86,-0.011709143407642841
39,74,426,15,-0.010760745033621788
39,75,426,13,-0.008920181542634964
39,76,426,82,-0.010956005193293095
39,77,426,81,-0.012153873220086098
39,78,426,80,-0.012610659934580326
39,79,426,191,-0.009714224375784397
39,80,426,78,-0.011885152198374271
39,81,426,95,-0.012627992779016495
39,82,426,88,-0.013943462632596493
39,83,426,178,-0.014142311178147793
39,84,426,87,-0.012579943984746933
39,85,426,14,-0.0109200868755579
39,86,426,267,-0.004473341628909111
39,87,426,269,-0.0014727135421708226
39,88,426,270,-5.099803820485249e-05
39,89,426,409,0.001690880861133337
39,90,426,291,0.0034330852795392275
39,91,426,375,0.002090554218739271
39,92,426,321,-0.002000659005716443
39,93,426,405,-0.003799032187089324
39,94,426,314,-0.006811532657593489
39,95,426,302,-0.00481407530605793
39,96,426,303,-0.0020455026533454657
39,97,426,304,-0.0004161623655818403
39,98,426,408,0.0026726429350674152
39,99,426,307,0.001873600180260837
39,100,426,320,-0.0017945021390914917
39,101,426,404,-0.004545366391539574
39,102,426,315,-0.006451640278100967
39,103,426,268,-0.005893896333873272
39,104,426,271,-0.0023305448703467846
39,105,426,272,0.00019144403631798923
39,106,426,325,0.0019911585841327906
39,107,426,319,-0.0014183822786435485
39,108,426,403,-0.0046489909291267395
39,109,426,316,-0.006597965024411678
39,110,426,312,-0.006872819736599922
39,111,426,311,-0.0026649280916899443
39,112,426,310,0.00022596771304961294
39,113,426,415,0.002701443387195468
39,114,426,308,0.004002298694103956
39,115,426,324,0.0016610281309112906
39,116,426,318,-0.001120099681429565
39,117,426,402,-0.004082140512764454
39,118,426,317,-0.006775609217584133
40,41,423,427,-0.0028109257109463215
40,42,423,425,-0.002701291348785162
40,43,423,327,-0.003679168876260519
40,44,423,326,-0.004981700796633959
40,45,423,0,-0.0093782814219594
40,46,423,37,-0.010790329426527023
40,47,423,39,-0.01190672256052494
40,48,423,40,-0.012714949436485767
40,49,423,185,-0.013242914341390133
40,50,423,61,-0.012618200853466988
40,51,423,146,-0.01352172065526247
40,52,423,91,-0.014074346050620079
40,53,423,181,-0.01511769462376833
40,54,423,84,-0.015399232506752014
40,55,423,17,-0.01408960111439228
40,56,423,11,-0.009588425047695637
40,57,423,72,-0.011742575094103813
40,58,423,73,-0.012156453914940357
40,59,423,74,-0.01255190558731556
40,60,423,184,-0.01313378568738699
40,61,423,77,-0.013883629813790321
40,62,423,90,-0.014464671723544598
40,63,423,180,-0.014648163691163063
40,64,423,85,-0.01575641706585884
40,65,423,16,-0.013435008004307747
40,66,423,12,-0.009838955476880074
40,67,423,38,-0.011460511945188046
40,68,423,41,-0.011959717608988285
40,69,423,42,-0.012351992540061474
40,70,423,96,-0.013467555865645409
40,71,423,89,-0.013999572955071926
40,72,423,179,-0.0142361493781209
40,73,423,86,-0.014934021979570389
40,74,423,15,-0.01286650076508522
40,75,423,13,-0.009907047264277935
40,76,423,82,-0.011951176449656487
40,77,423,81,-0.01199270784854889
40,78,423,80,-0.01167714037001133
40,79,423,191,-0.011867734603583813
40,80,423,78,-0.012498190626502037
40,81,423,95,-0.012298321351408958
40,82,423,88,-0.013546573929488659
40,83,423,178,-0.014237579889595509
40,84,423,87,-0.013983926735818386
40,85,423,14,-0.012650493532419205
40,86,423,267,-0.005175909958779812
40,87,423,269,-0.0011092635104432702
40,88,423,270,0.0026045970153063536
40,89,423,409,-0.0008372240117751062
40,90,423,291,-0.003023158060386777
40,91,423,375,0.001879889634437859
40,92,423,321,0.0009038732387125492
40,93,423,405,-0.0025325764436274767
40,94,423,314,-0.007025478407740593
40,95,423,302,-0.005159896332770586
40,96,423,303,-0.0007632153574377298
40,97,423,304,0.0012341872788965702
40,98,423,408,0.0027819413226097822
40,99,423,307,0.004111029673367739
40,100,423,320,-0.0002270291734021157
40,101,423,404,-0.0030456483364105225
40,102,423,315,-0.008103817701339722
40,103,423,268,-0.005310536362230778
40,104,423,271,-0.001031689578667283
40,105,423,272,0.001356165623292327
40,106,423,325,0.0025166072882711887
40,107,423,319,0.0002220827736891806
40,108,423,403,-0.0034746730234473944
40,109,423,316,-0.007911033928394318
40,110,423,312,-0.0052718291990458965
40,111,423,311,-0.001269212574698031
40,112,423,310,0.0010054175509139895
40,113,423,415,0.003280073404312134
40,114,423,308,0.0018512321403250098
40,115,423,324,0.0017113881185650826
40,116,423,318,-0.00015018541307654232
40,117,423,402,-0.00460157310590148
40,118,423,317,-0.00809409562498331
41,42,427,425,-0.00010941088839899749
41,43,427,327,-0.0041872793808579445
41,44,427,326,-0.006878186948597431
41,45,427,0,-0.007447151467204094
41,46,427,37,-0.009508482180535793
41,47,427,39,-0.01170940138399601
41,48,427,40,-0.012491073459386826
41,49,427,185,-0.01170461717993021
41,50,427,61,-0.01180953811854124
41,51,427,146,-0.013145336881279945
41,52,427,91,-0.013318064622581005
41,53,427,181,-0.01291770301759243
41,54,427,84,-0.011869075708091259
41,55,427,17,-0.009319840930402279
41,56,427,11,-0.0075546507723629475
41,57,427,72,-0.009898553602397442
41,58,427,73,-0.011884043924510479
41,59,427,74,-0.012429661117494106
41,60,427,184,-0.011809375137090683
41,61,427,77,-0.01295972615480423
41,62,427,90,-0.013086632825434208
41,63,427,180,-0.012697219848632812
41,64,427,85,-0.011672340333461761
41,65,427,16,-0.009052922949194908
41,66,427,12,-0.007646041456609964
41,67,427,38,-0.009927772916853428
41,68,427,41,-0.011374943889677525
41,69,427,42,-0.011796674691140652
41,70,427,96,-0.012283888645470142
41,71,427,89,-0.012441645376384258
41,72,427,179,-0.01225376594811678
41,73,427,86,-0.011377109214663506
41,74,427,15,-0.013006496243178844
41,75,427,13,-0.007612945977598429
41,76,427,82,-0.010059995576739311
41,77,427,81,-0.011169752106070518
41,78,427,80,-0.011056304909288883
41,79,427,191,-0.011528067290782928
41,80,427,78,-0.010957658290863037
41,81,427,95,-0.011532293632626534
41,82,427,88,-0.012013240717351437
41,83,427,178,-0.011909635737538338
41,84,427,87,-0.01083596795797348
41,85,427,14,-0.012804781086742878
41,86,427,267,-0.008306588046252728
41,87,427,269,-0.004565628711134195
41,88,427,270,0.0010274355299770832
41,89,427,409,0.0017434287583455443
41,90,427,291,0.003312276676297188
41,91,427,375,0.001251743407920003
41,92,427,321,-0.00045354285975918174
41,93,427,405,-0.0023636026307940483
41,94,427,314,-0.004741033539175987
41,95,427,302,-0.004091975279152393
41,96,427,303,-0.0042605348862707615
41,97,427,304,9.976449655368924e-05
41,98,427,408,0.0008588057826273143
41,99,427,307,0.00034571511787362397
41,100,427,320,-0.0011664268095046282
41,101,427,404,-0.0031259171664714813
41,102,427,315,-0.005212652031332254
41,103,427,268,-0.004187729675322771
41,104,427,271,-0.0027488351333886385
41,105,427,272,-0.002108457265421748
41,106,427,325,-0.0005345380632206798
41,107,427,319,-0.002315229270607233
41,108,427,403,-0.0036939959973096848
41,109,427,316,-0.005605950020253658
41,110,427,312,-0.00469991285353899
41,111,427,311,-0.0028566166292876005
41,112,427,310,-0.0014300004113465548
41,113,427,415,0.0010769740911200643
41,114,427,308,0.0019363559549674392
41,115,427,324,-0.0007239303085952997
41,116,427,318,-0.0024866280145943165
41,117,427,402,-0.0034286584705114365
41,118,427,317,-0.008922036737203598
42,43,425,327,-0.004027524963021278
42,44,425,326,-0.005789488088339567
42,45,425,0,-0.008188186213374138
42,46,425,37,-0.010519293136894703
42,47,425,39,-0.012943032197654247
42,48,425,40,-0.01346651092171669
42,49,425,185,-0.013275171630084515
42,50,425,61,-0.011579690501093864
42,51,425,146,-0.012895656749606133
42,52,425,91,-0.01344949472695589
42,53,425,181,-0.013179758563637733
42,54,425,84,-0.012611273676156998
42,55,425,17,-0.01055798027664423
42,56,425,11,-0.00833562295883894
42,57,425,72,-0.011246268637478352
42,58,425,73,-0.012749511748552322
42,59,425,74,-0.012892109341919422
42,60,425,184,-0.013562628999352455
42,61,425,77,-0.012923244386911392
42,62,425,90,-0.013308640569448471
42,63,425,180,-0.013318421319127083
42,64,425,85,-0.012785329483449459
42,65,425,16,-0.010354253463447094
42,66,425,12,-0.008660512045025826
42,67,425,38,-0.011414599604904652
42,68,425,41,-0.013133843429386616
42,69,425,42,-0.012954754754900932
42,70,425,96,-0.012771395966410637
42,71,425,89,-0.013163545168936253
42,72,425,179,-0.013222130946815014
42,73,425,86,-0.01274262834340334
42,74,425,15,-0.010238033719360828
42,75,425,13,-0.008695006370544434
42,76,425,82,-0.011561218649148941
42,77,425,81,-0.012425755150616169
42,78,425,80,-0.012127120979130268
42,79,425,191,-0.010729264467954636
42,80,425,78,-0.011388416402041912
42,81,425,95,-0.011686918325722218
42,82,425,88,-0.013143744319677353
42,83,425,178,-0.013363421894609928
42,84,425,87,-0.012282881885766983
42,85,425,14,-0.010122304782271385
42,86,425,267,-0.004790610633790493
42,87,425,269,-0.0021107597276568413
42,88,425,270,-0.0010950821451842785
42,89,425,409,0.0015240944921970367
42,90,425,291,0.003534572198987007
42,91,425,375,5.366665209294297e-05
42,92,425,321,-0.0018503878964111209
42,93,425,405,-0.003856957657262683
42,94,425,314,-0.006348432973027229
42,95,425,302,-0.005265374667942524
42,96,425,303,-0.00302327424287796
42,97,425,304,-0.0022531577851623297
42,98,425,408,-0.0001339340233244002
42,99,425,307,0.0006149369874037802
42,100,425,320,-0.0024787515867501497
42,101,425,404,-0.004381544888019562
42,102,425,315,-0.006264074705541134
42,103,425,268,-0.005266867112368345
42,104,425,271,-0.0027080427389591932
42,105,425,272,0.000478539353935048
42,106,425,325,0.00034516857704147696
42,107,425,319,-0.0023982394486665726
42,108,425,403,-0.004820425529032946
42,109,425,316,-0.006788474041968584
42,110,425,312,-0.006444153841584921
42,111,425,311,-0.003510738955810666
42,112,425,310,-0.0014637171989306808
42,113,425,415,0.0014839733485132456
42,114,425,308,0.0028589481953531504
42,115,425,324,0.0007644168799743056
42,116,425,318,-0.0023843231610953808
42,117,425,402,-0.004405147396028042
42,118,425,317,-0.006873481906950474
43,44,327,326,-0.0036707702092826366
43,45,327,0,-0.007717300206422806
43,46,327,37,-0.00964466854929924
43,47,327,39,-0.011009951122105122
43,48,327,40,-0.011835958808660507
43,49,327,185,-0.012125874869525433
43,50,327,61,-0.011637596413493156
43,51,327,146,-0.012756045907735825
43,52,327,91,-0.01353470329195261
43,53,327,181,-0.01352013647556305
43,54,327,84,-0.012931211851537228
43,55,327,17,-0.011140584945678711
43,56,327,11,-0.007992957718670368
43,57,327,72,-0.009910782799124718
43,58,327,73,-0.0111304372549057
43,59,327,74,-0.011778021231293678
43,60,327,184,-0.011801975779235363
43,61,327,77,-0.012763772159814835
43,62,327,90,-0.013343139551579952
43,63,327,180,-0.013327735476195812
43,64,327,85,-0.013208478689193726
43,65,327,16,-0.011392999440431595
43,66,327,12,-0.008285152725875378
43,67,327,38,-0.010256562381982803
43,68,327,41,-0.010731782764196396
43,69,327,42,-0.011344276368618011
43,70,327,96,-0.012112484313547611
43,71,327,89,-0.012745385058224201
43,72,327,179,-0.012891417369246483
43,73,327,86,-0.012530392967164516
43,74,327,15,-0.011120867915451527
43,75,327,13,-0.008485518395900726
43,76,327,82,-0.009996644221246243
43,77,327,81,-0.01062542013823986
43,78,327,80,-0.010950366966426373
43,79,327,191,-0.011142658069729805
43,80,327,78,-0.010764065198600292
43,81,327,95,-0.011041884310543537
43,82,327,88,-0.012330806814134121
43,83,327,178,-0.012528946623206139
43,84,327,87,-0.012514381669461727
43,85,327,14,-0.010934308171272278
43,86,327,267,-0.0028304215520620346
43,87,327,269,-0.0002679306489881128
43,88,327,270,-0.0038783359341323376
43,89,327,409,-0.005645982455462217
43,90,327,291,-0.0056504434905946255
43,91,327,375,-0.004978119395673275
43,92,327,321,-0.0033760815858840942
43,93,327,405,0.0011418991489335895
43,94,327,314,-0.004539209417998791
43,95,327,302,-0.002980502787977457
43,96,327,303,0.0017010981682687998
43,97,327,304,-0.0037862511817365885
43,98,327,408,-0.005022735800594091
43,99,327,307,-0.004400739911943674
43,100,327,320,-0.0021423024591058493
43,101,327,404,0.0013414820423349738
43,102,327,315,-0.004711822606623173
43,103,327,268,-0.0030493647791445255
43,104,327,271,-5.130755380378105e-05
43,105,327,272,-0.0026318554300814867
43,106,327,325,-0.003778178943321109
43,107,327,319,-0.0010708129266276956
43,108,327,403,-0.0013547028647735715
43,109,327,316,-0.004990227520465851
43,110,327,312,-0.0032045957632362843
43,111,327,311,0.0003322431293781847
43,112,327,310,-0.0007484312518499792
43,113,327,415,-0.0038946890272200108
43,114,327,308,-0.004377445671707392
43,115,327,324,-0.003083560150116682
43,116,327,318,-0.000883537984918803
43,117,327,402,-0.0017718109302222729
43,118,327,317,-0.004877020139247179
44,45,326,0,-0.006269095931202173
44,46,326,37,-0.009110948070883751
44,47,326,39,-0.010202787816524506
44,48,326,40,-0.010925523936748505
44,49,326,185,-0.011092216707766056
44,50,326,61,-0.008040916174650192
44,51,326,146,-0.011487397365272045
44,52,326,91,-0.012065313756465912
44,53,326,181,-0.011498598381876945
44,54,326,84,-0.01366829127073288
44,55,326,17,-0.01075363252311945
44,56,326,11,-0.00646715285256505
44,57,326,72,-0.009636979550123215
44,58,326,73,-0.010492104105651379
44,59,326,74,-0.010884251445531845
44,60,326,184,-0.010889419354498386
44,61,326,77,-0.011270170100033283
44,62,326,90,-0.012052076868712902
44,63,326,180,-0.01249008160084486
44,64,326,85,-0.014046805910766125
44,65,326,16,-0.010118667967617512
44,66,326,12,-0.006504953373223543
44,67,326,38,-0.009828923270106316
44,68,326,41,-0.010402356274425983
44,69,326,42,-0.010641961358487606
44,70,326,96,-0.004631937947124243
44,71,326,89,-0.011524489149451256
44,72,326,179,-0.012842072173953056
44,73,326,86,-0.014041471295058727
44,74,326,15,-0.009886673651635647
44,75,326,13,-0.006813944783061743
44,76,326,82,-0.009665003046393394
44,77,326,81,-0.009621660225093365
44,78,326,80,-0.00968498457223177
44,79,326,191,-0.009914196096360683
44,80,326,78,-0.00600964343175292
44,81,326,95,-0.009999620728194714
44,82,326,88,-0.01049050409346819
44,83,326,178,-0.012034662999212742
44,84,326,87,-0.013457026332616806
44,85,326,14,-0.009563176892697811
44,86,326,267,-0.001860168413259089
44,87,326,269,-0.0037473603151738644
44,88,326,270,-0.005927819758653641
44,89,326,409,-0.007625252474099398
44,90,326,291,-0.007363840937614441
44,91,326,375,-0.006667626090347767
44,92,326,321,-0.004314146004617214
44,93,326,405,-0.0003222874365746975
44,94,326,314,0.00040583021473139524
44,95,326,302,-0.0013330611400306225
44,96,326,303,-0.002447790000587702
44,97,326,304,-0.005870969034731388
44,98,326,408,-0.007614521775394678
44,99,326,307,-0.006565100979059935
44,100,326,320,-0.004514683969318867
44,101,326,404,0.000542615307494998
44,102,326,315,-0.0007390684331767261
44,103,326,268,2.5603309040889144e-05
44,104,326,271,-0.0025161439552903175
44,105,326,272,-0.005388813558965921
44,106,326,325,-0.005808220710605383
44,107,326,319,-0.003892663400620222
44,108,326,403,-0.00021027126058470458
44,109,326,316,-0.0009706919663585722
44,110,326,312,-0.00041358699672855437
44,111,326,311,-0.002279536798596382
44,112,326,310,-0.0048049455508589745
44,113,326,415,-0.006287678610533476
44,114,326,308,-0.00653925770893693
44,115,326,324,-0.00535395136103034
44,116,326,318,-0.003436072962358594
44,117,326,402,0.00018836829985957593
44,118,326,317,-0.0014434250770136714
45,46,0,37,-0.006148383021354675
45,47,0,39,-0.006087522022426128
45,48,0,40,-0.006930632516741753
45,49,0,185,-0.007552736904472113
45,50,0,61,-0.007430559955537319
45,51,0,146,-0.007916159927845001
45,52,0,91,-0.008163177408277988
45,53,0,181,-0.007735895924270153
45,54,0,84,-0.006961042992770672
45,55,0,17,-0.0008197214337997139
45,56,0,11,5.722477362724021e-05
45,57,0,72,-0.007013893686234951
45,58,0,73,-0.006405754014849663
45,59,0,74,-0.00663467263802886
45,60,0,184,-0.00810971949249506
45,61,0,77,-0.007891001179814339
45,62,0,90,-0.00866153184324503
45,63,0,180,-0.007637202274054289
45,64,0,85,-0.007361661177128553
45,65,0,16,-0.0008556847460567951
45,66,0,12,0.00014596550317946821
45,67,0,38,-0.006195940542966127
45,68,0,41,-0.006157537456601858
45,69,0,42,-0.006533256731927395
45,70,0,96,-0.0076023549772799015
45,71,0,89,-0.008102120831608772
45,72,0,179,-0.0068147252313792706
45,73,0,86,-0.006704589817672968
45,74,0,15,-0.0007623303681612015
45,75,0,13,-0.00018726704001892358
45,76,0,82,-0.004644122906029224
45,77,0,81,-0.005362345837056637
45,78,0,80,-0.00602255342528224
45,79,0,191,-0.006632561795413494
45,80,0,78,-0.0065813222900033
45,81,0,95,-0.007070027757436037
45,82,0,88,-0.006800634786486626
45,83,0,178,-0.006235212087631226
45,84,0,87,-0.006235967390239239
45,85,0,14,-0.0010716563556343317
45,86,0,267,-0.006460487376898527
45,87,0,269,-0.009074158035218716
45,88,0,270,-0.010746784508228302
45,89,0,409,-0.012425734661519527
45,90,0,291,-0.010494215413928032
45,91,0,375,-0.005200171377509832
45,92,0,321,-0.007901973091065884
45,93,0,405,-0.005627393256872892
45,94,0,314,-0.0028813739772886038
45,95,0,302,-0.005894202273339033
45,96,0,303,-0.008143686689436436
45,97,0,304,-0.010268657468259335
45,98,0,408,-0.010758107528090477
45,99,0,307,-0.009794934652745724
45,100,0,320,-0.00839393399655819
45,101,0,404,-0.005936225410550833
45,102,0,315,-0.002487426856532693
45,103,0,268,-0.00749162258580327
45,104,0,271,-0.009838002733886242
45,105,0,272,-0.010424827225506306
45,106,0,325,-0.009262803010642529
45,107,0,319,-0.007727057673037052
45,108,0,403,-0.006245477590709925
45,109,0,316,-0.0022348519414663315
45,110,0,312,-0.007636707276105881
45,111,0,311,-0.009357612580060959
45,112,0,310,-0.009424682706594467
45,113,0,415,-0.010933998040854931
45,114,0,308,-0.010496045462787151
45,115,0,324,-0.009865829721093178
45,116,0,318,-0.008162455633282661
45,117,0,402,-0.00663683470338583
45,118,0,317,-0.002816560212522745
46,47,37,39,-0.004660357255488634
46,48,37,40,-0.004578194580972195
46,49,37,185,-0.005702128633856773
46,50,37,61,-0.006198125425726175
46,51,37,146,-0.007177525665611029
46,52,37,91,-0.006904187146574259
46,53,37,181,-0.005044684279710054
46,54,37,84,0.00035200282582081854
46,55,37,17,-0.00126603280659765
46,56,37,11,-0.005285901017487049
46,57,37,72,0.0009445567266084254
46,58,37,73,-0.004539512097835541
46,59,37,74,-0.004880858119577169
46,60,37,184,-0.005576562602072954
46,61,37,77,-0.0069491867907345295
46,62,37,90,-0.0066690645180642605
46,63,37,180,-0.0051788100972771645
46,64,37,85,0.0009731267928145826
46,65,37,16,-0.0001389594399370253
46,66,37,12,-0.005068013444542885
46,67,37,38,0.0004836738226003945
46,68,37,41,-0.003910264000296593
46,69,37,42,-0.004444534424692392
46,70,37,96,-0.006335641723126173
46,71,37,89,-0.006162595935165882
46,72,37,179,-0.005063326098024845
46,73,37,86,0.0015100679593160748
46,74,37,15,-0.00032868541893549263
46,75,37,13,-0.004957141354680061
46,76,37,82,-0.0005968355108052492
46,77,37,81,-0.0031719014514237642
46,78,37,80,-0.00416443170979619
46,79,37,191,-0.004571779165416956
46,80,37,78,-0.005391449201852083
46,81,37,95,-0.004185511264950037
46,82,37,88,-0.005303593818098307
46,83,37,178,-0.004332432523369789
46,84,37,87,0.00132013950496912
46,85,37,14,-0.0011723701609298587
46,86,37,267,-0.008202989585697651
46,87,37,269,-0.010894762352108955
46,88,37,270,-0.011335098184645176
46,89,37,409,-0.012751263566315174
46,90,37,291,-0.01201765425503254
46,91,37,375,-0.013295372016727924
46,92,37,321,-0.010750064626336098
46,93,37,405,-0.007495261263102293
46,94,37,314,-0.003999133128672838
46,95,37,302,-0.007988667115569115
46,96,37,303,-0.009779402986168861
46,97,37,304,-0.011679133400321007
46,98,37,408,-0.012527245096862316
46,99,37,307,-0.012990893796086311
46,100,37,320,-0.010005309246480465
46,101,37,404,-0.008051782846450806
46,102,37,315,-0.00370378652587533
46,103,37,268,-0.00773543631657958
46,104,37,271,-0.009525580331683159
46,105,37,272,-0.011605609208345413
46,106,37,325,-0.011601411737501621
46,107,37,319,-0.009213258512318134
46,108,37,403,-0.007089484017342329
46,109,37,316,-0.0039690108969807625
46,110,37,312,-0.008869102224707603
46,111,37,311,-0.010353225283324718
46,112,37,310,-0.011239283718168736
46,113,37,415,-0.012161416001617908
46,114,37,308,-0.011337528005242348
46,115,37,324,-0.011220271699130535
46,116,37,318,-0.009303051047027111
46,117,37,402,-0.006932782009243965
46,118,37,317,-0.004687577486038208
47,48,39,40,-0.0035512999165803194
47,49,39,185,-0.0043114242143929005
47,50,39,61,-0.0038520577363669872
47,51,39,146,-0.004667655564844608
47,52,39,91,-0.004240988288074732
47,53,39,181,0.002172050066292286
47,54,39,84,0.0007255603559315205
47,55,39,17,-0.0012359562097117305
47,56,39,11,-0.005533649120479822
47,57,39,72,-0.0043782987631857395
47,58,39,73,-0.0008169203065335751
47,59,39,74,-0.003590700915083289
47,60,39,184,-0.0039368197321891785
47,61,39,77,-0.004478616639971733
47,62,39,90,-0.004019572399556637
47,63,39,180,0.002376789692789316
47,64,39,85,0.00038008656702004373
47,65,39,16,-0.0012658513151109219
47,66,39,12,-0.0055399732664227486
47,67,39,38,-0.004418605472892523
47,68,39,41,-0.0018250274006277323
47,69,39,42,-0.001640111906453967
47,70,39,96,-0.0038845627568662167
47,71,39,89,-0.0029092109762132168
47,72,39,179,0.0007780303130857646
47,73,39,86,-0.0002808234712574631
47,74,39,15,-0.001633466687053442
47,75,39,13,-0.006268604192882776
47,76,39,82,-0.004953321535140276
47,77,39,81,-0.0025880683679133654
47,78,39,80,-0.0007171590114012361
47,79,39,191,-0.0015799007378518581
47,80,39,78,-0.00223612692207098
47,81,39,95,-0.0020017330534756184
47,82,39,88,-0.0014077593805268407
47,83,39,178,-0.0004087745910510421
47,84,39,87,-0.0012203126680105925
47,85,39,14,-0.0023465966805815697
47,86,39,267,-0.009577943943440914
47,87,39,269,-0.011360173113644123
47,88,39,270,-0.012513276189565659
47,89,39,409,-0.013263181783258915
47,90,39,291,-0.015767434611916542
47,91,39,375,-0.014511357061564922
47,92,39,321,-0.01192769780755043
47,93,39,405,-0.009302975609898567
47,94,39,314,-0.006069484632462263
47,95,39,302,-0.00962043646723032
47,96,39,303,-0.011701304465532303
47,97,39,304,-0.012439013458788395
47,98,39,408,-0.013152801431715488
47,99,39,307,-0.014217901043593884
47,100,39,320,-0.011789328418672085
47,101,39,404,-0.0092627527192235
47,102,39,315,-0.0057005551643669605
47,103,39,268,-0.009579136036336422
47,104,39,271,-0.011526397429406643
47,105,39,272,-0.01232942845672369
47,106,39,325,-0.013988486491143703
47,107,39,319,-0.0113235367462039
47,108,39,403,-0.009165897034108639
47,109,39,316,-0.006164773367345333
47,110,39,312,-0.0096054682508111
47,111,39,311,-0.01090176310390234
47,112,39,310,-0.012878121808171272
47,113,39,415,-0.014093327336013317
47,114,39,308,-0.013846862129867077
47,115,39,324,-0.012305543757975101
47,116,39,318,-0.011201600544154644
47,117,39,402,-0.009212147444486618
47,118,39,317,-0.006701357662677765
48,49,40,185,-0.0026438317727297544
48,50,40,61,-0.002402158686891198
48,51,40,146,-0.0032717834692448378
48,52,40,91,0.002038339152932167
48,53,40,181,0.0011202989844605327
48,54,40,84,-3.72729919035919e-05
48,55,40,17,-0.0020981961861252785
48,56,40,11,-0.006422991864383221
48,57,40,72,-0.004325067158788443
48,58,40,73,-0.0034554325975477695
48,59,40,74,-0.0014394972240552306
48,60,40,184,-0.001889097155071795
48,61,40,77,-0.002750305226072669
48,62,40,90,0.0013925912790000439
48,63,40,180,0.0003186363319400698
48,64,40,85,-6.076837962609716e-05
48,65,40,16,-0.002276352606713772
48,66,40,12,-0.006408685352653265
48,67,40,38,-0.004515854641795158
48,68,40,41,-0.0039201960898935795
48,69,40,42,-0.002235556486994028
48,70,40,96,-0.0011623504105955362
48,71,40,89,-0.00027565311756916344
48,72,40,179,-0.0005247426452115178
48,73,40,86,-0.000608566973824054
48,74,40,15,-0.0024858976248651743
48,75,40,13,-0.006613235455006361
48,76,40,82,-0.005068783648312092
48,77,40,81,-0.004756953567266464
48,78,40,80,-0.0031618804205209017
48,79,40,191,-0.0008959469269029796
48,80,40,78,-0.0001514104806119576
48,81,40,95,-0.0006005227332934737
48,82,40,88,-0.0016581108793616295
48,83,40,178,-0.0018175215227529407
48,84,40,87,-0.0018011336214840412
48,85,40,14,-0.003122498281300068
48,86,40,267,-0.008499081246554852
48,87,40,269,-0.012553276494145393
48,88,40,270,-0.013233991339802742
48,89,40,409,-0.014216426759958267
48,90,40,291,-0.014885665848851204
48,91,40,375,-0.015796611085534096
48,92,40,321,-0.013301454484462738
48,93,40,405,-0.01276507880538702
48,94,40,314,-0.005403525196015835
48,95,40,302,-0.01026142667979002
48,96,40,303,-0.01229165680706501
48,97,40,304,-0.013364516198635101
48,98,40,408,-0.014263706281781197
48,99,40,307,-0.015441332012414932
48,100,40,320,-0.012518627569079399
48,101,40,404,-0.009479951113462448
48,102,40,315,-0.005713906139135361
48,103,40,268,-0.010091958567500114
48,104,40,271,-0.012252074666321278
48,105,40,272,-0.013147956691682339
48,106,40,325,-0.015117808245122433
48,107,40,319,-0.012364004738628864
48,108,40,403,-0.009917035698890686
48,109,40,316,-0.00601176219061017
48,110,40,312,-0.009809897281229496
48,111,40,311,-0.011769527569413185
48,112,40,310,-0.01409104559570551
48,113,40,415,-0.015316242352128029
48,114,40,308,-0.015397517010569572
48,115,40,324,-0.013382647186517715
48,116,40,318,-0.012080103158950806
48,117,40,402,-0.0099973538890481
48,118,40,317,-0.006928763352334499
49,50,185,61,-0.0008101494750007987
49,51,185,146,0.0018633626168593764
49,52,185,91,0.0013694382505491376
49,53,185,181,0.0008022345718927681
49,54,185,84,0.0001499614299973473
49,55,185,17,-0.0026878714561462402
49,56,185,11,-0.007334402296692133
49,57,185,72,-0.005537448450922966
49,58,185,73,-0.003646120661869645
49,59,185,74,-0.002617696998640895
49,60,185,184,-0.0011530201882123947
49,61,185,77,0.0010078749619424343
49,62,185,90,0.0002865602436941117
49,63,185,180,0.0005523386644199491
49,64,185,85,0.00029907148564234376
49,65,185,16,-0.00450777867808938
49,66,185,12,-0.0074238223023712635
49,67,185,38,-0.005196619778871536
49,68,185,41,-0.0038669754285365343
49,69,185,42,-0.0031068057287484407
49,70,185,96,-0.000657426193356514
49,71,185,89,-0.0010147331049665809
49,72,185,179,-0.00036457745591178536
49,73,185,86,-0.0009913232643157244
49,74,185,15,-0.0025854057166725397
49,75,185,13,-0.007401888724416494
49,76,185,82,-0.005168935749679804
49,77,185,81,-0.004328116308897734
49,78,185,80,-0.004065194167196751
49,79,185,191,-0.002515149535611272
49,80,185,78,-0.0014781089266762137
49,81,185,95,-0.0021810964681208134
49,82,185,88,-0.0018793287454172969
49,83,185,178,-0.0012964241905137897
49,84,185,87,-0.001749396906234324
49,85,185,14,-0.0029492988251149654
49,86,185,267,-0.009349481202661991
49,87,185,269,-0.011135750450193882
49,88,185,270,-0.012506553903222084
49,89,185,409,-0.014180555008351803
49,90,185,291,-0.014263145625591278
49,91,185,375,-0.015749894082546234
49,92,185,321,-0.013478257693350315
49,93,185,405,-0.01172228716313839
49,94,185,314,-0.006075982935726643
49,95,185,302,-0.009252543561160564
49,96,185,303,-0.01126535888761282
49,97,185,304,-0.012961224652826786
49,98,185,408,-0.015169833786785603
49,99,185,307,-0.015440994873642921
49,100,185,320,-0.013560973107814789
49,101,185,404,-0.01178279984742403
49,102,185,315,-0.005567253567278385
49,103,185,268,-0.009287286549806595
49,104,185,271,-0.011431057006120682
49,105,185,272,-0.012960189022123814
49,106,185,325,-0.014891639351844788
49,107,185,319,-0.012313185259699821
49,108,185,403,-0.00935673713684082
49,109,185,316,-0.005961152724921703
49,110,185,312,-0.009390581399202347
49,111,185,311,-0.011471264995634556
49,112,185,310,-0.013810966163873672
49,113,185,415,-0.015254881232976913
49,114,185,308,-0.015212077647447586
49,115,185,324,-0.014558698982000351
49,116,185,318,-0.012603945098817348
49,117,185,402,-0.009650826454162598
49,118,185,317,-0.006820132955908775
50,51,61,146,0.0011601696023717523
50,52,61,91,0.0006785648874938488
50,53,61,181,-0.0007845961954444647
50,54,61,84,-0.002114000963047147
50,55,61,17,-0.004534327425062656
50,56,61,11,-0.007211110554635525
50,57,61,72,-0.00603598915040493
50,58,61,73,-0.00396360456943512
50,59,61,74,-0.0029149933252483606
50,60,61,184,-0.00221156794577837
50,61,61,77,0.0003445740439929068
50,62,61,90,-8.94948243512772e-06
50,63,61,180,-0.0006141785415820777
50,64,61,85,-0.0026336160954087973
50,65,61,16,-0.0037161752115935087
50,66,61,12,-0.007070406340062618
50,67,61,38,-0.005043588113039732
50,68,61,41,-0.004528313409537077
50,69,61,42,-0.0035317132715135813
50,70,61,96,-0.0010778489522635937
50,71,61,89,-0.0008510228362865746
50,72,61,179,-0.00031359068816527724
50,73,61,86,-0.001400209148414433
50,74,61,15,-0.0034856528509408236
50,75,61,13,-0.007108546793460846
50,76,61,82,-0.005556932184845209
50,77,61,81,-0.0041937134228646755
50,78,61,80,-0.003146643517538905
50,79,61,191,-0.0032421627547591925
50,80,61,78,-0.0024366057477891445
50,81,61,95,-0.002961236983537674
50,82,61,88,-0.0013594278134405613
50,83,61,178,-0.0011267097434028983
50,84,61,87,-0.0022878372110426426
50,85,61,14,-0.005496404133737087
50,86,61,267,-0.009113145992159843
50,87,61,269,-0.010781848803162575
50,88,61,270,-0.01282458659261465
50,89,61,409,-0.014229376800358295
50,90,61,291,-0.012735347263514996
50,91,61,375,-0.018582846969366074
50,92,61,321,-0.017471693456172943
50,93,61,405,-0.011357826180756092
50,94,61,314,-0.00949922390282154
50,95,61,302,-0.009227792732417583
50,96,61,303,-0.011205706745386124
50,97,61,304,-0.01391683891415596
50,98,61,408,-0.013524731621146202
50,99,61,307,-0.012788248248398304
50,100,61,320,-0.013209380209445953
50,101,61,404,-0.012474562041461468
50,102,61,315,-0.013145695440471172
50,103,61,268,-0.009274949319660664
50,104,61,271,-0.011319206096231937
50,105,61,272,-0.012954503297805786
50,106,61,325,-0.012363221496343613
50,107,61,319,-0.01251133717596531
50,108,61,403,-0.009817187674343586
50,109,61,316,-0.010919367894530296
50,110,61,312,-0.010372906923294067
50,111,61,311,-0.011691912077367306
50,112,61,310,-0.017570553347468376
50,113,61,415,-0.006935891695320606
50,114,61,308,-0.006455877795815468
50,115,61,324,-0.012924201786518097
50,116,61,318,-0.01288149505853653
50,117,61,402,-0.009675000794231892
50,118,61,317,-0.00755171338096261
51,52,146,91,-0.001243051839992404
51,53,146,181,-0.00225663254968822
51,54,146,84,-0.004204226657748222
51,55,146,17,-0.0060192602686584
51,56,146,11,-0.008957465179264545
51,57,146,72,-0.0069528501480817795
51,58,146,73,-0.004802284762263298
51,59,146,74,-0.0036133427638560534
51,60,146,184,-0.0023084119893610477
51,61,146,77,-0.001652382779866457
51,62,146,90,-0.002320819068700075
51,63,146,180,-0.002682609250769019
51,64,146,85,-0.003541650716215372
51,65,146,16,-0.006222656462341547
51,66,146,12,-0.007600217591971159
51,67,146,38,-0.006998018361628056
51,68,146,41,-0.005037704482674599
51,69,146,42,-0.004097592551261187
51,70,146,96,-0.002834223909303546
51,71,146,89,-0.003426112700253725
51,72,146,179,-0.002572333673015237
51,73,146,86,-0.003638261929154396
51,74,146,15,-0.003998609725385904
51,75,146,13,-0.009118963032960892
51,76,146,82,-0.006887595169246197
51,77,146,81,-0.005767819471657276
51,78,146,80,-0.004982839338481426
51,79,146,191,-0.0037371376529335976
51,80,146,78,0.00053376768482849
51,81,146,95,-0.004059771075844765
51,82,146,88,-0.003869684413075447
51,83,146,178,-0.00338729633949697
51,84,146,87,-0.0033230178523808718
51,85,146,14,-0.004779142793267965
51,86,146,267,-0.00991843268275261
51,87,146,269,-0.012187507934868336
51,88,146,270,-0.015582130290567875
51,89,146,409,-0.015442322939634323
51,90,146,291,-0.01402551680803299
51,91,146,375,-0.015843814238905907
51,92,146,321,-0.01617240160703659
51,93,146,405,-0.013654595240950584
51,94,146,314,-0.010550473816692829
51,95,146,302,-0.010013937018811703
51,96,146,303,-0.01215999573469162
51,97,146,304,-0.01518179103732109
51,98,146,408,-0.01465240865945816
51,99,146,307,-0.013954820111393929
51,100,146,320,-0.01369511615484953
51,101,146,404,-0.012378808110952377
51,102,146,315,-0.010671993717551231
51,103,146,268,-0.011462699621915817
51,104,146,271,-0.013833560049533844
51,105,146,272,-0.014275720342993736
51,106,146,325,-0.013838782906532288
51,107,146,319,-0.013317644596099854
51,108,146,403,-0.011944313533604145
51,109,146,316,-0.006790892221033573
51,110,146,312,-0.011255045421421528
51,111,146,311,-0.012941707856953144
51,112,146,310,-0.013398992829024792
51,113,146,415,-0.014769494533538818
51,114,146,308,-0.013662954792380333
51,115,146,324,-0.01450087409466505
51,116,146,318,-0.013830254785716534
51,117,146,402,-0.012386712245643139
51,118,146,317,-0.007569873705506325
52,53,91,181,-0.0032568606548011303
52,54,91,84,-0.004447852727025747
52,55,91,17,-0.0061845020391047
52,56,91,11,-0.0077781579457223415
52,57,91,72,-0.0065729147754609585
52,58,91,73,-0.0045792106539011
52,59,91,74,-0.002360221231356263
52,60,91,184,0.0016686570597812533
52,61,91,77,-0.00035405514063313603
52,62,91,90,-0.0019978508353233337
52,63,91,180,-0.003335975343361497
52,64,91,85,-0.003447305178269744
52,65,91,16,-0.004072275012731552
52,66,91,12,-0.00777074322104454
52,67,91,38,-0.0065665291622281075
52,68,91,41,-0.004988555330783129
52,69,91,42,-0.00361288757994771
52,70,91,96,0.0009569396497681737
52,71,91,89,-0.00337370322085917
52,72,91,179,-0.0036117048002779484
52,73,91,86,-0.003978780470788479
52,74,91,15,-0.004544857889413834
52,75,91,13,-0.00787896104156971
52,76,91,82,-0.006098729092627764
52,77,91,81,-0.004740717355161905
52,78,91,80,-0.004011693876236677
52,79,91,191,0.0003983972128480673
52,80,91,78,0.002318799030035734
52,81,91,95,0.0008314780425280333
52,82,91,88,-0.0030933304224163294
52,83,91,178,-0.003697264939546585
52,84,91,87,-0.0037435481790453196
52,85,91,14,-0.005481453146785498
52,86,91,267,-0.010099510662257671
52,87,91,269,-0.011680160649120808
52,88,91,270,-0.016339857131242752
52,89,91,409,-0.01745333895087242
52,90,91,291,-0.015680287033319473
52,91,91,375,-0.014990882948040962
52,92,91,321,-0.015395880676805973
52,93,91,405,-0.013336467556655407
52,94,91,314,-0.007627401500940323
52,95,91,302,-0.010156078264117241
52,96,91,303,-0.012423483654856682
52,97,91,304,-0.015766315162181854
52,98,91,408,-0.01672518067061901
52,99,91,307,-0.015483606606721878
52,100,91,320,-0.014837161637842655
52,101,91,404,-0.012724552303552628
52,102,91,315,-0.007337457966059446
52,103,91,268,-0.010287221521139145
52,104,91,271,-0.013845964334905148
52,105,91,272,-0.015435727313160896
52,106,91,325,-0.015184500254690647
52,107,91,319,-0.014327244833111763
52,108,91,403,-0.012563284486532211
52,109,91,316,-0.007767184637486935
52,110,91,312,-0.01153912115842104
52,111,91,311,-0.013552413322031498
52,112,91,310,-0.015041299164295197
52,113,91,415,-0.01619763858616352
52,114,91,308,-0.015169428661465645
52,115,91,324,-0.015580501407384872
52,116,91,318,-0.014456083066761494
52,117,91,402,-0.012731572613120079
52,118,91,317,-0.008820174261927605
53,54,181,84,-0.004295614548027515
53,55,181,17,-0.004466852638870478
53,56,181,11,-0.0074982247315347195
53,57,181,72,-0.005680290516465902
53,58,181,73,-0.00010222230775980279
53,59,181,74,0.001183847663924098
53,60,181,184,0.000778287707362324
53,61,181,77,-0.0018561192555353045
53,62,181,90,-0.0019312261138111353
53,63,181,180,-0.0017634880496188998
53,64,181,85,-0.003987315576523542
53,65,181,16,-0.004168861545622349
53,66,181,12,-0.007484711240977049
53,67,181,38,-0.004872399847954512
53,68,181,41,-0.004420206882059574
53,69,181,42,0.002038392471149564
53,70,181,96,-0.0006981794722378254
53,71,181,89,5.2002971642650664e-05
53,72,181,179,-0.0024819918908178806
53,73,181,86,-0.0034285327419638634
53,74,181,15,-0.00455243606120348
53,75,181,13,-0.007599423173815012
53,76,181,82,-0.005627536214888096
53,77,181,81,-0.0034563413355499506
53,78,181,80,0.002359381876885891
53,79,181,191,0.0013973305467516184
53,80,181,78,0.00013516754552256316
53,81,181,95,0.0012464136816561222
53,82,181,88,0.001431664451956749
53,83,181,178,-0.0030775205232203007
53,84,181,87,-0.0045468187890946865
53,85,181,14,-0.005352025385946035
53,86,181,267,-0.010048736818134785
53,87,181,269,-0.011858773417770863
53,88,181,270,-0.013584800995886326
53,89,181,409,-0.016822846606373787
53,90,181,291,-0.0148324491456151
53,91,181,375,-0.019945673644542694
53,92,181,321,-0.014749286696314812
53,93,181,405,-0.01149197667837143
53,94,181,314,-0.008440216071903706
53,95,181,302,-0.00917847827076912
53,96,181,303,-0.011739086359739304
53,97,181,304,-0.015853790566325188
53,98,181,408,-0.01608940027654171
53,99,181,307,-0.019250720739364624
53,100,181,320,-0.014517651870846748
53,101,181,404,-0.011481021530926228
53,102,181,315,-0.008047433570027351
53,103,181,268,-0.01003438513725996
53,104,181,271,-0.012025968171656132
53,105,181,272,-0.015695221722126007
53,106,181,325,-0.014444188214838505
53,107,181,319,-0.01443137414753437
53,108,181,403,-0.011467921547591686
53,109,181,316,-0.008479579351842403
53,110,181,312,-0.01100628636777401
53,111,181,311,-0.013734330423176289
53,112,181,310,-0.015307765454053879
53,113,181,415,-0.013480987399816513
53,114,181,308,-0.01491771824657917
53,115,181,324,-0.006768527906388044
53,116,181,318,-0.01429364737123251
53,117,181,402,-0.01172909326851368
53,118,181,317,-0.009407227858901024
54,55,84,17,-0.0043353913351893425
54,56,84,11,-0.006523859687149525
54,57,84,72,-0.0006535688298754394
54,58,84,73,0.0009356781374663115
54,59,84,74,0.00013794811093248427
54,60,84,184,9.303141996497288e-05
54,61,84,77,-0.0036540268920361996
54,62,84,90,-0.0038082136306911707
54,63,84,180,-0.004143314901739359
54,64,84,85,-0.0007683668518438935
54,65,84,16,-0.0037805172614753246
54,66,84,12,-0.005874679423868656
54,67,84,38,-0.002790335798636079
54,68,84,41,0.0014010209124535322
54,69,84,42,0.0005899855750612915
54,70,84,96,-0.0027283502276986837
54,71,84,89,-0.0027218961622565985
54,72,84,179,-0.002563431393355131
54,73,84,86,-0.0017957772361114621
54,74,84,15,-0.004268950782716274
54,75,84,13,-0.006933153141289949
54,76,84,82,-0.004136667586863041
54,77,84,81,0.000442722492152825
54,78,84,80,-0.0005799350910820067
54,79,84,191,1.7632904928177595e-05
54,80,84,78,-0.0018368689343333244
54,81,84,95,-0.0018810608889907598
54,82,84,88,-0.0016609281301498413
54,83,84,178,-0.0008439846569672227
54,84,84,87,-0.0031200123485177755
54,85,84,14,-0.005657035857439041
54,86,84,267,-0.009437532164156437
54,87,84,269,-0.011119109578430653
54,88,84,270,-0.012243478558957577
54,89,84,409,-0.015524724498391151
54,90,84,291,-0.014128281734883785
54,91,84,375,-0.017286133021116257
54,92,84,321,-0.013790665194392204
54,93,84,405,-0.010531719774007797
54,94,84,314,-0.007783499546349049
54,95,84,302,-0.00942524429410696
54,96,84,303,-0.011284464970231056
54,97,84,304,-0.014554096385836601
54,98,84,408,-0.015135135501623154
54,99,84,307,-0.017612945288419724
54,100,84,320,-0.013735000975430012
54,101,84,404,-0.010434799827635288
54,102,84,315,-0.007550690323114395
54,103,84,268,-0.00935916043817997
54,104,84,271,-0.011006011627614498
54,105,84,272,-0.014355664141476154
54,106,84,325,-0.014371760189533234
54,107,84,319,-0.013463500887155533
54,108,84,403,-0.010484352707862854
54,109,84,316,-0.008232674561440945
54,110,84,312,-0.011130018159747124
54,111,84,311,-0.012797734700143337
54,112,84,310,-0.014348642900586128
54,113,84,415,-0.015899835154414177
54,114,84,308,-0.014137846417725086
54,115,84,324,-0.014588628895580769
54,116,84,318,-0.01326955109834671
54,117,84,402,-0.01082634087651968
54,118,84,317,-0.009374349378049374
55,56,17,11,-0.001070837490260601
55,57,17,72,-0.0007141493260860443
55,58,17,73,-0.0015413489891216159
55,59,17,74,-0.002405802719295025
55,60,17,184,-0.003406611504033208
55,61,17,77,-0.005848112516105175
55,62,17,90,-0.005822539329528809
55,63,17,180,-0.004364353604614735
55,64,17,85,-0.00471128337085247
55,65,17,16,-0.0004569065640680492
55,66,17,12,-0.001224240753799677
55,67,17,38,-0.0017841538647189736
55,68,17,41,-0.0007189688039943576
55,69,17,42,-0.0023363137152045965
55,70,17,96,-0.005718681495636702
55,71,17,89,-0.0054793404415249825
55,72,17,179,-0.004983479157090187
55,73,17,86,-0.005419803783297539
55,74,17,15,-0.0007475600577890873
55,75,17,13,-0.0007080695941112936
55,76,17,82,-0.0010848897509276867
55,77,17,81,-0.0024009793996810913
55,78,17,80,-0.0039980774745345116
55,79,17,191,-0.0025173791218549013
55,80,17,78,-0.004591037519276142
55,81,17,95,-0.0036877430975437164
55,82,17,88,-0.005070733372122049
55,83,17,178,-0.004345548339188099
55,84,17,87,-0.003983713686466217
55,85,17,14,-0.00044273780076764524
55,86,17,267,-0.008989167399704456
55,87,17,269,-0.011696400120854378
55,88,17,270,-0.011801810003817081
55,89,17,409,-0.01566827856004238
55,90,17,291,-0.013806385919451714
55,91,17,375,-0.015178334899246693
55,92,17,321,-0.01154997106641531
55,93,17,405,-0.009062862023711205
55,94,17,314,-0.006791713647544384
55,95,17,302,-0.008763178251683712
55,96,17,303,-0.010792563669383526
55,97,17,304,-0.014181843027472496
55,98,17,408,-0.015449144877493382
55,99,17,307,-0.013795589096844196
55,100,17,320,-0.011840966530144215
55,101,17,404,-0.010465862229466438
55,102,17,315,-0.006491511594504118
55,103,17,268,-0.008116334676742554
55,104,17,271,-0.010001220740377903
55,105,17,272,-0.015250087715685368
55,106,17,325,-0.012875690124928951
55,107,17,319,-0.012618809007108212
55,108,17,403,-0.008933361619710922
55,109,17,316,-0.007355295587331057
55,110,17,312,-0.01088299322873354
55,111,17,311,-0.01421644352376461
55,112,17,310,-0.015323784202337265
55,113,17,415,-0.014832700602710247
55,114,17,308,-0.013640543445944786
55,115,17,324,-0.013387705199420452
55,116,17,318,-0.013051443733274937
55,117,17,402,-0.008936779573559761
55,118,17,317,-0.007803099229931831
56,57,11,72,-0.006216197740286589
56,58,11,73,-0.006052747834473848
56,59,11,74,-0.006327362265437841
56,60,11,184,-0.0077848173677921295
56,61,11,77,-0.007614840753376484
56,62,11,90,-0.008169150911271572
56,63,11,180,-0.007465063128620386
56,64,11,85,-0.006896359380334616
56,65,11,16,-0.0006605371600016952
56,66,11,12,-4.804820946446853e-06
56,67,11,38,-0.005703208968043327
56,68,11,41,-0.00564964534714818
56,69,11,42,-0.006528623402118683
56,70,11,96,-0.007283786311745644
56,71,11,89,-0.0077720037661492825
56,72,11,179,-0.006459550000727177
56,73,11,86,-0.0062109059654176235
56,74,11,15,-0.001383278169669211
56,75,11,13,-0.00010408491652924567
56,76,11,82,-0.004204007796943188
56,77,11,81,-0.0051774983294308186
56,78,11,80,-0.005766762420535088
56,79,11,191,-0.006402831990271807
56,80,11,78,-0.0063578966073691845
56,81,11,95,-0.00665933545678854
56,82,11,88,-0.006868619937449694
56,83,11,178,-0.005895333830267191
56,84,11,87,-0.006190590560436249
56,85,11,14,-0.00069429847644642
56,86,11,267,-0.007018743082880974
56,87,11,269,-0.009479989297688007
56,88,11,270,-0.011048409156501293
56,89,11,409,-0.012371611781418324
56,90,11,291,-0.010662926360964775
56,91,11,375,-0.00841530505567789
56,92,11,321,-0.008250517770648003
56,93,11,405,-0.00625024875625968
56,94,11,314,-0.0034779678098857403
56,95,11,302,-0.006673483643680811
56,96,11,303,-0.008527806028723717
56,97,11,304,-0.010540132410824299
56,98,11,408,-0.011027542874217033
56,99,11,307,-0.009670455008745193
56,100,11,320,-0.008581328205764294
56,101,11,404,-0.006447948981076479
56,102,11,315,-0.0032128929160535336
56,103,11,268,-0.008289176970720291
56,104,11,271,-0.010059313848614693
56,105,11,272,-0.010490256361663342
56,106,11,325,-0.009399201720952988
56,107,11,319,-0.007971900515258312
56,108,11,403,-0.0063799358904361725
56,109,11,316,-0.0026778175961226225
56,110,11,312,-0.00805093813687563
56,111,11,311,-0.009938573464751244
56,112,11,310,-0.009689818136394024
56,113,11,415,-0.01104599330574274
56,114,11,308,-0.010772772133350372
56,115,11,324,-0.01000541914254427
56,116,11,318,-0.008375060744583607
56,117,11,402,-0.007007265463471413
56,118,11,317,-0.0031214437913149595
57,58,72,73,-0.004421887919306755
57,59,72,74,-0.0043659997172653675
57,60,72,184,-0.005338583141565323
57,61,72,77,-0.006769007537513971
57,62,72,90,-0.0065438696183264256
57,63,72,180,-0.005548085086047649
57,64,72,85,0.0005459769745357335
57,65,72,16,-0.00034263779525645077
57,66,72,12,-0.006160119082778692
57,67,72,38,-0.0003536512376740575
57,68,72,41,-0.003835164476186037
57,69,72,42,-0.004148072097450495
57,70,72,96,-0.006156743038445711
57,71,72,89,-0.006037937477231026
57,72,72,179,-0.00514345895498991
57,73,72,86,0.0005512681091204286
57,74,72,15,-0.0010262597352266312
57,75,72,13,-0.00626389728859067
57,76,72,82,-0.001308114966377616
57,77,72,81,-0.0029327592346817255
57,78,72,80,-0.0037674754858016968
57,79,72,191,-0.0040949247777462006
57,80,72,78,-0.005140047986060381
57,81,72,95,-0.005094053223729134
57,82,72,88,-0.005163679365068674
57,83,72,178,-0.004134113434702158
57,84,72,87,0.0005444458802230656
57,85,72,14,-0.0016572298482060432
57,86,72,267,-0.00889082532376051
57,87,72,269,-0.011434207670390606
57,88,72,270,-0.011499950662255287
57,89,72,409,-0.013030855916440487
57,90,72,291,-0.01236314233392477
57,91,72,375,-0.012029916979372501
57,92,72,321,-0.011290355585515499
57,93,72,405,-0.007690390106290579
57,94,72,314,-0.004301263485103846
57,95,72,302,-0.008582049049437046
57,96,72,303,-0.01044522412121296
57,97,72,304,-0.011934450827538967
57,98,72,408,-0.012671216391026974
57,99,72,307,-0.012007537297904491
57,100,72,320,-0.010607738047838211
57,101,72,404,-0.007610804866999388
57,102,72,315,-0.004180767573416233
57,103,72,268,-0.008400681428611279
57,104,72,271,-0.010018305853009224
57,105,72,272,-0.011942215263843536
57,106,72,325,-0.01185382530093193
57,107,72,319,-0.00979695376008749
57,108,72,403,-0.0072980280965566635
57,109,72,316,-0.0045797075144946575
57,110,72,312,-0.00935673713684082
57,111,72,311,-0.011116624809801579
57,112,72,310,-0.011489191092550755
57,113,72,415,-0.012425806373357773
57,114,72,308,-0.011128731071949005
57,115,72,324,-0.01158237550407648
57,116,72,318,-0.009994815103709698
57,117,72,402,-0.007416313048452139
57,118,72,317,-0.00490535655990243
58,59,73,74,-0.0033910081256181
58,60,73,184,-0.004232232458889484
58,61,73,77,-0.004929714370518923
58,62,73,90,-0.0043855388648808
58,63,73,180,0.0013142802054062486
58,64,73,85,0.0005967344040982425
58,65,73,16,-0.001257809461094439
58,66,73,12,-0.005954584572464228
58,67,73,38,-0.00471277441829443
58,68,73,41,-0.0015802426496520638
58,69,73,42,-0.0022015534341335297
58,70,73,96,-0.004383571445941925
58,71,73,89,-0.0036083287559449673
58,72,73,179,0.0009369630715809762
58,73,73,86,-0.00027333779144100845
58,74,73,15,-0.0016014404827728868
58,75,73,13,-0.0068526496179401875
58,76,73,82,-0.005261698737740517
58,77,73,81,-0.002621303778141737
58,78,73,80,-0.0004774036933667958
58,79,73,191,-0.0018777360673993826
58,80,73,78,-0.0027089982759207487
58,81,73,95,-0.0025779162533581257
58,82,73,88,-0.0021035282406955957
58,83,73,178,-0.00028575322357937694
58,84,73,87,-0.0015497138956561685
58,85,73,14,-0.0022970710415393114
58,86,73,267,-0.009678734466433525
58,87,73,269,-0.012210956774652004
58,88,73,270,-0.012811725027859211
58,89,73,409,-0.013326715677976608
58,90,73,291,-0.016103794798254967
58,91,73,375,-0.01445623580366373
58,92,73,321,-0.011956616304814816
58,93,73,405,-0.009122725576162338
58,94,73,314,-0.005977279506623745
58,95,73,302,-0.009697058238089085
58,96,73,303,-0.012040184810757637
58,97,73,304,-0.01261579617857933
58,98,73,408,-0.014579452574253082
58,99,73,307,-0.014167928136885166
58,100,73,320,-0.011804863810539246
58,101,73,404,-0.009376210160553455
58,102,73,315,-0.005674992222338915
58,103,73,268,-0.00974638108164072
58,104,73,271,-0.011614641174674034
58,105,73,272,-0.012292575091123581
58,106,73,325,-0.014029384590685368
58,107,73,319,-0.01144538912922144
58,108,73,403,-0.009388762526214123
58,109,73,316,-0.006057582329958677
58,110,73,312,-0.009791115298867226
58,111,73,311,-0.011027486063539982
58,112,73,310,-0.01282499823719263
58,113,73,415,-0.014061870984733105
58,114,73,308,-0.013782250694930553
58,115,73,324,-0.013464361429214478
58,116,73,318,-0.011125458404421806
58,117,73,402,-0.009281949140131474
58,118,73,317,-0.0065511493012309074
59,60,74,184,-0.0028146409895271063
59,61,74,77,-0.003740740939974785
59,62,74,90,0.0013665350852534175
59,63,74,180,0.0005957054090686142
59,64,74,85,-2.4189750547520816e-05
59,65,74,16,-0.0023304736241698265
59,66,74,12,-0.006375886499881744
59,67,74,38,-0.004556342028081417
59,68,74,41,-0.00402261596173048
59,69,74,42,-0.0020386450923979282
59,70,74,96,-0.002644199412316084
59,71,74,89,-0.0001369686797261238
59,72,74,179,-0.00042588793439790606
59,73,74,86,-0.000545104849152267
59,74,74,15,-0.0026185514871031046
59,75,74,13,-0.006553590763360262
59,76,74,82,-0.005065285600721836
59,77,74,81,-0.00470007536932826
59,78,74,80,-0.003141885856166482
59,79,74,191,-0.00037987987161614
59,80,74,78,-0.001063969568349421
59,81,74,95,-0.00010312747326679528
59,82,74,88,-0.0012247062986716628
59,83,74,178,-0.0018498522695153952
59,84,74,87,-0.0015993225388228893
59,85,74,14,-0.0027445023879408836
59,86,74,267,-0.010012716986238956
59,87,74,269,-0.012505324557423592
59,88,74,270,-0.0133551936596632
59,89,74,409,-0.014356433413922787
59,90,74,291,-0.01455346867442131
59,91,74,375,-0.015516320243477821
59,92,74,321,-0.013380016200244427
59,93,74,405,-0.012437445111572742
59,94,74,314,-0.006419285666197538
59,95,74,302,-0.00997951626777649
59,96,74,303,-0.012365749105811119
59,97,74,304,-0.013310810551047325
59,98,74,408,-0.01555133517831564
59,99,74,307,-0.014993294142186642
59,100,74,320,-0.012641615234315395
59,101,74,404,-0.009490628726780415
59,102,74,315,-0.00612254161387682
59,103,74,268,-0.009729086421430111
59,104,74,271,-0.012075870297849178
59,105,74,272,-0.013079747557640076
59,106,74,325,-0.014990030787885189
59,107,74,319,-0.012218889780342579
59,108,74,403,-0.009931986220180988
59,109,74,316,-0.006247859913855791
59,110,74,312,-0.009719952009618282
59,111,74,311,-0.011538026854395866
59,112,74,310,-0.013789321295917034
59,113,74,415,-0.015116753056645393
59,114,74,308,-0.014922954142093658
59,115,74,324,-0.014271040447056293
59,116,74,318,-0.011860518716275692
59,117,74,402,-0.009959075599908829
59,118,74,317,-0.007309178821742535
60,61,184,77,0.001652728533372283
60,62,184,90,0.0006057168357074261
60,63,184,180,0.0005385314580053091
60,64,184,85,-0.00044101098319515586
60,65,184,16,-0.003020615316927433
60,66,184,12,-0.007784312125295401
60,67,184,38,-0.00548214977607131
60,68,184,41,-0.004051781725138426
60,69,184,42,-0.003054404631257057
60,70,184,96,-0.0005415108171291649
60,71,184,89,-0.000848296273034066
60,72,184,179,-0.00012549725943244994
60,73,184,86,-0.0011615712428465486
60,74,184,15,-0.0033790264278650284
60,75,184,13,-0.008027451112866402
60,76,184,82,-0.005578839220106602
60,77,184,81,-0.004396399483084679
60,78,184,80,-0.0038809170946478844
60,79,184,191,-0.0023205450270324945
60,80,184,78,0.0003717210202012211
60,81,184,95,-0.002159161726012826
60,82,184,88,-0.0021136694122105837
60,83,184,178,-0.0011857186909765005
60,84,184,87,-0.0018334526102989912
60,85,184,14,-0.003733449848368764
60,86,184,267,-0.009525415487587452
60,87,184,269,-0.011356033384799957
60,88,184,270,-0.013093790039420128
60,89,184,409,-0.015337895601987839
60,90,184,291,-0.014424324035644531
60,91,184,375,-0.015506979078054428
60,92,184,321,-0.013759155757725239
60,93,184,405,-0.009042666293680668
60,94,184,314,-0.005665197968482971
60,95,184,302,-0.009472718462347984
60,96,184,303,-0.011240816675126553
60,97,184,304,-0.013155218213796616
60,98,184,408,-0.014966150745749474
60,99,184,307,-0.014952861703932285
60,100,184,320,-0.014208465814590454
60,101,184,404,-0.009003941901028156
60,102,184,315,-0.005840932484716177
60,103,184,268,-0.009434056468307972
60,104,184,271,-0.011383257806301117
60,105,184,272,-0.014103701338171959
60,106,184,325,-0.014806916005909443
60,107,184,319,-0.013749995268881321
60,108,184,403,-0.009254535660147667
60,109,184,316,-0.006165638566017151
60,110,184,312,-0.009598152711987495
60,111,184,311,-0.012190688401460648
60,112,184,310,-0.013824365101754665
60,113,184,415,-0.014844409190118313
60,114,184,308,-0.014890249818563461
60,115,184,324,-0.0142985163256526
60,116,184,318,-0.011968179605901241
60,117,184,402,-0.009526625275611877
60,118,184,317,-0.006873743142932653
61,62,77,90,-0.001757367397658527
61,63,77,180,-0.0023201636504381895
61,64,77,85,-0.004242306109517813
61,65,77,16,-0.0059319776482880116
61,66,77,12,-0.007526687812060118
61,67,77,38,-0.006893375422805548
61,68,77,41,-0.005240320693701506
61,69,77,42,-0.004105972126126289
61,70,77,96,-0.002688293345272541
61,71,77,89,-0.003220226615667343
61,72,77,179,-0.0030025902669876814
61,73,77,86,-0.003636707551777363
61,74,77,15,-0.0042274282313883305
61,75,77,13,-0.007674521300941706
61,76,77,82,-0.006529195699840784
61,77,77,81,-0.004794016480445862
61,78,77,80,-0.004929264076054096
61,79,77,191,-0.0035125650465488434
61,80,77,78,0.002171098254621029
61,81,77,95,-0.00392367085441947
61,82,77,88,-0.004154402296990156
61,83,77,178,-0.003759242594242096
61,84,77,87,-0.003218304133042693
61,85,77,14,-0.004882889799773693
61,86,77,267,-0.009876175783574581
61,87,77,269,-0.012300115078687668
61,88,77,270,-0.01540675200521946
61,89,77,409,-0.014744232408702374
61,90,77,291,-0.014271317981183529
61,91,77,375,-0.014164443127810955
61,92,77,321,-0.014350990764796734
61,93,77,405,-0.01279783621430397
61,94,77,314,-0.00979364663362503
61,95,77,302,-0.00977793987840414
61,96,77,303,-0.012062597088515759
61,97,77,304,-0.014975528232753277
61,98,77,408,-0.015069768764078617
61,99,77,307,-0.013976167887449265
61,100,77,320,-0.013899092562496662
61,101,77,404,-0.012124103493988514
61,102,77,315,-0.00668037123978138
61,103,77,268,-0.011116720736026764
61,104,77,271,-0.013471724465489388
61,105,77,272,-0.014331381767988205
61,106,77,325,-0.014390306547284126
61,107,77,319,-0.013283968903124332
61,108,77,403,-0.011757047846913338
61,109,77,316,-0.006783338263630867
61,110,77,312,-0.010794046334922314
61,111,77,311,-0.012678520753979683
61,112,77,310,-0.013717737048864365
61,113,77,415,-0.014668455347418785
61,114,77,308,-0.015688523650169373
61,115,77,324,-0.014333357103168964
61,116,77,318,-0.013566350564360619
61,117,77,402,-0.012196958065032959
61,118,77,317,-0.0077575501054525375
62,63,90,180,-0.0032793846912682056
62,64,90,85,-0.0038145689759403467
62,65,90,16,-0.003874354064464569
62,66,90,12,-0.008321985602378845
62,67,90,38,-0.006033431738615036
62,68,90,41,-0.00490531837567687
62,69,90,42,-0.003008834319189191
62,70,90,96,0.00022432015975937247
62,71,90,89,-0.0028745699673891068
62,72,90,179,-0.002826440380886197
62,73,90,86,-0.002715151757001877
62,74,90,15,-0.004318408202379942
62,75,90,13,-0.008082170970737934
62,76,90,82,-0.0066503374837338924
62,77,90,81,-0.004653419367969036
62,78,90,80,-0.003155728802084923
62,79,90,191,0.0014013804029673338
62,80,90,78,0.0009289843146689236
62,81,90,95,0.0018133432604372501
62,82,90,88,-0.003086330834776163
62,83,90,178,-0.003680636640638113
62,84,90,87,-0.0035127096343785524
62,85,90,14,-0.005203809589147568
62,86,90,267,-0.010210651904344559
62,87,90,269,-0.011982262134552002
62,88,90,270,-0.014216101728379726
62,89,90,409,-0.017076537013053894
62,90,90,291,-0.015554283745586872
62,91,90,375,-0.015470203012228012
62,92,90,321,-0.01518242433667183
62,93,90,405,-0.01080445758998394
62,94,90,314,-0.007493378594517708
62,95,90,302,-0.010166125372052193
62,96,90,303,-0.01242236327379942
62,97,90,304,-0.015396169386804104
62,98,90,408,-0.016438012942671776
62,99,90,307,-0.014939638786017895
62,100,90,320,-0.01449637208133936
62,101,90,404,-0.012345517985522747
62,102,90,315,-0.007178809959441423
62,103,90,268,-0.01029343530535698
62,104,90,271,-0.012271944433450699
62,105,90,272,-0.015103383921086788
62,106,90,325,-0.015244880691170692
62,107,90,319,-0.014197833836078644
62,108,90,403,-0.01204703003168106
62,109,90,316,-0.007536842487752438
62,110,90,312,-0.01128320675343275
62,111,90,311,-0.013326223939657211
62,112,90,310,-0.015020159073174
62,113,90,415,-0.016105283051729202
62,114,90,308,-0.015070776455104351
62,115,90,324,-0.015238527208566666
62,116,90,318,-0.014277701266109943
62,117,90,402,-0.010980144143104553
62,118,90,317,-0.0083816172555089
63,64,180,85,-0.003195414552465081
63,65,180,16,-0.004041062667965889
63,66,180,12,-0.0076342979446053505
63,67,180,38,-0.005129177123308182
63,68,180,41,-0.0035172426141798496
63,69,180,42,0.0014315431471914053
63,70,180,96,-0.0014563625445589423
63,71,180,89,-0.0006999433971941471
63,72,180,179,-0.002591616939753294
63,73,180,86,-0.0034955639857798815
63,74,180,15,-0.004417415242642164
63,75,180,13,-0.00774768041446805
63,76,180,82,-0.006179489195346832
63,77,180,81,-0.0035935170017182827
63,78,180,80,0.0025173944886773825
63,79,180,191,0.0008996768738143146
63,80,180,78,-0.00031904372735880315
63,81,180,95,-0.00018419702246319503
63,82,180,88,0.0005014805938117206
63,83,180,178,-0.0032898487988859415
63,84,180,87,-0.004672281909734011
63,85,180,14,-0.005537607707083225
63,86,180,267,-0.010248325765132904
63,87,180,269,-0.012322952970862389
63,88,180,270,-0.013389365747570992
63,89,180,409,-0.016415946185588837
63,90,180,291,-0.01491595059633255
63,91,180,375,-0.015698496252298355
63,92,180,321,-0.014700038358569145
63,93,180,405,-0.011388109065592289
63,94,180,314,-0.008607132360339165
63,95,180,302,-0.010057604871690273
63,96,180,303,-0.011828257702291012
63,97,180,304,-0.015469963662326336
63,98,180,408,-0.016308540478348732
63,99,180,307,-0.014903203584253788
63,100,180,320,-0.014438143000006676
63,101,180,404,-0.01142785232514143
63,102,180,315,-0.008017195388674736
63,103,180,268,-0.010150990448892117
63,104,180,271,-0.0121013717725873
63,105,180,272,-0.015096493996679783
63,106,180,325,-0.015640851110219955
63,107,180,319,-0.014335270039737225
63,108,180,403,-0.011382248252630234
63,109,180,316,-0.00844999123364687
63,110,180,312,-0.011057674884796143
63,111,180,311,-0.013462575152516365
63,112,180,310,-0.015051680617034435
63,113,180,415,-0.016008013859391212
63,114,180,308,-0.015209070406854153
63,115,180,324,-0.015083891339600086
63,116,180,318,-0.014050276018679142
63,117,180,402,-0.011708375066518784
63,118,180,317,-0.009344501420855522
64,65,85,16,-0.004201487172394991
64,66,85,12,-0.006959408521652222
64,67,85,38,-0.0023059831000864506
64,68,85,41,0.0006847381591796875
64,69,85,42,0.0004221345589030534
64,70,85,96,-0.0028437080327421427
64,71,85,89,-0.0029167071916162968
64,72,85,179,-0.00289587932638824
64,73,85,86,-0.002059051301330328
64,74,85,15,-0.004902663175016642
64,75,85,13,-0.007403385825455189
64,76,85,82,-0.00422493414953351
64,77,85,81,0.00028758260305039585
64,78,85,80,-0.00040829647332429886
64,79,85,191,0.00013344752369448543
64,80,85,78,-0.0018119231099262834
64,81,85,95,-0.002047757152467966
64,82,85,88,-0.0018216583412140608
64,83,85,178,-0.0012882545124739408
64,84,85,87,-0.0031521026976406574
64,85,85,14,-0.006259096786379814
64,86,85,267,-0.010005463846027851
64,87,85,269,-0.011590455658733845
64,88,85,270,-0.012454032897949219
64,89,85,409,-0.0156985055655241
64,90,85,291,-0.014239700511097908
64,91,85,375,-0.013379743322730064
64,92,85,321,-0.013727796263992786
64,93,85,405,-0.010732341557741165
64,94,85,314,-0.008001520298421383
64,95,85,302,-0.009502672590315342
64,96,85,303,-0.010893604718148708
64,97,85,304,-0.014683376997709274
64,98,85,408,-0.015479855239391327
64,99,85,307,-0.017422225326299667
64,100,85,320,-0.01357781421393156
64,101,85,404,-0.010749001987278461
64,102,85,315,-0.007862614467740059
64,103,85,268,-0.009362512268126011
64,104,85,271,-0.011159462854266167
64,105,85,272,-0.014528357423841953
64,106,85,325,-0.015134742483496666
64,107,85,319,-0.01334282848984003
64,108,85,403,-0.010557333938777447
64,109,85,316,-0.008638685569167137
64,110,85,312,-0.01132825668901205
64,111,85,311,-0.01304192841053009
64,112,85,310,-0.014778303913772106
64,113,85,415,-0.01583648845553398
64,114,85,308,-0.014861021190881729
64,115,85,324,-0.004858411382883787
64,116,85,318,-0.013052214868366718
64,117,85,402,-0.010774015448987484
64,118,85,317,-0.009320677258074284
65,66,16,12,-0.0011870689922943711
65,67,16,38,-0.00045269643305800855
65,68,16,41,-0.0007176969666033983
65,69,16,42,-0.0022717234678566456
65,70,16,96,-0.0037709351163357496
65,71,16,89,-0.0036106191109865904
65,72,16,179,-0.003568851388990879
65,73,16,86,-0.003694628830999136
65,74,16,15,0.00046870060032233596
65,75,16,13,-0.0011741459602490067
65,76,16,82,-0.0007808179943822324
65,77,16,81,-0.0024984204210340977
65,78,16,80,-0.0020231667440384626
65,79,16,191,-0.0023069442249834538
65,80,16,78,-0.002920372411608696
65,81,16,95,-0.003182419342920184
65,82,16,88,-0.0031567502301186323
65,83,16,178,-0.0026857072953134775
65,84,16,87,-0.003393224673345685
65,85,16,14,-3.200864011887461e-05
65,86,16,267,-0.008972633630037308
65,87,16,269,-0.011513778008520603
65,88,16,270,-0.013583961874246597
65,89,16,409,-0.017067573964595795
65,90,16,291,-0.01350039429962635
65,91,16,375,-0.011321079917252064
65,92,16,321,-0.011619782075285912
65,93,16,405,-0.010046993382275105
65,94,16,314,-0.0077751814387738705
65,95,16,302,-0.008624140173196793
65,96,16,303,-0.010453514754772186
65,97,16,304,-0.014876672066748142
65,98,16,408,-0.013103942386806011
65,99,16,307,-0.012024798430502415
65,100,16,320,-0.011948192492127419
65,101,16,404,-0.010370763018727303
65,102,16,315,-0.006812515668570995
65,103,16,268,-0.010320190340280533
65,104,16,271,-0.01371514331549406
65,105,16,272,-0.015873923897743225
65,106,16,325,-0.013821722939610481
65,107,16,319,-0.012468306347727776
65,108,16,403,-0.0106938062235713
65,109,16,316,-0.0072419908829033375
65,110,16,312,-0.01148569118231535
65,111,16,311,-0.01569085568189621
65,112,16,310,-0.015734760090708733
65,113,16,415,-0.01441673468798399
65,114,16,308,-0.013199678622186184
65,115,16,324,-0.0135026965290308
65,116,16,318,-0.01370161585509777
65,117,16,402,-0.01123556587845087
65,118,16,317,-0.007672883570194244
66,67,12,38,-0.006079571321606636
66,68,12,41,-0.005759114865213633
66,69,12,42,-0.006309828255325556
66,70,12,96,-0.007258925121277571
66,71,12,89,-0.007744805887341499
66,72,12,179,-0.006455188617110252
66,73,12,86,-0.006829775404185057
66,74,12,15,-0.001264501828700304
66,75,12,13,3.308200030005537e-05
66,76,12,82,-0.004449479281902313
66,77,12,81,-0.004914139863103628
66,78,12,80,-0.005864651873707771
66,79,12,191,-0.0065584927797317505
66,80,12,78,-0.006361263804137707
66,81,12,95,-0.0065907263197004795
66,82,12,88,-0.006887683179229498
66,83,12,178,-0.006161849480122328
66,84,12,87,-0.00637477682903409
66,85,12,14,-0.0006440006545744836
66,86,12,267,-0.006916852202266455
66,87,12,269,-0.00971998181194067
66,88,12,270,-0.011139048263430595
66,89,12,409,-0.012138198129832745
66,90,12,291,-0.010938448831439018
66,91,12,375,-0.00841299258172512
66,92,12,321,-0.008648217655718327
66,93,12,405,-0.006410718895494938
66,94,12,314,-0.003580139484256506
66,95,12,302,-0.006817239802330732
66,96,12,303,-0.009046070277690887
66,97,12,304,-0.011193213053047657
66,98,12,408,-0.011049209162592888
66,99,12,307,-0.007299003191292286
66,100,12,320,-0.008786356076598167
66,101,12,404,-0.00656727934256196
66,102,12,315,-0.0034461377654224634
66,103,12,268,-0.00880529172718525
66,104,12,271,-0.010357020422816277
66,105,12,272,-0.010846046730875969
66,106,12,325,-0.008306995965540409
66,107,12,319,-0.008426835760474205
66,108,12,403,-0.0067787496373057365
66,109,12,316,-0.002859494648873806
66,110,12,312,-0.008597234264016151
66,111,12,311,-0.009973272681236267
66,112,12,310,-0.01066865399479866
66,113,12,415,-0.011445317417383194
66,114,12,308,-0.010427040047943592
66,115,12,324,-0.008148755878210068
66,116,12,318,-0.008621055632829666
66,117,12,402,-0.007196340244263411
66,118,12,317,-0.00334956799633801
67,68,38,41,-0.004352484829723835
67,69,38,42,-0.004366876091808081
67,70,38,96,-0.006364747416228056
67,71,38,89,-0.006224455777555704
67,72,38,179,-0.0046495962888002396
67,73,38,86,-0.0011747049866244197
67,74,38,15,-0.0010149878216907382
67,75,38,13,-0.006478738039731979
67,76,38,82,-0.00162530317902565
67,77,38,81,-0.0034406473860144615
67,78,38,80,-0.0033308006823062897
67,79,38,191,-0.004428988788276911
67,80,38,78,-0.005281463731080294
67,81,38,95,-0.00421310868114233
67,82,38,88,-0.0054068779572844505
67,83,38,178,-0.004443634767085314
67,84,38,87,7.275657844729722e-05
67,85,38,14,-0.0018190853297710419
67,86,38,267,-0.008868278935551643
67,87,38,269,-0.011561889201402664
67,88,38,270,-0.011647305451333523
67,89,38,409,-0.013177420012652874
67,90,38,291,-0.01273261196911335
67,91,38,375,-0.012284703552722931
67,92,38,321,-0.011250397190451622
67,93,38,405,-0.007806206587702036
67,94,38,314,-0.004341744352132082
67,95,38,302,-0.008663132786750793
67,96,38,303,-0.010576489381492138
67,97,38,304,-0.012139882892370224
67,98,38,408,-0.013005769811570644
67,99,38,307,-0.012215208262205124
67,100,38,320,-0.011126693338155746
67,101,38,404,-0.008374856784939766
67,102,38,315,-0.004262014292180538
67,103,38,268,-0.008509901352226734
67,104,38,271,-0.010062703862786293
67,105,38,272,-0.012050914578139782
67,106,38,325,-0.011975920759141445
67,107,38,319,-0.009948276914656162
67,108,38,403,-0.00834259856492281
67,109,38,316,-0.004642560612410307
67,110,38,312,-0.009794832207262516
67,111,38,311,-0.011218439787626266
67,112,38,310,-0.011662167496979237
67,113,38,415,-0.012482456862926483
67,114,38,308,-0.012012695893645287
67,115,38,324,-0.011738874949514866
67,116,38,318,-0.010135281831026077
67,117,38,402,-0.007169998716562986
67,118,38,317,-0.004868519492447376
68,69,41,42,-0.0034320331178605556
68,70,41,96,-0.004994499497115612
68,71,41,89,-0.00422553438693285
68,72,41,179,-0.000493240135256201
68,73,41,86,0.0001754920813255012
68,74,41,15,-0.0014489400200545788
68,75,41,13,-0.0062916893512010574
68,76,41,82,-0.0055398643016815186
68,77,41,81,-0.0022446296643465757
68,78,41,80,-0.001862772274762392
68,79,41,191,-0.003142495173960924
68,80,41,78,-0.0036904257722198963
68,81,41,95,-0.003832262009382248
68,82,41,88,-0.003251488786190748
68,83,41,178,-3.851695964840474e-06
68,84,41,87,-0.0010573844192549586
68,85,41,14,-0.001996247563511133
68,86,41,267,-0.009444646537303925
68,87,41,269,-0.012300031259655952
68,88,41,270,-0.012910258024930954
68,89,41,409,-0.014462810009717941
68,90,41,291,-0.014214918948709965
68,91,41,375,-0.014176975935697556
68,92,41,321,-0.013278171420097351
68,93,41,405,-0.0092391362413764
68,94,41,314,-0.005623587407171726
68,95,41,302,-0.009469877928495407
68,96,41,303,-0.011967371217906475
68,97,41,304,-0.01337477471679449
68,98,41,408,-0.014332582242786884
68,99,41,307,-0.013799169100821018
68,100,41,320,-0.012541692703962326
68,101,41,404,-0.009147456847131252
68,102,41,315,-0.005419925786554813
68,103,41,268,-0.009530129842460155
68,104,41,271,-0.011556575074791908
68,105,41,272,-0.01296490803360939
68,106,41,325,-0.013590841554105282
68,107,41,319,-0.01171285379678011
68,108,41,403,-0.008932732976973057
68,109,41,316,-0.005708435084670782
68,110,41,312,-0.009959726594388485
68,111,41,311,-0.011855106800794601
68,112,41,310,-0.012458538636565208
68,113,41,415,-0.013755986467003822
68,114,41,308,-0.007376869209110737
68,115,41,324,-0.012974203564226627
68,116,41,318,-0.011485185474157333
68,117,41,402,-0.008961031213402748
68,118,41,317,-0.006510119419544935
69,70,42,96,-0.0037187826819717884
69,71,42,89,-0.0004159353848081082
69,72,42,179,0.0004503789241425693
69,73,42,86,0.00018324688426218927
69,74,42,15,-0.002289409516379237
69,75,42,13,-0.006284806877374649
69,76,42,82,-0.005119034089148045
69,77,42,81,-0.004967917688190937
69,78,42,80,-0.0025845023337751627
69,79,42,191,-0.001626404351554811
69,80,42,78,-0.002555634593591094
69,81,42,95,-0.0014840876683592796
69,82,42,88,-0.00041564193088561296
69,83,42,178,-0.0012715833727270365
69,84,42,87,-0.0007711427751928568
69,85,42,14,-0.002789093879982829
69,86,42,267,-0.009646219201385975
69,87,42,269,-0.012567145749926567
69,88,42,270,-0.013163143768906593
69,89,42,409,-0.015399043448269367
69,90,42,291,-0.015119986608624458
69,91,42,375,-0.014907682314515114
69,92,42,321,-0.013732128776609898
69,93,42,405,-0.009527096524834633
69,94,42,314,-0.006196057889610529
69,95,42,302,-0.009614269249141216
69,96,42,303,-0.012363442219793797
69,97,42,304,-0.013271484524011612
69,98,42,408,-0.015182055532932281
69,99,42,307,-0.0144699327647686
69,100,42,320,-0.013132750056684017
69,101,42,404,-0.00931871123611927
69,102,42,315,-0.005639515817165375
69,103,42,268,-0.009417562745511532
69,104,42,271,-0.011639608070254326
69,105,42,272,-0.013545379042625427
69,106,42,325,-0.014143737033009529
69,107,42,319,-0.012785375118255615
69,108,42,403,-0.010266701690852642
69,109,42,316,-0.006261040456593037
69,110,42,312,-0.009944543242454529
69,111,42,311,-0.01175642292946577
69,112,42,310,-0.012978475540876389
69,113,42,415,-0.014571971260011196
69,114,42,308,-0.01002279482781887
69,115,42,324,-0.013776649720966816
69,116,42,318,-0.012190320529043674
69,117,42,402,-0.009581010788679123
69,118,42,317,-0.00678551010787487
70,71,96,89,-0.002304890425875783
70,72,96,179,-0.002461893018335104
70,73,96,86,-0.003568086074665189
70,74,96,15,-0.003932531923055649
70,75,96,13,-0.007498476654291153
70,76,96,82,-0.0059075434692204
70,77,96,81,-0.004761219955980778
70,78,96,80,-0.004514894913882017
70,79,96,191,-0.002255443250760436
70,80,96,78,0.0008248469093814492
70,81,96,95,-0.0036242357455193996
70,82,96,88,-0.0036686549428850412
70,83,96,178,-0.003816835582256317
70,84,96,87,-0.003189284587278962
70,85,96,14,-0.004442432429641485
70,86,96,267,-0.009467744268476963
70,87,96,269,-0.01207764632999897
70,88,96,270,-0.014905392192304134
70,89,96,409,-0.015269030816853046
70,90,96,291,-0.013922767713665962
70,91,96,375,-0.01440120767802
70,92,96,321,-0.013643442653119564
70,93,96,405,-0.011808700859546661
70,94,96,314,-0.008951034396886826
70,95,96,302,-0.009537863545119762
70,96,96,303,-0.011661256663501263
70,97,96,304,-0.014341775327920914
70,98,96,408,-0.014913954772055149
70,99,96,307,-0.014401073567569256
70,100,96,320,-0.013342177495360374
70,101,96,404,-0.011594538576900959
70,102,96,315,-0.006610867101699114
70,103,96,268,-0.010720728896558285
70,104,96,271,-0.012830519117414951
70,105,96,272,-0.013791739009320736
70,106,96,325,-0.013934187591075897
70,107,96,319,-0.01298570353537798
70,108,96,403,-0.011004511266946793
70,109,96,316,-0.006368921138346195
70,110,96,312,-0.010481794364750385
70,111,96,311,-0.012130449526011944
70,112,96,310,-0.013332778587937355
70,113,96,415,-0.006319973152130842
70,114,96,308,-0.007915139198303223
70,115,96,324,-0.013797124847769737
70,116,96,318,-0.012690291740000248
70,117,96,402,-0.011175097897648811
70,118,96,317,-0.007133873645216227
71,72,89,179,-0.0028258010279387236
71,73,89,86,-0.0023661067243665457
71,74,89,15,-0.003645310178399086
71,75,89,13,-0.00802082009613514
71,76,89,82,-0.004954254254698753
71,77,89,81,-0.00431243609637022
71,78,89,80,-0.00340585270896554
71,79,89,191,0.00042065003071911633
71,80,89,78,-0.0005604796460829675
71,81,89,95,0.00019144882389809936
71,82,89,88,-0.0024675040040165186
71,83,89,178,-0.0032144251745194197
71,84,89,87,-0.003414429258555174
71,85,89,14,-0.0044448478147387505
71,86,89,267,-0.0102116409689188
71,87,89,269,-0.01172727532684803
71,88,89,270,-0.013956980779767036
71,89,89,409,-0.01635809615254402
71,90,89,291,-0.014889427460730076
71,91,89,375,-0.015127543359994888
71,92,89,321,-0.014259741641581059
71,93,89,405,-0.01037504430860281
71,94,89,314,-0.007027436047792435
71,95,89,302,-0.009854361414909363
71,96,89,303,-0.011994203552603722
71,97,89,304,-0.014773468486964703
71,98,89,408,-0.016232088208198547
71,99,89,307,-0.015477297827601433
71,100,89,320,-0.013831437565386295
71,101,89,404,-0.011448608711361885
71,102,89,315,-0.00643782876431942
71,103,89,268,-0.009938821196556091
71,104,89,271,-0.012713037431240082
71,105,89,272,-0.014441057108342648
71,106,89,325,-0.01494045089930296
71,107,89,319,-0.013446925207972527
71,108,89,403,-0.011367779225111008
71,109,89,316,-0.007105404511094093
71,110,89,312,-0.010869886726140976
71,111,89,311,-0.012152982875704765
71,112,89,310,-0.014307007193565369
71,113,89,415,-0.015878712758421898
71,114,89,308,-0.014858745038509369
71,115,89,324,-0.014656173065304756
71,116,89,318,-0.013000457547605038
71,117,89,402,-0.010342876426875591
71,118,89,317,-0.008064535446465015
72,73,179,86,-0.0030504795722663403
72,74,179,15,-0.003907979466021061
72,75,179,13,-0.0077156201004981995
72,76,179,82,-0.005527412053197622
72,77,179,81,-0.0031433040276169777
72,78,179,80,0.001067431177943945
72,79,179,191,0.00045593769755214453
72,80,179,78,-0.0008796880138106644
72,81,179,95,-0.0003668014542199671
72,82,179,88,-0.0007797972648404539
72,83,179,178,-0.002661149250343442
72,84,179,87,-0.004368153400719166
72,85,179,14,-0.004914405755698681
72,86,179,267,-0.010326460003852844
72,87,179,269,-0.0124446926638484
72,88,179,270,-0.013372940011322498
72,89,179,409,-0.01584567502140999
72,90,179,291,-0.014763225801289082
72,91,179,375,-0.015025974251329899
72,92,179,321,-0.014123489148914814
72,93,179,405,-0.011153818108141422
72,94,179,314,-0.00807602796703577
72,95,179,302,-0.010099631734192371
72,96,179,303,-0.012519982643425465
72,97,179,304,-0.015009176917374134
72,98,179,408,-0.01597774028778076
72,99,179,307,-0.0150452870875597
72,100,179,320,-0.013852761127054691
72,101,179,404,-0.011671277694404125
72,102,179,315,-0.007618492469191551
72,103,179,268,-0.009998058900237083
72,104,179,271,-0.011764870025217533
72,105,179,272,-0.01465540286153555
72,106,179,325,-0.015297559089958668
72,107,179,319,-0.013498078100383282
72,108,179,403,-0.011913266964256763
72,109,179,316,-0.008237832225859165
72,110,179,312,-0.010560394264757633
72,111,179,311,-0.012518767267465591
72,112,179,310,-0.01454420480877161
72,113,179,415,-0.01573852077126503
72,114,179,308,-0.01527057122439146
72,115,179,324,-0.014668744057416916
72,116,179,318,-0.01339560654014349
72,117,179,402,-0.011314701288938522
72,118,179,317,-0.009257619269192219
73,74,86,15,-0.004373825620859861
73,75,86,13,-0.006887936033308506
73,76,86,82,-0.002866259543225169
73,77,86,81,0.00025140761863440275
73,78,86,80,0.00030401936965063214
73,79,86,191,-0.00041772850090637803
73,80,86,78,-0.002823418006300926
73,81,86,95,-0.0014129411429166794
73,82,86,88,-0.0027708986308425665
73,83,86,178,-0.002302223816514015
73,84,86,87,-0.0027596584986895323
73,85,86,14,-0.005883285775780678
73,86,86,267,-0.009572390466928482
73,87,86,269,-0.011911696754395962
73,88,86,270,-0.011944993399083614
73,89,86,409,-0.015530728735029697
73,90,86,291,-0.014236255548894405
73,91,86,375,-0.013097086921334267
73,92,86,321,-0.013295045122504234
73,93,86,405,-0.011161685921251774
73,94,86,314,-0.007737071253359318
73,95,86,302,-0.009131618775427341
73,96,86,303,-0.011808216571807861
73,97,86,304,-0.014205231331288815
73,98,86,408,-0.01525136549025774
73,99,86,307,-0.014492856338620186
73,100,86,320,-0.012988836504518986
73,101,86,404,-0.011225618422031403
73,102,86,315,-0.007610860280692577
73,103,86,268,-0.008950651623308659
73,104,86,271,-0.012528718449175358
73,105,86,272,-0.01417424064129591
73,106,86,325,-0.014647033996880054
73,107,86,319,-0.012781484983861446
73,108,86,403,-0.01123881246894598
73,109,86,316,-0.008089257404208183
73,110,86,312,-0.010907795280218124
73,111,86,311,-0.012975030578672886
73,112,86,310,-0.014700723811984062
73,113,86,415,-0.015662625432014465
73,114,86,308,-0.01483123004436493
73,115,86,324,-0.014607052318751812
73,116,86,318,-0.012571278028190136
73,117,86,402,-0.01082905475050211
73,118,86,317,-0.008728984743356705
74,75,15,13,-0.0016233596252277493
74,76,15,82,-0.00028200153610669076
74,77,15,81,-0.0010641544358804822
74,78,15,80,-0.0017156504327431321
74,79,15,191,-0.0025681706611067057
74,80,15,78,-0.003051434177905321
74,81,15,95,-0.00340806832537055
74,82,15,88,-0.00343128340318799
74,83,15,178,-0.003083174815401435
74,84,15,87,-0.002944412874057889
74,85,15,14,-0.0006683220854029059
74,86,15,267,-0.00839184783399105
74,87,15,269,-0.010981898754835129
74,88,15,270,-0.01386045292019844
74,89,15,409,-0.014847836457192898
74,90,15,291,-0.013418770395219326
74,91,15,375,-0.011662999168038368
74,92,15,321,-0.011303544975817204
74,93,15,405,-0.009660035371780396
74,94,15,314,-0.007511561270803213
74,95,15,302,-0.00959963072091341
74,96,15,303,-0.01197365764528513
74,97,15,304,-0.015028154477477074
74,98,15,408,-0.014209398068487644
74,99,15,307,-0.013193657621741295
74,100,15,320,-0.01167340949177742
74,101,15,404,-0.01047563273459673
74,102,15,315,-0.007717175409197807
74,103,15,268,-0.010474990122020245
74,104,15,271,-0.013738173060119152
74,105,15,272,-0.015555676072835922
74,106,15,325,-0.013710202649235725
74,107,15,319,-0.012306352145969868
74,108,15,403,-0.01037586946040392
74,109,15,316,-0.008420146070420742
74,110,15,312,-0.01149179320782423
74,111,15,311,-0.016026681289076805
74,112,15,310,-0.013213549740612507
74,113,15,415,-0.014172116294503212
74,114,15,308,-0.012983291409909725
74,115,15,324,-0.013269338756799698
74,116,15,318,-0.013081183657050133
74,117,15,402,-0.01106196828186512
74,118,15,317,-0.007302368991076946
75,76,13,82,-0.00528422137722373
75,77,13,81,-0.00528010493144393
75,78,13,80,-0.0060899448581039906
75,79,13,191,-0.006738039664924145
75,80,13,78,-0.00655668368563056
75,81,13,95,-0.006827180273830891
75,82,13,88,-0.007371674757450819
75,83,13,178,-0.006931310053914785
75,84,13,87,-0.006994553375989199
75,85,13,14,-0.0014271409017965198
75,86,13,267,-0.006659851875156164
75,87,13,269,-0.009586283005774021
75,88,13,270,-0.011642850004136562
75,89,13,409,-0.012220016680657864
75,90,13,291,-0.01153362076729536
75,91,13,375,-0.010315630584955215
75,92,13,321,-0.008534458465874195
75,93,13,405,-0.006513925269246101
75,94,13,314,-0.003435030346736312
75,95,13,302,-0.006679194048047066
75,96,13,303,-0.009063073433935642
75,97,13,304,-0.011572999879717827
75,98,13,408,-0.011205993592739105
75,99,13,307,-0.007786709349602461
75,100,13,320,-0.008777173236012459
75,101,13,404,-0.006411434151232243
75,102,13,315,-0.0032323456835001707
75,103,13,268,-0.00852870848029852
75,104,13,271,-0.01042590755969286
75,105,13,272,-0.011197276413440704
75,106,13,325,-0.00852817203849554
75,107,13,319,-0.008523116819560528
75,108,13,403,-0.007016384042799473
75,109,13,316,-0.002775742206722498
75,110,13,312,-0.008660312741994858
75,111,13,311,-0.010622656904160976
75,112,13,310,-0.011051810346543789
75,113,13,415,-0.011407779529690742
75,114,13,308,-0.010930120944976807
75,115,13,324,-0.0071568600833415985
75,116,13,318,-0.008815379813313484
75,117,13,402,-0.007198260631412268
75,118,13,317,-0.003526597050949931
76,77,82,81,-0.004137218464165926
76,78,82,80,-0.004220590461045504
76,79,82,191,-0.004900893662124872
76,80,82,78,-0.004737005569040775
76,81,82,95,-0.005026699043810368
76,82,82,88,-0.004548022989183664
76,83,82,178,-0.004128895699977875
76,84,82,87,-0.0017589614726603031
76,85,82,14,-0.0013420504983514547
76,86,82,267,-0.00817997008562088
76,87,82,269,-0.011465350165963173
76,88,82,270,-0.012513750232756138
76,89,82,409,-0.012571443803608418
76,90,82,291,-0.012837143614888191
76,91,82,375,-0.012094486504793167
76,92,82,321,-0.010746113024652004
76,93,82,405,-0.008358992636203766
76,94,82,314,-0.005063216667622328
76,95,82,302,-0.008146878331899643
76,96,82,303,-0.010513575747609138
76,97,82,304,-0.012253778986632824
76,98,82,408,-0.013071369379758835
76,99,82,307,-0.013547539710998535
76,100,82,320,-0.010291763581335545
76,101,82,404,-0.007831016555428505
76,102,82,315,-0.005081639159470797
76,103,82,268,-0.009012380614876747
76,104,82,271,-0.011222458444535732
76,105,82,272,-0.011928289197385311
76,106,82,325,-0.011792588979005814
76,107,82,319,-0.009395967237651348
76,108,82,403,-0.007924159057438374
76,109,82,316,-0.004190241917967796
76,110,82,312,-0.009369230829179287
76,111,82,311,-0.01090221293270588
76,112,82,310,-0.011438736692070961
76,113,82,415,-0.01237842533737421
76,114,82,308,-0.011887883767485619
76,115,82,324,-0.011259072460234165
76,116,82,318,-0.009736563079059124
76,117,82,402,-0.008047160692512989
76,118,82,317,-0.004517215304076672
77,78,81,80,-0.003126347903162241
77,79,81,191,-0.003744440618902445
77,80,81,78,-0.003635245840996504
77,81,81,95,-0.00369979883544147
77,82,81,88,-0.003240827703848481
77,83,81,178,-0.0015241788933053613
77,84,81,87,-0.00010448777175042778
77,85,81,14,-0.0015457997797057033
77,86,81,267,-0.008963918313384056
77,87,81,269,-0.01227042730897665
77,88,81,270,-0.013336971402168274
77,89,81,409,-0.014299063943326473
77,90,81,291,-0.013665102422237396
77,91,81,375,-0.013363882899284363
77,92,81,321,-0.012063192203640938
77,93,81,405,-0.010052711702883244
77,94,81,314,-0.006956667173653841
77,95,81,302,-0.008681068196892738
77,96,81,303,-0.011804825626313686
77,97,81,304,-0.01296322327107191
77,98,81,408,-0.014087547548115253
77,99,81,307,-0.013193901628255844
77,100,81,320,-0.011182415299117565
77,101,81,404,-0.00965967122465372
77,102,81,315,-0.0065660723485052586
77,103,81,268,-0.008950989693403244
77,104,81,271,-0.011546680703759193
77,105,81,272,-0.012448737397789955
77,106,81,325,-0.012903761118650436
77,107,81,319,-0.010601449757814407
77,108,81,403,-0.009252897463738918
77,109,81,316,-0.005211043171584606
77,110,81,312,-0.009294476360082626
77,111,81,311,-0.010856068693101406
77,112,81,310,-0.012001654133200645
77,113,81,415,-0.013237460516393185
77,114,81,308,-0.009599361568689346
77,115,81,324,-0.012112483382225037
77,116,81,318,-0.010355205275118351
77,117,81,402,-0.009229128248989582
77,118,81,317,-0.00608444306999445
78,79,80,191,-0.0030111270025372505
78,80,80,78,-0.0036124330945312977
78,81,80,95,-0.0028335596434772015
78,82,80,88,-0.0015785903669893742
78,83,80,178,0.0001904377422761172
78,84,80,87,-0.0003972647537011653
78,85,80,14,-0.0025834753178060055
78,86,80,267,-0.008914642035961151
78,87,80,269,-0.011980414390563965
78,88,80,270,-0.012920425273478031
78,89,80,409,-0.014749323017895222
78,90,80,291,-0.013704781420528889
78,91,80,375,-0.014185057953000069
78,92,80,321,-0.012789865024387836
78,93,80,405,-0.009119344875216484
78,94,80,314,-0.00559708708897233
78,95,80,302,-0.008686012588441372
78,96,80,303,-0.011119531467556953
78,97,80,304,-0.013340898789465427
78,98,80,408,-0.014560006558895111
78,99,80,307,-0.01381023321300745
78,100,80,320,-0.01208517700433731
78,101,80,404,-0.010775874368846416
78,102,80,315,-0.005308286752551794
78,103,80,268,-0.008473699912428856
78,104,80,271,-0.010469986125826836
78,105,80,272,-0.012754195369780064
78,106,80,325,-0.01321577187627554
78,107,80,319,-0.01136916596442461
78,108,80,403,-0.010259125381708145
78,109,80,316,-0.005272448528558016
78,110,80,312,-0.009294101037085056
78,111,80,311,-0.01068602129817009
78,112,80,310,-0.012114315293729305
78,113,80,415,-0.01362751517444849
78,114,80,308,-0.013836237601935863
78,115,80,324,-0.012743827886879444
78,116,80,318,-0.010982144623994827
78,117,80,402,-0.008504697121679783
78,118,80,317,-0.005896440707147121
79,80,191,78,-0.0017752951243892312
79,81,191,95,-0.0016363365575671196
79,82,191,88,-0.0006453631795011461
79,83,191,178,-0.0004947923589497805
79,84,191,87,-0.001163142966106534
79,85,191,14,-0.003298923373222351
79,86,191,267,-0.008068027906119823
79,87,191,269,-0.012873128987848759
79,88,191,270,-0.013246218673884869
79,89,191,409,-0.015344458632171154
79,90,191,291,-0.01458051335066557
79,91,191,375,-0.01428081002086401
79,92,191,321,-0.013979903422296047
79,93,191,405,-0.008896993473172188
79,94,191,314,-0.005428468342870474
79,95,191,302,-0.008395127020776272
79,96,191,303,-0.011070690117776394
79,97,191,304,-0.013992567546665668
79,98,191,408,-0.014922024682164192
79,99,191,307,-0.014235231094062328
79,100,191,320,-0.013151771388947964
79,101,191,404,-0.008943727239966393
79,102,191,315,-0.004872301127761602
79,103,191,268,-0.008586082607507706
79,104,191,271,-0.010727283544838428
79,105,191,272,-0.013162347488105297
79,106,191,325,-0.013376113958656788
79,107,191,319,-0.012493058107793331
79,108,191,403,-0.008142105303704739
79,109,191,316,-0.004845313727855682
79,110,191,312,-0.00995592586696148
79,111,191,311,-0.011539490893483162
79,112,191,310,-0.012340337969362736
79,113,191,415,-0.013764425180852413
79,114,191,308,-0.01411349605768919
79,115,191,324,-0.013152575120329857
79,116,191,318,-0.012098448351025581
79,117,191,402,-0.008367499336600304
79,118,191,317,-0.005384922493249178
80,81,78,95,-0.001974730985239148
80,82,78,88,-0.0020363174844533205
80,83,78,178,-0.0022499067708849907
80,84,78,87,-0.001621535629965365
80,85,78,14,-0.0034752595238387585
80,86,78,267,-0.008834054693579674
80,87,78,269,-0.011246368288993835
80,88,78,270,-0.014210428111255169
80,89,78,409,-0.013717245310544968
80,90,78,291,-0.010037566535174847
80,91,78,375,-0.01290077343583107
80,92,78,321,-0.013029658235609531
80,93,78,405,-0.011873619630932808
80,94,78,314,-0.00914634671062231
80,95,78,302,-0.008709628134965897
80,96,78,303,-0.010800737887620926
80,97,78,304,-0.013457915745675564
80,98,78,408,-0.013194541446864605
80,99,78,307,-0.012167236767709255
80,100,78,320,-0.012397004291415215
80,101,78,404,-0.010490693151950836
80,102,78,315,-0.005977460648864508
80,103,78,268,-0.010287231765687466
80,104,78,271,-0.011784246191382408
80,105,78,272,-0.012677560560405254
80,106,78,325,-0.012397346086800098
80,107,78,319,-0.011723978444933891
80,108,78,403,-0.009727183729410172
80,109,78,316,-0.005693952087312937
80,110,78,312,-0.009976329281926155
80,111,78,311,-0.010844431817531586
80,112,78,310,-0.007932047359645367
80,113,78,415,-0.006029161158949137
80,114,78,308,-0.006309740711003542
80,115,78,324,-0.012449030764400959
80,116,78,318,-0.011595528572797775
80,117,78,402,-0.00999827217310667
80,118,78,317,-0.006275774911046028
81,82,95,88,-0.0010600918903946877
81,83,95,178,-0.0013401462929323316
81,84,95,87,-0.002156306756660342
81,85,95,14,-0.003933532163500786
81,86,95,267,-0.009315778501331806
81,87,95,269,-0.011432024650275707
81,88,95,270,-0.012487081810832024
81,89,95,409,-0.01488880068063736
81,90,95,291,-0.013170839287340641
81,91,95,375,-0.014186304062604904
81,92,95,321,-0.013177835382521152
81,93,95,405,-0.008933684788644314
81,94,95,314,-0.006358438171446323
81,95,95,302,-0.008943998254835606
81,96,95,303,-0.010905228555202484
81,97,95,304,-0.013744854368269444
81,98,95,408,-0.014580882154405117
81,99,95,307,-0.014099068939685822
81,100,95,320,-0.012868859805166721
81,101,95,404,-0.008814741857349873
81,102,95,315,-0.005920690950006247
81,103,95,268,-0.008855401538312435
81,104,95,271,-0.010629466734826565
81,105,95,272,-0.012934314087033272
81,106,95,325,-0.013560176827013493
81,107,95,319,-0.012208369560539722
81,108,95,403,-0.008590513840317726
81,109,95,316,-0.0059740785509347916
81,110,95,312,-0.009973900392651558
81,111,95,311,-0.010851176455616951
81,112,95,310,-0.012466938234865665
81,113,95,415,-0.02191345766186714
81,114,95,308,-0.00662583252415061
81,115,95,324,-0.013178844936192036
81,116,95,318,-0.011916665360331535
81,117,95,402,-0.008949157781898975
81,118,95,317,-0.00642117764800787
82,83,88,178,-0.0029037329368293285
82,84,88,87,-0.002648856956511736
82,85,88,14,-0.004205786623060703
82,86,88,267,-0.009028778411448002
82,87,88,269,-0.011015265248715878
82,88,88,270,-0.014435211196541786
82,89,88,409,-0.015786366537213326
82,90,88,291,-0.014660792425274849
82,91,88,375,-0.015190616250038147
82,92,88,321,-0.01387837529182434
82,93,88,405,-0.01153534185141325
82,94,88,314,-0.006685280706733465
82,95,88,302,-0.008712869137525558
82,96,88,303,-0.011220020242035389
82,97,88,304,-0.014112423174083233
82,98,88,408,-0.015369673259556293
82,99,88,307,-0.01472293958067894
82,100,88,320,-0.013544943183660507
82,101,88,404,-0.01119192037731409
82,102,88,315,-0.006482016760855913
82,103,88,268,-0.009043330326676369
82,104,88,271,-0.012073828838765621
82,105,88,272,-0.013635635375976562
82,106,88,325,-0.014378322288393974
82,107,88,319,-0.012680759653449059
82,108,88,403,-0.010837863199412823
82,109,88,316,-0.00665830634534359
82,110,88,312,-0.010221302509307861
82,111,88,311,-0.011303992941975594
82,112,88,310,-0.013164633885025978
82,113,88,415,-0.014111177995800972
82,114,88,308,-0.012655358761548996
82,115,88,324,-0.013898580335080624
82,116,88,318,-0.012325285002589226
82,117,88,402,-0.01087853405624628
82,118,88,317,-0.007371172308921814
83,84,178,87,-0.0034766285680234432
83,85,178,14,-0.004027018789201975
83,86,178,267,-0.008602899499237537
83,87,178,269,-0.011579523794353008
83,88,178,270,-0.013869653455913067
83,89,178,409,-0.014738431200385094
83,90,178,291,-0.014931169338524342
83,91,178,375,-0.014804976992309093
83,92,178,321,-0.013438205234706402
83,93,178,405,-0.011711359955370426
83,94,178,314,-0.0072099980898201466
83,95,178,302,-0.008708133362233639
83,96,178,303,-0.011889270506799221
83,97,178,304,-0.014009565114974976
83,98,178,408,-0.015154769644141197
83,99,178,307,-0.014775600284337997
83,100,178,320,-0.013310246169567108
83,101,178,404,-0.011256661266088486
83,102,178,315,-0.0069636269472539425
83,103,178,268,-0.009017190895974636
83,104,178,271,-0.012149789370596409
83,105,178,272,-0.013831539079546928
83,106,178,325,-0.014577900059521198
83,107,178,319,-0.012897314503788948
83,108,178,403,-0.011174746789038181
83,109,178,316,-0.007538328878581524
83,110,178,312,-0.0100948391482234
83,111,178,311,-0.011971808038651943
83,112,178,310,-0.013653166592121124
83,113,178,415,-0.014569389633834362
83,114,178,308,-0.015017096884548664
83,115,178,324,-0.01397831179201603
83,116,178,318,-0.012636709026992321
83,117,178,402,-0.011194804683327675
83,118,178,317,-0.008299476467072964
84,85,87,14,-0.004455613903701305
84,86,87,267,-0.008905223570764065
84,87,87,269,-0.011523786000907421
84,88,87,270,-0.013588358648121357
84,89,87,409,-0.01504728477448225
84,90,87,291,-0.013924536295235157
84,91,87,375,-0.013168098405003548
84,92,87,321,-0.01269574835896492
84,93,87,405,-0.010657726787030697
84,94,87,314,-0.007826448418200016
84,95,87,302,-0.008646326139569283
84,96,87,303,-0.010640600696206093
84,97,87,304,-0.013388215564191341
84,98,87,408,-0.01509016565978527
84,99,87,307,-0.014109781011939049
84,100,87,320,-0.012514777481555939
84,101,87,404,-0.010319330729544163
84,102,87,315,-0.007497247774153948
84,103,87,268,-0.00972676556557417
84,104,87,271,-0.012329363264143467
84,105,87,272,-0.013624194078147411
84,106,87,325,-0.014256279915571213
84,107,87,319,-0.012399133294820786
84,108,87,403,-0.010594122111797333
84,109,87,316,-0.006867388729006052
84,110,87,312,-0.010356999933719635
84,111,87,311,-0.012605664320290089
84,112,87,310,-0.01354616042226553
84,113,87,415,-0.003459864528849721
84,114,87,308,-0.014603941701352596
84,115,87,324,-0.006770687643438578
84,116,87,318,-0.012307699769735336
84,117,87,402,-0.011147569864988327
84,118,87,317,-0.007932308129966259
85,86,14,267,-0.007864025421440601
85,87,14,269,-0.01064490806311369
85,88,14,270,-0.013407086953520775
85,89,14,409,-0.016734447330236435
85,90,14,291,-0.013055606745183468
85,91,14,375,-0.011635559611022472
85,92,14,321,-0.010820161551237106
85,93,14,405,-0.009241797029972076
85,94,14,314,-0.006714181043207645
85,95,14,302,-0.008704928681254387
85,96,14,303,-0.012144806794822216
85,97,14,304,-0.014618616551160812
85,98,14,408,-0.014226091094315052
85,99,14,307,-0.013212375342845917
85,100,14,320,-0.011213144287467003
85,101,14,404,-0.009826941415667534
85,102,14,315,-0.006490684580057859
85,103,14,268,-0.009512843564152718
85,104,14,271,-0.013323985040187836
85,105,14,272,-0.015085619874298573
85,106,14,325,-0.013242744840681553
85,107,14,319,-0.01188608631491661
85,108,14,403,-0.010346421971917152
85,109,14,316,-0.007648424245417118
85,110,14,312,-0.011237844824790955
85,111,14,311,-0.015427866019308567
85,112,14,310,-0.01365081686526537
85,113,14,415,-0.014530330896377563
85,114,14,308,-0.01315209362655878
85,115,14,324,-0.013004935346543789
85,116,14,318,-0.012550262734293938
85,117,14,402,-0.010740445926785469
85,118,14,317,-0.008492803201079369
86,87,267,269,-0.006755235604941845
86,88,267,270,-0.009301838465034962
86,89,267,409,-0.0111739756539464
86,90,267,291,-0.008850640617311
86,91,267,375,-0.005557418800890446
86,92,267,321,-0.006780911702662706
86,93,267,405,-0.0035061619710177183
86,94,267,314,0.0002847429132089019
86,95,267,302,0.00012800583499483764
86,96,267,303,-0.007507622707635164
86,97,267,304,-0.008780276402831078
86,98,267,408,-0.008847936987876892
86,99,267,307,-0.008004613220691681
86,100,267,320,-0.007130504120141268
86,101,267,404,-0.003142899600788951
86,102,267,315,-0.0011021294631063938
86,103,267,268,-0.00024006880994420499
86,104,267,271,-0.007337077986449003
86,105,267,272,-0.008448280394077301
86,106,267,325,-0.007591100875288248
86,107,267,319,-0.006387700792402029
86,108,267,403,-0.003212736453860998
86,109,267,316,-0.0020341211929917336
86,110,267,312,-0.00046428668429143727
86,111,267,311,-0.006105691660195589
86,112,267,310,-0.007401179522275925
86,113,267,415,-0.007998518645763397
86,114,267,308,-0.008643352426588535
86,115,267,324,-0.007343093864619732
86,116,267,318,-0.006195553578436375
86,117,267,402,-0.003152904799208045
86,118,267,317,-0.002039621351286769
87,88,269,270,-0.006989872083067894
87,89,269,409,-0.00736113591119647
87,90,269,291,-0.0061556450091302395
87,91,269,375,-0.005627401173114777
87,92,269,321,-0.0023469263687729836
87,93,269,405,-0.0014835982583463192
87,94,269,314,-0.008078837767243385
87,95,269,302,-0.007430754601955414
87,96,269,303,-0.0014134434750303626
87,97,269,304,-0.005835563410073519
87,98,269,408,-0.006547293625771999
87,99,269,307,-0.0049896324053406715
87,100,269,320,-0.002125620376318693
87,101,269,404,-0.002485427772626281
87,102,269,315,-0.008587119169533253
87,103,269,268,-0.0077153039164841175
87,104,269,271,-0.001617712085135281
87,105,269,272,-0.0036356572527438402
87,106,269,325,-0.004649104084819555
87,107,269,319,-0.0014340042835101485
87,108,269,403,-0.004029875621199608
87,109,269,316,-0.008261339738965034
87,110,269,312,-0.007666550576686859
87,111,269,311,-0.002193647436797619
87,112,269,310,-0.0018841747660189867
87,113,269,415,-0.004715686198323965
87,114,269,308,-0.005379416048526764
87,115,269,324,-0.0051785060204565525
87,116,269,318,-0.0010722914012148976
87,117,269,402,-0.0037369688507169485
87,118,269,317,-0.00773747731000185
88,89,270,409,-0.00524115702137351
88,90,270,291,-0.004559212829917669
88,91,270,375,-0.002981506520882249
88,92,270,321,0.0002685859508346766
88,93,270,405,-0.0058470177464187145
88,94,270,314,-0.012072267010807991
88,95,270,302,-0.0094622652977705
88,96,270,303,-0.007259978447109461
88,97,270,304,-0.0018808131571859121
88,98,270,408,-0.00403231754899025
88,99,270,307,-0.0024842824786901474
88,100,270,320,-0.0011676768772304058
88,101,270,404,-0.00667788228020072
88,102,270,315,-0.012381929904222488
88,103,270,268,-0.00918353907763958
88,104,270,271,-0.006053657736629248
88,105,270,272,-0.002488899976015091
88,106,270,325,-0.00019835545390378684
88,107,270,319,-0.003388409037142992
88,108,270,403,-0.006633976008743048
88,109,270,316,-0.011918909847736359
88,110,270,312,-0.008938847109675407
88,111,270,311,-0.006645297631621361
88,112,270,310,-0.002716612769290805
88,113,270,415,0.0014748641988262534
88,114,270,308,-0.00345408171415329
88,115,270,324,-0.0002412299654679373
88,116,270,318,-0.003424455178901553
88,117,270,402,-0.006412057671695948
88,118,270,317,-0.0112087307497859
89,90,409,291,-0.0029364123474806547
89,91,409,375,0.0005618615541607141
89,92,409,321,-0.005937648005783558
89,93,409,405,-0.012350454926490784
89,94,409,314,-0.014760931022465229
89,95,409,302,-0.010626733303070068
89,96,409,303,-0.008026091381907463
89,97,409,304,-0.00623841118067503
89,98,409,408,-0.001675954437814653
89,99,409,307,-0.0009227858972735703
89,100,409,320,-0.0050377571024000645
89,101,409,404,-0.012822635471820831
89,102,409,315,-0.014847587794065475
89,103,409,268,-0.010571002960205078
89,104,409,271,-0.008555072359740734
89,105,409,272,-0.005107112228870392
89,106,409,325,-0.0027621746994554996
89,107,409,319,-0.00590949971228838
89,108,409,403,-0.01261653658002615
89,109,409,316,-0.014831014908850193
89,110,409,312,-0.010570554994046688
89,111,409,311,-0.00700365100055933
89,112,409,310,-0.005620422773063183
89,113,409,415,-0.0023447172716259956
89,114,409,308,-0.00020119022519793361
89,115,409,324,-0.003462650580331683
89,116,409,318,-0.0074518355540931225
89,117,409,402,-0.012445453554391861
89,118,409,317,-0.015112166292965412
90,91,291,375,-0.004267302807420492
90,92,291,321,-0.007788874674588442
90,93,291,405,-0.010813750326633453
90,94,291,314,-0.01199287734925747
90,95,291,302,-0.009447886608541012
90,96,291,303,-0.0072090947069227695
90,97,291,304,-0.006402247119694948
90,98,291,408,-0.004371785558760166
90,99,291,307,-0.004810832906514406
90,100,291,320,-0.00990850105881691
90,101,291,404,-0.011419568210840225
90,102,291,315,-0.01212127786129713
90,103,291,268,-0.009974895976483822
90,104,291,271,-0.008351722732186317
90,105,291,272,-0.0076332055032253265
90,106,291,325,-0.00631155027076602
90,107,291,319,-0.011412152089178562
90,108,291,403,-0.01246774010360241
90,109,291,316,-0.012371369637548923
90,110,291,312,-0.00941628310829401
90,111,291,311,-0.010301884263753891
90,112,291,310,-0.00789110641926527
90,113,291,415,-0.005126327741891146
90,114,291,308,-0.0032509544398635626
90,115,291,324,-0.007023852318525314
90,116,291,318,-0.009927206672728062
90,117,291,402,-0.011148044839501381
90,118,291,317,-0.011990695260465145
91,92,375,321,-0.007744346745312214
91,93,375,405,-0.012095361948013306
91,94,375,314,-0.01480128988623619
91,95,375,302,-0.009432000108063221
91,96,375,303,-0.007778603117913008
91,97,375,304,-0.004171882756054401
91,98,375,408,-0.0010240068659186363
91,99,375,307,-0.0020181259606033564
91,100,375,320,-0.0086051719263196
91,101,375,404,-0.012253271415829659
91,102,375,315,-0.011413758620619774
91,103,375,268,-0.009059904143214226
91,104,375,271,-0.00712452782317996
91,105,375,272,-0.004788514692336321
91,106,375,325,-0.002694428898394108
91,107,375,319,-0.007189070340245962
91,108,375,403,-0.010694753378629684
91,109,375,316,-0.011650537140667439
91,110,375,312,-0.00897644367069006
91,111,375,311,-0.006854305975139141
91,112,375,310,-0.004421218764036894
91,113,375,415,-0.0014189124340191483
91,114,375,308,0.000630553113296628
91,115,375,324,-0.003303257282823324
91,116,375,318,-0.007013080641627312
91,117,375,402,-0.009546144865453243
91,118,375,317,-0.011414865031838417
92,93,321,405,-0.008640064857900143
92,94,321,314,-0.01063572522252798
92,95,321,302,-0.006806278135627508
92,96,321,303,-0.003277246840298176
92,97,321,304,0.0001401156623614952
92,98,321,408,-0.006295429542660713
92,99,321,307,-0.006723760161548853
92,100,321,320,-0.001820415840484202
92,101,321,404,-0.007930440828204155
92,102,321,315,-0.010473651811480522
92,103,321,268,-0.006762430537492037
92,104,321,271,-0.004125888925045729
92,105,321,272,-0.0004064568493049592
92,106,321,325,-0.003592338878661394
92,107,321,319,-0.001990791643038392
92,108,321,403,-0.007106089033186436
92,109,321,316,-0.009786061942577362
92,110,321,312,-0.007160703185945749
92,111,321,311,-0.0035798491444438696
92,112,321,310,-0.00029230237123556435
92,113,321,415,0.00035275492700748146
92,114,321,308,-0.006342725362628698
92,115,321,324,0.0010997685603797436
92,116,321,318,-0.002429304178804159
92,117,321,402,-0.006480028852820396
92,118,321,317,-0.008853008039295673
93,94,405,314,-0.00809414777904749
93,95,405,302,-0.003814887721091509
93,96,405,303,0.00022127392003312707
93,97,405,304,-0.007670002989470959
93,98,405,408,-0.012654131278395653
93,99,405,307,-0.010949193499982357
93,100,405,320,-0.008200975134968758
93,101,405,404,-0.0013068392872810364
93,102,405,315,-0.007907594554126263
93,103,405,268,-0.0038040124345570803
93,104,405,271,6.47429988021031e-05
93,105,405,272,-0.0065521784126758575
93,106,405,325,-0.010139147751033306
93,107,405,319,-0.006284719333052635
93,108,405,403,-0.0014986965106800199
93,109,405,316,-0.00693119689822197
93,110,405,312,-0.002980255987495184
93,111,405,311,0.0010196827352046967
93,112,405,310,-0.0022024190984666348
93,113,405,415,-0.010510898195207119
93,114,405,308,-0.010106422938406467
93,115,405,324,-0.008897394873201847
93,116,405,318,-0.004738801158964634
93,117,405,402,-0.0016478538746014237
93,118,405,317,-0.005913425702601671
94,95,314,302,0.00011160529538756236
94,96,314,303,-0.007427341304719448
94,97,314,304,-0.013255313970148563
94,98,314,408,-0.0152004798874259
94,99,314,307,-0.012657892890274525
94,100,314,320,-0.011241632513701916
94,101,314,404,-0.008441638201475143
94,102,314,315,-0.0012351837940514088
94,103,314,268,0.0005796636687591672
94,104,314,271,-0.00903426855802536
94,105,314,272,-0.014167207293212414
94,106,314,325,-0.012490020133554935
94,107,314,319,-0.010610764846205711
94,108,314,403,-0.007416293025016785
94,109,314,316,-0.0012814616784453392
94,110,314,312,0.0009862809674814343
94,111,314,311,-0.00960549060255289
94,112,314,310,-0.01372775249183178
94,113,314,415,-0.01287098415195942
94,114,314,308,-0.011569851078093052
94,115,314,324,-0.011257707141339779
94,116,314,318,-0.010286005213856697
94,117,314,402,-0.006495838053524494
94,118,314,317,-0.0001225916639668867
95,96,302,303,-0.006493929773569107
95,97,302,304,-0.009064655750989914
95,98,302,408,-0.010807265527546406
95,99,302,307,-0.0070127155631780624
95,100,302,320,-0.007166848052293062
95,101,302,404,-0.0034201720263808966
95,102,302,315,-0.0009948015213012695
95,103,302,268,-0.00020200190192554146
95,104,302,271,-0.007376800756901503
95,105,302,272,-0.00836985930800438
95,106,302,325,-0.0074888174422085285
95,107,302,319,-0.006985493004322052
95,108,302,403,-0.0034292065538465977
95,109,302,316,-0.002011585282161832
95,110,302,312,-0.0006478669820353389
95,111,302,311,-0.006435259710997343
95,112,302,310,-0.007657731883227825
95,113,302,415,-0.008540194481611252
95,114,302,308,-0.009081074967980385
95,115,302,324,-0.006448187865316868
95,116,302,318,-0.006535793654620647
95,117,302,402,-0.0034665183629840612
95,118,302,317,-0.0021280536893755198
96,97,303,304,-0.006739472970366478
96,98,303,408,-0.007847189903259277
96,99,303,307,-0.006044978741556406
96,100,303,320,-0.0029019280336797237
96,101,303,404,-0.0010423170169815421
96,102,303,315,-0.007980333641171455
96,103,303,268,-0.00702193146571517
96,104,303,271,-0.0013473131693899632
96,105,303,272,-0.005184553097933531
96,106,303,325,-0.0054632676765322685
96,107,303,319,-0.002661626087501645
96,108,303,403,-0.0029394268058240414
96,109,303,316,-0.008028759621083736
96,110,303,312,-0.0076676663011312485
96,111,303,311,-0.0019688757602125406
96,112,303,310,-0.0034562291111797094
96,113,303,415,-0.0064052981324493885
96,114,303,308,-0.00639343773946166
96,115,303,324,-0.004144473001360893
96,116,303,318,-0.0016173276817426085
96,117,303,402,-0.0023961500264704227
96,118,303,317,-0.009169578552246094
97,98,304,408,-0.005591234192252159
97,99,304,307,-0.0038384597282856703
97,100,304,320,7.576591451652348e-05
97,101,304,404,-0.0085282102227211
97,102,304,315,-0.014006655663251877
97,103,304,268,-0.009690255858004093
97,104,304,271,-0.007130215410143137
97,105,304,272,-0.0018674277234822512
97,106,304,325,-0.002611755859106779
97,107,304,319,-0.002543593756854534
97,108,304,403,-0.009241487830877304
97,109,304,316,-0.014446082524955273
97,110,304,312,-0.008106998167932034
97,111,304,311,-0.006372983101755381
97,112,304,310,-0.0021716870833188295
97,113,304,415,-0.0021994966082274914
97,114,304,308,-0.003580966731533408
97,115,304,324,-0.00099045573733747
97,116,304,318,-0.0028934127185493708
97,117,304,402,-0.009718818590044975
97,118,304,317,-0.014073668047785759
98,99,408,307,0.00042979157296940684
98,100,408,320,-0.006454976741224527
98,101,408,404,-0.013807432726025581
98,102,408,315,-0.015371404588222504
98,103,408,268,-0.010342615656554699
98,104,408,271,-0.008479769341647625
98,105,408,272,-0.006554877385497093
98,106,408,325,-0.0018028413178399205
98,107,408,319,-0.008590889163315296
98,108,408,403,-0.013450064696371555
98,109,408,316,-0.011959834955632687
98,110,408,312,-0.010245232842862606
98,111,408,311,-0.00887511670589447
98,112,408,310,-0.005460523534566164
98,113,408,415,-0.0017583167646080256
98,114,408,308,-2.642539402586408e-05
98,115,408,324,-0.0035264461766928434
98,116,408,318,-0.008365150541067123
98,117,408,402,-0.013499731197953224
98,118,408,317,-0.011538345366716385
99,100,307,320,-0.007909857667982578
99,101,307,404,-0.011815724894404411
99,102,307,315,-0.012837695889174938
99,103,307,268,-0.009469610638916492
99,104,307,271,-0.007879670709371567
99,105,307,272,-0.004772068466991186
99,106,307,325,-0.0024334662593901157
99,107,307,319,-0.007613840978592634
99,108,307,403,-0.011743334122002125
99,109,307,316,-0.012317272834479809
99,110,307,312,-0.008768281899392605
99,111,307,311,-0.007094528526067734
99,112,307,310,-0.004936886951327324
99,113,307,415,-0.0008440222009085119
99,114,307,308,-0.001546802930533886
99,115,307,324,-0.0029909091535955667
99,116,307,318,-0.006853623315691948
99,117,307,402,-0.010742370039224625
99,118,307,317,-0.011567271314561367
100,101,320,404,-0.008734292350709438
100,102,320,315,-0.011077003553509712
100,103,320,268,-0.007199171464890242
100,104,320,271,-0.0038173089269548655
100,105,320,272,-0.0008553311927244067
100,106,320,325,-0.006318921688944101
100,107,320,319,-0.002161074196919799
100,108,320,403,-0.007786354050040245
100,109,320,316,-0.01074210274964571
100,110,320,312,-0.007322950288653374
100,111,320,311,-0.0035714616533368826
100,112,320,310,-7.13325644028373e-05
100,113,320,415,-0.0034818656276911497
100,114,320,308,-0.008488805964589119
100,115,320,324,-0.00302982609719038
100,116,320,318,-0.00208572787232697
100,117,320,402,-0.0068250494077801704
100,118,320,317,-0.009786231443285942
101,102,404,315,-0.008641441352665424
101,103,404,268,-0.0038080858066678047
101,104,404,271,0.0007169783348217607
101,105,404,272,-0.008846503682434559
101,106,404,325,-0.010216353461146355
101,107,404,319,-0.007451524492353201
101,108,404,403,-0.0011853635078296065
101,109,404,316,-0.007857538759708405
101,110,404,312,-0.002831463934853673
101,111,404,311,0.001421385328285396
101,112,404,310,-0.005071924068033695
101,113,404,415,-0.012074793688952923
101,114,404,308,-0.0112392483279109
101,115,404,324,-0.009615611284971237
101,116,404,318,-0.006215324625372887
101,117,404,402,-0.0009338284726254642
101,118,404,317,-0.006417558062821627
102,103,315,268,0.0006121974438428879
102,104,315,271,-0.00986715778708458
102,105,315,272,-0.014671207405626774
102,106,315,325,-0.012453359551727772
102,107,315,319,-0.011570620350539684
102,108,315,403,-0.008509425446391106
102,109,315,316,-0.0002497041132301092
102,110,315,312,0.0015403135912492871
102,111,315,311,-0.010905778966844082
102,112,315,310,-0.012202346697449684
102,113,315,415,-0.013966928236186504
102,114,315,308,-0.01197843998670578
102,115,315,324,-0.012170064263045788
102,116,315,318,-0.011380697600543499
102,117,315,402,-0.007754618767648935
102,118,315,317,0.0007434280123561621
103,104,268,271,-0.0080909738317132
103,105,268,272,-0.00960266962647438
103,106,268,325,-0.00794211681932211
103,107,268,319,-0.007189204450696707
103,108,268,403,-0.0037840798031538725
103,109,268,316,-0.0011171873193234205
103,110,268,312,-0.0006916677230037749
103,111,268,311,-0.007047213148325682
103,112,268,310,-0.008799498900771141
103,113,268,415,-0.008934215642511845
103,114,268,308,-0.009683183394372463
103,115,268,324,-0.0077962311916053295
103,116,268,318,-0.0068975393660366535
103,117,268,402,-0.0038428616244345903
103,118,268,317,-0.0017987500177696347
104,105,271,272,-0.0067136590369045734
104,106,271,325,-0.006487320177257061
104,107,271,319,-0.003773895325139165
104,108,271,403,-0.0017937151715159416
104,109,271,316,-0.010264669544994831
104,110,271,312,-0.007266682107001543
104,111,271,311,-0.0016237525269389153
104,112,271,310,-0.005254868417978287
104,113,271,415,-0.006748484913259745
104,114,271,308,-0.006861981004476547
104,115,271,324,-0.005604541394859552
104,116,271,318,-0.0031134923920035362
104,117,271,402,-0.0033253775909543037
104,118,271,317,-0.010082744993269444
105,106,272,325,-0.004307507071644068
105,107,272,319,-0.0005147779593244195
105,108,272,403,-0.00948044192045927
105,109,272,316,-0.015012867748737335
105,110,272,312,-0.009858591482043266
105,111,272,311,-0.007454918697476387
105,112,272,310,-0.0016887413803488016
105,113,272,415,-0.004860785789787769
105,114,272,308,-0.005858337506651878
105,115,272,324,-0.0025914572179317474
105,116,272,318,-0.0019829957745969296
105,117,272,402,-0.010123335756361485
105,118,272,317,-0.014635161496698856
106,107,325,319,-0.008248085156083107
106,108,325,403,-0.011467156931757927
106,109,325,316,-0.01241050660610199
106,110,325,312,-0.008746073581278324
106,111,325,311,-0.00701359286904335
106,112,325,310,-0.005090237595140934
106,113,325,415,-5.88975410664716e-07
106,114,325,308,-0.0038838996551930904
106,115,325,324,-0.002456273417919874
106,116,325,318,-0.007631324231624603
106,117,325,402,-0.010631789453327656
106,118,325,317,-0.011967824772000313
107,108,319,403,-0.008596204221248627
107,109,319,316,-0.011115026660263538
107,110,319,312,-0.007132615894079208
107,111,319,311,-0.0034519918262958527
107,112,319,310,0.00030321208760142326
107,113,319,415,-0.00798009056597948
107,114,319,308,-0.009665219113230705
107,115,319,324,-0.005987567361444235
107,116,319,318,-0.0012144407955929637
107,117,319,402,-0.007850274443626404
107,118,319,317,-0.01019400916993618
108,109,403,316,-0.008629095740616322
108,110,403,312,-0.0033596460707485676
108,111,403,311,0.0015612259740009904
108,112,403,310,-0.009212939068675041
108,113,403,415,-0.01276735682040453
108,114,403,308,-0.012706453911960125
108,115,403,324,-0.011140359565615654
108,116,403,318,-0.007514418568462133
108,117,403,402,-0.0005083952564746141
108,118,403,317,-0.007918109185993671
109,110,316,312,0.0014266776852309704
109,111,316,311,-0.010911565274000168
109,112,316,310,-0.014023523777723312
109,113,316,415,-0.014043685048818588
109,114,316,308,-0.012127034366130829
109,115,316,324,-0.01239585131406784
109,116,316,318,-0.011217626743018627
109,117,316,402,-0.008358489722013474
109,118,316,317,0.0007080311770550907
110,111,312,311,-0.007789625786244869
110,112,312,310,-0.009184204041957855
110,113,312,415,-0.009737315587699413
110,114,312,308,-0.007595321163535118
110,115,312,324,-0.00865629781037569
110,116,312,318,-0.007073977496474981
110,117,312,402,-0.0035104076378047466
110,118,312,317,-0.00099142175167799
111,112,311,310,-0.006514685228466988
111,113,311,415,-0.008197973482310772
111,114,311,308,-0.008632572367787361
111,115,311,324,-0.006337903905659914
111,116,311,318,-0.0033653187565505505
111,117,311,402,-0.0007396343280561268
111,118,311,317,-0.010794688947498798
112,113,310,415,-0.006216001231223345
112,114,310,308,-0.006930003874003887
112,115,310,324,-0.003158487379550934
112,116,310,318,-0.000598460843320936
112,117,310,402,-0.009974906221032143
112,118,310,317,-0.013754631392657757
113,114,415,308,-0.00310900597833097
113,115,415,324,-0.00024096989363897592
113,116,415,318,-0.009199544787406921
113,117,415,402,-0.012972716242074966
113,118,415,317,-0.014097444713115692
114,115,308,324,-0.006259150803089142
114,116,308,318,-0.010433105751872063
114,117,308,402,-0.012303466908633709
114,118,308,317,-0.011951673775911331
115,116,324,318,-0.007216661237180233
115,117,324,402,-0.010742035694420338
115,118,324,317,-0.011595800518989563
116,117,318,402,-0.00804337952286005
116,118,318,317,-0.010598897933959961
117,118,402,317,-0.00817715935409069
