i,j,point_id_i,point_id_j,value
0,1,164,167,-0.004087716341018677
0,2,164,165,-0.008152872323989868
0,3,164,92,-0.012048929929733276
0,4,164,186,-0.014893099665641785
0,5,164,57,-0.016194656491279602
0,6,164,43,-0.016512557864189148
0,7,164,106,-0.016297921538352966
0,8,164,182,-0.014756083488464355
0,9,164,83,-0.010490361601114273
0,10,164,18,0.0030967863276600838
0,11,164,200,0.0027409137692302465
0,12,164,201,-0.008774183690547943
0,13,164,194,-0.011944115161895752
0,14,164,204,-0.012271389365196228
0,15,164,202,-0.011426284909248352
0,16,164,212,-0.011206328868865967
0,17,164,216,-0.01072433590888977
0,18,164,206,-0.008163616061210632
0,19,164,203,-0.0055198222398757935
0,20,164,207,-0.009289801120758057
0,21,164,205,-0.008328288793563843
0,22,164,98,-0.003962099552154541
0,23,164,97,-0.0020511560142040253
0,24,164,393,-0.005970966070890427
0,25,164,391,-0.011103257536888123
0,26,164,322,-0.014614492654800415
0,27,164,410,-0.016720280051231384
0,28,164,287,-0.017350032925605774
0,29,164,273,-0.015642330050468445
0,30,164,335,-0.014312788844108582
0,31,164,406,-0.010764092206954956
0,32,164,313,-0.0043654367327690125
0,33,164,421,-0.0033934935927391052
0,34,164,418,-0.009088337421417236
0,35,164,424,-0.010993793606758118
0,36,164,422,-0.011405602097511292
0,37,164,432,-0.012890547513961792
0,38,164,436,-0.014104723930358887
0,39,164,426,-0.01264624297618866
0,40,164,423,-0.010520532727241516
0,41,164,427,-0.013923078775405884
0,42,164,425,-0.013941675424575806
0,43,164,327,-0.008467704057693481
0,44,164,326,-0.006700992584228516
0,45,164,0,0.004675525706261396
0,46,164,37,-0.012783385813236237
0,47,164,39,-0.018174171447753906
0,48,164,40,-0.022388115525245667
0,49,164,185,-0.025899484753608704
0,50,164,61,-0.028161242604255676
0,51,164,146,-0.028664737939834595
0,52,164,91,-0.02672416716814041
0,53,164,181,-0.022699818015098572
0,54,164,84,-0.017042718827724457
0,55,164,17,0.006816363427788019
0,56,164,11,0.00522382277995348
0,57,164,72,-0.013405129313468933
0,58,164,73,-0.018825151026248932
0,59,164,74,-0.022551923990249634
0,60,164,184,-0.025910481810569763
0,61,164,77,-0.02789480984210968
0,62,164,90,-0.02577049285173416
0,63,164,180,-0.022469714283943176
0,64,164,85,-0.017196927219629288
0,65,164,16,0.008091777563095093
0,66,164,12,0.00549581041559577
0,67,164,38,-0.013809245079755783
0,68,164,41,-0.01898275315761566
0,69,164,42,-0.022248677909374237
0,70,164,96,-0.026158839464187622
0,71,164,89,-0.02398543804883957
0,72,164,179,-0.02142244577407837
0,73,164,86,-0.016843609511852264
0,74,164,15,0.006461438722908497
0,75,164,13,0.005616507027298212
0,76,164,82,-0.013495981693267822
0,77,164,81,-0.018278539180755615
0,78,164,80,-0.020865008234977722
0,79,164,191,-0.02487950026988983
0,80,164,78,-0.025395914912223816
0,81,164,95,-0.023390501737594604
0,82,164,88,-0.022878073155879974
0,83,164,178,-0.020570702850818634
0,84,164,87,-0.01601165533065796
0,85,164,14,0.005989978089928627
0,86,164,267,-0.003932394087314606
0,87,164,269,-0.01085817813873291
0,88,164,270,-0.017042502760887146
0,89,164,409,-0.02239912748336792
0,90,164,291,-0.025777369737625122
0,91,164,375,-0.022718802094459534
0,92,164,321,-0.01707427203655243
0,93,164,405,-0.009599708020687103
0,94,164,314,-0.0013458244502544403
0,95,164,302,-0.003946863114833832
0,96,164,303,-0.011284172534942627
0,97,164,304,-0.01700688898563385
0,98,164,408,-0.02226690948009491
0,99,164,307,-0.021956980228424072
0,100,164,320,-0.016312986612319946
0,101,164,404,-0.009302705526351929
0,102,164,315,-0.0011258609592914581
0,103,164,268,-0.004111640155315399
0,104,164,271,-0.01141059398651123
0,105,164,272,-0.016700491309165955
0,106,164,325,-0.020454496145248413
0,107,164,319,-0.014926813542842865
0,108,164,403,-0.008823573589324951
0,109,164,316,-0.0013554021716117859
0,110,164,312,-0.003820139914751053
0,111,164,311,-0.01053636521100998
0,112,164,310,-0.015548042953014374
0,113,164,415,-0.021550476551055908
0,114,164,308,-0.023012712597846985
0,115,164,324,-0.018511295318603516
0,116,164,318,-0.014707230031490326
0,117,164,402,-0.009251892566680908
0,118,164,317,-0.0021700523793697357
1,2,167,165,-0.004065178334712982
1,3,167,92,-0.007961221039295197
1,4,167,186,-0.01080535352230072
1,5,167,57,-0.012106925249099731
1,6,167,43,-0.012424841523170471
1,7,167,106,-0.012210197746753693
1,8,167,182,-0.010668359696865082
1,9,167,83,-0.004202994517982006
1,10,167,18,-8.605048060417175e-05
1,11,167,200,-0.0005295500159263611
1,12,167,201,-0.004686469212174416
1,13,167,194,-0.007856391370296478
1,14,167,204,-0.008183673024177551
1,15,167,202,-0.007338583469390869
1,16,167,212,-0.007118657231330872
1,17,167,216,-0.0066366493701934814
1,18,167,206,-0.004075899720191956
1,19,167,203,-0.001432083547115326
1,20,167,207,-0.005202054977416992
1,21,167,205,-0.0042406171560287476
1,22,167,98,0.00012562423944473267
1,23,167,97,-0.002036559861153364
1,24,167,393,-0.010058686137199402
1,25,167,391,-0.015191003680229187
1,26,167,322,-0.018702223896980286
1,27,167,410,-0.02080795168876648
1,28,167,287,-0.021437734365463257
1,29,167,273,-0.01973004639148712
1,30,167,335,-0.01840050518512726
1,31,167,406,-0.014851793646812439
1,32,167,313,-0.008453167974948883
1,33,167,421,-0.007481202483177185
1,34,167,418,-0.0131760835647583
1,35,167,424,-0.0150814950466156
1,36,167,422,-0.015493273735046387
1,37,167,432,-0.01697826385498047
1,38,167,436,-0.018192440271377563
1,39,167,426,-0.016733944416046143
1,40,167,423,-0.014608249068260193
1,41,167,427,-0.018010824918746948
1,42,167,425,-0.01802942156791687
1,43,167,327,-0.012555420398712158
1,44,167,326,-0.010788701474666595
1,45,167,0,0.000587809830904007
1,46,167,37,0.008695664815604687
1,47,167,39,-0.014086462557315826
1,48,167,40,-0.018300406634807587
1,49,167,185,-0.021811768412590027
1,50,167,61,-0.02407354861497879
1,51,167,146,-0.024577036499977112
1,52,167,91,-0.022636450827121735
1,53,167,181,-0.018612094223499298
1,54,167,84,0.01295500062406063
1,55,167,17,0.004560280591249466
1,56,167,11,0.0011361055076122284
1,57,167,72,0.009317412972450256
1,58,167,73,-0.014737438410520554
1,59,167,74,-0.018464207649230957
1,60,167,184,-0.021822750568389893
1,61,167,77,-0.023807108402252197
1,62,167,90,-0.02168279141187668
1,63,167,180,-0.018382005393505096
1,64,167,85,0.013109217397868633
1,65,167,16,0.004868306219577789
1,66,167,12,0.0014081001281738281
1,67,167,38,0.009721524082124233
1,68,167,41,-0.014895040541887283
1,69,167,42,-0.01816096156835556
1,70,167,96,-0.02207111567258835
1,71,167,89,-0.019897721707820892
1,72,167,179,-0.017334723845124245
1,73,167,86,0.012755891308188438
1,74,167,15,0.00461219996213913
1,75,167,13,0.0015287846326828003
1,76,167,82,0.00940826628357172
1,77,167,81,-0.014190820045769215
1,78,167,80,-0.016777291893959045
1,79,167,191,-0.02079179883003235
1,80,167,78,-0.02130819857120514
1,81,167,95,-0.01930280029773712
1,82,167,88,-0.018790364265441895
1,83,167,178,-0.016482993960380554
1,84,167,87,0.011923941783607006
1,85,167,14,0.003877609968185425
1,86,167,267,-0.008020102977752686
1,87,167,269,-0.014945879578590393
1,88,167,270,-0.021130189299583435
1,89,167,409,-0.026486843824386597
1,90,167,291,-0.029865071177482605
1,91,167,375,-0.026806488633155823
1,92,167,321,-0.021161988377571106
1,93,167,405,-0.013687416911125183
1,94,167,314,-0.0054335445165634155
1,95,167,302,-0.008034586906433105
1,96,167,303,-0.015371888875961304
1,97,167,304,-0.021094590425491333
1,98,167,408,-0.026354610919952393
1,99,167,307,-0.02604469656944275
1,100,167,320,-0.020400702953338623
1,101,167,404,-0.013390421867370605
1,102,167,315,-0.005213573575019836
1,103,167,268,-0.008199363946914673
1,104,167,271,-0.015498295426368713
1,105,167,272,-0.02078820765018463
1,106,167,325,-0.024542197585105896
1,107,167,319,-0.01901450753211975
1,108,167,403,-0.012911289930343628
1,109,167,316,-0.005443118512630463
1,110,167,312,-0.007907859981060028
1,111,167,311,-0.014624103903770447
1,112,167,310,-0.019635766744613647
1,113,167,415,-0.02563820779323578
1,114,167,308,-0.027100443840026855
1,115,167,324,-0.022599011659622192
1,116,167,318,-0.018794938921928406
1,117,167,402,-0.013339608907699585
1,118,167,317,-0.006257757544517517
2,3,165,92,-0.0038960352540016174
2,4,165,186,-0.006740190088748932
2,5,165,57,-0.008041754364967346
2,6,165,43,-0.008359655737876892
2,7,165,106,-0.008145038038492203
2,8,165,182,0.0066031813621521
2,9,165,83,0.0023374706506729126
2,10,165,18,-0.0041512250900268555
2,11,165,200,-0.004594728350639343
2,12,165,201,0.0006212927401065826
2,13,165,194,-0.003791220486164093
2,14,165,204,-0.0041184984147548676
2,15,165,202,-0.0032733678817749023
2,16,165,212,-0.0030534714460372925
2,17,165,216,-0.002571485936641693
2,18,165,206,-1.0728836059570312e-05
2,19,165,203,0.0026330947875976562
2,20,165,207,-0.001136884093284607
2,21,165,205,-0.00017540156841278076
2,22,165,98,-0.004190798848867416
2,23,165,97,-0.006101727485656738
2,24,165,393,-0.014123857021331787
2,25,165,391,-0.019256144762039185
2,26,165,322,-0.02276742458343506
2,27,165,410,-0.024873167276382446
2,28,165,287,-0.025502920150756836
2,29,165,273,-0.023795247077941895
2,30,165,335,-0.022465646266937256
2,31,165,406,-0.018916979432106018
2,32,165,313,-0.012518346309661865
2,33,165,421,-0.011546388268470764
2,34,165,418,-0.017241239547729492
2,35,165,424,-0.01914668083190918
2,36,165,422,-0.019558489322662354
2,37,165,432,-0.021043449640274048
2,38,165,436,-0.022257596254348755
2,39,165,426,-0.02079916000366211
2,40,165,423,-0.018673419952392578
2,41,165,427,-0.022075951099395752
2,42,165,425,-0.02209457755088806
2,43,165,327,-0.01662062108516693
2,44,165,326,-0.014853879809379578
2,45,165,0,-0.0034773647785186768
2,46,165,37,0.004630476236343384
2,47,165,39,0.010021287947893143
2,48,165,40,-0.008038688451051712
2,49,165,185,-0.0177465807646513
2,50,165,61,-0.02000836282968521
2,51,165,146,-0.020511852577328682
2,52,165,91,0.006102986168116331
2,53,165,181,0.014546912163496017
2,54,165,84,0.008889824151992798
2,55,165,17,0.0004951059818267822
2,56,165,11,-0.0029290765523910522
2,57,165,72,0.005252242088317871
2,58,165,73,0.010672267526388168
2,59,165,74,0.01420403178781271
2,60,165,184,-0.017757564783096313
2,61,165,77,-0.019741922616958618
2,62,165,90,0.017617611214518547
2,63,165,180,0.014316827058792114
2,64,165,85,0.009044036269187927
2,65,165,16,0.0008031278848648071
2,66,165,12,-0.002657085657119751
2,67,165,38,0.005656354129314423
2,68,165,41,0.0108298659324646
2,69,165,42,0.014095788821578026
2,70,165,96,-0.015526795759797096
2,71,165,89,0.015832550823688507
2,72,165,179,0.013269547373056412
2,73,165,86,0.008690714836120605
2,74,165,15,0.0005470067262649536
2,75,165,13,-0.002536371350288391
2,76,165,82,0.00534309446811676
2,77,165,81,0.010125640779733658
2,78,165,80,0.012712119147181511
2,79,165,191,-0.00035928841680288315
2,80,165,78,-0.01724301651120186
2,81,165,95,-0.000658188946545124
2,82,165,88,0.014725185930728912
2,83,165,178,0.01241781935095787
2,84,165,87,0.007858768105506897
2,85,165,14,-0.00018756091594696045
2,86,165,267,-0.012085288763046265
2,87,165,269,-0.019011080265045166
2,88,165,270,-0.025195389986038208
2,89,165,409,-0.030551999807357788
2,90,165,291,-0.03393024206161499
2,91,165,375,-0.03087174892425537
2,92,165,321,-0.02522715926170349
2,93,165,405,-0.017752572894096375
2,94,165,314,-0.009498730301856995
2,95,165,302,-0.012099772691726685
2,96,165,303,-0.019437089562416077
2,97,165,304,-0.025159776210784912
2,98,165,408,-0.03041982650756836
2,99,165,307,-0.03010985255241394
2,100,165,320,-0.024465858936309814
2,101,165,404,-0.017455607652664185
2,102,165,315,-0.009278759360313416
2,103,165,268,-0.012264549732208252
2,104,165,271,-0.01956351101398468
2,105,165,272,-0.024853378534317017
2,106,165,325,-0.02860736846923828
2,107,165,319,-0.02307969331741333
2,108,165,403,-0.01697644591331482
2,109,165,316,-0.009508311748504639
2,110,165,312,-0.011973023414611816
2,111,165,311,-0.018689259886741638
2,112,165,310,-0.02370092272758484
2,113,165,415,-0.029703408479690552
2,114,165,308,-0.031165599822998047
2,115,165,324,-0.02666419744491577
2,116,165,318,-0.022860094904899597
2,117,165,402,-0.017404794692993164
2,118,165,317,-0.010322928428649902
3,4,92,186,-0.0028441548347473145
3,5,92,57,-0.004145719110965729
3,6,92,43,-0.004463624209165573
3,7,92,106,0.004249000921845436
3,8,92,182,0.002707153558731079
3,9,92,83,-0.001558557152748108
3,10,92,18,-0.008047282695770264
3,11,92,200,-0.008490756154060364
3,12,92,201,-0.00327475368976593
3,13,92,194,-0.00010481476783752441
3,14,92,204,-0.00022245943546295166
3,15,92,202,0.0006226673722267151
3,16,92,212,0.000842556357383728
3,17,92,216,0.0013245493173599243
3,18,92,206,0.0038853101432323456
3,19,92,203,0.003881196491420269
3,20,92,207,0.0027591437101364136
3,21,92,205,0.003720611333847046
3,22,92,98,-0.008086834102869034
3,23,92,97,-0.00999777764081955
3,24,92,393,-0.018019884824752808
3,25,92,391,-0.023152202367782593
3,26,92,322,-0.02666342258453369
3,27,92,410,-0.028769224882125854
3,28,92,287,-0.029398947954177856
3,29,92,273,-0.027691274881362915
3,30,92,335,-0.026361733675003052
3,31,92,406,-0.022813022136688232
3,32,92,313,-0.016414359211921692
3,33,92,421,-0.015442430973052979
3,34,92,418,-0.0211372971534729
3,35,92,424,-0.0230427086353302
3,36,92,422,-0.02345457673072815
3,37,92,432,-0.02493947744369507
3,38,92,436,-0.026153653860092163
3,39,92,426,-0.024695158004760742
3,40,92,423,-0.0225694477558136
3,41,92,427,-0.025972038507461548
3,42,92,425,-0.025990605354309082
3,43,92,327,-0.020516633987426758
3,44,92,326,-0.018749907612800598
3,45,92,0,-0.007373392581939697
3,46,92,37,0.0007344484329223633
3,47,92,39,0.00612524151802063
3,48,92,40,0.010339193046092987
3,49,92,185,0.013850545510649681
3,50,92,61,-0.003202469553798437
3,51,92,146,0.016615817323327065
3,52,92,91,0.014675233513116837
3,53,92,181,0.010650880634784698
3,54,92,84,0.0049937814474105835
3,55,92,17,-0.003400936722755432
3,56,92,11,-0.006825089454650879
3,57,92,72,0.0013561844825744629
3,58,92,73,0.0067762285470962524
3,59,92,74,0.010502990335226059
3,60,92,184,0.01386153232306242
3,61,92,77,0.01584588922560215
3,62,92,90,0.013721570372581482
3,63,92,180,0.010420791804790497
3,64,92,85,0.005147993564605713
3,65,92,16,-0.0030928999185562134
3,66,92,12,-0.0065531134605407715
3,67,92,38,0.0017603039741516113
3,68,92,41,0.006933823227882385
3,69,92,42,0.01019975170493126
3,70,92,96,0.014109911397099495
3,71,92,89,0.011936511844396591
3,72,92,179,0.009373508393764496
3,73,92,86,0.004794687032699585
3,74,92,15,-0.0033490359783172607
3,75,92,13,-0.006432428956031799
3,76,92,82,0.001447051763534546
3,77,92,81,0.006229601800441742
3,78,92,80,0.008816085755825043
3,79,92,191,0.012830585241317749
3,80,92,78,0.013346980325877666
3,81,92,95,0.011341575533151627
3,82,92,88,0.010829150676727295
3,83,92,178,0.008521787822246552
3,84,92,87,0.0039627403020858765
3,85,92,14,-0.004083618521690369
3,86,92,267,-0.015981316566467285
3,87,92,269,-0.022907137870788574
3,88,92,270,-0.02909141778945923
3,89,92,409,-0.03444802761077881
3,90,92,291,-0.03782624006271362
3,91,92,375,-0.034767746925354004
3,92,92,321,-0.0291232168674469
3,93,92,405,-0.021648645401000977
3,94,92,314,-0.013394758105278015
3,95,92,302,-0.01599578559398651
3,96,92,303,-0.023333072662353516
3,97,92,304,-0.029055804014205933
3,98,92,408,-0.03431585431098938
3,99,92,307,-0.03400588035583496
3,100,92,320,-0.028361916542053223
3,101,92,404,-0.021351635456085205
3,102,92,315,-0.013174787163734436
3,103,92,268,-0.016160592436790466
3,104,92,271,-0.02345949411392212
3,105,92,272,-0.028749436140060425
3,106,92,325,-0.0325033962726593
3,107,92,319,-0.02697572112083435
3,108,92,403,-0.020872533321380615
3,109,92,316,-0.01340433955192566
3,110,92,312,-0.01586906611919403
3,111,92,311,-0.022585302591323853
3,112,92,310,-0.027596980333328247
3,113,92,415,-0.033599406480789185
3,114,92,308,-0.03506162762641907
3,115,92,324,-0.030560225248336792
3,116,92,318,-0.0267561674118042
3,117,92,402,-0.021300822496414185
3,118,92,317,-0.014218971133232117
4,5,186,57,-0.0013015642762184143
4,6,186,43,0.001619468443095684
4,7,186,106,0.0014048442244529724
4,8,186,182,-0.00013700872659683228
4,9,186,83,-0.0044026970863342285
4,10,186,18,-0.010891377925872803
4,11,186,200,-0.011334925889968872
4,12,186,201,-0.006118908524513245
4,13,186,194,-0.002948969602584839
4,14,186,204,-0.002621695399284363
4,15,186,202,0.0034668222069740295
4,16,186,212,0.0036867111921310425
4,17,186,216,0.004168711602687836
4,18,186,206,0.006729465909302235
4,19,186,203,-0.009373283013701439
4,20,186,207,0.005603298544883728
4,21,186,205,0.006564773619174957
4,22,186,98,-0.010930992662906647
4,23,186,97,-0.012841939926147461
4,24,186,393,-0.020864039659500122
4,25,186,391,-0.025996357202529907
4,26,186,322,-0.029507577419281006
4,27,186,410,-0.031613290309906006
4,28,186,287,-0.03224313259124756
4,29,186,273,-0.03053542971611023
4,30,186,335,-0.02920585870742798
4,31,186,406,-0.025657206773757935
4,32,186,313,-0.019258558750152588
4,33,186,421,-0.018286556005477905
4,34,186,418,-0.023981422185897827
4,35,186,424,-0.02588692307472229
4,36,186,422,-0.026298731565475464
4,37,186,432,-0.027783691883087158
4,38,186,436,-0.02899777889251709
4,39,186,426,-0.02753925323486328
4,40,186,423,-0.0254136323928833
4,41,186,427,-0.0288161039352417
4,42,186,425,-0.02883473038673401
4,43,186,327,-0.02336081862449646
4,44,186,326,-0.021594107151031494
4,45,186,0,-0.0102175772190094
4,46,186,37,-0.002109706401824951
4,47,186,39,0.0032811015844345093
4,48,186,40,0.007495038211345673
4,49,186,185,0.011006392538547516
4,50,186,61,0.01326817274093628
4,51,186,146,0.0137716643512249
4,52,186,91,0.011831074953079224
4,53,186,181,0.007806718349456787
4,54,186,84,0.002149626612663269
4,55,186,17,-0.006245061755180359
4,56,186,11,-0.009669274091720581
4,57,186,72,-0.0014879405498504639
4,58,186,73,0.003932073712348938
4,59,186,74,0.007658839225769043
4,60,186,184,0.011017370969057083
4,61,186,77,0.013001736253499985
4,62,186,90,0.010877415537834167
4,63,186,180,0.007576636970043182
4,64,186,85,0.0023038387298583984
4,65,186,16,-0.005937054753303528
4,66,186,12,-0.009397268295288086
4,67,186,38,-0.0010838508605957031
4,68,186,41,0.004089668393135071
4,69,186,42,0.007355593144893646
4,70,186,96,0.011265747249126434
4,71,186,89,0.009092360734939575
4,72,186,179,0.006529353559017181
4,73,186,86,0.0019505321979522705
4,74,186,15,-0.0061931610107421875
4,75,186,13,-0.00927656888961792
4,76,186,82,-0.0013971030712127686
4,77,186,81,0.0033854544162750244
4,78,186,80,0.005971923470497131
4,79,186,191,0.00998641550540924
4,80,186,78,0.010502822697162628
4,81,186,95,0.008497416973114014
4,82,186,88,0.007984988391399384
4,83,186,178,0.00567762553691864
4,84,186,87,0.0011185556650161743
4,85,186,14,-0.006927788257598877
4,86,186,267,-0.0188254714012146
4,87,186,269,-0.0257512629032135
4,88,186,270,-0.03193557262420654
4,89,186,409,-0.037292152643203735
4,90,186,291,-0.0406704843044281
4,91,186,375,-0.03761190176010132
4,92,186,321,-0.031967371702194214
4,93,186,405,-0.024492770433425903
4,94,186,314,-0.016238927841186523
4,95,186,302,-0.01883995532989502
4,96,186,303,-0.026177287101745605
4,97,186,304,-0.031899988651275635
4,98,186,408,-0.03715994954109192
4,99,186,307,-0.036850035190582275
4,100,186,320,-0.031206101179122925
4,101,186,404,-0.02419579029083252
4,102,186,315,-0.01601889729499817
4,103,186,268,-0.0190047025680542
4,104,186,271,-0.026303648948669434
4,105,186,272,-0.03159356117248535
4,106,186,325,-0.03534761071205139
4,107,186,319,-0.029819875955581665
4,108,186,403,-0.023716628551483154
4,109,186,316,-0.016248464584350586
4,110,186,312,-0.018713250756263733
4,111,186,311,-0.025429487228393555
4,112,186,310,-0.03044113516807556
4,113,186,415,-0.0364435613155365
4,114,186,308,-0.03790578246116638
4,115,186,324,-0.033404409885406494
4,116,186,318,-0.029600292444229126
4,117,186,402,-0.0241449773311615
4,118,186,317,-0.01706312596797943
5,6,57,43,0.0003179069608449936
5,7,57,106,0.0001032799482345581
5,8,57,182,-0.0014385804533958435
5,9,57,83,-0.0057042986154556274
5,10,57,18,-0.012192994356155396
5,11,57,200,-0.012636497616767883
5,12,57,201,-0.007420465350151062
5,13,57,194,-0.004250533878803253
5,14,57,204,-0.003923259675502777
5,15,57,202,0.004768385551869869
5,16,57,212,0.004988282918930054
5,17,57,216,0.0054702721536159515
5,18,57,206,-0.008031030185520649
5,19,57,203,-0.010674849152565002
5,20,57,207,0.006904862821102142
5,21,57,205,0.007866345345973969
5,22,57,98,-0.012232556939125061
5,23,57,97,-0.014143496751785278
5,24,57,393,-0.02216559648513794
5,25,57,391,-0.027297884225845337
5,26,57,322,-0.030809134244918823
5,27,57,410,-0.03291487693786621
5,28,57,287,-0.03354465961456299
5,29,57,273,-0.03183698654174805
5,30,57,335,-0.030507415533065796
5,31,57,406,-0.026958763599395752
5,32,57,313,-0.020560085773468018
5,33,57,421,-0.01958814263343811
5,34,57,418,-0.025283008813858032
5,35,57,424,-0.027188420295715332
5,36,57,422,-0.027600228786468506
5,37,57,432,-0.029085248708724976
5,38,57,436,-0.030299454927444458
5,39,57,426,-0.02884089946746826
5,40,57,423,-0.02671515941619873
5,41,57,427,-0.030117690563201904
5,42,57,425,-0.030136317014694214
5,43,57,327,-0.024662375450134277
5,44,57,326,-0.022895634174346924
5,45,57,0,-0.011519134044647217
5,46,57,37,-0.0034112781286239624
5,47,57,39,0.001979544758796692
5,48,57,40,0.006193473935127258
5,49,57,185,0.009704824537038803
5,50,57,61,0.011966612190008163
5,51,57,146,0.012470100075006485
5,52,57,91,0.01052951067686081
5,53,57,181,0.00650516152381897
5,54,57,84,0.0008480697870254517
5,55,57,17,-0.007546663284301758
5,56,57,11,-0.010970830917358398
5,57,57,72,-0.002789527177810669
5,58,57,73,0.0026305317878723145
5,59,57,74,0.0063572898507118225
5,60,57,184,0.009715810418128967
5,61,57,77,0.011700168251991272
5,62,57,90,0.009575851261615753
5,63,57,180,0.006275072693824768
5,64,57,85,0.001002281904220581
5,65,57,16,-0.007238626480102539
5,66,57,12,-0.010698840022087097
5,67,57,38,-0.0023853927850723267
5,68,57,41,0.0027881115674972534
5,69,57,42,0.006054043769836426
5,70,57,96,0.009964190423488617
5,71,57,89,0.007790789008140564
5,72,57,179,0.005227789282798767
5,73,57,86,0.0006489455699920654
5,74,57,15,-0.007494732737541199
5,75,57,13,-0.010578125715255737
5,76,57,82,-0.00269867479801178
5,77,57,81,0.002083882689476013
5,78,57,80,0.004670344293117523
5,79,57,191,0.008684873580932617
5,80,57,78,0.00920126959681511
5,81,57,95,0.007195860147476196
5,82,57,88,0.006683439016342163
5,83,57,178,0.004376053810119629
5,84,57,87,-0.00018300116062164307
5,85,57,14,-0.0082293301820755
5,86,57,267,-0.020127028226852417
5,87,57,269,-0.027052849531173706
5,88,57,270,-0.03323712944984436
5,89,57,409,-0.03859373927116394
5,90,57,291,-0.04197198152542114
5,91,57,375,-0.038913458585739136
5,92,57,321,-0.033268898725509644
5,93,57,405,-0.025794386863708496
5,94,57,314,-0.017540454864501953
5,95,57,302,-0.020141541957855225
5,96,57,303,-0.027478814125061035
5,97,57,304,-0.033201515674591064
5,98,57,408,-0.038461506366729736
5,99,57,307,-0.03815165162086487
5,100,57,320,-0.03250765800476074
5,101,57,404,-0.02549731731414795
5,102,57,315,-0.017320483922958374
5,103,57,268,-0.020306259393692017
5,104,57,271,-0.02760523557662964
5,105,57,272,-0.03289514780044556
5,106,57,325,-0.03664916753768921
5,107,57,319,-0.031121432781219482
5,108,57,403,-0.02501821517944336
5,109,57,316,-0.01755005121231079
5,110,57,312,-0.020014822483062744
5,111,57,311,-0.026731014251708984
5,112,57,310,-0.03174272179603577
5,113,57,415,-0.037745147943496704
5,114,57,308,-0.03920730948448181
5,115,57,324,-0.034705936908721924
5,116,57,318,-0.030901849269866943
5,117,57,402,-0.025446563959121704
5,118,57,317,-0.018364697694778442
6,7,43,106,-0.00021462514996528625
6,8,43,182,-0.0017564818263053894
6,9,43,83,-0.0060221850872039795
6,10,43,18,-0.012510895729064941
6,11,43,200,-0.01295439898967743
6,12,43,201,-0.007738374173641205
6,13,43,194,-0.004568435251712799
6,14,43,204,0.003172297729179263
6,15,43,202,0.005086291581392288
6,16,43,212,0.0053061842918396
6,17,43,216,0.005788177251815796
6,18,43,206,0.008348936215043068
6,19,43,203,-0.010992753319442272
6,20,43,207,0.007222771644592285
6,21,43,205,0.008184254169464111
6,22,43,98,-0.012550465762615204
6,23,43,97,-0.014461398124694824
6,24,43,393,-0.02248351275920868
6,25,43,391,-0.02761581540107727
6,26,43,322,-0.031127065420150757
6,27,43,410,-0.033232808113098145
6,28,43,287,-0.033862560987472534
6,29,43,273,-0.03215488791465759
6,30,43,335,-0.030825316905975342
6,31,43,406,-0.027276664972305298
6,32,43,313,-0.020877987146377563
6,33,43,421,-0.019906044006347656
6,34,43,418,-0.025600939989089966
6,35,43,424,-0.027506351470947266
6,36,43,422,-0.027918189764022827
6,37,43,432,-0.029403120279312134
6,38,43,436,-0.03061729669570923
6,39,43,426,-0.029158800840377808
6,40,43,423,-0.027033120393753052
6,41,43,427,-0.030435621738433838
6,42,43,425,-0.030454277992248535
6,43,43,327,-0.024980276823043823
6,44,43,326,-0.023213565349578857
6,45,43,0,-0.011837005615234375
6,46,43,37,-0.0037291646003723145
6,47,43,39,0.0016616210341453552
6,48,43,40,0.005875568836927414
6,49,43,185,0.009386925026774406
6,50,43,61,0.01164870336651802
6,51,43,146,0.012152187526226044
6,52,43,91,0.010211613029241562
6,53,43,181,0.006187252700328827
6,54,43,84,0.0005301684141159058
6,55,43,17,-0.007864579558372498
6,56,43,11,-0.011288747191429138
6,57,43,72,-0.003107428550720215
6,58,43,73,0.002312600612640381
6,59,43,74,0.006039366126060486
6,60,43,184,0.009397909045219421
6,61,43,77,0.011382266879081726
6,62,43,90,0.009257949888706207
6,63,43,180,0.005957171320915222
6,64,43,85,0.0006843656301498413
6,65,43,16,-0.007556542754173279
6,66,43,12,-0.011016756296157837
6,67,43,38,-0.0027033239603042603
6,68,43,41,0.0024701952934265137
6,69,43,42,0.005736127495765686
6,70,43,96,0.009646281599998474
6,71,43,89,0.007472895085811615
6,72,43,179,0.004909895360469818
6,73,43,86,0.0003310590982437134
6,74,43,15,-0.007812634110450745
6,75,43,13,-0.010896041989326477
6,76,43,82,-0.0030165761709213257
6,77,43,81,0.0017659738659858704
6,78,43,80,0.004352457821369171
6,79,43,191,0.008366964757442474
6,80,43,78,0.008883357048034668
6,81,43,95,0.006877955049276352
6,82,43,88,0.006365522742271423
6,83,43,178,0.004058152437210083
6,84,43,87,-0.0005009174346923828
6,85,43,14,-0.008547231554985046
6,86,43,267,-0.020444929599761963
6,87,43,269,-0.027370750904083252
6,88,43,270,-0.03355500102043152
6,89,43,409,-0.038911640644073486
6,90,43,291,-0.042289912700653076
6,91,43,375,-0.03923135995864868
6,92,43,321,-0.03358680009841919
6,93,43,405,-0.026112228631973267
6,94,43,314,-0.017858386039733887
6,95,43,302,-0.020459413528442383
6,96,43,303,-0.02779674530029297
6,97,43,304,-0.03351941704750061
6,98,43,408,-0.03877943754196167
6,99,43,307,-0.038469552993774414
6,100,43,320,-0.03282549977302551
6,101,43,404,-0.025815248489379883
6,102,43,315,-0.017638400197029114
6,103,43,268,-0.020624205470085144
6,104,43,271,-0.027923136949539185
6,105,43,272,-0.033213019371032715
6,106,43,325,-0.03696703910827637
6,107,43,319,-0.03143930435180664
6,108,43,403,-0.025336116552352905
6,109,43,316,-0.01786796748638153
6,110,43,312,-0.020332708954811096
6,111,43,311,-0.027048945426940918
6,112,43,310,-0.03206062316894531
6,113,43,415,-0.03806304931640625
6,114,43,308,-0.039525240659713745
6,115,43,324,-0.03502383828163147
6,116,43,318,-0.031219780445098877
6,117,43,402,-0.025764435529708862
6,118,43,317,-0.01868259906768799
7,8,106,182,-0.0015418566763401031
7,9,106,83,-0.005807563662528992
7,10,106,18,-0.01229625940322876
7,11,106,200,-0.012739777565002441
7,12,106,201,-0.007523752748966217
7,13,106,194,-0.00435381755232811
7,14,106,204,0.004026539623737335
7,15,106,202,0.004871666431427002
7,16,106,212,0.005091562867164612
7,17,106,216,0.005573555827140808
7,18,106,206,0.008134312927722931
7,19,106,203,0.01077813096344471
7,20,106,207,0.007008150219917297
7,21,106,205,0.007969632744789124
7,22,106,98,-0.01233583688735962
7,23,106,97,-0.014246761798858643
7,24,106,393,-0.02226889133453369
7,25,106,391,-0.027401208877563477
7,26,106,322,-0.030912399291992188
7,27,106,410,-0.03301820158958435
7,28,106,287,-0.03364795446395874
7,29,106,273,-0.0319402813911438
7,30,106,335,-0.030610710382461548
7,31,106,406,-0.02706199884414673
7,32,106,313,-0.020663350820541382
7,33,106,421,-0.019691452383995056
7,34,106,418,-0.02538624405860901
7,35,106,424,-0.027291715145111084
7,36,106,422,-0.027703523635864258
7,37,106,432,-0.02918851375579834
7,38,106,436,-0.030402660369873047
7,39,106,426,-0.02894413471221924
7,40,106,423,-0.02681848406791687
7,41,106,427,-0.030220985412597656
7,42,106,425,-0.030239582061767578
7,43,106,327,-0.024765610694885254
7,44,106,326,-0.022998914122581482
7,45,106,0,-0.011622413992881775
7,46,106,37,-0.0035145506262779236
7,47,106,39,0.0018762536346912384
7,48,106,40,0.006090192124247551
7,49,106,185,-0.00517706573009491
7,50,106,61,-0.011863325722515583
7,51,106,146,0.005943804048001766
7,52,106,91,0.01042623445391655
7,53,106,181,0.006401881575584412
7,54,106,84,0.0007447972893714905
7,55,106,17,-0.007649928331375122
7,56,106,11,-0.011074095964431763
7,57,106,72,-0.002892792224884033
7,58,106,73,0.0025272220373153687
7,59,106,74,0.006253985688090324
7,60,106,184,0.009612529538571835
7,61,106,77,0.01159688737243414
7,62,106,90,0.009472571313381195
7,63,106,180,0.006171785295009613
7,64,106,85,0.000899001955986023
7,65,106,16,-0.007341921329498291
7,66,106,12,-0.010802119970321655
7,67,106,38,-0.0024886801838874817
7,68,106,41,0.0026848241686820984
7,69,106,42,0.005950752645730972
7,70,106,96,0.009860905818641186
7,71,106,89,0.007687512785196304
7,72,106,179,0.005124509334564209
7,73,106,86,0.0005456805229187012
7,74,106,15,-0.007598012685775757
7,75,106,13,-0.01068142056465149
7,76,106,82,-0.002801947295665741
7,77,106,81,0.001980602741241455
7,78,106,80,0.004567082971334457
7,79,106,191,0.008581578731536865
7,80,106,78,0.0005121603608131409
7,81,106,95,0.00709257647395134
7,82,106,88,0.006580151617527008
7,83,106,178,0.004272788763046265
7,84,106,87,-0.00028627365827560425
7,85,106,14,-0.008332595229148865
7,86,106,267,-0.02023032307624817
7,87,106,269,-0.02715611457824707
7,88,106,270,-0.03334042429924011
7,89,106,409,-0.03869706392288208
7,90,106,291,-0.04207530617713928
7,91,106,375,-0.0390167236328125
7,92,106,321,-0.03337222337722778
7,93,106,405,-0.02589765191078186
7,94,106,314,-0.0176437646150589
7,95,106,302,-0.02024480700492859
7,96,106,303,-0.027582108974456787
7,97,106,304,-0.033304810523986816
7,98,106,408,-0.038564831018447876
7,99,106,307,-0.038254886865615845
7,100,106,320,-0.03261089324951172
7,101,106,404,-0.0256006121635437
7,102,106,315,-0.01742379367351532
7,103,106,268,-0.020409584045410156
7,104,106,271,-0.02770853042602539
7,105,106,272,-0.03299844264984131
7,106,106,325,-0.03675243258476257
7,107,106,319,-0.031224757432937622
7,108,106,403,-0.025121524930000305
7,109,106,316,-0.017653346061706543
7,110,106,312,-0.020118102431297302
7,111,106,311,-0.026834264397621155
7,112,106,310,-0.03184598684310913
7,113,106,415,-0.03784841299057007
7,114,106,308,-0.03931063413619995
7,115,106,324,-0.034809231758117676
7,116,106,318,-0.031005144119262695
7,117,106,402,-0.02554982900619507
7,118,106,317,-0.018467992544174194
8,9,182,83,-0.0042657069861888885
8,10,182,18,-0.010754413902759552
8,11,182,200,-0.011197894811630249
8,12,182,201,-0.005981892347335815
8,13,182,194,0.002811962738633156
8,14,182,204,0.0024846792221069336
8,15,182,202,0.003329820930957794
8,16,182,212,0.003549709916114807
8,17,182,216,0.00403168797492981
8,18,182,206,0.0065924376249313354
8,19,182,203,0.009236268699169159
8,20,182,207,0.005466297268867493
8,21,182,205,0.006427794694900513
8,22,182,98,-0.003846018109470606
8,23,182,97,-0.012704923748970032
8,24,182,393,-0.02072705328464508
8,25,182,391,-0.025859341025352478
8,26,182,322,-0.02937057614326477
8,27,182,410,-0.03147631883621216
8,28,182,287,-0.032106101512908936
8,29,182,273,-0.030398398637771606
8,30,182,335,-0.029068857431411743
8,31,182,406,-0.025520160794258118
8,32,182,313,-0.019121527671813965
8,33,182,421,-0.01814955472946167
8,34,182,418,-0.023844420909881592
8,35,182,424,-0.025749891996383667
8,36,182,422,-0.02616173028945923
8,37,182,432,-0.027646631002426147
8,38,182,436,-0.028860807418823242
8,39,182,426,-0.02740231156349182
8,40,182,423,-0.025276631116867065
8,41,182,427,-0.02867913246154785
8,42,182,425,-0.028697729110717773
8,43,182,327,-0.023223772644996643
8,44,182,326,-0.021457046270370483
8,45,182,0,-0.010080546140670776
8,46,182,37,-0.001972690224647522
8,47,182,39,0.003418106585741043
8,48,182,40,-0.007632048800587654
8,49,182,185,-0.01114339753985405
8,50,182,61,-0.01340518519282341
8,51,182,146,-0.013908673077821732
8,52,182,91,-0.011968090198934078
8,53,182,181,0.007943734526634216
8,54,182,84,0.0022866353392601013
8,55,182,17,-0.006108075380325317
8,56,182,11,-0.009532250463962555
8,57,182,72,-0.0013509467244148254
8,58,182,73,0.004069078713655472
8,59,182,74,-0.007795846089720726
8,60,182,184,-0.011154387146234512
8,61,182,77,-0.013138741254806519
8,62,182,90,-0.011014428921043873
8,63,182,180,0.007713643833994865
8,64,182,85,0.0024408698081970215
8,65,182,16,-0.005800060927867889
8,66,182,12,-0.009260274469852448
8,67,182,38,-0.0009468346834182739
8,68,182,41,0.004226677119731903
8,69,182,42,-0.0031758651603013277
8,70,182,96,-0.011402761563658714
8,71,182,89,-0.004285290837287903
8,72,182,179,0.006666369736194611
8,73,182,86,0.002087533473968506
8,74,182,15,-0.006056167185306549
8,75,182,13,-0.009139560163021088
8,76,182,82,-0.0012600943446159363
8,77,182,81,0.0035224594175815582
8,78,182,80,0.006108936853706837
8,79,182,191,-0.010123437270522118
8,80,182,78,-0.010639838874340057
8,81,182,95,-0.008634431287646294
8,82,182,88,0.008122004568576813
8,83,182,178,0.005814634263515472
8,84,182,87,0.0012555867433547974
8,85,182,14,-0.006790757179260254
8,86,182,267,-0.018688485026359558
8,87,182,269,-0.025614261627197266
8,88,182,270,-0.03179857134819031
8,89,182,409,-0.03715518116950989
8,90,182,291,-0.04053345322608948
8,91,182,375,-0.03747490048408508
8,92,182,321,-0.03183034062385559
8,93,182,405,-0.02435573935508728
8,94,182,314,-0.016101881861686707
8,95,182,302,-0.018702968955039978
8,96,182,303,-0.026040256023406982
8,97,182,304,-0.031762972474098206
8,98,182,408,-0.037022948265075684
8,99,182,307,-0.03671303391456604
8,100,182,320,-0.031069070100784302
8,101,182,404,-0.024058789014816284
8,102,182,315,-0.01588192582130432
8,103,182,268,-0.018867716193199158
8,104,182,271,-0.026166677474975586
8,105,182,272,-0.03145653009414673
8,106,182,325,-0.03521054983139038
8,107,182,319,-0.029682889580726624
8,108,182,403,-0.023579642176628113
8,109,182,316,-0.016111478209495544
8,110,182,312,-0.018576204776763916
8,111,182,311,-0.025292441248893738
8,112,182,310,-0.030304163694381714
8,113,182,415,-0.03630654513835907
8,114,182,308,-0.037768781185150146
8,115,182,324,-0.03326737880706787
8,116,182,318,-0.029463306069374084
8,117,182,402,-0.024007946252822876
8,118,182,317,-0.016926124691963196
9,10,83,18,-0.0064887069165706635
9,11,83,200,-0.006932199001312256
9,12,83,201,0.001716182567179203
9,13,83,194,-0.0014537572860717773
9,14,83,204,-0.0017810165882110596
9,15,83,202,-0.0009358972311019897
9,16,83,212,-0.0007159709930419922
9,17,83,216,-0.00023402273654937744
9,18,83,206,0.002326756715774536
9,19,83,203,0.004970565438270569
9,20,83,207,0.0012005865573883057
9,21,83,205,0.002162039279937744
9,22,83,98,0.006528269499540329
9,23,83,97,-0.008439210243523121
9,24,83,393,-0.01646135002374649
9,25,83,391,-0.02159363031387329
9,26,83,322,-0.02510485053062439
9,27,83,410,-0.027210623025894165
9,28,83,287,-0.027840375900268555
9,29,83,273,-0.026132717728614807
9,30,83,335,-0.02480316162109375
9,31,83,406,-0.02125445008277893
9,32,83,313,-0.014855816960334778
9,33,83,421,-0.013883858919143677
9,34,83,418,-0.019578710198402405
9,35,83,424,-0.021484196186065674
9,36,83,422,-0.021895945072174072
9,37,83,432,-0.023380905389785767
9,38,83,436,-0.02459508180618286
9,39,83,426,-0.02313658595085144
9,40,83,423,-0.021010935306549072
9,41,83,427,-0.02441343665122986
9,42,83,425,-0.02443203330039978
9,43,83,327,-0.01895807683467865
9,44,83,326,-0.01719135046005249
9,45,83,0,-0.005814835429191589
9,46,83,37,0.00229301443323493
9,47,83,39,-0.007683813571929932
9,48,83,40,-0.011897757649421692
9,49,83,185,-0.015409111976623535
9,50,83,61,-0.0176708921790123
9,51,83,146,-0.018174372613430023
9,52,83,91,-0.01623380184173584
9,53,83,181,-0.012209441512823105
9,54,83,84,0.006552350241690874
9,55,83,17,-0.0018423683941364288
9,56,83,11,-0.005266547203063965
9,57,83,72,0.002914763055741787
9,58,83,73,-0.008334789425134659
9,59,83,74,-0.01206156611442566
9,60,83,184,-0.015420086681842804
9,61,83,77,-0.017404459416866302
9,62,83,90,-0.015280142426490784
9,63,83,180,-0.011979348957538605
9,64,83,85,0.006706565618515015
9,65,83,16,-0.0015343502163887024
9,66,83,12,-0.004994556307792664
9,67,83,38,0.0033188732340931892
9,68,83,41,-0.00849238969385624
9,69,83,42,-0.011758312582969666
9,70,83,96,-0.015668466687202454
9,71,83,89,-0.013495072722434998
9,72,83,179,-0.0109320729970932
9,73,83,86,0.006353240460157394
9,74,83,15,-0.0017904527485370636
9,75,83,13,-0.004873860627412796
9,76,83,82,0.0030056145042181015
9,77,83,81,-0.007788170129060745
9,78,83,80,-0.01037464290857315
9,79,83,191,-0.014389142394065857
9,80,83,78,-0.01490553468465805
9,81,83,95,-0.012900136411190033
9,82,83,88,-0.012387707829475403
9,83,83,178,-0.01008034311234951
9,84,83,87,0.005521290935575962
9,85,83,14,-0.0025250427424907684
9,86,83,267,-0.014422766864299774
9,87,83,269,-0.02134855091571808
9,88,83,270,-0.027532845735549927
9,89,83,409,-0.03288951516151428
9,90,83,291,-0.0362677127122879
9,91,83,375,-0.03320915997028351
9,92,83,321,-0.027564644813537598
9,93,83,405,-0.02009005844593048
9,94,83,314,-0.01183619350194931
9,95,83,302,-0.014437250792980194
9,96,83,303,-0.021774545311927795
9,97,83,304,-0.027497217059135437
9,98,83,408,-0.03275725245475769
9,99,83,307,-0.03244733810424805
9,100,83,320,-0.026803329586982727
9,101,83,404,-0.019793078303337097
9,102,83,315,-0.011616230010986328
9,103,83,268,-0.01460200548171997
9,104,83,271,-0.0219009667634964
9,105,83,272,-0.02719084918498993
9,106,83,325,-0.030944854021072388
9,107,83,319,-0.025417163968086243
9,108,83,403,-0.019313931465148926
9,109,83,316,-0.011845782399177551
9,110,83,312,-0.014310508966445923
9,111,83,311,-0.021026715636253357
9,112,83,310,-0.026038408279418945
9,113,83,415,-0.03204084932804108
9,114,83,308,-0.03350307047367096
9,115,83,324,-0.02900165319442749
9,116,83,318,-0.02519756555557251
9,117,83,402,-0.019742250442504883
9,118,83,317,-0.012660421431064606
10,11,18,200,0.00034445823985151947
10,12,18,201,-0.00477251410484314
10,13,18,194,-0.007942453026771545
10,14,18,204,-0.008269727230072021
10,15,18,202,-0.007424592971801758
10,16,18,212,-0.007204681634902954
10,17,18,216,-0.006722748279571533
10,18,18,206,-0.004161953926086426
10,19,18,203,-0.0015181303024291992
10,20,18,207,-0.0052880942821502686
10,21,18,205,-0.004326611757278442
10,22,18,98,3.9577484130859375e-05
10,23,18,97,0.0019505023956298828
10,24,18,393,-0.009972639381885529
10,25,18,391,-0.015104934573173523
10,26,18,322,-0.01861618459224701
10,27,18,410,-0.020721912384033203
10,28,18,287,-0.02135169506072998
10,29,18,273,-0.019644007086753845
10,30,18,335,-0.018314450979232788
10,31,18,406,-0.014765739440917969
10,32,18,313,-0.008367102593183517
10,33,18,421,-0.007395148277282715
10,34,18,418,-0.01309002935886383
10,35,18,424,-0.014995455741882324
10,36,18,422,-0.015407279133796692
10,37,18,432,-0.016892224550247192
10,38,18,436,-0.018106400966644287
10,39,18,426,-0.016647860407829285
10,40,18,423,-0.014522194862365723
10,41,18,427,-0.017924726009368896
10,42,18,425,-0.017943352460861206
10,43,18,327,-0.012469366192817688
10,44,18,326,-0.010702654719352722
10,45,18,0,0.0006738633383065462
10,46,18,37,-0.008781719952821732
10,47,18,39,-0.01417253166437149
10,48,18,40,-0.01838645339012146
10,49,18,185,-0.021897807717323303
10,50,18,61,-0.024159595370292664
10,51,18,146,-0.024663090705871582
10,52,18,91,-0.022722512483596802
10,53,18,181,-0.01869814097881317
10,54,18,84,-0.01304105669260025
10,55,18,17,0.003719577332958579
10,56,18,11,0.0012221604119986296
10,57,18,72,-0.009403470903635025
10,58,18,73,-0.014823488891124725
10,59,18,74,-0.018550261855125427
10,60,18,184,-0.02190878987312317
10,61,18,77,-0.023893162608146667
10,62,18,90,-0.021768860518932343
10,63,18,180,-0.018468059599399567
10,64,18,85,-0.013195272535085678
10,65,18,16,0.004853120539337397
10,66,18,12,0.0014941483968868852
10,67,18,38,-0.00980757549405098
10,68,18,41,-0.014981091022491455
10,69,18,42,-0.018247023224830627
10,70,18,96,-0.022157177329063416
10,71,18,89,-0.019983775913715363
10,72,18,179,-0.017420783638954163
10,73,18,86,-0.012841947376728058
10,74,18,15,0.003364652395248413
10,75,18,13,0.0016148447757586837
10,76,18,82,-0.009494319558143616
10,77,18,81,-0.014276869595050812
10,78,18,80,-0.016863346099853516
10,79,18,191,-0.02087785303592682
10,80,18,78,-0.02139425277709961
10,81,18,95,-0.019388854503631592
10,82,18,88,-0.018876411020755768
10,83,18,178,-0.01656905561685562
10,84,18,87,-0.012009996920824051
10,85,18,14,0.0028931915294378996
10,86,18,267,-0.007934052497148514
10,87,18,269,-0.014859847724437714
10,88,18,270,-0.02104414999485016
10,89,18,409,-0.026400774717330933
10,90,18,291,-0.02977903187274933
10,91,18,375,-0.02672046422958374
10,92,18,321,-0.021075934171676636
10,93,18,405,-0.013601355254650116
10,94,18,314,-0.005347490310668945
10,95,18,302,-0.007948532700538635
10,96,18,303,-0.015285827219486237
10,97,18,304,-0.021008536219596863
10,98,18,408,-0.026268556714057922
10,99,18,307,-0.02595864236354828
10,100,18,320,-0.020314626395702362
10,101,18,404,-0.013304360210895538
10,102,18,315,-0.005127526819705963
10,103,18,268,-0.008113306015729904
10,104,18,271,-0.015412256121635437
10,105,18,272,-0.020702145993709564
10,106,18,325,-0.024456143379211426
10,107,18,319,-0.018928445875644684
10,108,18,403,-0.012825243175029755
10,109,18,316,-0.005357071757316589
10,110,18,312,-0.007821805775165558
10,111,18,311,-0.014538019895553589
10,112,18,310,-0.01954970508813858
10,113,18,415,-0.025552138686180115
10,114,18,308,-0.02701437473297119
10,115,18,324,-0.022512957453727722
10,116,18,318,-0.018708892166614532
10,117,18,402,-0.013253547251224518
10,118,18,317,-0.006171714514493942
11,12,200,201,-0.005216024816036224
11,13,200,194,-0.008385956287384033
11,14,200,204,-0.00871323049068451
11,15,200,202,-0.007868126034736633
11,16,200,212,-0.007648169994354248
11,17,200,216,-0.0071662068367004395
11,18,200,206,-0.004605472087860107
11,19,200,203,-0.001961633563041687
11,20,200,207,-0.00573161244392395
11,21,200,205,-0.004770129919052124
11,22,200,98,-0.0004039257764816284
11,23,200,97,0.0015070103108882904
11,24,200,393,-0.00952913984656334
11,25,200,391,-0.014661431312561035
11,26,200,322,-0.018172666430473328
11,27,200,410,-0.020278409123420715
11,28,200,287,-0.020908191800117493
11,29,200,273,-0.019200488924980164
11,30,200,335,-0.0178709477186203
11,31,200,406,-0.014322243630886078
11,32,200,313,-0.007923614233732224
11,33,200,421,-0.006951652467250824
11,34,200,418,-0.012646526098251343
11,35,200,424,-0.014551982283592224
11,36,200,422,-0.01496376097202301
11,37,200,432,-0.0164487361907959
11,38,200,436,-0.017662912607192993
11,39,200,426,-0.016204357147216797
11,40,200,423,-0.014078706502914429
11,41,200,427,-0.017481237649917603
11,42,200,425,-0.0174998939037323
11,43,200,327,-0.012025870382785797
11,44,200,326,-0.010259151458740234
11,45,200,0,0.001117360545322299
11,46,200,37,-0.009225212037563324
11,47,200,39,-0.014616012573242188
11,48,200,40,-0.01882997155189514
11,49,200,185,-0.022341296076774597
11,50,200,61,-0.024603083729743958
11,51,200,146,-0.025106579065322876
11,52,200,91,-0.023166008293628693
11,53,200,181,-0.019141651690006256
11,54,200,84,-0.013484552502632141
11,55,200,17,0.004071718547493219
11,56,200,11,0.0016656577354297042
11,57,200,72,-0.009846962988376617
11,58,200,73,-0.015266992151737213
11,59,200,74,-0.01899375021457672
11,60,200,184,-0.022352293133735657
11,61,200,77,-0.02433665096759796
11,62,200,90,-0.022212333977222443
11,63,200,180,-0.018911555409431458
11,64,200,85,-0.013638768345117569
11,65,200,16,0.005198913626372814
11,66,200,12,0.0019376457203179598
11,67,200,38,-0.01025107130408287
11,68,200,41,-0.015424594283103943
11,69,200,42,-0.01869051903486252
11,70,200,96,-0.02260066568851471
11,71,200,89,-0.020427271723747253
11,72,200,179,-0.017864279448986053
11,73,200,86,-0.013285443186759949
11,74,200,15,0.0037167936097830534
11,75,200,13,0.0020583420991897583
11,76,200,82,-0.009937815368175507
11,77,200,81,-0.0147203728556633
11,78,200,80,-0.017306841909885406
11,79,200,191,-0.021321356296539307
11,80,200,78,-0.021837741136550903
11,81,200,95,-0.019832342863082886
11,82,200,88,-0.01931990683078766
11,83,200,178,-0.017012543976306915
11,84,200,87,-0.01245349645614624
11,85,200,14,0.00324533274397254
11,86,200,267,-0.0074905529618263245
11,87,200,269,-0.014416337013244629
11,88,200,270,-0.020600661635398865
11,89,200,409,-0.02595728635787964
11,90,200,291,-0.029335513710975647
11,91,200,375,-0.026276960968971252
11,92,200,321,-0.020632445812225342
11,93,200,405,-0.013157851994037628
11,94,200,314,-0.0049039945006370544
11,95,200,302,-0.007505036890506744
11,96,200,303,-0.01484234631061554
11,97,200,304,-0.020565032958984375
11,98,200,408,-0.02582506835460663
11,99,200,307,-0.025515124201774597
11,100,200,320,-0.019871145486831665
11,101,200,404,-0.012860871851444244
11,102,200,315,-0.004684016108512878
11,103,200,268,-0.007669810205698013
11,104,200,271,-0.01496875286102295
11,105,200,272,-0.02025863528251648
11,106,200,325,-0.024012669920921326
11,107,200,319,-0.01848495751619339
11,108,200,403,-0.012381747364997864
11,109,200,316,-0.0049135759472846985
11,110,200,312,-0.0073783062398433685
11,111,200,311,-0.014094531536102295
11,112,200,310,-0.01910620927810669
11,113,200,415,-0.02510865032672882
11,114,200,308,-0.026570871472358704
11,115,200,324,-0.022069454193115234
11,116,200,318,-0.01826539635658264
11,117,200,402,-0.01281006634235382
11,118,200,317,-0.005728218704462051
12,13,201,194,-0.003169931471347809
12,14,201,204,-0.003497190773487091
12,15,201,202,-0.002652078866958618
12,16,201,212,-0.0024321824312210083
12,17,201,216,-0.001950189471244812
12,18,201,206,0.0006105750799179077
12,19,201,203,0.0032543912529945374
12,20,201,207,-0.0005156099796295166
12,21,201,205,0.0004458576440811157
12,22,201,98,0.004812091588973999
12,23,201,97,-0.006723027676343918
12,24,201,393,-0.014745146036148071
12,25,201,391,-0.01987747848033905
12,26,201,322,-0.02338866889476776
12,27,201,410,-0.02549445629119873
12,28,201,287,-0.02612420916557312
12,29,201,273,-0.02441653609275818
12,30,201,335,-0.023086994886398315
12,31,201,406,-0.019538283348083496
12,32,201,313,-0.01313963532447815
12,33,201,421,-0.012167662382125854
12,34,201,418,-0.017862528562545776
12,35,201,424,-0.01976799964904785
12,36,201,422,-0.020179778337478638
12,37,201,432,-0.021664738655090332
12,38,201,436,-0.022878915071487427
12,39,201,426,-0.021420419216156006
12,40,201,423,-0.019294723868370056
12,41,201,427,-0.022697240114212036
12,42,201,425,-0.022715866565704346
12,43,201,327,-0.017241880297660828
12,44,201,326,-0.015475176274776459
12,45,201,0,-0.004098661243915558
12,46,201,37,0.004009196534752846
12,47,201,39,-0.00939999707043171
12,48,201,40,-0.013613935559988022
12,49,201,185,-0.017125293612480164
12,50,201,61,-0.019387073814868927
12,51,201,146,-0.01989056169986725
12,52,201,91,-0.017949983477592468
12,53,201,181,-0.013925623148679733
12,54,201,84,0.008268533274531364
12,55,201,17,-0.00012618303298950195
12,56,201,11,-0.0035503655672073364
12,57,201,72,0.004630943760275841
12,58,201,73,-0.010050971060991287
12,59,201,74,-0.01377774029970169
12,60,201,184,-0.01713627576828003
12,61,201,77,-0.019120626151561737
12,62,201,90,-0.016996316611766815
12,63,201,180,-0.013695531524717808
12,64,201,85,0.008422749117016792
12,65,201,16,0.00018183141946792603
12,66,201,12,-0.003278374671936035
12,67,201,38,0.005035053938627243
12,68,201,41,-0.010208571329712868
12,69,201,42,-0.013474494218826294
12,70,201,96,-0.01738465204834938
12,71,201,89,-0.015211254358291626
12,72,201,179,-0.012648254632949829
12,73,201,86,0.008069423958659172
12,74,201,15,-7.426738739013672e-05
12,75,201,13,-0.003157682716846466
12,76,201,82,0.004721798002719879
12,77,201,81,-0.006894371006637812
12,78,201,80,-0.012090826407074928
12,79,201,191,-0.016105331480503082
12,80,201,78,-0.016621723771095276
12,81,201,95,-0.01461632177233696
12,82,201,88,-0.01410389132797718
12,83,201,178,-0.009143337607383728
12,84,201,87,0.007237473502755165
12,85,201,14,-0.0008088648319244385
12,86,201,267,-0.012706562876701355
12,87,201,269,-0.01963236927986145
12,88,201,270,-0.025816679000854492
12,89,201,409,-0.031173288822174072
12,90,201,291,-0.03455156087875366
12,91,201,375,-0.031492963433265686
12,92,201,321,-0.02584846317768097
12,93,201,405,-0.018373876810073853
12,94,201,314,-0.010120004415512085
12,95,201,302,-0.012721069157123566
12,96,201,303,-0.020058363676071167
12,97,201,304,-0.02578108012676239
12,98,201,408,-0.031041085720062256
12,99,201,307,-0.030731141567230225
12,100,201,320,-0.025087162852287292
12,101,201,404,-0.01807689666748047
12,102,201,315,-0.0099000483751297
12,103,201,268,-0.012885838747024536
12,104,201,271,-0.02018478512763977
12,105,201,272,-0.0254746675491333
12,106,201,325,-0.029228657484054565
12,107,201,319,-0.023700982332229614
12,108,201,403,-0.01759776473045349
12,109,201,316,-0.010129600763320923
12,110,201,312,-0.012594334781169891
12,111,201,311,-0.019310548901557922
12,112,201,310,-0.024322226643562317
12,113,201,415,-0.030324697494506836
12,114,201,308,-0.03178687393665314
12,115,201,324,-0.027285471558570862
12,116,201,318,-0.023481398820877075
12,117,201,402,-0.018026098608970642
12,118,201,317,-0.010944247245788574
13,14,194,204,-0.0003272742033004761
13,15,194,202,0.0005178526043891907
13,16,194,212,0.0007377415895462036
13,17,194,216,0.0012197420001029968
13,18,194,206,0.0037804916501045227
13,19,194,203,0.006424315273761749
13,20,194,207,0.002654328942298889
13,21,194,205,0.003615826368331909
13,22,194,98,-0.007982015609741211
13,23,194,97,-0.009892955422401428
13,24,194,393,-0.017915084958076477
13,25,194,391,-0.02304738759994507
13,26,194,322,-0.02655857801437378
13,27,194,410,-0.028664380311965942
13,28,194,287,-0.02929416298866272
13,29,194,273,-0.02758648991584778
13,30,194,335,-0.02625688910484314
13,31,194,406,-0.022708237171173096
13,32,194,313,-0.016309544444084167
13,33,194,421,-0.01533760130405426
13,34,194,418,-0.02103245258331299
13,35,194,424,-0.022937923669815063
13,36,194,422,-0.023349732160568237
13,37,194,432,-0.024834632873535156
13,38,194,436,-0.02604883909225464
13,39,194,426,-0.02459031343460083
13,40,194,423,-0.022464632987976074
13,41,194,427,-0.025867193937301636
13,42,194,425,-0.02588587999343872
13,43,194,327,-0.020411819219589233
13,44,194,326,-0.018645107746124268
13,45,194,0,-0.007268577814102173
13,46,194,37,0.0008392706513404846
13,47,194,39,0.006230063736438751
13,48,194,40,0.008533362299203873
13,49,194,185,-0.013955360278487206
13,50,194,61,-0.01621714048087597
13,51,194,146,-0.01672063209116459
13,52,194,91,0.014780051074922085
13,53,194,181,0.010755691677331924
13,54,194,84,0.005098603665828705
13,55,194,17,-0.0032961219549179077
13,56,194,11,-0.006720289587974548
13,57,194,72,0.0014610141515731812
13,58,194,73,0.006881039589643478
13,59,194,74,0.010607806965708733
13,60,194,184,-0.01396634615957737
13,61,194,77,-0.01547317486256361
13,62,194,90,0.01382638979703188
13,63,194,180,0.010525595396757126
13,64,194,85,0.005252815783023834
13,65,194,16,-0.002988100051879883
13,66,194,12,-0.006448298692703247
13,67,194,38,0.0018651261925697327
13,68,194,41,0.007038649171590805
13,69,194,42,0.010304566472768784
13,70,194,96,0.0010452554561197758
13,71,194,89,0.012041328474879265
13,72,194,179,0.009478330612182617
13,73,194,86,0.0048994943499565125
13,74,194,15,-0.003244176506996155
13,75,194,13,-0.006327599287033081
13,76,194,82,0.0015518665313720703
13,77,194,81,0.006334424018859863
13,78,194,80,0.008920898661017418
13,79,194,191,0.012935398146510124
13,80,194,78,-0.01345179695636034
13,81,194,95,0.0114463921636343
13,82,194,88,0.01093396358191967
13,83,194,178,0.008626598864793777
13,84,194,87,0.004067555069923401
13,85,194,14,-0.003978803753852844
13,86,194,267,-0.01587650179862976
13,87,194,269,-0.022802278399467468
13,88,194,270,-0.028986603021621704
13,89,194,409,-0.03434327244758606
13,90,194,291,-0.037721484899520874
13,91,194,375,-0.03466290235519409
13,92,194,321,-0.029018372297286987
13,93,194,405,-0.021543800830841064
13,94,194,314,-0.013289913535118103
13,95,194,302,-0.01589098572731018
13,96,194,303,-0.023228302597999573
13,97,194,304,-0.028951019048690796
13,98,194,408,-0.03421100974082947
13,99,194,307,-0.03390112519264221
13,100,194,320,-0.028257101774215698
13,101,194,404,-0.021246835589408875
13,102,194,315,-0.013069972395896912
13,103,194,268,-0.016055747866630554
13,104,194,271,-0.023354709148406982
13,105,194,272,-0.0286446213722229
13,106,194,325,-0.032398611307144165
13,107,194,319,-0.026870906352996826
13,108,194,403,-0.020767688751220703
13,109,194,316,-0.013299539685249329
13,110,194,312,-0.0157642662525177
13,111,194,311,-0.022480487823486328
13,112,194,310,-0.027492165565490723
13,113,194,415,-0.03349462151527405
13,114,194,308,-0.03495684266090393
13,115,194,324,-0.030455440282821655
13,116,194,318,-0.026651322841644287
13,117,194,402,-0.02119600772857666
13,118,194,317,-0.014114171266555786
14,15,204,202,0.0008451268076896667
14,16,204,212,0.0010650157928466797
14,17,204,216,0.001547008752822876
14,18,204,206,0.004107769578695297
14,19,204,203,-0.006751589477062225
14,20,204,207,0.002981618046760559
14,21,204,205,0.0039430782198905945
14,22,204,98,-0.008309289813041687
14,23,204,97,-0.010220229625701904
14,24,204,393,-0.018242359161376953
14,25,204,391,-0.02337467670440674
14,26,204,322,-0.02688586711883545
14,27,204,410,-0.028991639614105225
14,28,204,287,-0.029621481895446777
14,29,204,273,-0.027913779020309448
14,30,204,335,-0.02658417820930481
14,31,204,406,-0.023035496473312378
14,32,204,313,-0.01663684844970703
14,33,204,421,-0.01566484570503235
14,34,204,418,-0.021359771490097046
14,35,204,424,-0.023265212774276733
14,36,204,422,-0.02367699146270752
14,37,204,432,-0.025161921977996826
14,38,204,436,-0.02637609839439392
14,39,204,426,-0.0249176025390625
14,40,204,423,-0.022791922092437744
14,41,204,427,-0.026194512844085693
14,42,204,425,-0.026213020086288452
14,43,204,327,-0.020739108324050903
14,44,204,326,-0.018972381949424744
14,45,204,0,-0.007595852017402649
14,46,204,37,0.0005119889974594116
14,47,204,39,0.005902789533138275
14,48,204,40,0.010116741061210632
14,49,204,185,0.013628089800477028
14,50,204,61,0.015889868140220642
14,51,204,146,0.016393359750509262
14,52,204,91,0.014452770352363586
14,53,204,181,0.010428421199321747
14,54,204,84,0.004771322011947632
14,55,204,17,-0.003623396158218384
14,56,204,11,-0.007047548890113831
14,57,204,72,0.001133739948272705
14,58,204,73,0.006553754210472107
14,59,204,74,0.010280527174472809
14,60,204,184,0.013639070093631744
14,61,204,77,0.015623431652784348
14,62,204,90,0.01349911093711853
14,63,204,180,0.010198332369327545
14,64,204,85,0.004925549030303955
14,65,204,16,-0.003315374255180359
14,66,204,12,-0.006775572896003723
14,67,204,38,0.0015378445386886597
14,68,204,41,0.006711363792419434
14,69,204,42,0.009977295994758606
14,70,204,96,0.013887450098991394
14,71,204,89,0.011714056134223938
14,72,204,179,0.009151048958301544
14,73,204,86,0.004572227597236633
14,74,204,15,-0.0035714656114578247
14,75,204,13,-0.006654888391494751
14,76,204,82,0.001224607229232788
14,77,204,81,0.006007157266139984
14,78,204,80,0.008593626320362091
14,79,204,191,0.012608122080564499
14,80,204,78,0.01312452182173729
14,81,204,95,0.011119119822978973
14,82,204,88,0.010606691241264343
14,83,204,178,0.008299313485622406
14,84,204,87,0.003740265965461731
14,85,204,14,-0.00430607795715332
14,86,204,267,-0.016203776001930237
14,87,204,269,-0.023129552602767944
14,88,204,270,-0.029313862323760986
14,89,204,409,-0.034670501947402954
14,90,204,291,-0.038048744201660156
14,91,204,375,-0.03499019145965576
14,92,204,321,-0.02934563159942627
14,93,204,405,-0.021871119737625122
14,94,204,314,-0.013617247343063354
14,95,204,302,-0.01621823012828827
14,96,204,303,-0.02355557680130005
14,97,204,304,-0.029278278350830078
14,98,204,408,-0.03453826904296875
14,99,204,307,-0.034228354692459106
14,100,204,320,-0.028584390878677368
14,101,204,404,-0.021574079990386963
14,102,204,315,-0.013397261500358582
14,103,204,268,-0.01638302206993103
14,104,204,271,-0.023681968450546265
14,105,204,272,-0.028971850872039795
14,106,204,325,-0.032725900411605835
14,107,204,319,-0.027198195457458496
14,108,204,403,-0.021094977855682373
14,109,204,316,-0.01362679898738861
14,110,204,312,-0.016091525554656982
14,111,204,311,-0.02280774712562561
14,112,204,310,-0.027819424867630005
14,113,204,415,-0.03382188081741333
14,114,204,308,-0.0352841317653656
14,115,204,324,-0.030782699584960938
14,116,204,318,-0.026978611946105957
14,117,204,402,-0.02152329683303833
14,118,204,317,-0.014441430568695068
15,16,202,212,0.00021990016102790833
15,17,202,216,0.0007018875330686569
15,18,202,206,-0.0032626446336507797
15,19,202,203,-0.0059064701199531555
15,20,202,207,0.0021364837884902954
15,21,202,205,0.0030979663133621216
15,22,202,98,-0.00746416300535202
15,23,202,97,-0.009375110268592834
15,24,202,393,-0.01739722490310669
15,25,202,391,-0.022529542446136475
15,26,202,322,-0.026040732860565186
15,27,202,410,-0.02814650535583496
15,28,202,287,-0.028776317834854126
15,29,202,273,-0.027068614959716797
15,30,202,335,-0.025739043951034546
15,31,202,406,-0.022190332412719727
15,32,202,313,-0.01579168438911438
15,33,202,421,-0.014819711446762085
15,34,202,418,-0.020514577627182007
15,35,202,424,-0.02242007851600647
15,36,202,422,-0.02283194661140442
15,37,202,432,-0.024316787719726562
15,38,202,436,-0.025530964136123657
15,39,202,426,-0.024072468280792236
15,40,202,423,-0.02194678783416748
15,41,202,427,-0.02534937858581543
15,42,202,425,-0.02536797523498535
15,43,202,327,-0.019893944263458252
15,44,202,326,-0.01812729239463806
15,45,202,0,-0.006750747561454773
15,46,202,37,0.0013571232557296753
15,47,202,39,0.006747916340827942
15,48,202,40,0.010961860418319702
15,49,202,185,0.014473214745521545
15,50,202,61,0.01673499122262001
15,51,202,146,0.017238475382328033
15,52,202,91,0.015297889709472656
15,53,202,181,0.01127353310585022
15,54,202,84,0.0056164562702178955
15,55,202,17,-0.0027782320976257324
15,56,202,11,-0.006202399730682373
15,57,202,72,0.001978859305381775
15,58,202,73,0.007398888468742371
15,59,202,74,0.011125661432743073
15,60,202,184,0.014484196901321411
15,61,202,77,0.01646854728460312
15,62,202,90,0.014344237744808197
15,63,202,180,0.011043459177017212
15,64,202,85,0.005770683288574219
15,65,202,16,-0.002470254898071289
15,66,202,12,-0.005930408835411072
15,67,202,38,0.0023829638957977295
15,68,202,41,0.007556498050689697
15,69,202,42,0.010822400450706482
15,70,202,96,0.01473257690668106
15,71,202,89,0.012559197843074799
15,72,202,179,0.009996175765991211
15,73,202,86,0.005417346954345703
15,74,202,15,-0.002726331353187561
15,75,202,13,-0.005809769034385681
15,76,202,82,0.002069711685180664
15,77,202,81,0.006852284073829651
15,78,202,80,0.009438738226890564
15,79,202,191,0.013453260064125061
15,80,202,78,0.013969644904136658
15,81,202,95,0.011964231729507446
15,82,202,88,0.011451825499534607
15,83,202,178,0.009144440293312073
15,84,202,87,0.004585385322570801
15,85,202,14,-0.003460928797721863
15,86,202,267,-0.015358656644821167
15,87,202,269,-0.022284477949142456
15,88,202,270,-0.02846875786781311
15,89,202,409,-0.03382539749145508
15,90,202,291,-0.03720360994338989
15,91,202,375,-0.034145087003707886
15,92,202,321,-0.02850055694580078
15,93,202,405,-0.02102595567703247
15,94,202,314,-0.012772083282470703
15,95,202,302,-0.0153731107711792
15,96,202,303,-0.022710412740707397
15,97,202,304,-0.028433144092559814
15,98,202,408,-0.033693164587020874
15,99,202,307,-0.03338328003883362
15,100,202,320,-0.027739256620407104
15,101,202,404,-0.020729005336761475
15,102,202,315,-0.012552142143249512
15,103,202,268,-0.015537887811660767
15,104,202,271,-0.022836893796920776
15,105,202,272,-0.02812674641609192
15,106,202,325,-0.03188079595565796
15,107,202,319,-0.026353031396865845
15,108,202,403,-0.020249873399734497
15,109,202,316,-0.012781649827957153
15,110,202,312,-0.015246391296386719
15,111,202,311,-0.021962642669677734
15,112,202,310,-0.02697432041168213
15,113,202,415,-0.032976746559143066
15,114,202,308,-0.03443899750709534
15,115,202,324,-0.029937565326690674
15,116,202,318,-0.026133447885513306
15,117,202,402,-0.02067813277244568
15,118,202,317,-0.013596296310424805
16,17,212,216,-0.00048199109733104706
16,18,212,206,-0.0030427463352680206
16,19,212,203,-0.005686573684215546
16,20,212,207,0.0019165799021720886
16,21,212,205,0.0028780640568584204
16,22,212,98,-0.007244274020195007
16,23,212,97,-0.00915519893169403
16,24,212,393,-0.017177343368530273
16,25,212,391,-0.022309571504592896
16,26,212,322,-0.025820881128311157
16,27,212,410,-0.027926653623580933
16,28,212,287,-0.02855643630027771
16,29,212,273,-0.026848703622817993
16,30,212,335,-0.025519132614135742
16,31,212,406,-0.021970480680465698
16,32,212,313,-0.015571802854537964
16,33,212,421,-0.014599859714508057
16,34,212,418,-0.02029472589492798
16,35,212,424,-0.022200167179107666
16,36,212,422,-0.02261197566986084
16,37,212,432,-0.02409684658050537
16,38,212,436,-0.025311052799224854
16,39,212,426,-0.023852556943893433
16,40,212,423,-0.021726876497268677
16,41,212,427,-0.02512943744659424
16,42,212,425,-0.02514803409576416
16,43,212,327,-0.019674092531204224
16,44,212,326,-0.017907381057739258
16,45,212,0,-0.006530851125717163
16,46,212,37,0.0015770047903060913
16,47,212,39,0.006967827677726746
16,48,212,40,0.011181771755218506
16,49,212,185,0.014693118631839752
16,50,212,61,0.01695489138364792
16,51,212,146,0.017458386719226837
16,52,212,91,0.01551780104637146
16,53,212,181,0.011493444442749023
16,54,212,84,0.005836352705955505
16,55,212,17,-0.002558380365371704
16,56,212,11,-0.005982547998428345
16,57,212,72,0.002198740839958191
16,58,212,73,0.007618799805641174
16,59,212,74,0.011345550417900085
16,60,212,184,0.014704100787639618
16,61,212,77,0.016688451170921326
16,62,212,90,0.01456412672996521
16,63,212,180,0.011263325810432434
16,64,212,85,0.005990549921989441
16,65,212,16,-0.0022503435611724854
16,66,212,12,-0.00571054220199585
16,67,212,38,0.0026028603315353394
16,68,212,41,0.007776394486427307
16,69,212,42,0.011042311787605286
16,70,212,96,0.014952465891838074
16,71,212,89,0.012779071927070618
16,72,212,179,0.01021607220172882
16,73,212,86,0.005637243390083313
16,74,212,15,-0.002506434917449951
16,75,212,13,-0.005589842796325684
16,76,212,82,0.002289608120918274
16,77,212,81,0.007072165608406067
16,78,212,80,0.009658664464950562
16,79,212,191,0.013673171401023865
16,80,212,78,0.014189541339874268
16,81,212,95,0.01218414306640625
16,82,212,88,0.011671721935272217
16,83,212,178,0.009364351630210876
16,84,212,87,0.004805281758308411
16,85,212,14,-0.003241032361984253
16,86,212,267,-0.015138745307922363
16,87,212,269,-0.022064507007598877
16,88,212,270,-0.028248846530914307
16,89,212,409,-0.033605486154556274
16,90,212,291,-0.03698369860649109
16,91,212,375,-0.03392517566680908
16,92,212,321,-0.028280586004257202
16,93,212,405,-0.020806074142456055
16,94,212,314,-0.0125521719455719
16,95,212,302,-0.015153229236602783
16,96,212,303,-0.02249053120613098
16,97,212,304,-0.02821323275566101
16,98,212,408,-0.03347325325012207
16,99,212,307,-0.033163368701934814
16,100,212,320,-0.02751937508583069
16,101,212,404,-0.020509064197540283
16,102,212,315,-0.01233220100402832
16,103,212,268,-0.01531800627708435
16,104,212,271,-0.022616952657699585
16,105,212,272,-0.027906864881515503
16,106,212,325,-0.031660884618759155
16,107,212,319,-0.026133179664611816
16,108,212,403,-0.020029932260513306
16,109,212,316,-0.012561768293380737
16,110,212,312,-0.01502653956413269
16,111,212,311,-0.021742701530456543
16,112,212,310,-0.026754438877105713
16,113,212,415,-0.032756805419921875
16,114,212,308,-0.03421908617019653
16,115,212,324,-0.029717713594436646
16,116,212,318,-0.02591356635093689
16,117,212,402,-0.02045828104019165
16,118,212,317,-0.013376444578170776
17,18,216,206,-0.002560757100582123
17,19,216,203,-0.0052045732736587524
17,20,216,207,0.0014345943927764893
17,21,216,205,0.002396075055003166
17,22,216,98,-0.006762281060218811
17,23,216,97,-0.008673220872879028
17,24,216,393,-0.016695350408554077
17,25,216,391,-0.021827667951583862
17,26,216,322,-0.02533888816833496
17,27,216,410,-0.02744460105895996
17,28,216,287,-0.02807435393333435
17,29,216,273,-0.026366710662841797
17,30,216,335,-0.025037139654159546
17,31,216,406,-0.021488487720489502
17,32,216,313,-0.015089809894561768
17,33,216,421,-0.01411786675453186
17,34,216,418,-0.019812792539596558
17,35,216,424,-0.02171817421913147
17,36,216,422,-0.022129923105239868
17,37,216,432,-0.023614943027496338
17,38,216,436,-0.02482903003692627
17,39,216,426,-0.0233706533908844
17,40,216,423,-0.021244943141937256
17,41,216,427,-0.02464747428894043
17,42,216,425,-0.02466607093811035
17,43,216,327,-0.01919206976890564
17,44,216,326,-0.017425358295440674
17,45,216,0,-0.006048858165740967
17,46,216,37,0.0020589977502822876
17,47,216,39,0.007449805736541748
17,48,216,40,0.011663749814033508
17,49,216,185,0.015175096690654755
17,50,216,61,0.017436876893043518
17,51,216,146,0.017940372228622437
17,52,216,91,0.015999794006347656
17,53,216,181,0.011975422501564026
17,54,216,84,0.0063183605670928955
17,55,216,17,-0.002076387405395508
17,56,216,11,-0.005500525236129761
17,57,216,72,0.002680748701095581
17,58,216,73,0.008100777864456177
17,59,216,74,0.011827543377876282
17,60,216,184,0.015186086297035217
17,61,216,77,0.017170436680316925
17,62,216,90,0.01504611223936081
17,63,216,180,0.011745348572731018
17,64,216,85,0.006472557783126831
17,65,216,16,-0.001768350601196289
17,66,216,12,-0.005228549242019653
17,67,216,38,0.0030848532915115356
17,68,216,41,0.008258402347564697
17,69,216,42,0.011524319648742676
17,70,216,96,0.015434473752975464
17,71,216,89,0.013261064887046814
17,72,216,179,0.010698065161705017
17,73,216,86,0.006119236350059509
17,74,216,15,-0.002024441957473755
17,75,216,13,-0.005107879638671875
17,76,216,82,0.00277160108089447
17,77,216,81,0.007554143667221069
17,78,216,80,0.010140642523765564
17,79,216,191,0.014155156910419464
17,80,216,78,0.014671534299850464
17,81,216,95,0.012666136026382446
17,82,216,88,0.01215369999408722
17,83,216,178,0.009846344590187073
17,84,216,87,0.005287259817123413
17,85,216,14,-0.0027590692043304443
17,86,216,267,-0.014656782150268555
17,87,216,269,-0.021582573652267456
17,88,216,270,-0.02776685357093811
17,89,216,409,-0.0331234335899353
17,90,216,291,-0.03650173544883728
17,91,216,375,-0.0334431529045105
17,92,216,321,-0.02779865264892578
17,93,216,405,-0.020324110984802246
17,94,216,314,-0.012070178985595703
17,95,216,302,-0.014671236276626587
17,96,216,303,-0.022008538246154785
17,97,216,304,-0.027731269598007202
17,98,216,408,-0.032991260290145874
17,99,216,307,-0.03268131613731384
17,100,216,320,-0.027037352323532104
17,101,216,404,-0.020027071237564087
17,102,216,315,-0.011850237846374512
17,103,216,268,-0.014836043119430542
17,104,216,271,-0.022134989500045776
17,105,216,272,-0.02742484211921692
17,106,216,325,-0.03117889165878296
17,107,216,319,-0.025651156902313232
17,108,216,403,-0.01954793930053711
17,109,216,316,-0.012079805135726929
17,110,216,312,-0.014544516801834106
17,111,216,311,-0.021260738372802734
17,112,216,310,-0.02627241611480713
17,113,216,415,-0.032274842262268066
17,114,216,308,-0.03373709321022034
17,115,216,324,-0.029235661029815674
17,116,216,318,-0.02543163299560547
17,117,216,402,-0.019976288080215454
17,118,216,317,-0.012894421815872192
18,19,206,203,-0.002643819898366928
18,20,206,207,-0.0011261701583862305
18,21,206,205,-0.00016468390822410583
18,22,206,98,-0.004201523959636688
18,23,206,97,-0.006112456321716309
18,24,206,393,-0.014134585857391357
18,25,206,391,-0.019266873598098755
18,26,206,322,-0.02277812361717224
18,27,206,410,-0.024883896112442017
18,28,206,287,-0.025513648986816406
18,29,206,273,-0.023806005716323853
18,30,206,335,-0.022476404905319214
18,31,206,406,-0.018927723169326782
18,32,206,313,-0.012529045343399048
18,33,206,421,-0.01155710220336914
18,34,206,418,-0.017252027988433838
18,35,206,424,-0.01915740966796875
18,36,206,422,-0.01956924796104431
18,37,206,432,-0.021054238080978394
18,38,206,436,-0.0222683846950531
18,39,206,426,-0.020809859037399292
18,40,206,423,-0.01868414878845215
18,41,206,427,-0.022086739540100098
18,42,206,425,-0.022105306386947632
18,43,206,327,-0.01663130521774292
18,44,206,326,-0.014864623546600342
18,45,206,0,-0.0034881234169006348
18,46,206,37,0.004619762301445007
18,47,206,39,0.010010570287704468
18,48,206,40,0.014224506914615631
18,49,206,185,0.017735857516527176
18,50,206,61,0.01999763958156109
18,51,206,146,0.020501140505075455
18,52,206,91,0.018560543656349182
18,53,206,181,0.014536194503307343
18,54,206,84,0.008879080414772034
18,55,206,17,0.0004843771457672119
18,56,206,11,-0.0029397904872894287
18,57,206,72,0.005241513252258301
18,58,206,73,0.0106615349650383
18,59,206,74,0.014388307929039001
18,60,206,184,0.01774683967232704
18,61,206,77,0.019731197506189346
18,62,206,90,0.01760687679052353
18,63,206,180,0.014306113123893738
18,64,206,85,0.009033337235450745
18,65,206,16,0.0007924139499664307
18,66,206,12,-0.0026677995920181274
18,67,206,38,0.005645617842674255
18,68,206,41,0.01081913709640503
18,69,206,42,0.014085069298744202
18,70,206,96,0.017995215952396393
18,71,206,89,0.015821821987628937
18,72,206,179,0.013258814811706543
18,73,206,86,0.008679986000061035
18,74,206,15,0.0005363225936889648
18,75,206,13,-0.0025471150875091553
18,76,206,82,0.005332380533218384
18,77,206,81,0.010114923119544983
18,78,206,80,0.01270139217376709
18,79,206,191,0.016715891659259796
18,80,206,78,0.017232295125722885
18,81,206,95,0.015226893126964569
18,82,206,88,0.014714464545249939
18,83,206,178,0.012407079339027405
18,84,206,87,0.007848039269447327
18,85,206,14,-0.00019831955432891846
18,86,206,267,-0.012096017599105835
18,87,206,269,-0.019021809101104736
18,88,206,270,-0.02520608901977539
18,89,206,409,-0.030562758445739746
18,90,206,291,-0.03394100069999695
18,91,206,375,-0.03088247776031494
18,92,206,321,-0.02523791790008545
18,93,206,405,-0.01776328682899475
18,94,206,314,-0.009509444236755371
18,95,206,302,-0.012110501527786255
18,96,206,303,-0.019447803497314453
18,97,206,304,-0.02517053484916687
18,98,206,408,-0.03043055534362793
18,99,206,307,-0.03012058138847351
18,100,206,320,-0.024476587772369385
18,101,206,404,-0.017466336488723755
18,102,206,315,-0.009289443492889404
18,103,206,268,-0.012275248765945435
18,104,206,271,-0.01957419514656067
18,105,206,272,-0.024864107370376587
18,106,206,325,-0.02861809730529785
18,107,206,319,-0.023090392351150513
18,108,206,403,-0.01698717474937439
18,109,206,316,-0.009519070386886597
18,110,206,312,-0.011983752250671387
18,111,206,311,-0.018700003623962402
18,112,206,310,-0.02371165156364441
18,113,206,415,-0.029714107513427734
18,114,206,308,-0.031176388263702393
18,115,206,324,-0.026674896478652954
18,116,206,318,-0.02287083864212036
18,117,206,402,-0.017415523529052734
18,118,206,317,-0.010333657264709473
19,20,203,207,-0.0037699639797210693
19,21,203,205,-0.002808503806591034
19,22,203,98,-0.0015577077865600586
19,23,203,97,-0.003468647599220276
19,24,203,393,-0.011490777134895325
19,25,203,391,-0.016623079776763916
19,26,203,322,-0.020134299993515015
19,27,203,410,-0.02224007248878479
19,28,203,287,-0.022869855165481567
19,29,203,273,-0.021162182092666626
19,30,203,335,-0.019832611083984375
19,31,203,406,-0.016283899545669556
19,32,203,313,-0.009885251522064209
19,33,203,421,-0.00891333818435669
19,34,203,418,-0.014608174562454224
19,35,203,424,-0.016513586044311523
19,36,203,422,-0.016925424337387085
19,37,203,432,-0.01841035485267639
19,38,203,436,-0.0196245014667511
19,39,203,426,-0.018166005611419678
19,40,203,423,-0.01604035496711731
19,41,203,427,-0.01944291591644287
19,42,203,425,-0.019461482763290405
19,43,203,327,-0.013987541198730469
19,44,203,326,-0.012220785021781921
19,45,203,0,-0.0008442699909210205
19,46,203,37,0.00726357102394104
19,47,203,39,0.012654371559619904
19,48,203,40,0.01686832308769226
19,49,203,185,0.020379675552248955
19,50,203,61,0.0006787264719605446
19,51,203,146,0.02314494363963604
19,52,203,91,0.02120436355471611
19,53,203,181,0.01718001812696457
19,54,203,84,0.011522918939590454
19,55,203,17,0.0031282156705856323
19,56,203,11,-0.000295981764793396
19,57,203,72,0.007885336875915527
19,58,203,73,0.013305358588695526
19,59,203,74,0.017032120376825333
19,60,203,184,0.02039065957069397
19,61,203,77,0.022375015541911125
19,62,203,90,0.020250704139471054
19,63,203,180,0.01694992184638977
19,64,203,85,0.01167711615562439
19,65,203,16,0.0034362226724624634
19,66,203,12,-2.4005770683288574e-05
19,67,203,38,0.008289456367492676
19,68,203,41,0.013462953269481659
19,69,203,42,0.016728881746530533
19,70,203,96,0.02063903398811817
19,71,203,89,0.018465641885995865
19,72,203,179,0.015902645885944366
19,73,203,86,0.011323809623718262
19,74,203,15,0.0031801164150238037
19,75,203,13,9.669363498687744e-05
19,76,203,82,0.007976174354553223
19,77,203,81,0.012758739292621613
19,78,203,80,0.015345212072134018
19,79,203,191,0.019359715282917023
19,80,203,78,0.019876107573509216
19,81,203,95,0.0178707055747509
19,82,203,88,0.01735828071832657
19,83,203,178,0.015050910413265228
19,84,203,87,0.01049184799194336
19,85,203,14,0.002445504069328308
19,86,203,267,-0.009452208876609802
19,87,203,269,-0.016378015279769897
19,88,203,270,-0.022562265396118164
19,89,203,409,-0.027918905019760132
19,90,203,291,-0.031297117471694946
19,91,203,375,-0.028238654136657715
19,92,203,321,-0.022594064474105835
19,93,203,405,-0.015119493007659912
19,94,203,314,-0.006865635514259338
19,95,203,302,-0.009466692805290222
19,96,203,303,-0.01680395007133484
19,97,203,304,-0.022526681423187256
19,98,203,408,-0.027786701917648315
19,99,203,307,-0.027476757764816284
19,100,203,320,-0.021832823753356934
19,101,203,404,-0.014822512865066528
19,102,203,315,-0.006645679473876953
19,103,203,268,-0.009631454944610596
19,104,203,271,-0.016930371522903442
19,105,203,272,-0.022220313549041748
19,106,203,325,-0.025974273681640625
19,107,203,319,-0.0204465389251709
19,108,203,403,-0.01434338092803955
19,109,203,316,-0.006875216960906982
19,110,203,312,-0.00933992862701416
19,111,203,311,-0.016056150197982788
19,112,203,310,-0.021067827939987183
19,113,203,415,-0.027070283889770508
19,114,203,308,-0.02853250503540039
19,115,203,324,-0.024031072854995728
19,116,203,318,-0.020226985216140747
19,117,203,402,-0.01477167010307312
19,118,203,317,-0.00768984854221344
20,21,207,205,-0.0009614825248718262
20,22,207,98,-0.005327701568603516
20,23,207,97,-0.007238626480102539
20,24,207,393,-0.015260756015777588
20,25,207,391,-0.020393073558807373
20,26,207,322,-0.023904353380203247
20,27,207,410,-0.02601003646850586
20,28,207,287,-0.026639878749847412
20,29,207,273,-0.024932146072387695
20,30,207,335,-0.023602575063705444
20,31,207,406,-0.0200539231300354
20,32,207,313,-0.013655215501785278
20,33,207,421,-0.012683272361755371
20,34,207,418,-0.018378138542175293
20,35,207,424,-0.020283639430999756
20,36,207,422,-0.020695388317108154
20,37,207,432,-0.02218031883239746
20,38,207,436,-0.023394525051116943
20,39,207,426,-0.021935999393463135
20,40,207,423,-0.019810378551483154
20,41,207,427,-0.023212909698486328
20,42,207,425,-0.02323150634765625
20,43,207,327,-0.01775747537612915
20,44,207,326,-0.015990793704986572
20,45,207,0,-0.0046142637729644775
20,46,207,37,0.003493577241897583
20,47,207,39,0.008884429931640625
20,48,207,40,0.013098359107971191
20,49,207,185,0.016609683632850647
20,50,207,61,0.018871471285820007
20,51,207,146,0.019374966621398926
20,52,207,91,0.01743437349796295
20,53,207,181,0.013410016894340515
20,54,207,84,0.007752954959869385
20,55,207,17,-0.0006417930126190186
20,56,207,11,-0.0040659308433532715
20,57,207,72,0.00411534309387207
20,58,207,73,0.009535357356071472
20,59,207,74,0.013262152671813965
20,60,207,184,0.016620680689811707
20,61,207,77,0.018605023622512817
20,62,207,90,0.016480714082717896
20,63,207,180,0.01317991316318512
20,64,207,85,0.007907122373580933
20,65,207,16,-0.0003337562084197998
20,66,207,12,-0.003793954849243164
20,67,207,38,0.004519462585449219
20,68,207,41,0.009692981839179993
20,69,207,42,0.012958884239196777
20,70,207,96,0.01686905324459076
20,71,207,89,0.01469564437866211
20,72,207,179,0.012132644653320312
20,73,207,86,0.007553845643997192
20,74,207,15,-0.000589907169342041
20,75,207,13,-0.003673255443572998
20,76,207,82,0.004206180572509766
20,77,207,81,0.008988767862319946
20,78,207,80,0.01157522201538086
20,79,207,191,0.015589728951454163
20,80,207,78,0.016106128692626953
20,81,207,95,0.014100715517997742
20,82,207,88,0.013588294386863708
20,83,207,178,0.011280953884124756
20,84,207,87,0.006721854209899902
20,85,207,14,-0.0013244450092315674
20,86,207,267,-0.013222187757492065
20,87,207,269,-0.02014794945716858
20,88,207,270,-0.02633228898048401
20,89,207,409,-0.03168889880180359
20,90,207,291,-0.03506714105606079
20,91,207,375,-0.032008618116378784
20,92,207,321,-0.026364058256149292
20,93,207,405,-0.018889427185058594
20,94,207,314,-0.010635614395141602
20,95,207,302,-0.013236641883850098
20,96,207,303,-0.020573943853378296
20,97,207,304,-0.026296645402908325
20,98,207,408,-0.03155672550201416
20,99,207,307,-0.03124678134918213
20,100,207,320,-0.025602728128433228
20,101,207,404,-0.018592476844787598
20,102,207,315,-0.010415613651275635
20,103,207,268,-0.013401448726654053
20,104,207,271,-0.0207003653049469
20,105,207,272,-0.02599024772644043
20,106,207,325,-0.02974429726600647
20,107,207,319,-0.024216532707214355
20,108,207,403,-0.018113315105438232
20,109,207,316,-0.010645180940628052
20,110,207,312,-0.013109922409057617
20,111,207,311,-0.019826143980026245
20,112,207,310,-0.02483782172203064
20,113,207,415,-0.030840277671813965
20,114,207,308,-0.03230246901512146
20,115,207,324,-0.027801096439361572
20,116,207,318,-0.023997008800506592
20,117,207,402,-0.018541663885116577
20,118,207,317,-0.011459827423095703
21,22,205,98,-0.004366204142570496
21,23,205,97,-0.006277129054069519
21,24,205,393,-0.014299273490905762
21,25,205,391,-0.01943153142929077
21,26,205,322,-0.022942781448364258
21,27,205,410,-0.02504858374595642
21,28,205,287,-0.025678396224975586
21,29,205,273,-0.023970603942871094
21,30,205,335,-0.022641032934188843
21,31,205,406,-0.019092410802841187
21,32,205,313,-0.012693732976913452
21,33,205,421,-0.011721819639205933
21,34,205,418,-0.01741662621498108
21,35,205,424,-0.019322097301483154
21,36,205,422,-0.019733905792236328
21,37,205,432,-0.02121889591217041
21,38,205,436,-0.022432982921600342
21,39,205,426,-0.020974546670913696
21,40,205,423,-0.018848836421966553
21,41,205,427,-0.022251367568969727
21,42,205,425,-0.022270023822784424
21,43,205,327,-0.016796022653579712
21,44,205,326,-0.015029281377792358
21,45,205,0,-0.0036527812480926514
21,46,205,37,0.004455089569091797
21,47,205,39,0.009845882654190063
21,48,205,40,0.014059826731681824
21,49,205,185,0.017571188509464264
21,50,205,61,0.019832953810691833
21,51,205,146,0.02033645659685135
21,52,205,91,0.01839587092399597
21,53,205,181,0.014371499419212341
21,54,205,84,0.008714422583580017
21,55,205,17,0.0003196597099304199
21,56,205,11,-0.0031045079231262207
21,57,205,72,0.00507684051990509
21,58,205,73,0.010496869683265686
21,59,205,74,0.014223620295524597
21,60,205,184,0.017582163214683533
21,61,205,77,0.01956651359796524
21,62,205,90,0.017442211508750916
21,63,205,180,0.01414141058921814
21,64,205,85,0.00886864960193634
21,65,205,16,0.0006277263164520264
21,66,205,12,-0.002832472324371338
21,67,205,38,0.005480960011482239
21,68,205,41,0.010654449462890625
21,69,205,42,0.013920366764068604
21,70,205,96,0.01783052086830139
21,71,205,89,0.01565714180469513
21,72,205,179,0.013094142079353333
21,73,205,86,0.008515313267707825
21,74,205,15,0.00037160515785217285
21,75,205,13,-0.002711772918701172
21,76,205,82,0.005167663097381592
21,77,205,81,0.009950235486030579
21,78,205,80,0.01253671944141388
21,79,205,191,0.01655121147632599
21,80,205,78,0.01706763356924057
21,81,205,95,0.015062212944030762
21,82,205,88,0.014549791812896729
21,83,205,178,0.012242406606674194
21,84,205,87,0.007683351635932922
21,85,205,14,-0.0003629624843597412
21,86,205,267,-0.01226070523262024
21,87,205,269,-0.01918649673461914
21,88,205,270,-0.02537083625793457
21,89,205,409,-0.03072744607925415
21,90,205,291,-0.03410568833351135
21,91,205,375,-0.03104710578918457
21,92,205,321,-0.025402545928955078
21,93,205,405,-0.017928004264831543
21,94,205,314,-0.009674131870269775
21,95,205,302,-0.01227518916130066
21,96,205,303,-0.01961246132850647
21,97,205,304,-0.0253351628780365
21,98,205,408,-0.030595213174819946
21,99,205,307,-0.030285269021987915
21,100,205,320,-0.0246412456035614
21,101,205,404,-0.01763099431991577
21,102,205,315,-0.009454160928726196
21,103,205,268,-0.012439906597137451
21,104,205,271,-0.01973891258239746
21,105,205,272,-0.025028765201568604
21,106,205,325,-0.028782784938812256
21,107,205,319,-0.023255109786987305
21,108,205,403,-0.01715189218521118
21,109,205,316,-0.009683728218078613
21,110,205,312,-0.012148439884185791
21,111,205,311,-0.01886463165283203
21,112,205,310,-0.023876309394836426
21,113,205,415,-0.02987879514694214
21,114,205,308,-0.03134101629257202
21,115,205,324,-0.02683955430984497
21,116,205,318,-0.023035526275634766
21,117,205,402,-0.017580240964889526
21,118,205,317,-0.010498374700546265
22,23,98,97,-0.0019109435379505157
22,24,98,393,-0.009933054447174072
22,25,98,391,-0.015065371990203857
22,26,98,322,-0.018576592206954956
22,27,98,410,-0.020682334899902344
22,28,98,287,-0.02131211757659912
22,29,98,273,-0.019604414701461792
22,30,98,335,-0.01827487349510193
22,31,98,406,-0.014726176857948303
22,32,98,313,-0.00832754373550415
22,33,98,421,-0.007355585694313049
22,34,98,418,-0.013050436973571777
22,35,98,424,-0.014955908060073853
22,36,98,422,-0.015367716550827026
22,37,98,432,-0.016852617263793945
22,38,98,436,-0.018066823482513428
22,39,98,426,-0.016608327627182007
22,40,98,423,-0.014482617378234863
22,41,98,427,-0.017885208129882812
22,42,98,425,-0.01790371537208557
22,43,98,327,-0.012429803609848022
22,44,98,326,-0.010663077235221863
22,45,98,0,0.0007134228944778442
22,46,98,37,0.008821282535791397
22,47,98,39,0.014212086796760559
22,48,98,40,-0.01842602714896202
22,49,98,185,-0.021937377750873566
22,50,98,61,-0.02419915795326233
22,51,98,146,-0.02470264956355095
22,52,98,91,-0.02276207134127617
22,53,98,181,0.01873771660029888
22,54,98,84,0.013080623000860214
22,55,98,17,0.0046859011054039
22,56,98,11,0.0012617334723472595
22,57,98,72,0.009443037211894989
22,58,98,73,0.014863059855997562
22,59,98,74,-0.018589826300740242
22,60,98,184,-0.02194836363196373
22,61,98,77,-0.023932719603180885
22,62,98,90,-0.02178037352859974
22,63,98,180,0.018507622182369232
22,64,98,85,0.01323484256863594
22,65,98,16,0.004993923008441925
22,66,98,12,0.001533709466457367
22,67,98,38,0.00984714925289154
22,68,98,41,0.015020659193396568
22,69,98,42,-0.00702188303694129
22,70,98,96,-0.02219673991203308
22,71,98,89,-0.008131308481097221
22,72,98,179,0.01746034435927868
22,73,98,86,0.01288151741027832
22,74,98,15,0.004737831652164459
22,75,98,13,0.0016544237732887268
22,76,98,82,0.009533889591693878
22,77,98,81,0.014316441491246223
22,78,98,80,0.00956553965806961
22,79,98,191,-0.020917417481541634
22,80,98,78,-0.021433819085359573
22,81,98,95,-0.01942841336131096
22,82,98,88,0.0059818183071911335
22,83,98,178,0.016608616337180138
22,84,98,87,0.012049563229084015
22,85,98,14,0.0040032267570495605
22,86,98,267,-0.007894501090049744
22,87,98,269,-0.014820262789726257
22,88,98,270,-0.021004587411880493
22,89,98,409,-0.02636122703552246
22,90,98,291,-0.029739439487457275
22,91,98,375,-0.02668091654777527
22,92,98,321,-0.021036356687545776
22,93,98,405,-0.013561815023422241
22,94,98,314,-0.005307897925376892
22,95,98,302,-0.00790897011756897
22,96,98,303,-0.015246272087097168
22,97,98,304,-0.020968973636627197
22,98,98,408,-0.026228994131088257
22,99,98,307,-0.025919079780578613
22,100,98,320,-0.02027510106563568
22,101,98,404,-0.013264834880828857
22,102,98,315,-0.005087956786155701
22,103,98,268,-0.008073747158050537
22,104,98,271,-0.015372708439826965
22,105,98,272,-0.020662575960159302
22,106,98,325,-0.024416595697402954
22,107,98,319,-0.018888890743255615
22,108,98,403,-0.012785673141479492
22,109,98,316,-0.005317479372024536
22,110,98,312,-0.007782235741615295
22,111,98,311,-0.014498472213745117
22,112,98,310,-0.019510135054588318
22,113,98,415,-0.025512591004371643
22,114,98,308,-0.026974797248840332
22,115,98,324,-0.022473394870758057
22,116,98,318,-0.01866932213306427
22,117,98,402,-0.01321399211883545
22,118,98,317,-0.006132140755653381
23,24,97,393,-0.008022129535675049
23,25,97,391,-0.01315443217754364
23,26,97,322,-0.016665667295455933
23,27,97,410,-0.01877140998840332
23,28,97,287,-0.019401222467422485
23,29,97,273,-0.017693504691123962
23,30,97,335,-0.016363948583602905
23,31,97,406,-0.012815237045288086
23,32,97,313,-0.006416589021682739
23,33,97,421,-0.005444645881652832
23,34,97,418,-0.011139526963233948
23,35,97,424,-0.013044923543930054
23,36,97,422,-0.013456791639328003
23,37,97,432,-0.014941692352294922
23,38,97,436,-0.016155868768692017
23,39,97,426,-0.014697343111038208
23,40,97,423,-0.012571677565574646
23,41,97,427,-0.0159742534160614
23,42,97,425,-0.015992820262908936
23,43,97,327,-0.010518848896026611
23,44,97,326,-0.00875215232372284
23,45,97,0,0.0026243701577186584
23,46,97,37,0.005619272589683533
23,47,97,39,-0.016123022884130478
23,48,97,40,-0.02033696323633194
23,49,97,185,-0.023848332464694977
23,50,97,61,-0.026110097765922546
23,51,97,146,-0.026613593101501465
23,52,97,91,-0.024673007428646088
23,53,97,181,-0.02064865082502365
23,54,97,84,0.007547822315245867
23,55,97,17,0.006596840918064117
23,56,97,11,0.00317266583442688
23,57,97,72,0.009381822310388088
23,58,97,73,-0.016773998737335205
23,59,97,74,-0.020500756800174713
23,60,97,184,-0.023859292268753052
23,61,97,77,-0.025843657553195953
23,62,97,90,-0.02371934801340103
23,63,97,180,-0.02041855826973915
23,64,97,85,0.011001077480614185
23,65,97,16,0.006904866546392441
23,66,97,12,0.0034446492791175842
23,67,97,38,0.011758082546293736
23,68,97,41,-0.016931600868701935
23,69,97,42,-0.02019752562046051
23,70,97,96,-0.0241076797246933
23,71,97,89,-0.021934285759925842
23,72,97,179,-0.019371284171938896
23,73,97,86,0.01479245163500309
23,74,97,15,0.006648767739534378
23,75,97,13,0.0035653524100780487
23,76,97,82,0.011444825679063797
23,77,97,81,-0.01622737944126129
23,78,97,80,-0.018813855946063995
23,79,97,191,-0.0228283554315567
23,80,97,78,-0.02334476262331009
23,81,97,95,-0.02133934199810028
23,82,97,88,-0.020826928317546844
23,83,97,178,-0.018519556149840355
23,84,97,87,0.013960501179099083
23,85,97,14,0.005914162844419479
23,86,97,267,-0.005983538925647736
23,87,97,269,-0.012909352779388428
23,88,97,270,-0.019093647599220276
23,89,97,409,-0.024450287222862244
23,90,97,291,-0.027828529477119446
23,91,97,375,-0.02476997673511505
23,92,97,321,-0.019125431776046753
23,93,97,405,-0.011650845408439636
23,94,97,314,-0.0033969730138778687
23,95,97,302,-0.0059980303049087524
23,96,97,303,-0.01333533227443695
23,97,97,304,-0.01905803382396698
23,98,97,408,-0.024318084120750427
23,99,97,307,-0.024008139967918396
23,100,97,320,-0.018364131450653076
23,101,97,404,-0.011353865265846252
23,102,97,315,-0.0031770020723342896
23,103,97,268,-0.006162792444229126
23,104,97,271,-0.013461753726005554
23,105,97,272,-0.01875165104866028
23,106,97,325,-0.022505655884742737
23,107,97,319,-0.016977965831756592
23,108,97,403,-0.010874718427658081
23,109,97,316,-0.0034065693616867065
23,110,97,312,-0.005871295928955078
23,111,97,311,-0.012587517499923706
23,112,97,310,-0.017599210143089294
23,113,97,415,-0.023601636290550232
23,114,97,308,-0.02506387233734131
23,115,97,324,-0.020562440156936646
23,116,97,318,-0.016758382320404053
23,117,97,402,-0.011303037405014038
23,118,97,317,-0.004221215844154358
24,25,393,391,-0.005132295191287994
24,26,393,322,-0.00864352285861969
24,27,393,410,-0.010749295353889465
24,28,393,287,-0.011379063129425049
24,29,393,273,-0.009671375155448914
24,30,393,335,-0.008341819047927856
24,31,393,406,-0.004793111234903336
24,32,393,313,0.0016055318992584944
24,33,393,421,0.002577483654022217
24,34,393,418,-0.003117382526397705
24,35,393,424,-0.005022823810577393
24,36,393,422,-0.00543464720249176
24,37,393,432,-0.006919577717781067
24,38,393,436,-0.008133754134178162
24,39,393,426,-0.006675258278846741
24,40,393,423,-0.004549555480480194
24,41,393,427,-0.007952123880386353
24,42,393,425,-0.007970690727233887
24,43,393,327,-0.002496730536222458
24,44,393,326,0.0007300167344510555
24,45,393,0,-0.010646499693393707
24,46,393,37,-0.01875435560941696
24,47,393,39,-0.024145156145095825
24,48,393,40,-0.028359100222587585
24,49,393,185,-0.03187045454978943
24,50,393,61,-0.034132227301597595
24,51,393,146,-0.03463570773601532
24,52,393,91,-0.03269512951374054
24,53,393,181,-0.028670787811279297
24,54,393,84,-0.02301369607448578
24,55,393,17,-0.014618970453739166
24,56,393,11,-0.011194795370101929
24,57,393,72,-0.019376099109649658
24,58,393,73,-0.024796128273010254
24,59,393,74,-0.028522908687591553
24,60,393,184,-0.03188145160675049
24,61,393,77,-0.0338657945394516
24,62,393,90,-0.03174147009849548
24,63,393,180,-0.028440669178962708
24,64,393,85,-0.023167908191680908
24,65,393,16,-0.014926988631486893
24,66,393,12,-0.011466782540082932
24,67,393,38,-0.019780203700065613
24,68,393,41,-0.024953722953796387
24,69,393,42,-0.028219640254974365
24,70,393,96,-0.03212982416152954
24,71,393,89,-0.029956430196762085
24,72,393,179,-0.0273934006690979
24,73,393,86,-0.02281457930803299
24,74,393,15,-0.014670893549919128
24,75,393,13,-0.011587478220462799
24,76,393,82,-0.01946694403886795
24,77,393,81,-0.024249501526355743
24,78,393,80,-0.02683599293231964
24,79,393,191,-0.030850455164909363
24,80,393,78,-0.03136686980724335
24,81,393,95,-0.029361456632614136
24,82,393,88,-0.028849050402641296
24,83,393,178,-0.02654169499874115
24,84,393,87,-0.02198263257741928
24,85,393,14,-0.013936292380094528
24,86,393,267,-0.0012162954080849886
24,87,393,269,-0.0048872120678424835
24,88,393,270,-0.011071518063545227
24,89,393,409,-0.016428150236606598
24,90,393,291,-0.019806385040283203
24,91,393,375,-0.01674783229827881
24,92,393,321,-0.011103294789791107
24,93,393,405,-0.0036287307739257812
24,94,393,314,-8.083297871053219e-05
24,95,393,302,-0.002024102257564664
24,96,393,303,-0.005313202738761902
24,97,393,304,-0.011035911738872528
24,98,393,408,-0.016295932233333588
24,99,393,307,-0.015985995531082153
24,100,393,320,-0.010342001914978027
24,101,393,404,-0.0033317357301712036
24,102,393,315,-0.004257774446159601
24,103,393,268,-0.0018593315035104752
24,104,393,271,-0.0054396167397499084
24,105,393,272,-0.010729514062404633
24,106,393,325,-0.014483518898487091
24,107,393,319,-0.008955828845500946
24,108,393,403,-0.002852603793144226
24,109,393,316,-0.00461556576192379
24,110,393,312,-0.0021508298814296722
24,111,393,311,-0.004565393552184105
24,112,393,310,-0.009577076882123947
24,113,393,415,-0.015579506754875183
24,114,393,308,-0.01704174280166626
24,115,393,324,-0.012540318071842194
24,116,393,318,-0.008736256510019302
24,117,393,402,-0.0032809171825647354
24,118,393,317,-0.0038009192794561386
25,26,391,322,-0.003511223942041397
25,27,391,410,-0.005616992712020874
25,28,391,287,-0.006246775388717651
25,29,391,273,-0.004539076238870621
25,30,391,335,-0.003209514543414116
25,31,391,406,-0.0003391820937395096
25,32,391,313,-0.006737828254699707
25,33,391,421,-0.007709786295890808
25,34,391,418,0.002014919649809599
25,35,391,424,0.00010946393013000488
25,36,391,422,-0.0003023222088813782
25,37,391,432,-0.0017872899770736694
25,38,391,436,-0.0030014514923095703
25,39,391,426,-0.0015429481863975525
25,40,391,423,0.0005827359855175018
25,41,391,427,-0.0028198212385177612
25,42,391,425,-0.002838417887687683
25,43,391,327,-0.002635568380355835
25,44,391,326,-0.004402279853820801
25,45,391,0,-0.0157787948846817
25,46,391,37,-0.023886650800704956
25,47,391,39,-0.029277443885803223
25,48,391,40,-0.03349140286445618
25,49,391,185,-0.037002742290496826
25,50,391,61,-0.039264529943466187
25,51,391,146,-0.0397680401802063
25,52,391,91,-0.03782743215560913
25,53,391,181,-0.033803075551986694
25,54,391,84,-0.02814599871635437
25,55,391,17,-0.01975126564502716
25,56,391,11,-0.01632709801197052
25,57,391,72,-0.02450840175151825
25,58,391,73,-0.02992841601371765
25,59,391,74,-0.03365522623062134
25,60,391,184,-0.037013739347457886
25,61,391,77,-0.03899809718132019
25,62,391,90,-0.036873772740364075
25,63,391,180,-0.03357301652431488
25,64,391,85,-0.028300195932388306
25,65,391,16,-0.020059287548065186
25,66,391,12,-0.01659908890724182
25,67,391,38,-0.024912521243095398
25,68,391,41,-0.030086040496826172
25,69,391,42,-0.03335194289684296
25,70,391,96,-0.03726208209991455
25,71,391,89,-0.035088732838630676
25,72,391,179,-0.032525718212127686
25,73,391,86,-0.027946874499320984
25,74,391,15,-0.01980319619178772
25,75,391,13,-0.016719773411750793
25,76,391,82,-0.02459925413131714
25,77,391,81,-0.029381796717643738
25,78,391,80,-0.03196828067302704
25,79,391,191,-0.03598278760910034
25,80,391,78,-0.036499202251434326
25,81,391,95,-0.03449377417564392
25,82,391,88,-0.03398136794567108
25,83,391,178,-0.031673967838287354
25,84,391,87,-0.02711494266986847
25,85,391,14,-0.019068598747253418
25,86,391,267,-0.007170885801315308
25,87,391,269,-0.0002450905740261078
25,88,391,270,-0.0059392149560153484
25,89,391,409,-0.011295851320028305
25,90,391,291,-0.01467408612370491
25,91,391,375,-0.011615531519055367
25,92,391,321,-0.005453944206237793
25,93,391,405,-0.00150357186794281
25,94,391,314,-0.009757444262504578
25,95,391,302,-0.007156394422054291
25,96,391,303,0.000180903822183609
25,97,391,304,0.0010577531065791845
25,98,391,408,-0.011163627728819847
25,99,391,307,-0.010853705927729607
25,100,391,320,0.005209704861044884
25,101,391,404,-0.0018005631864070892
25,102,391,315,-0.009977415204048157
25,103,391,268,-0.00699162483215332
25,104,391,271,0.00030732154846191406
25,105,391,272,0.005597209557890892
25,106,391,325,-0.00935121439397335
25,107,391,319,0.0038235224783420563
25,108,391,403,-0.0022796913981437683
25,109,391,316,-0.009747862815856934
25,110,391,312,-0.007283128798007965
25,111,391,311,-0.0005669035017490387
25,112,391,310,0.004444776102900505
25,113,391,415,-0.009822237305343151
25,114,391,308,-0.011909445747733116
25,115,391,324,-0.00740801403298974
25,116,391,318,0.0036039501428604126
25,117,391,402,-0.0018513873219490051
25,118,391,317,-0.008933216333389282
26,27,322,410,-0.00210576131939888
26,28,322,287,-0.0027355439960956573
26,29,322,273,-0.0010278522968292236
26,30,322,335,-0.0003017093986272812
26,31,322,406,-0.0038504041731357574
26,32,322,313,-0.010249041020870209
26,33,322,421,-0.011221006512641907
26,34,322,418,-0.005526142194867134
26,35,322,424,0.0036206934601068497
26,36,322,422,0.0032088831067085266
26,37,322,432,0.001723945140838623
26,38,322,436,0.0005097761750221252
26,39,322,426,0.0019682757556438446
26,40,322,423,0.0010938079794868827
26,41,322,427,0.0006914138793945312
26,42,322,425,0.0006728172302246094
26,43,322,327,-0.006146788597106934
26,44,322,326,-0.007913514971733093
26,45,322,0,-0.0192900151014328
26,46,322,37,-0.027397871017456055
26,47,322,39,-0.03278866410255432
26,48,322,40,-0.037002623081207275
26,49,322,185,-0.040513962507247925
26,50,322,61,-0.042775750160217285
26,51,322,146,-0.04327923059463501
26,52,322,91,-0.04133862257003784
26,53,322,181,-0.03731432557106018
26,54,322,84,-0.03165721893310547
26,55,322,17,-0.023262500762939453
26,56,322,11,-0.019838333129882812
26,57,322,72,-0.028019621968269348
26,58,322,73,-0.03343960642814636
26,59,322,74,-0.03716641664505005
26,60,322,184,-0.0405249297618866
26,61,322,77,-0.04250934720039368
26,62,322,90,-0.04038497805595398
26,63,322,180,-0.037084221839904785
26,64,322,85,-0.0318114310503006
26,65,322,16,-0.023570522665977478
26,66,322,12,-0.02011030912399292
26,67,322,38,-0.028423741459846497
26,68,322,41,-0.03359726071357727
26,69,322,42,-0.03686317801475525
26,70,322,96,-0.04077333211898804
26,71,322,89,-0.03859996795654297
26,72,322,179,-0.036036938428878784
26,73,322,86,-0.03145809471607208
26,74,322,15,-0.023314431309700012
26,75,322,13,-0.020231008529663086
26,76,322,82,-0.028110474348068237
26,77,322,81,-0.032893016934394836
26,78,322,80,-0.03547951579093933
26,79,322,191,-0.03949403762817383
26,80,322,78,-0.04001039266586304
26,81,322,95,-0.03800502419471741
26,82,322,88,-0.037492573261260986
26,83,322,178,-0.03518518805503845
26,84,322,87,-0.030626162886619568
26,85,322,14,-0.022579818964004517
26,86,322,267,-0.010682113468647003
26,87,322,269,-0.003756321966648102
26,88,322,270,0.002427993342280388
26,89,322,409,0.007784629240632057
26,90,322,291,-0.01098567247390747
26,91,322,375,0.008104310370981693
26,92,322,321,0.0024597719311714172
26,93,322,405,-0.005014792084693909
26,94,322,314,-0.013268671929836273
26,95,322,302,-0.010667644441127777
26,96,322,303,-0.003330320119857788
26,97,322,304,0.002392388880252838
26,98,322,408,0.007652404718101025
26,99,322,307,0.0073424819856882095
26,100,322,320,0.0016984790563583374
26,101,322,404,-0.005311787128448486
26,102,322,315,-0.013488635420799255
26,103,322,268,-0.010502837598323822
26,104,322,271,-0.0032039061188697815
26,105,322,272,0.0020859837532043457
26,106,322,325,0.005839992314577103
26,107,322,319,0.0003122985363006592
26,108,322,403,-0.005790919065475464
26,109,322,316,-0.013259105384349823
26,110,322,312,-0.010794371366500854
26,111,322,311,-0.004078119993209839
26,112,322,310,0.0009335502982139587
26,113,322,415,0.006935987621545792
26,114,322,308,0.00839821994304657
26,115,322,324,0.003896791487932205
26,116,322,318,9.271875023841858e-05
26,117,322,402,-0.005362600088119507
26,118,322,317,-0.012444451451301575
27,28,410,287,-0.0006297808140516281
27,29,410,273,-0.0010779080912470818
27,30,410,335,-0.002407468855381012
27,31,410,406,-0.0059561654925346375
27,32,410,313,-0.012354806065559387
27,33,410,421,-0.013326764106750488
27,34,410,418,-0.007631897926330566
27,35,410,424,-0.005726453848183155
27,36,410,422,0.005314646288752556
27,37,410,432,0.0038296952843666077
27,38,410,436,0.002615533769130707
27,39,410,426,0.004074037075042725
27,40,410,423,-0.006199721246957779
27,41,410,427,0.002797171473503113
27,42,410,425,0.002778567373752594
27,43,410,327,-0.008252546191215515
27,44,410,326,-0.010019272565841675
27,45,410,0,-0.021395772695541382
27,46,410,37,-0.029503628611564636
27,47,410,39,-0.0348944365978241
27,48,410,40,-0.03910836577415466
27,49,410,185,-0.04261976480484009
27,50,410,61,-0.04488152265548706
27,51,410,146,-0.045385003089904785
27,52,410,91,-0.04344439506530762
27,53,410,181,-0.03942006826400757
27,54,410,84,-0.03376294672489166
27,55,410,17,-0.025368258357048035
27,56,410,11,-0.021944090723991394
27,57,410,72,-0.03012542426586151
27,58,410,73,-0.035545408725738525
27,59,410,74,-0.03927212953567505
27,60,410,184,-0.04263070225715637
27,61,410,77,-0.04461506009101868
27,62,410,90,-0.04249078035354614
27,63,410,180,-0.039189934730529785
27,64,410,85,-0.033917173743247986
27,65,410,16,-0.025676265358924866
27,66,410,12,-0.022216081619262695
27,67,410,38,-0.030529484152793884
27,68,410,41,-0.035703033208847046
27,69,410,42,-0.038968950510025024
27,70,410,96,-0.0428791344165802
27,71,410,89,-0.040705710649490356
27,72,410,179,-0.03814271092414856
27,73,410,86,-0.033563852310180664
27,74,410,15,-0.025420188903808594
27,75,410,13,-0.022336766123771667
27,76,410,82,-0.030216261744499207
27,77,410,81,-0.034998804330825806
27,78,410,80,-0.037585318088531494
27,79,410,191,-0.04159975051879883
27,80,410,78,-0.042116135358810425
27,81,410,95,-0.040110766887664795
27,82,410,88,-0.039598315954208374
27,83,410,178,-0.03729093074798584
27,84,410,87,-0.032731905579566956
27,85,410,14,-0.024685591459274292
27,86,410,267,-0.012787863612174988
27,87,410,269,-0.005862072110176086
27,88,410,270,0.00032223016023635864
27,89,410,409,0.005678869783878326
27,90,410,291,0.009057104587554932
27,91,410,375,0.005998548120260239
27,92,410,321,0.0003540143370628357
27,93,410,405,-0.00712054967880249
27,94,410,314,-0.015374422073364258
27,95,410,302,-0.012773379683494568
27,96,410,303,-0.0054360926151275635
27,97,410,304,0.00028662383556365967
27,98,410,408,0.005546644330024719
27,99,410,307,0.00523671880364418
27,100,410,320,-0.00040727853775024414
27,101,410,404,-0.007417552173137665
27,102,410,315,-0.015594393014907837
27,103,410,268,-0.012608602643013
27,104,410,271,-0.005309663712978363
27,105,410,272,-1.9781291484832764e-05
27,106,410,325,0.003734234720468521
27,107,410,319,-0.0017934665083885193
27,108,410,403,-0.00789669156074524
27,109,410,316,-0.015364840626716614
27,110,410,312,-0.012900114059448242
27,111,410,311,-0.006183885037899017
27,112,410,310,-0.0011721998453140259
27,113,410,415,0.0048302337527275085
27,114,410,308,0.00629245862364769
27,115,410,324,0.0017910227179527283
27,116,410,318,-0.0020130276679992676
27,117,410,402,-0.007468365132808685
27,118,410,317,-0.014550194144248962
28,29,287,273,-0.0017076879739761353
28,30,287,335,-0.0030372515320777893
28,31,287,406,-0.006585955619812012
28,32,287,313,-0.012984603643417358
28,33,287,421,-0.013956546783447266
28,34,287,418,-0.00826168805360794
28,35,287,424,-0.0063562337309122086
28,36,287,422,0.005944426171481609
28,37,287,432,0.0044594816863536835
28,38,287,436,0.0032453127205371857
28,39,287,426,-0.004703816492110491
28,40,287,423,-0.006829496473073959
28,41,287,427,0.00342695415019989
28,42,287,425,0.00340835377573967
28,43,287,327,-0.008882328867912292
28,44,287,326,-0.010649040341377258
28,45,287,0,-0.022025570273399353
28,46,287,37,-0.030133426189422607
28,47,287,39,-0.035524219274520874
28,48,287,40,-0.03973814845085144
28,49,287,185,-0.04324957728385925
28,50,287,61,-0.045511335134506226
28,51,287,146,-0.046014755964279175
28,52,287,91,-0.04407420754432678
28,53,287,181,-0.04004982113838196
28,54,287,84,-0.03439277410507202
28,55,287,17,-0.025998011231422424
28,56,287,11,-0.022573858499526978
28,57,287,72,-0.030755162239074707
28,58,287,73,-0.0361751914024353
28,59,287,74,-0.0399019718170166
28,60,287,184,-0.04326048493385315
28,61,287,77,-0.04524487257003784
28,62,287,90,-0.04312056303024292
28,63,287,180,-0.03981974720954895
28,64,287,85,-0.034547001123428345
28,65,287,16,-0.02630603313446045
28,66,287,12,-0.022845834493637085
28,67,287,38,-0.031159251928329468
28,68,287,41,-0.03633281588554382
28,69,287,42,-0.0395987331867218
28,70,287,96,-0.04350888729095459
28,71,287,89,-0.041335463523864746
28,72,287,179,-0.03877249360084534
28,73,287,86,-0.03419366478919983
28,74,287,15,-0.026049941778182983
28,75,287,13,-0.022966548800468445
28,76,287,82,-0.03084602952003479
28,77,287,81,-0.035628557205200195
28,78,287,80,-0.038215041160583496
28,79,287,191,-0.042229533195495605
28,80,287,78,-0.04274594783782959
28,81,287,95,-0.04074054956436157
28,82,287,88,-0.04022812843322754
28,83,287,178,-0.037920743227005005
28,84,287,87,-0.033361732959747314
28,85,287,14,-0.025315359234809875
28,86,287,267,-0.013417646288871765
28,87,287,269,-0.006491869688034058
28,88,287,270,-0.0003075450658798218
28,89,287,409,0.005049087107181549
28,90,287,291,0.008427321910858154
28,91,287,375,0.00536876916885376
28,92,287,321,-0.0002757608890533447
28,93,287,405,-0.007750347256660461
28,94,287,314,-0.016004204750061035
28,95,287,302,-0.013403162360191345
28,96,287,303,-0.006065845489501953
28,97,287,304,-0.00034315139055252075
28,98,287,408,0.004916869103908539
28,99,287,307,0.004606939852237701
28,100,287,320,-0.0010370612144470215
28,101,287,404,-0.008047327399253845
28,102,287,315,-0.016224175691604614
28,103,287,268,-0.013238400220870972
28,104,287,271,-0.0059394389390945435
28,105,287,272,-0.0006495639681816101
28,106,287,325,0.0031044483184814453
28,107,287,319,-0.0024232417345046997
28,108,287,403,-0.008526444435119629
28,109,287,316,-0.01599462330341339
28,110,287,312,-0.013529881834983826
28,111,287,311,-0.006813660264015198
28,112,287,310,-0.0018019899725914001
28,113,287,415,0.004200451076030731
28,114,287,308,0.005662683397531509
28,115,287,324,0.0011612549424171448
28,116,287,318,-0.002642810344696045
28,117,287,402,-0.008098125457763672
28,118,287,317,-0.015179991722106934
29,30,273,335,-0.0013295598328113556
29,31,273,406,-0.0048782601952552795
29,32,273,313,-0.01127690076828003
29,33,273,421,-0.012248866260051727
29,34,273,418,-0.006553996354341507
29,35,273,424,0.0010387690272182226
29,36,273,422,0.00423673540353775
29,37,273,432,0.0027517974376678467
29,38,273,436,0.0015376247465610504
29,39,273,426,0.0029961280524730682
29,40,273,423,-0.0051218122243881226
29,41,273,427,0.001719258725643158
29,42,273,425,0.001700662076473236
29,43,273,327,-0.00717463344335556
29,44,273,326,-0.00894138216972351
29,45,273,0,-0.02031785249710083
29,46,273,37,-0.028425738215446472
29,47,273,39,-0.03381654620170593
29,48,273,40,-0.03803044557571411
29,49,273,185,-0.04154181480407715
29,50,273,61,-0.043803632259368896
29,51,273,146,-0.04430711269378662
29,52,273,91,-0.04236653447151184
29,53,273,181,-0.03834220767021179
29,54,273,84,-0.0326850563287735
29,55,273,17,-0.024290353059768677
29,56,273,11,-0.02086615562438965
29,57,273,72,-0.029047474265098572
29,58,273,73,-0.03446751832962036
29,59,273,74,-0.03819426894187927
29,60,273,184,-0.04155281186103821
29,61,273,77,-0.0435371994972229
29,62,273,90,-0.0414128303527832
29,63,273,180,-0.03811207413673401
29,64,273,85,-0.03283926844596863
29,65,273,16,-0.024598360061645508
29,66,273,12,-0.021138131618499756
29,67,273,38,-0.029451578855514526
29,68,273,41,-0.034625113010406494
29,69,273,42,-0.03789106011390686
29,70,273,96,-0.04180115461349487
29,71,273,89,-0.039627790451049805
29,72,273,179,-0.03706479072570801
29,73,273,86,-0.0324859619140625
29,74,273,15,-0.02434229850769043
29,75,273,13,-0.021258890628814697
29,76,273,82,-0.029138341546058655
29,77,273,81,-0.033920854330062866
29,78,273,80,-0.03650733828544617
29,79,273,191,-0.040521860122680664
29,80,273,78,-0.04103824496269226
29,81,273,95,-0.03903284668922424
29,82,273,88,-0.03852039575576782
29,83,273,178,-0.036213070154190063
29,84,273,87,-0.0316540002822876
29,85,273,14,-0.02360767126083374
29,86,273,267,-0.011709943413734436
29,87,273,269,-0.0047841668128967285
29,88,273,270,0.001400139182806015
29,89,273,409,0.006756775081157684
29,90,273,291,0.010135012678802013
29,91,273,375,0.007076459005475044
29,92,273,321,0.001431923359632492
29,93,273,405,-0.0060426294803619385
29,94,273,314,-0.014296531677246094
29,95,273,302,-0.01169547438621521
29,96,273,303,-0.004358172416687012
29,97,273,304,0.0013645291328430176
29,98,273,408,0.006624549627304077
29,99,273,307,0.006314627826213837
29,100,273,320,0.0006706267595291138
29,101,273,404,-0.00633963942527771
29,102,273,315,-0.014516502618789673
29,103,273,268,-0.011530697345733643
29,104,273,271,-0.004231765866279602
29,105,273,272,0.001058131456375122
29,106,273,325,0.004812140017747879
29,107,273,319,-0.0007155537605285645
29,108,273,403,-0.0068187713623046875
29,109,273,316,-0.01428695023059845
29,110,273,312,-0.01182219386100769
29,111,273,311,-0.005105979740619659
29,112,273,310,-9.430199861526489e-05
29,113,273,415,0.0059081390500068665
29,114,273,308,0.007370369508862495
29,115,273,324,0.0028689391911029816
29,116,273,318,-0.0009351223707199097
29,117,273,402,-0.006390459835529327
29,118,273,317,-0.013472288846969604
30,31,335,406,-0.0035486966371536255
30,32,335,313,-0.009947344660758972
30,33,335,421,-0.010919302701950073
30,34,335,418,-0.0052244337275624275
30,35,335,424,0.0033189840614795685
30,36,335,422,0.002907171845436096
30,37,335,432,0.0014222264289855957
30,38,335,436,0.00020806491374969482
30,39,335,426,0.0016665644943714142
30,40,335,423,0.003792249597609043
30,41,335,427,0.00038971006870269775
30,42,335,425,0.0003711134195327759
30,43,335,327,-0.005845081061124802
30,44,335,326,-0.007611803710460663
30,45,335,0,-0.01898832619190216
30,46,335,37,-0.027096182107925415
30,47,335,39,-0.03248700499534607
30,48,335,40,-0.03670087456703186
30,49,335,185,-0.040212273597717285
30,50,335,61,-0.04247403144836426
30,51,335,146,-0.04297754168510437
30,52,335,91,-0.0410369336605072
30,53,335,181,-0.03701260685920715
30,54,335,84,-0.03135550022125244
30,55,335,17,-0.022960782051086426
30,56,335,11,-0.019536614418029785
30,57,335,72,-0.027717918157577515
30,58,335,73,-0.033137962222099304
30,59,335,74,-0.036864668130874634
30,60,335,184,-0.04022324085235596
30,61,335,77,-0.04220759868621826
30,62,335,90,-0.04008328914642334
30,63,335,180,-0.03678251802921295
30,64,335,85,-0.031509727239608765
30,65,335,16,-0.02326880395412445
30,66,335,12,-0.019808590412139893
30,67,335,38,-0.028122037649154663
30,68,335,41,-0.03329552710056305
30,69,335,42,-0.03656148910522461
30,70,335,96,-0.0404716432094574
30,71,335,89,-0.038298219442367554
30,72,335,179,-0.03573523461818695
30,73,335,86,-0.031156405806541443
30,74,335,15,-0.02301269769668579
30,75,335,13,-0.019929304718971252
30,76,335,82,-0.027808770537376404
30,77,335,81,-0.032591313123703
30,78,335,80,-0.035177797079086304
30,79,335,191,-0.0391923189163208
30,80,335,78,-0.0397087037563324
30,81,335,95,-0.03770330548286438
30,82,335,88,-0.03719082474708557
30,83,335,178,-0.03488348424434662
30,84,335,87,-0.03032444417476654
30,85,335,14,-0.022278115153312683
30,86,335,267,-0.010380402207374573
30,87,335,269,-0.0034546032547950745
30,88,335,270,0.002729702740907669
30,89,335,409,-0.008086338639259338
30,90,335,291,-0.011464576236903667
30,91,335,375,-0.00592420669272542
30,92,335,321,0.0027614831924438477
30,93,335,405,-0.004713084548711777
30,94,335,314,-0.012966953217983246
30,95,335,302,-0.010365918278694153
30,96,335,303,-0.0030286088585853577
30,97,335,304,0.00269409641623497
30,98,335,408,0.0028571607545018196
30,99,335,307,0.007644191849976778
30,100,335,320,0.002000192180275917
30,101,335,404,-0.005010083317756653
30,102,335,315,-0.013186916708946228
30,103,335,268,-0.010201141238212585
30,104,335,271,-0.002902187407016754
30,105,335,272,0.0023876987397670746
30,106,335,325,0.0061417026445269585
30,107,335,319,0.0006140060722827911
30,108,335,403,-0.0054892078042030334
30,109,335,316,-0.012957386672496796
30,110,335,312,-0.01049264520406723
30,111,335,311,-0.0037764236330986023
30,112,335,310,0.0012352615594863892
30,113,335,415,0.007237697020173073
30,114,335,308,-0.008699930272996426
30,115,335,324,0.004198500886559486
30,116,335,318,0.0003944374620914459
30,117,335,402,-0.005060896277427673
30,118,335,317,-0.012142740190029144
31,32,406,313,-0.006398648023605347
31,33,406,421,-0.007370598614215851
31,34,406,418,0.0016757361590862274
31,35,406,424,-0.00022971630096435547
31,36,406,422,-0.0006415098905563354
31,37,406,432,-0.00212647020816803
31,38,406,436,-0.0033406317234039307
31,39,406,426,-0.001882120966911316
31,40,406,423,0.00024354830384254456
31,41,406,427,-0.003158971667289734
31,42,406,425,-0.0031775832176208496
31,43,406,327,-0.002296385122463107
31,44,406,326,-0.00406309962272644
31,45,406,0,-0.015439607203006744
31,46,406,37,-0.023547470569610596
31,47,406,39,-0.02893829345703125
31,48,406,40,-0.03315219283103943
31,49,406,185,-0.036663562059402466
31,50,406,61,-0.03892531991004944
31,51,406,146,-0.03942885994911194
31,52,406,91,-0.03748825192451477
31,53,406,181,-0.033463895320892334
31,54,406,84,-0.027806803584098816
31,55,406,17,-0.019412092864513397
31,56,406,11,-0.01598791778087616
31,57,406,72,-0.02416922152042389
31,58,406,73,-0.029589250683784485
31,59,406,74,-0.03331601619720459
31,60,406,184,-0.03667452931404114
31,61,406,77,-0.03865891695022583
31,62,406,90,-0.03653456270694733
31,63,406,180,-0.033233821392059326
31,64,406,85,-0.027961015701293945
31,65,406,16,-0.01972012221813202
31,66,406,12,-0.01625990867614746
31,67,406,38,-0.024573341012001038
31,68,406,41,-0.02974686026573181
31,69,406,42,-0.033012762665748596
31,70,406,96,-0.036922961473464966
31,71,406,89,-0.034749552607536316
31,72,406,179,-0.03218652307987213
31,73,406,86,-0.027607694268226624
31,74,406,15,-0.019464008510112762
31,75,406,13,-0.01638060063123703
31,76,406,82,-0.02426007390022278
31,77,406,81,-0.029042646288871765
31,78,406,80,-0.031629085540771484
31,79,406,191,-0.035643622279167175
31,80,406,78,-0.03615999221801758
31,81,406,95,-0.034154608845710754
31,82,406,88,-0.03364214301109314
31,83,406,178,-0.03133478760719299
31,84,406,87,-0.026775747537612915
31,85,406,14,-0.01872941106557846
31,86,406,267,-0.00683169811964035
31,87,406,269,9.40919853746891e-05
31,88,406,270,-0.0062783993780612946
31,89,406,409,-0.011635039001703262
31,90,406,291,-0.015013281255960464
31,91,406,375,-0.011954717338085175
31,92,406,321,-0.006310179829597473
31,93,406,405,-0.001164386048913002
31,94,406,314,-0.009418260306119919
31,95,406,302,-0.00681721419095993
31,96,406,303,0.0005200859159231186
31,97,406,304,-0.00624279398471117
31,98,406,408,-0.011502813547849655
31,99,406,307,-0.011192888021469116
31,100,406,320,-0.005548887886106968
31,101,406,404,-0.0014613810926675797
31,102,406,315,-0.009638231247663498
31,103,406,268,-0.00665244460105896
31,104,406,271,0.0006465017795562744
31,105,406,272,-0.005936393514275551
31,106,406,325,-0.00969039835035801
31,107,406,319,-0.004162705037742853
31,108,406,403,-0.0019405093044042587
31,109,406,316,-0.009408682584762573
31,110,406,312,-0.006943948566913605
31,111,406,311,-0.00022771954536437988
31,112,406,310,0.004409998655319214
31,113,406,415,-0.010786393657326698
31,114,406,308,-0.012248627841472626
31,115,406,324,-0.007747197523713112
31,116,406,318,0.0036574900150299072
31,117,406,402,-0.0015121996402740479
31,118,406,317,-0.008594036102294922
32,33,313,421,0.0009719524532556534
32,34,313,418,-0.004722908139228821
32,35,313,424,-0.006628349423408508
32,36,313,422,-0.007040172815322876
32,37,313,432,-0.008525103330612183
32,38,313,436,-0.009739279747009277
32,39,313,426,-0.00828079879283905
32,40,313,423,-0.006155095994472504
32,41,313,427,-0.009557604789733887
32,42,313,425,-0.009576216340065002
32,43,313,327,-0.004102267324924469
32,44,313,326,0.0023355484008789062
32,45,313,0,-0.009040970355272293
32,46,313,37,-0.017148829996585846
32,47,313,39,-0.022539615631103516
32,48,313,40,-0.026753544807434082
32,49,313,185,-0.030264899134635925
32,50,313,61,-0.03252671658992767
32,51,313,146,-0.033030182123184204
32,52,313,91,-0.03108958899974823
32,53,313,181,-0.02706526219844818
32,54,313,84,-0.021408163011074066
32,55,313,17,-0.01301344484090805
32,56,313,11,-0.009589266031980515
32,57,313,72,-0.017770566046237946
32,58,313,73,-0.023190602660179138
32,59,313,74,-0.026917368173599243
32,60,313,184,-0.03027588129043579
32,61,313,77,-0.03226028382778168
32,62,313,90,-0.030135929584503174
32,63,313,180,-0.026835143566131592
32,64,313,85,-0.021562382578849792
32,65,313,16,-0.013321463018655777
32,66,313,12,-0.009861249476671219
32,67,313,38,-0.018174685537815094
32,68,313,41,-0.02334819734096527
32,69,313,42,-0.026614144444465637
32,70,313,96,-0.03052428364753723
32,71,313,89,-0.02835087478160858
32,72,313,179,-0.02578788995742798
32,73,313,86,-0.021209053695201874
32,74,313,15,-0.013065364211797714
32,75,313,13,-0.009981945157051086
32,76,313,82,-0.017861410975456238
32,77,313,81,-0.02264396846294403
32,78,313,80,-0.02523045241832733
32,79,313,191,-0.029244959354400635
32,80,313,78,-0.02976134419441223
32,81,313,95,-0.027755945920944214
32,82,313,88,-0.02724352478981018
32,83,313,178,-0.024936139583587646
32,84,313,87,-0.02037709951400757
32,85,313,14,-0.012330763041973114
32,86,313,267,-0.0004330514930188656
32,87,313,269,-0.006492741405963898
32,88,313,270,-0.012677043676376343
32,89,313,409,-0.01803368330001831
32,90,313,291,-0.021411918103694916
32,91,313,375,-0.01835336536169052
32,92,313,321,-0.01270882785320282
32,93,313,405,-0.005234263837337494
32,94,313,314,-0.0030196132138371468
32,95,313,302,-0.0004185708239674568
32,96,313,303,-0.006918732076883316
32,97,313,304,-0.012641437351703644
32,98,313,408,-0.017901457846164703
32,99,313,307,-0.017591536045074463
32,100,313,320,-0.01194753497838974
32,101,313,404,-0.004937268793582916
32,102,313,315,-0.0032395808957517147
32,103,313,268,-0.00025379937142133713
32,104,313,271,-0.00704515166580677
32,105,313,272,-0.012335047125816345
32,106,313,325,-0.01608903706073761
32,107,313,319,-0.010561350733041763
32,108,313,403,-0.004458138719201088
32,109,313,316,-0.0030100345611572266
32,110,313,312,-0.0005452986806631088
32,111,313,311,-0.006170924752950668
32,112,313,310,-0.011182606220245361
32,113,313,415,-0.017185039818286896
32,114,313,308,-0.018647268414497375
32,115,313,324,-0.014145851135253906
32,116,313,318,-0.010341789573431015
32,117,313,402,-0.004886448383331299
32,118,313,317,-0.002195388078689575
33,34,421,418,-0.005694866180419922
33,35,421,424,-0.007600322365760803
33,36,421,422,-0.008012130856513977
33,37,421,432,-0.009497076272964478
33,38,421,436,-0.010711222887039185
33,39,421,426,-0.009252727031707764
33,40,421,423,-0.007127046585083008
33,41,421,427,-0.010529577732086182
33,42,421,425,-0.010548204183578491
33,43,421,327,-0.005074217915534973
33,44,421,326,0.0033075008541345596
33,45,421,0,-0.00806901603937149
33,46,421,37,-0.016176871955394745
33,47,421,39,-0.02156767249107361
33,48,421,40,-0.02578161656856537
33,49,421,185,-0.029292970895767212
33,50,421,61,-0.031554728746414185
33,51,421,146,-0.0320582240819931
33,52,421,91,-0.030117645859718323
33,53,421,181,-0.026093289256095886
33,54,421,84,-0.020436197519302368
33,55,421,17,-0.01204148679971695
33,56,421,11,-0.008617311716079712
33,57,421,72,-0.016798608005046844
33,58,421,73,-0.02221865952014923
33,59,421,74,-0.025945425033569336
33,60,421,184,-0.02930396795272827
33,61,421,77,-0.031288281083106995
33,62,421,90,-0.029163986444473267
33,63,421,180,-0.02586321532726288
33,64,421,85,-0.02059043198823929
33,65,421,16,-0.012349508702754974
33,66,421,12,-0.008889295160770416
33,67,421,38,-0.017202742397785187
33,68,421,41,-0.02237623929977417
33,69,421,42,-0.025642186403274536
33,70,421,96,-0.029552340507507324
33,71,421,89,-0.027378931641578674
33,72,421,179,-0.024815917015075684
33,73,421,86,-0.020237095654010773
33,74,421,15,-0.012093409895896912
33,75,421,13,-0.00901000201702118
33,76,421,82,-0.016889482736587524
33,77,421,81,-0.02167201042175293
33,78,421,80,-0.02425849437713623
33,79,421,191,-0.028273016214370728
33,80,421,78,-0.028789371252059937
33,81,421,95,-0.026783987879753113
33,82,421,88,-0.02627156674861908
33,83,421,178,-0.023964211344718933
33,84,421,87,-0.019405148923397064
33,85,421,14,-0.01135881245136261
33,86,421,267,0.0005389004945755005
33,87,421,269,-0.007464691996574402
33,88,421,270,-0.013649001717567444
33,89,421,409,-0.019005626440048218
33,90,421,291,-0.022383861243724823
33,91,421,375,-0.01932530850172043
33,92,421,321,-0.013680782169103622
33,93,421,405,-0.006206214427947998
33,94,421,314,-0.002047661691904068
33,95,421,302,0.000553380697965622
33,96,421,303,-0.007890686392784119
33,97,421,304,-0.013613399118185043
33,98,421,408,-0.018873415887355804
33,99,421,307,-0.018563486635684967
33,100,421,320,-0.012919489294290543
33,101,421,404,-0.00590921938419342
33,102,421,315,-0.0022676289081573486
33,103,421,268,0.0007181521505117416
33,104,421,271,-0.0080171013250947
33,105,421,272,-0.013306993991136551
33,106,421,325,-0.01706099510192871
33,107,421,319,-0.011533301323652267
33,108,421,403,-0.005430090241134167
33,109,421,316,-0.0020380839705467224
33,110,421,312,0.00042665377259254456
33,111,421,311,-0.007142878137528896
33,112,421,310,-0.012154556810855865
33,113,421,415,-0.0181569941341877
33,114,421,308,-0.019619226455688477
33,115,421,324,-0.015117794275283813
33,116,421,318,-0.011313732713460922
33,117,421,402,-0.005858400370925665
33,118,421,317,-0.0012234356254339218
34,35,418,424,-0.001905445009469986
34,36,418,422,-0.0023172572255134583
34,37,418,432,-0.0038022100925445557
34,38,418,436,-0.0050163790583610535
34,39,418,426,-0.0035578683018684387
34,40,418,423,-0.0014321841299533844
34,41,418,427,-0.004834726452827454
34,42,418,425,-0.0048533231019973755
34,43,418,327,-0.0006206482648849487
34,44,418,326,-0.0023873597383499146
34,45,418,0,-0.01376388967037201
34,46,418,37,-0.02187173068523407
34,47,418,39,-0.02726253867149353
34,48,418,40,-0.031476497650146484
34,49,418,185,-0.034987807273864746
34,50,418,61,-0.03724956512451172
34,51,418,146,-0.03775307536125183
34,52,418,91,-0.03581249713897705
34,53,418,181,-0.03178820013999939
34,54,418,84,-0.026131078600883484
34,55,418,17,-0.017736345529556274
34,56,418,11,-0.014312177896499634
34,57,418,72,-0.022493481636047363
34,58,418,73,-0.027913495898246765
34,59,418,74,-0.03164029121398926
34,60,418,184,-0.034998804330825806
34,61,418,77,-0.036983221769332886
34,62,418,90,-0.0348588228225708
34,63,418,180,-0.0315580815076828
34,64,418,85,-0.02628527581691742
34,65,418,16,-0.018044382333755493
34,66,418,12,-0.014584153890609741
34,67,418,38,-0.022897586226463318
34,68,418,41,-0.028071075677871704
34,69,418,42,-0.03133702278137207
34,70,418,96,-0.03524717688560486
34,71,418,89,-0.0330737829208374
34,72,418,179,-0.030510783195495605
34,73,418,86,-0.025931954383850098
34,74,418,15,-0.017788290977478027
34,75,418,13,-0.014704853296279907
34,76,418,82,-0.022584334015846252
34,77,418,81,-0.02736690640449524
34,78,418,80,-0.029953375458717346
34,79,418,191,-0.03396785259246826
34,80,418,78,-0.034484267234802246
34,81,418,95,-0.032478898763656616
34,82,418,88,-0.031966447830200195
34,83,418,178,-0.029659077525138855
34,84,418,87,-0.02510000765323639
34,85,418,14,-0.017053678631782532
34,86,418,267,-0.0051559582352638245
34,87,418,269,0.0017698295414447784
34,88,418,270,-0.0033530443906784058
34,89,418,409,-0.013310771435499191
34,90,418,291,-0.016689008101820946
34,91,418,375,-0.013630452565848827
34,92,418,321,0.007985916920006275
34,93,418,405,0.0005113519728183746
34,94,418,314,-0.007742531597614288
34,95,418,302,-0.0051414817571640015
34,96,418,303,0.0021958239376544952
34,97,418,304,0.007918531075119972
34,98,418,408,-0.013178547844290733
34,99,418,307,-0.012868625111877918
34,100,418,320,0.007224625907838345
34,101,418,404,0.000214356929063797
34,102,418,315,-0.00796249508857727
34,103,418,268,-0.004976712167263031
34,104,418,271,0.0023222453892230988
34,105,418,272,0.007612129673361778
34,106,418,325,-0.006927031092345715
34,107,418,319,0.0058384425938129425
34,108,418,403,-0.0002647712826728821
34,109,418,316,-0.007732950150966644
34,110,418,312,-0.005268216133117676
34,111,418,311,0.0014480166137218475
34,112,418,310,0.006459694355726242
34,113,418,415,0.007134667597711086
34,114,418,308,-0.013924362137913704
34,115,418,324,0.006908345501869917
34,116,418,318,0.005618870258331299
34,117,418,402,0.00016353651881217957
34,118,418,317,-0.006918296217918396
35,36,424,422,-0.00041180849075317383
35,37,424,432,-0.0018967539072036743
35,38,424,436,-0.003110922873020172
35,39,424,426,-0.001652417704463005
35,40,424,423,-0.00047326646745204926
35,41,424,427,-0.002929285168647766
35,42,424,425,-0.002947881817817688
35,43,424,327,-0.0025260895490646362
35,44,424,326,-0.00429283082485199
35,45,424,0,-0.015669330954551697
35,46,424,37,-0.02377718687057495
35,47,424,39,-0.029167979955673218
35,48,424,40,-0.033381909132003784
35,49,424,185,-0.03689327836036682
35,50,424,61,-0.039155036211013794
35,51,424,146,-0.03965860605239868
35,52,424,91,-0.037717968225479126
35,53,424,181,-0.03369361162185669
35,54,424,84,-0.028036534786224365
35,55,424,17,-0.019641771912574768
35,56,424,11,-0.01621761918067932
35,57,424,72,-0.024398937821388245
35,58,424,73,-0.02981892228126526
35,59,424,74,-0.033545732498168945
35,60,424,184,-0.03690424561500549
35,61,424,77,-0.038888633251190186
35,62,424,90,-0.036764323711395264
35,63,424,180,-0.033463507890701294
35,64,424,85,-0.0281907320022583
35,65,424,16,-0.019949793815612793
35,66,424,12,-0.01648959517478943
35,67,424,38,-0.024803072214126587
35,68,424,41,-0.029976576566696167
35,69,424,42,-0.03324252367019653
35,70,424,96,-0.037152618169784546
35,71,424,89,-0.03497922420501709
35,72,424,179,-0.03241625428199768
35,73,424,86,-0.027837440371513367
35,74,424,15,-0.019693702459335327
35,75,424,13,-0.0166102796792984
35,76,424,82,-0.024489790201187134
35,77,424,81,-0.02927231788635254
35,78,424,80,-0.03185880184173584
35,79,424,191,-0.03587332367897034
35,80,424,78,-0.036389708518981934
35,81,424,95,-0.034384310245513916
35,82,424,88,-0.03387188911437988
35,83,424,178,-0.031564533710479736
35,84,424,87,-0.027005493640899658
35,85,424,14,-0.01895911991596222
35,86,424,267,-0.007061421871185303
35,87,424,269,-0.00013562291860580444
35,88,424,270,0.0060486868023872375
35,89,424,409,0.011405322700738907
35,90,424,291,0.014783558435738087
35,91,424,375,0.011725002899765968
35,92,424,321,0.006080467253923416
35,93,424,405,-0.0013940930366516113
35,94,424,314,-0.009647980332374573
35,95,424,302,-0.007046937942504883
35,96,424,303,0.0002903789281845093
35,97,424,304,0.006013084203004837
35,98,424,408,0.0112730972468853
35,99,424,307,0.01096317544579506
35,100,424,320,0.005319178104400635
35,101,424,404,-0.0016910955309867859
35,102,424,315,-0.009867936372756958
35,103,424,268,-0.006882146000862122
35,104,424,271,0.00041678547859191895
35,105,424,272,0.005706675350666046
35,106,424,325,0.009460680186748505
35,107,424,319,0.00393299013376236
35,108,424,403,-0.0021702200174331665
35,109,424,316,-0.009638383984565735
35,110,424,312,-0.007173672318458557
35,111,424,311,-0.0004574432969093323
35,112,424,310,0.004554249346256256
35,113,424,415,0.01055668294429779
35,114,424,308,0.01201891340315342
35,115,424,324,0.007517479360103607
35,116,424,318,0.0037134215235710144
35,117,424,402,-0.0017419159412384033
35,118,424,317,-0.008823752403259277
36,37,422,432,-0.0014849435538053513
36,38,422,436,-0.0026991134509444237
36,39,422,426,0.0012406092137098312
36,40,422,423,-0.0008850768208503723
36,41,422,427,-0.0025174617767333984
36,42,422,425,-0.002536073327064514
36,43,422,327,-0.002937912940979004
36,44,422,326,-0.00470462441444397
36,45,422,0,-0.016081109642982483
36,46,422,37,-0.024188995361328125
36,47,422,39,-0.02957978844642639
36,48,422,40,-0.033793747425079346
36,49,422,185,-0.03730511665344238
36,50,422,61,-0.03956690430641174
36,51,422,146,-0.04007032513618469
36,52,422,91,-0.0381297767162323
36,53,422,181,-0.03410547971725464
36,54,422,84,-0.02844834327697754
36,55,422,17,-0.02005361020565033
36,56,422,11,-0.016629427671432495
36,57,422,72,-0.024810731410980225
36,58,422,73,-0.030230730772018433
36,59,422,74,-0.03395751118659973
36,60,422,184,-0.037316083908081055
36,61,422,77,-0.03930047154426575
36,62,422,90,-0.03717613220214844
36,63,422,180,-0.03387531638145447
36,64,422,85,-0.028602570295333862
36,65,422,16,-0.020361632108688354
36,66,422,12,-0.016901418566703796
36,67,422,38,-0.02521488070487976
36,68,422,41,-0.030388355255126953
36,69,422,42,-0.03365430235862732
36,70,422,96,-0.03756445646286011
36,71,422,89,-0.035391032695770264
36,72,422,179,-0.032828062772750854
36,73,422,86,-0.028249233961105347
36,74,422,15,-0.02010554075241089
36,75,422,13,-0.01702214777469635
36,76,422,82,-0.024901598691940308
36,77,422,81,-0.029684126377105713
36,78,422,80,-0.0322706401348114
36,79,422,191,-0.0362851619720459
36,80,422,78,-0.036801546812057495
36,81,422,95,-0.03479614853858948
36,82,422,88,-0.03428369760513306
36,83,422,178,-0.03197634220123291
36,84,422,87,-0.027417272329330444
36,85,422,14,-0.019370928406715393
36,86,422,267,-0.0074732303619384766
36,87,422,269,-0.0005474239587783813
36,88,422,270,0.005636878311634064
36,89,422,409,0.010993510484695435
36,90,422,291,0.01437174528837204
36,91,422,375,0.011313199996948242
36,92,422,321,0.005668647587299347
36,93,422,405,-0.0018059015274047852
36,94,422,314,-0.010059788823127747
36,95,422,302,-0.007458746433258057
36,96,422,303,-0.0001214444637298584
36,97,422,304,0.005601264536380768
36,98,422,408,0.010861285030841827
36,99,422,307,0.010551363229751587
36,100,422,320,0.004907369613647461
36,101,422,404,-0.002102896571159363
36,102,422,315,-0.010279759764671326
36,103,422,268,-0.007293954491615295
36,104,422,271,4.991888999938965e-06
36,105,422,272,0.005294874310493469
36,106,422,325,0.009048879146575928
36,107,422,319,0.003521181643009186
36,108,422,403,-0.0025820285081863403
36,109,422,316,-0.010050207376480103
36,110,422,312,-0.007585480809211731
36,111,422,311,-0.000869259238243103
36,112,422,310,0.004142433404922485
36,113,422,415,0.010144859552383423
36,114,422,308,0.011607110500335693
36,115,422,324,0.00710567831993103
36,116,422,318,0.0033016204833984375
36,117,422,402,-0.002153724431991577
36,118,422,317,-0.009235560894012451
37,38,432,436,0.0012141689658164978
37,39,432,426,-0.00024433061480522156
37,40,432,423,-0.002370022237300873
37,41,432,427,-0.0010325312614440918
37,42,432,425,-0.0010511307045817375
37,43,432,327,-0.004422858357429504
37,44,432,326,-0.0061895400285720825
37,45,432,0,-0.017566055059432983
37,46,432,37,-0.02567392587661743
37,47,432,39,-0.031064778566360474
37,48,432,40,-0.035278648138046265
37,49,432,185,-0.0387900173664093
37,50,432,61,-0.04105180501937866
37,51,432,146,-0.04155528545379639
37,52,432,91,-0.03961476683616638
37,53,432,181,-0.03559035062789917
37,54,432,84,-0.029933243989944458
37,55,432,17,-0.02153855562210083
37,56,432,11,-0.01811438798904419
37,57,432,72,-0.02629569172859192
37,58,432,73,-0.031715720891952515
37,59,432,74,-0.035442471504211426
37,60,432,184,-0.03880104422569275
37,61,432,77,-0.04078531265258789
37,62,432,90,-0.038661032915115356
37,63,432,180,-0.03536027669906616
37,64,432,85,-0.03008747100830078
37,65,432,16,-0.02184659242630005
37,66,432,12,-0.01838633418083191
37,67,432,38,-0.02669978141784668
37,68,432,41,-0.03187328577041626
37,69,432,42,-0.035139232873916626
37,70,432,96,-0.039049386978149414
37,71,432,89,-0.036876022815704346
37,72,432,179,-0.03431299328804016
37,73,432,86,-0.029734134674072266
37,74,432,15,-0.021590471267700195
37,75,432,13,-0.01850709319114685
37,76,432,82,-0.026386529207229614
37,77,432,81,-0.03116905689239502
37,78,432,80,-0.03375554084777832
37,79,432,191,-0.03777006268501282
37,80,432,78,-0.038286447525024414
37,81,432,95,-0.03628110885620117
37,82,432,88,-0.03576862812042236
37,83,432,178,-0.03346124291419983
37,84,432,87,-0.02890220284461975
37,85,432,14,-0.02085590362548828
37,86,432,267,-0.008958175778388977
37,87,432,269,-0.002032354474067688
37,88,432,270,0.00415194034576416
37,89,432,409,0.009508572518825531
37,90,432,291,0.012886807322502136
37,91,432,375,0.009828254580497742
37,92,432,321,0.004183709621429443
37,93,432,405,-0.0032908618450164795
37,94,432,314,-0.011544719338417053
37,95,432,302,-0.008943706750869751
37,96,432,303,-0.0016063600778579712
37,97,432,304,0.004116326570510864
37,98,432,408,0.009376347064971924
37,99,432,307,0.009066425263881683
37,100,432,320,0.0034224241971969604
37,101,432,404,-0.003587856888771057
37,102,432,315,-0.011764675378799438
37,103,432,268,-0.008778929710388184
37,104,432,271,-0.0014799535274505615
37,105,432,272,0.0038099437952041626
37,106,432,325,0.007563941180706024
37,107,432,319,0.002036258578300476
37,108,432,403,-0.004066973924636841
37,109,432,316,-0.011535167694091797
37,110,432,312,-0.009070396423339844
37,111,432,311,-0.0023541897535324097
37,112,432,310,0.002657487988471985
37,113,432,415,0.008659929037094116
37,114,432,308,0.010122165083885193
37,115,432,324,0.00562073290348053
37,116,432,318,0.0018166601657867432
37,117,432,402,-0.003638654947280884
37,118,432,317,-0.010720491409301758
38,39,436,426,-0.0014585033059120178
38,40,436,423,-0.0035841912031173706
38,41,436,427,0.00018164515495300293
38,42,436,425,0.00016304105520248413
38,43,436,327,-0.005637019872665405
38,44,436,326,-0.007403761148452759
38,45,436,0,-0.018780261278152466
38,46,436,37,-0.026888102293014526
38,47,436,39,-0.03227889537811279
38,48,436,40,-0.03649282455444336
38,49,436,185,-0.040004223585128784
38,50,436,61,-0.04226598143577576
38,51,436,146,-0.042769432067871094
38,52,436,91,-0.040828853845596313
38,53,436,181,-0.036804527044296265
38,54,436,84,-0.03114745020866394
38,55,436,17,-0.02275271713733673
38,56,436,11,-0.01932854950428009
38,57,436,72,-0.0275098979473114
38,58,436,73,-0.03292989730834961
38,59,436,74,-0.03665661811828613
38,60,436,184,-0.040015190839767456
38,61,436,77,-0.04199951887130737
38,62,436,90,-0.03987523913383484
38,63,436,180,-0.03657445311546326
38,64,436,85,-0.031301677227020264
38,65,436,16,-0.023060739040374756
38,66,436,12,-0.019600525498390198
38,67,436,38,-0.027913957834243774
38,68,436,41,-0.03308749198913574
38,69,436,42,-0.03635343909263611
38,70,436,96,-0.04026356339454651
38,71,436,89,-0.03809016942977905
38,72,436,179,-0.035527199506759644
38,73,436,86,-0.03094831109046936
38,74,436,15,-0.022804632782936096
38,75,436,13,-0.019721224904060364
38,76,436,82,-0.027600735425949097
38,77,436,81,-0.0323832631111145
38,78,436,80,-0.0349697470664978
38,79,436,191,-0.0389842689037323
38,80,436,78,-0.039500653743743896
38,81,436,95,-0.03749522566795349
38,82,436,88,-0.03698277473449707
38,83,436,178,-0.034675419330596924
38,84,436,87,-0.030116409063339233
38,85,436,14,-0.02207005023956299
38,86,436,267,-0.010172322392463684
38,87,436,269,-0.0032465457916259766
38,88,436,270,0.0029377713799476624
38,89,436,409,0.008294403553009033
38,90,436,291,0.011672645807266235
38,91,436,375,0.008614085614681244
38,92,436,321,0.0029695406556129456
38,93,436,405,-0.0045050084590911865
38,94,436,314,-0.012758895754814148
38,95,436,302,-0.010157853364944458
38,96,436,303,-0.002820536494255066
38,97,436,304,0.0029021650552749634
38,98,436,408,0.008162178099155426
38,99,436,307,0.007852256298065186
38,100,436,320,0.0022082552313804626
38,101,436,404,-0.004802033305168152
38,102,436,315,-0.012978866696357727
38,103,436,268,-0.00999307632446289
38,104,436,271,-0.0026941299438476562
38,105,436,272,0.002595752477645874
38,106,436,325,0.006349772214889526
38,107,436,319,0.0008220821619033813
38,108,436,403,-0.0052811503410339355
38,109,436,316,-0.012749314308166504
38,110,436,312,-0.010284572839736938
38,111,436,311,-0.0035683512687683105
38,112,436,310,0.001443326473236084
38,113,436,415,0.0074457526206970215
38,114,436,308,0.008907996118068695
38,115,436,324,0.004406556487083435
38,116,436,318,0.0006024986505508423
38,117,436,402,-0.0048528313636779785
38,118,436,317,-0.011934682726860046
39,40,426,423,-0.0021256841719150543
39,41,426,427,-0.0012768656015396118
39,42,426,425,-0.0012954659759998322
39,43,426,327,-0.004178524017333984
39,44,426,326,-0.00594523549079895
39,45,426,0,-0.017321735620498657
39,46,426,37,-0.025429576635360718
39,47,426,39,-0.030820399522781372
39,48,426,40,-0.035034358501434326
39,49,426,185,-0.038545697927474976
39,50,426,61,-0.040807485580444336
39,51,426,146,-0.04131096601486206
39,52,426,91,-0.03937038779258728
39,53,426,181,-0.035346031188964844
39,54,426,84,-0.029688984155654907
39,55,426,17,-0.02129422128200531
39,56,426,11,-0.017870038747787476
39,57,426,72,-0.026051342487335205
39,58,426,73,-0.03147134184837341
39,59,426,74,-0.03519818186759949
39,60,426,184,-0.03855666518211365
39,61,426,77,-0.04054102301597595
39,62,426,90,-0.03841671347618103
39,63,426,180,-0.03511592745780945
39,64,426,85,-0.029843151569366455
39,65,426,16,-0.02160222828388214
39,66,426,12,-0.018142029643058777
39,67,426,38,-0.026455461978912354
39,68,426,41,-0.03162899613380432
39,69,426,42,-0.03489488363265991
39,70,426,96,-0.038805097341537476
39,71,426,89,-0.03663170337677002
39,72,426,179,-0.034068673849105835
39,73,426,86,-0.02948981523513794
39,74,426,15,-0.021346136927604675
39,75,426,13,-0.018262729048728943
39,76,426,82,-0.026142209768295288
39,77,426,81,-0.030924737453460693
39,78,426,80,-0.03351125121116638
39,79,426,191,-0.037525713443756104
39,80,426,78,-0.038042157888412476
39,81,426,95,-0.03603672981262207
39,82,426,88,-0.03552430868148804
39,83,426,178,-0.0332169234752655
39,84,426,87,-0.028657883405685425
39,85,426,14,-0.020611554384231567
39,86,426,267,-0.008713826537132263
39,87,426,269,-0.0017880424857139587
39,88,426,270,0.00439627468585968
39,89,426,409,0.009752903133630753
39,90,426,291,0.013131141662597656
39,91,426,375,0.010072588920593262
39,92,426,321,0.00442805141210556
39,93,426,405,-0.0030465126037597656
39,94,426,314,-0.011300399899482727
39,95,426,302,-0.008699342608451843
39,96,426,303,-0.001362048089504242
39,97,426,304,0.004360660910606384
39,98,426,408,0.009620677679777145
39,99,426,307,0.009310759603977203
39,100,426,320,0.0036667585372924805
39,101,426,404,-0.00334351509809494
39,102,426,315,-0.011520355939865112
39,103,426,268,-0.008534565567970276
39,104,426,271,-0.0012356340885162354
39,105,426,272,0.004054255783557892
39,106,426,325,0.007808268070220947
39,107,426,319,0.0022805705666542053
39,108,426,403,-0.003822624683380127
39,109,426,316,-0.011290818452835083
39,110,426,312,-0.008826062083244324
39,111,426,311,-0.0021098703145980835
39,112,426,310,0.002901829779148102
39,113,426,415,0.00890425592660904
39,114,426,308,0.010366499423980713
39,115,426,324,0.005865074694156647
39,116,426,318,0.002060994505882263
39,117,426,402,-0.0033943504095077515
39,118,426,317,-0.010476157069206238
40,41,423,427,-0.0034025460481643677
40,42,423,425,-0.0034211426973342896
40,43,423,327,-0.0020528361201286316
40,44,423,326,-0.0038195401430130005
40,45,423,0,-0.015196070075035095
40,46,423,37,-0.023303911089897156
40,47,423,39,-0.028694719076156616
40,48,423,40,-0.03290867805480957
40,49,423,185,-0.03642001748085022
40,50,423,61,-0.03868180513381958
40,51,423,146,-0.03918525576591492
40,52,423,91,-0.03724467754364014
40,53,423,181,-0.03322035074234009
40,54,423,84,-0.027563244104385376
40,55,423,17,-0.01916852593421936
40,56,423,11,-0.01574435830116272
40,57,423,72,-0.02392563223838806
40,58,423,73,-0.029345721006393433
40,59,423,74,-0.033072471618652344
40,60,423,184,-0.03643101453781128
40,61,423,77,-0.038415372371673584
40,62,423,90,-0.036291033029556274
40,63,423,180,-0.03299027681350708
40,64,423,85,-0.02771744132041931
40,65,423,16,-0.019476577639579773
40,66,423,12,-0.01601634919643402
40,67,423,38,-0.02432975172996521
40,68,423,41,-0.029503285884857178
40,69,423,42,-0.032769203186035156
40,70,423,96,-0.036679357290267944
40,71,423,89,-0.03450596332550049
40,72,423,179,-0.03194296360015869
40,73,423,86,-0.02736416459083557
40,74,423,15,-0.01922045648097992
40,75,423,13,-0.016137048602104187
40,76,423,82,-0.024016499519348145
40,77,423,81,-0.02879910171031952
40,78,423,80,-0.03138554096221924
40,79,423,191,-0.03540009260177612
40,80,423,78,-0.03591644763946533
40,81,423,95,-0.033911049365997314
40,82,423,88,-0.03339862823486328
40,83,423,178,-0.031091272830963135
40,84,423,87,-0.02653217315673828
40,85,423,14,-0.018485859036445618
40,86,423,267,-0.006588153541088104
40,87,423,269,0.00033765286207199097
40,88,423,270,0.006521953269839287
40,89,423,409,0.011878588236868382
40,90,423,291,-0.010178128257393837
40,91,423,375,0.012198270298540592
40,92,423,321,0.006553735584020615
40,93,423,405,-0.0009208321571350098
40,94,423,314,-0.009174704551696777
40,95,423,302,-0.006573669612407684
40,96,423,303,0.0007636398077011108
40,97,423,304,0.006486345082521439
40,98,423,408,0.011746365576982498
40,99,423,307,0.011436440981924534
40,100,423,320,0.005792442709207535
40,101,423,404,-0.0012178346514701843
40,102,423,315,-0.009394675493240356
40,103,423,268,-0.00640888512134552
40,104,423,271,0.0008900687098503113
40,105,423,272,0.00617995485663414
40,106,423,325,0.009933950379490852
40,107,423,319,0.004406262189149857
40,108,423,403,-0.001696959137916565
40,109,423,316,-0.009165123105049133
40,110,423,312,-0.006700396537780762
40,111,423,311,1.5832483768463135e-05
40,112,423,310,0.005027513951063156
40,113,423,415,0.01102994754910469
40,114,423,308,0.012492179870605469
40,115,423,324,0.007990751415491104
40,116,423,318,0.004186689853668213
40,117,423,402,-0.0012686476111412048
40,118,423,317,-0.008350476622581482
41,42,427,425,1.86040997505188e-05
41,43,427,327,-0.00545540452003479
41,44,427,326,-0.007222086191177368
41,45,427,0,-0.018598586320877075
41,46,427,37,-0.02670648694038391
41,47,427,39,-0.0320972204208374
41,48,427,40,-0.03631123900413513
41,49,427,185,-0.03982260823249817
41,50,427,61,-0.04208427667617798
41,51,427,146,-0.042587876319885254
41,52,427,91,-0.0406472384929657
41,53,427,181,-0.03662288188934326
41,54,427,84,-0.030965805053710938
41,55,427,17,-0.022571057081222534
41,56,427,11,-0.019146889448165894
41,57,427,72,-0.027328193187713623
41,58,427,73,-0.03274819254875183
41,59,427,74,-0.036475032567977905
41,60,427,184,-0.03983354568481445
41,61,427,77,-0.041817933320999146
41,62,427,90,-0.039693593978881836
41,63,427,180,-0.03639283776283264
41,64,427,85,-0.031120002269744873
41,65,427,16,-0.022879093885421753
41,66,427,12,-0.01941889524459839
41,67,427,38,-0.02773231267929077
41,68,427,41,-0.03290581703186035
41,69,427,42,-0.03617176413536072
41,70,427,96,-0.040081918239593506
41,71,427,89,-0.03790852427482605
41,72,427,179,-0.035345494747161865
41,73,427,86,-0.030766695737838745
41,74,427,15,-0.022623062133789062
41,75,427,13,-0.01953953504562378
41,76,427,82,-0.02741903066635132
41,77,427,81,-0.03220158815383911
41,78,427,80,-0.0347881019115448
41,79,427,191,-0.0388026237487793
41,80,427,78,-0.03931906819343567
41,81,427,95,-0.0373135507106781
41,82,427,88,-0.036801159381866455
41,83,427,178,-0.03449377417564392
41,84,427,87,-0.029934704303741455
41,85,427,14,-0.021888405084609985
41,86,427,267,-0.009990721940994263
41,87,427,269,-0.0030649006366729736
41,88,427,270,0.0031194090843200684
41,89,427,409,0.008476048707962036
41,90,427,291,0.011854276061058044
41,91,427,375,0.008795708417892456
41,92,427,321,0.0031511783599853516
41,93,427,405,-0.004323363304138184
41,94,427,314,-0.012577265501022339
41,95,427,302,-0.009976238012313843
41,96,427,303,-0.0026389211416244507
41,97,427,304,0.0030837953090667725
41,98,427,408,0.008343815803527832
41,99,427,307,0.008033886551856995
41,100,427,320,0.0023898929357528687
41,101,427,404,-0.004620373249053955
41,102,427,315,-0.012797236442565918
41,103,427,268,-0.009811460971832275
41,104,427,271,-0.002512514591217041
41,105,427,272,0.002777412533760071
41,106,427,325,0.006531417369842529
41,107,427,319,0.0010037124156951904
41,108,427,403,-0.005099505186080933
41,109,427,316,-0.012567639350891113
41,110,427,312,-0.010102957487106323
41,111,427,311,-0.0033867359161376953
41,112,427,310,0.001624971628189087
41,113,427,415,0.007627397775650024
41,114,427,308,0.009089648723602295
41,115,427,324,0.004588201642036438
41,116,427,318,0.0007841587066650391
41,117,427,402,-0.004671186208724976
41,118,427,317,-0.011753052473068237
42,43,425,327,-0.005473971366882324
42,44,425,326,-0.007240712642669678
42,45,425,0,-0.018617242574691772
42,46,425,37,-0.026725083589553833
42,47,425,39,-0.03211584687232971
42,48,425,40,-0.036329835653305054
42,49,425,185,-0.0398411750793457
42,50,425,61,-0.04210290312767029
42,51,425,146,-0.042606353759765625
42,52,425,91,-0.04066580533981323
42,53,425,181,-0.03664150834083557
42,54,425,84,-0.03098440170288086
42,55,425,17,-0.022589683532714844
42,56,425,11,-0.019165515899658203
42,57,425,72,-0.02734684944152832
42,58,425,73,-0.03276681900024414
42,59,425,74,-0.03649356961250305
42,60,425,184,-0.039852142333984375
42,61,425,77,-0.04183650016784668
42,62,425,90,-0.039712220430374146
42,63,425,180,-0.036411404609680176
42,64,425,85,-0.031138598918914795
42,65,425,16,-0.022897690534591675
42,66,425,12,-0.019437521696090698
42,67,425,38,-0.027750909328460693
42,68,425,41,-0.03292447328567505
42,69,425,42,-0.03619036078453064
42,70,425,96,-0.0401005744934082
42,71,425,89,-0.037927091121673584
42,72,425,179,-0.035364121198654175
42,73,425,86,-0.030785322189331055
42,74,425,15,-0.02264159917831421
42,75,425,13,-0.019558191299438477
42,76,425,82,-0.027437657117843628
42,77,425,81,-0.03222021460533142
42,78,425,80,-0.03480672836303711
42,79,425,191,-0.03882122039794922
42,80,425,78,-0.0393376350402832
42,81,425,95,-0.0373322069644928
42,82,425,88,-0.03681972622871399
42,83,425,178,-0.03451240062713623
42,84,425,87,-0.029953360557556152
42,85,425,14,-0.021907031536102295
42,86,425,267,-0.010009288787841797
42,87,425,269,-0.0030834972858428955
42,88,425,270,0.003100782632827759
42,89,425,409,0.008457444608211517
42,90,425,291,0.01183568686246872
42,91,425,375,0.008777126669883728
42,92,425,321,0.0031325817108154297
42,93,425,405,-0.004341974854469299
42,94,425,314,-0.012595832347869873
42,95,425,302,-0.00999481976032257
42,96,425,303,-0.002657487988471985
42,97,425,304,0.0030651986598968506
42,98,425,408,0.00832521915435791
42,99,425,307,0.008015282452106476
42,100,425,320,0.002371281385421753
42,101,425,404,-0.004638999700546265
42,102,425,315,-0.012815818190574646
42,103,425,268,-0.009830042719841003
42,104,425,271,-0.002531096339225769
42,105,425,272,0.002758800983428955
42,106,425,325,0.00651279091835022
42,107,425,319,0.0009851157665252686
42,108,425,403,-0.005118116736412048
42,109,425,316,-0.012586280703544617
42,110,425,312,-0.010121539235115051
42,111,425,311,-0.0034053027629852295
42,112,425,310,0.001606374979019165
42,113,425,415,0.0076088011264801025
42,114,425,308,0.009071029722690582
42,115,425,324,0.004569590091705322
42,116,425,318,0.0007655173540115356
42,117,425,402,-0.004689767956733704
42,118,425,317,-0.01177164912223816
43,44,327,326,-0.0017667189240455627
43,45,327,0,-0.013143226504325867
43,46,327,37,-0.02125108242034912
43,47,327,39,-0.026641875505447388
43,48,327,40,-0.030855849385261536
43,49,327,185,-0.03436720371246338
43,50,327,61,-0.03662896156311035
43,51,327,146,-0.037132441997528076
43,52,327,91,-0.0351918488740921
43,53,327,181,-0.031167536973953247
43,54,327,84,-0.02551041543483734
43,55,327,17,-0.01711568981409073
43,56,327,11,-0.013691537082195282
43,57,327,72,-0.021872833371162415
43,58,327,73,-0.027292847633361816
43,59,327,74,-0.03101961314678192
43,60,327,184,-0.03437817096710205
43,61,327,77,-0.03636255860328674
43,62,327,90,-0.034238189458847046
43,63,327,180,-0.03093743324279785
43,64,327,85,-0.02566462755203247
43,65,327,16,-0.01742374151945114
43,66,327,12,-0.01396351307630539
43,67,327,38,-0.02227693796157837
43,68,327,41,-0.02745044231414795
43,69,327,42,-0.030716359615325928
43,70,327,96,-0.03462652862071991
43,71,327,89,-0.03245314955711365
43,72,327,179,-0.02989014983177185
43,73,327,86,-0.025311321020126343
43,74,327,15,-0.017167627811431885
43,75,327,13,-0.014084212481975555
43,76,327,82,-0.021963685750961304
43,77,327,81,-0.026746243238449097
43,78,327,80,-0.029332712292671204
43,79,327,191,-0.0333472341299057
43,80,327,78,-0.03386363387107849
43,81,327,95,-0.03185822069644928
43,82,327,88,-0.03134576976299286
43,83,327,178,-0.029038414359092712
43,84,327,87,-0.02447935938835144
43,85,327,14,-0.016433022916316986
43,86,327,267,-0.004535309970378876
43,87,327,269,0.002390477107837796
43,88,327,270,-0.008574781939387321
43,89,327,409,-0.01393141970038414
43,90,327,291,-0.017309650778770447
43,91,327,375,-0.014251098036766052
43,92,327,321,-0.008606566116213799
43,93,327,405,0.0011319993063807487
43,94,327,314,-0.007121872156858444
43,95,327,302,-0.004520833492279053
43,96,327,303,0.0028164712712168694
43,97,327,304,-0.008539179340004921
43,98,327,408,-0.01379920169711113
43,99,327,307,-0.013489268720149994
43,100,327,320,-0.007845273241400719
43,101,327,404,0.0008350042626261711
43,102,327,315,-0.007341843098402023
43,103,327,268,-0.004356060177087784
43,104,327,271,0.0029428862035274506
43,105,327,272,-0.008232777938246727
43,106,327,325,-0.011986784636974335
43,107,327,319,-0.006459090393036604
43,108,327,403,0.0003558751195669174
43,109,327,316,-0.0071123018860816956
43,110,327,312,-0.00464756041765213
43,111,327,311,0.002068663015961647
43,112,327,310,-0.005690655205398798
43,113,327,415,-0.013082778081297874
43,114,327,308,-0.0145450159907341
43,115,327,324,-0.010043583810329437
43,116,327,318,-0.005967262201011181
43,117,327,402,0.0007841847836971283
43,118,327,317,-0.006297647953033447
44,45,326,0,-0.011376515030860901
44,46,326,37,-0.01948436349630356
44,47,326,39,-0.02487519383430481
44,48,326,40,-0.02908909320831299
44,49,326,185,-0.032600462436676025
44,50,326,61,-0.034862250089645386
44,51,326,146,-0.035365745425224304
44,52,326,91,-0.03342515230178833
44,53,326,181,-0.0294007807970047
44,54,326,84,-0.02374369651079178
44,55,326,17,-0.015348989516496658
44,56,326,11,-0.011924810707569122
44,57,326,72,-0.02010612189769745
44,58,326,73,-0.02552613615989685
44,59,326,74,-0.029252931475639343
44,60,326,184,-0.0326114296913147
44,61,326,77,-0.034595787525177
44,62,326,90,-0.032471492886543274
44,63,326,180,-0.029170706868171692
44,64,326,85,-0.023897916078567505
44,65,326,16,-0.015657007694244385
44,66,326,12,-0.012196801602840424
44,67,326,38,-0.020510233938694
44,68,326,41,-0.025683745741844177
44,69,326,42,-0.02894967794418335
44,70,326,96,-0.03285983204841614
44,71,326,89,-0.030686423182487488
44,72,326,179,-0.028123438358306885
44,73,326,86,-0.023544594645500183
44,74,326,15,-0.015400908887386322
44,75,326,13,-0.012317493557929993
44,76,326,82,-0.020196974277496338
44,77,326,81,-0.024979524314403534
44,78,326,80,-0.027566000819206238
44,79,326,191,-0.03158047795295715
44,80,326,78,-0.03209689259529114
44,81,326,95,-0.03009149432182312
44,82,326,88,-0.029579073190689087
44,83,326,178,-0.027271687984466553
44,84,326,87,-0.022712647914886475
44,85,326,14,-0.01466631144285202
44,86,326,267,0.0027686001267284155
44,87,326,269,-0.0041571930050849915
44,88,326,270,-0.010341495275497437
44,89,326,409,-0.01569814234972
44,90,326,291,-0.019076377153396606
44,91,326,375,-0.016017809510231018
44,92,326,321,-0.010373272001743317
44,93,326,405,-0.0028987154364585876
44,94,326,314,0.005355161614716053
44,95,326,302,0.002754119224846363
44,96,326,303,-0.004583191126585007
44,97,326,304,-0.010305896401405334
44,98,326,408,-0.0155659019947052
44,99,326,307,-0.015255987644195557
44,100,326,320,-0.009611986577510834
44,101,326,404,-0.00260172039270401
44,102,326,315,0.005575129762291908
44,103,326,268,-0.00011139223352074623
44,104,326,271,-0.004709601402282715
44,105,326,272,-0.009999498724937439
44,106,326,325,-0.013753503561019897
44,107,326,319,-0.008225813508033752
44,108,326,403,-0.0021225884556770325
44,109,326,316,0.0007260262500494719
44,110,326,312,-0.0028808475472033024
44,111,326,311,-0.0038353800773620605
44,112,326,310,-0.008847061544656754
44,113,326,415,-0.014849483966827393
44,114,326,308,-0.01631172001361847
44,115,326,324,-0.011810302734375
44,116,326,318,-0.008006229996681213
44,117,326,402,-0.0025508999824523926
44,118,326,317,-0.0045309364795684814
45,46,0,37,-0.008107852190732956
45,47,0,39,-0.013498649001121521
45,48,0,40,-0.017712607979774475
45,49,0,185,-0.02122393250465393
45,50,0,61,-0.023485735058784485
45,51,0,146,-0.02398921549320221
45,52,0,91,-0.02204863727092743
45,53,0,181,-0.018024280667304993
45,54,0,84,-0.012367192655801773
45,55,0,17,0.0016101779183372855
45,56,0,11,0.0005482971901074052
45,57,0,72,-0.00872960314154625
45,58,0,73,-0.014149636030197144
45,59,0,74,-0.01787640154361725
45,60,0,184,-0.02123492956161499
45,61,0,77,-0.02321930229663849
45,62,0,90,-0.021094970405101776
45,63,0,180,-0.01779419183731079
45,64,0,85,-0.012521408498287201
45,65,0,16,0.0028855919372290373
45,66,0,12,0.0008202851167879999
45,67,0,38,-0.009133711457252502
45,68,0,41,-0.014307230710983276
45,69,0,42,-0.017573155462741852
45,70,0,96,-0.021483302116394043
45,71,0,89,-0.01930992305278778
45,72,0,179,-0.016746923327445984
45,73,0,86,-0.012168079614639282
45,74,0,15,0.0012552530970424414
45,75,0,13,0.0009409814374521375
45,76,0,82,-0.008820455521345139
45,77,0,81,-0.013603009283542633
45,78,0,80,-0.016189485788345337
45,79,0,191,-0.020203977823257446
45,80,0,78,-0.020720362663269043
45,81,0,95,-0.018715009093284607
45,82,0,88,-0.018202558159828186
45,83,0,178,-0.015895187854766846
45,84,0,87,-0.011336132884025574
45,85,0,14,0.000783792114816606
45,86,0,267,-0.008607912808656693
45,87,0,269,-0.015533708035945892
45,88,0,270,-0.021718010306358337
45,89,0,409,-0.027074649930000305
45,90,0,291,-0.030452877283096313
45,91,0,375,-0.02739432454109192
45,92,0,321,-0.021749794483184814
45,93,0,405,-0.014275223016738892
45,94,0,314,-0.0060213543474674225
45,95,0,302,-0.008622400462627411
45,96,0,303,-0.01595970243215561
45,97,0,304,-0.02168240398168564
45,98,0,408,-0.0269424170255661
45,99,0,307,-0.026632502675056458
45,100,0,320,-0.02098850905895233
45,101,0,404,-0.013978227972984314
45,102,0,315,-0.005801383405923843
45,103,0,268,-0.008787170052528381
45,104,0,271,-0.01608610898256302
45,105,0,272,-0.02137601375579834
45,106,0,325,-0.0251300185918808
45,107,0,319,-0.019602321088314056
45,108,0,403,-0.013499103486537933
45,109,0,316,-0.0060309357941150665
45,110,0,312,-0.008495666086673737
45,111,0,311,-0.015211895108222961
45,112,0,310,-0.020223572850227356
45,113,0,415,-0.026226013898849487
45,114,0,308,-0.027688249945640564
45,115,0,324,-0.023186802864074707
45,116,0,318,-0.019382759928703308
45,117,0,402,-0.013927415013313293
45,118,0,317,-0.006845578551292419
46,47,37,39,-0.005390796810388565
46,48,37,40,-0.00960472971200943
46,49,37,185,-0.013116084039211273
46,50,37,61,-0.015377871692180634
46,51,37,146,-0.015881359577178955
46,52,37,91,-0.013940781354904175
46,53,37,181,-0.009916428476572037
46,54,37,84,0.0019285499583929777
46,55,37,17,-0.004135385155677795
46,56,37,11,-0.0075595565140247345
46,57,37,72,0.0006217480404302478
46,58,37,73,-0.006041768938302994
46,59,37,74,-0.009768538177013397
46,60,37,184,-0.013127081096172333
46,61,37,77,-0.01511143147945404
46,62,37,90,-0.012987129390239716
46,63,37,180,-0.009686335921287537
46,64,37,85,0.004411351401358843
46,65,37,16,-0.0038273632526397705
46,66,37,12,-0.007287565618753433
46,67,37,38,0.001025858335196972
46,68,37,41,-0.006199374794960022
46,69,37,42,-0.009465299546718597
46,70,37,96,-0.013375461101531982
46,71,37,89,-0.011202067136764526
46,72,37,179,-0.008639059960842133
46,73,37,86,0.004060226492583752
46,74,37,15,-0.004083462059497833
46,75,37,13,-0.007166873663663864
46,76,37,82,0.0007126005366444588
46,77,37,81,-0.005495155230164528
46,78,37,80,-0.008081629872322083
46,79,37,191,-0.012096136808395386
46,80,37,78,-0.01261252909898758
46,81,37,95,-0.010607123374938965
46,82,37,88,-0.010094691067934036
46,83,37,178,-0.007787330076098442
46,84,37,87,0.0032282769680023193
46,85,37,14,-0.0048180557787418365
46,86,37,267,-0.01671576499938965
46,87,37,269,-0.02364155650138855
46,88,37,270,-0.029825866222381592
46,89,37,409,-0.035182490944862366
46,90,37,291,-0.038560763001441956
46,91,37,375,-0.03550219535827637
46,92,37,321,-0.029857635498046875
46,93,37,405,-0.02238309383392334
46,94,37,314,-0.014129213988780975
46,95,37,302,-0.01673024892807007
46,96,37,303,-0.024067550897598267
46,97,37,304,-0.02979026734828949
46,98,37,408,-0.03505028784275055
46,99,37,307,-0.03474034368991852
46,100,37,320,-0.029096364974975586
46,101,37,404,-0.02208608388900757
46,102,37,315,-0.013909243047237396
46,103,37,268,-0.016895025968551636
46,104,37,271,-0.02419397234916687
46,105,37,272,-0.0294838547706604
46,106,37,325,-0.03323787450790405
46,107,37,319,-0.027710169553756714
46,108,37,403,-0.02160698175430298
46,109,37,316,-0.014138787984848022
46,110,37,312,-0.016603514552116394
46,111,37,311,-0.023319736123085022
46,112,37,310,-0.02833142876625061
46,113,37,415,-0.03433386981487274
46,114,37,308,-0.03579610586166382
46,115,37,324,-0.03129465878009796
46,116,37,318,-0.027490615844726562
46,117,37,402,-0.022035270929336548
46,118,37,317,-0.014953427016735077
47,48,39,40,-0.00421394407749176
47,49,39,185,-0.007725294679403305
47,50,39,61,-0.00998707115650177
47,51,39,146,-0.010490566492080688
47,52,39,91,-0.00854998454451561
47,53,39,181,0.00452563026919961
47,54,39,84,-0.0011314637959003448
47,55,39,17,-0.009526178240776062
47,56,39,11,-0.012950360774993896
47,57,39,72,-0.0047690533101558685
47,58,39,73,0.0006509730592370033
47,59,39,74,-0.004377743229269981
47,60,39,184,-0.007736284285783768
47,61,39,77,-0.009720634669065475
47,62,39,90,-0.007596323266625404
47,63,39,180,0.004295537248253822
47,64,39,85,-0.000977247953414917
47,65,39,16,-0.009218171238899231
47,66,39,12,-0.012678369879722595
47,67,39,38,-0.0043649375438690186
47,68,39,41,0.0008085761219263077
47,69,39,42,-0.0040744999423623085
47,70,39,96,-0.00798465684056282
47,71,39,89,-0.00581126194447279
47,72,39,179,0.003248259425163269
47,73,39,86,-0.0013305693864822388
47,74,39,15,-0.009474270045757294
47,75,39,13,-0.01255767047405243
47,76,39,82,-0.004678197205066681
47,77,39,81,0.00010435469448566437
47,78,39,80,-0.0026908309664577246
47,79,39,191,-0.006705332547426224
47,80,39,78,-0.007221728563308716
47,81,39,95,-0.0052163265645504
47,82,39,88,-0.004703898448497057
47,83,39,178,0.002396531403064728
47,84,39,87,-0.002162523567676544
47,85,39,14,-0.010208845138549805
47,86,39,267,-0.022106558084487915
47,87,39,269,-0.029032379388809204
47,88,39,270,-0.035216644406318665
47,89,39,409,-0.040573298931121826
47,90,39,291,-0.04395154118537903
47,91,39,375,-0.040892988443374634
47,92,39,321,-0.035248443484306335
47,93,39,405,-0.027773886919021606
47,94,39,314,-0.01952001452445984
47,95,39,302,-0.022121042013168335
47,96,39,303,-0.029458358883857727
47,97,39,304,-0.035181060433387756
47,98,39,408,-0.04044109582901001
47,99,39,307,-0.040131181478500366
47,100,39,320,-0.034487172961235046
47,101,39,404,-0.02747689187526703
47,102,39,315,-0.01930004358291626
47,103,39,268,-0.022285819053649902
47,104,39,271,-0.02958478033542633
47,105,39,272,-0.03487469255924225
47,106,39,325,-0.03862866759300232
47,107,39,319,-0.033100977540016174
47,108,39,403,-0.02699775993824005
47,109,39,316,-0.01952958106994629
47,110,39,312,-0.021994322538375854
47,111,39,311,-0.028710544109344482
47,112,39,310,-0.03372223675251007
47,113,39,415,-0.0397246778011322
47,114,39,308,-0.0411868691444397
47,115,39,324,-0.03668545186519623
47,116,39,318,-0.03288142383098602
47,117,39,402,-0.027426064014434814
47,118,39,317,-0.020344242453575134
48,49,40,185,-0.003511352464556694
48,50,40,61,-0.005773130804300308
48,51,40,146,-0.006276622414588928
48,52,40,91,0.004336041398346424
48,53,40,181,0.0003116875886917114
48,54,40,84,-0.005345404148101807
48,55,40,17,-0.013740122318267822
48,56,40,11,-0.017164304852485657
48,57,40,72,-0.00898299366235733
48,58,40,73,-0.003562968224287033
48,59,40,74,0.00016379822045564651
48,60,40,184,-0.0035223374143242836
48,61,40,77,-0.005506694316864014
48,62,40,90,0.0033823801204562187
48,63,40,180,8.15950334072113e-05
48,64,40,85,-0.005191192030906677
48,65,40,16,-0.013432100415229797
48,66,40,12,-0.01689232885837555
48,67,40,38,-0.008578874170780182
48,68,40,41,-0.003405369818210602
48,69,40,42,-0.00013944320380687714
48,70,40,96,-0.003770713694393635
48,71,40,89,0.0015973206609487534
48,72,40,179,-0.0009656846523284912
48,73,40,86,-0.005544513463973999
48,74,40,15,-0.013688206672668457
48,75,40,13,-0.016771599650382996
48,76,40,82,-0.008892141282558441
48,77,40,81,-0.004109591245651245
48,78,40,80,-0.0015231110155582428
48,79,40,191,0.0024913891684263945
48,80,40,78,-0.003007788211107254
48,81,40,95,0.0010023831855505705
48,82,40,88,0.0004899576306343079
48,83,40,178,-0.0018174126744270325
48,84,40,87,-0.006376475095748901
48,85,40,14,-0.014422789216041565
48,86,40,267,-0.02632051706314087
48,87,40,269,-0.03324626386165619
48,88,40,270,-0.03943061828613281
48,89,40,409,-0.04478722810745239
48,90,40,291,-0.04816552996635437
48,91,40,375,-0.04510694742202759
48,92,40,321,-0.039462387561798096
48,93,40,405,-0.03198783099651337
48,94,40,314,-0.0237339586019516
48,95,40,302,-0.026334986090660095
48,96,40,303,-0.03367231786251068
48,97,40,304,-0.039395034313201904
48,98,40,408,-0.044655025005340576
48,99,40,307,-0.04434511065483093
48,100,40,320,-0.038701146841049194
48,101,40,404,-0.03169085085391998
48,102,40,315,-0.023514002561569214
48,103,40,268,-0.02649974822998047
48,104,40,271,-0.0337987095117569
48,105,40,272,-0.03908863663673401
48,106,40,325,-0.0428425669670105
48,107,40,319,-0.037314921617507935
48,108,40,403,-0.03121170401573181
48,109,40,316,-0.02374352514743805
48,110,40,312,-0.02620825171470642
48,111,40,311,-0.032924503087997437
48,112,40,310,-0.03793618083000183
48,113,40,415,-0.04393860697746277
48,114,40,308,-0.04540082812309265
48,115,40,324,-0.04089939594268799
48,116,40,318,-0.03709535300731659
48,117,40,402,-0.031640008091926575
48,118,40,317,-0.02455820143222809
49,50,185,61,-0.0022617802023887634
49,51,185,146,0.002765269484370947
49,52,185,91,0.0008246861398220062
49,53,185,181,-0.003199666738510132
49,54,185,84,-0.008856765925884247
49,55,185,17,-0.01725149154663086
49,56,185,11,-0.020675644278526306
49,57,185,72,-0.012494340538978577
49,58,185,73,-0.007074311375617981
49,59,185,74,-0.0033475570380687714
49,60,185,184,1.0983087122440338e-05
49,61,185,77,0.0019953418523073196
49,62,185,90,-0.00012897327542304993
49,63,185,180,-0.0034297555685043335
49,64,185,85,-0.008702538907527924
49,65,185,16,-0.016943469643592834
49,66,185,12,-0.0204036682844162
49,67,185,38,-0.012090250849723816
49,68,185,41,-0.006916716694831848
49,69,185,42,-0.0036507993936538696
49,70,185,96,0.00025936029851436615
49,71,185,89,-0.0019140355288982391
49,72,185,179,-0.004477046430110931
49,73,185,86,-0.009055860340595245
49,74,185,15,-0.017199546098709106
49,75,185,13,-0.020282968878746033
49,76,185,82,-0.012403495609760284
49,77,185,81,-0.0076209381222724915
49,78,185,80,-0.005034465342760086
49,79,185,191,-0.0010199639946222305
49,80,185,78,-0.0005035654176026583
49,81,185,95,-0.0025089718401432037
49,82,185,88,-0.003021392971277237
49,83,185,178,-0.005328767001628876
49,84,185,87,-0.009887829422950745
49,85,185,14,-0.017934158444404602
49,86,185,267,-0.029831886291503906
49,87,185,269,-0.03675764799118042
49,88,185,270,-0.04294198751449585
49,89,185,409,-0.04829859733581543
49,90,185,291,-0.051676809787750244
49,91,185,375,-0.04861828684806824
49,92,185,321,-0.04297375679016113
49,93,185,405,-0.03549918532371521
49,94,185,314,-0.027245312929153442
49,95,185,302,-0.029846325516700745
49,96,185,303,-0.03718364238739014
49,97,185,304,-0.04290631413459778
49,98,185,408,-0.04816639423370361
49,99,185,307,-0.04785645008087158
49,100,185,320,-0.042212486267089844
49,101,185,404,-0.035202160477638245
49,102,185,315,-0.027025341987609863
49,103,185,268,-0.0300111323595047
49,104,185,271,-0.037310078740119934
49,105,185,272,-0.04259991645812988
49,106,185,325,-0.046353936195373535
49,107,185,319,-0.04082629084587097
49,108,185,403,-0.03472304344177246
49,109,185,316,-0.027254894375801086
49,110,185,312,-0.029719635844230652
49,111,185,311,-0.036435872316360474
49,112,185,310,-0.04144749045372009
49,113,185,415,-0.04744994640350342
49,114,185,308,-0.0489121675491333
49,115,185,324,-0.044410765171051025
49,116,185,318,-0.04060670733451843
49,117,185,402,-0.03515137732028961
49,118,185,317,-0.02806951105594635
50,51,61,146,0.0005034897476434708
50,52,61,91,-0.0014370940625667572
50,53,61,181,-0.005461439490318298
50,54,61,84,-0.011118531227111816
50,55,61,17,-0.019513264298439026
50,56,61,11,-0.02293744683265686
50,57,61,72,-0.014756135642528534
50,58,61,73,-0.009336113929748535
50,59,61,74,-0.005609333515167236
50,60,61,184,-0.0022507961839437485
50,61,61,77,-0.000266440212726593
50,62,61,90,-0.002390757203102112
50,63,61,180,-0.005691535770893097
50,64,61,85,-0.010964319109916687
50,65,61,16,-0.019205242395401
50,66,61,12,-0.022665441036224365
50,67,61,38,-0.014352023601531982
50,68,61,41,-0.009178504347801208
50,69,61,42,-0.005912579596042633
50,70,61,96,-0.002002418041229248
50,71,61,89,-0.004175812005996704
50,72,61,179,-0.006738811731338501
50,73,61,86,-0.011317640542984009
50,74,61,15,-0.019461318850517273
50,75,61,13,-0.0225447416305542
50,76,61,82,-0.014665260910987854
50,77,61,81,-0.009882718324661255
50,78,61,80,-0.007296249270439148
50,79,61,191,-0.0032817423343658447
50,80,61,78,-0.0027653463184833527
50,81,61,95,-0.004770748317241669
50,82,61,88,-0.005283176898956299
50,83,61,178,-0.007590547204017639
50,84,61,87,-0.012149602174758911
50,85,61,14,-0.02019593119621277
50,86,61,267,-0.03209364414215088
50,87,61,269,-0.03901946544647217
50,88,61,270,-0.04520374536514282
50,89,61,409,-0.0505603551864624
50,90,61,291,-0.05393862724304199
50,91,61,375,-0.0508800745010376
50,92,61,321,-0.04523554444313049
50,93,61,405,-0.03776097297668457
50,94,61,314,-0.029507100582122803
50,95,61,302,-0.0321081280708313
50,96,61,303,-0.039445459842681885
50,97,61,304,-0.04516810178756714
50,98,61,408,-0.050428152084350586
50,99,61,307,-0.050118207931518555
50,100,61,320,-0.044474244117736816
50,101,61,404,-0.0374639630317688
50,102,61,315,-0.029287144541740417
50,103,61,268,-0.03227292001247406
50,104,61,271,-0.03957182168960571
50,105,61,272,-0.04486170411109924
50,106,61,325,-0.04861575365066528
50,107,61,319,-0.04308801889419556
50,108,61,403,-0.0369848906993866
50,109,61,316,-0.029516682028770447
50,110,61,312,-0.031981393694877625
50,111,61,311,-0.038697630167007446
50,112,61,310,-0.04370930790901184
50,113,61,415,-0.04971170425415039
50,114,61,308,-0.05117395520210266
50,115,61,324,-0.046672523021698
50,116,61,318,-0.042868465185165405
50,117,61,402,-0.03741316497325897
50,118,61,317,-0.030331283807754517
51,52,146,91,-0.0019405782222747803
51,53,146,181,-0.005964938551187515
51,54,146,84,-0.011622011661529541
51,55,146,17,-0.02001674473285675
51,56,146,11,-0.023440927267074585
51,57,146,72,-0.015259623527526855
51,58,146,73,-0.009839590638875961
51,59,146,74,-0.0061128269881010056
51,60,146,184,-0.002754286164417863
51,61,146,77,-0.0007699280977249146
51,62,146,90,-0.002894241362810135
51,63,146,180,-0.0061950236558914185
51,64,146,85,-0.011467799544334412
51,65,146,16,-0.019708722829818726
51,66,146,12,-0.023168936371803284
51,67,146,38,-0.014855504035949707
51,68,146,41,-0.009681984782218933
51,69,146,42,-0.006416063755750656
51,70,146,96,-0.002505909651517868
51,71,146,89,-0.004679303616285324
51,72,146,179,-0.007242307066917419
51,73,146,86,-0.011821143329143524
51,74,146,15,-0.01996481418609619
51,75,146,13,-0.023048236966133118
51,76,146,82,-0.01516876369714737
51,77,146,81,-0.01038619875907898
51,78,146,80,-0.007799733430147171
51,79,146,191,-0.0037852339446544647
51,80,146,78,0.0032688346691429615
51,81,146,95,-0.0052742380648851395
51,82,146,88,-0.005786672234535217
51,83,146,178,-0.00809403508901596
51,84,146,87,-0.012653075158596039
51,85,146,14,-0.020699411630630493
51,86,146,267,-0.0325971394777298
51,87,146,269,-0.039522916078567505
51,88,146,270,-0.04570722579956055
51,89,146,409,-0.051063865423202515
51,90,146,291,-0.054442137479782104
51,91,146,375,-0.051383525133132935
51,92,146,321,-0.04573902487754822
51,93,146,405,-0.038264453411102295
51,94,146,314,-0.030010581016540527
51,95,146,302,-0.03261163830757141
51,96,146,303,-0.039948925375938416
51,97,146,304,-0.04567164182662964
51,98,146,408,-0.0509316623210907
51,99,146,307,-0.05062168836593628
51,100,146,320,-0.04497769474983215
51,101,146,404,-0.03796747326850891
51,102,146,315,-0.029790639877319336
51,103,146,268,-0.03277638554573059
51,104,146,271,-0.040075331926345825
51,105,146,272,-0.04536524415016174
51,106,146,325,-0.04911923408508301
51,107,146,319,-0.04359149932861328
51,108,146,403,-0.03748832643032074
51,109,146,316,-0.030020132660865784
51,110,146,312,-0.03248488903045654
51,111,146,311,-0.039201125502586365
51,112,146,310,-0.044212788343429565
51,113,146,415,-0.05021524429321289
51,114,146,308,-0.05167746543884277
51,115,146,324,-0.04717600345611572
51,116,146,318,-0.04337197542190552
51,117,146,402,-0.0379166305065155
51,118,146,317,-0.030834779143333435
52,53,91,181,-0.004024352878332138
52,54,91,84,-0.009681448340415955
52,55,91,17,-0.01807616651058197
52,56,91,11,-0.021500349044799805
52,57,91,72,-0.013319030404090881
52,58,91,73,-0.007899012416601181
52,59,91,74,-0.004172243177890778
52,60,91,184,0.0008137039840221405
52,61,91,77,-0.0011706538498401642
52,62,91,90,-0.0009536608122289181
52,63,91,180,-0.004254449158906937
52,64,91,85,-0.009527228772640228
52,65,91,16,-0.01776812970638275
52,66,91,12,-0.021228358149528503
52,67,91,38,-0.012914925813674927
52,68,91,41,-0.007741406559944153
52,69,91,42,-0.004475483670830727
52,70,91,96,0.0005653277039527893
52,71,91,89,-0.0027387216687202454
52,72,91,179,-0.005301725119352341
52,73,91,86,-0.009880557656288147
52,74,91,15,-0.01802423596382141
52,75,91,13,-0.021107658743858337
52,76,91,82,-0.013228192925453186
52,77,91,81,-0.008445627987384796
52,78,91,80,-0.0058591533452272415
52,79,91,191,0.0018446522299200296
52,80,91,78,0.0013282541185617447
52,81,91,95,0.00333365797996521
52,82,91,88,-0.003846084699034691
52,83,91,178,-0.00615345686674118
52,84,91,87,-0.010712511837482452
52,85,91,14,-0.018758833408355713
52,86,91,267,-0.03065657615661621
52,87,91,269,-0.03758235275745392
52,88,91,270,-0.04376664757728577
52,89,91,409,-0.049123287200927734
52,90,91,291,-0.052501529455184937
52,91,91,375,-0.049442946910858154
52,92,91,321,-0.04379844665527344
52,93,91,405,-0.03632384538650513
52,94,91,314,-0.02806997299194336
52,95,91,302,-0.03067101538181305
52,96,91,303,-0.038008347153663635
52,97,91,304,-0.04373106360435486
52,98,91,408,-0.04899105429649353
52,99,91,307,-0.048681169748306274
52,100,91,320,-0.043037161231040955
52,101,91,404,-0.03602688014507294
52,102,91,315,-0.027850016951560974
52,103,91,268,-0.030835822224617004
52,104,91,271,-0.03813476860523224
52,105,91,272,-0.04342465102672577
52,106,91,325,-0.04717865586280823
52,107,91,319,-0.041650980710983276
52,108,91,403,-0.035547733306884766
52,109,91,316,-0.028079554438591003
52,110,91,312,-0.030544310808181763
52,111,91,311,-0.03726056218147278
52,112,91,310,-0.04227219521999359
52,113,91,415,-0.04827466607093811
52,114,91,308,-0.04973688721656799
52,115,91,324,-0.04523548483848572
52,116,91,318,-0.04143136739730835
52,117,91,402,-0.03597608208656311
52,118,91,317,-0.02889421582221985
53,54,181,84,-0.005657091736793518
53,55,181,17,-0.014051809906959534
53,56,181,11,-0.017475992441177368
53,57,181,72,-0.009294681251049042
53,58,181,73,-0.0031373470555990934
53,59,181,74,0.00014789029955863953
53,60,181,184,-0.0032106488943099976
53,61,181,77,-0.005195003002882004
53,62,181,90,-0.0030706916004419327
53,63,181,180,-0.00023009302094578743
53,64,181,85,-0.005502879619598389
53,65,181,16,-0.013743788003921509
53,66,181,12,-0.017204001545906067
53,67,181,38,-0.008890572935342789
53,68,181,41,-0.0037170546129345894
53,69,181,42,0.00045112892985343933
53,70,181,96,-0.003459028899669647
53,71,181,89,-0.0012856312096118927
53,72,181,179,-0.0012773703783750534
53,73,181,86,-0.005856204777956009
53,74,181,15,-0.013999879360198975
53,75,181,13,-0.0170833021402359
53,76,181,82,-0.009203828871250153
53,77,181,81,-0.004421275109052658
53,78,181,80,0.0018347995355725288
53,79,181,191,-0.002179700881242752
53,80,181,78,-0.002696104347705841
53,81,181,95,-0.0006906911730766296
53,82,181,88,-0.0001782681792974472
53,83,181,178,-0.002129100263118744
53,84,181,87,-0.006688147783279419
53,85,181,14,-0.01473449170589447
53,86,181,267,-0.02663220465183258
53,87,181,269,-0.03355798125267029
53,88,181,270,-0.039742305874824524
53,89,181,409,-0.0450989305973053
53,90,181,291,-0.0484771728515625
53,91,181,375,-0.04541860520839691
53,92,181,321,-0.03977407515048981
53,93,181,405,-0.032299503684043884
53,94,181,314,-0.024045631289482117
53,95,181,302,-0.026646688580513
53,96,181,303,-0.033983975648880005
53,97,181,304,-0.039706677198410034
53,98,181,408,-0.04496672749519348
53,99,181,307,-0.04465681314468384
53,100,181,320,-0.03901280462741852
53,101,181,404,-0.032002538442611694
53,102,181,315,-0.02382567524909973
53,103,181,268,-0.026811450719833374
53,104,181,271,-0.03411039710044861
53,105,181,272,-0.03940027952194214
53,106,181,325,-0.0431542694568634
53,107,181,319,-0.03762662410736084
53,108,181,403,-0.03152340650558472
53,109,181,316,-0.02405524253845215
53,110,181,312,-0.026519954204559326
53,111,181,311,-0.03323619067668915
53,112,181,310,-0.03824789822101593
53,113,181,415,-0.044250309467315674
53,114,181,308,-0.04571251571178436
53,115,181,324,-0.0412110835313797
53,116,181,318,-0.037407055497169495
53,117,181,402,-0.031951695680618286
53,118,181,317,-0.024869874119758606
54,55,84,17,-0.008394725620746613
54,56,84,11,-0.011818893253803253
54,57,84,72,-0.0018339990638196468
54,58,84,73,-0.0017824359238147736
54,59,84,74,-0.00550919771194458
54,60,84,184,-0.008867748081684113
54,61,84,77,-0.01085209846496582
54,62,84,90,-0.008727788925170898
54,63,84,180,-0.0054269954562187195
54,64,84,85,0.0001542151439934969
54,65,84,16,-0.00808669626712799
54,66,84,12,-0.011546909809112549
54,67,84,38,-0.003233477473258972
54,68,84,41,-0.0019400380551815033
54,69,84,42,-0.005205966532230377
54,70,84,96,-0.009116113185882568
54,71,84,89,-0.006942726671695709
54,72,84,179,-0.004379723221063614
54,73,84,86,-0.00019910931587219238
54,74,84,15,-0.008342795073986053
54,75,84,13,-0.011426206678152084
54,76,84,82,-0.0035467352718114853
54,77,84,81,-0.0012358203530311584
54,78,84,80,-0.0038223005831241608
54,79,84,191,-0.007836796343326569
54,80,84,78,-0.008353196084499359
54,81,84,95,-0.006347790360450745
54,82,84,88,-0.005835365504026413
54,83,84,178,-0.0035279933363199234
54,84,84,87,-0.0010310588404536247
54,85,84,14,-0.009077392518520355
54,86,84,267,-0.020975105464458466
54,87,84,269,-0.02790088951587677
54,88,84,270,-0.03408519923686981
54,89,84,409,-0.039441823959350586
54,90,84,291,-0.04282008111476898
54,91,84,375,-0.03976152837276459
54,92,84,321,-0.034116968512535095
54,93,84,405,-0.02664242684841156
54,94,84,314,-0.018388547003269196
54,95,84,302,-0.020989589393138885
54,96,84,303,-0.02832689881324768
54,97,84,304,-0.03404960036277771
54,98,84,408,-0.03930962085723877
54,99,84,307,-0.038999706506729126
54,100,84,320,-0.033355697989463806
54,101,84,404,-0.026345431804656982
54,102,84,315,-0.018168583512306213
54,103,84,268,-0.02115435153245926
54,104,84,271,-0.02845330536365509
54,105,84,272,-0.03374318778514862
54,106,84,325,-0.03749722242355347
54,107,84,319,-0.031969502568244934
54,108,84,403,-0.025866299867630005
54,109,84,316,-0.018398120999336243
54,110,84,312,-0.02086285501718521
54,111,84,311,-0.027579091489315033
54,112,84,310,-0.032590776681900024
54,113,84,415,-0.03859320282936096
54,114,84,308,-0.040055423974990845
54,115,84,324,-0.03555397689342499
54,116,84,318,-0.03174994885921478
54,117,84,402,-0.026294611394405365
54,118,84,317,-0.019212767481803894
55,56,17,11,0.0006426692707464099
55,57,17,72,-0.004757136106491089
55,58,17,73,-0.010177157819271088
55,59,17,74,-0.013903915882110596
55,60,17,184,-0.017262473702430725
55,61,17,77,-0.019246816635131836
55,62,17,90,-0.017122507095336914
55,63,17,180,-0.013821721076965332
55,64,17,85,-0.008548937737941742
55,65,17,16,0.00030802490073256195
55,66,17,12,-0.0007608354790136218
55,67,17,38,-0.005161244422197342
55,68,17,41,-0.01033475250005722
55,69,17,42,-0.013600684702396393
55,70,17,96,-0.017510846257209778
55,71,17,89,-0.015337452292442322
55,72,17,179,-0.012774437665939331
55,73,17,86,-0.008195612579584122
55,74,17,15,-5.192459502723068e-05
55,75,17,13,6.175937596708536e-05
55,76,17,82,-0.0048479847609996796
55,77,17,81,-0.009630545973777771
55,78,17,80,-0.012217022478580475
55,79,17,191,-0.01623152196407318
55,80,17,78,-0.016747906804084778
55,81,17,95,-0.01474250853061676
55,82,17,88,-0.014230087399482727
55,83,17,178,-0.01192270964384079
55,84,17,87,-0.007363662123680115
55,85,17,14,0.0006662637460976839
55,86,17,267,-0.012580383569002151
55,87,17,269,-0.019506171345710754
55,88,17,270,-0.025690481066703796
55,89,17,409,-0.03104710578918457
55,90,17,291,-0.034425362944602966
55,91,17,375,-0.03136681020259857
55,92,17,321,-0.025722280144691467
55,93,17,405,-0.018247708678245544
55,94,17,314,-0.009993825107812881
55,95,17,302,-0.012594867497682571
55,96,17,303,-0.019932173192501068
55,97,17,304,-0.02565488964319229
55,98,17,408,-0.030914917588233948
55,99,17,307,-0.03060498833656311
55,100,17,320,-0.024960957467556
55,101,17,404,-0.01795070618391037
55,102,17,315,-0.0097738578915596
55,103,17,268,-0.012759637087583542
55,104,17,271,-0.020058579742908478
55,105,17,272,-0.025348491966724396
55,106,17,325,-0.029102474451065063
55,107,17,319,-0.023574799299240112
55,108,17,403,-0.01747158169746399
55,109,17,316,-0.010003402829170227
55,110,17,312,-0.012468136847019196
55,111,17,311,-0.01918436586856842
55,112,17,310,-0.024196051061153412
55,113,17,415,-0.030198484659194946
55,114,17,308,-0.03166070580482483
55,115,17,324,-0.02715928852558136
55,116,17,318,-0.023355215787887573
55,117,17,402,-0.017899885773658752
55,118,17,317,-0.010818049311637878
56,57,11,72,-0.00818130373954773
56,58,11,73,-0.013601325452327728
56,59,11,74,-0.01732809841632843
56,60,11,184,-0.020686641335487366
56,61,11,77,-0.02267099916934967
56,62,11,90,-0.020546674728393555
56,63,11,180,-0.017245888710021973
56,64,11,85,-0.01197311282157898
56,65,11,16,0.0019180834060534835
56,66,11,12,0.00027198786847293377
56,67,11,38,-0.008585415780544281
56,68,11,41,-0.013758935034275055
56,69,11,42,-0.017024844884872437
56,70,11,96,-0.020935043692588806
56,71,11,89,-0.018761612474918365
56,72,11,179,-0.016198620200157166
56,73,11,86,-0.01161978393793106
56,74,11,15,0.00028774444945156574
56,75,11,13,0.00036126672057434916
56,76,11,82,-0.008272156119346619
56,77,11,81,-0.013054713606834412
56,78,11,80,-0.01564118266105652
56,79,11,191,-0.019655689597129822
56,80,11,78,-0.020172059535980225
56,81,11,95,-0.018166691064834595
56,82,11,88,-0.017654262483119965
56,83,11,178,-0.015346899628639221
56,84,11,87,-0.010787837207317352
56,85,11,14,-0.00018371641635894775
56,86,11,267,-0.009156208485364914
56,87,11,269,-0.016081996262073517
56,88,11,270,-0.022266298532485962
56,89,11,409,-0.027622953057289124
56,90,11,291,-0.03100121021270752
56,91,11,375,-0.02794264256954193
56,92,11,321,-0.02229808270931244
56,93,11,405,-0.014823533594608307
56,94,11,314,-0.006569653749465942
56,95,11,302,-0.009170696139335632
56,96,11,303,-0.01650799810886383
56,97,11,304,-0.022230714559555054
56,98,11,408,-0.027490735054016113
56,99,11,307,-0.027180790901184082
56,100,11,320,-0.021536804735660553
56,101,11,404,-0.014526531100273132
56,102,11,315,-0.006349679082632065
56,103,11,268,-0.009335469454526901
56,104,11,271,-0.01663440465927124
56,105,11,272,-0.02192430943250656
56,106,11,325,-0.02567829191684723
56,107,11,319,-0.02015063166618347
56,108,11,403,-0.014047399163246155
56,109,11,316,-0.006579231470823288
56,110,11,312,-0.009043965488672256
56,111,11,311,-0.015760190784931183
56,112,11,310,-0.02077188342809677
56,113,11,415,-0.026774302124977112
56,114,11,308,-0.02823653817176819
56,115,11,324,-0.023735105991363525
56,116,11,318,-0.01993105560541153
56,117,11,402,-0.014475710690021515
56,118,11,317,-0.007393874228000641
57,58,72,73,-0.005420025438070297
57,59,72,74,-0.009146787226200104
57,60,72,184,-0.01250533014535904
57,61,72,77,-0.014489680528640747
57,62,72,90,-0.012365370988845825
57,63,72,180,-0.009064584970474243
57,64,72,85,0.0016192555194720626
57,65,72,16,-0.004449106752872467
57,66,72,12,-0.007909324020147324
57,67,72,38,0.0004041106440126896
57,68,72,41,-0.005577627569437027
57,69,72,42,-0.008843556046485901
57,70,72,96,-0.012753717601299286
57,71,72,89,-0.010580316185951233
57,72,72,179,-0.008017309010028839
57,73,72,86,0.0034384788013994694
57,74,72,15,-0.00470520555973053
57,75,72,13,-0.007788620889186859
57,76,72,82,9.085237979888916e-05
57,77,72,81,-0.004873406141996384
57,78,72,80,-0.0074598900973796844
57,79,72,191,-0.011474385857582092
57,80,72,78,-0.011990785598754883
57,81,72,95,-0.009985379874706268
57,82,72,88,-0.009472955018281937
57,83,72,178,-0.007165580987930298
57,84,72,87,0.002606529276818037
57,85,72,14,-0.0054398030042648315
57,86,72,267,-0.01733752340078354
57,87,72,269,-0.024263307452201843
57,88,72,270,-0.03044760227203369
57,89,72,409,-0.03580427169799805
57,90,72,291,-0.03918246924877167
57,91,72,375,-0.03612391650676727
57,92,72,321,-0.03047938644886017
57,93,72,405,-0.023004844784736633
57,94,72,314,-0.014750957489013672
57,95,72,302,-0.017351999878883362
57,96,72,303,-0.02468930184841156
57,97,72,304,-0.03041200339794159
57,98,72,408,-0.035672008991241455
57,99,72,307,-0.03536209464073181
57,100,72,320,-0.029718101024627686
57,101,72,404,-0.022707834839820862
57,102,72,315,-0.014530979096889496
57,103,72,268,-0.017516769468784332
57,104,72,271,-0.02481570839881897
57,105,72,272,-0.030105620622634888
57,106,72,325,-0.03385961055755615
57,107,72,319,-0.0283319354057312
57,108,72,403,-0.022228702902793884
57,109,72,316,-0.014760538935661316
57,110,72,312,-0.017225272953510284
57,111,72,311,-0.023941487073898315
57,112,72,310,-0.028953179717063904
57,113,72,415,-0.034955620765686035
57,114,72,308,-0.036417827010154724
57,115,72,324,-0.031916409730911255
57,116,72,318,-0.028112351894378662
57,117,72,402,-0.02265699952840805
57,118,72,317,-0.01557517796754837
58,59,73,74,-0.0037267692387104034
58,60,73,184,-0.007085312157869339
58,61,73,77,-0.009069673717021942
58,62,73,90,-0.006945347413420677
58,63,73,180,0.003644563490524888
58,64,73,85,-0.0016282200813293457
58,65,73,16,-0.009869135916233063
58,66,73,12,-0.013329342007637024
58,67,73,38,-0.005015913397073746
58,68,73,41,0.00015760213136672974
58,69,73,42,-0.003423525020480156
58,70,73,96,-0.007333680987358093
58,71,73,89,-0.0051602888852357864
58,72,73,179,0.0025972863659262657
58,73,73,86,-0.001981545239686966
58,74,73,15,-0.010125234723091125
58,75,73,13,-0.013208650052547455
58,76,73,82,-0.005329173058271408
58,77,73,81,-0.0005466174334287643
58,78,73,80,-0.002039858140051365
58,79,73,191,-0.006054360419511795
58,80,73,78,-0.00657074898481369
58,81,73,95,-0.004565350711345673
58,82,73,88,-0.004052924923598766
58,83,73,178,0.0017455574125051498
58,84,73,87,-0.002813495695590973
58,85,73,14,-0.01085982471704483
58,86,73,267,-0.022757545113563538
58,87,73,269,-0.029683321714401245
58,88,73,270,-0.03586763143539429
58,89,73,409,-0.04122425615787506
58,90,73,291,-0.04460251331329346
58,91,73,375,-0.04154390096664429
58,92,73,321,-0.035899460315704346
58,93,73,405,-0.028424859046936035
58,94,73,314,-0.020170986652374268
58,95,73,302,-0.022772029042243958
58,96,73,303,-0.030109331011772156
58,97,73,304,-0.03583206236362457
58,98,73,408,-0.041092053055763245
58,99,73,307,-0.04078210890293121
58,100,73,320,-0.03513813018798828
58,101,73,404,-0.02812783420085907
58,102,73,315,-0.019951030611991882
58,103,73,268,-0.02293679118156433
58,104,73,271,-0.030235737562179565
58,105,73,272,-0.035525619983673096
58,106,73,325,-0.03927965462207794
58,107,73,319,-0.03375193476676941
58,108,73,403,-0.02764873206615448
58,109,73,316,-0.02018056809902191
58,110,73,312,-0.022645294666290283
58,111,73,311,-0.02936151623725891
58,112,73,310,-0.03437317907810211
58,113,73,415,-0.04037563502788544
58,114,73,308,-0.041837871074676514
58,115,73,324,-0.03733643889427185
58,116,73,318,-0.03353238105773926
58,117,73,402,-0.028077051043510437
58,118,73,317,-0.02099519968032837
59,60,74,184,-0.003358539193868637
59,61,74,77,-0.0053428951650857925
59,62,74,90,0.0032185823656618595
59,63,74,180,-8.22022557258606e-05
59,64,74,85,-0.005354985594749451
59,65,74,16,-0.01359589397907257
59,66,74,12,-0.01705610752105713
59,67,74,38,-0.00874268263578415
59,68,74,41,-0.0035691633820533752
59,69,74,42,-0.0003032395616173744
59,70,74,96,-0.0036069154739379883
59,71,74,89,0.0014335215091705322
59,72,74,179,-0.0011294819414615631
59,73,74,86,-0.005708314478397369
59,74,74,15,-0.01385200023651123
59,75,74,13,-0.016935408115386963
59,76,74,82,-0.009055942296981812
59,77,74,81,-0.0042733848094940186
59,78,74,80,-0.001686910167336464
59,79,74,191,-0.002327591646462679
59,80,74,78,-0.002843990921974182
59,81,74,95,-0.0008385856635868549
59,82,74,88,0.00032615847885608673
59,83,74,178,-0.0019812099635601044
59,84,74,87,-0.006540261209011078
59,85,74,14,-0.014586612582206726
59,86,74,267,-0.02648429572582245
59,87,74,269,-0.03341011703014374
59,88,74,270,-0.0395943820476532
59,89,74,409,-0.044951021671295166
59,90,74,291,-0.048329293727874756
59,91,74,375,-0.04527074098587036
59,92,74,321,-0.03962621092796326
59,93,74,405,-0.03215162456035614
59,94,74,314,-0.02389773726463318
59,95,74,302,-0.026498794555664062
59,96,74,303,-0.033836111426353455
59,97,74,304,-0.039558812975883484
59,98,74,408,-0.04481884837150574
59,99,74,307,-0.044508934020996094
59,100,74,320,-0.03886494040489197
59,101,74,404,-0.03185462951660156
59,102,74,315,-0.023677781224250793
59,103,74,268,-0.02666357159614563
59,104,74,271,-0.033962517976760864
59,105,74,272,-0.03925243020057678
59,106,74,325,-0.04300642013549805
59,107,74,319,-0.0374787300825119
59,108,74,403,-0.03137551248073578
59,109,74,316,-0.023907318711280823
59,110,74,312,-0.026372075080871582
59,111,74,311,-0.03308826684951782
59,112,74,310,-0.038099974393844604
59,113,74,415,-0.04410240054130554
59,114,74,308,-0.045564621686935425
59,115,74,324,-0.04106318950653076
59,116,74,318,-0.037259116768836975
59,117,74,402,-0.03180384635925293
59,118,74,317,-0.024721980094909668
60,61,184,77,0.001984357601031661
60,62,184,90,-0.00013995356857776642
60,63,184,180,-0.003440745174884796
60,64,184,85,-0.008713535964488983
60,65,184,16,-0.0169544517993927
60,66,184,12,-0.02041463553905487
60,67,184,38,-0.012101218104362488
60,68,184,41,-0.006927706301212311
60,69,184,42,-0.003661777824163437
60,70,184,96,0.0002483772113919258
60,71,184,89,-0.0019250176846981049
60,72,184,179,-0.0044880211353302
60,73,184,86,-0.009066842496395111
60,74,184,15,-0.017210543155670166
60,75,184,13,-0.0202939510345459
60,76,184,82,-0.01241447776556015
60,77,184,81,-0.007631927728652954
60,78,184,80,-0.00504545122385025
60,79,184,191,-0.0010309480130672455
60,80,184,78,0.0005145492032170296
60,81,184,95,-0.0025199521332979202
60,82,184,88,-0.003032378852367401
60,83,184,178,-0.0053397491574287415
60,84,184,87,-0.009898796677589417
60,85,184,14,-0.017945125699043274
60,86,184,267,-0.029842853546142578
60,87,184,269,-0.03676864504814148
60,88,184,270,-0.042952895164489746
60,89,184,409,-0.0483095645904541
60,90,184,291,-0.051687806844711304
60,91,184,375,-0.04862922430038452
60,92,184,321,-0.042984724044799805
60,93,184,405,-0.035510167479515076
60,94,184,314,-0.027256295084953308
60,95,184,302,-0.029857337474822998
60,96,184,303,-0.037194669246673584
60,97,184,304,-0.04291737079620361
60,98,184,408,-0.048177361488342285
60,99,184,307,-0.04786744713783264
60,100,184,320,-0.04222342371940613
60,101,184,404,-0.0352131724357605
60,102,184,315,-0.027036339044570923
60,103,184,268,-0.030022084712982178
60,104,184,271,-0.037321045994758606
60,105,184,272,-0.04261094331741333
60,106,184,325,-0.04636496305465698
60,107,184,319,-0.040837258100509644
60,108,184,403,-0.034734055399894714
60,109,184,316,-0.02726586163043976
60,110,184,312,-0.029730603098869324
60,111,184,311,-0.03644682466983795
60,112,184,310,-0.04145851731300354
60,113,184,415,-0.04746094346046448
60,114,184,308,-0.04892313480377197
60,115,184,324,-0.04442170262336731
60,116,184,318,-0.040617674589157104
60,117,184,402,-0.035162314772605896
60,118,184,317,-0.02808050811290741
61,62,77,90,-0.0021243151277303696
61,63,77,180,-0.005425103008747101
61,64,77,85,-0.010697893798351288
61,65,77,16,-0.01893879473209381
61,66,77,12,-0.022399023175239563
61,67,77,38,-0.014085590839385986
61,68,77,41,-0.008912056684494019
61,69,77,42,-0.005646131932735443
61,70,77,96,-0.0017359810881316662
61,71,77,89,-0.0039093755185604095
61,72,77,179,-0.006472378969192505
61,73,77,86,-0.011051207780838013
61,74,77,15,-0.019194886088371277
61,75,77,13,-0.022278323769569397
61,76,77,82,-0.014398828148841858
61,77,77,81,-0.009616278111934662
61,78,77,80,-0.0070298053324222565
61,79,77,191,-0.0030153049156069756
61,80,77,78,0.0024989070370793343
61,81,77,95,-0.004504311829805374
61,82,77,88,-0.005016740411520004
61,83,77,178,-0.007324106991291046
61,84,77,87,-0.011883161962032318
61,85,77,14,-0.019929498434066772
61,86,77,267,-0.03182722628116608
61,87,77,269,-0.03875301778316498
61,88,77,270,-0.044937312602996826
61,89,77,409,-0.050293952226638794
61,90,77,291,-0.053672194480895996
61,91,77,375,-0.050613611936569214
61,92,77,321,-0.04496908187866211
61,93,77,405,-0.037494540214538574
61,94,77,314,-0.029240682721138
61,95,77,302,-0.031841665506362915
61,96,77,303,-0.03917898237705231
61,97,77,304,-0.04490172863006592
61,98,77,408,-0.05016171932220459
61,99,77,307,-0.04985177516937256
61,100,77,320,-0.04420781135559082
61,101,77,404,-0.03719751536846161
61,102,77,315,-0.029020681977272034
61,103,77,268,-0.032006457448005676
61,104,77,271,-0.03930538892745972
61,105,77,272,-0.04459533095359802
61,106,77,325,-0.0483492910861969
61,107,77,319,-0.04282161593437195
61,108,77,403,-0.03671841323375702
61,109,77,316,-0.029250219464302063
61,110,77,312,-0.03171497583389282
61,111,77,311,-0.038431182503700256
61,112,77,310,-0.04344284534454346
61,113,77,415,-0.04944530129432678
61,114,77,308,-0.050907522439956665
61,115,77,324,-0.04640612006187439
61,116,77,318,-0.04260203242301941
61,117,77,402,-0.03714671730995178
61,118,77,317,-0.030064880847930908
62,63,90,180,-0.003300786018371582
62,64,90,85,-0.008573569357395172
62,65,90,16,-0.016814470291137695
62,66,90,12,-0.020274698734283447
62,67,90,38,-0.011961273849010468
62,68,90,41,-0.006787747144699097
62,69,90,42,-0.0035218228586018085
62,70,90,96,-0.00038833171129226685
62,71,90,89,-0.0017850613221526146
62,72,90,179,-0.0043480657041072845
62,73,90,86,-0.00892689824104309
62,74,90,15,-0.017070583999156952
62,75,90,13,-0.020153984427452087
62,76,90,82,-0.012274518609046936
62,77,90,81,-0.0074919722974300385
62,78,90,80,-0.0049054911360144615
62,79,90,191,0.0008909907191991806
62,80,90,78,0.0003745928406715393
62,81,90,95,0.002379997633397579
62,82,90,88,-0.0028924252837896347
62,83,90,178,-0.005199790000915527
62,84,90,87,-0.0097588449716568
62,85,90,14,-0.017805181443691254
62,86,90,267,-0.029702886939048767
62,87,90,269,-0.036628663539886475
62,88,90,270,-0.042813003063201904
62,89,90,409,-0.04816964268684387
62,90,90,291,-0.051547855138778687
62,91,90,375,-0.048489272594451904
62,92,90,321,-0.04284477233886719
62,93,90,405,-0.03537021577358246
62,94,90,314,-0.027116328477859497
62,95,90,302,-0.029717370867729187
62,96,90,303,-0.03705468773841858
62,97,90,304,-0.042777374386787415
62,98,90,408,-0.04803740978240967
62,99,90,307,-0.047727495431900024
62,100,90,320,-0.0420835018157959
62,101,90,404,-0.03507319092750549
62,102,90,315,-0.026896387338638306
62,103,90,268,-0.029882147908210754
62,104,90,271,-0.03718110918998718
62,105,90,272,-0.04247097671031952
62,106,90,325,-0.04622498154640198
62,107,90,319,-0.04069729149341583
62,108,90,403,-0.0345940887928009
62,109,90,316,-0.02712590992450714
62,110,90,312,-0.029590651392936707
62,111,90,311,-0.03630684316158295
62,112,90,310,-0.04131855070590973
62,113,90,415,-0.047320976853370667
62,114,90,308,-0.04878324270248413
62,115,90,324,-0.04428178071975708
62,116,90,318,-0.04047773778438568
62,117,90,402,-0.03502240777015686
62,118,90,317,-0.0279405415058136
63,64,180,85,-0.0052727870643138885
63,65,180,16,-0.013513706624507904
63,66,180,12,-0.01697390526533127
63,67,180,38,-0.00866047665476799
63,68,180,41,-0.0034869611263275146
63,69,180,42,0.00022103451192378998
63,70,180,96,-0.0036891214549541473
63,71,180,89,-0.001515725627541542
63,72,180,179,-0.001047277357429266
63,73,180,86,-0.00562610849738121
63,74,180,15,-0.01376979798078537
63,75,180,13,-0.016853220760822296
63,76,180,82,-0.008973732590675354
63,77,180,81,-0.004191181622445583
63,78,180,80,0.001604706048965454
63,79,180,191,-0.002409793436527252
63,80,180,78,-0.002926178276538849
63,81,180,95,-0.0009207911789417267
63,82,180,88,-0.00040836259722709656
63,83,180,178,-0.0018990067765116692
63,84,180,87,-0.006458058953285217
63,85,180,14,-0.014504387974739075
63,86,180,267,-0.026402100920677185
63,87,180,269,-0.03332790732383728
63,88,180,270,-0.03951221704483032
63,89,180,409,-0.044868841767311096
63,90,180,291,-0.04824703931808472
63,91,180,375,-0.04518851637840271
63,92,180,321,-0.03954401612281799
63,93,180,405,-0.032069429755210876
63,94,180,314,-0.023815542459487915
63,95,180,302,-0.026416584849357605
63,96,180,303,-0.03375387191772461
63,97,180,304,-0.03947661817073822
63,98,180,408,-0.04473660886287689
63,99,180,307,-0.04442666471004486
63,100,180,320,-0.03878268599510193
63,101,180,404,-0.0317724347114563
63,102,180,315,-0.023595571517944336
63,103,180,268,-0.026581361889839172
63,104,180,271,-0.03388030827045441
63,105,180,272,-0.03917017579078674
63,106,180,325,-0.04292421042919159
63,107,180,319,-0.03739653527736664
63,108,180,403,-0.03129328787326813
63,109,180,316,-0.02382512390613556
63,110,180,312,-0.026289865374565125
63,111,180,311,-0.03300607204437256
63,112,180,310,-0.03801776468753815
63,113,180,415,-0.0440201610326767
63,114,180,308,-0.04548245668411255
63,115,180,324,-0.0409809947013855
63,116,180,318,-0.037176936864852905
63,117,180,402,-0.031721606850624084
63,118,180,317,-0.024639785289764404
64,65,85,16,-0.00824090838432312
64,66,85,12,-0.011701121926307678
64,67,85,38,-0.0033876923844218254
64,68,85,41,-0.001785825937986374
64,69,85,42,-0.005051739513874054
64,70,85,96,-0.008961901068687439
64,71,85,89,-0.00678851455450058
64,72,85,179,-0.004225507378578186
64,73,85,86,-0.0003533244598656893
64,74,85,15,-0.008497010916471481
64,75,85,13,-0.01158042624592781
64,76,85,82,-0.003700951114296913
64,77,85,81,-0.0010816045105457306
64,78,85,80,-0.003668077290058136
64,79,85,191,-0.007682576775550842
64,80,85,78,-0.008198991417884827
64,81,85,95,-0.006193570792675018
64,82,85,88,-0.005681142210960388
64,83,85,178,-0.0033737793564796448
64,84,85,87,-0.0011852742172777653
64,85,85,14,-0.009231604635715485
64,86,85,267,-0.021129325032234192
64,87,85,269,-0.0280551016330719
64,88,85,270,-0.03423939645290375
64,89,85,409,-0.039596036076545715
64,90,85,291,-0.04297429323196411
64,91,85,375,-0.03991574048995972
64,92,85,321,-0.03427121043205261
64,93,85,405,-0.02679663896560669
64,94,85,314,-0.018542759120464325
64,95,85,302,-0.021143794059753418
64,96,85,303,-0.02848111093044281
64,97,85,304,-0.03420381247997284
64,98,85,408,-0.0394638329744339
64,99,85,307,-0.03915390372276306
64,100,85,320,-0.033509910106658936
64,101,85,404,-0.026499629020690918
64,102,85,315,-0.018322788178920746
64,103,85,268,-0.021308578550815582
64,104,85,271,-0.02860751748085022
64,105,85,272,-0.03389739990234375
64,106,85,325,-0.037651434540748596
64,107,85,319,-0.03212372958660126
64,108,85,403,-0.02602049708366394
64,109,85,316,-0.018552325665950775
64,110,85,312,-0.02101706713438034
64,111,85,311,-0.02773331105709076
64,112,85,310,-0.03274497389793396
64,113,85,415,-0.03874741494655609
64,114,85,308,-0.040209636092185974
64,115,85,324,-0.03570820391178131
64,116,85,318,-0.03190416097640991
64,117,85,402,-0.02644883096218109
64,118,85,317,-0.019366979598999023
65,66,16,12,0.0005145787727087736
65,67,16,38,-0.004853222519159317
65,68,16,41,-0.01002674549818039
65,69,16,42,-0.013292640447616577
65,70,16,96,-0.017202824354171753
65,71,16,89,-0.0150294229388237
65,72,16,179,-0.012466415762901306
65,73,16,86,-0.007887590676546097
65,74,16,15,0.0002561003202572465
65,75,16,13,0.0013371737441048026
65,76,16,82,-0.004539959132671356
65,77,16,81,-0.009322524070739746
65,78,16,80,-0.011908993124961853
65,79,16,191,-0.015923500061035156
65,80,16,78,-0.01643986999988556
65,81,16,95,-0.014434486627578735
65,82,16,88,-0.013922065496444702
65,83,16,178,-0.011614695191383362
65,84,16,87,-0.00705564022064209
65,85,16,14,0.0009906976483762264
65,86,16,267,-0.012888412922620773
65,87,16,269,-0.019814200699329376
65,88,16,270,-0.02599850296974182
65,89,16,409,-0.031355127692222595
65,90,16,291,-0.0347333699464798
65,91,16,375,-0.0316748321056366
65,92,16,321,-0.026030294597148895
65,93,16,405,-0.018555723130702972
65,94,16,314,-0.010301847010850906
65,95,16,302,-0.012902889400720596
65,96,16,303,-0.020240195095539093
65,97,16,304,-0.02596290409564972
65,98,16,408,-0.03122292459011078
65,99,16,307,-0.03091299533843994
65,100,16,320,-0.02526899427175522
65,101,16,404,-0.018258728086948395
65,102,16,315,-0.010081883519887924
65,103,16,268,-0.013067658990621567
65,104,16,271,-0.0203666090965271
65,105,16,272,-0.02565651386976242
65,106,16,325,-0.02941049635410309
65,107,16,319,-0.023882821202278137
65,108,16,403,-0.017779603600502014
65,109,16,316,-0.010311424732208252
65,110,16,312,-0.012776162475347519
65,111,16,311,-0.019492387771606445
65,112,16,310,-0.024504072964191437
65,113,16,415,-0.030506514012813568
65,114,16,308,-0.03196874260902405
65,115,16,324,-0.027467310428619385
65,116,16,318,-0.023663245141506195
65,117,16,402,-0.018207907676696777
65,118,16,317,-0.011126074939966202
66,67,12,38,-0.008313428610563278
66,68,12,41,-0.01348695158958435
66,69,12,42,-0.01675286889076233
66,70,12,96,-0.020663022994995117
66,71,12,89,-0.018489636480808258
66,72,12,179,-0.015926629304885864
66,73,12,86,-0.011347796767950058
66,74,12,15,-0.0011157601838931441
66,75,12,13,-0.00012069640797562897
66,76,12,82,-0.008000172674655914
66,77,12,81,-0.012782715260982513
66,78,12,80,-0.015369199216365814
66,79,12,191,-0.01938369870185852
66,80,12,78,-0.01990009844303131
66,81,12,95,-0.0178946852684021
66,82,12,88,-0.017382271587848663
66,83,12,178,-0.015074901282787323
66,84,12,87,-0.010515846312046051
66,85,12,14,-0.0015872211661189795
66,86,12,267,-0.009428203105926514
66,87,12,269,-0.016353987157344818
66,88,12,270,-0.022538304328918457
66,89,12,409,-0.027894943952560425
66,90,12,291,-0.03127318620681763
66,91,12,375,-0.02821461856365204
66,92,12,321,-0.022570088505744934
66,93,12,405,-0.015095509588718414
66,94,12,314,-0.006841637194156647
66,95,12,302,-0.009442679584026337
66,96,12,303,-0.01677999645471573
66,97,12,304,-0.022502705454826355
66,98,12,408,-0.027762725949287415
66,99,12,307,-0.027452781796455383
66,100,12,320,-0.021808795630931854
66,101,12,404,-0.014798521995544434
66,102,12,315,-0.006621669977903366
66,103,12,268,-0.009607452899217606
66,104,12,271,-0.01690640300512314
66,105,12,272,-0.022196300327777863
66,106,12,325,-0.02595028281211853
66,107,12,319,-0.020422622561454773
66,108,12,403,-0.014319390058517456
66,109,12,316,-0.006851218640804291
66,110,12,312,-0.00931595265865326
66,111,12,311,-0.016032181680202484
66,112,12,310,-0.021043866872787476
66,113,12,415,-0.02704627811908722
66,114,12,308,-0.028508514165878296
66,115,12,324,-0.024007096886634827
66,116,12,318,-0.020203031599521637
66,117,12,402,-0.014747701585292816
66,118,12,317,-0.007665865123271942
67,68,38,41,-0.0051735155284404755
67,69,38,42,-0.008439436554908752
67,70,38,96,-0.01234959065914154
67,71,38,89,-0.010176204144954681
67,72,38,179,-0.007613200694322586
67,73,38,86,-0.0011558861006051302
67,74,38,15,-0.00510932132601738
67,75,38,13,-0.00819273293018341
67,76,38,82,-0.00031325826421380043
67,77,38,81,-0.004469294100999832
67,78,38,80,-0.0070557668805122375
67,79,38,191,-0.011070266366004944
67,80,38,78,-0.011586673557758331
67,81,38,95,-0.009581267833709717
67,82,38,88,-0.009068846702575684
67,83,38,178,-0.006761468946933746
67,84,38,87,0.002202418399974704
67,85,38,14,-0.0058439187705516815
67,86,38,267,-0.01774163544178009
67,87,38,269,-0.024667412042617798
67,88,38,270,-0.03085172176361084
67,89,38,409,-0.036208346486091614
67,90,38,291,-0.03958660364151001
67,91,38,375,-0.03652803599834442
67,92,38,321,-0.030883505940437317
67,93,38,405,-0.023408934473991394
67,94,38,314,-0.015155062079429626
67,95,38,302,-0.017756104469299316
67,96,38,303,-0.025093406438827515
67,97,38,304,-0.030816122889518738
67,98,38,408,-0.036076128482818604
67,99,38,307,-0.03576621413230896
67,100,38,320,-0.03012220561504364
67,101,38,404,-0.023111939430236816
67,102,38,315,-0.014935098588466644
67,103,38,268,-0.017920881509780884
67,104,38,271,-0.025219812989234924
67,105,38,272,-0.030509725213050842
67,106,38,325,-0.0342637300491333
67,107,38,319,-0.028736025094985962
67,108,38,403,-0.02263280749320984
67,109,38,316,-0.01516464352607727
67,110,38,312,-0.017629384994506836
67,111,38,311,-0.024345606565475464
67,112,38,310,-0.029357269406318665
67,113,38,415,-0.035359740257263184
67,114,38,308,-0.03682193160057068
67,115,38,324,-0.03232051432132721
67,116,38,318,-0.028516456484794617
67,117,38,402,-0.023061126470565796
67,118,38,317,-0.01597929745912552
68,69,41,42,-0.0032659247517585754
68,70,41,96,-0.007176075130701065
68,71,41,89,-0.0050026848912239075
68,72,41,179,-0.0002562642330303788
68,73,41,86,-0.002139151096343994
68,74,41,15,-0.010282829403877258
68,75,41,13,-0.013366252183914185
68,76,41,82,-0.005486775189638138
68,77,41,81,-0.0007042204961180687
68,78,41,80,-0.0018822550773620605
68,79,41,191,-0.005896762013435364
68,80,41,78,-0.006413161754608154
68,81,41,95,-0.004407744854688644
68,82,41,88,-0.003895321860909462
68,83,41,178,0.0015879543498158455
68,84,41,87,-0.0029710978269577026
68,85,41,14,-0.011017434298992157
68,86,41,267,-0.022915154695510864
68,87,41,269,-0.029840931296348572
68,88,41,270,-0.036025270819664
68,89,41,409,-0.04138191044330597
68,90,41,291,-0.04476010799407959
68,91,41,375,-0.041701555252075195
68,92,41,321,-0.03605705499649048
68,93,41,405,-0.028582468628883362
68,94,41,314,-0.020328596234321594
68,95,41,302,-0.022929638624191284
68,96,41,303,-0.030266910791397095
68,97,41,304,-0.035989612340927124
68,98,41,408,-0.04124964773654938
68,99,41,307,-0.04093974828720093
68,100,41,320,-0.035295724868774414
68,101,41,404,-0.02828545868396759
68,102,41,315,-0.020108625292778015
68,103,41,268,-0.023094385862350464
68,104,41,271,-0.030393347144126892
68,105,41,272,-0.03568322956562042
68,106,41,325,-0.039437249302864075
68,107,41,319,-0.03390952944755554
68,108,41,403,-0.027806356549263
68,109,41,316,-0.02033814787864685
68,110,41,312,-0.022802889347076416
68,111,41,311,-0.029519125819206238
68,112,41,310,-0.03453080356121063
68,113,41,415,-0.04053325951099396
68,114,41,308,-0.04199548065662384
68,115,41,324,-0.03749404847621918
68,116,41,318,-0.03368997573852539
68,117,41,402,-0.02823464572429657
68,118,41,317,-0.021152816712856293
69,70,42,96,-0.003910155966877937
69,71,42,89,-0.001109425793401897
69,72,42,179,-0.0008262433111667633
69,73,42,86,-0.005405068397521973
69,74,42,15,-0.013548769056797028
69,75,42,13,-0.01663217693567276
69,76,42,82,-0.008752696216106415
69,77,42,81,-0.003970138728618622
69,78,42,80,-0.001383669674396515
69,79,42,191,-0.0026308298110961914
69,80,42,78,-0.0031472258269786835
69,81,42,95,-0.0011418256908655167
69,82,42,88,0.0006293980404734612
69,83,42,178,-0.001677975058555603
69,84,42,87,-0.006237015128135681
69,85,42,14,-0.01428336650133133
69,86,42,267,-0.02618105709552765
69,87,42,269,-0.033106863498687744
69,88,42,270,-0.03929118812084198
69,89,42,409,-0.044647812843322754
69,90,42,291,-0.04802602529525757
69,91,42,375,-0.04496750235557556
69,92,42,321,-0.03932294249534607
69,93,42,405,-0.031848400831222534
69,94,42,314,-0.023594528436660767
69,95,42,302,-0.02619554102420807
69,96,42,303,-0.03353282809257507
69,97,42,304,-0.039255574345588684
69,98,42,408,-0.04451557993888855
69,99,42,307,-0.044205665588378906
69,100,42,320,-0.03856167197227478
69,101,42,404,-0.03155140578746796
69,102,42,315,-0.023374542593955994
69,103,42,268,-0.026360318064689636
69,104,42,271,-0.033659279346466064
69,105,42,272,-0.0389491468667984
69,106,42,325,-0.04270316660404205
69,107,42,319,-0.0371754914522171
69,108,42,403,-0.031072258949279785
69,109,42,316,-0.023604094982147217
69,110,42,312,-0.02606882154941559
69,111,42,311,-0.032785043120384216
69,112,42,310,-0.03779672086238861
69,113,42,415,-0.04379914700984955
69,114,42,308,-0.04526141285896301
69,115,42,324,-0.040759965777397156
69,116,42,318,-0.03695590794086456
69,117,42,402,-0.03150056302547455
69,118,42,317,-0.024418726563453674
70,71,96,89,-0.002173393964767456
70,72,96,179,-0.004736397415399551
70,73,96,86,-0.009315229952335358
70,74,96,15,-0.01745891571044922
70,75,96,13,-0.020542338490486145
70,76,96,82,-0.0126628577709198
70,77,96,81,-0.007880307734012604
70,78,96,80,-0.005293823778629303
70,79,96,191,-0.001279324758797884
70,80,96,78,0.0007629264146089554
70,81,96,95,-0.002768330741673708
70,82,96,88,-0.0032807569950819016
70,83,96,178,-0.005588129162788391
70,84,96,87,-0.010147176682949066
70,85,96,14,-0.018193498253822327
70,86,96,267,-0.030091211199760437
70,87,96,269,-0.03701700270175934
70,88,96,270,-0.043201327323913574
70,89,96,409,-0.04855796694755554
70,90,96,291,-0.051936209201812744
70,91,96,375,-0.04887762665748596
70,92,96,321,-0.04323309659957886
70,93,96,405,-0.03575858473777771
70,94,96,314,-0.027504652738571167
70,95,96,302,-0.03010571002960205
70,96,96,303,-0.03744302690029144
70,97,96,304,-0.043165743350982666
70,98,96,408,-0.04842573404312134
70,99,96,307,-0.04811578989028931
70,100,96,320,-0.04247182607650757
70,101,96,404,-0.035461559891700745
70,102,96,315,-0.027284696698188782
70,103,96,268,-0.03027045726776123
70,104,96,271,-0.03756943345069885
70,105,96,272,-0.04285931587219238
70,106,96,325,-0.04661330580711365
70,107,96,319,-0.041085630655288696
70,108,96,403,-0.03498242795467377
70,109,96,316,-0.027514249086380005
70,110,96,312,-0.02997899055480957
70,111,96,311,-0.036695197224617004
70,112,96,310,-0.04170690476894379
70,113,96,415,-0.04770931601524353
70,114,96,308,-0.0491715669631958
70,115,96,324,-0.04467013478279114
70,116,96,318,-0.040866076946258545
70,117,96,402,-0.035410717129707336
70,118,96,317,-0.028328895568847656
71,72,89,179,-0.002562999725341797
71,73,89,86,-0.0071418434381484985
71,74,89,15,-0.015285536646842957
71,75,89,13,-0.018368951976299286
71,76,89,82,-0.010489463806152344
71,77,89,81,-0.005706906318664551
71,78,89,80,-0.003120431210845709
71,79,89,191,-0.0008940696716308594
71,80,89,78,-0.0014104731380939484
71,81,89,95,0.0005949363112449646
71,82,89,88,-0.0011073634959757328
71,83,89,178,-0.0034147314727306366
71,84,89,87,-0.007973775267601013
71,85,89,14,-0.016020119190216064
71,86,89,267,-0.02791781723499298
71,87,89,269,-0.034843623638153076
71,88,89,270,-0.04102793335914612
71,89,89,409,-0.0463845431804657
71,90,89,291,-0.0497627854347229
71,91,89,375,-0.046704232692718506
71,92,89,321,-0.0410597026348114
71,93,89,405,-0.03358517587184906
71,94,89,314,-0.025331273674964905
71,95,89,302,-0.02793233096599579
71,96,89,303,-0.03526961803436279
71,97,89,304,-0.04099230468273163
71,98,89,408,-0.046252310276031494
71,99,89,307,-0.04594242572784424
71,100,89,320,-0.040298402309417725
71,101,89,404,-0.033288151025772095
71,102,89,315,-0.025111302733421326
71,103,89,268,-0.028097078204154968
71,104,89,271,-0.035396039485931396
71,105,89,272,-0.04068592190742493
71,106,89,325,-0.04443995654582977
71,107,89,319,-0.038912251591682434
71,108,89,403,-0.03280900418758392
71,109,89,316,-0.02534085512161255
71,110,89,312,-0.027805566787719727
71,111,89,311,-0.03452180325984955
71,112,89,310,-0.03953346610069275
71,113,89,415,-0.04553593695163727
71,114,89,308,-0.04699814319610596
71,115,89,324,-0.04249674081802368
71,116,89,318,-0.038692668080329895
71,117,89,402,-0.033237338066101074
71,118,89,317,-0.0261555016040802
72,73,179,86,-0.004578832536935806
72,74,179,15,-0.012722514569759369
72,75,179,13,-0.015805937349796295
72,76,179,82,-0.007926452904939651
72,77,179,81,-0.0031439042650163174
72,78,179,80,0.0005574282258749008
72,79,179,191,-0.0034570693969726562
72,80,179,78,-0.003973476588726044
72,81,179,95,-0.0019680671393871307
72,82,179,88,-0.0014556404203176498
72,83,179,178,-0.0008517294190824032
72,84,179,87,-0.005410779267549515
72,85,179,14,-0.01345711201429367
72,86,179,267,-0.025354832410812378
72,87,179,269,-0.03228062391281128
72,88,179,270,-0.03846491873264313
72,89,179,409,-0.04382158815860748
72,90,179,291,-0.04719977080821991
72,91,179,375,-0.0441412478685379
72,92,179,321,-0.03849673271179199
72,93,179,405,-0.03102216124534607
72,94,179,314,-0.022768259048461914
72,95,179,302,-0.025369316339492798
72,96,179,303,-0.0327066034078598
72,97,179,304,-0.03842930495738983
72,98,179,408,-0.043689340353012085
72,99,179,307,-0.04337942600250244
72,100,179,320,-0.03773541748523712
72,101,179,404,-0.03072512149810791
72,102,179,315,-0.02254830300807953
72,103,179,268,-0.025534093379974365
72,104,179,271,-0.032833024859428406
72,105,179,272,-0.03812292218208313
72,106,179,325,-0.041876912117004395
72,107,179,319,-0.03634922206401825
72,108,179,403,-0.03024601936340332
72,109,179,316,-0.022777840495109558
72,110,179,312,-0.025242574512958527
72,111,179,311,-0.03195880353450775
72,112,179,310,-0.036970481276512146
72,113,179,415,-0.04297292232513428
72,114,179,308,-0.044435158371925354
72,115,179,324,-0.03993372619152069
72,116,179,318,-0.0361296683549881
72,117,179,402,-0.030674338340759277
72,118,179,317,-0.023592479526996613
73,74,86,15,-0.008143685758113861
73,75,86,13,-0.01122710108757019
73,76,86,82,-0.0033476261887699366
73,77,86,81,-0.0014349296689033508
73,78,86,80,-0.004021406173706055
73,79,86,191,-0.008035905659198761
73,80,86,78,-0.008552305400371552
73,81,86,95,-0.006546907126903534
73,82,86,88,-0.006034471094608307
73,83,86,178,-0.003727104514837265
73,84,86,87,-0.0008319499902427197
73,85,86,14,-0.00887829065322876
73,86,86,267,-0.02077600359916687
73,87,86,269,-0.02770179510116577
73,88,86,270,-0.03388608992099762
73,89,86,409,-0.039242714643478394
73,90,86,291,-0.042620956897735596
73,91,86,375,-0.039562419056892395
73,92,86,321,-0.0339178740978241
73,93,86,405,-0.026443317532539368
73,94,86,314,-0.018189430236816406
73,95,86,302,-0.020790480077266693
73,96,86,303,-0.02812778949737549
73,97,86,304,-0.033850476145744324
73,98,86,408,-0.03911049664020538
73,99,86,307,-0.03880058228969574
73,100,86,320,-0.03315657377243042
73,101,86,404,-0.02614632248878479
73,102,86,315,-0.017969466745853424
73,103,86,268,-0.02095525711774826
73,104,86,271,-0.028254203498363495
73,105,86,272,-0.033544108271598816
73,106,86,325,-0.03729808330535889
73,107,86,319,-0.03177039325237274
73,108,86,403,-0.025667183101177216
73,109,86,316,-0.01819901168346405
73,110,86,312,-0.020663753151893616
73,111,86,311,-0.027379974722862244
73,112,86,310,-0.03239165246486664
73,113,86,415,-0.03839409351348877
73,114,86,308,-0.03985631465911865
73,115,86,324,-0.03535489737987518
73,116,86,318,-0.031550824642181396
73,117,86,402,-0.026095502078533173
73,118,86,317,-0.0190136656165123
74,75,15,13,-0.0002931654453277588
74,76,15,82,-0.004796061664819717
74,77,15,81,-0.009578615427017212
74,78,15,80,-0.012165091931819916
74,79,15,191,-0.016179591417312622
74,80,15,78,-0.01669597625732422
74,81,15,95,-0.014690592885017395
74,82,15,88,-0.014178164303302765
74,83,15,178,-0.011870786547660828
74,84,15,87,-0.007311735302209854
74,85,15,14,0.00047146083670668304
74,86,15,267,-0.012632310390472412
74,87,15,269,-0.019558101892471313
74,88,15,270,-0.02574239671230316
74,89,15,409,-0.031099051237106323
74,90,15,291,-0.03447727859020233
74,91,15,375,-0.03141872584819794
74,92,15,321,-0.02577418088912964
74,93,15,405,-0.01829962432384491
74,94,15,314,-0.010045751929283142
74,95,15,302,-0.012646790593862534
74,96,15,303,-0.01998409628868103
74,97,15,304,-0.025706790387630463
74,98,15,408,-0.03096681833267212
74,99,15,307,-0.030656903982162476
74,100,15,320,-0.025012895464897156
74,101,15,404,-0.018002629280090332
74,102,15,315,-0.009825780987739563
74,103,15,268,-0.012811560183763504
74,104,15,271,-0.020110517740249634
74,105,15,272,-0.025400415062904358
74,106,15,325,-0.029154419898986816
74,107,15,319,-0.02362670749425888
74,108,15,403,-0.017523497343063354
74,109,15,316,-0.01005532592535019
74,110,15,312,-0.012520059943199158
74,111,15,311,-0.019236281514167786
74,112,15,310,-0.024247989058494568
74,113,15,415,-0.0302504301071167
74,114,15,308,-0.03171263635158539
74,115,15,324,-0.027211204171180725
74,116,15,318,-0.023407146334648132
74,117,15,402,-0.017951808869838715
74,118,15,317,-0.01086997240781784
75,76,13,82,-0.007879476994276047
75,77,13,81,-0.012662030756473541
75,78,13,80,-0.015248499810695648
75,79,13,191,-0.01926301419734955
75,80,13,78,-0.019779399037361145
75,81,13,95,-0.017774000763893127
75,82,13,88,-0.017261572182178497
75,83,13,178,-0.014954201877117157
75,84,13,87,-0.010395150631666183
75,85,13,14,-0.0007646263111382723
75,86,13,267,-0.009548895061016083
75,87,13,269,-0.016474686563014984
75,88,13,270,-0.02265898883342743
75,89,13,409,-0.02801564335823059
75,90,13,291,-0.0313938707113266
75,91,13,375,-0.028335317969322205
75,92,13,321,-0.022690773010253906
75,93,13,405,-0.01521620899438858
75,94,13,314,-0.006962336599826813
75,95,13,302,-0.009563375264406204
75,96,13,303,-0.0169006809592247
75,97,13,304,-0.022623397409915924
75,98,13,408,-0.027883410453796387
75,99,13,307,-0.02757348120212555
75,100,13,320,-0.021929480135440826
75,101,13,404,-0.014919206500053406
75,102,13,315,-0.006742369383573532
75,103,13,268,-0.009728148579597473
75,104,13,271,-0.017027094960212708
75,105,13,272,-0.02231699973344803
75,106,13,325,-0.02607099711894989
75,107,13,319,-0.020543307065963745
75,108,13,403,-0.014440089464187622
75,109,13,316,-0.00697191059589386
75,110,13,312,-0.009436652064323425
75,111,13,311,-0.016152873635292053
75,112,13,310,-0.021164558827877045
75,113,13,415,-0.02716699242591858
75,114,13,308,-0.028629213571548462
75,115,13,324,-0.024127796292304993
75,116,13,318,-0.02032371610403061
75,117,13,402,-0.014868400990962982
75,118,13,317,-0.00778656080365181
76,77,82,81,-0.0047825537621974945
76,78,82,80,-0.007369033992290497
76,79,82,191,-0.01138351857662201
76,80,82,78,-0.0118999183177948
76,81,82,95,-0.009894520044326782
76,82,82,88,-0.009382106363773346
76,83,82,178,-0.007074728608131409
76,84,82,87,-0.0022022277116775513
76,85,82,14,-0.005530655384063721
76,86,82,267,-0.01742836833000183
76,87,82,269,-0.024354159832000732
76,88,82,270,-0.030538499355316162
76,89,82,409,-0.03589510917663574
76,90,82,291,-0.039273351430892944
76,91,82,375,-0.036214783787727356
76,92,82,321,-0.03057025372982025
76,93,82,405,-0.02309568226337433
76,94,82,314,-0.014841817319393158
76,95,82,302,-0.01744285225868225
76,96,82,303,-0.02478015422821045
76,97,82,304,-0.030502870678901672
76,98,82,408,-0.03576289117336273
76,99,82,307,-0.035452961921691895
76,100,82,320,-0.02980896830558777
76,101,82,404,-0.022798702120780945
76,102,82,315,-0.014621838927268982
76,103,82,268,-0.01760762929916382
76,104,82,271,-0.024906568229198456
76,105,82,272,-0.030196458101272583
76,106,82,325,-0.03395046293735504
76,107,82,319,-0.028422772884368896
76,108,82,403,-0.022319555282592773
76,109,82,316,-0.014851391315460205
76,110,82,312,-0.017316125333309174
76,111,82,311,-0.024032361805438995
76,112,82,310,-0.029044046998023987
76,113,82,415,-0.035046473145484924
76,114,82,308,-0.036508724093437195
76,115,82,324,-0.03200727701187134
76,116,82,318,-0.028203219175338745
76,117,82,402,-0.022747881710529327
76,118,82,317,-0.015666045248508453
77,78,81,80,-0.002586476504802704
77,79,81,191,-0.006600979715585709
77,80,81,78,-0.007117375731468201
77,81,81,95,-0.005111970007419586
77,82,81,88,-0.0045995451509952545
77,83,81,178,-0.0022042931523174047
77,84,81,87,-0.002266880124807358
77,85,81,14,-0.010313212871551514
77,86,81,267,-0.022210918366909027
77,87,81,269,-0.02913670241832733
77,88,81,270,-0.03532104194164276
77,89,81,409,-0.04067769646644592
77,90,81,291,-0.04405592381954193
77,91,81,375,-0.04099731147289276
77,92,81,321,-0.03535279631614685
77,93,81,405,-0.02787826955318451
77,94,81,314,-0.019624367356300354
77,95,81,302,-0.02222541719675064
77,96,81,303,-0.02956269681453705
77,97,81,304,-0.03528539836406708
77,98,81,408,-0.04054540395736694
77,99,81,307,-0.04023551940917969
77,100,81,320,-0.03459151089191437
77,101,81,404,-0.027581244707107544
77,102,81,315,-0.019404418766498566
77,103,81,268,-0.022390171885490417
77,104,81,271,-0.029689118266105652
77,105,81,272,-0.03497900068759918
77,106,81,325,-0.03873300552368164
77,107,81,319,-0.033205315470695496
77,108,81,403,-0.02710212767124176
77,109,81,316,-0.019633933901786804
77,110,81,312,-0.022098682820796967
77,111,81,311,-0.028814896941184998
77,112,81,310,-0.03382657468318939
77,113,81,415,-0.03982901573181152
77,114,81,308,-0.0412912517786026
77,115,81,324,-0.036789849400520325
77,116,81,318,-0.032985761761665344
77,117,81,402,-0.027530431747436523
77,118,81,317,-0.020448580384254456
78,79,80,191,-0.004014499485492706
78,80,80,78,-0.004530902951955795
78,81,80,95,-0.0025254953652620316
78,82,80,88,-0.0020130679477006197
78,83,80,178,-0.0002942979335784912
78,84,80,87,-0.004853352904319763
78,85,80,14,-0.012899696826934814
78,86,80,267,-0.02479739487171173
78,87,80,269,-0.03172321617603302
78,88,80,270,-0.03790751099586487
78,89,80,409,-0.043264150619506836
78,90,80,291,-0.04664236307144165
78,91,80,375,-0.043583810329437256
78,92,80,321,-0.037939250469207764
78,93,80,405,-0.030464723706245422
78,94,80,314,-0.02221083641052246
78,95,80,302,-0.024811893701553345
78,96,80,303,-0.03214919567108154
78,97,80,304,-0.03787188231945038
78,98,80,408,-0.04313191771507263
78,99,80,307,-0.04282200336456299
78,100,80,320,-0.037177979946136475
78,101,80,404,-0.030167698860168457
78,102,80,315,-0.021990865468978882
78,103,80,268,-0.024976640939712524
78,104,80,271,-0.03227560222148895
78,105,80,272,-0.03756549954414368
78,106,80,325,-0.041319504380226135
78,107,80,319,-0.035791799426078796
78,108,80,403,-0.029688596725463867
78,109,80,316,-0.0222204327583313
78,110,80,312,-0.024685144424438477
78,111,80,311,-0.0314013808965683
78,112,80,310,-0.0364130437374115
78,113,80,415,-0.04241551458835602
78,114,80,308,-0.04387772083282471
78,115,80,324,-0.03937631845474243
78,116,80,318,-0.035572245717048645
78,117,80,402,-0.030116915702819824
78,118,80,317,-0.023035049438476562
79,80,191,78,-0.0005163997411727905
79,81,191,95,0.0002989008789882064
79,82,191,88,-0.002001432701945305
79,83,191,178,-0.0043087974190711975
79,84,191,87,-0.00886785238981247
79,85,191,14,-0.016914188861846924
79,86,191,267,-0.028811901807785034
79,87,191,269,-0.03573767840862274
79,88,191,270,-0.04192200303077698
79,89,191,409,-0.047278642654418945
79,90,191,291,-0.050656914710998535
79,91,191,375,-0.047598302364349365
79,92,191,321,-0.04195380210876465
79,93,191,405,-0.03447924554347992
79,94,191,314,-0.026225358247756958
79,95,191,302,-0.028826385736465454
79,96,191,303,-0.036163702607154846
79,97,191,304,-0.04188641905784607
79,98,191,408,-0.04714640974998474
79,99,191,307,-0.0468364953994751
79,100,191,320,-0.04119250178337097
79,101,191,404,-0.034182220697402954
79,102,191,315,-0.02600535750389099
79,103,191,268,-0.02899116277694702
79,104,191,271,-0.03629009425640106
79,105,191,272,-0.04157997667789459
79,106,191,325,-0.04533398151397705
79,107,191,319,-0.03980627655982971
79,108,191,403,-0.03370308876037598
79,109,191,316,-0.026234909892082214
79,110,191,312,-0.028699636459350586
79,111,191,311,-0.03541587293148041
79,112,191,310,-0.0404275506734848
79,113,191,415,-0.046429991722106934
79,114,191,308,-0.047892212867736816
79,115,191,324,-0.04339078068733215
79,116,191,318,-0.03958675265312195
79,117,191,402,-0.03413139283657074
79,118,191,317,-0.027049556374549866
80,81,78,95,-0.0020054057240486145
80,82,78,88,-0.002517830580472946
80,83,78,178,-0.004825197160243988
80,84,78,87,-0.00938425213098526
80,85,78,14,-0.017430588603019714
80,86,78,267,-0.029328301548957825
80,87,78,269,-0.03625407814979553
80,88,78,270,-0.042438387870788574
80,89,78,409,-0.04779505729675293
80,90,78,291,-0.051173269748687744
80,91,78,375,-0.04811471700668335
80,92,78,321,-0.042470186948776245
80,93,78,405,-0.034995585680007935
80,94,78,314,-0.026741743087768555
80,95,78,302,-0.029342740774154663
80,96,78,303,-0.03668008744716644
80,97,78,304,-0.042402803897857666
80,98,78,408,-0.04766279458999634
80,99,78,307,-0.047352880239486694
80,100,78,320,-0.041708916425704956
80,101,78,404,-0.034698620438575745
80,102,78,315,-0.026521772146224976
80,103,78,268,-0.029507577419281006
80,104,78,271,-0.036806508898735046
80,105,78,272,-0.04209637641906738
80,106,78,325,-0.045850396156311035
80,107,78,319,-0.040322691202163696
80,108,78,403,-0.03421950340270996
80,109,78,316,-0.026751279830932617
80,110,78,312,-0.029216036200523376
80,111,78,311,-0.03593228757381439
80,112,78,310,-0.04094395041465759
80,113,78,415,-0.04694640636444092
80,114,78,308,-0.0484086275100708
80,115,78,324,-0.043907225131988525
80,116,78,318,-0.040103137493133545
80,117,78,402,-0.034647807478904724
80,118,78,317,-0.027565956115722656
81,82,95,88,-0.0005124267190694809
81,83,95,178,-0.002819802612066269
81,84,95,87,-0.007378853857517242
81,85,95,14,-0.01542520523071289
81,86,95,267,-0.027322888374328613
81,87,95,269,-0.03424866497516632
81,88,95,270,-0.04043298959732056
81,89,95,409,-0.04578959941864014
81,90,95,291,-0.04916787147521973
81,91,95,375,-0.04610931873321533
81,92,95,321,-0.04046475887298584
81,93,95,405,-0.032990217208862305
81,94,95,314,-0.024736344814300537
81,95,95,302,-0.02733735740184784
81,96,95,303,-0.034674689173698425
81,97,95,304,-0.04039740562438965
81,98,95,408,-0.04565742611885071
81,99,95,307,-0.045347511768341064
81,100,95,320,-0.03970348834991455
81,101,95,404,-0.03269320726394653
81,102,95,315,-0.024516358971595764
81,103,95,268,-0.027502134442329407
81,104,95,271,-0.03480111062526703
81,105,95,272,-0.04009096324443817
81,106,95,325,-0.04384499788284302
81,107,95,319,-0.03831730782985687
81,108,95,403,-0.03221409022808075
81,109,95,316,-0.024745911359786987
81,110,95,312,-0.027210652828216553
81,111,95,311,-0.03392684459686279
81,112,95,310,-0.03893856704235077
81,113,95,415,-0.0449410080909729
81,114,95,308,-0.04640322923660278
81,115,95,324,-0.04190179705619812
81,116,95,318,-0.03809773921966553
81,117,95,402,-0.03264239430427551
81,118,95,317,-0.02556055784225464
82,83,88,178,-0.002307366579771042
82,84,88,87,-0.006866417825222015
82,85,88,14,-0.014912761747837067
82,86,88,267,-0.02681046724319458
82,87,88,269,-0.033736273646354675
82,88,88,270,-0.03992056846618652
82,89,88,409,-0.04527720808982849
82,90,88,291,-0.04865548014640808
82,91,88,375,-0.0455968976020813
82,92,88,321,-0.039952367544174194
82,93,88,405,-0.032477766275405884
82,94,88,314,-0.024223893880844116
82,95,88,302,-0.026824966073036194
82,96,88,303,-0.0341622531414032
82,97,88,304,-0.03988496959209442
82,98,88,408,-0.0451449453830719
82,99,88,307,-0.044835060834884644
82,100,88,320,-0.03919108211994171
82,101,88,404,-0.032180801033973694
82,102,88,315,-0.02400393784046173
82,103,88,268,-0.026989728212356567
82,104,88,271,-0.0342886745929718
82,105,88,272,-0.03957855701446533
82,106,88,325,-0.04333259165287018
82,107,88,319,-0.037804871797561646
82,108,88,403,-0.031701669096946716
82,109,88,316,-0.02423347532749176
82,110,88,312,-0.02669823169708252
82,111,88,311,-0.03341442346572876
82,112,88,310,-0.038426145911216736
82,113,88,415,-0.04442860186100006
82,114,88,308,-0.04589080810546875
82,115,88,324,-0.04138937592506409
82,116,88,318,-0.0375853031873703
82,117,88,402,-0.032129958271980286
82,118,88,317,-0.02504812180995941
83,84,178,87,-0.0045590512454509735
83,85,178,14,-0.01260538399219513
83,86,178,267,-0.02450309693813324
83,87,178,269,-0.03142888844013214
83,88,178,270,-0.03761321306228638
83,89,178,409,-0.04296983778476715
83,90,178,291,-0.04634810984134674
83,91,178,375,-0.043289512395858765
83,92,178,321,-0.03764498233795166
83,93,178,405,-0.030170410871505737
83,94,178,314,-0.02191653847694397
83,95,178,302,-0.024517588317394257
83,96,178,303,-0.03185488283634186
83,97,178,304,-0.03757756948471069
83,98,178,408,-0.04283761978149414
83,99,178,307,-0.04252767562866211
83,100,178,320,-0.03688368201255798
83,101,178,404,-0.029873400926589966
83,102,178,315,-0.021696582436561584
83,103,178,268,-0.02468235045671463
83,104,178,271,-0.03198128938674927
83,105,178,272,-0.03727118670940399
83,106,178,325,-0.04102519154548645
83,107,178,319,-0.03549753129482269
83,108,178,403,-0.029394298791885376
83,109,178,316,-0.02192612737417221
83,110,178,312,-0.02439086139202118
83,111,178,311,-0.031107068061828613
83,112,178,310,-0.0361187607049942
83,113,178,415,-0.04212120175361633
83,114,178,308,-0.04358340799808502
83,115,178,324,-0.03908200562000275
83,116,178,318,-0.035277947783470154
83,117,178,402,-0.029822587966918945
83,118,178,317,-0.022740773856639862
84,85,87,14,-0.008046336472034454
84,86,87,267,-0.019944049417972565
84,87,87,269,-0.026869848370552063
84,88,87,270,-0.03305414319038391
84,89,87,409,-0.03841079771518707
84,90,87,291,-0.04178901016712189
84,91,87,375,-0.038730472326278687
84,92,87,321,-0.03308592736721039
84,93,87,405,-0.02561137080192566
84,94,87,314,-0.017357490956783295
84,95,87,302,-0.019958533346652985
84,96,87,303,-0.02729584276676178
84,97,87,304,-0.033018559217453
84,98,87,408,-0.038278549909591675
84,99,87,307,-0.03796863555908203
84,100,87,320,-0.03232462704181671
84,101,87,404,-0.025314360857009888
84,102,87,315,-0.01713751256465912
84,103,87,268,-0.020123302936553955
84,104,87,271,-0.027422241866588593
84,105,87,272,-0.03271213173866272
84,106,87,325,-0.03646615147590637
84,107,87,319,-0.030938461422920227
84,108,87,403,-0.024835236370563507
84,109,87,316,-0.017367064952850342
84,110,87,312,-0.01983179897069931
84,111,87,311,-0.026548027992248535
84,112,87,310,-0.03155970573425293
84,113,87,415,-0.03756213188171387
84,114,87,308,-0.039024367928504944
84,115,87,324,-0.03452290594577789
84,116,87,318,-0.030718877911567688
84,117,87,402,-0.025263547897338867
84,118,87,317,-0.018181711435317993
85,86,14,267,-0.011897716671228409
85,87,14,269,-0.01882350444793701
85,88,14,270,-0.02500779926776886
85,89,14,409,-0.030364438891410828
85,90,14,291,-0.03374268114566803
85,91,14,375,-0.030684128403663635
85,92,14,321,-0.025039583444595337
85,93,14,405,-0.017565026879310608
85,94,14,314,-0.009311147034168243
85,95,14,302,-0.011912193149328232
85,96,14,303,-0.019249506294727325
85,97,14,304,-0.024972207844257355
85,98,14,408,-0.030232220888137817
85,99,14,307,-0.029922306537628174
85,100,14,320,-0.024278312921524048
85,101,14,404,-0.017268039286136627
85,102,14,315,-0.00909118726849556
85,103,14,268,-0.012076962739229202
85,104,14,271,-0.019375920295715332
85,105,14,272,-0.02466581016778946
85,106,14,325,-0.028419822454452515
85,107,14,319,-0.02289211004972458
85,108,14,403,-0.016788899898529053
85,109,14,316,-0.009320728480815887
85,110,14,312,-0.011785462498664856
85,111,14,311,-0.018501698970794678
85,112,14,310,-0.023513376712799072
85,113,14,415,-0.029515817761421204
85,114,14,308,-0.03097805380821228
85,115,14,324,-0.026476621627807617
85,116,14,318,-0.02267254889011383
85,117,14,402,-0.01721721887588501
85,118,14,317,-0.010135374963283539
86,87,267,269,-0.0069257840514183044
86,88,267,270,-0.013110093772411346
86,89,267,409,-0.018466733396053314
86,90,267,291,-0.021844975650310516
86,91,267,375,-0.018786415457725525
86,92,267,321,-0.013141877949237823
86,93,267,405,-0.0056673139333724976
86,94,267,314,0.0011577545665204525
86,95,267,302,1.4481018297374249e-05
86,96,267,303,-0.007351785898208618
86,97,267,304,-0.013074494898319244
86,98,267,408,-0.018334507942199707
86,99,267,307,-0.018024586141109467
86,100,267,320,-0.012380585074424744
86,101,267,404,-0.00537031888961792
86,102,267,315,-0.0028065296355634928
86,103,267,268,0.00017925212159752846
86,104,267,271,-0.007478199899196625
86,105,267,272,-0.012768089771270752
86,106,267,325,-0.01652209460735321
86,107,267,319,-0.010994404554367065
86,108,267,403,-0.004891190677881241
86,109,267,316,-0.002576983068138361
86,110,267,312,-0.00011224765330553055
86,111,267,311,-0.006603976711630821
86,112,267,310,-0.011615656316280365
86,113,267,415,-0.0176180899143219
86,114,267,308,-0.019080333411693573
86,115,267,324,-0.01457890123128891
86,116,267,318,-0.010774828493595123
86,117,267,402,-0.005319500342011452
86,118,267,317,-0.0017623361200094223
87,88,269,270,-0.0061843059957027435
87,89,269,409,-0.011540941894054413
87,90,269,291,-0.014919176697731018
87,91,269,375,-0.011860627681016922
87,92,269,321,-0.006216088309884071
87,93,269,405,-0.0012584775686264038
87,94,269,314,-0.00951235368847847
87,95,269,302,-0.006911315023899078
87,96,269,303,0.0004259943962097168
87,97,269,304,-0.006148701533675194
87,98,269,408,-0.011408720165491104
87,99,269,307,-0.011098798364400864
87,100,269,320,-0.0054547954350709915
87,101,269,404,-0.0015554726123809814
87,102,269,315,-0.009732317179441452
87,103,269,268,-0.006746545433998108
87,104,269,271,0.0005524102598428726
87,105,269,272,-0.005842301063239574
87,106,269,325,-0.009596306830644608
87,107,269,319,-0.004068613052368164
87,108,269,403,-0.0020346008241176605
87,109,269,316,-0.009502779692411423
87,110,269,312,-0.007038045674562454
87,111,269,311,-0.00032181479036808014
87,112,269,310,-0.004689866676926613
87,113,269,415,-0.010692300274968147
87,114,269,308,-0.012154538184404373
87,115,269,324,-0.00765310600399971
87,116,269,318,-0.0038490411825478077
87,117,269,402,-0.0016062930226325989
87,118,269,317,-0.008688133209943771
88,89,270,409,-0.0053566377609968185
88,90,270,291,-0.008734870702028275
88,91,270,375,-0.00567631796002388
88,92,270,321,3.1781382858753204e-05
88,93,270,405,-0.007442783564329147
88,94,270,314,-0.015696659684181213
88,95,270,302,-0.013095617294311523
88,96,270,303,-0.005758311599493027
88,97,270,304,-3.5604462027549744e-05
88,98,270,408,-0.005224412307143211
88,99,270,307,-0.004914489574730396
88,100,270,320,-0.000729510560631752
88,101,270,404,-0.007739778608083725
88,102,270,315,-0.015916623175144196
88,103,270,268,-0.012930847704410553
88,104,270,271,-0.005631901323795319
88,105,270,272,-0.0003420058637857437
88,106,270,325,-0.003371873404830694
88,107,270,319,-0.0021156929433345795
88,108,270,403,-0.008218910545110703
88,109,270,316,-0.01568707823753357
88,110,270,312,-0.013222336769104004
88,111,270,311,-0.0065061189234256744
88,112,270,310,-0.00149444118142128
88,113,270,415,0.004507994744926691
88,114,270,308,-0.005970226600766182
88,115,270,324,0.0014687986113131046
88,116,270,318,-0.002335265278816223
88,117,270,402,-0.0077905915677547455
88,118,270,317,-0.014872431755065918
89,90,409,291,-0.00337823573499918
89,91,409,375,0.00031968019902706146
89,92,409,321,-0.00532485730946064
89,93,409,405,-0.012799419462680817
89,94,409,314,-0.021053284406661987
89,95,409,302,-0.018452249467372894
89,96,409,303,-0.011114940047264099
89,97,409,304,-0.005392242223024368
89,98,409,408,-0.00013222452253103256
89,99,409,307,-0.00044214725494384766
89,100,409,320,-0.0060861483216285706
89,101,409,404,-0.013096414506435394
89,102,409,315,-0.021273277699947357
89,103,409,268,-0.018287494778633118
89,104,409,271,-0.010988526046276093
89,105,409,272,-0.005698643624782562
89,106,409,325,-0.0019446369260549545
89,107,409,319,-0.00747232511639595
89,108,409,403,-0.013575546443462372
89,109,409,316,-0.021043717861175537
89,110,409,312,-0.01857898384332657
89,111,409,311,-0.011862754821777344
89,112,409,310,-0.006851077079772949
89,113,409,415,-0.0008486434817314148
89,114,409,308,0.0006135909352451563
89,115,409,324,-0.003887837752699852
89,116,409,318,-0.0076919011771678925
89,117,409,402,-0.013147227466106415
89,118,409,317,-0.020229071378707886
90,91,291,375,-0.003058556467294693
90,92,291,321,-0.008703093975782394
90,93,291,405,-0.016177654266357422
90,94,291,314,-0.024431519210338593
90,95,291,302,-0.021830491721630096
90,96,291,303,-0.014493174850940704
90,97,291,304,-0.008770477026700974
90,98,291,408,-0.0035104602575302124
90,99,291,307,-0.003820383921265602
90,100,291,320,-0.009464383125305176
90,101,291,404,-0.016474649310112
90,102,291,315,-0.024651512503623962
90,103,291,268,-0.02166571468114853
90,104,291,271,-0.014366775751113892
90,105,291,272,-0.009076874703168869
90,106,291,325,-0.005322873592376709
90,107,291,319,-0.010850559920072556
90,108,291,403,-0.016953781247138977
90,109,291,316,-0.024421967566013336
90,110,291,312,-0.02195720374584198
90,111,291,311,-0.015240989625453949
90,112,291,310,-0.010229319334030151
90,113,291,415,-0.00422687828540802
90,114,291,308,-0.002764645032584667
90,115,291,324,-0.0072660744190216064
90,116,291,318,-0.011070139706134796
90,117,291,402,-0.016525477170944214
90,118,291,317,-0.023607313632965088
91,92,375,321,-0.005644535645842552
91,93,375,405,-0.013119105249643326
91,94,375,314,-0.02137298882007599
91,95,375,302,-0.018771931529045105
91,96,375,303,-0.011434629559516907
91,97,375,304,-0.0057119205594062805
91,98,375,408,-0.000451904721558094
91,99,375,307,-0.0007618279196321964
91,100,375,320,-0.006405828520655632
91,101,375,404,-0.013416100293397903
91,102,375,315,-0.02159295231103897
91,103,375,268,-0.018607161939144135
91,104,375,271,-0.0113082155585289
91,105,375,272,-0.0060183219611644745
91,106,375,325,-0.0022643189877271652
91,107,375,319,-0.0077920109033584595
91,108,375,403,-0.013895228505134583
91,109,375,316,-0.021363407373428345
91,110,375,312,-0.018898658454418182
91,111,375,311,-0.012182436883449554
91,112,375,310,-0.00717075914144516
91,113,375,415,-0.001168321818113327
91,114,375,308,-0.00029391038697212934
91,115,375,324,-0.0042075179517269135
91,116,375,318,-0.008011579513549805
91,117,375,402,-0.013466909527778625
91,118,375,317,-0.0205487459897995
92,93,321,405,-0.007474564015865326
92,94,321,314,-0.015728436410427094
92,95,321,302,-0.013127401471138
92,96,321,303,-0.005790092051029205
92,97,321,304,-6.73860777169466e-05
92,98,321,408,-0.005192631855607033
92,99,321,307,-0.004882708191871643
92,100,321,320,-0.0007612910121679306
92,101,321,404,-0.007771562784910202
92,102,321,315,-0.015948399901390076
92,103,321,268,-0.012962616980075836
92,104,321,271,-0.0056636743247509
92,105,321,272,-0.0003737863153219223
92,106,321,325,-0.003380218520760536
92,107,321,319,-0.002147476188838482
92,108,321,403,-0.008250687271356583
92,109,321,316,-0.015718869864940643
92,110,321,312,-0.013254128396511078
92,111,321,311,-0.0065379031002521515
92,112,321,310,-0.0015262216329574585
92,113,321,415,-0.004321557004004717
92,114,321,308,-0.005938446149230003
92,115,321,324,-0.0014370173448696733
92,116,321,318,-0.0023670457303524017
92,117,321,402,-0.00782238319516182
92,118,321,317,-0.014904215931892395
93,94,405,314,-0.008253872394561768
93,95,405,302,-0.005652833729982376
93,96,405,303,0.0016844720812514424
93,97,405,304,-0.007407180964946747
93,98,405,408,-0.012667205184698105
93,99,405,307,-0.012357272207736969
93,100,405,320,-0.006713273003697395
93,101,405,404,-0.00029699504375457764
93,102,405,315,-0.008473843336105347
93,103,405,268,-0.005488064140081406
93,104,405,271,0.0018108878284692764
93,105,405,272,-0.007100777700543404
93,106,405,325,-0.010854784399271011
93,107,405,319,-0.005327090620994568
93,108,405,403,-0.0007761241868138313
93,109,405,316,-0.00824429839849472
93,110,405,312,-0.005779564380645752
93,111,405,311,0.0009366627782583237
93,112,405,310,-0.005948344245553017
93,113,405,415,-0.011950775980949402
93,114,405,308,-0.013413015753030777
93,115,405,324,-0.008911583572626114
93,116,405,318,-0.005107519216835499
93,117,405,402,-0.00034781545400619507
93,118,405,317,-0.007429648190736771
94,95,314,302,0.0026010426227003336
94,96,314,303,-0.009938348084688187
94,97,314,304,-0.015661053359508514
94,98,314,408,-0.02092108130455017
94,99,314,307,-0.020611144602298737
94,100,314,320,-0.014967143535614014
94,101,314,404,-0.007956881076097488
94,102,314,315,-0.0002199679147452116
94,103,314,268,0.0027658133767545223
94,104,314,271,-0.010064765810966492
94,105,314,272,-0.015354655683040619
94,106,314,325,-0.01910865306854248
94,107,314,319,-0.013580970466136932
94,108,314,403,-0.007477752864360809
94,109,314,316,9.578652679920197e-06
94,110,314,312,0.0024743136018514633
94,111,314,311,-0.009190540760755539
94,112,314,310,-0.014202218502759933
94,113,314,415,-0.020204655826091766
94,114,314,308,-0.021666884422302246
94,115,314,324,-0.01716545969247818
94,116,314,318,-0.013361390680074692
94,117,314,402,-0.007906060665845871
94,118,314,317,0.000824224203824997
95,96,302,303,-0.007337301969528198
95,97,302,304,-0.013060018420219421
95,98,302,408,-0.018320024013519287
95,99,302,307,-0.018010102212429047
95,100,302,320,-0.01236610859632492
95,101,302,404,-0.0053558386862277985
95,102,302,315,-0.0007255017990246415
95,103,302,268,0.00016477098688483238
95,104,302,271,-0.007463719695806503
95,105,302,272,-0.012753613293170929
95,106,302,325,-0.016507625579833984
95,107,302,319,-0.010979928076267242
95,108,302,403,-0.004876706749200821
95,109,302,316,-0.0025914639700204134
95,110,302,312,-0.000126727856695652
95,111,302,311,-0.0065894965082407
95,112,302,310,-0.011601179838180542
95,113,302,415,-0.017603613436222076
95,114,302,308,-0.01906585693359375
95,115,302,324,-0.014564409852027893
95,116,302,318,-0.010760359466075897
95,117,302,402,-0.00530502013862133
95,118,302,317,-0.0017768177203834057
96,97,303,304,-0.005722709000110626
96,98,303,408,-0.010982725769281387
96,99,303,307,-0.01067279651761055
96,100,303,320,-0.005028804764151573
96,101,303,404,-0.001981467241421342
96,102,303,315,-0.010158315300941467
96,103,303,268,-0.007172532379627228
96,104,303,271,0.0001264149323105812
96,105,303,272,-0.005416307598352432
96,106,303,325,-0.00917031615972519
96,107,303,319,-0.0036426186561584473
96,108,303,403,-0.002460596151649952
96,109,303,316,-0.009928766638040543
96,110,303,312,-0.007464032620191574
96,111,303,311,-0.0007478091865777969
96,112,303,310,-0.004263872280716896
96,113,303,415,-0.01026630774140358
96,114,303,308,-0.011728543788194656
96,115,303,324,-0.007227111607789993
96,116,303,318,-0.003423047251999378
96,117,303,402,-0.002032286487519741
96,118,303,317,-0.00911412388086319
97,98,304,408,-0.005260016769170761
97,99,304,307,-0.004950094968080521
97,100,304,320,-0.0006939051672816277
97,101,304,404,-0.007704172283411026
97,102,304,315,-0.015881016850471497
97,103,304,268,-0.012895233929157257
97,104,304,271,-0.005596291273832321
97,105,304,272,-0.00030640047043561935
97,106,304,325,-0.003447604365646839
97,107,304,319,-0.0020800884813070297
97,108,304,403,-0.008183304220438004
97,109,304,316,-0.015651486814022064
97,110,304,312,-0.013186737895011902
97,111,304,311,-0.006470516324043274
97,112,304,310,-0.001458834856748581
97,113,304,415,-0.004543599672615528
97,114,304,308,-0.00600583478808403
97,115,304,324,-0.0015044035390019417
97,116,304,318,-0.0022996608167886734
97,117,304,402,-0.007754992693662643
97,118,304,317,-0.014836840331554413
98,99,408,307,-0.0003099231980741024
98,100,408,320,-0.005953922867774963
98,101,408,404,-0.012964192777872086
98,102,408,315,-0.021141037344932556
98,103,408,268,-0.018155254423618317
98,104,408,271,-0.010856308043003082
98,105,408,272,-0.005566418170928955
98,106,408,325,-0.0018124133348464966
98,107,408,319,-0.007340103387832642
98,108,408,403,-0.013443313539028168
98,109,408,316,-0.020911507308483124
98,110,408,312,-0.01844676584005356
98,111,408,311,-0.01173054426908493
98,112,408,310,-0.0067188553512096405
98,113,408,415,-0.0007164180278778076
98,114,408,308,-0.0007458147592842579
98,115,408,324,-0.003755614161491394
98,116,408,318,-0.007559679448604584
98,117,408,402,-0.013015009462833405
98,118,408,317,-0.02009684592485428
99,100,307,320,-0.005643999204039574
99,101,307,404,-0.012654270976781845
99,102,307,315,-0.020831122994422913
99,103,307,268,-0.017845332622528076
99,104,307,271,-0.01054638996720314
99,105,307,272,-0.005256496369838715
99,106,307,325,-0.0015024896711111069
99,107,307,319,-0.00703018344938755
99,108,307,403,-0.013133402913808823
99,109,307,316,-0.020601585507392883
99,110,307,312,-0.01813683658838272
99,111,307,311,-0.011420607566833496
99,112,307,310,-0.0064089298248291016
99,113,307,415,-0.0004064943641424179
99,114,307,308,-0.0010557379573583603
99,115,307,324,-0.0034456904977560043
99,116,307,318,-0.007249753922224045
99,117,307,402,-0.012705087661743164
99,118,307,317,-0.019786931574344635
100,101,320,404,-0.007010269910097122
100,102,320,315,-0.01518712192773819
100,103,320,268,-0.012201331555843353
100,104,320,271,-0.004902385175228119
100,105,320,272,0.0003875046968460083
100,106,320,325,-0.004141509532928467
100,107,320,319,-0.0013861837796866894
100,108,320,403,-0.007489398121833801
100,109,320,316,-0.014957576990127563
100,110,320,312,-0.012492835521697998
100,111,320,311,-0.005776610225439072
100,112,320,310,-0.0007649287581443787
100,113,320,415,-0.005237504839897156
100,114,320,308,-0.006699737161397934
100,115,320,324,-0.0021983087062835693
100,116,320,318,-0.0016057547181844711
100,117,320,402,-0.007061086595058441
100,118,320,317,-0.014142923057079315
101,102,404,315,-0.008176848292350769
101,103,404,268,-0.005191061645746231
101,104,404,271,0.0021078824065625668
101,105,404,272,-0.007397772744297981
101,106,404,325,-0.011151779443025589
101,107,404,319,-0.0056240856647491455
101,108,404,403,-0.0004791291430592537
101,109,404,316,-0.007947295904159546
101,110,404,312,-0.005482561886310577
101,111,404,311,0.0012336578220129013
101,112,404,310,-0.00624533835798502
101,113,404,415,-0.012247774749994278
101,114,404,308,-0.013710007071495056
101,115,404,324,-0.009208574891090393
101,116,404,318,-0.005404513329267502
101,117,404,402,-5.0819478929042816e-05
101,118,404,317,-0.007132653146982193
102,103,315,268,0.0029857815243303776
102,104,315,271,-0.010284733027219772
102,105,315,272,-0.015574619174003601
102,106,315,325,-0.019328616559505463
102,107,315,319,-0.013800933957099915
102,108,315,403,-0.00769772008061409
102,109,315,316,0.0002295465674251318
102,110,315,312,0.0026942817494273186
102,111,315,311,-0.00941050797700882
102,112,315,310,-0.014422193169593811
102,113,315,415,-0.02042461931705475
102,114,315,308,-0.021886862814426422
102,115,315,324,-0.01738543063402176
102,116,315,318,-0.013581357896327972
102,117,315,402,-0.008126027882099152
102,118,315,317,0.0010441928170621395
103,104,268,271,-0.007298950105905533
103,105,268,272,-0.012588851153850555
103,106,268,325,-0.016342855989933014
103,107,268,319,-0.010815151035785675
103,108,268,403,-0.0047119371592998505
103,109,268,316,0.0008374184253625572
103,110,268,312,-0.0002914993092417717
103,111,268,311,-0.00642472505569458
103,112,268,310,-0.01143641397356987
103,113,268,415,-0.017438843846321106
103,114,268,308,-0.018901079893112183
103,115,268,324,-0.014399640262126923
103,116,268,318,-0.010595586150884628
103,117,268,402,-0.005140244960784912
103,118,268,317,-0.0019415884744375944
104,105,271,272,-0.005289891734719276
104,106,271,325,-0.009043898433446884
104,107,271,319,-0.0035162046551704407
104,108,271,403,-0.001184722757898271
104,109,271,316,-0.010055184364318848
104,110,271,312,-0.007590450346469879
104,111,271,311,-0.0008742241188883781
104,112,271,310,-0.00413745641708374
104,113,271,415,-0.010139886289834976
104,114,271,308,-0.011602126061916351
104,115,271,324,-0.007100697606801987
104,116,271,318,-0.003296632319688797
104,117,271,402,-0.0021587018854916096
104,118,271,317,-0.009240541607141495
105,106,272,325,-0.0037540048360824585
105,107,272,319,-0.001773688243702054
105,108,272,403,-0.007876904681324959
105,109,272,316,-0.015345074236392975
105,110,272,312,-0.012880340218544006
105,111,272,311,-0.00616411492228508
105,112,272,310,-0.0011524353176355362
105,113,272,415,-0.004850001074373722
105,114,272,308,-0.006312232464551926
105,115,272,324,-0.001810804009437561
105,116,272,318,-0.001993260346353054
105,117,272,402,-0.0074485912919044495
105,118,272,317,-0.01453043520450592
106,107,325,319,-0.0055276937782764435
106,108,325,403,-0.01163090392947197
106,109,325,316,-0.01909908652305603
106,110,325,312,-0.016634345054626465
106,111,325,311,-0.009918127208948135
106,112,325,310,-0.004906440153717995
106,113,325,415,0.001095995306968689
106,114,325,308,-0.002558227628469467
106,115,325,324,-0.0019432003609836102
106,116,325,318,-0.005747264251112938
106,117,325,402,-0.011202599853277206
106,118,325,317,-0.01828444004058838
107,108,319,403,-0.006103213876485825
107,109,319,316,-0.013571389019489288
107,110,319,312,-0.011106647551059723
107,111,319,311,-0.004390429705381393
107,112,319,310,0.0006212536245584488
107,113,319,415,-0.006623688153922558
107,114,319,308,-0.00808592140674591
107,115,319,324,-0.003584491088986397
107,116,319,318,-0.00021957186982035637
107,117,319,402,-0.005674906075000763
107,118,319,317,-0.012756749987602234
108,109,403,316,-0.007468171417713165
108,110,403,312,-0.005003437399864197
108,111,403,311,0.0017127874307334423
108,112,403,310,-0.006724467501044273
108,113,403,415,-0.012726899236440659
108,114,403,308,-0.014189139008522034
108,115,403,324,-0.009687710553407669
108,116,403,318,-0.00588364340364933
108,117,403,402,0.0004283096641302109
108,118,403,317,-0.006653528660535812
109,110,316,312,0.002464735647663474
109,111,316,311,-0.009180961176753044
109,112,316,310,-0.014192640781402588
109,113,316,415,-0.02019508183002472
109,114,316,308,-0.021657295525074005
109,115,316,324,-0.01715587079524994
109,116,316,318,-0.013351824134588242
109,117,316,402,-0.007896484807133675
109,118,316,317,0.0008146464824676514
110,111,312,311,-0.006716225296258926
110,112,312,310,-0.01172790676355362
110,113,312,415,-0.017730340361595154
110,114,312,308,-0.019192568957805634
110,115,312,324,-0.01469113677740097
110,116,312,318,-0.010887086391448975
110,117,312,402,-0.005431745201349258
110,118,312,317,-0.0011136174434795976
111,112,311,310,-0.005011679604649544
111,113,311,415,-0.011014115065336227
111,114,311,308,-0.012476354837417603
111,115,311,324,-0.00797492265701294
111,116,311,318,-0.0041708555072546005
111,117,311,402,0.000149735773447901
111,118,311,317,-0.008366312831640244
112,113,310,415,-0.006002435460686684
112,114,310,308,-0.007464669644832611
112,115,310,324,-0.0029632393270730972
112,116,310,318,0.0007479429477825761
112,117,310,402,-0.006296159699559212
112,118,310,317,-0.013378001749515533
113,114,415,308,-0.0014622323215007782
113,115,415,324,0.0002263218630105257
113,116,415,318,-0.006843259558081627
113,117,415,402,-0.012298595160245895
113,118,415,317,-0.01938042789697647
114,115,308,324,-0.004501430317759514
114,116,308,318,-0.008305493742227554
114,117,308,402,-0.01376083493232727
114,118,308,317,-0.02084267884492874
115,116,324,318,-0.0038040652871131897
115,117,324,402,-0.00925939530134201
115,118,324,317,-0.016341231763362885
116,117,318,402,-0.005455333739519119
116,118,318,317,-0.012537173926830292
117,118,402,317,-0.007081836462020874
