i,j,point_id_i,point_id_j,value
0,1,164,167,-0.00024741209927015007
0,2,164,165,-0.00030814146157354116
0,3,164,92,-0.00018064417236018926
0,4,164,186,-0.00010289286728948355
0,5,164,57,-4.704731509264093e-06
0,6,164,43,3.140049011562951e-05
0,7,164,106,1.1586250366235618e-05
0,8,164,182,-4.9905309424502775e-05
0,9,164,83,3.338824535603635e-05
0,10,164,18,-1.9943099687225185e-06
0,11,164,200,8.902019180823117e-05
0,12,164,201,-0.00044945813715457916
0,13,164,194,1.80395036295522e-05
0,14,164,204,-0.00020693034457508475
0,15,164,202,-0.0001939319772645831
0,16,164,212,-0.0002686062944121659
0,17,164,216,-0.00033908477053046227
0,18,164,206,-0.00023031736782286316
0,19,164,203,-0.00024054659297689795
0,20,164,207,0.005947360768914223
0,21,164,205,-0.00018523535982239991
0,22,164,98,-0.00025680652470327914
0,23,164,97,-0.00019928313849959522
0,24,164,393,-0.00019900439656339586
0,25,164,391,-4.954011274094228e-06
0,26,164,322,-3.811722854152322e-05
0,27,164,410,-0.00011846643610624596
0,28,164,287,0.00016270694322884083
0,29,164,273,2.6480898668523878e-05
0,30,164,335,-0.025510620325803757
0,31,164,406,-0.03797714784741402
0,32,164,313,0.00018461840227246284
0,33,164,421,0.0001564135600347072
0,34,164,418,-0.007345402613282204
0,35,164,424,-0.0010332728270441294
0,36,164,422,-0.0002781474613584578
0,37,164,432,0.00034987740218639374
0,38,164,436,8.256798173533753e-05
0,39,164,426,5.094734297017567e-05
0,40,164,423,0.00015658387565054
0,41,164,427,-0.00018216209718957543
0,42,164,425,5.681621769326739e-05
0,43,164,327,-0.00011561695282580331
0,44,164,326,-9.047737876244355e-06
0,45,164,0,0.00016151685849763453
0,46,164,37,2.384653635090217e-05
0,47,164,39,-0.00012444023741409183
0,48,164,40,1.8745835404843092e-05
0,49,164,185,7.87449098424986e-05
0,50,164,61,0.0326419472694397
0,51,164,146,1.4474084309767932e-05
0,52,164,91,-0.00018537342839408666
0,53,164,181,-4.855440420215018e-05
0,54,164,84,-1.9907267869712086e-06
0,55,164,17,0.00042389825102873147
0,56,164,11,0.00034113615402020514
0,57,164,72,-4.1251889342674986e-05
0,58,164,73,-1.9994768081232905e-05
0,59,164,74,-0.00013440682960208505
0,60,164,184,3.04847981169587e-05
0,61,164,77,2.8487293093348853e-05
0,62,164,90,-9.347492596134543e-05
0,63,164,180,-0.00011023579281754792
0,64,164,85,-0.00028772177756763995
0,65,164,16,0.0011594336247071624
0,66,164,12,0.0002730032429099083
0,67,164,38,-0.00015863910084590316
0,68,164,41,0.00013567437417805195
0,69,164,42,-4.249587800586596e-05
0,70,164,96,-4.3173498852411285e-05
0,71,164,89,-0.0002786698460113257
0,72,164,179,-0.00011666489444905892
0,73,164,86,-0.00010104890679940581
0,74,164,15,0.0001229855843121186
0,75,164,13,3.636688779806718e-05
0,76,164,82,-0.00012380414409562945
0,77,164,81,-3.0021976272109896e-05
0,78,164,80,0.00012070477532688528
0,79,164,191,4.564233677228913e-05
0,80,164,78,0.00027493416564539075
0,81,164,95,-0.000100079043477308
0,82,164,88,5.628557482850738e-05
0,83,164,178,-0.00035028852289542556
0,84,164,87,-0.0004220964328851551
0,85,164,14,1.4664122318208683e-05
0,86,164,267,-0.00021863241272512823
0,87,164,269,-1.6998341379803605e-05
0,88,164,270,5.725118171540089e-05
0,89,164,409,-1.5078259821166284e-05
0,90,164,291,3.3842125048977323e-06
0,91,164,375,0.00029594777151942253
0,92,164,321,0.0018951755482703447
0,93,164,405,0.0002684485516510904
0,94,164,314,0.00015772291226312518
0,95,164,302,-8.462257028440945e-06
0,96,164,303,-7.0942219281278085e-06
0,97,164,304,0.0003182738146279007
0,98,164,408,4.8894595238380134e-05
0,99,164,307,0.00010884717630688101
0,100,164,320,0.00032731154351495206
0,101,164,404,0.0006101044127717614
0,102,164,315,4.0374583477387205e-05
0,103,164,268,-0.00010419592581456527
0,104,164,271,-2.4873546863091178e-05
0,105,164,272,0.00047265010653063655
0,106,164,325,0.00010735758405644447
0,107,164,319,0.00010065816604765132
0,108,164,403,-8.128366607706994e-05
0,109,164,316,0.0004893768928013742
0,110,164,312,-0.00010556799679761752
0,111,164,311,0.00011981643183389679
0,112,164,310,6.735609349561855e-05
0,113,164,415,0.0002625369234010577
0,114,164,308,0.0001502153172623366
0,115,164,324,0.00023893882462289184
0,116,164,318,0.0004627808812074363
0,117,164,402,0.00040472063119523227
0,118,164,317,0.0008362055523321033
1,2,167,165,-8.096808596746996e-05
1,3,167,92,-0.00023430561122950166
1,4,167,186,-9.151531412499025e-05
1,5,167,57,7.778570579830557e-05
1,6,167,43,1.999387313844636e-05
1,7,167,106,-7.30899118934758e-05
1,8,167,182,-9.167704411083832e-05
1,9,167,83,-0.0001052583465934731
1,10,167,18,0.0006444622413255274
1,11,167,200,-0.00011486642324598506
1,12,167,201,-8.947853348217905e-05
1,13,167,194,0.00018734732293523848
1,14,167,204,-0.000291176576865837
1,15,167,202,-3.634621316450648e-05
1,16,167,212,-0.0001773763942765072
1,17,167,216,-0.00029723873012699187
1,18,167,206,-7.441962679877179e-06
1,19,167,203,-0.00019935669843107462
1,20,167,207,-4.130636079935357e-05
1,21,167,205,-0.00023594782396685332
1,22,167,98,-9.867396875051782e-05
1,23,167,97,5.956254972261377e-05
1,24,167,393,-0.00017793315055314451
1,25,167,391,2.3508060564836342e-07
1,26,167,322,5.811944720335305e-05
1,27,167,410,2.2884958525537513e-05
1,28,167,287,-1.250887453352334e-05
1,29,167,273,0.00012201751087559387
1,30,167,335,0.000542223162483424
1,31,167,406,7.9167919466272e-05
1,32,167,313,0.0002574427053332329
1,33,167,421,0.00013656877854373306
1,34,167,418,-0.03986653313040733
1,35,167,424,-0.03560541197657585
1,36,167,422,0.00010293439117958769
1,37,167,432,5.611867527477443e-05
1,38,167,436,-3.272233152529225e-05
1,39,167,426,7.667583122383803e-05
1,40,167,423,-8.336429164046422e-05
1,41,167,427,2.184337063226849e-05
1,42,167,425,-0.00016566093836445361
1,43,167,327,2.991241308336612e-05
1,44,167,326,-0.00014861091040074825
1,45,167,0,-0.00013400650641415268
1,46,167,37,3.6399720556801185e-05
1,47,167,39,4.406540028867312e-05
1,48,167,40,0.0001007238170132041
1,49,167,185,-9.707356184662785e-06
1,50,167,61,0.029079297557473183
1,51,167,146,-6.400682650564704e-06
1,52,167,91,-0.00020381378999445587
1,53,167,181,5.814781616209075e-05
1,54,167,84,0.00046394416131079197
1,55,167,17,0.00047849660040810704
1,56,167,11,0.00016277657414320856
1,57,167,72,-0.00022716929379384965
1,58,167,73,-0.0001859116309788078
1,59,167,74,-2.7955542464042082e-05
1,60,167,184,-7.93202798377024e-06
1,61,167,77,-0.00030198233434930444
1,62,167,90,-0.00012895153486169875
1,63,167,180,-9.593648428563029e-05
1,64,167,85,6.311131983238738e-06
1,65,167,16,0.00041162423440255225
1,66,167,12,0.0002867296861950308
1,67,167,38,3.419863787712529e-05
1,68,167,41,-8.385688124690205e-05
1,69,167,42,6.873215897940099e-05
1,70,167,96,0.00017921562539413571
1,71,167,89,-3.858141280943528e-05
1,72,167,179,-0.00042716675670817494
1,73,167,86,0.0004749697109218687
1,74,167,15,0.00043150357669219375
1,75,167,13,0.0003409636265132576
1,76,167,82,0.00016923538350965828
1,77,167,81,-3.858593481709249e-05
1,78,167,80,6.021486478857696e-05
1,79,167,191,-0.00016401865286752582
1,80,167,78,-0.00010727262269938365
1,81,167,95,2.0874356778222136e-05
1,82,167,88,2.502631650713738e-05
1,83,167,178,3.972481863456778e-05
1,84,167,87,0.0007163466070778668
1,85,167,14,0.00038339264574460685
1,86,167,267,0.0001243713340954855
1,87,167,269,-4.204717697575688e-06
1,88,167,270,-7.926229591248557e-05
1,89,167,409,1.9514020095812157e-05
1,90,167,291,-0.00010163316619582474
1,91,167,375,0.0003721202665474266
1,92,167,321,0.00028104259399697185
1,93,167,405,0.0008466768776997924
1,94,167,314,0.00012537496513687074
1,95,167,302,-0.00023227973724715412
1,96,167,303,-2.4256753022200428e-05
1,97,167,304,-5.536224489333108e-05
1,98,167,408,3.245496191084385e-05
1,99,167,307,0.00030993385007604957
1,100,167,320,0.0002828553842846304
1,101,167,404,0.0004196256340947002
1,102,167,315,0.0003305188147351146
1,103,167,268,0.00012668340059462935
1,104,167,271,0.00017781458154786378
1,105,167,272,0.00022032562992535532
1,106,167,325,-1.0466863386682235e-05
1,107,167,319,4.4782031181966886e-05
1,108,167,403,0.0004895346355624497
1,109,167,316,0.00044909724965691566
1,110,167,312,1.281108779949136e-05
1,111,167,311,-1.908640342662693e-06
1,112,167,310,-9.525899804430082e-05
1,113,167,415,3.086491778958589e-05
1,114,167,308,-9.794309880817309e-05
1,115,167,324,-0.00011790105781983584
1,116,167,318,0.0003589974367059767
1,117,167,402,0.0005041644326411188
1,118,167,317,0.00019385362975299358
2,3,165,92,-4.726555562228896e-05
2,4,165,186,3.258899232605472e-05
2,5,165,57,-0.0002093572838930413
2,6,165,43,3.269409717177041e-05
2,7,165,106,0.000170853832969442
2,8,165,182,0.00021984537306707352
2,9,165,83,-0.0002376386837568134
2,10,165,18,-0.00019823311595246196
2,11,165,200,0.0001009434781735763
2,12,165,201,-4.240876296535134e-05
2,13,165,194,-0.00021444360027089715
2,14,165,204,-8.254138811025769e-05
2,15,165,202,0.00013329616922419518
2,16,165,212,1.4535479522237438e-06
2,17,165,216,5.647002035402693e-05
2,18,165,206,-0.0002609319344628602
2,19,165,203,-0.000120797791169025
2,20,165,207,0.031095178797841072
2,21,165,205,-1.1262609405093826e-05
2,22,165,98,0.00012221491488162428
2,23,165,97,-0.0003391389036551118
2,24,165,393,-8.87891001184471e-05
2,25,165,391,-0.00016769867215771228
2,26,165,322,-4.884865120402537e-05
2,27,165,410,-2.337917067052331e-06
2,28,165,287,0.00018048276251647621
2,29,165,273,0.0002564534661360085
2,30,165,335,-3.653845487860963e-05
2,31,165,406,-1.1358688425389118e-05
2,32,165,313,-0.00011286127846688032
2,33,165,421,-0.00016601246898062527
2,34,165,418,0.000141750875627622
2,35,165,424,0.00015943510516081005
2,36,165,422,0.0001965995179489255
2,37,165,432,0.00021055128308944404
2,38,165,436,0.00012755586067214608
2,39,165,426,-0.00028332872898317873
2,40,165,423,4.390598405734636e-06
2,41,165,427,1.486181190557545e-05
2,42,165,425,-3.802840001299046e-05
2,43,165,327,7.798975275363773e-05
2,44,165,326,-0.0001499591307947412
2,45,165,0,4.076179538969882e-05
2,46,165,37,0.00043960954644717276
2,47,165,39,2.9906341296737082e-05
2,48,165,40,-0.0002731484128162265
2,49,165,185,3.5649143683258444e-05
2,50,165,61,-0.0002675427822396159
2,51,165,146,-6.588979431398911e-06
2,52,165,91,0.00016581833187956363
2,53,165,181,0.0013450385304167867
2,54,165,84,0.0019969281274825335
2,55,165,17,8.467644511256367e-05
2,56,165,11,-6.104999192757532e-05
2,57,165,72,0.0003346950688865036
2,58,165,73,0.0002864752896130085
2,59,165,74,-0.00021594999998342246
2,60,165,184,0.00014871299208607525
2,61,165,77,7.917823677416891e-05
2,62,165,90,0.00019778650312218815
2,63,165,180,0.00026279559824615717
2,64,165,85,0.0008711592527106404
2,65,165,16,1.2715043339994736e-05
2,66,165,12,-0.0001229132030857727
2,67,165,38,9.512071846984327e-05
2,68,165,41,4.456872375158127e-06
2,69,165,42,0.00021395506337285042
2,70,165,96,-1.2264820725249592e-05
2,71,165,89,-9.404691081726924e-05
2,72,165,179,-0.0002347017580177635
2,73,165,86,0.0014074682258069515
2,74,165,15,-3.146682138321921e-05
2,75,165,13,-0.0002622515894472599
2,76,165,82,-6.622888759011403e-05
2,77,165,81,0.0003701783425640315
2,78,165,80,-8.748406980885193e-05
2,79,165,191,0.0002054189972113818
2,80,165,78,-0.00043783060391433537
2,81,165,95,0.0001907128607854247
2,82,165,88,6.572080019395798e-05
2,83,165,178,0.0001383633934892714
2,84,165,87,-3.643580566858873e-05
2,85,165,14,-0.00013218141975812614
2,86,165,267,7.715516403550282e-05
2,87,165,269,-6.152974674478173e-05
2,88,165,270,0.00014183933672029525
2,89,165,409,-1.3267372196423821e-05
2,90,165,291,-0.00011581295257201418
2,91,165,375,1.42952912938199e-05
2,92,165,321,0.00021780670795124024
2,93,165,405,0.0002198298170696944
2,94,165,314,2.5157652999041602e-05
2,95,165,302,-4.568196163745597e-05
2,96,165,303,-4.9312446208205074e-05
2,97,165,304,9.591419802745804e-05
2,98,165,408,4.4290140067460015e-05
2,99,165,307,0.0003125273797195405
2,100,165,320,0.00019963459635619074
2,101,165,404,5.505048102349974e-05
2,102,165,315,0.00012169902765890583
2,103,165,268,0.00010284844756824896
2,104,165,271,5.076181696495041e-05
2,105,165,272,0.0002175738336518407
2,106,165,325,7.735088001936674e-05
2,107,165,319,0.0002718106843531132
2,108,165,403,3.345264121890068e-05
2,109,165,316,0.0014537175884470344
2,110,165,312,6.725424555042991e-06
2,111,165,311,0.00018693754100240767
2,112,165,310,4.982889731763862e-05
2,113,165,415,9.604075603419915e-05
2,114,165,308,5.464626883622259e-05
2,115,165,324,-7.608471787534654e-05
2,116,165,318,0.0001317638816544786
2,117,165,402,-2.327391666767653e-05
2,118,165,317,0.00030470185447484255
3,4,92,186,-4.1743081965250894e-05
3,5,92,57,-0.00022696287487633526
3,6,92,43,-8.911092663765885e-06
3,7,92,106,-4.054333840031177e-05
3,8,92,182,2.695059811230749e-05
3,9,92,83,-0.00015150175022426993
3,10,92,18,5.058460737927817e-05
3,11,92,200,0.00030097374110482633
3,12,92,201,-0.0001009474290185608
3,13,92,194,-0.00037309128674678504
3,14,92,204,5.208970105741173e-05
3,15,92,202,-8.996560063678771e-05
3,16,92,212,-0.00017856466001830995
3,17,92,216,-4.0349652408622205e-05
3,18,92,206,7.33761089577456e-06
3,19,92,203,-0.00013646531442645937
3,20,92,207,-0.00013180237147025764
3,21,92,205,0.00013406378275249153
3,22,92,98,-4.7458859626203775e-05
3,23,92,97,-0.00011423006071709096
3,24,92,393,-0.0001330915983999148
3,25,92,391,-2.8004264095216058e-05
3,26,92,322,-5.130530917085707e-05
3,27,92,410,0.00018791953334584832
3,28,92,287,0.0003502665786072612
3,29,92,273,0.0002937013632617891
3,30,92,335,0.0007588083390146494
3,31,92,406,0.00013947603292763233
3,32,92,313,-1.0812905202328693e-05
3,33,92,421,-4.6820412535453215e-05
3,34,92,418,-0.0003601308271754533
3,35,92,424,0.00027412999770604074
3,36,92,422,0.00010149398440262303
3,37,92,432,-8.469115527987015e-06
3,38,92,436,5.3475279855774716e-05
3,39,92,426,-2.8311296773608774e-06
3,40,92,423,-7.648520113434643e-05
3,41,92,427,-0.00013384639169089496
3,42,92,425,-0.00016045707161538303
3,43,92,327,-2.3513161067967303e-05
3,44,92,326,-9.244245302397758e-05
3,45,92,0,0.0004326911293901503
3,46,92,37,-0.00024200552434194833
3,47,92,39,0.00014861048839520663
3,48,92,40,0.00022354912653099746
3,49,92,185,0.00011741092021111399
3,50,92,61,0.00018547024228610098
3,51,92,146,0.00015973973495420069
3,52,92,91,-6.082247637095861e-05
3,53,92,181,0.0004779646988026798
3,54,92,84,0.0014525282895192504
3,55,92,17,-0.00012004840391455218
3,56,92,11,0.00015152455307543278
3,57,92,72,0.00010101162479259074
3,58,92,73,-0.00012539721501525491
3,59,92,74,0.00010268230835208669
3,60,92,184,-6.230594590306282e-05
3,61,92,77,0.00011251110845478252
3,62,92,90,-6.36630011285888e-06
3,63,92,180,-0.0001388021482853219
3,64,92,85,0.0024664702359586954
3,65,92,16,-0.0003403380105737597
3,66,92,12,-0.00010963987733703107
3,67,92,38,-0.00022986876138020307
3,68,92,41,0.00014422526874113828
3,69,92,42,8.464678103337064e-05
3,70,92,96,0.00011718944733729586
3,71,92,89,0.00024898923584260046
3,72,92,179,0.000267309631453827
3,73,92,86,-0.00021866206952836365
3,74,92,15,-0.00019523843366187066
3,75,92,13,4.490546780289151e-05
3,76,92,82,5.770100688096136e-05
3,77,92,81,-0.00023347156820818782
3,78,92,80,0.0002418957301415503
3,79,92,191,-0.0001238441764144227
3,80,92,78,1.871928725449834e-05
3,81,92,95,0.00045419036177918315
3,82,92,88,0.0002977346011903137
3,83,92,178,-0.00010717700206441805
3,84,92,87,-0.00029813466244377196
3,85,92,14,-0.0002456523652654141
3,86,92,267,5.69591938983649e-05
3,87,92,269,-0.0031732937786728144
3,88,92,270,0.00020032093743793666
3,89,92,409,-6.353850767482072e-05
3,90,92,291,-0.0001642150164116174
3,91,92,375,0.00025511960848234594
3,92,92,321,-1.6968691852525808e-05
3,93,92,405,0.00034017572761513293
3,94,92,314,0.00020732023403979838
3,95,92,302,5.3761605158797465e-06
3,96,92,303,4.487005571718328e-05
3,97,92,304,-1.5321103319365648e-06
3,98,92,408,8.602043089922518e-05
3,99,92,307,0.00012882027658633888
3,100,92,320,0.00029509523301385343
3,101,92,404,0.0004247053584549576
3,102,92,315,-3.801083948928863e-05
3,103,92,268,4.714657916338183e-05
3,104,92,271,3.728734009200707e-05
3,105,92,272,0.00039532946539111435
3,106,92,325,0.00017844504327513278
3,107,92,319,0.0002593672543298453
3,108,92,403,-1.9139868527418002e-05
3,109,92,316,0.00016764484462328255
3,110,92,312,-7.389926031464711e-05
3,111,92,311,-0.00010287852637702599
3,112,92,310,0.00011366468970663846
3,113,92,415,-0.00013919601042289287
3,114,92,308,0.00012805257574655116
3,115,92,324,-6.537549779750407e-05
3,116,92,318,0.00010835892317118123
3,117,92,402,0.0002716110029723495
3,118,92,317,7.375101995421574e-05
4,5,186,57,0.00015264337707776576
4,6,186,43,-0.00021791999461129308
4,7,186,106,-0.00014979272964410484
4,8,186,182,-4.682981671066955e-05
4,9,186,83,1.0469630069565028e-05
4,10,186,18,-7.70926199038513e-05
4,11,186,200,-8.107522444333881e-05
4,12,186,201,-2.0917046640533954e-05
4,13,186,194,-6.194538582349196e-05
4,14,186,204,-0.00015428556071128696
4,15,186,202,-0.0002735912858042866
4,16,186,212,-9.450634388485923e-05
4,17,186,216,-2.7537749701878056e-05
4,18,186,206,-0.00012668312410824
4,19,186,203,-3.6929963243892416e-05
4,20,186,207,-0.00011841393279610202
4,21,186,205,3.9021571865305305e-05
4,22,186,98,-2.8213151381351054e-05
4,23,186,97,-0.00010119839862454683
4,24,186,393,-6.213605956872925e-05
4,25,186,391,-4.9913665861822665e-05
4,26,186,322,0.0001915648317662999
4,27,186,410,0.00018888745398726314
4,28,186,287,-6.8624299274233636e-06
4,29,186,273,-2.6108082238351926e-05
4,30,186,335,-2.2284206352196634e-05
4,31,186,406,0.00017161219147965312
4,32,186,313,-3.509749876684509e-05
4,33,186,421,-0.00026569399051368237
4,34,186,418,0.00010137174831470475
4,35,186,424,0.00028309880872257054
4,36,186,422,-0.0001371614052914083
4,37,186,432,0.0003296403447166085
4,38,186,436,3.0279472412075847e-05
4,39,186,426,0.00013989006401970983
4,40,186,423,-0.00028968314290978014
4,41,186,427,-5.105328091303818e-05
4,42,186,425,-8.093353972071782e-05
4,43,186,327,-3.1411451345775276e-05
4,44,186,326,1.147411694546463e-05
4,45,186,0,0.00010046241368399933
4,46,186,37,-0.0003503307525534183
4,47,186,39,0.000137318333145231
4,48,186,40,9.115085413213819e-05
4,49,186,185,-8.865096788213123e-06
4,50,186,61,-0.00011782396177295595
4,51,186,146,-8.35726095829159e-05
4,52,186,91,0.0002720158954616636
4,53,186,181,8.891118341125548e-05
4,54,186,84,0.001545906183309853
4,55,186,17,0.00015982009063009173
4,56,186,11,0.0002821330854203552
4,57,186,72,-6.898426363477483e-05
4,58,186,73,-0.0002411546156508848
4,59,186,74,7.609424937982112e-05
4,60,186,184,9.054026304511353e-05
4,61,186,77,-0.00022329356579575688
4,62,186,90,-9.48757297010161e-05
4,63,186,180,-2.5433495466131717e-05
4,64,186,85,0.0002116766117978841
4,65,186,16,8.20475397631526e-05
4,66,186,12,3.425759496167302e-05
4,67,186,38,-0.00027216869057156146
4,68,186,41,-7.934875611681491e-05
4,69,186,42,-0.00011466271826066077
4,70,186,96,0.00018798653036355972
4,71,186,89,-0.0001706713519524783
4,72,186,179,0.0001464038505218923
4,73,186,86,0.00012540728494059294
4,74,186,15,-5.392876119003631e-05
4,75,186,13,0.00013721533468924463
4,76,186,82,-0.00023816799512133002
4,77,186,81,7.088470738381147e-05
4,78,186,80,8.826131670502946e-05
4,79,186,191,-1.1541826097527519e-05
4,80,186,78,0.0004136896168347448
4,81,186,95,0.00035001258947886527
4,82,186,88,8.471219189232215e-05
4,83,186,178,-8.373123273486272e-05
4,84,186,87,0.0001021387506625615
4,85,186,14,-0.0002911904884967953
4,86,186,267,0.00012777003576047719
4,87,186,269,-0.00010996094351867214
4,88,186,270,-7.595639181090519e-05
4,89,186,409,0.000932252558413893
4,90,186,291,4.8329551646020263e-05
4,91,186,375,2.181773197662551e-05
4,92,186,321,0.00020617835980374366
4,93,186,405,-0.001922807190567255
4,94,186,314,0.0005742578650824726
4,95,186,302,0.00016010415856726468
4,96,186,303,1.2213847639941378e-06
4,97,186,304,4.572276520775631e-05
4,98,186,408,6.776621739845723e-05
4,99,186,307,0.00017927335284184664
4,100,186,320,0.00013315821706783026
4,101,186,404,0.0005138206761330366
4,102,186,315,0.0003057995636481792
4,103,186,268,0.00011651333625195548
4,104,186,271,3.97199546569027e-05
4,105,186,272,-6.343601853586733e-05
4,106,186,325,-0.000133331777760759
4,107,186,319,8.260745380539447e-05
4,108,186,403,0.0001542409008834511
4,109,186,316,0.00016269442858174443
4,110,186,312,3.830303467111662e-05
4,111,186,311,3.345748700667173e-05
4,112,186,310,1.6538368072360754e-05
4,113,186,415,5.737332321587019e-05
4,114,186,308,0.0001567632716614753
4,115,186,324,0.00022145798720885068
4,116,186,318,0.0002521962160244584
4,117,186,402,0.0001404965587425977
4,118,186,317,2.037850754277315e-05
5,6,57,43,-0.00012829746992792934
5,7,57,106,-0.0001784641935955733
5,8,57,182,-1.9128774511045776e-05
5,9,57,83,0.0002880847023334354
5,10,57,18,0.00019172320025973022
5,11,57,200,0.00016721758584026247
5,12,57,201,4.4083291868446395e-05
5,13,57,194,0.0001527097774669528
5,14,57,204,4.595382051775232e-05
5,15,57,202,5.87375252507627e-05
5,16,57,212,-4.0249880839837715e-05
5,17,57,216,-4.52033564215526e-05
5,18,57,206,8.523830911144614e-05
5,19,57,203,-6.704289262415841e-05
5,20,57,207,-0.00028182132518850267
5,21,57,205,-2.670710819074884e-05
5,22,57,98,2.9515289497794583e-05
5,23,57,97,6.900124571984634e-05
5,24,57,393,-0.00012299491208977997
5,25,57,391,2.66103379544802e-05
5,26,57,322,5.682170012732968e-05
5,27,57,410,0.00010969290451612324
5,28,57,287,2.1079686121083796e-05
5,29,57,273,1.2512210560089443e-05
5,30,57,335,0.00017363822553306818
5,31,57,406,0.0003525886277202517
5,32,57,313,6.799539551138878e-05
5,33,57,421,0.0001697859406704083
5,34,57,418,-0.00025942944921553135
5,35,57,424,0.00033664339571259916
5,36,57,422,-0.00013423051859717816
5,37,57,432,4.688476474257186e-05
5,38,57,436,-6.298896914813668e-05
5,39,57,426,-0.00012844362936448306
5,40,57,423,-5.643474287353456e-05
5,41,57,427,2.090997622872237e-05
5,42,57,425,-0.00010977915371768177
5,43,57,327,-0.00011263522173976526
5,44,57,326,-0.00010975879558827728
5,45,57,0,8.009201701497659e-05
5,46,57,37,3.405056850169785e-05
5,47,57,39,-3.790862319874577e-05
5,48,57,40,0.0001653882791288197
5,49,57,185,2.8619257136597298e-05
5,50,57,61,0.0005460086395032704
5,51,57,146,-6.621416832786053e-05
5,52,57,91,-0.00012230771244503558
5,53,57,181,0.00010362273314967752
5,54,57,84,-4.1050869185710326e-05
5,55,57,17,0.00021744685363955796
5,56,57,11,-7.3720275395317e-06
5,57,57,72,-0.00015678739873692393
5,58,57,73,0.00012041860463796183
5,59,57,74,0.0003857919364236295
5,60,57,184,8.957568206824362e-05
5,61,57,77,0.00013097483315505087
5,62,57,90,0.00029520501266233623
5,63,57,180,0.0002517707471270114
5,64,57,85,0.0004430723492987454
5,65,57,16,0.0001435051381122321
5,66,57,12,9.327221050625667e-05
5,67,57,38,-7.757459388813004e-05
5,68,57,41,-0.00010348307114327326
5,69,57,42,-5.412522659753449e-05
5,70,57,96,0.0002330021670786664
5,71,57,89,0.0002454217174090445
5,72,57,179,0.00020932192273903638
5,73,57,86,0.00042803114047273993
5,74,57,15,5.334763409337029e-05
5,75,57,13,1.0594399100227747e-06
5,76,57,82,-0.00017893615586217493
5,77,57,81,0.00016983835666906089
5,78,57,80,-0.00023914991470519453
5,79,57,191,1.8396100131212734e-05
5,80,57,78,0.00028496846789494157
5,81,57,95,0.0003473774704616517
5,82,57,88,0.0003543606144376099
5,83,57,178,0.0002766275138128549
5,84,57,87,0.00016519060591235757
5,85,57,14,-8.586535841459408e-06
5,86,57,267,-8.127342152874917e-05
5,87,57,269,0.000193232306628488
5,88,57,270,5.079037237010198e-06
5,89,57,409,0.00012158087338320911
5,90,57,291,5.877193689229898e-05
5,91,57,375,-2.4232342184404843e-05
5,92,57,321,0.00012586821685545146
5,93,57,405,0.00014382172957994044
5,94,57,314,-6.047521674190648e-05
5,95,57,302,0.00019313307711854577
5,96,57,303,0.00013683465658687055
5,97,57,304,2.702642814256251e-05
5,98,57,408,-7.774551340844482e-05
5,99,57,307,0.00030460869311355054
5,100,57,320,0.00020387934637255967
5,101,57,404,9.334919741377234e-05
5,102,57,315,0.00019017608428839594
5,103,57,268,5.63252906431444e-05
5,104,57,271,0.00025633053155615926
5,105,57,272,1.3218872481957078e-05
5,106,57,325,4.524918404058553e-05
5,107,57,319,9.95449154288508e-05
5,108,57,403,5.02544644405134e-05
5,109,57,316,-0.0003299074596725404
5,110,57,312,0.00036440600524656475
5,111,57,311,2.8069267500541173e-05
5,112,57,310,-2.539094020903576e-05
5,113,57,415,-3.553073474904522e-05
5,114,57,308,3.432830999372527e-05
5,115,57,324,4.863376307184808e-05
5,116,57,318,0.0001639057300053537
5,117,57,402,4.478071423363872e-05
5,118,57,317,0.00016564175894018263
6,7,43,106,0.00027040651184506714
6,8,43,182,-0.00010725533502409235
6,9,43,83,8.773464651312679e-05
6,10,43,18,7.446217205142602e-05
6,11,43,200,1.2584006071847398e-05
6,12,43,201,2.8845895940321498e-05
6,13,43,194,3.0622431950178e-05
6,14,43,204,0.00010167789150727913
6,15,43,202,0.00012620205234270543
6,16,43,212,-0.00016429461538791656
6,17,43,216,-0.0003866316401399672
6,18,43,206,-0.0001760517043294385
6,19,43,203,0.00015598918253090233
6,20,43,207,-0.0007546774577349424
6,21,43,205,-6.7683731685974635e-06
6,22,43,98,-3.280296368757263e-06
6,23,43,97,-4.180458563496359e-05
6,24,43,393,-9.74343201960437e-05
6,25,43,391,-6.48868372081779e-05
6,26,43,322,-0.00026300089666619897
6,27,43,410,-6.215534813236445e-05
6,28,43,287,6.0466365539468825e-05
6,29,43,273,6.399824633263052e-05
6,30,43,335,-0.0001479664642829448
6,31,43,406,0.0002758250629995018
6,32,43,313,7.957735215313733e-05
6,33,43,421,0.00011594799434533343
6,34,43,418,-2.9800066840834916e-05
6,35,43,424,-0.015965724363923073
6,36,43,422,-0.00011633248504949734
6,37,43,432,-0.0001680429559201002
6,38,43,436,-2.2939737391425297e-05
6,39,43,426,7.747088602627628e-06
6,40,43,423,-5.5083888582885265e-05
6,41,43,427,-0.0004300152650102973
6,42,43,425,6.395405944203958e-05
6,43,43,327,-0.00016070445417426527
6,44,43,326,-0.00017163556185550988
6,45,43,0,0.00024539927835576236
6,46,43,37,-1.4412978998734616e-05
6,47,43,39,2.3821572540327907e-05
6,48,43,40,-9.947675425792113e-05
6,49,43,185,-0.0001049110505846329
6,50,43,61,-0.00020696305728051811
6,51,43,146,0.00012400952982716262
6,52,43,91,0.00021419019321911037
6,53,43,181,0.0008122894796542823
6,54,43,84,0.0006266889977268875
6,55,43,17,0.00024174487043637782
6,56,43,11,-0.0006377127720043063
6,57,43,72,-0.00010009932157117873
6,58,43,73,7.100867151166312e-06
6,59,43,74,9.280315862270072e-05
6,60,43,184,-5.6961092923302203e-05
6,61,43,77,-0.00022206833818927407
6,62,43,90,-5.8074969274457544e-05
6,63,43,180,0.00052387680625543
6,64,43,85,0.0013126619160175323
6,65,43,16,0.0003609673585742712
6,66,43,12,-0.00022232822084333748
6,67,43,38,-0.00039355744956992567
6,68,43,41,-0.00031505784136243165
6,69,43,42,1.0418282727187034e-05
6,70,43,96,0.0004602916305884719
6,71,43,89,-3.956925866077654e-06
6,72,43,179,-0.0001214769363286905
6,73,43,86,-3.208857015124522e-05
6,74,43,15,-2.5730389097589068e-05
6,75,43,13,-0.00013311640941537917
6,76,43,82,-0.0004298158746678382
6,77,43,81,-0.00028794538229703903
6,78,43,80,-4.726128827314824e-05
6,79,43,191,0.0001092968086595647
6,80,43,78,-0.00017569205374456942
6,81,43,95,-0.0002522696158848703
6,82,43,88,5.4947478929534554e-05
6,83,43,178,-0.0003998973697889596
6,84,43,87,-0.00017119944095611572
6,85,43,14,5.854947812622413e-05
6,86,43,267,0.00011462141264928505
6,87,43,269,-0.0009932437678799033
6,88,43,270,-3.2695141271688044e-05
6,89,43,409,-0.00011562625877559185
6,90,43,291,-0.00011027559958165511
6,91,43,375,5.77583305130247e-05
6,92,43,321,-0.0019998699426651
6,93,43,405,-5.282535857986659e-05
6,94,43,314,0.00027128553483635187
6,95,43,302,-3.75172785425093e-05
6,96,43,303,0.00010615498467814177
6,97,43,304,0.00013787618081551045
6,98,43,408,-4.7943773097358644e-05
6,99,43,307,0.00018974624981638044
6,100,43,320,0.00024644695804454386
6,101,43,404,0.00016291832434944808
6,102,43,315,0.000797119690105319
6,103,43,268,-6.871233199490234e-05
6,104,43,271,6.108650268288329e-05
6,105,43,272,0.0002774776075966656
6,106,43,325,-0.00018305121921002865
6,107,43,319,2.431719440210145e-05
6,108,43,403,0.00041628527105785906
6,109,43,316,4.686933971242979e-05
6,110,43,312,-1.702566078165546e-05
6,111,43,311,2.2727046598447487e-05
6,112,43,310,-0.00010885748633882031
6,113,43,415,6.159287295304239e-05
6,114,43,308,1.5275966234185034e-06
6,115,43,324,6.545661017298698e-05
6,116,43,318,-2.2896882001077756e-05
6,117,43,402,0.0007651986088603735
6,118,43,317,0.00016929683624766767
7,8,106,182,-1.4016012755746488e-05
7,9,106,83,2.4558621589676477e-05
7,10,106,18,-3.903887773049064e-05
7,11,106,200,0.00014595389075111598
7,12,106,201,-0.00016883216449059546
7,13,106,194,0.0001693508238531649
7,14,106,204,-8.387236448470503e-05
7,15,106,202,-9.859539568424225e-05
7,16,106,212,-0.00020820483041461557
7,17,106,216,-0.00016942681395448744
7,18,106,206,3.368709712958662e-06
7,19,106,203,-1.4994351658970118e-05
7,20,106,207,0.057682186365127563
7,21,106,205,0.00011122378055006266
7,22,106,98,-6.380916602211073e-05
7,23,106,97,-0.0003120190231129527
7,24,106,393,-0.00024612521519884467
7,25,106,391,-8.381910447496921e-05
7,26,106,322,-0.0002506067685317248
7,27,106,410,-1.5952290155496485e-08
7,28,106,287,-2.6663153676054208e-06
7,29,106,273,-5.702395719708875e-05
7,30,106,335,-0.03520756959915161
7,31,106,406,-0.05185979977250099
7,32,106,313,-0.00974560622125864
7,33,106,421,-5.8166395319858566e-05
7,34,106,418,-0.03823880851268768
7,35,106,424,-0.04267469048500061
7,36,106,422,0.0007163009722717106
7,37,106,432,-6.204688543220982e-05
7,38,106,436,-2.7626285373116843e-05
7,39,106,426,-0.0003724564448930323
7,40,106,423,-0.00013339717406779528
7,41,106,427,-0.0001653466752031818
7,42,106,425,-0.0003917589783668518
7,43,106,327,-6.48298464511754e-06
7,44,106,326,2.1066132831037976e-05
7,45,106,0,2.9124767024768516e-05
7,46,106,37,-0.0005282131605781615
7,47,106,39,-2.288450014020782e-05
7,48,106,40,5.324829908204265e-05
7,49,106,185,0.00015704968245700002
7,50,106,61,0.012594501487910748
7,51,106,146,-0.0002956703247036785
7,52,106,91,2.699365904845763e-05
7,53,106,181,0.0009937433060258627
7,54,106,84,0.0008613478275947273
7,55,106,17,0.00033844317658804357
7,56,106,11,-7.706888573011383e-05
7,57,106,72,-0.0003314819769002497
7,58,106,73,-0.00015737052308395505
7,59,106,74,6.71943198540248e-05
7,60,106,184,-2.5105355234700255e-05
7,61,106,77,6.024836693541147e-05
7,62,106,90,0.0001033202643156983
7,63,106,180,0.0011634810362011194
7,64,106,85,0.0014935447834432125
7,65,106,16,9.712794417282566e-05
7,66,106,12,-0.0001942044764291495
7,67,106,38,-7.501766958739609e-05
7,68,106,41,-3.200728679075837e-05
7,69,106,42,-0.00018434354569762945
7,70,106,96,-3.420510984142311e-05
7,71,106,89,0.00010576152999419719
7,72,106,179,0.00014416154590435326
7,73,106,86,0.0027453189250081778
7,74,106,15,0.00022070121485739946
7,75,106,13,8.597754640504718e-05
7,76,106,82,-0.00033742774394340813
7,77,106,81,-8.018900552997366e-05
7,78,106,80,-0.00020389838027767837
7,79,106,191,-7.873465619923081e-06
7,80,106,78,-2.0509496607701294e-05
7,81,106,95,0.00036508648190647364
7,82,106,88,-6.97613722877577e-05
7,83,106,178,3.808602559729479e-05
7,84,106,87,-0.00023696169955655932
7,85,106,14,0.00010418102465337142
7,86,106,267,8.666764188092202e-05
7,87,106,269,3.149648182443343e-05
7,88,106,270,-0.000111568791908212
7,89,106,409,4.526687189354561e-05
7,90,106,291,0.00011023171828128397
7,91,106,375,8.590648212702945e-05
7,92,106,321,-0.0003328690945636481
7,93,106,405,0.001703029964119196
7,94,106,314,-0.04768959805369377
7,95,106,302,2.5069446564884856e-05
7,96,106,303,0.00044356670696288347
7,97,106,304,-0.000193475148989819
7,98,106,408,-2.734941699600313e-05
7,99,106,307,-5.372744271880947e-05
7,100,106,320,4.1270403016824275e-05
7,101,106,404,0.00027545285411179066
7,102,106,315,-0.0329427607357502
7,103,106,268,1.6661553672747687e-05
7,104,106,271,-0.000142271353979595
7,105,106,272,0.00024242704967036843
7,106,106,325,-0.00024629809195175767
7,107,106,319,0.0002606912166811526
7,108,106,403,0.0016484580701217055
7,109,106,316,-0.03234484791755676
7,110,106,312,7.869506225688383e-05
7,111,106,311,-4.6301789552671835e-05
7,112,106,310,-0.00014094308426138014
7,113,106,415,0.00023166056780610234
7,114,106,308,-2.3778187824063934e-05
7,115,106,324,-6.134827708592638e-05
7,116,106,318,0.0002351525181438774
7,117,106,402,0.0008173446403816342
7,118,106,317,-0.02413574792444706
8,9,182,83,5.6511631555622444e-05
8,10,182,18,0.0002685807121451944
8,11,182,200,-0.00036462818388827145
8,12,182,201,-7.111720333341509e-05
8,13,182,194,-1.916121254907921e-05
8,14,182,204,-8.051573240663856e-05
8,15,182,202,0.00032566103618592024
8,16,182,212,-0.00013529443822335452
8,17,182,216,0.017638495191931725
8,18,182,206,8.900451211957261e-05
8,19,182,203,0.00012541467731352895
8,20,182,207,0.061385009437799454
8,21,182,205,0.003911125473678112
8,22,182,98,-0.0001495430333307013
8,23,182,97,-0.0001766825735103339
8,24,182,393,-7.140775414882228e-05
8,25,182,391,-0.00012159247853560373
8,26,182,322,-9.699771908344701e-05
8,27,182,410,-0.0004169967432972044
8,28,182,287,-0.000118618096166756
8,29,182,273,3.313206980237737e-05
8,30,182,335,-0.044800009578466415
8,31,182,406,-0.05625706538558006
8,32,182,313,-0.04046555235981941
8,33,182,421,-0.017976775765419006
8,34,182,418,-0.0485735684633255
8,35,182,424,-0.04590500146150589
8,36,182,422,-0.02590261772274971
8,37,182,432,-5.073720603832044e-05
8,38,182,436,-0.0001651873899390921
8,39,182,426,-0.00014470930909737945
8,40,182,423,-3.564350481610745e-05
8,41,182,427,-7.061299402266741e-05
8,42,182,425,-6.350649346131831e-05
8,43,182,327,8.357077945220226e-07
8,44,182,326,6.661576480837539e-05
8,45,182,0,-0.000131383232655935
8,46,182,37,-5.146244802745059e-05
8,47,182,39,-0.0002434278721921146
8,48,182,40,0.0003295250062365085
8,49,182,185,0.03982635214924812
8,50,182,61,0.03843877464532852
8,51,182,146,-6.411984213627875e-05
8,52,182,91,-0.00010921546345343813
8,53,182,181,2.3441534722223878e-05
8,54,182,84,0.00020557062816806138
8,55,182,17,8.587489901401568e-06
8,56,182,11,5.135545870871283e-05
8,57,182,72,1.5479570720344782e-05
8,58,182,73,7.491428550565615e-05
8,59,182,74,0.00015556678408756852
8,60,182,184,9.156820306088775e-05
8,61,182,77,0.00020398659398779273
8,62,182,90,7.19518429832533e-05
8,63,182,180,-6.874043901916593e-05
8,64,182,85,0.0001122484463849105
8,65,182,16,-0.01472770981490612
8,66,182,12,0.00023820392380002886
8,67,182,38,0.00010270793427480385
8,68,182,41,7.096830813679844e-05
8,69,182,42,-1.6817213690956123e-05
8,70,182,96,0.0002477920788805932
8,71,182,89,-0.00020640944421757013
8,72,182,179,0.0005406333366408944
8,73,182,86,-0.00011158486449858174
8,74,182,15,0.0001435986050637439
8,75,182,13,0.0003598133916966617
8,76,182,82,-5.3461397328646854e-05
8,77,182,81,0.00012635345046874136
8,78,182,80,-7.815540448063985e-05
8,79,182,191,0.00013091019354760647
8,80,182,78,0.03316912427544594
8,81,182,95,9.141735063167289e-05
8,82,182,88,-3.611481952248141e-05
8,83,182,178,0.00045950812636874616
8,84,182,87,-0.0001975960039999336
8,85,182,14,0.00010716452379710972
8,86,182,267,3.727888542925939e-05
8,87,182,269,4.162472760071978e-05
8,88,182,270,-0.00015515285485889763
8,89,182,409,-5.951106868451461e-05
8,90,182,291,-3.003949132107664e-05
8,91,182,375,-0.0001532412861706689
8,92,182,321,-0.00023497326765209436
8,93,182,405,-0.004080785904079676
8,94,182,314,-0.03319456800818443
8,95,182,302,4.923174492432736e-05
8,96,182,303,-2.0162391592748463e-05
8,97,182,304,3.2926895073615015e-05
8,98,182,408,4.999624820811732e-07
8,99,182,307,-8.808161510387436e-05
8,100,182,320,0.00010755403491202742
8,101,182,404,0.0015342665137723088
8,102,182,315,-0.04355083778500557
8,103,182,268,-0.00017390138236805797
8,104,182,271,0.00012604046787600964
8,105,182,272,-8.305394294438884e-05
8,106,182,325,-4.037261169287376e-05
8,107,182,319,-3.65979976777453e-05
8,108,182,403,-0.0001899164926726371
8,109,182,316,-0.032259728759527206
8,110,182,312,-0.00024169811513274908
8,111,182,311,-9.616101306164637e-05
8,112,182,310,8.644656190881506e-05
8,113,182,415,-4.665870437747799e-05
8,114,182,308,1.8930339138023555e-05
8,115,182,324,-2.1350548195187002e-05
8,116,182,318,3.6278946936363354e-05
8,117,182,402,-0.028095625340938568
8,118,182,317,-0.02663099579513073
9,10,83,18,-1.1359066775185056e-05
9,11,83,200,-1.3340622899704613e-05
9,12,83,201,-0.0001567440340295434
9,13,83,194,0.00018413054931443185
9,14,83,204,-0.00028678023954853415
9,15,83,202,-0.0002618900325614959
9,16,83,212,-0.00034758643596433103
9,17,83,216,0.031199082732200623
9,18,83,206,7.075008034007624e-05
9,19,83,203,-1.540934681543149e-05
9,20,83,207,0.06730850785970688
9,21,83,205,0.024239519611001015
9,22,83,98,2.4618200768600218e-05
9,23,83,97,0.00020788944675587118
9,24,83,393,-9.211573342327029e-05
9,25,83,391,-5.971506652713288e-06
9,26,83,322,6.214813038241118e-05
9,27,83,410,-7.98196742834989e-06
9,28,83,287,-7.757002458674833e-05
9,29,83,273,-0.0001976227795239538
9,30,83,335,-0.012529203668236732
9,31,83,406,-0.041801244020462036
9,32,83,313,-0.006933629512786865
9,33,83,421,-0.016779448837041855
9,34,83,418,-0.03210180997848511
9,35,83,424,-0.02937207743525505
9,36,83,422,-0.00022836333664599806
9,37,83,432,2.3950351533130743e-05
9,38,83,436,0.00022908757091499865
9,39,83,426,-7.65950680943206e-05
9,40,83,423,-0.000294019584544003
9,41,83,427,3.819551056949422e-05
9,42,83,425,-0.00017329804541077465
9,43,83,327,3.921184179489501e-05
9,44,83,326,-0.0002862997935153544
9,45,83,0,-8.86428460944444e-05
9,46,83,37,-7.770818046992645e-05
9,47,83,39,-2.1020778149249963e-06
9,48,83,40,0.00011864952830364928
9,49,83,185,0.040449511259794235
9,50,83,61,0.028828980401158333
9,51,83,146,1.3973706700198818e-05
9,52,83,91,-0.00030588297522626817
9,53,83,181,-1.2274487744434737e-05
9,54,83,84,0.00013419034075923264
9,55,83,17,-2.4041721189860255e-05
9,56,83,11,-0.00012965023051947355
9,57,83,72,0.000121914672490675
9,58,83,73,4.720908691524528e-05
9,59,83,74,0.0002729030966293067
9,60,83,184,0.039011914283037186
9,61,83,77,0.00017455691704526544
9,62,83,90,8.608007192378864e-05
9,63,83,180,-9.221293294103816e-05
9,64,83,85,-1.3675646187039092e-05
9,65,83,16,0.00016706011956557631
9,66,83,12,-1.7564487279742025e-05
9,67,83,38,-0.0002572311204858124
9,68,83,41,0.00035123611451126635
9,69,83,42,4.6938035666244105e-05
9,70,83,96,0.0003446600749157369
9,71,83,89,-6.919803581695305e-06
9,72,83,179,-0.00011425009870436043
9,73,83,86,-7.373678727162769e-06
9,74,83,15,-0.00013213221973273903
9,75,83,13,6.583530921489e-05
9,76,83,82,-4.410794281284325e-05
9,77,83,81,-2.3263812181539834e-05
9,78,83,80,0.0001879805204225704
9,79,83,191,-4.717704996437533e-06
9,80,83,78,0.01773582398891449
9,81,83,95,0.00019642076222226024
9,82,83,88,1.3983576536702458e-05
9,83,83,178,-0.00042696684249676764
9,84,83,87,2.24461400648579e-05
9,85,83,14,0.00026039648219011724
9,86,83,267,-7.482829823857173e-05
9,87,83,269,-0.0002454388013575226
9,88,83,270,6.259103884076467e-06
9,89,83,409,-4.364767301012762e-05
9,90,83,291,6.634638702962548e-05
9,91,83,375,-0.00016544155369047076
9,92,83,321,-4.77318862976972e-05
9,93,83,405,-3.419295899220742e-05
9,94,83,314,0.00010455994924996048
9,95,83,302,7.129165896913037e-05
9,96,83,303,-6.809439946664497e-05
9,97,83,304,-0.00019586971029639244
9,98,83,408,-8.7574495410081e-05
9,99,83,307,3.422648660489358e-05
9,100,83,320,0.0002820611116476357
9,101,83,404,6.082541858631885e-06
9,102,83,315,-3.561023049769574e-06
9,103,83,268,-0.00014974252553656697
9,104,83,271,-0.0002417178184259683
9,105,83,272,-3.8385310290323105e-06
9,106,83,325,0.00019808381330221891
9,107,83,319,0.00010557114001130685
9,108,83,403,-9.1548114141915e-05
9,109,83,316,0.00013040067278780043
9,110,83,312,-0.00043985762749798596
9,111,83,311,-0.0002681894402485341
9,112,83,310,9.120877075474709e-05
9,113,83,415,-1.2612118553079199e-05
9,114,83,308,0.0001296481059398502
9,115,83,324,-5.506439265445806e-05
9,116,83,318,-8.302000787807629e-05
9,117,83,402,-1.3116756235831417e-05
9,118,83,317,0.00015858047117944807
10,11,18,200,-0.00010528531856834888
10,12,18,201,5.918465103604831e-05
10,13,18,194,5.748581679654308e-05
10,14,18,204,0.00014022552932146937
10,15,18,202,0.0001145666028605774
10,16,18,212,9.146350203081965e-05
10,17,18,216,2.2216427169041708e-05
10,18,18,206,-2.3323520508711226e-05
10,19,18,203,0.00011861364328069612
10,20,18,207,-1.0467210813658312e-06
10,21,18,205,1.056485234585125e-05
10,22,18,98,0.0003385279269423336
10,23,18,97,0.0007969564758241177
10,24,18,393,-0.00010726017353590578
10,25,18,391,3.111913974862546e-05
10,26,18,322,-0.0001826003281166777
10,27,18,410,2.149658939742949e-06
10,28,18,287,1.6716869140509516e-05
10,29,18,273,-1.6658719687256962e-05
10,30,18,335,-3.5353717976249754e-05
10,31,18,406,-3.0531857191817835e-05
10,32,18,313,-0.00013650459004566073
10,33,18,421,3.1900832254905254e-05
10,34,18,418,-0.016464626416563988
10,35,18,424,-0.016385789960622787
10,36,18,422,-4.618747425411129e-06
10,37,18,432,-0.000310137023916468
10,38,18,436,1.6112617231556214e-05
10,39,18,426,-0.00039512605872005224
10,40,18,423,1.018846162992304e-08
10,41,18,427,-0.00044807916856370866
10,42,18,425,0.00028943506185896695
10,43,18,327,-0.00033773441100493073
10,44,18,326,-0.00017912968178279698
10,45,18,0,9.136358858086169e-05
10,46,18,37,-0.00035245975595898926
10,47,18,39,0.0002877608058042824
10,48,18,40,0.00031645019771531224
10,49,18,185,7.720141002209857e-05
10,50,18,61,-5.2191793656675145e-05
10,51,18,146,4.547880598693155e-05
10,52,18,91,-6.225165270734578e-05
10,53,18,181,2.7320575100020505e-05
10,54,18,84,0.00022402615286409855
10,55,18,17,-2.528612458263524e-05
10,56,18,11,3.0975039408076555e-05
10,57,18,72,0.00020517708617262542
10,58,18,73,4.16845541622024e-05
10,59,18,74,4.620061372406781e-05
10,60,18,184,7.936801557661965e-05
10,61,18,77,-2.512602077331394e-05
10,62,18,90,0.0002441178949084133
10,63,18,180,9.869988571153954e-05
10,64,18,85,-0.0001227779284818098
10,65,18,16,0.0003330158651806414
10,66,18,12,3.573696449166164e-05
10,67,18,38,0.00013492160360328853
10,68,18,41,4.412161069922149e-05
10,69,18,42,0.00015467285993508995
10,70,18,96,2.037447484326549e-05
10,71,18,89,-9.284587576985359e-05
10,72,18,179,-2.788712299661711e-05
10,73,18,86,3.2537827792111784e-05
10,74,18,15,0.00020978065731469542
10,75,18,13,0.00013513087469618767
10,76,18,82,5.548336048377678e-05
10,77,18,81,9.591955313226208e-05
10,78,18,80,0.0002464548742864281
10,79,18,191,6.767261947970837e-05
10,80,18,78,5.568158667301759e-05
10,81,18,95,-0.0001038263289956376
10,82,18,88,4.201878255116753e-06
10,83,18,178,8.41682413010858e-05
10,84,18,87,-0.0001655064697843045
10,85,18,14,-0.00010470299457665533
10,86,18,267,-8.736833115108311e-05
10,87,18,269,-0.00015762094699312001
10,88,18,270,-0.00012831712956540287
10,89,18,409,3.410800491110422e-05
10,90,18,291,4.1258070268668234e-05
10,91,18,375,-2.0900801246170886e-05
10,92,18,321,-3.7583711673505604e-05
10,93,18,405,1.348506430076668e-05
10,94,18,314,-7.395437023660634e-06
10,95,18,302,-0.00011096987873315811
10,96,18,303,0.00011734154395526275
10,97,18,304,-4.4930802687304094e-05
10,98,18,408,7.541142986156046e-05
10,99,18,307,-9.457382111577317e-05
10,100,18,320,0.00013416491856332868
10,101,18,404,-6.260754889808595e-05
10,102,18,315,6.022991146892309e-05
10,103,18,268,-0.00013492644939105958
10,104,18,271,-0.00013647868763655424
10,105,18,272,-0.00011868701403727755
10,106,18,325,-9.120551112573594e-05
10,107,18,319,-9.929051884682849e-05
10,108,18,403,0.00013938505435362458
10,109,18,316,0.00021971501701045781
10,110,18,312,-0.00018311441817786545
10,111,18,311,-7.396321507258108e-06
10,112,18,310,3.2811247365316376e-05
10,113,18,415,3.3833359339041635e-05
10,114,18,308,6.383108848240227e-05
10,115,18,324,0.00010641507105901837
10,116,18,318,8.862129470799118e-05
10,117,18,402,6.643774668191327e-06
10,118,18,317,0.00017334113363176584
11,12,200,201,-4.947245543007739e-05
11,13,200,194,7.935308531159535e-05
11,14,200,204,-5.020881144446321e-05
11,15,200,202,-0.00014194911636877805
11,16,200,212,-4.0331127820536494e-05
11,17,200,216,6.179629053804092e-06
11,18,200,206,-5.0539092626422644e-05
11,19,200,203,6.250667502172291e-05
11,20,200,207,0.045622795820236206
11,21,200,205,5.080506525700912e-05
11,22,200,98,0.00037238214281387627
11,23,200,97,-3.2181196729652584e-05
11,24,200,393,1.7181171642732807e-05
11,25,200,391,-0.00032397190807387233
11,26,200,322,-3.900410592905246e-05
11,27,200,410,-0.00016856941510923207
11,28,200,287,4.444315345608629e-05
11,29,200,273,8.23869850137271e-05
11,30,200,335,-0.00017934141214936972
11,31,200,406,-0.00024036559625528753
11,32,200,313,0.00015392080240417272
11,33,200,421,-0.00017539807595312595
11,34,200,418,-0.036723580211400986
11,35,200,424,-1.8276716218679212e-05
11,36,200,422,-2.647143446665723e-05
11,37,200,432,-3.3642496418906376e-05
11,38,200,436,-0.0003480925224721432
11,39,200,426,-0.00014210327935870737
11,40,200,423,-0.00012658532068599015
11,41,200,427,-0.00013004867651034147
11,42,200,425,-0.00028674310306087136
11,43,200,327,-0.0003047598584089428
11,44,200,326,0.00020792442956008017
11,45,200,0,-0.00030245285597629845
11,46,200,37,3.339087197673507e-05
11,47,200,39,-8.939081453718245e-05
11,48,200,40,3.440505315666087e-05
11,49,200,185,2.2585476472158916e-05
11,50,200,61,2.1424613805720583e-05
11,51,200,146,0.00011978815018665045
11,52,200,91,-0.00011336570605635643
11,53,200,181,-7.721463589405175e-06
11,54,200,84,-8.541314309695736e-05
11,55,200,17,0.0001143647896242328
11,56,200,11,-0.0002611976524349302
11,57,200,72,0.0002565385075286031
11,58,200,73,-1.888214683276601e-05
11,59,200,74,-0.0002894272329285741
11,60,200,184,-0.00019088898261543363
11,61,200,77,0.00019912300922442228
11,62,200,90,-5.138585765962489e-05
11,63,200,180,-0.0002685727085918188
11,64,200,85,-0.0001505513209849596
11,65,200,16,-0.00011971779895247892
11,66,200,12,0.00013496287283487618
11,67,200,38,-7.171292236307636e-05
11,68,200,41,0.00011860268568852916
11,69,200,42,0.0001599345705471933
11,70,200,96,0.00014783877122681588
11,71,200,89,-0.0001461405772715807
11,72,200,179,-0.00010169810411753133
11,73,200,86,-0.0004135365306865424
11,74,200,15,6.879988177388441e-06
11,75,200,13,0.00011532763892319053
11,76,200,82,7.389470556518063e-05
11,77,200,81,-8.40178290673066e-06
11,78,200,80,-5.0345628551440313e-05
11,79,200,191,0.0001397453306708485
11,80,200,78,8.364702080143616e-05
11,81,200,95,9.076579590328038e-05
11,82,200,88,-0.0002392895839875564
11,83,200,178,-0.00023993906506802887
11,84,200,87,1.0273234693158884e-05
11,85,200,14,4.9589318223297596e-05
11,86,200,267,-3.373255458427593e-05
11,87,200,269,1.0861556802410632e-05
11,88,200,270,8.395156328333542e-05
11,89,200,409,0.00017007140559144318
11,90,200,291,0.0001004033038043417
11,91,200,375,-8.026899740798399e-05
11,92,200,321,9.876557305688038e-05
11,93,200,405,0.00011211017408641055
11,94,200,314,0.0002666785439942032
11,95,200,302,6.184642552398145e-05
11,96,200,303,-6.167923129396513e-05
11,97,200,304,0.00011870692105730996
11,98,200,408,8.067120506893843e-05
11,99,200,307,1.4285122233559377e-05
11,100,200,320,0.00012387597234919667
11,101,200,404,0.00035100404056720436
11,102,200,315,0.00016426468209829181
11,103,200,268,-4.517399793257937e-05
11,104,200,271,-5.0424878281774e-06
11,105,200,272,-1.7631211449042894e-05
11,106,200,325,-0.0001924326497828588
11,107,200,319,0.00014058523811399937
11,108,200,403,0.00023121519188862294
11,109,200,316,0.0004107645945623517
11,110,200,312,0.00022347136109601706
11,111,200,311,2.5285480660386384e-05
11,112,200,310,4.042262298753485e-05
11,113,200,415,1.6600983144599013e-05
11,114,200,308,-5.105188392917626e-06
11,115,200,324,-0.00016308805788867176
11,116,200,318,4.139265729463659e-05
11,117,200,402,0.00024222131469286978
11,118,200,317,0.0004658589023165405
12,13,201,194,5.972541111987084e-05
12,14,201,204,5.426545976661146e-05
12,15,201,202,9.599197073839605e-05
12,16,201,212,1.6624488125671633e-05
12,17,201,216,0.017763305455446243
12,18,201,206,-0.00012700678780674934
12,19,201,203,0.0007294517126865685
12,20,201,207,0.0721854567527771
12,21,201,205,0.016368376091122627
12,22,201,98,1.330805207544472e-05
12,23,201,97,-3.1494400900555775e-05
12,24,201,393,0.0001399328903062269
12,25,201,391,-2.4459837732138112e-05
12,26,201,322,-3.902399112121202e-05
12,27,201,410,-4.4871023419545963e-05
12,28,201,287,-0.0001433063589502126
12,29,201,273,6.5131280280184e-05
12,30,201,335,-0.029941082000732422
12,31,201,406,-0.046645112335681915
12,32,201,313,-0.017071448266506195
12,33,201,421,0.0004387978697195649
12,34,201,418,-0.037297215312719345
12,35,201,424,-0.03370914235711098
12,36,201,422,-0.004290451295673847
12,37,201,432,-0.00031830347143113613
12,38,201,436,-0.00023442432575393468
12,39,201,426,-0.0001988983276532963
12,40,201,423,-0.0002179141010856256
12,41,201,427,-0.0001547618448967114
12,42,201,425,-0.00033534487010911107
12,43,201,327,-1.4205626030161511e-05
12,44,201,326,-2.1371450202423148e-05
12,45,201,0,0.0004586901341099292
12,46,201,37,-7.401030597975478e-05
12,47,201,39,-0.0001251882640644908
12,48,201,40,5.92417927691713e-05
12,49,201,185,0.03702564910054207
12,50,201,61,0.0214245468378067
12,51,201,146,0.00018299967632628977
12,52,201,91,-8.278821951535065e-06
12,53,201,181,-8.415457705268636e-05
12,54,201,84,0.0005816566408611834
12,55,201,17,0.0002447181905154139
12,56,201,11,5.1638096920214593e-05
12,57,201,72,-0.00014264315541367978
12,58,201,73,-0.00021722688688896596
12,59,201,74,0.0001401273621013388
12,60,201,184,0.006795068737119436
12,61,201,77,0.0001238976838067174
12,62,201,90,-2.5598463253118098e-05
12,63,201,180,-1.944772338902112e-05
12,64,201,85,4.72568572149612e-05
12,65,201,16,0.00022740649001207203
12,66,201,12,0.00011111919593531638
12,67,201,38,-0.00018262137018609792
12,68,201,41,0.00012981705367565155
12,69,201,42,2.7015039449906908e-05
12,70,201,96,-3.1799168937141076e-05
12,71,201,89,0.00011723527131834999
12,72,201,179,-0.0002833933976944536
12,73,201,86,-5.382909148465842e-05
12,74,201,15,0.00043637302587740123
12,75,201,13,0.0001517811615485698
12,76,201,82,-4.498364796745591e-05
12,77,201,81,-6.615622987737879e-05
12,78,201,80,0.00020403102098498493
12,79,201,191,4.775335401063785e-05
12,80,201,78,0.017545431852340698
12,81,201,95,7.201294647529721e-05
12,82,201,88,0.00012926758790854365
12,83,201,178,5.0755252232193016e-06
12,84,201,87,5.722694186260924e-05
12,85,201,14,-0.00021467045007739216
12,86,201,267,0.0004196618974674493
12,87,201,269,0.0002763359807431698
12,88,201,270,-0.0001149979216279462
12,89,201,409,0.00012568219972308725
12,90,201,291,-0.00014075847866479307
12,91,201,375,-7.039632328087464e-05
12,92,201,321,-0.00010381716128904372
12,93,201,405,0.0001638316025491804
12,94,201,314,0.0001553722540847957
12,95,201,302,0.00010742247832240537
12,96,201,303,0.00018986569193657488
12,97,201,304,-3.410133285797201e-05
12,98,201,408,6.8216318140912335e-06
12,99,201,307,-6.195549940457568e-05
12,100,201,320,-7.35255453037098e-05
12,101,201,404,0.00018651876598596573
12,102,201,315,0.00013029752881266177
12,103,201,268,-2.715658411034383e-05
12,104,201,271,-7.992993050720543e-05
12,105,201,272,-3.757276863325387e-05
12,106,201,325,9.02595857041888e-05
12,107,201,319,-7.008550892351195e-05
12,108,201,403,2.7501069780555554e-05
12,109,201,316,0.00039417919469997287
12,110,201,312,2.0643217339966213e-06
12,111,201,311,-5.389099533203989e-05
12,112,201,310,-0.0001576444337842986
12,113,201,415,4.3925789213972166e-05
12,114,201,308,0.00020275087445043027
12,115,201,324,-0.0001264375459868461
12,116,201,318,0.00014311374980024993
12,117,201,402,-0.014483035542070866
12,118,201,317,7.312843081308529e-05
13,14,194,204,7.350251689786091e-05
13,15,194,202,4.932534648105502e-05
13,16,194,212,-0.0002567091432865709
13,17,194,216,0.01245036069303751
13,18,194,206,-0.0001995291095227003
13,19,194,203,4.4600037654163316e-05
13,20,194,207,0.07284856587648392
13,21,194,205,0.023703398182988167
13,22,194,98,-4.514896500040777e-05
13,23,194,97,-0.0005836936761625111
13,24,194,393,-2.207522811659146e-05
13,25,194,391,6.435980594687862e-06
13,26,194,322,-5.67669230804313e-05
13,27,194,410,2.69492193183396e-05
13,28,194,287,-0.00052625936223194
13,29,194,273,-1.11169583760784e-05
13,30,194,335,-0.05170212686061859
13,31,194,406,-0.059855829924345016
13,32,194,313,-0.04562223702669144
13,33,194,421,-0.03772938624024391
13,34,194,418,-0.04892292246222496
13,35,194,424,-0.05215579271316528
13,36,194,422,-0.029230929911136627
13,37,194,432,-0.00011684258788591251
13,38,194,436,-3.917490903404541e-05
13,39,194,426,-5.397165659815073e-05
13,40,194,423,-8.869765588315204e-05
13,41,194,427,-0.0002952587092295289
13,42,194,425,-2.2216092929738807e-06
13,43,194,327,3.470571027719416e-05
13,44,194,326,-0.00039327380363829434
13,45,194,0,0.00030782227986492217
13,46,194,37,-4.409977191244252e-05
13,47,194,39,7.330670632654801e-05
13,48,194,40,0.000292066833935678
13,49,194,185,0.048652924597263336
13,50,194,61,0.04369394853711128
13,51,194,146,0.00012633764708880335
13,52,194,91,0.00014758539327885956
13,53,194,181,0.00032318761805072427
13,54,194,84,0.00047953962348401546
13,55,194,17,0.00015081626770552248
13,56,194,11,-0.0001420097250957042
13,57,194,72,8.363231609109789e-05
13,58,194,73,-2.439537456666585e-05
13,59,194,74,-0.00016000551113393158
13,60,194,184,0.0017804541857913136
13,61,194,77,0.028224557638168335
13,62,194,90,9.966826837626286e-06
13,63,194,180,0.00046963844215497375
13,64,194,85,0.0002114930102834478
13,65,194,16,0.00032833695877343416
13,66,194,12,0.00010999391815857962
13,67,194,38,-0.00022541901853401214
13,68,194,41,0.00015142546908464283
13,69,194,42,1.7374604794895276e-05
13,70,194,96,0.043069999665021896
13,71,194,89,0.00025259432732127607
13,72,194,179,0.0001343423646176234
13,73,194,86,0.0004472789296414703
13,74,194,15,-6.413405935745686e-05
13,75,194,13,0.00012944535410497338
13,76,194,82,-0.0003347806341480464
13,77,194,81,3.6444514989852905e-05
13,78,194,80,3.5975466744275764e-05
13,79,194,191,0.00011846596316900104
13,80,194,78,0.02368585765361786
13,81,194,95,6.502176984213293e-05
13,82,194,88,0.00017674271657597274
13,83,194,178,0.0004449209081940353
13,84,194,87,0.00017198841669596732
13,85,194,14,-0.00023835699539631605
13,86,194,267,4.86550634377636e-05
13,87,194,269,-3.941865361412056e-05
13,88,194,270,-1.2840485396736767e-05
13,89,194,409,0.00011823482054751366
13,90,194,291,1.3830449461238459e-05
13,91,194,375,2.7709302230505273e-05
13,92,194,321,0.0004403515486046672
13,93,194,405,-0.015138302929699421
13,94,194,314,-0.01775345206260681
13,95,194,302,7.755088881822303e-05
13,96,194,303,0.00011702811752911657
13,97,194,304,6.95229391567409e-05
13,98,194,408,6.916874554008245e-05
13,99,194,307,0.00026660916046239436
13,100,194,320,9.090728417504579e-05
13,101,194,404,-0.013208060525357723
13,102,194,315,-0.02117653377354145
13,103,194,268,6.24852254986763e-05
13,104,194,271,-2.6297719159629196e-05
13,105,194,272,0.00010744343308033422
13,106,194,325,-9.22332692425698e-05
13,107,194,319,-0.00021858816035091877
13,108,194,403,0.0006370320334099233
13,109,194,316,-0.012054319493472576
13,110,194,312,-0.00033560977317392826
13,111,194,311,-8.981818973552436e-05
13,112,194,310,-8.410363079747185e-05
13,113,194,415,-4.5082924771122634e-06
13,114,194,308,0.00013057232717983425
13,115,194,324,2.1228979676379822e-06
13,116,194,318,3.8025467802071944e-05
13,117,194,402,-0.010427860543131828
13,118,194,317,-0.02172277122735977
14,15,204,202,-9.479353320784867e-05
14,16,204,212,-0.0002673907147254795
14,17,204,216,0.001873257220722735
14,18,204,206,4.0125039959093556e-05
14,19,204,203,-0.00020869927539024502
14,20,204,207,0.07041512429714203
14,21,204,205,-4.8473339120391756e-05
14,22,204,98,-0.0001767806097632274
14,23,204,97,-0.0002666915243025869
14,24,204,393,5.198030703468248e-05
14,25,204,391,-0.0001151756223407574
14,26,204,322,-0.00017766724340617657
14,27,204,410,-0.0001564281847095117
14,28,204,287,-0.00011043554695788771
14,29,204,273,1.2189965673314873e-05
14,30,204,335,-0.044993314892053604
14,31,204,406,-0.05809858813881874
14,32,204,313,-0.0418182797729969
14,33,204,421,-0.011793729849159718
14,34,204,418,-0.047147348523139954
14,35,204,424,-0.046005260199308395
14,36,204,422,-0.013869889080524445
14,37,204,432,-4.7560133680235595e-05
14,38,204,436,-5.176909326110035e-06
14,39,204,426,-0.0001805026549845934
14,40,204,423,-0.00016358503489755094
14,41,204,427,-0.00017186542390845716
14,42,204,425,-6.501912139356136e-05
14,43,204,327,-6.068842048989609e-05
14,44,204,326,-0.00019284839800093323
14,45,204,0,-0.00017884156841319054
14,46,204,37,-0.00014660741726402193
14,47,204,39,-0.00013872544514015317
14,48,204,40,-7.044136873446405e-05
14,49,204,185,-0.00021139797172509134
14,50,204,61,4.2835003114305437e-05
14,51,204,146,-0.00016613745538052171
14,52,204,91,-1.8539732991484925e-05
14,53,204,181,-0.00011853076284751296
14,54,204,84,0.0001463473163312301
14,55,204,17,4.900770727545023e-05
14,56,204,11,-0.00024511388619430363
14,57,204,72,-6.669567665085196e-05
14,58,204,73,-6.720209057675675e-05
14,59,204,74,-0.00010854996799025685
14,60,204,184,-0.00018415070371702313
14,61,204,77,7.749433279968798e-05
14,62,204,90,5.5621825595153496e-05
14,63,204,180,0.00015539996093139052
14,64,204,85,0.00048767306725494564
14,65,204,16,0.00010715050302678719
14,66,204,12,1.6152065654750913e-05
14,67,204,38,-2.056350240309257e-05
14,68,204,41,-0.00010899898916250095
14,69,204,42,-0.00011414619802962989
14,70,204,96,0.00011576981341931969
14,71,204,89,0.00010496140021132305
14,72,204,179,-0.00010328428470529616
14,73,204,86,-0.00023722958576399833
14,74,204,15,-0.0011883465340361
14,75,204,13,-3.230027868994512e-05
14,76,204,82,-7.82144270488061e-05
14,77,204,81,2.760595816653222e-05
14,78,204,80,-0.00012790427717845887
14,79,204,191,-0.00020619430870283395
14,80,204,78,-4.725873623101506e-06
14,81,204,95,-0.00010378142906120047
14,82,204,88,0.0006311028846539557
14,83,204,178,0.0005014204070903361
14,84,204,87,0.0006307109724730253
14,85,204,14,0.00011975384404649958
14,86,204,267,-0.00010073015437228605
14,87,204,269,-8.377817721338943e-05
14,88,204,270,8.32564037409611e-05
14,89,204,409,7.55039436626248e-05
14,90,204,291,0.00026965263532474637
14,91,204,375,-0.00010015846783062443
14,92,204,321,8.83319225977175e-05
14,93,204,405,-0.02179199643433094
14,94,204,314,-0.009667821228504181
14,95,204,302,-5.637855429085903e-05
14,96,204,303,5.023163976147771e-05
14,97,204,304,5.105973104946315e-05
14,98,204,408,-1.1064366844948381e-05
14,99,204,307,2.5135811938525876e-06
14,100,204,320,0.0003142324567306787
14,101,204,404,0.0008196054259315133
14,102,204,315,-0.019772738218307495
14,103,204,268,3.8138561649248004e-05
14,104,204,271,0.0001674945669947192
14,105,204,272,0.00017482574912719429
14,106,204,325,-3.482241709207301e-06
14,107,204,319,0.00021059885330032557
14,108,204,403,-5.564169441640843e-06
14,109,204,316,0.0011685839854180813
14,110,204,312,-5.378697460400872e-05
14,111,204,311,4.868827454629354e-05
14,112,204,310,0.00015571729454677552
14,113,204,415,2.7882437279913574e-05
14,114,204,308,-9.014850547828246e-06
14,115,204,324,-6.893293902976438e-05
14,116,204,318,9.209791460307315e-05
14,117,204,402,-0.02213195338845253
14,118,204,317,0.00030151131795719266
15,16,202,212,-0.00026984160649590194
15,17,202,216,-0.0004969399888068438
15,18,202,206,0.00019199051894247532
15,19,202,203,-2.200348535552621e-05
15,20,202,207,-0.00039103091694414616
15,21,202,205,0.00017954380018636584
15,22,202,98,0.0001461625361116603
15,23,202,97,-0.00047858417383395135
15,24,202,393,-0.00043099524918943644
15,25,202,391,-0.00010326987103326246
15,26,202,322,-0.00010771380766527727
15,27,202,410,-3.935145286959596e-06
15,28,202,287,-9.734601189848036e-05
15,29,202,273,-7.747480412945151e-05
15,30,202,335,-4.578161679091863e-05
15,31,202,406,0.00022630889725405723
15,32,202,313,0.00014183435996528715
15,33,202,421,-5.2221388614270836e-05
15,34,202,418,-0.018070373684167862
15,35,202,424,-0.05570254102349281
15,36,202,422,-8.5281535575632e-05
15,37,202,432,-0.0002985410683322698
15,38,202,436,-3.239038778701797e-05
15,39,202,426,-0.0001913781015900895
15,40,202,423,-9.93349772215879e-07
15,41,202,427,-0.00015860074199736118
15,42,202,425,4.858535248786211e-05
15,43,202,327,-3.799744081334211e-05
15,44,202,326,-1.4216532690625172e-05
15,45,202,0,0.00014909537276253104
15,46,202,37,-0.00027967814821749926
15,47,202,39,0.0002955094096250832
15,48,202,40,-0.00023667165078222752
15,49,202,185,1.8013226508628577e-05
15,50,202,61,-0.035020943731069565
15,51,202,146,-1.8608810933073983e-05
15,52,202,91,-0.00015220363275147974
15,53,202,181,0.00013475037121679634
15,54,202,84,-5.070921906735748e-05
15,55,202,17,0.00016471637354698032
15,56,202,11,0.0001902856311062351
15,57,202,72,-0.0002669040986802429
15,58,202,73,-9.727071301313117e-06
15,59,202,74,-0.00013081257930025458
15,60,202,184,-5.5408621847163886e-05
15,61,202,77,-0.00018967624055221677
15,62,202,90,-6.64246670112334e-07
15,63,202,180,0.00030960916774347425
15,64,202,85,-0.00016215155483223498
15,65,202,16,0.00017722971097100526
15,66,202,12,-6.811507319071097e-06
15,67,202,38,-0.0002881085383705795
15,68,202,41,4.591051765601151e-05
15,69,202,42,-5.058277019998059e-05
15,70,202,96,-2.3997803509701043e-05
15,71,202,89,-0.00010316689440514892
15,72,202,179,0.0001229426998179406
15,73,202,86,-0.00014251265383791178
15,74,202,15,9.558232704875991e-05
15,75,202,13,-0.00037977000465616584
15,76,202,82,-0.00021931614901404828
15,77,202,81,0.00010876934538828209
15,78,202,80,6.637306069023907e-05
15,79,202,191,-8.777214679867029e-05
15,80,202,78,-1.6288224287563935e-05
15,81,202,95,-1.839282595028635e-05
15,82,202,88,-0.00010067207767860964
15,83,202,178,6.825593300163746e-05
15,84,202,87,-0.00011652455577859655
15,85,202,14,-0.0005046490114182234
15,86,202,267,-0.0001620385010028258
15,87,202,269,0.00012080216401955113
15,88,202,270,2.2516374883707613e-05
15,89,202,409,3.762466803891584e-05
15,90,202,291,-3.568166357581504e-05
15,91,202,375,6.648447742918506e-05
15,92,202,321,-0.00020895541820209473
15,93,202,405,5.330237763701007e-05
15,94,202,314,4.819482273887843e-05
15,95,202,302,7.818095036782324e-05
15,96,202,303,4.201474439469166e-06
15,97,202,304,3.7263042031554505e-05
15,98,202,408,0.00011491433542687446
15,99,202,307,-0.00018484426254872233
15,100,202,320,0.00039336454938165843
15,101,202,404,-0.00021138126612640917
15,102,202,315,0.00016943119408097118
15,103,202,268,-5.837584467371926e-05
15,104,202,271,-9.963603952201083e-05
15,105,202,272,0.0001089927609427832
15,106,202,325,0.00011577015538932756
15,107,202,319,0.00037054240237921476
15,108,202,403,0.00032785633811727166
15,109,202,316,0.00010711214417824522
15,110,202,312,8.340836211573333e-05
15,111,202,311,5.9467922255862504e-05
15,112,202,310,8.13514125184156e-05
15,113,202,415,0.0001321030140388757
15,114,202,308,-0.0006739010568708181
15,115,202,324,4.321648884797469e-05
15,116,202,318,0.00011179880675626919
15,117,202,402,0.00021885537717025727
15,118,202,317,-9.516451973468065e-05
16,17,212,216,-6.897791172377765e-05
16,18,212,206,1.4050447134650312e-05
16,19,212,203,6.047753049642779e-05
16,20,212,207,-0.000181722964043729
16,21,212,205,-0.00014970394840929657
16,22,212,98,8.887336298357695e-05
16,23,212,97,0.00010600126552162692
16,24,212,393,-6.683407991658896e-05
16,25,212,391,-2.2618505681748502e-05
16,26,212,322,5.637235153699294e-05
16,27,212,410,5.1184615585953e-05
16,28,212,287,-4.438406449480681e-06
16,29,212,273,0.00015906656335573643
16,30,212,335,-7.252380601130426e-05
16,31,212,406,0.00015392449859064072
16,32,212,313,0.00011206971976207569
16,33,212,421,7.007312524365261e-05
16,34,212,418,-0.0001765213382896036
16,35,212,424,-0.00030985361081548035
16,36,212,422,-0.00013534288154914975
16,37,212,432,-0.00016544238314963877
16,38,212,436,-0.00028796785045415163
16,39,212,426,-0.00010696201934479177
16,40,212,423,-4.1106736148321943e-07
16,41,212,427,-0.0002886108122766018
16,42,212,425,-4.898026600130834e-05
16,43,212,327,-9.426488395547494e-05
16,44,212,326,-0.00011998334957752377
16,45,212,0,1.6402465917053632e-05
16,46,212,37,-0.00019820929446723312
16,47,212,39,-7.851480768295005e-05
16,48,212,40,-4.162456752965227e-05
16,49,212,185,0.0002149760111933574
16,50,212,61,-4.9123696953756735e-05
16,51,212,146,9.749177115736529e-05
16,52,212,91,-3.6508572520688176e-05
16,53,212,181,0.0004176608345005661
16,54,212,84,0.00023514029453508556
16,55,212,17,0.0001602114934939891
16,56,212,11,-5.424370101536624e-05
16,57,212,72,-0.0003773312782868743
16,58,212,73,-7.81783601269126e-05
16,59,212,74,-9.36320884648012e-06
16,60,212,184,0.00020599916751962155
16,61,212,77,0.0001430601696483791
16,62,212,90,1.8957064185087802e-06
16,63,212,180,8.019422239158303e-05
16,64,212,85,2.1860401830053888e-05
16,65,212,16,0.0001849478721851483
16,66,212,12,-0.00015295167395379394
16,67,212,38,0.00015818054089322686
16,68,212,41,0.00022250381880439818
16,69,212,42,0.0002465545549057424
16,70,212,96,0.00030106265330687165
16,71,212,89,0.00035525584826245904
16,72,212,179,0.00043442167225293815
16,73,212,86,0.0009534474811516702
16,74,212,15,2.3641960069653578e-05
16,75,212,13,-0.00015620463818777353
16,76,212,82,-8.580187568441033e-05
16,77,212,81,6.77795906085521e-05
16,78,212,80,0.0003731383476406336
16,79,212,191,0.0004398949968162924
16,80,212,78,0.0004313677200116217
16,81,212,95,-7.372424443019554e-05
16,82,212,88,0.0003181580104865134
16,83,212,178,0.0003300182579550892
16,84,212,87,2.9692060707020573e-05
16,85,212,14,-0.0002142924495274201
16,86,212,267,0.0002025007561314851
16,87,212,269,7.087101494107628e-06
16,88,212,270,-0.00015367066953331232
16,89,212,409,-0.00016418658196926117
16,90,212,291,0.02216416224837303
16,91,212,375,-3.951586677430896e-06
16,92,212,321,0.0002406872808933258
16,93,212,405,0.00032478157663717866
16,94,212,314,0.00013762293383479118
16,95,212,302,-0.000381293153623119
16,96,212,303,0.0001825218932935968
16,97,212,304,-7.870241825003177e-05
16,98,212,408,-5.979113848297857e-05
16,99,212,307,0.00026076927315443754
16,100,212,320,9.780032269190997e-05
16,101,212,404,0.0001716184342512861
16,102,212,315,0.0001505649124737829
16,103,212,268,-0.0002834732295013964
16,104,212,271,4.633292701328173e-05
16,105,212,272,0.0002190461236750707
16,106,212,325,0.0003802549035754055
16,107,212,319,-0.0002079411206068471
16,108,212,403,7.620860560564324e-05
16,109,212,316,0.0002763366501312703
16,110,212,312,-0.00017467376892454922
16,111,212,311,1.6951300494838506e-05
16,112,212,310,-0.00026841298677027225
16,113,212,415,6.234690954443067e-05
16,114,212,308,-0.00022205729328561574
16,115,212,324,0.000210638259886764
16,116,212,318,0.00010497490438865498
16,117,212,402,0.0003576504241209477
16,118,212,317,0.00020035651687067002
17,18,216,206,3.13772980007343e-05
17,19,216,203,3.463846951490268e-05
17,20,216,207,-7.610592001583427e-05
17,21,216,205,5.484749999595806e-05
17,22,216,98,-1.4866707715555094e-05
17,23,216,97,3.710704550030641e-05
17,24,216,393,-5.922693162574433e-06
17,25,216,391,0.00012309025623835623
17,26,216,322,0.00010008202661992982
17,27,216,410,0.0002136359689757228
17,28,216,287,0.00011529317271197215
17,29,216,273,-5.122193215356674e-06
17,30,216,335,-0.00013237707025837153
17,31,216,406,0.00011334279406582937
17,32,216,313,0.00015593548596370965
17,33,216,421,0.00012162727944087237
17,34,216,418,2.6831450668396428e-05
17,35,216,424,4.417174932314083e-05
17,36,216,422,-3.908917642547749e-05
17,37,216,432,3.609184204833582e-05
17,38,216,436,1.8579042659894185e-07
17,39,216,426,6.892981036799029e-05
17,40,216,423,-0.00010452798596816137
17,41,216,427,-5.9006662922911346e-05
17,42,216,425,8.188340871129185e-05
17,43,216,327,-0.00017111917259171605
17,44,216,326,5.163209152669879e-06
17,45,216,0,0.0002979034325107932
17,46,216,37,0.0001437460450688377
17,47,216,39,-8.439202792942524e-05
17,48,216,40,0.0001895833993330598
17,49,216,185,-8.811147563392296e-05
17,50,216,61,0.0004840496985707432
17,51,216,146,-6.508042861241847e-05
17,52,216,91,-0.00017038406804203987
17,53,216,181,5.3089464927325025e-05
17,54,216,84,0.001332216546870768
17,55,216,17,0.00022933020954951644
17,56,216,11,0.00036713830195367336
17,57,216,72,-7.007623207755387e-05
17,58,216,73,-6.784033757867292e-05
17,59,216,74,-3.678873326862231e-05
17,60,216,184,7.66601660870947e-05
17,61,216,77,2.4895562091842294e-06
17,62,216,90,-0.00014442992687691003
17,63,216,180,0.0006346642039716244
17,64,216,85,0.0001725095498841256
17,65,216,16,8.058206003624946e-05
17,66,216,12,-0.00027265347307547927
17,67,216,38,9.300499368691817e-05
17,68,216,41,-0.0001144427151302807
17,69,216,42,0.00014515254588332027
17,70,216,96,-1.4707205991726369e-05
17,71,216,89,-0.000251801306148991
17,72,216,179,0.0002526122843846679
17,73,216,86,0.0004536035703495145
17,74,216,15,0.00014920864487066865
17,75,216,13,-5.551997310249135e-05
17,76,216,82,3.6951555557607207e-06
17,77,216,81,1.5571868061670102e-06
17,78,216,80,0.0001284666795982048
17,79,216,191,-1.0795423804665916e-05
17,80,216,78,9.982089977711439e-06
17,81,216,95,0.00022229173919185996
17,82,216,88,0.0006529234815388918
17,83,216,178,-3.34110991389025e-05
17,84,216,87,1.870298910944257e-05
17,85,216,14,7.823644409654662e-05
17,86,216,267,6.579448381671682e-05
17,87,216,269,4.783221083926037e-05
17,88,216,270,0.00022356132103595883
17,89,216,409,0.030200928449630737
17,90,216,291,0.044261276721954346
17,91,216,375,-0.00033987988717854023
17,92,216,321,-0.0008248390513472259
17,93,216,405,0.00019368338689673692
17,94,216,314,0.00013546564150601625
17,95,216,302,-7.533760708611226e-06
17,96,216,303,2.137208639396704e-06
17,97,216,304,0.00012003908341284841
17,98,216,408,0.018278347328305244
17,99,216,307,0.0004763180622830987
17,100,216,320,-0.00013034482253715396
17,101,216,404,0.00011706653458531946
17,102,216,315,0.0002060771221294999
17,103,216,268,0.0002519453992135823
17,104,216,271,0.00018162404012400657
17,105,216,272,-0.00017261839821003377
17,106,216,325,0.00014826495316810906
17,107,216,319,0.0001384436764055863
17,108,216,403,0.00020750104158651084
17,109,216,316,0.0002529280900489539
17,110,216,312,-0.00011474051279947162
17,111,216,311,-6.982359627727419e-05
17,112,216,310,-0.0038665628526359797
17,113,216,415,-0.00031731760827824473
17,114,216,308,0.0014392674202099442
17,115,216,324,0.00017798904445953667
17,116,216,318,-0.00019213637278880924
17,117,216,402,-6.376596502377652e-06
17,118,216,317,0.00013890743139199913
18,19,206,203,-6.659067003056407e-05
18,20,206,207,-0.00013254486839286983
18,21,206,205,0.0001030038547469303
18,22,206,98,-1.2942406328875222e-06
18,23,206,97,-0.00050476094475016
18,24,206,393,9.274414333049208e-05
18,25,206,391,-5.756176324211992e-05
18,26,206,322,0.00028537618345580995
18,27,206,410,0.0004879495536442846
18,28,206,287,0.0003866976185236126
18,29,206,273,0.00025247689336538315
18,30,206,335,0.0009752186015248299
18,31,206,406,1.5360394172603264e-05
18,32,206,313,6.335272337310016e-05
18,33,206,421,0.00021540345915127546
18,34,206,418,0.0004128625150769949
18,35,206,424,0.00013097711780574173
18,36,206,422,0.00014196199481375515
18,37,206,432,0.0003054684493690729
18,38,206,436,-6.031607699696906e-05
18,39,206,426,-0.00023395019525196403
18,40,206,423,-4.130972229177132e-05
18,41,206,427,3.153485158691183e-05
18,42,206,425,-0.00031505338847637177
18,43,206,327,-0.0002051863120868802
18,44,206,326,-4.738921779789962e-05
18,45,206,0,-1.5340132449637167e-05
18,46,206,37,0.000134901943965815
18,47,206,39,-0.00023399082419928163
18,48,206,40,-0.00017520124674774706
18,49,206,185,2.49512759182835e-05
18,50,206,61,0.0004382123297546059
18,51,206,146,0.00031484279315918684
18,52,206,91,0.00040076408185996115
18,53,206,181,8.43285033624852e-06
18,54,206,84,0.0007206526934169233
18,55,206,17,-6.945864879526198e-05
18,56,206,11,-9.133495768764988e-05
18,57,206,72,-1.8682063455344178e-05
18,58,206,73,-5.302875069901347e-05
18,59,206,74,7.78257817728445e-05
18,60,206,184,0.0002362437080591917
18,61,206,77,0.00010624431888572872
18,62,206,90,7.901949720690027e-05
18,63,206,180,0.0001920896756928414
18,64,206,85,0.00039192105759866536
18,65,206,16,-6.113701965659857e-05
18,66,206,12,0.0002187792706536129
18,67,206,38,4.067662302986719e-05
18,68,206,41,5.9894278820138425e-05
18,69,206,42,-2.7304604373057373e-05
18,70,206,96,0.0001993891637539491
18,71,206,89,5.7573794038034976e-05
18,72,206,179,-6.036179456714308e-06
18,73,206,86,0.0002922344137914479
18,74,206,15,7.314233516808599e-05
18,75,206,13,-8.620698645245284e-05
18,76,206,82,0.0004449397383723408
18,77,206,81,0.00024478649720549583
18,78,206,80,0.0001317530550295487
18,79,206,191,0.0001519978977739811
18,80,206,78,0.0002641661558300257
18,81,206,95,0.0005765593959949911
18,82,206,88,5.680852336809039e-05
18,83,206,178,3.250459849368781e-05
18,84,206,87,-5.318875628290698e-05
18,85,206,14,0.00017222559836227447
18,86,206,267,8.682331827003509e-05
18,87,206,269,-0.00013354179100133479
18,88,206,270,-0.00022644201817456633
18,89,206,409,0.03243894502520561
18,90,206,291,0.03721412271261215
18,91,206,375,0.00047507218550890684
18,92,206,321,0.00041092175524681807
18,93,206,405,0.00015162448107730597
18,94,206,314,9.119555761571974e-05
18,95,206,302,-9.15327764232643e-05
18,96,206,303,-1.4172989040162065e-06
18,97,206,304,0.00013467625831253827
18,98,206,408,-5.78169638174586e-05
18,99,206,307,0.0003850611101370305
18,100,206,320,0.0002696806041058153
18,101,206,404,0.0006326655857264996
18,102,206,315,8.082079148152843e-05
18,103,206,268,-2.7496083930600435e-05
18,104,206,271,7.553930481662974e-05
18,105,206,272,-8.903864909370895e-06
18,106,206,325,0.00017498212400823832
18,107,206,319,0.0005004524136893451
18,108,206,403,-3.5741344618145376e-05
18,109,206,316,0.00014241598546504974
18,110,206,312,-0.00016154338663909584
18,111,206,311,-9.3569811724592e-05
18,112,206,310,3.0115119443507865e-05
18,113,206,415,-0.00014510631444863975
18,114,206,308,-2.931192284449935e-05
18,115,206,324,-0.0001503129315096885
18,116,206,318,0.0002806666889227927
18,117,206,402,5.206609785091132e-05
18,118,206,317,0.00016855268040671945
19,20,203,207,0.00011551281932042912
19,21,203,205,-0.00014910941536072642
19,22,203,98,-3.6450721381697804e-05
19,23,203,97,-0.00037907512160018086
19,24,203,393,-0.00016300054267048836
19,25,203,391,-0.00016285598394460976
19,26,203,322,0.00015358527889475226
19,27,203,410,4.311375232646242e-05
19,28,203,287,0.00033885700395330787
19,29,203,273,0.0008205979829654098
19,30,203,335,0.00048130707000382245
19,31,203,406,0.00012755482748616487
19,32,203,313,7.361641473835334e-05
19,33,203,421,0.00017594821110833436
19,34,203,418,0.0001820164470700547
19,35,203,424,0.0006430253852158785
19,36,203,422,0.0005195417907088995
19,37,203,432,0.0001249238266609609
19,38,203,436,8.039521344471723e-05
19,39,203,426,4.760631418321282e-05
19,40,203,423,-2.6513969714869745e-05
19,41,203,427,0.00015948983491398394
19,42,203,425,-0.0003466163179837167
19,43,203,327,-0.00012151635019108653
19,44,203,326,-0.00030082082957960665
19,45,203,0,2.2643669581157155e-05
19,46,203,37,-5.200623854761943e-05
19,47,203,39,4.072928641107865e-05
19,48,203,40,0.0002018991217482835
19,49,203,185,-0.00024312517780344933
19,50,203,61,9.45415667956695e-05
19,51,203,146,0.00041905793477781117
19,52,203,91,3.642916271928698e-05
19,53,203,181,0.0003458196297287941
19,54,203,84,0.00011866440036101267
19,55,203,17,0.0002568794589024037
19,56,203,11,-0.00025722788996063173
19,57,203,72,9.601389319868758e-05
19,58,203,73,1.4799722976022167e-06
19,59,203,74,0.0001682361908024177
19,60,203,184,-6.962724728509784e-05
19,61,203,77,0.0001991377503145486
19,62,203,90,0.0001658738183323294
19,63,203,180,6.664103693765355e-06
19,64,203,85,0.00041488773422315717
19,65,203,16,0.00014827123959548771
19,66,203,12,-2.446251892251894e-05
19,67,203,38,0.00012956226419191808
19,68,203,41,0.00029625336173921824
19,69,203,42,4.735336915473454e-05
19,70,203,96,0.00017163879238069057
19,71,203,89,-8.415729098487645e-05
19,72,203,179,7.594223279738799e-05
19,73,203,86,8.695953874848783e-05
19,74,203,15,-8.718064782442525e-05
19,75,203,13,9.195817983709276e-05
19,76,203,82,-0.00016995097394101322
19,77,203,81,3.4356347896391526e-05
19,78,203,80,-9.493591278442182e-06
19,79,203,191,6.71903690090403e-05
19,80,203,78,-8.591800906287972e-06
19,81,203,95,0.00023912718461360782
19,82,203,88,-1.03339937140845e-06
19,83,203,178,2.4851183297869284e-06
19,84,203,87,2.1284557078615762e-05
19,85,203,14,6.058194412617013e-05
19,86,203,267,-9.28459339775145e-05
19,87,203,269,-3.3035033993655816e-05
19,88,203,270,0.0001358579029329121
19,89,203,409,-1.4138840924715623e-05
19,90,203,291,-0.000201504270080477
19,91,203,375,-2.7041352950618602e-05
19,92,203,321,0.00030832659103907645
19,93,203,405,0.00017664475308265537
19,94,203,314,-4.0199782233685255e-05
19,95,203,302,-0.0002705817751120776
19,96,203,303,-0.00011096341768279672
19,97,203,304,0.00022626119607593864
19,98,203,408,2.4489134375471622e-05
19,99,203,307,3.3512777008581907e-05
19,100,203,320,0.00020723181660287082
19,101,203,404,0.0001779212907422334
19,102,203,315,9.998248424381018e-05
19,103,203,268,-6.422521983040497e-05
19,104,203,271,0.00015738360525574535
19,105,203,272,0.00020203467283863574
19,106,203,325,-0.00011906144209206104
19,107,203,319,0.00035685618058778346
19,108,203,403,0.00018480750441085547
19,109,203,316,0.0001506570988567546
19,110,203,312,-0.0003313698398414999
19,111,203,311,0.0001744617329677567
19,112,203,310,0.0002448221202939749
19,113,203,415,-0.00022285387967713177
19,114,203,308,0.00018874013039749116
19,115,203,324,1.9391085515962914e-05
19,116,203,318,0.0003788149915635586
19,117,203,402,-2.5874445782392286e-05
19,118,203,317,1.0622145964589436e-05
20,21,207,205,0.00010426358494441956
20,22,207,98,-0.0003648656711447984
20,23,207,97,-0.0001222019927809015
20,24,207,393,0.000230135177844204
20,25,207,391,-9.45979991229251e-06
20,26,207,322,-4.7981124225771055e-05
20,27,207,410,9.03506952454336e-05
20,28,207,287,0.00010575183114269748
20,29,207,273,0.00020652236707974225
20,30,207,335,5.480446998262778e-05
20,31,207,406,0.00015647252439521253
20,32,207,313,0.00013138700160197914
20,33,207,421,-4.4274929678067565e-06
20,34,207,418,0.00020001498342026025
20,35,207,424,-9.56629155552946e-05
20,36,207,422,-9.766365110408515e-06
20,37,207,432,3.950202517444268e-05
20,38,207,436,5.6891214626375586e-05
20,39,207,426,-6.729418601025827e-06
20,40,207,423,-0.0002342262159800157
20,41,207,427,-0.00011897714284714311
20,42,207,425,-0.00019188661826774478
20,43,207,327,0.052188802510499954
20,44,207,326,7.008107786532491e-05
20,45,207,0,1.9893086573574692e-05
20,46,207,37,-3.594780355342664e-05
20,47,207,39,9.407666220795363e-05
20,48,207,40,0.00021297848434187472
20,49,207,185,0.0003714712802320719
20,50,207,61,0.0002737178292591125
20,51,207,146,0.000528426724486053
20,52,207,91,-0.00013354911061469465
20,53,207,181,-0.00017292695702053607
20,54,207,84,0.017016591504216194
20,55,207,17,0.00010056241444544867
20,56,207,11,7.159912001952762e-06
20,57,207,72,-9.320976823801175e-05
20,58,207,73,0.0004394118732307106
20,59,207,74,0.0004297235864214599
20,60,207,184,-6.341878906823695e-05
20,61,207,77,7.733908569207415e-05
20,62,207,90,-1.598335620656144e-05
20,63,207,180,5.285439328872599e-05
20,64,207,85,0.01943308673799038
20,65,207,16,8.367716509383172e-05
20,66,207,12,-0.00029733814881183207
20,67,207,38,4.460899072000757e-05
20,68,207,41,0.00010539966751821339
20,69,207,42,-0.00018608526443131268
20,70,207,96,-1.9759982023970224e-05
20,71,207,89,-6.495425623143092e-05
20,72,207,179,-0.0001928212004713714
20,73,207,86,0.0064218598417937756
20,74,207,15,-0.00014386379916686565
20,75,207,13,-2.553303238528315e-05
20,76,207,82,-0.0001402676134603098
20,77,207,81,-1.26108361655497e-05
20,78,207,80,0.0001356542343273759
20,79,207,191,-0.00010771714732982218
20,80,207,78,-3.731435936060734e-05
20,81,207,95,0.00013936434697825462
20,82,207,88,-0.000156987807713449
20,83,207,178,5.31075093022082e-05
20,84,207,87,2.9054202968836762e-05
20,85,207,14,-7.906628161435947e-05
20,86,207,267,-7.332394307013601e-05
20,87,207,269,0.00033693236764520407
20,88,207,270,0.035711921751499176
20,89,207,409,0.05437523499131203
20,90,207,291,0.06059553101658821
20,91,207,375,0.037811167538166046
20,92,207,321,-0.002022843575105071
20,93,207,405,0.00016867907834239304
20,94,207,314,5.0369103519187775e-06
20,95,207,302,-5.978041372145526e-05
20,96,207,303,-0.0001879025949165225
20,97,207,304,0.028659164905548096
20,98,207,408,0.05622601881623268
20,99,207,307,0.001845252700150013
20,100,207,320,-0.000623091240413487
20,101,207,404,-7.663556607440114e-05
20,102,207,315,1.992874786083121e-05
20,103,207,268,4.561406240100041e-05
20,104,207,271,-0.0002163872995879501
20,105,207,272,8.89106304384768e-05
20,106,207,325,0.00031681687687523663
20,107,207,319,0.0001967124262591824
20,108,207,403,-0.00010783975449157879
20,109,207,316,-2.2710089979227632e-05
20,110,207,312,-7.64589713071473e-05
20,111,207,311,-0.000199311543838121
20,112,207,310,0.015634160488843918
20,113,207,415,0.029304195195436478
20,114,207,308,0.061989083886146545
20,115,207,324,-5.789316855953075e-05
20,116,207,318,0.00019829286611638963
20,117,207,402,-6.622544606216252e-05
20,118,207,317,-4.1471521399216726e-05
21,22,205,98,-0.0002708546817302704
21,23,205,97,9.105719800572842e-05
21,24,205,393,-3.036410089407582e-05
21,25,205,391,0.00016733667871449143
21,26,205,322,0.0005196907441131771
21,27,205,410,0.0004359509330242872
21,28,205,287,0.00041676752152852714
21,29,205,273,0.0005994586972519755
21,30,205,335,0.00026520880055613816
21,31,205,406,8.14497034298256e-05
21,32,205,313,9.500739543000236e-05
21,33,205,421,5.903320561628789e-05
21,34,205,418,0.00011637734860414639
21,35,205,424,-5.425174822448753e-05
21,36,205,422,0.00020440602384041995
21,37,205,432,1.9785695258178748e-05
21,38,205,436,-4.8650643293512985e-05
21,39,205,426,0.00016605683777015656
21,40,205,423,0.00036478109541349113
21,41,205,427,2.176644073870193e-07
21,42,205,425,-0.0002372559829382226
21,43,205,327,-4.588615047396161e-05
21,44,205,326,0.00034935461007989943
21,45,205,0,-0.00015227601397782564
21,46,205,37,-1.0682924767024815e-05
21,47,205,39,4.146229548496194e-05
21,48,205,40,0.0003267508582212031
21,49,205,185,0.00018972907855641097
21,50,205,61,9.79796823230572e-05
21,51,205,146,0.0002911999181378633
21,52,205,91,0.00021978127188049257
21,53,205,181,0.0002667593362275511
21,54,205,84,0.00021226015815045685
21,55,205,17,0.00026858318597078323
21,56,205,11,-0.00023655366385355592
21,57,205,72,0.00017169429338537157
21,58,205,73,-1.5834965552130598e-06
21,59,205,74,-0.00015022560546640307
21,60,205,184,-2.3533805233455496e-06
21,61,205,77,0.00017588181071914732
21,62,205,90,0.00015178773901425302
21,63,205,180,3.0244655135902576e-05
21,64,205,85,0.00024362017575185746
21,65,205,16,7.184030255302787e-05
21,66,205,12,4.112663373234682e-05
21,67,205,38,-0.0001625752920517698
21,68,205,41,0.00025009451201185584
21,69,205,42,-0.00017989097977988422
21,70,205,96,2.5660478058853187e-05
21,71,205,89,-0.00010048755211755633
21,72,205,179,0.00022102515504229814
21,73,205,86,3.205730172339827e-05
21,74,205,15,-9.67660453170538e-05
21,75,205,13,-6.0093745560152456e-05
21,76,205,82,-2.048148598987609e-05
21,77,205,81,0.0004997071227990091
21,78,205,80,1.318139402428642e-05
21,79,205,191,-0.00010242404823657125
21,80,205,78,0.0001957617059815675
21,81,205,95,0.0005223365151323378
21,82,205,88,7.488392293453217e-05
21,83,205,178,2.3323480490944348e-05
21,84,205,87,0.00015081664605531842
21,85,205,14,-4.886866008746438e-05
21,86,205,267,-5.976425745757297e-05
21,87,205,269,8.955259545473382e-05
21,88,205,270,0.00017056669457815588
21,89,205,409,0.0019399761222302914
21,90,205,291,0.04101652279496193
21,91,205,375,-0.0001502256200183183
21,92,205,321,-6.590510565729346e-06
21,93,205,405,0.00027381913969293237
21,94,205,314,0.0002082454157061875
21,95,205,302,9.270884766010568e-05
21,96,205,303,-1.496523054811405e-05
21,97,205,304,-1.926509321492631e-05
21,98,205,408,6.986413063714281e-05
21,99,205,307,0.0004252809740137309
21,100,205,320,0.0002904528228100389
21,101,205,404,0.00016403186600655317
21,102,205,315,4.8305959353456274e-05
21,103,205,268,-5.166967457626015e-05
21,104,205,271,4.25973667006474e-05
21,105,205,272,-0.0003226310363970697
21,106,205,325,0.0002654930576682091
21,107,205,319,-0.00018883701704908162
21,108,205,403,6.357341771945357e-05
21,109,205,316,0.0002847412251867354
21,110,205,312,9.314914495917037e-05
21,111,205,311,-0.00010736825788626447
21,112,205,310,8.043616253416985e-05
21,113,205,415,0.00032440468203276396
21,114,205,308,0.03525574877858162
21,115,205,324,-4.116577110835351e-05
21,116,205,318,-0.0002988507621921599
21,117,205,402,-8.333441655850038e-05
21,118,205,317,3.1359704735223204e-05
22,23,98,97,-2.2634239940089174e-05
22,24,98,393,3.879649375448935e-05
22,25,98,391,4.244415322318673e-05
22,26,98,322,0.0003530296089593321
22,27,98,410,0.0002150071959476918
22,28,98,287,0.00014077432570047677
22,29,98,273,0.0003823073348030448
22,30,98,335,0.00012639664055313915
22,31,98,406,0.0007352315005846322
22,32,98,313,5.691665501217358e-05
22,33,98,421,1.3252003554953262e-05
22,34,98,418,0.00034460125607438385
22,35,98,424,0.00010418640886200592
22,36,98,422,0.0001319914445048198
22,37,98,432,0.00029188304324634373
22,38,98,436,-0.0001469039561925456
22,39,98,426,0.000585269124712795
22,40,98,423,5.379536742111668e-05
22,41,98,427,-0.0001338623696938157
22,42,98,425,4.94805681228172e-06
22,43,98,327,5.669765960192308e-05
22,44,98,326,6.140663117548684e-06
22,45,98,0,-9.958209557225928e-05
22,46,98,37,5.005219645681791e-05
22,47,98,39,-0.00035641028080135584
22,48,98,40,0.0001955971383722499
22,49,98,185,-0.0002163091121474281
22,50,98,61,-0.00032274326076731086
22,51,98,146,-8.133626397466287e-05
22,52,98,91,-0.00036076101241633296
22,53,98,181,5.8073677791981027e-05
22,54,98,84,0.0029113239143043756
22,55,98,17,3.664765245048329e-05
22,56,98,11,-0.00031685715657658875
22,57,98,72,0.00017832411685958505
22,58,98,73,-8.164307655533776e-05
22,59,98,74,-2.683389357116539e-05
22,60,98,184,-0.0002476683002896607
22,61,98,77,-4.96258435305208e-05
22,62,98,90,-1.1325587365718093e-05
22,63,98,180,0.00016103687812574208
22,64,98,85,4.428194006322883e-05
22,65,98,16,0.00017406341794412583
22,66,98,12,-0.0003037231508642435
22,67,98,38,-4.4448268454289064e-05
22,68,98,41,5.690219040843658e-05
22,69,98,42,-6.233557360246778e-05
22,70,98,96,-0.0004504277021624148
22,71,98,89,-1.5469486243091524e-05
22,72,98,179,-3.969821409555152e-05
22,73,98,86,0.0002103614096995443
22,74,98,15,9.587805107003078e-05
22,75,98,13,-0.00010676656529540196
22,76,98,82,1.4125899724604096e-05
22,77,98,81,4.823201015824452e-05
22,78,98,80,-0.0002979659475386143
22,79,98,191,-3.242696766392328e-05
22,80,98,78,-0.00038048395072109997
22,81,98,95,5.690411853720434e-05
22,82,98,88,-0.00015153079584706575
22,83,98,178,0.0003637417103163898
22,84,98,87,0.00021397108503151685
22,85,98,14,0.00012745980347972363
22,86,98,267,4.726029874291271e-05
22,87,98,269,-0.00010664980072760954
22,88,98,270,-4.3757419916801155e-05
22,89,98,409,0.0001900807983474806
22,90,98,291,-0.00018019873823504895
22,91,98,375,-3.611352076404728e-05
22,92,98,321,0.00015912171511445194
22,93,98,405,0.0002511714119464159
22,94,98,314,-3.791150447796099e-05
22,95,98,302,-0.00021479236602317542
22,96,98,303,-0.000178965536179021
22,97,98,304,0.00013837372534908354
22,98,98,408,0.0003412403748370707
22,99,98,307,0.00016871813568286598
22,100,98,320,9.40140598686412e-05
22,101,98,404,0.00011814904428320006
22,102,98,315,-0.00024724320974200964
22,103,98,268,-0.00020724658679682761
22,104,98,271,0.0001860191987361759
22,105,98,272,0.000200089139980264
22,106,98,325,4.170438842265867e-05
22,107,98,319,0.00015954459377098829
22,108,98,403,0.00016148887516465038
22,109,98,316,-0.00021231833670753986
22,110,98,312,-0.00016392357065342367
22,111,98,311,0.00015587745292577893
22,112,98,310,0.000218091910937801
22,113,98,415,0.00018296354392077774
22,114,98,308,-0.00037452857941389084
22,115,98,324,0.00019629370945040137
22,116,98,318,0.0003613232693169266
22,117,98,402,-0.0002566465991549194
22,118,98,317,-0.00013427334488369524
23,24,97,393,-0.00021376479708123952
23,25,97,391,-0.00016732618678361177
23,26,97,322,0.00012525283091235906
23,27,97,410,5.4506097512785345e-05
23,28,97,287,-8.163238817360252e-05
23,29,97,273,3.126564479316585e-05
23,30,97,335,-0.029102591797709465
23,31,97,406,-0.0340263657271862
23,32,97,313,-0.000509840901941061
23,33,97,421,0.00018865604943130165
23,34,97,418,-0.04755285009741783
23,35,97,424,-0.033340707421302795
23,36,97,422,0.00013936375034973025
23,37,97,432,7.22015684004873e-05
23,38,97,436,-0.00028699333779513836
23,39,97,426,-3.076444045291282e-05
23,40,97,423,7.493024895666167e-05
23,41,97,427,-0.00011493262718431652
23,42,97,425,-6.091290561016649e-05
23,43,97,327,-7.387361256405711e-05
23,44,97,326,-6.588547421415569e-06
23,45,97,0,0.00023662882449571043
23,46,97,37,-0.00015542455366812646
23,47,97,39,3.681434827740304e-05
23,48,97,40,-9.959917952073738e-05
23,49,97,185,0.0015261597000062466
23,50,97,61,0.03680787235498428
23,51,97,146,-0.00020739315368700773
23,52,97,91,-2.1530793674173765e-05
23,53,97,181,0.00014021202514413744
23,54,97,84,5.440034146886319e-05
23,55,97,17,0.0004754986148327589
23,56,97,11,0.0005907075828872621
23,57,97,72,-1.1068425010307692e-05
23,58,97,73,9.507468348601833e-05
23,59,97,74,-7.580055535072461e-05
23,60,97,184,0.0002683113852981478
23,61,97,77,-0.00021208703401498497
23,62,97,90,-9.274297917727381e-05
23,63,97,180,-0.00030866259476169944
23,64,97,85,0.00018096492567565292
23,65,97,16,0.0007108079735189676
23,66,97,12,0.00041080857045017183
23,67,97,38,-5.86242567806039e-05
23,68,97,41,5.355784196581226e-06
23,69,97,42,-0.0001815691648516804
23,70,97,96,-0.00023497361689805984
23,71,97,89,-0.00032126004225574434
23,72,97,179,-0.0005445533315651119
23,73,97,86,0.0002728722174651921
23,74,97,15,0.00041330026579089463
23,75,97,13,0.00025984743842855096
23,76,97,82,-0.0002562706940807402
23,77,97,81,2.591186603240203e-05
23,78,97,80,2.998101081175264e-05
23,79,97,191,-5.2540057367878035e-05
23,80,97,78,8.094018994597718e-05
23,81,97,95,6.047837086953223e-05
23,82,97,88,-4.9637743359198794e-05
23,83,97,178,-0.000304054090520367
23,84,97,87,0.00027312577003613114
23,85,97,14,0.0004722091252915561
23,86,97,267,6.824827141826972e-05
23,87,97,269,0.00014739231846760958
23,88,97,270,8.434360643150285e-05
23,89,97,409,-0.00023034514742903411
23,90,97,291,-3.986981755588204e-05
23,91,97,375,-6.501041298179189e-06
23,92,97,321,4.313675162848085e-05
23,93,97,405,0.00020151727949269116
23,94,97,314,0.000519151275511831
23,95,97,302,-0.0001574566267663613
23,96,97,303,6.840367859695107e-05
23,97,97,304,2.1341387764550745e-05
23,98,97,408,-4.1453698941040784e-05
23,99,97,307,0.00017729717365000397
23,100,97,320,0.00020410744764376432
23,101,97,404,0.00020713834965135902
23,102,97,315,5.892344415769912e-05
23,103,97,268,-0.00022891310800332576
23,104,97,271,-0.00016367000353056937
23,105,97,272,-0.0003398705739527941
23,106,97,325,-0.0001231292262673378
23,107,97,319,-0.0001678541739238426
23,108,97,403,0.0003051511012017727
23,109,97,316,0.00026428504497744143
23,110,97,312,-0.0002383196697337553
23,111,97,311,-0.00022533138690050691
23,112,97,310,2.8159487555967644e-05
23,113,97,415,-3.664887117338367e-05
23,114,97,308,1.7838634448708035e-05
23,115,97,324,4.143950263824081e-06
23,116,97,318,4.026178066851571e-05
23,117,97,402,-6.641701475018635e-05
23,118,97,317,4.8299876652890816e-05
24,25,393,391,8.239325688919052e-05
24,26,393,322,-0.000209224468562752
24,27,393,410,-0.00025233536143787205
24,28,393,287,-6.639090133830905e-05
24,29,393,273,0.00010140479571418837
24,30,393,335,-0.008920809254050255
24,31,393,406,-0.03422755375504494
24,32,393,313,-0.003519633552059531
24,33,393,421,-0.00016989107825793326
24,34,393,418,-0.010995158925652504
24,35,393,424,-0.023402035236358643
24,36,393,422,-3.145829032291658e-05
24,37,393,432,-0.0006357870879583061
24,38,393,436,9.18023431495385e-07
24,39,393,426,5.56521445105318e-06
24,40,393,423,7.322365854633972e-05
24,41,393,427,0.00014075457875151187
24,42,393,425,0.00011296470620436594
24,43,393,327,-0.0004460749332793057
24,44,393,326,-7.567560942334239e-07
24,45,393,0,0.00016528053674846888
24,46,393,37,6.448759813793004e-05
24,47,393,39,-0.00014788242697250098
24,48,393,40,0.0002053893549600616
24,49,393,185,-2.9455577532644384e-05
24,50,393,61,0.04126202315092087
24,51,393,146,3.782511703320779e-05
24,52,393,91,-0.0002210763341281563
24,53,393,181,-0.00038438220508396626
24,54,393,84,-6.271237361943349e-05
24,55,393,17,-0.0006222986266948283
24,56,393,11,-2.2336973415804096e-05
24,57,393,72,4.384711428429e-05
24,58,393,73,-0.0001787827641237527
24,59,393,74,-0.00018711155280470848
24,60,393,184,-0.00015091185923665762
24,61,393,77,-2.976208270411007e-05
24,62,393,90,-6.526473589474335e-05
24,63,393,180,-0.00023424431856255978
24,64,393,85,-0.0005414937040768564
24,65,393,16,-0.0005662451731041074
24,66,393,12,4.219476250000298e-05
24,67,393,38,3.08191119984258e-05
24,68,393,41,-0.0004332578682806343
24,69,393,42,-0.00012828430044464767
24,70,393,96,-0.00011382253433112055
24,71,393,89,-1.460940529796062e-05
24,72,393,179,-0.000448274688096717
24,73,393,86,-0.0001356713764835149
24,74,393,15,-0.0006463687168434262
24,75,393,13,6.716660573147237e-05
24,76,393,82,-5.179464278626256e-05
24,77,393,81,-0.00016674783546477556
24,78,393,80,5.734304522775346e-06
24,79,393,191,3.085075150011107e-05
24,80,393,78,3.1635812774766237e-05
24,81,393,95,1.5078331671247724e-05
24,82,393,88,-0.00023217372654471546
24,83,393,178,-0.00038308330113068223
24,84,393,87,-8.880853420123458e-05
24,85,393,14,-0.0007265815511345863
24,86,393,267,-5.38277981831925e-06
24,87,393,269,7.43814671295695e-05
24,88,393,270,0.0002028928865911439
24,89,393,409,0.00011316625023027882
24,90,393,291,0.0003118004242423922
24,91,393,375,0.00028368746279738843
24,92,393,321,0.00014122847642283887
24,93,393,405,0.00017628291971050203
24,94,393,314,-0.03361718729138374
24,95,393,302,-5.947226964053698e-05
24,96,393,303,-0.00023557018721476197
24,97,393,304,7.023764192126691e-05
24,98,393,408,0.00031988040427677333
24,99,393,307,0.00021267583360895514
24,100,393,320,0.0004947673878632486
24,101,393,404,0.00019918516045436263
24,102,393,315,-0.03972762078046799
24,103,393,268,-0.0001211135313496925
24,104,393,271,-8.381275051760895e-08
24,105,393,272,4.370156966615468e-05
24,106,393,325,0.00031874937121756375
24,107,393,319,0.0004708251799456775
24,108,393,403,0.00045445558498613536
24,109,393,316,-0.05997350811958313
24,110,393,312,-0.0002801010268740356
24,111,393,311,2.8208123694639653e-05
24,112,393,310,0.00010706274042604491
24,113,393,415,0.00026968197198584676
24,114,393,308,-2.3178201445261948e-05
24,115,393,324,0.00017089502944145352
24,116,393,318,0.0002466687001287937
24,117,393,402,0.00024270910944323987
24,118,393,317,-0.00044824645738117397
25,26,391,322,-0.00014750506670679897
25,27,391,410,-8.207499195123091e-05
25,28,391,287,5.238348603597842e-05
25,29,391,273,0.00030485415481962264
25,30,391,335,-0.030634555965662003
25,31,391,406,-0.00010558262874837965
25,32,391,313,-0.00037067345692776144
25,33,391,421,-0.0003462458262220025
25,34,391,418,-0.03853936493396759
25,35,391,424,-0.03519731014966965
25,36,391,422,5.72836579522118e-05
25,37,391,432,-0.00018621566414367408
25,38,391,436,0.00010062159708468243
25,39,391,426,-0.0001692483783699572
25,40,391,423,5.876883369637653e-05
25,41,391,427,-0.00024513527750968933
25,42,391,425,-0.00022512496798299253
25,43,391,327,9.590947593096644e-05
25,44,391,326,-4.729459396912716e-05
25,45,391,0,-0.00034057899028994143
25,46,391,37,0.0002922634594142437
25,47,391,39,-1.5169547623372637e-05
25,48,391,40,-0.00010259158443659544
25,49,391,185,-9.821195271797478e-05
25,50,391,61,0.0344846136868
25,51,391,146,-0.00016955172759480774
25,52,391,91,-0.00026449759025126696
25,53,391,181,-0.00043584039667621255
25,54,391,84,-6.0779115301556885e-05
25,55,391,17,-0.00048581455484963953
25,56,391,11,3.6452973290579394e-05
25,57,391,72,0.00018655504391063005
25,58,391,73,-9.524197957944125e-05
25,59,391,74,6.084208143875003e-05
25,60,391,184,-0.00013369419320952147
25,61,391,77,-0.00010589289740892127
25,62,391,90,-0.00010221377306152135
25,63,391,180,-0.0005312834982760251
25,64,391,85,-0.00035323601332493126
25,65,391,16,-0.00033530787914060056
25,66,391,12,9.215525642503053e-05
25,67,391,38,-4.5647936985915294e-07
25,68,391,41,-9.111854888033122e-05
25,69,391,42,-3.629284037742764e-05
25,70,391,96,0.0023347167298197746
25,71,391,89,-0.0003206383844371885
25,72,391,179,-0.0003212248848285526
25,73,391,86,-0.0004248544864822179
25,74,391,15,-0.0005184575566090643
25,75,391,13,0.00013587187277153134
25,76,391,82,7.459562766598538e-05
25,77,391,81,5.6081880757119507e-05
25,78,391,80,-6.623173248954117e-05
25,79,391,191,-0.00013074118760414422
25,80,391,78,0.0036177239380776882
25,81,391,95,-5.514787972060731e-06
25,82,391,88,-1.4236057722882833e-05
25,83,391,178,1.4428989743464626e-05
25,84,391,87,-0.00023692029935773462
25,85,391,14,-0.00019609637092798948
25,86,391,267,-0.0004095807089470327
25,87,391,269,-9.469393262406811e-05
25,88,391,270,9.148834942607209e-05
25,89,391,409,0.0003621916694100946
25,90,391,291,0.000251541321631521
25,91,391,375,9.167718962999061e-05
25,92,391,321,0.0007502770749852061
25,93,391,405,-0.0002870783500839025
25,94,391,314,-0.00036400408134795725
25,95,391,302,-0.00017091521294787526
25,96,391,303,-8.553416409995407e-05
25,97,391,304,0.00043221088708378375
25,98,391,408,0.00032949994783848524
25,99,391,307,0.0003313903871458024
25,100,391,320,2.2013382476870902e-05
25,101,391,404,-0.000362194114131853
25,102,391,315,-0.0005114428349770606
25,103,391,268,-0.000324098247801885
25,104,391,271,-0.00013530062278732657
25,105,391,272,-5.031496402807534e-05
25,106,391,325,0.000246677576797083
25,107,391,319,-0.0005098595866002142
25,108,391,403,-0.000346526998328045
25,109,391,316,-0.0004295866237953305
25,110,391,312,-0.00030739509384147823
25,111,391,311,-0.00027833107742480934
25,112,391,310,-0.0003576580493245274
25,113,391,415,5.6073215091601014e-05
25,114,391,308,0.00012091861572116613
25,115,391,324,0.00019627147412393242
25,116,391,318,-0.0002945851592812687
25,117,391,402,-0.0008237427100539207
25,118,391,317,-0.00044090606388635933
26,27,322,410,-8.120480924844742e-05
26,28,322,287,0.00021569951786659658
26,29,322,273,0.00021089056099299341
26,30,322,335,-0.000698668125551194
26,31,322,406,0.027757665142416954
26,32,322,313,-0.0014467135770246387
26,33,322,421,0.000124397236504592
26,34,322,418,0.041541777551174164
26,35,322,424,-0.03651631623506546
26,36,322,422,8.829084254102781e-05
26,37,322,432,-0.00026526235160417855
26,38,322,436,7.759971595078241e-06
26,39,322,426,-0.00017569396004546434
26,40,322,423,6.141869380371645e-05
26,41,322,427,-0.0003600002673920244
26,42,322,425,9.238669008482248e-05
26,43,322,327,5.134248931426555e-05
26,44,322,326,-0.0001116468629334122
26,45,322,0,-0.00010511300934012979
26,46,322,37,-9.693680476630107e-05
26,47,322,39,-4.629134855349548e-05
26,48,322,40,-0.00012212456203997135
26,49,322,185,-6.500690506072715e-05
26,50,322,61,0.0041547613218426704
26,51,322,146,-0.00023480775416828692
26,52,322,91,-8.897534280549735e-05
26,53,322,181,-4.725853068521246e-05
26,54,322,84,-0.00014715678116772324
26,55,322,17,-0.000885325949639082
26,56,322,11,-0.0001243949227500707
26,57,322,72,5.3997267968952656e-05
26,58,322,73,4.1162638808600605e-05
26,59,322,74,-4.1117305954685435e-05
26,60,322,184,-0.0001437513856217265
26,61,322,77,5.503170541487634e-05
26,62,322,90,-0.0004981885431334376
26,63,322,180,8.051232725847512e-06
26,64,322,85,-0.0003050072700716555
26,65,322,16,-0.0003826006141025573
26,66,322,12,-0.00045252477866597474
26,67,322,38,0.00012604155926965177
26,68,322,41,-0.00011844147957162932
26,69,322,42,0.0003466202470008284
26,70,322,96,-0.00016450903785880655
26,71,322,89,-2.7006461095879786e-05
26,72,322,179,-0.00014478585217148066
26,73,322,86,-2.5016433937707916e-05
26,74,322,15,-0.0007571402238681912
26,75,322,13,-1.3747589946433436e-05
26,76,322,82,-5.466189031722024e-05
26,77,322,81,-0.00013470543490257114
26,78,322,80,-0.0004130772140342742
26,79,322,191,-3.100751928286627e-05
26,80,322,78,6.4779155763972085e-06
26,81,322,95,-6.622111686738208e-05
26,82,322,88,-0.00012632718426175416
26,83,322,178,-5.395285188569687e-05
26,84,322,87,-0.00012915077968500555
26,85,322,14,-0.0003998147731181234
26,86,322,267,-0.0002342957304790616
26,87,322,269,-7.89804762462154e-05
26,88,322,270,-9.256679913960397e-05
26,89,322,409,-0.00017543912690598518
26,90,322,291,0.0001551176537759602
26,91,322,375,-0.0004244790179654956
26,92,322,321,-0.00047880984493531287
26,93,322,405,-0.00026136363158002496
26,94,322,314,-0.00035543678677640855
26,95,322,302,-0.0001876868336694315
26,96,322,303,-0.00019296670507173985
26,97,322,304,-7.429925608448684e-05
26,98,322,408,-0.0005792046431452036
26,99,322,307,-0.0004899202613160014
26,100,322,320,-0.0002181669551646337
26,101,322,404,-0.0004122336395084858
26,102,322,315,-0.0004435334703885019
26,103,322,268,-3.1656403734814376e-05
26,104,322,271,-7.985700358403847e-05
26,105,322,272,-6.357576057780534e-05
26,106,322,325,-0.0006125537911430001
26,107,322,319,-2.125260652974248e-05
26,108,322,403,-0.0006567161763086915
26,109,322,316,-0.00011185173207195476
26,110,322,312,0.00014184453175403178
26,111,322,311,-0.00022458675084635615
26,112,322,310,0.00015165666991379112
26,113,322,415,-7.42072006687522e-05
26,114,322,308,-0.00027443389990366995
26,115,322,324,-0.0005237124860286713
26,116,322,318,-0.00027755473274737597
26,117,322,402,-0.000756290159188211
26,118,322,317,-9.306227730121464e-05
27,28,410,287,-7.178092801041203e-06
27,29,410,273,-8.653080294607207e-05
27,30,410,335,-0.0010142187820747495
27,31,410,406,-0.0010277554392814636
27,32,410,313,-7.739002467133105e-05
27,33,410,421,-0.00010686229506973177
27,34,410,418,0.05340038239955902
27,35,410,424,-0.00032434429158456624
27,36,410,422,-0.017504047602415085
27,37,410,432,-7.782533793943003e-05
27,38,410,436,4.40860640082974e-06
27,39,410,426,9.319200034951791e-05
27,40,410,423,-8.360804349649698e-05
27,41,410,427,6.198986375238746e-05
27,42,410,425,0.0001925993710756302
27,43,410,327,0.0001896332687465474
27,44,410,326,-4.859716500504874e-05
27,45,410,0,0.0001611095358384773
27,46,410,37,5.190760930418037e-05
27,47,410,39,-5.832644455949776e-05
27,48,410,40,-0.00014143188309390098
27,49,410,185,0.0002890514151658863
27,50,410,61,0.0001535227638669312
27,51,410,146,-0.00016154517652466893
27,52,410,91,-2.667093212949112e-05
27,53,410,181,-0.00015422272554133087
27,54,410,84,-0.00020773790311068296
27,55,410,17,0.00016886823868844658
27,56,410,11,7.460898245881253e-07
27,57,410,72,-1.878591865533963e-05
27,58,410,73,-5.620918454951607e-05
27,59,410,74,-1.3653390851686709e-05
27,60,410,184,-2.963487168017309e-05
27,61,410,77,-5.6096319895004854e-05
27,62,410,90,-1.5300149243557826e-05
27,63,410,180,-0.0001725958863971755
27,64,410,85,-0.00021139807358849794
27,65,410,16,-0.00019242965208832175
27,66,410,12,0.00015236828767228872
27,67,410,38,-4.287103365641087e-05
27,68,410,41,-4.555379200610332e-05
27,69,410,42,-3.1463954655919224e-05
27,70,410,96,-9.904317266773432e-06
27,71,410,89,-0.0001028827900881879
27,72,410,179,1.1205317605345044e-05
27,73,410,86,-0.00015084863116499037
27,74,410,15,4.388577144709416e-05
27,75,410,13,3.245764673920348e-05
27,76,410,82,0.0002542964357417077
27,77,410,81,-5.9451158449519426e-05
27,78,410,80,-0.00010594854393275455
27,79,410,191,-1.4542678400175646e-05
27,80,410,78,-9.5274270279333e-05
27,81,410,95,7.778975850669667e-05
27,82,410,88,-4.917526530334726e-05
27,83,410,178,0.00011186703341081738
27,84,410,87,1.6155538105522282e-05
27,85,410,14,8.858259388944134e-05
27,86,410,267,-7.643114076927304e-05
27,87,410,269,5.0726524932542816e-05
27,88,410,270,-0.00017523848509881645
27,89,410,409,1.6554983517380606e-07
27,90,410,291,0.0006619457853958011
27,91,410,375,-9.619411139283329e-05
27,92,410,321,-2.805995063681621e-05
27,93,410,405,-0.00013162130198907107
27,94,410,314,-4.264049857738428e-05
27,95,410,302,-9.52421614783816e-05
27,96,410,303,-0.00010638423555064946
27,97,410,304,4.437275492819026e-06
27,98,410,408,-0.00018280673248227686
27,99,410,307,-7.846342487027869e-05
27,100,410,320,-0.00037368785706348717
27,101,410,404,-0.00038869809941388667
27,102,410,315,-0.0008069328032433987
27,103,410,268,2.747857797658071e-05
27,104,410,271,-4.470373096410185e-05
27,105,410,272,-0.00019391525711398572
27,106,410,325,0.0004592268669512123
27,107,410,319,-0.00035894516622647643
27,108,410,403,-0.00018180224287789315
27,109,410,316,-0.0004876461753156036
27,110,410,312,8.149781024258118e-06
27,111,410,311,3.248293432989158e-05
27,112,410,310,-1.3580822269432247e-05
27,113,410,415,-8.182374585885555e-05
27,114,410,308,-0.00013339422002900392
27,115,410,324,4.698124757851474e-05
27,116,410,318,7.114380196071579e-07
27,117,410,402,-0.0006800667615607381
27,118,410,317,-2.5967521651182324e-05
28,29,287,273,-7.056149479467422e-05
28,30,287,335,0.00011522745626280084
28,31,287,406,-0.0005548286717385054
28,32,287,313,-6.766179285477847e-05
28,33,287,421,-3.042664502572734e-05
28,34,287,418,-0.00040882156463339925
28,35,287,424,-0.0008058008970692754
28,36,287,422,4.1302675526821986e-05
28,37,287,432,-6.363118882291019e-05
28,38,287,436,-0.00023380502534564584
28,39,287,426,0.00011275498400209472
28,40,287,423,0.00028798729181289673
28,41,287,427,0.00029321390320546925
28,42,287,425,0.0004893889417871833
28,43,287,327,0.00013361051969695836
28,44,287,326,5.2692892495542765e-05
28,45,287,0,9.1109614004381e-05
28,46,287,37,2.43694430537289e-05
28,47,287,39,8.4442384832073e-05
28,48,287,40,-4.5012860937276855e-05
28,49,287,185,-7.955620822031051e-05
28,50,287,61,3.690367520903237e-05
28,51,287,146,9.579595644026995e-05
28,52,287,91,-9.812522330321372e-05
28,53,287,181,-0.00043242122046649456
28,54,287,84,-0.0005009234300814569
28,55,287,17,-0.00024563472834415734
28,56,287,11,3.714275226229802e-05
28,57,287,72,6.945640780031681e-05
28,58,287,73,-0.00011419598740758374
28,59,287,74,2.2024914869689383e-05
28,60,287,184,-0.0002757418842520565
28,61,287,77,-2.6714767955127172e-05
28,62,287,90,-3.175176607328467e-05
28,63,287,180,-6.995421426836401e-05
28,64,287,85,-0.00036893910146318376
28,65,287,16,2.500869049981702e-05
28,66,287,12,-2.2082345196849928e-07
28,67,287,38,-2.3988317479961552e-05
28,68,287,41,-0.00012552358384709805
28,69,287,42,5.843063991051167e-05
28,70,287,96,5.198700455366634e-05
28,71,287,89,-0.0001914521271828562
28,72,287,179,-8.096556848613545e-05
28,73,287,86,-0.00021197534806560725
28,74,287,15,-0.000598207931034267
28,75,287,13,0.00017585293971933424
28,76,287,82,9.632592991692945e-05
28,77,287,81,-0.00012605110532604158
28,78,287,80,3.582838689908385e-05
28,79,287,191,-0.0001784980995580554
28,80,287,78,1.1130928214697633e-05
28,81,287,95,-0.0001321485615335405
28,82,287,88,7.279881538124755e-05
28,83,287,178,-5.94636621826794e-05
28,84,287,87,-0.0003693888138514012
28,85,287,14,-2.8598253265954554e-05
28,86,287,267,-0.0001342251489404589
28,87,287,269,-0.0002617784484755248
28,88,287,270,-0.0003023103636223823
28,89,287,409,-8.78829596331343e-05
28,90,287,291,0.00030465656891465187
28,91,287,375,-0.00013904526713304222
28,92,287,321,-0.0004613296769093722
28,93,287,405,-2.7070163923781365e-05
28,94,287,314,-0.0006969997775740921
28,95,287,302,2.3390111891785637e-05
28,96,287,303,2.0397166736074723e-05
28,97,287,304,-0.0003941240720450878
28,98,287,408,3.548662061803043e-05
28,99,287,307,-0.0002798073983285576
28,100,287,320,-0.0001329713559243828
28,101,287,404,-0.00023160642012953758
28,102,287,315,1.1542808351805434e-05
28,103,287,268,-3.83305196010042e-05
28,104,287,271,-0.0002510911144781858
28,105,287,272,-0.000319983228109777
28,106,287,325,-6.353094067890197e-05
28,107,287,319,-0.00021258380729705095
28,108,287,403,-0.00011213198013138026
28,109,287,316,-1.4969413314247504e-05
28,110,287,312,-9.313347982242703e-05
28,111,287,311,-1.8312930478714406e-05
28,112,287,310,-3.3696098398650065e-05
28,113,287,415,-0.0002449590538162738
28,114,287,308,-4.607884329743683e-05
28,115,287,324,-0.00024822645355015993
28,116,287,318,-0.0004445893282536417
28,117,287,402,-0.0003703436814248562
28,118,287,317,-0.0002132989466190338
29,30,273,335,-8.134308882290497e-05
29,31,273,406,-0.0003734812780749053
29,32,273,313,-0.000173731183167547
29,33,273,421,0.00013836199650540948
29,34,273,418,-2.341011531825643e-05
29,35,273,424,-0.0003577489696908742
29,36,273,422,-0.0002906194713432342
29,37,273,432,-1.3666397535416763e-05
29,38,273,436,2.354643766011577e-05
29,39,273,426,-0.0002916928206104785
29,40,273,423,0.0003727476578205824
29,41,273,427,-0.00031424168264493346
29,42,273,425,6.585195660591125e-05
29,43,273,327,4.885850285063498e-05
29,44,273,326,-6.439130083890632e-05
29,45,273,0,0.00012361837434582412
29,46,273,37,4.7970966988941655e-05
29,47,273,39,8.036142389755696e-05
29,48,273,40,-5.7173518143827096e-05
29,49,273,185,-0.00010929584095720202
29,50,273,61,-2.973838127218187e-05
29,51,273,146,-4.730708496936131e-06
29,52,273,91,-9.63324710028246e-05
29,53,273,181,-7.095454748196062e-06
29,54,273,84,-3.954135172534734e-05
29,55,273,17,1.5410272681037895e-05
29,56,273,11,-2.2213327611098066e-05
29,57,273,72,-0.00016025967488531023
29,58,273,73,-6.062982720322907e-05
29,59,273,74,-2.6782458007801324e-05
29,60,273,184,0.00015975491260178387
29,61,273,77,5.70354241062887e-05
29,62,273,90,-5.4556145187234506e-05
29,63,273,180,-8.566384349251166e-05
29,64,273,85,-0.00010024177754530683
29,65,273,16,-0.00015177554450929165
29,66,273,12,-1.8640970665728673e-05
29,67,273,38,0.00010508872946957126
29,68,273,41,-2.2105763491708785e-05
29,69,273,42,-6.125255458755419e-05
29,70,273,96,1.7747655874700285e-05
29,71,273,89,4.34354406024795e-05
29,72,273,179,-0.00020025433332193643
29,73,273,86,-0.00010320714500267059
29,74,273,15,-0.00022898218594491482
29,75,273,13,3.902682874468155e-05
29,76,273,82,-0.00012684708053711802
29,77,273,81,-0.0001858190371422097
29,78,273,80,6.171958375489339e-05
29,79,273,191,2.745351957855746e-05
29,80,273,78,-4.248686309438199e-05
29,81,273,95,5.529437112272717e-05
29,82,273,88,9.374666660733055e-06
29,83,273,178,8.783002704149112e-05
29,84,273,87,-0.00020666250202339143
29,85,273,14,7.042961806291714e-05
29,86,273,267,0.00015253898163791746
29,87,273,269,0.0001587066799402237
29,88,273,270,-0.00023801009228918701
29,89,273,409,0.0008980078855529428
29,90,273,291,-0.00811108946800232
29,91,273,375,-0.00010796776041388512
29,92,273,321,-0.00032127631129696965
29,93,273,405,3.0222494387999177e-05
29,94,273,314,-0.00040630873991176486
29,95,273,302,4.084007377969101e-05
29,96,273,303,9.886757470667362e-05
29,97,273,304,-0.006602949928492308
29,98,273,408,-2.4176613806048408e-05
29,99,273,307,2.9846789402654395e-05
29,100,273,320,-0.00043504525092430413
29,101,273,404,-0.00023705734929535538
29,102,273,315,-1.9527131371432915e-05
29,103,273,268,-0.00010989491420332342
29,104,273,271,5.051960397395305e-05
29,105,273,272,0.00017396421753801405
29,106,273,325,-4.5123189920559525e-05
29,107,273,319,-3.423756788833998e-05
29,108,273,403,-0.0002770514111034572
29,109,273,316,0.00028471092809922993
29,110,273,312,7.413786806864664e-05
29,111,273,311,0.00016099351341836154
29,112,273,310,-2.833275902958121e-05
29,113,273,415,5.938193135079928e-05
29,114,273,308,7.424881187034771e-05
29,115,273,324,-0.00011850495502585545
29,116,273,318,-7.809980888850987e-05
29,117,273,402,-0.0004649545007850975
29,118,273,317,5.842422979185358e-05
30,31,335,406,-7.652642125322018e-06
30,32,335,313,0.00015187270764727145
30,33,335,421,0.00017252286488655955
30,34,335,418,0.0002987433399539441
30,35,335,424,-0.00028762302827090025
30,36,335,422,0.00016349018551409245
30,37,335,432,-5.5676839110674337e-05
30,38,335,436,6.315940845524892e-05
30,39,335,426,0.009727152064442635
30,40,335,423,-0.02628500573337078
30,41,335,427,0.02280217409133911
30,42,335,425,-0.0006041958113200963
30,43,335,327,-0.0014044197741895914
30,44,335,326,-0.017360340803861618
30,45,335,0,-0.017008356750011444
30,46,335,37,-1.5418976545333862e-05
30,47,335,39,7.977800123626366e-05
30,48,335,40,6.697565549984574e-05
30,49,335,185,-6.106733508204343e-06
30,50,335,61,-0.00013737443077843636
30,51,335,146,-0.000251941877650097
30,52,335,91,-0.00020639262220356613
30,53,335,181,3.3490287023596466e-06
30,54,335,84,0.0001044117525452748
30,55,335,17,-0.0007642685668542981
30,56,335,11,-0.019595718011260033
30,57,335,72,-5.141289148014039e-05
30,58,335,73,3.332188498461619e-05
30,59,335,74,-3.881846714648418e-05
30,60,335,184,2.5330255084554665e-05
30,61,335,77,-2.6406692995806225e-05
30,62,335,90,2.1861220375285484e-05
30,63,335,180,-0.00012909769429825246
30,64,335,85,-9.522750042378902e-05
30,65,335,16,1.6318204870913178e-05
30,66,335,12,-0.023121442645788193
30,67,335,38,-0.02165614254772663
30,68,335,41,3.1539319024886936e-05
30,69,335,42,5.333754961611703e-05
30,70,335,96,8.847077697282657e-05
30,71,335,89,-0.00017760635819286108
30,72,335,179,8.554630767321214e-05
30,73,335,86,-0.025056324899196625
30,74,335,15,8.098530815914273e-05
30,75,335,13,-0.009863285347819328
30,76,335,82,-0.0027972834650427103
30,77,335,81,-0.00012305399286560714
30,78,335,80,-2.3654107280890457e-05
30,79,335,191,1.2721905477519613e-05
30,80,335,78,-6.8758636189159e-05
30,81,335,95,2.852613033610396e-05
30,82,335,88,-6.694878538837656e-05
30,83,335,178,-0.004165184684097767
30,84,335,87,-0.003953262232244015
30,85,335,14,3.3316038752673194e-05
30,86,335,267,-0.0031095119193196297
30,87,335,269,-0.045186810195446014
30,88,335,270,-0.036155376583337784
30,89,335,409,-8.094297663774341e-05
30,90,335,291,0.039453841745853424
30,91,335,375,0.00023899840016383678
30,92,335,321,-0.00027365045389160514
30,93,335,405,-0.00037531775888055563
30,94,335,314,-0.0003169627452734858
30,95,335,302,-0.0003193706215824932
30,96,335,303,-0.036216191947460175
30,97,335,304,-0.02316049486398697
30,98,335,408,-5.131572834216058e-06
30,99,335,307,-0.0001483115484006703
30,100,335,320,-0.00018912291852757335
30,101,335,404,-0.0003980324836447835
30,102,335,315,4.9459064030088484e-05
30,103,335,268,8.284569776151329e-05
30,104,335,271,-0.020266631618142128
30,105,335,272,-0.017345283180475235
30,106,335,325,-0.00018578392337076366
30,107,335,319,-0.0002595202240627259
30,108,335,403,9.726841381052509e-05
30,109,335,316,9.87018647720106e-05
30,110,335,312,-3.593483052100055e-05
30,111,335,311,0.00017197243869304657
30,112,335,310,-0.012371353805065155
30,113,335,415,-0.01985199563205242
30,114,335,308,0.00017045572167262435
30,115,335,324,0.00010729217319749296
30,116,335,318,-0.00019764450553338975
30,117,335,402,-0.00017642985039856285
30,118,335,317,9.880683501251042e-05
31,32,406,313,7.846212247386575e-05
31,33,406,421,-0.00017649721121415496
31,34,406,418,-0.00018517235002946109
31,35,406,424,2.3293623598874547e-05
31,36,406,422,-0.00023957979283295572
31,37,406,432,-0.000584361026994884
31,38,406,436,-0.0006112893461249769
31,39,406,426,0.03637272119522095
31,40,406,423,0.015189032070338726
31,41,406,427,0.03568306192755699
31,42,406,425,0.02854783646762371
31,43,406,327,-0.06160242110490799
31,44,406,326,-0.041429419070482254
31,45,406,0,-0.03040206991136074
31,46,406,37,7.91202619438991e-05
31,47,406,39,2.9003444069530815e-05
31,48,406,40,2.6475459890207276e-05
31,49,406,185,-1.6454790966236033e-05
31,50,406,61,3.9430091419490054e-05
31,51,406,146,8.219032315537333e-05
31,52,406,91,0.00014053515042178333
31,53,406,181,-0.010960623621940613
31,54,406,84,-0.008744056336581707
31,55,406,17,0.00012228661216795444
31,56,406,11,-0.03975610435009003
31,57,406,72,-3.1628573196940124e-05
31,58,406,73,5.5608979891985655e-05
31,59,406,74,1.6602939467702527e-06
31,60,406,184,-0.00021174630091991276
31,61,406,77,-4.3939362512901425e-05
31,62,406,90,-9.330023021902889e-05
31,63,406,180,5.5359236284857616e-05
31,64,406,85,-0.00807779747992754
31,65,406,16,-0.0003251376620028168
31,66,406,12,-0.04152444377541542
31,67,406,38,-0.00010436162119731307
31,68,406,41,5.164619142306037e-05
31,69,406,42,-0.00012121181498514488
31,70,406,96,2.3511694962508045e-05
31,71,406,89,7.30080864741467e-05
31,72,406,179,-0.00024996435968205333
31,73,406,86,0.0003146188100799918
31,74,406,15,3.079583257203922e-05
31,75,406,13,-0.037137921899557114
31,76,406,82,-7.557182107120752e-05
31,77,406,81,-0.00015482117305509746
31,78,406,80,0.000204468538868241
31,79,406,191,-0.00031051886617206037
31,80,406,78,2.6734438506537117e-05
31,81,406,95,-0.00011787856055889279
31,82,406,88,-0.0001043022348312661
31,83,406,178,1.1128404366900213e-05
31,84,406,87,-0.04405050724744797
31,85,406,14,1.7458354705013335e-05
31,86,406,267,-0.03893951326608658
31,87,406,269,-0.027385257184505463
31,88,406,270,0.03901815786957741
31,89,406,409,0.05113939568400383
31,90,406,291,0.06101754307746887
31,91,406,375,0.04139690846204758
31,92,406,321,0.00023213433451019228
31,93,406,405,-0.00019883527420461178
31,94,406,314,-0.000226349919103086
31,95,406,302,-0.03719174489378929
31,96,406,303,-0.043633535504341125
31,97,406,304,0.0058406624011695385
31,98,406,408,0.05602440983057022
31,99,406,307,0.04171358048915863
31,100,406,320,-4.243668809067458e-05
31,101,406,404,-0.00030025921296328306
31,102,406,315,-0.00031250459142029285
31,103,406,268,-6.704845873173326e-05
31,104,406,271,-0.0020502153784036636
31,105,406,272,3.818699769908562e-05
31,106,406,325,-1.8545149941928685e-05
31,107,406,319,-5.357220288715325e-05
31,108,406,403,-0.00037231313763186336
31,109,406,316,-0.00010982189996866509
31,110,406,312,7.404851930914447e-05
31,111,406,311,0.0006162707577459514
31,112,406,310,-0.005834309849888086
31,113,406,415,-0.0002026985603151843
31,114,406,308,0.058869220316410065
31,115,406,324,-0.00018684151291381568
31,116,406,318,3.08127018797677e-05
31,117,406,402,4.739372889162041e-05
31,118,406,317,8.428080764133483e-05
32,33,313,421,-0.00015693414025008678
32,34,313,418,-0.0005917097441852093
32,35,313,424,-7.58939131628722e-05
32,36,313,422,-5.80788982915692e-05
32,37,313,432,-0.0002659863675944507
32,38,313,436,-0.0006317211082205176
32,39,313,426,-0.0001413342688465491
32,40,313,423,-0.00020188048074487597
32,41,313,427,0.010132350958883762
32,42,313,425,-4.174850619165227e-05
32,43,313,327,-0.0005788911366835237
32,44,313,326,-0.02792862057685852
32,45,313,0,-0.00814944040030241
32,46,313,37,0.0003088093362748623
32,47,313,39,0.00012687598064076155
32,48,313,40,-0.00029683628235943615
32,49,313,185,0.00027126289205625653
32,50,313,61,0.00010756692790891975
32,51,313,146,-9.440169378649443e-05
32,52,313,91,3.218883284716867e-05
32,53,313,181,5.189086004975252e-05
32,54,313,84,0.00010816023859661072
32,55,313,17,-0.00023939363018143922
32,56,313,11,-0.005728596821427345
32,57,313,72,0.0004702162987086922
32,58,313,73,0.00012198357580928132
32,59,313,74,0.00013574343756772578
32,60,313,184,5.84999088459881e-06
32,61,313,77,4.419377364683896e-05
32,62,313,90,-3.865061444230378e-05
32,63,313,180,-4.178919698460959e-05
32,64,313,85,8.965880260802805e-05
32,65,313,16,0.0001869662810349837
32,66,313,12,-0.017784584313631058
32,67,313,38,0.00018086824275087565
32,68,313,41,8.846400305628777e-05
32,69,313,42,-4.7954890760593116e-05
32,70,313,96,9.171821147901937e-05
32,71,313,89,1.599944880581461e-05
32,72,313,179,0.00010714632662711665
32,73,313,86,-0.03331073001027107
32,74,313,15,2.0260700694052503e-05
32,75,313,13,-0.015760431066155434
32,76,313,82,-4.000401895609684e-05
32,77,313,81,-3.369407568243332e-05
32,78,313,80,-7.39107999834232e-05
32,79,313,191,1.9018261809833348e-05
32,80,313,78,1.6660218534525484e-05
32,81,313,95,-3.553558053681627e-05
32,82,313,88,-8.846200216794387e-05
32,83,313,178,5.388446516008116e-05
32,84,313,87,-0.0015448392368853092
32,85,313,14,1.3161758033675142e-05
32,86,313,267,-0.017880059778690338
32,87,313,269,0.016420044004917145
32,88,313,270,0.04069886729121208
32,89,313,409,0.04051312804222107
32,90,313,291,0.052412208169698715
32,91,313,375,0.00010978130740113556
32,92,313,321,-3.658057903521694e-05
32,93,313,405,0.000520841043908149
32,94,313,314,-0.0003482938336674124
32,95,313,302,-0.0075673870742321014
32,96,313,303,0.019811883568763733
32,97,313,304,-0.0006421985453926027
32,98,313,408,0.04369824379682541
32,99,313,307,0.00018342123075854033
32,100,313,320,0.0005389077705331147
32,101,313,404,0.0004625053843483329
32,102,313,315,-0.00014656719577033073
32,103,313,268,-0.005834142677485943
32,104,313,271,-0.00021946721244603395
32,105,313,272,-9.912895620800555e-05
32,106,313,325,4.3054275010945275e-05
32,107,313,319,0.00014709911192767322
32,108,313,403,0.00022241630358621478
32,109,313,316,-0.0005307848332449794
32,110,313,312,0.0011706689838320017
32,111,313,311,7.311077933991328e-05
32,112,313,310,-0.00047027599066495895
32,113,313,415,2.9811948479618877e-05
32,114,313,308,0.025799093768000603
32,115,313,324,-0.0001285672769881785
32,116,313,318,9.269972360925749e-05
32,117,313,402,0.00012084583431715146
32,118,313,317,2.8066642698831856e-06
33,34,421,418,8.736335439607501e-05
33,35,421,424,-0.00013863129424862564
33,36,421,422,-2.2520978745887987e-05
33,37,421,432,-0.0002838488726411015
33,38,421,436,-0.0003853952221106738
33,39,421,426,1.241654172190465e-05
33,40,421,423,-9.525214409222826e-05
33,41,421,427,3.2599396945443004e-05
33,42,421,425,0.00020802921790163964
33,43,421,327,-0.00024963810574263334
33,44,421,326,-0.01916109025478363
33,45,421,0,0.00018231278227176517
33,46,421,37,0.00011201308370800689
33,47,421,39,-0.00021883845329284668
33,48,421,40,8.458243974018842e-05
33,49,421,185,2.6242352760164067e-05
33,50,421,61,-2.6180212444160134e-05
33,51,421,146,-5.351989238988608e-05
33,52,421,91,5.9631402109516785e-05
33,53,421,181,9.697485802462325e-05
33,54,421,84,-0.0009286403656005859
33,55,421,17,-0.0008750364650040865
33,56,421,11,3.065728014917113e-05
33,57,421,72,-1.8600379917188548e-05
33,58,421,73,-3.1615712941857055e-05
33,59,421,74,0.00010218730312772095
33,60,421,184,-0.00015508491196669638
33,61,421,77,6.090847818995826e-05
33,62,421,90,-5.531477290787734e-05
33,63,421,180,-0.00027464385493658483
33,64,421,85,-0.013647952117025852
33,65,421,16,-0.00032546298461966217
33,66,421,12,4.3437390559120104e-05
33,67,421,38,0.00015258326311595738
33,68,421,41,1.3389645573624875e-05
33,69,421,42,-8.510476618539542e-06
33,70,421,96,7.918968913145363e-05
33,71,421,89,8.581022848375142e-05
33,72,421,179,-0.00015264880494214594
33,73,421,86,-0.00018566750804893672
33,74,421,15,-0.0007440595654770732
33,75,421,13,-1.5313460608012974e-05
33,76,421,82,0.00012160414189565927
33,77,421,81,9.50890353124123e-06
33,78,421,80,-0.00011540950072230771
33,79,421,191,9.651541040511802e-05
33,80,421,78,5.884604252059944e-05
33,81,421,95,3.3088173950091004e-05
33,82,421,88,5.9115238400409e-05
33,83,421,178,0.00027366835274733603
33,84,421,87,-0.0005857389769516885
33,85,421,14,-0.00035281607415527105
33,86,421,267,-2.5864523195195943e-05
33,87,421,269,-3.5432000004220754e-05
33,88,421,270,0.010789653286337852
33,89,421,409,0.03627058491110802
33,90,421,291,0.0341511107981205
33,91,421,375,0.000453307235147804
33,92,421,321,0.00026899721706286073
33,93,421,405,0.00036744080716744065
33,94,421,314,-0.00028840103186666965
33,95,421,302,-0.00013791337551083416
33,96,421,303,6.138518074294552e-05
33,97,421,304,-0.00010116118210135028
33,98,421,408,0.02929677814245224
33,99,421,307,0.0003333451459184289
33,100,421,320,-2.7676485842675902e-05
33,101,421,404,0.00021052673400845379
33,102,421,315,-0.00037838862044736743
33,103,421,268,8.580619032727554e-05
33,104,421,271,-6.913024844834581e-05
33,105,421,272,0.00026491424068808556
33,106,421,325,-8.88257272890769e-05
33,107,421,319,-7.724264833086636e-06
33,108,421,403,0.0001812197151593864
33,109,421,316,-0.0003844184393528849
33,110,421,312,0.0003773567150346935
33,111,421,311,-0.0002600513107609004
33,112,421,310,8.096227975329384e-05
33,113,421,415,0.00011641321907518432
33,114,421,308,0.0003677598724607378
33,115,421,324,0.00011259827442700043
33,116,421,318,1.3002423656871542e-05
33,117,421,402,4.858460306422785e-05
33,118,421,317,-0.00039433283382095397
34,35,418,424,-0.00011198871652595699
34,36,418,422,-0.00020466101705096662
34,37,418,432,-0.00037972518475726247
34,38,418,436,0.034238141030073166
34,39,418,426,0.039803024381399155
34,40,418,423,-0.0002766410761978477
34,41,418,427,0.027306094765663147
34,42,418,425,0.007321472279727459
34,43,418,327,-0.0449204184114933
34,44,418,326,-0.017250480130314827
34,45,418,0,-0.04626260697841644
34,46,418,37,-0.041225165128707886
34,47,418,39,-3.09509523503948e-05
34,48,418,40,-0.00011189754877705127
34,49,418,185,8.413282193941996e-05
34,50,418,61,-8.89715192897711e-06
34,51,418,146,-3.944259151467122e-05
34,52,418,91,-4.494746099226177e-05
34,53,418,181,-0.052199434489011765
34,54,418,84,-0.059584181755781174
34,55,418,17,-0.009010273031890392
34,56,418,11,-0.050599124282598495
34,57,418,72,-0.04606223851442337
34,58,418,73,5.483743007062003e-05
34,59,418,74,6.638342892983928e-05
34,60,418,184,4.1211686038877815e-05
34,61,418,77,6.94052068865858e-05
34,62,418,90,-7.348502549575642e-05
34,63,418,180,-0.0459924191236496
34,64,418,85,-0.05660473182797432
34,65,418,16,0.00011245140194660053
34,66,418,12,-0.045727603137493134
34,67,418,38,-0.04759297892451286
34,68,418,41,-0.042406849563121796
34,69,418,42,-1.2496416275098454e-05
34,70,418,96,8.458577940473333e-05
34,71,418,89,2.9738375815213658e-05
34,72,418,179,-0.03357673063874245
34,73,418,86,-0.03825870156288147
34,74,418,15,9.96750623016851e-06
34,75,418,13,-0.05074065551161766
34,76,418,82,-0.045092057436704636
34,77,418,81,-0.051383618265390396
34,78,418,80,0.00020151404896751046
34,79,418,191,-4.120751327718608e-05
34,80,418,78,-0.0001239372359123081
34,81,418,95,2.6885394618147984e-05
34,82,418,88,-6.914437108207494e-05
34,83,418,178,-0.022623185068368912
34,84,418,87,-0.034494321793317795
34,85,418,14,-0.00014169656787998974
34,86,418,267,-0.046835511922836304
34,87,418,269,-0.04560765251517296
34,88,418,270,0.0004250346391927451
34,89,418,409,0.0544714629650116
34,90,418,291,0.035007648169994354
34,91,418,375,0.043930575251579285
34,92,418,321,2.4184773792512715e-05
34,93,418,405,-6.518076406791806e-05
34,94,418,314,-0.0002298053150298074
34,95,418,302,-0.046144042164087296
34,96,418,303,-0.04676401987671852
34,97,418,304,1.2769302884407807e-05
34,98,418,408,0.06469767540693283
34,99,418,307,0.027314072474837303
34,100,418,320,-0.00022034719586372375
34,101,418,404,-0.00013531383592635393
34,102,418,315,-0.0004730804357677698
34,103,418,268,-0.03765777498483658
34,104,418,271,-0.04859708622097969
34,105,418,272,-0.02122674696147442
34,106,418,325,-0.0002874582714866847
34,107,418,319,-0.00021457819093484432
34,108,418,403,-0.00031112314900383353
34,109,418,316,-9.007773769553751e-05
34,110,418,312,-0.03501112759113312
34,111,418,311,-2.760792813205626e-05
34,112,418,310,-0.03399662300944328
34,113,418,415,-0.00032576752710156143
34,114,418,308,0.041404545307159424
34,115,418,324,-0.00014253580593504012
34,116,418,318,-0.00017548220057506114
34,117,418,402,-0.000477256893645972
34,118,418,317,-0.0001192436320707202
35,36,424,422,-1.7520073015475646e-05
35,37,424,432,-0.0002786431577987969
35,38,424,436,0.04009435325860977
35,39,424,426,-0.00043500581523403525
35,40,424,423,-0.041079118847846985
35,41,424,427,0.035513486713171005
35,42,424,425,0.017016282305121422
35,43,424,327,-0.04019404947757721
35,44,424,326,-0.0030814954079687595
35,45,424,0,-0.043682921677827835
35,46,424,37,-0.03881106525659561
35,47,424,39,-0.00010456436575623229
35,48,424,40,-9.783439600141719e-05
35,49,424,185,0.00017225636111106724
35,50,424,61,4.920961873722263e-05
35,51,424,146,5.926619633100927e-05
35,52,424,91,-0.0005154797690920532
35,53,424,181,-0.049776591360569
35,54,424,84,-0.05377274751663208
35,55,424,17,9.309418965131044e-05
35,56,424,11,-0.04068145155906677
35,57,424,72,-0.038170408457517624
35,58,424,73,-7.70576880313456e-05
35,59,424,74,-1.4413805729418527e-05
35,60,424,184,-3.592684379327693e-06
35,61,424,77,0.00013737884000875056
35,62,424,90,0.00024106900673359632
35,63,424,180,-0.0410047322511673
35,64,424,85,-0.04782800003886223
35,65,424,16,-8.620734661235474e-06
35,66,424,12,-0.04249926656484604
35,67,424,38,-0.042157046496868134
35,68,424,41,-2.128290361724794e-05
35,69,424,42,-2.291322198288981e-05
35,70,424,96,4.2584237235132605e-05
35,71,424,89,-0.00043084603385068476
35,72,424,179,-0.030057111755013466
35,73,424,86,-0.03540131822228432
35,74,424,15,-0.00023299729218706489
35,75,424,13,-0.04629867523908615
35,76,424,82,-0.03655415028333664
35,77,424,81,-0.029252545908093452
35,78,424,80,-0.00017747840320225805
35,79,424,191,8.553580119041726e-05
35,80,424,78,2.7715916075976565e-05
35,81,424,95,3.824266241281293e-05
35,82,424,88,8.512604108545929e-05
35,83,424,178,-0.020537791773676872
35,84,424,87,-0.02909773588180542
35,85,424,14,-2.73176992777735e-05
35,86,424,267,-0.04441065341234207
35,87,424,269,-0.041528038680553436
35,88,424,270,-0.055157702416181564
35,89,424,409,-0.028365401551127434
35,90,424,291,0.00014277904119808227
35,91,424,375,-0.05453527346253395
35,92,424,321,-0.00016178084479179233
35,93,424,405,-9.408955520484596e-05
35,94,424,314,-1.4888940313539933e-05
35,95,424,302,-0.04384626820683479
35,96,424,303,-0.0469827726483345
35,97,424,304,-0.04108668118715286
35,98,424,408,-0.057613588869571686
35,99,424,307,-0.034078359603881836
35,100,424,320,-0.0003306508588138968
35,101,424,404,-0.00031047165975905955
35,102,424,315,5.3355465752247255e-06
35,103,424,268,-0.039542607963085175
35,104,424,271,-0.05003947392106056
35,105,424,272,-0.040110934525728226
35,106,424,325,-0.024353057146072388
35,107,424,319,-1.0116507837665267e-05
35,108,424,403,-0.0004185371508356184
35,109,424,316,2.865125861717388e-05
35,110,424,312,-0.0004234923399053514
35,111,424,311,-0.006560768000781536
35,112,424,310,-0.0001758409634931013
35,113,424,415,-0.036586981266736984
35,114,424,308,-0.06167437508702278
35,115,424,324,-0.0002951477363239974
35,116,424,318,-0.00014873612963128835
35,117,424,402,-0.0004349075607024133
35,118,424,317,-0.0003841063298750669
36,37,422,432,-0.00015295187768060714
36,38,422,436,-0.0003172842843923718
36,39,422,426,-0.00010276925604557618
36,40,422,423,1.5591189367114566e-05
36,41,422,427,0.011043654754757881
36,42,422,425,-9.712754399515688e-05
36,43,422,327,5.4228123190114275e-05
36,44,422,326,-7.472838478861377e-05
36,45,422,0,1.5513240214204416e-05
36,46,422,37,2.9623279260704294e-05
36,47,422,39,1.5552257536910474e-05
36,48,422,40,-6.9576885834976565e-06
36,49,422,185,7.50022882129997e-05
36,50,422,61,5.50549229956232e-05
36,51,422,146,6.760653923265636e-05
36,52,422,91,-0.00042369222501292825
36,53,422,181,-0.00045017150114290416
36,54,422,84,-0.012469255365431309
36,55,422,17,-0.00010407951776869595
36,56,422,11,4.3312724301358685e-05
36,57,422,72,-0.00014639738947153091
36,58,422,73,-2.7163716367795132e-05
36,59,422,74,-1.8036123947240412e-05
36,60,422,184,6.100334212533198e-05
36,61,422,77,1.3813787518301979e-06
36,62,422,90,2.0734238205477595e-05
36,63,422,180,-5.0392471166560426e-05
36,64,422,85,-0.02001267299056053
36,65,422,16,0.00048197610885836184
36,66,422,12,-6.19379643467255e-05
36,67,422,38,-0.0002823438844643533
36,68,422,41,9.679507638793439e-05
36,69,422,42,-2.1120791643625125e-05
36,70,422,96,5.8166871895082295e-05
36,71,422,89,-3.4530312404967844e-05
36,72,422,179,0.00012281541421543807
36,73,422,86,-0.00030572249670512974
36,74,422,15,0.00011859746155096218
36,75,422,13,-7.037753675831482e-05
36,76,422,82,0.0003840623830910772
36,77,422,81,0.00010770063090603799
36,78,422,80,3.606493191909976e-05
36,79,422,191,-1.8296663256478496e-05
36,80,422,78,4.420019104145467e-05
36,81,422,95,-4.1275830881204456e-05
36,82,422,88,-5.147277261130512e-05
36,83,422,178,0.00014488963643088937
36,84,422,87,-3.442726665525697e-05
36,85,422,14,-0.0005282986094243824
36,86,422,267,-0.0002148196508642286
36,87,422,269,-0.017811641097068787
36,88,422,270,-0.05451352894306183
36,89,422,409,-0.04792080074548721
36,90,422,291,-0.054207511246204376
36,91,422,375,-0.00022008198720868677
36,92,422,321,-0.00011925990111194551
36,93,422,405,-2.0410803699633107e-05
36,94,422,314,-0.00023234663240145892
36,95,422,302,-0.005130354315042496
36,96,422,303,-0.016968589276075363
36,97,422,304,-0.030170876532793045
36,98,422,408,-0.045031122863292694
36,99,422,307,-0.00022894410358276218
36,100,422,320,-0.0003228605492040515
36,101,422,404,-3.907599239028059e-05
36,102,422,315,-0.00022526385146193206
36,103,422,268,-0.0002485715667717159
36,104,422,271,-0.021796507760882378
36,105,422,272,-0.00829699169844389
36,106,422,325,-0.00013662474520970136
36,107,422,319,-0.00021964049665257335
36,108,422,403,-0.0006657115882262588
36,109,422,316,-0.0004751584492623806
36,110,422,312,-0.00012238572526257485
36,111,422,311,-0.00013975253386888653
36,112,422,310,-0.0003123595379292965
36,113,422,415,-0.00723782554268837
36,114,422,308,-0.020149214193224907
36,115,422,324,-0.00028664039564318955
36,116,422,318,-3.5282941098557785e-05
36,117,422,402,-0.00028194731567054987
36,118,422,317,-0.00035260512959212065
37,38,432,436,0.0002225622010882944
37,39,432,426,-1.2005427379335742e-05
37,40,432,423,0.00016959784261416644
37,41,432,427,6.42006125417538e-05
37,42,432,425,0.00033314761822111905
37,43,432,327,3.657693014247343e-05
37,44,432,326,1.081694108506781e-06
37,45,432,0,1.233437615155708e-06
37,46,432,37,5.436954324977705e-06
37,47,432,39,1.2439754755178e-05
37,48,432,40,-6.140313053037971e-05
37,49,432,185,-4.357446960057132e-05
37,50,432,61,-2.4117915017995983e-05
37,51,432,146,-0.0001181254192488268
37,52,432,91,-0.00014569585619028658
37,53,432,181,-8.711044938536361e-05
37,54,432,84,4.763442575494992e-06
37,55,432,17,-7.566545536974445e-05
37,56,432,11,8.003992843441665e-05
37,57,432,72,-4.524938412941992e-05
37,58,432,73,0.00011510150943649933
37,59,432,74,-0.00013561375089921057
37,60,432,184,0.00010520782961975783
37,61,432,77,-3.3645097573753446e-05
37,62,432,90,4.4950727897230536e-05
37,63,432,180,-0.00033014174550771713
37,64,432,85,-0.00011179654393345118
37,65,432,16,-0.0002759479684755206
37,66,432,12,4.315037949709222e-05
37,67,432,38,5.644739758281503e-06
37,68,432,41,2.6252972020301968e-05
37,69,432,42,-0.00018342533439863473
37,70,432,96,-0.00019354320829734206
37,71,432,89,-1.2316330867179204e-05
37,72,432,179,-8.88294744072482e-05
37,73,432,86,-1.2231947948748711e-05
37,74,432,15,-0.00035244954051449895
37,75,432,13,-1.6389165466534905e-05
37,76,432,82,7.710829231655225e-05
37,77,432,81,-7.30358951841481e-05
37,78,432,80,-0.00017694212147034705
37,79,432,191,-5.3168758313404396e-05
37,80,432,78,-0.00029039743822067976
37,81,432,95,-0.00026284370687790215
37,82,432,88,-0.0004689373599831015
37,83,432,178,-0.0001471444993512705
37,84,432,87,0.00011739933688659221
37,85,432,14,-0.00019317559781484306
37,86,432,267,1.6743511878303252e-05
37,87,432,269,-0.0007648548926226795
37,88,432,270,-0.00035997084341943264
37,89,432,409,-0.00021511290105991066
37,90,432,291,0.0002154228714061901
37,91,432,375,-5.854815390193835e-05
37,92,432,321,3.027210732398089e-05
37,93,432,405,-8.89176080818288e-05
37,94,432,314,-0.00013059571210760623
37,95,432,302,-0.00017590439529158175
37,96,432,303,-9.864226740319282e-05
37,97,432,304,-0.00023818179033696651
37,98,432,408,0.00024085617042146623
37,99,432,307,-0.00029564774013124406
37,100,432,320,-5.4815234761917964e-05
37,101,432,404,-0.0004881636123172939
37,102,432,315,-0.00047753131366334856
37,103,432,268,2.7096151825389825e-05
37,104,432,271,-0.00025342029402963817
37,105,432,272,-3.3140699088107795e-05
37,106,432,325,-0.0001833543210523203
37,107,432,319,-0.00020675371342804283
37,108,432,403,-0.000382803613319993
37,109,432,316,-0.00022304085723590106
37,110,432,312,-0.00014860731607768685
37,111,432,311,-6.878750718897209e-05
37,112,432,310,7.320037548197433e-05
37,113,432,415,-0.00016723239968996495
37,114,432,308,0.00020997656974941492
37,115,432,324,-0.000310741423163563
37,116,432,318,-0.0001279055286431685
37,117,432,402,-0.0003654512402135879
37,118,432,317,-0.0005132583901286125
38,39,436,426,6.897666753502563e-05
38,40,436,423,8.006491952983197e-06
38,41,436,427,2.6195750251645222e-05
38,42,436,425,0.0001220541016664356
38,43,436,327,-0.00026911732857115567
38,44,436,326,-0.00010701359860831872
38,45,436,0,-0.0001896603498607874
38,46,436,37,-9.217638580594212e-05
38,47,436,39,5.4655167332384735e-05
38,48,436,40,-1.848818465077784e-05
38,49,436,185,0.014043236151337624
38,50,436,61,0.02317250892519951
38,51,436,146,-3.997515523224138e-05
38,52,436,91,-0.00010443438804941252
38,53,436,181,-0.0001622914132894948
38,54,436,84,-0.0003033335960935801
38,55,436,17,-0.00032084534177556634
38,56,436,11,-1.767537287378218e-05
38,57,436,72,-0.00032258074497804046
38,58,436,73,1.245404109795345e-05
38,59,436,74,9.581626363797113e-05
38,60,436,184,-0.0003185461100656539
38,61,436,77,-1.5204554983938579e-05
38,62,436,90,-0.00010409138485556468
38,63,436,180,-0.000490726379211992
38,64,436,85,-0.00022251543123275042
38,65,436,16,8.222259930334985e-05
38,66,436,12,7.194215140771121e-05
38,67,436,38,-0.00028294583898968995
38,68,436,41,2.793912608467508e-05
38,69,436,42,-0.00013096508337184787
38,70,436,96,2.3077835066942498e-05
38,71,436,89,-0.000288619747152552
38,72,436,179,-0.00013195192150305957
38,73,436,86,3.512869807309471e-05
38,74,436,15,-0.000508277618791908
38,75,436,13,5.0278729759156704e-05
38,76,436,82,-2.7804228011518717e-05
38,77,436,81,-0.0003922349133063108
38,78,436,80,-0.00021757357171736658
38,79,436,191,-0.0002798943896777928
38,80,436,78,1.026922655000817e-05
38,81,436,95,-0.00013791413221042603
38,82,436,88,-0.00014684144116472453
38,83,436,178,-0.0003888601786457002
38,84,436,87,-0.000447542843176052
38,85,436,14,-0.0003198860795237124
38,86,436,267,-1.2303213225095533e-05
38,87,436,269,5.445011265692301e-05
38,88,436,270,-0.00026961707044392824
38,89,436,409,-0.00017930791364051402
38,90,436,291,-0.00038605520967394114
38,91,436,375,-8.077349048107862e-05
38,92,436,321,-3.084936906816438e-05
38,93,436,405,-0.00012703613901976496
38,94,436,314,-0.0006689581205137074
38,95,436,302,-0.0002396319614490494
38,96,436,303,-0.00024063595628831536
38,97,436,304,-0.00043900319724343717
38,98,436,408,-0.00012821143900509924
38,99,436,307,-0.000353214651113376
38,100,436,320,-0.0001222175924340263
38,101,436,404,-0.0003334277425892651
38,102,436,315,-0.000256475672358647
38,103,436,268,0.00014357810141518712
38,104,436,271,-0.00033208183594979346
38,105,436,272,-0.0001350791280856356
38,106,436,325,-0.00042223912896588445
38,107,436,319,-0.00013915389718022197
38,108,436,403,-0.0006779211107641459
38,109,436,316,-0.0003197065962012857
38,110,436,312,-0.0002620515297167003
38,111,436,311,-0.0001802687329472974
38,112,436,310,-8.64555113366805e-06
38,113,436,415,-0.00012960878666490316
38,114,436,308,-0.0003396114334464073
38,115,436,324,-3.391556310816668e-05
38,116,436,318,-0.0001741436281008646
38,117,436,402,-0.00030423191492445767
38,118,436,317,-0.00014194208779372275
39,40,426,423,1.0472849680809304e-05
39,41,426,427,-0.00019481353228911757
39,42,426,425,-3.158332037855871e-05
39,43,426,327,-0.00025739430566318333
39,44,426,326,-0.0002834963088389486
39,45,426,0,-0.0001934624888235703
39,46,426,37,-2.5332352379336953e-05
39,47,426,39,-0.00011718385212589055
39,48,426,40,3.2071027817437425e-05
39,49,426,185,-0.0001330780505668372
39,50,426,61,0.05132119357585907
39,51,426,146,-8.617922139819711e-05
39,52,426,91,-2.2437525331042707e-05
39,53,426,181,-0.00011546374298632145
39,54,426,84,-0.0002540823188610375
39,55,426,17,-0.0002659584570210427
39,56,426,11,-5.504219006979838e-05
39,57,426,72,-0.00038372603012248874
39,58,426,73,-8.872085163602605e-05
39,59,426,74,0.0001516590127721429
39,60,426,184,-2.1586367438430898e-05
39,61,426,77,4.9663860409054905e-05
39,62,426,90,-0.0002591773518361151
39,63,426,180,-8.637012069812045e-05
39,64,426,85,-8.623106259619817e-05
39,65,426,16,-0.00018539841403253376
39,66,426,12,3.084130730712786e-05
39,67,426,38,0.00012535335554275662
39,68,426,41,-0.00024158641463145614
39,69,426,42,-5.37741907464806e-05
39,70,426,96,-0.0001958303910214454
39,71,426,89,-0.0002856678038369864
39,72,426,179,4.7989255108404905e-05
39,73,426,86,-1.4847467355139088e-05
39,74,426,15,-0.0004398247692734003
39,75,426,13,0.0002257354062749073
39,76,426,82,6.840704736532643e-05
39,77,426,81,5.3810297686140984e-05
39,78,426,80,-4.068954240210587e-06
39,79,426,191,0.00021324929548427463
39,80,426,78,-0.00040137991891242564
39,81,426,95,-0.00025153206661343575
39,82,426,88,-0.00030513774254359305
39,83,426,178,-0.00024064052558969706
39,84,426,87,-4.714993337984197e-05
39,85,426,14,-0.0003380468988325447
39,86,426,267,-0.0001238085242221132
39,87,426,269,-0.0001125654234783724
39,88,426,270,-2.9937320505268872e-05
39,89,426,409,-0.00044913016608916223
39,90,426,291,-0.00031967481481842697
39,91,426,375,-0.0002528934564907104
39,92,426,321,-5.477954255184159e-05
39,93,426,405,-0.0003142392379231751
39,94,426,314,-4.4328880903776735e-05
39,95,426,302,-0.0005269380635581911
39,96,426,303,-3.6289231502451e-05
39,97,426,304,-0.00027796809445135295
39,98,426,408,-0.0004888907424174249
39,99,426,307,-0.00017232140817213804
39,100,426,320,-0.0002100341225741431
39,101,426,404,-0.0005845575942657888
39,102,426,315,-0.00012573550338856876
39,103,426,268,-0.00011651313252514228
39,104,426,271,-0.0003805277810897678
39,105,426,272,-8.561432332498953e-05
39,106,426,325,-0.00014783322694711387
39,107,426,319,-0.0002926291199401021
39,108,426,403,-0.0004561473324429244
39,109,426,316,-0.00019589069415815175
39,110,426,312,-0.00030876914388500154
39,111,426,311,-0.00039196849684230983
39,112,426,310,-0.00018502485181670636
39,113,426,415,-0.0004693901282735169
39,114,426,308,-0.00028335925890132785
39,115,426,324,-0.00028411607490852475
39,116,426,318,-0.0005637358990497887
39,117,426,402,-8.781084034126252e-05
39,118,426,317,-0.0001685016613919288
40,41,423,427,-6.992782437009737e-05
40,42,423,425,-6.748602754669264e-05
40,43,423,327,6.88594882376492e-05
40,44,423,326,8.317674655700102e-05
40,45,423,0,-4.9691203457769006e-05
40,46,423,37,-8.428271939919796e-06
40,47,423,39,-4.050120878673624e-06
40,48,423,40,-3.750048199435696e-05
40,49,423,185,-6.115237920312211e-05
40,50,423,61,-0.00023718239390291274
40,51,423,146,-4.1820636397460476e-05
40,52,423,91,-0.00023113841598387808
40,53,423,181,-0.00013381356257013977
40,54,423,84,-0.00016515882452949882
40,55,423,17,0.00012130013783462346
40,56,423,11,5.971335122012533e-05
40,57,423,72,-0.00024343756376765668
40,58,423,73,-0.00017538887914270163
40,59,423,74,-0.00018244500097353011
40,60,423,184,-0.00010706523607950658
40,61,423,77,-0.00016837325529195368
40,62,423,90,-0.00026831234572455287
40,63,423,180,-8.763690129853785e-05
40,64,423,85,6.104519707150757e-05
40,65,423,16,-0.0001029403429129161
40,66,423,12,-1.0821436262631323e-05
40,67,423,38,-5.314440932124853e-05
40,68,423,41,-8.327185787493363e-05
40,69,423,42,-0.00010083673259941861
40,70,423,96,-0.00010748764907475561
40,71,423,89,-5.454284109873697e-05
40,72,423,179,-0.0003011125954799354
40,73,423,86,9.15196433197707e-05
40,74,423,15,-5.408145079854876e-05
40,75,423,13,5.779598723165691e-06
40,76,423,82,0.0001436357561033219
40,77,423,81,-3.5025095712626353e-06
40,78,423,80,-0.00029104153509251773
40,79,423,191,-0.00040557942702434957
40,80,423,78,-4.7512898163404316e-05
40,81,423,95,-0.00022404015180654824
40,82,423,88,-0.000577278493437916
40,83,423,178,-0.00010951732838293537
40,84,423,87,-0.0002963095612358302
40,85,423,14,7.007164822425693e-05
40,86,423,267,-7.81200869823806e-05
40,87,423,269,-0.00010282249422743917
40,88,423,270,0.00010523076343815774
40,89,423,409,0.0004041196370963007
40,90,423,291,0.00011502390407258645
40,91,423,375,0.00017393413872923702
40,92,423,321,-0.0032776943407952785
40,93,423,405,0.00011972604261245579
40,94,423,314,0.0003812284558080137
40,95,423,302,-0.00012590480037033558
40,96,423,303,-9.214098827214912e-05
40,97,423,304,-0.000364689010893926
40,98,423,408,-0.0002683314960449934
40,99,423,307,5.173738099983893e-05
40,100,423,320,-0.0002925941371358931
40,101,423,404,-0.00026277490542270243
40,102,423,315,-0.00013151406892575324
40,103,423,268,9.94445235846797e-06
40,104,423,271,-2.5445995561312884e-05
40,105,423,272,-0.00019974562746938318
40,106,423,325,-0.0002273630816489458
40,107,423,319,-0.0003668797144200653
40,108,423,403,-0.00035303697222843766
40,109,423,316,2.414017217233777e-05
40,110,423,312,-9.539080565446056e-06
40,111,423,311,-0.00016787249478511512
40,112,423,310,-0.00020676455460488796
40,113,423,415,-6.797749665565789e-05
40,114,423,308,-5.298863834468648e-05
40,115,423,324,-0.0003417874686419964
40,116,423,318,-0.0002570172364357859
40,117,423,402,-0.00015363066631834954
40,118,423,317,-0.0002251796831842512
41,42,427,425,-0.00018807630112860352
41,43,427,327,3.729572199517861e-05
41,44,427,326,2.75559323199559e-05
41,45,427,0,-0.0004598126106429845
41,46,427,37,7.276899850694463e-05
41,47,427,39,-0.00016599701484665275
41,48,427,40,-0.00036765215918421745
41,49,427,185,0.05190790072083473
41,50,427,61,-0.0001770085364114493
41,51,427,146,-0.0001095116458600387
41,52,427,91,-5.576022158493288e-05
41,53,427,181,-0.0003142041095998138
41,54,427,84,-0.0002535909879952669
41,55,427,17,2.0787749235751107e-05
41,56,427,11,-0.00024346759892068803
41,57,427,72,-1.0821196156030055e-05
41,58,427,73,-9.855272219283506e-05
41,59,427,74,-0.00036092574009671807
41,60,427,184,0.015051567927002907
41,61,427,77,-0.0003202795924153179
41,62,427,90,-1.7354130250168964e-05
41,63,427,180,-0.00021487724734470248
41,64,427,85,-6.1012709920760244e-05
41,65,427,16,-0.0006975065916776657
41,66,427,12,-0.0004262362199369818
41,67,427,38,-0.00031570374267175794
41,68,427,41,-2.5238210582756437e-05
41,69,427,42,-0.000257169536780566
41,70,427,96,-0.00019425070786383003
41,71,427,89,-4.826319855055772e-05
41,72,427,179,-3.9692917198408395e-05
41,73,427,86,-0.0001310387597186491
41,74,427,15,-0.0004850499390158802
41,75,427,13,0.0001440495252609253
41,76,427,82,-0.00011475422070361674
41,77,427,81,-0.0005649562808685005
41,78,427,80,-1.8292204913450405e-05
41,79,427,191,-5.594274989562109e-05
41,80,427,78,0.00010954764729831368
41,81,427,95,-5.8553214330459014e-05
41,82,427,88,-0.0006277909851633012
41,83,427,178,-0.0004644508007913828
41,84,427,87,-0.0006549914251081645
41,85,427,14,-0.0003186927060596645
41,86,427,267,-0.00045067360042594373
41,87,427,269,-0.00045359245268628
41,88,427,270,-0.00036947347689419985
41,89,427,409,-0.0002644172345753759
41,90,427,291,-0.00025112394359894097
41,91,427,375,-0.00043064713827334344
41,92,427,321,-0.0005870327586308122
41,93,427,405,-0.00012788534513674676
41,94,427,314,-0.00011536730744410306
41,95,427,302,-0.00011360528151271865
41,96,427,303,-0.00019839778542518616
41,97,427,304,7.311647641472518e-05
41,98,427,408,-8.036143844947219e-05
41,99,427,307,-0.00010402643238194287
41,100,427,320,-0.00041069957660511136
41,101,427,404,-0.00020055890490766615
41,102,427,315,0.00016319951100740582
41,103,427,268,-0.00011452267062850296
41,104,427,271,-0.0004485098470468074
41,105,427,272,-0.00032438247581012547
41,106,427,325,-0.00023742331541143358
41,107,427,319,-0.00015414915105793625
41,108,427,403,-0.000458706432254985
41,109,427,316,-0.0005953721702098846
41,110,427,312,-0.0003213679592590779
41,111,427,311,-0.00023167033214122057
41,112,427,310,7.755512342555448e-05
41,113,427,415,-0.0002172958484152332
41,114,427,308,-6.589520489796996e-05
41,115,427,324,-0.0002998002164531499
41,116,427,318,-9.619597403798252e-05
41,117,427,402,-0.00018958096916321665
41,118,427,317,-0.00046438261051662266
42,43,425,327,-6.802858843002468e-05
42,44,425,326,0.00011297014862066135
42,45,425,0,-0.00023595926177222282
42,46,425,37,-7.981694216141477e-05
42,47,425,39,-2.954307092295494e-05
42,48,425,40,-8.965027518570423e-06
42,49,425,185,0.0007109599537216127
42,50,425,61,0.03550621494650841
42,51,425,146,-2.5992017981479876e-05
42,52,425,91,-0.00039606477366760373
42,53,425,181,-0.0003021208103746176
42,54,425,84,-5.0791073590517044e-05
42,55,425,17,-0.00046114512952044606
42,56,425,11,-0.00016940462228376418
42,57,425,72,-0.0003858239797409624
42,58,425,73,-0.00011390948202461004
42,59,425,74,-2.9789749532938004e-05
42,60,425,184,0.00019597544451244175
42,61,425,77,-0.00023213669192045927
42,62,425,90,-0.00012226936814840883
42,63,425,180,-0.0002847767900675535
42,64,425,85,-1.297792186960578e-05
42,65,425,16,-0.0002637139696162194
42,66,425,12,-0.00020826456602662802
42,67,425,38,-8.27669064165093e-05
42,68,425,41,-0.00042569267679937184
42,69,425,42,1.5222113688651007e-05
42,70,425,96,-0.0003257626958657056
42,71,425,89,-0.0003174245066475123
42,72,425,179,-0.0001544223487144336
42,73,425,86,-0.000359188299626112
42,74,425,15,-0.00021403767459560186
42,75,425,13,0.0001098292414098978
42,76,425,82,-8.371320291189477e-05
42,77,425,81,-0.0005354857421480119
42,78,425,80,3.625468161772005e-05
42,79,425,191,0.0002380539517616853
42,80,425,78,9.897386189550161e-05
42,81,425,95,-5.991368379909545e-05
42,82,425,88,-0.0002629568916745484
42,83,425,178,-0.0004051338182762265
42,84,425,87,4.035854362882674e-05
42,85,425,14,-8.385851106140763e-05
42,86,425,267,-0.0004069503047503531
42,87,425,269,-0.0005031191394664347
42,88,425,270,-2.578959902166389e-05
42,89,425,409,-0.0004425251390784979
42,90,425,291,-0.00014097885286901146
42,91,425,375,-0.0006045844056643546
42,92,425,321,-0.00016975354810710996
42,93,425,405,-0.0015467579942196608
42,94,425,314,0.00018907035700976849
42,95,425,302,-0.0002931391936726868
42,96,425,303,1.1967927093792241e-05
42,97,425,304,-0.00011285009532002732
42,98,425,408,-0.0004957644850946963
42,99,425,307,-0.0003083879128098488
42,100,425,320,-0.0003104758507106453
42,101,425,404,-7.628218736499548e-05
42,102,425,315,-0.0001545783889014274
42,103,425,268,-0.00016489769041072577
42,104,425,271,-0.00017961043340619653
42,105,425,272,-0.00012919041910208762
42,106,425,325,-0.00036970351357012987
42,107,425,319,-0.00015705611440353096
42,108,425,403,-0.0007849543471820652
42,109,425,316,-0.00047654492664150894
42,110,425,312,-1.7705933714751154e-05
42,111,425,311,-0.00020772915740963072
42,112,425,310,-0.00015049059584271163
42,113,425,415,-0.00015996649744920433
42,114,425,308,-7.1123381530924235e-06
42,115,425,324,-2.689285065571312e-05
42,116,425,318,-0.00019086155225522816
42,117,425,402,-0.00014519084652420133
42,118,425,317,-0.0012572179548442364
43,44,327,326,-0.0003384975716471672
43,45,327,0,-0.00027931714430451393
43,46,327,37,-9.74924914771691e-05
43,47,327,39,-1.4142130567051936e-05
43,48,327,40,-8.777960465522483e-05
43,49,327,185,-9.954695269698277e-05
43,50,327,61,0.002478298731148243
43,51,327,146,-0.00026471272576600313
43,52,327,91,-0.00014330596604850143
43,53,327,181,-0.0001491234579589218
43,54,327,84,-0.00040626677218824625
43,55,327,17,-0.00025898267631419003
43,56,327,11,-0.0003362212737556547
43,57,327,72,-0.00013495572784449905
43,58,327,73,-0.0001464017987018451
43,59,327,74,-4.044335219077766e-05
43,60,327,184,-8.818550122668967e-05
43,61,327,77,-0.0004236403910908848
43,62,327,90,-0.00010868252138607204
43,63,327,180,-0.00039900452247820795
43,64,327,85,-8.228210208471864e-05
43,65,327,16,-0.00042705534724518657
43,66,327,12,-0.000363554572686553
43,67,327,38,-1.0360894520999864e-05
43,68,327,41,-7.401475886581466e-05
43,69,327,42,2.3606329705216922e-05
43,70,327,96,-1.8475095203029923e-05
43,71,327,89,8.974145748652518e-05
43,72,327,179,-0.000123119170893915
43,73,327,86,-0.0003626382094807923
43,74,327,15,-0.0004793365369550884
43,75,327,13,-6.429461063817143e-05
43,76,327,82,5.93114600633271e-06
43,77,327,81,4.519630965660326e-05
43,78,327,80,-0.00015341029211413115
43,79,327,191,-3.132946221739985e-05
43,80,327,78,-5.8365358199807815e-06
43,81,327,95,-5.7596687838668004e-05
43,82,327,88,-7.96853710198775e-05
43,83,327,178,-0.0003727796720340848
43,84,327,87,-0.00045561848673969507
43,85,327,14,-0.00014342264330480248
43,86,327,267,-5.3103398386156186e-05
43,87,327,269,0.00043682922841981053
43,88,327,270,0.00020998038235120475
43,89,327,409,0.00012810865882784128
43,90,327,291,0.000149923114804551
43,91,327,375,0.00041860350756905973
43,92,327,321,-8.058096136664972e-05
43,93,327,405,-0.043065786361694336
43,94,327,314,-0.0004135510534979403
43,95,327,302,-0.00017092772759497166
43,96,327,303,-0.0002386037667747587
43,97,327,304,0.0002753433655016124
43,98,327,408,0.00029956933576613665
43,99,327,307,0.00021035905228927732
43,100,327,320,0.0007162070251069963
43,101,327,404,-0.03469307720661163
43,102,327,315,-0.0005126891774125397
43,103,327,268,-0.00019725156016647816
43,104,327,271,-0.0004373646806925535
43,105,327,272,0.0002171965898014605
43,106,327,325,6.376727833412588e-05
43,107,327,319,0.00015803775750100613
43,108,327,403,-0.026995178312063217
43,109,327,316,-0.0003708766307681799
43,110,327,312,-0.00019984440586995333
43,111,327,311,-0.00018011752399615943
43,112,327,310,0.00041317660361528397
43,113,327,415,-0.00017657066928222775
43,114,327,308,0.00028587979613803327
43,115,327,324,0.00036880039260722697
43,116,327,318,-2.031147596426308e-05
43,117,327,402,-0.0005548192420974374
43,118,327,317,3.799566184170544e-05
44,45,326,0,-0.00023220517323352396
44,46,326,37,0.00010317872511222959
44,47,326,39,-0.0002303322107763961
44,48,326,40,5.219800641498296e-06
44,49,326,185,-5.947765021119267e-05
44,50,326,61,-0.000384645740268752
44,51,326,146,-0.00013199153181631118
44,52,326,91,-6.471782398875803e-05
44,53,326,181,-0.00013084665988571942
44,54,326,84,0.00019027177768293768
44,55,326,17,2.1869745978619903e-05
44,56,326,11,-0.00032477034255862236
44,57,326,72,0.00012089651136193424
44,58,326,73,4.2413837945787236e-05
44,59,326,74,-6.227262201718986e-05
44,60,326,184,2.3655522454646416e-05
44,61,326,77,-0.0002168437495129183
44,62,326,90,-2.4881337594706565e-05
44,63,326,180,-0.00023085626889951527
44,64,326,85,-0.00018442094733472914
44,65,326,16,-0.00041385574149899185
44,66,326,12,-0.00015447176701854914
44,67,326,38,-5.693974526366219e-05
44,68,326,41,-8.123595762299374e-05
44,69,326,42,-0.00023541509290225804
44,70,326,96,0.005363770294934511
44,71,326,89,-9.508906077826396e-05
44,72,326,179,-0.00031064345967024565
44,73,326,86,-8.968210750026628e-05
44,74,326,15,-0.00025649883900769055
44,75,326,13,-0.0002770253049675375
44,76,326,82,-0.0001617104426259175
44,77,326,81,-9.98301402432844e-05
44,78,326,80,6.818278779974207e-05
44,79,326,191,-9.862321894615889e-05
44,80,326,78,0.0012037866981700063
44,81,326,95,-0.00031399287399835885
44,82,326,88,6.43611783743836e-05
44,83,326,178,-9.268009307561442e-05
44,84,326,87,-3.82668586098589e-05
44,85,326,14,-0.00024651800049468875
44,86,326,267,-4.2300369386794046e-05
44,87,326,269,0.00025605515111237764
44,88,326,270,1.671400423219893e-05
44,89,326,409,4.296331462683156e-05
44,90,326,291,0.00018052490486297756
44,91,326,375,0.00037204191903583705
44,92,326,321,0.0003553146671038121
44,93,326,405,0.0002468002203386277
44,94,326,314,-0.029681501910090446
44,95,326,302,7.023309535725275e-06
44,96,326,303,0.0004445392987690866
44,97,326,304,0.0002269771066494286
44,98,326,408,0.00024152887635864317
44,99,326,307,6.830628990428522e-05
44,100,326,320,0.0004174848727416247
44,101,326,404,0.0005607998464256525
44,102,326,315,-0.031517498195171356
44,103,326,268,8.599875582149252e-05
44,104,326,271,0.0001148285300587304
44,105,326,272,0.00030962630989961326
44,106,326,325,0.0004142298421356827
44,107,326,319,6.125849176896736e-05
44,108,326,403,0.0005463141133077443
44,109,326,316,-0.03196907415986061
44,110,326,312,2.430344102322124e-05
44,111,326,311,7.825807551853359e-05
44,112,326,310,0.0003773098287638277
44,113,326,415,6.368027970893309e-05
44,114,326,308,0.00033880845876410604
44,115,326,324,0.00011476831423351541
44,116,326,318,0.00028377067064866424
44,117,326,402,0.000439283496234566
44,118,326,317,-0.04819329082965851
45,46,0,37,-1.5695275578764267e-05
45,47,0,39,1.9008755771210417e-05
45,48,0,40,-0.0001119290609494783
45,49,0,185,0.00019007676746696234
45,50,0,61,-0.0001810020039556548
45,51,0,146,1.8469389033271e-05
45,52,0,91,-0.00019616632198449224
45,53,0,181,-0.00015207630349323153
45,54,0,84,-4.668949986808002e-05
45,55,0,17,0.00029235848342068493
45,56,0,11,8.64044195623137e-05
45,57,0,72,2.4729555661906488e-05
45,58,0,73,1.8242979422211647e-05
45,59,0,74,0.000170925137354061
45,60,0,184,-6.973896961426362e-05
45,61,0,77,0.00010516191832721233
45,62,0,90,6.089084763516439e-06
45,63,0,180,-0.0004033444565720856
45,64,0,85,-0.00016384333139285445
45,65,0,16,6.0705300711560994e-05
45,66,0,12,3.544367791619152e-05
45,67,0,38,-0.00011102865391876549
45,68,0,41,-0.00044925257680006325
45,69,0,42,3.4593143936945125e-05
45,70,0,96,6.197150651132688e-05
45,71,0,89,0.0001383470225846395
45,72,0,179,-4.3000298319384456e-05
45,73,0,86,-8.78239661687985e-05
45,74,0,15,0.0007492869044654071
45,75,0,13,-0.00019416843133512884
45,76,0,82,-0.00026042814715765417
45,77,0,81,-8.353932207683101e-05
45,78,0,80,-0.0002397146017756313
45,79,0,191,6.469959043897688e-05
45,80,0,78,-3.744103742064908e-05
45,81,0,95,6.860752182547003e-05
45,82,0,88,0.0001682964648352936
45,83,0,178,-5.6830507674021646e-05
45,84,0,87,-0.00017995598318520933
45,85,0,14,-0.0002223595220129937
45,86,0,267,8.618263382231817e-05
45,87,0,269,4.7078949137357995e-05
45,88,0,270,0.00045680810580961406
45,89,0,409,-0.00012253958266228437
45,90,0,291,-0.0002491613558959216
45,91,0,375,-0.0001493399468017742
45,92,0,321,0.00011890961468452588
45,93,0,405,0.00018986854411195964
45,94,0,314,-8.019442248041742e-06
45,95,0,302,5.2613497246056795e-05
45,96,0,303,1.329595579591114e-05
45,97,0,304,0.00010736198601080105
45,98,0,408,0.0001794209674699232
45,99,0,307,0.00026466086274012923
45,100,0,320,-0.00023331557167693973
45,101,0,404,0.0007685355958528817
45,102,0,315,0.0001816483709262684
45,103,0,268,-4.3240997911198065e-06
45,104,0,271,-6.856460822746158e-05
45,105,0,272,0.00012135777797084302
45,106,0,325,0.00016138159844558686
45,107,0,319,-1.8196593373431824e-05
45,108,0,403,0.0002327470574527979
45,109,0,316,0.00020830832363571972
45,110,0,312,-0.0002851388999260962
45,111,0,311,4.909011840936728e-05
45,112,0,310,2.5806386929616565e-06
45,113,0,415,0.00019045693625230342
45,114,0,308,0.00012221393990330398
45,115,0,324,-4.736183655040804e-06
45,116,0,318,0.00044796071597374976
45,117,0,402,0.00011184251343365759
45,118,0,317,0.0001334989065071568
46,47,37,39,-7.909785381343681e-06
46,48,37,40,-4.3881573219550774e-05
46,49,37,185,7.159386586863548e-05
46,50,37,61,7.629011088283733e-05
46,51,37,146,-2.0793640942429192e-05
46,52,37,91,-1.280026845051907e-05
46,53,37,181,-0.000121014476462733
46,54,37,84,0.00010531926818657666
46,55,37,17,7.246277618833119e-06
46,56,37,11,-0.0002932277275249362
46,57,37,72,2.4047796614468098e-05
46,58,37,73,-0.00011685923527693376
46,59,37,74,-0.00034283287823200226
46,60,37,184,0.00010772403766168281
46,61,37,77,8.238678856287152e-05
46,62,37,90,8.802256343187764e-05
46,63,37,180,-0.0003140662156511098
46,64,37,85,0.0007521558436565101
46,65,37,16,0.00033542036544531584
46,66,37,12,-0.0003989596152678132
46,67,37,38,-5.695390427717939e-05
46,68,37,41,-0.000157831163960509
46,69,37,42,1.9672850612550974e-05
46,70,37,96,9.577575110597536e-05
46,71,37,89,6.284190021688119e-05
46,72,37,179,9.69170723692514e-05
46,73,37,86,0.00043451503734104335
46,74,37,15,2.4822056730045006e-05
46,75,37,13,-2.91593860310968e-05
46,76,37,82,-1.3716311514144763e-05
46,77,37,81,-9.91248307400383e-05
46,78,37,80,-3.33168100041803e-05
46,79,37,191,6.417006079573184e-05
46,80,37,78,-5.235211210674606e-05
46,81,37,95,1.1731226550182328e-05
46,82,37,88,-1.3716049579670653e-05
46,83,37,178,-0.0005473217461258173
46,84,37,87,-0.0003629286657087505
46,85,37,14,-1.8221638811155572e-06
46,86,37,267,4.184812951280037e-06
46,87,37,269,-0.00016410683747380972
46,88,37,270,-0.00011205094051547348
46,89,37,409,0.00010911715071415529
46,90,37,291,-4.554701808956452e-05
46,91,37,375,-2.5045257643796504e-05
46,92,37,321,0.00010339283471694216
46,93,37,405,0.0003364658623468131
46,94,37,314,0.00024143216433003545
46,95,37,302,-5.843747203471139e-05
46,96,37,303,0.00019974094175267965
46,97,37,304,0.0002268448588438332
46,98,37,408,-0.00010017726162914187
46,99,37,307,-1.690526733000297e-05
46,100,37,320,0.00030897874967195094
46,101,37,404,0.00031098935869522393
46,102,37,315,0.0004077022022102028
46,103,37,268,-0.00010904189548455179
46,104,37,271,0.00026227571652270854
46,105,37,272,0.00010570541780907661
46,106,37,325,-6.352210766635835e-05
46,107,37,319,0.000274210557108745
46,108,37,403,0.00030336371855810285
46,109,37,316,0.0005108837503939867
46,110,37,312,-7.590554741909727e-05
46,111,37,311,6.987308006500825e-05
46,112,37,310,7.607872248627245e-05
46,113,37,415,-0.00010821602336363867
46,114,37,308,5.778057311545126e-05
46,115,37,324,1.1792118129960727e-05
46,116,37,318,0.00020463737018872052
46,117,37,402,0.00023662026796955615
46,118,37,317,0.00034298631362617016
47,48,39,40,-6.25116445007734e-05
47,49,39,185,0.00023262864851858467
47,50,39,61,1.2031594451400451e-05
47,51,39,146,0.00011089049803558737
47,52,39,91,-4.896569225820713e-05
47,53,39,181,1.354657115371083e-06
47,54,39,84,7.147275027818978e-05
47,55,39,17,0.0001361805625492707
47,56,39,11,6.379767728503793e-05
47,57,39,72,-7.055381865939125e-05
47,58,39,73,0.00039185804780572653
47,59,39,74,7.551992166554555e-05
47,60,39,184,-8.263069321401417e-05
47,61,39,77,-1.5726465790066868e-05
47,62,39,90,2.50675202551065e-05
47,63,39,180,0.0003095415304414928
47,64,39,85,0.00046674234909005463
47,65,39,16,7.388959784293547e-05
47,66,39,12,-0.0003493438707664609
47,67,39,38,-0.00014052483311388642
47,68,39,41,0.0001233755174325779
47,69,39,42,-7.635265501448885e-05
47,70,39,96,0.00015711074229329824
47,71,39,89,2.912998070314643e-06
47,72,39,179,0.0002145523321814835
47,73,39,86,0.00012181138299638405
47,74,39,15,-6.95993730914779e-05
47,75,39,13,-0.00027065060567110777
47,76,39,82,-0.0002602837048470974
47,77,39,81,2.320944440725725e-05
47,78,39,80,-8.878673543222249e-05
47,79,39,191,1.655336563999299e-05
47,80,39,78,-3.743580964510329e-05
47,81,39,95,0.00011930386972380802
47,82,39,88,2.7291958758723922e-05
47,83,39,178,-0.00025314665981568396
47,84,39,87,0.0001625750883249566
47,85,39,14,0.00021233310690149665
47,86,39,267,-8.211711246985942e-05
47,87,39,269,-6.217615919013042e-06
47,88,39,270,-3.059964001295157e-05
47,89,39,409,1.3313728231878486e-05
47,90,39,291,0.0003546584048308432
47,91,39,375,2.2507984454023244e-07
47,92,39,321,2.103353472193703e-05
47,93,39,405,-6.336063233902678e-05
47,94,39,314,6.486760685220361e-05
47,95,39,302,-5.623996185022406e-05
47,96,39,303,-0.00019337184494361281
47,97,39,304,7.033764995867386e-05
47,98,39,408,-5.4182513849809766e-05
47,99,39,307,4.078013080288656e-05
47,100,39,320,0.00014597125118598342
47,101,39,404,-2.1036532416474074e-05
47,102,39,315,0.0002069402253255248
47,103,39,268,-8.616603736300021e-05
47,104,39,271,-0.00016682765271980315
47,105,39,272,-5.311709537636489e-05
47,106,39,325,7.918148185126483e-05
47,107,39,319,0.0001720137952361256
47,108,39,403,6.767909326299559e-06
47,109,39,316,0.0002826674608513713
47,110,39,312,0.00014263350749388337
47,111,39,311,0.00024214450968429446
47,112,39,310,5.5756096116965637e-05
47,113,39,415,-9.895094990497455e-05
47,114,39,308,-1.1919135431526229e-05
47,115,39,324,9.600909152140957e-07
47,116,39,318,1.222977698489558e-05
47,117,39,402,0.00013679664698429406
47,118,39,317,0.00010433219722472131
48,49,40,185,1.6448204405605793e-05
48,50,40,61,-9.112952830037102e-05
48,51,40,146,-0.00015936762792989612
48,52,40,91,-0.000159796021762304
48,53,40,181,-0.00022147202980704606
48,54,40,84,-0.00031430687522515655
48,55,40,17,1.2704065284196986e-06
48,56,40,11,0.00019629356393124908
48,57,40,72,0.00036411196924746037
48,58,40,73,8.660034654894844e-05
48,59,40,74,-4.966609049006365e-05
48,60,40,184,-7.531827577622607e-05
48,61,40,77,-7.230900519061834e-05
48,62,40,90,2.8799664505640976e-05
48,63,40,180,9.955175482900813e-05
48,64,40,85,0.00028533930890262127
48,65,40,16,0.00011254761193413287
48,66,40,12,0.00018626486416906118
48,67,40,38,5.359870920074172e-05
48,68,40,41,-0.00019225015421397984
48,69,40,42,0.0002106622268911451
48,70,40,96,0.0001315749395871535
48,71,40,89,0.0003940809692721814
48,72,40,179,0.00022311220527626574
48,73,40,86,9.167762618744746e-05
48,74,40,15,0.00022096929023973644
48,75,40,13,0.00010268689220538363
48,76,40,82,-4.540159716270864e-05
48,77,40,81,-9.837897232500836e-05
48,78,40,80,-8.933325443649665e-05
48,79,40,191,0.00013671045599039644
48,80,40,78,0.0002770183782558888
48,81,40,95,0.00011742245260393247
48,82,40,88,0.0002714354486670345
48,83,40,178,0.0003921621246263385
48,84,40,87,-0.00018184160580858588
48,85,40,14,0.00015612391871400177
48,86,40,267,1.694846650934778e-05
48,87,40,269,-5.772280564997345e-05
48,88,40,270,-7.635905785718933e-05
48,89,40,409,0.01658773049712181
48,90,40,291,-3.306928920210339e-05
48,91,40,375,4.8213678383035585e-06
48,92,40,321,6.420547288144007e-05
48,93,40,405,-0.001352704013697803
48,94,40,314,-0.00015768218145240098
48,95,40,302,9.03847103472799e-05
48,96,40,303,2.856597347999923e-05
48,97,40,304,-0.00016017074813134968
48,98,40,408,0.00013870844850316644
48,99,40,307,-6.23825762886554e-05
48,100,40,320,2.1272599042276852e-05
48,101,40,404,0.0001018982075038366
48,102,40,315,0.00038836593739688396
48,103,40,268,-0.0001924340904224664
48,104,40,271,-0.0001934290921781212
48,105,40,272,-5.7625507906777784e-05
48,106,40,325,-1.0440577170811594e-05
48,107,40,319,4.226517921779305e-05
48,108,40,403,0.0003227726847399026
48,109,40,316,0.00024353392655029893
48,110,40,312,-0.0002561266301199794
48,111,40,311,-6.676199700450525e-05
48,112,40,310,-4.5901262637926266e-05
48,113,40,415,3.3777330827433616e-05
48,114,40,308,-7.792370161041617e-05
48,115,40,324,5.8775272918865085e-05
48,116,40,318,-6.24868189333938e-05
48,117,40,402,0.00012927861826028675
48,118,40,317,0.0001538127107778564
49,50,185,61,-3.1960586056811735e-05
49,51,185,146,-4.5479282562155277e-05
49,52,185,91,-2.5832883693510666e-05
49,53,185,181,0.0017798468470573425
49,54,185,84,0.023258641362190247
49,55,185,17,0.00032958423253148794
49,56,185,11,6.428635970223695e-05
49,57,185,72,0.0001273599627893418
49,58,185,73,5.46815172128845e-05
49,59,185,74,0.0001930451107909903
49,60,185,184,-0.0001037378897308372
49,61,185,77,0.00013580983795691282
49,62,185,90,9.918415889842436e-05
49,63,185,180,0.0001319524017162621
49,64,185,85,0.03529200330376625
49,65,185,16,0.0008704017382115126
49,66,185,12,-2.2075208107708022e-05
49,67,185,38,-0.00017855501209851354
49,68,185,41,9.979810420190915e-05
49,69,185,42,1.1301425729470793e-05
49,70,185,96,0.0002959279518108815
49,71,185,89,6.208116974448785e-05
49,72,185,179,-6.384344305843115e-05
49,73,185,86,0.00017380517965648323
49,74,185,15,0.00011451169848442078
49,75,185,13,0.00020738536841236055
49,76,185,82,-7.926433318061754e-05
49,77,185,81,4.488745253183879e-05
49,78,185,80,0.00022948579862713814
49,79,185,191,-6.00644234509673e-05
49,80,185,78,0.00014761893544346094
49,81,185,95,5.529375994228758e-05
49,82,185,88,9.142432827502489e-05
49,83,185,178,0.0003823782317340374
49,84,185,87,0.00018357986118644476
49,85,185,14,0.00012992971460334957
49,86,185,267,0.00022097505279816687
49,87,185,269,0.00010655949881765991
49,88,185,270,0.042970627546310425
49,89,185,409,0.05507540702819824
49,90,185,291,0.04718739166855812
49,91,185,375,-1.3536081496567931e-05
49,92,185,321,6.596625462407246e-05
49,93,185,405,-0.00021937285782769322
49,94,185,314,2.5669238311820664e-05
49,95,185,302,0.00017667275096755475
49,96,185,303,-1.5804942449904047e-05
49,97,185,304,0.025910504162311554
49,98,185,408,0.03143373131752014
49,99,185,307,-0.00019764958415180445
49,100,185,320,-0.0001944779942277819
49,101,185,404,-0.0007266398752108216
49,102,185,315,8.026874274946749e-05
49,103,185,268,-6.902029417688027e-05
49,104,185,271,-0.0001576653157826513
49,105,185,272,0.0315965861082077
49,106,185,325,-0.00010435960575705394
49,107,185,319,4.1470811993349344e-05
49,108,185,403,-0.00015054225514177233
49,109,185,316,-9.849354682955891e-05
49,110,185,312,6.277375359786674e-05
49,111,185,311,9.595754818292335e-05
49,112,185,310,0.00010756050323834643
49,113,185,415,-0.00016853354463819414
49,114,185,308,0.0002053840726148337
49,115,185,324,-1.8324953998671845e-05
49,116,185,318,4.651552444556728e-05
49,117,185,402,0.00016080928617157042
49,118,185,317,0.0004006500821560621
50,51,61,146,0.0001336558925686404
50,52,61,91,-6.5527869992365595e-06
50,53,61,181,0.014402019791305065
50,54,61,84,0.04101257026195526
50,55,61,17,-6.114922143751755e-05
50,56,61,11,-6.289088923949748e-05
50,57,61,72,-4.000459375674836e-05
50,58,61,73,2.9433693271130323e-05
50,59,61,74,0.000224164585233666
50,60,61,184,0.00016848885570652783
50,61,61,77,-7.875575829530135e-05
50,62,61,90,0.00028283364372327924
50,63,61,180,0.01568528823554516
50,64,61,85,0.03315390273928642
50,65,61,16,4.1409890400245786e-05
50,66,61,12,-0.0002745955134741962
50,67,61,38,0.010662003420293331
50,68,61,41,0.00022140690998639911
50,69,61,42,0.0001411223493050784
50,70,61,96,-4.785915371030569e-05
50,71,61,89,0.00024252351431641728
50,72,61,179,0.012608612887561321
50,73,61,86,0.04158773273229599
50,74,61,15,-2.0356650566100143e-05
50,75,61,13,-2.979511373268906e-05
50,76,61,82,-0.0004668559995479882
50,77,61,81,4.778762740897946e-05
50,78,61,80,0.00010314361134078354
50,79,61,191,-7.316570554394275e-05
50,80,61,78,0.00014072337944526225
50,81,61,95,-9.096189751289785e-05
50,82,61,88,0.00021488044876605272
50,83,61,178,0.0014755018055438995
50,84,61,87,0.026945820078253746
50,85,61,14,-0.00010551470768405125
50,86,61,267,-7.872026617405936e-05
50,87,61,269,0.03353407233953476
50,88,61,270,0.0417485237121582
50,89,61,409,0.03743736073374748
50,90,61,291,0.053141698241233826
50,91,61,375,-0.0027665949892252684
50,92,61,321,-0.004983473569154739
50,93,61,405,0.00023353606229647994
50,94,61,314,8.117281686281785e-05
50,95,61,302,9.320081153418869e-05
50,96,61,303,0.027271132916212082
50,97,61,304,0.0192284993827343
50,98,61,408,0.029802031815052032
50,99,61,307,-1.7275126083404757e-05
50,100,61,320,2.2453123165178113e-05
50,101,61,404,0.00014681128959637135
50,102,61,315,-0.0033068920020014048
50,103,61,268,-8.103088475763798e-05
50,104,61,271,0.005512306001037359
50,105,61,272,0.02029530145227909
50,106,61,325,-0.00010406840010546148
50,107,61,319,3.442721572355367e-05
50,108,61,403,6.565912190126255e-05
50,109,61,316,9.545552165945992e-05
50,110,61,312,-7.931773870950565e-05
50,111,61,311,0.00016089071868918836
50,112,61,310,0.00032532960176467896
50,113,61,415,0.0008525043376721442
50,114,61,308,0.007973631843924522
50,115,61,324,0.00025533491862006485
50,116,61,318,-1.955016705323942e-05
50,117,61,402,-5.787350528407842e-05
50,118,61,317,0.000377134041627869
51,52,146,91,0.00028538904734887183
51,53,146,181,0.00010499317431822419
51,54,146,84,-4.966394044458866e-05
51,55,146,17,-0.00014823001401964575
51,56,146,11,-0.00016117504856083542
51,57,146,72,4.3931959226028994e-05
51,58,146,73,-1.40427455335157e-05
51,59,146,74,-0.00012885197065770626
51,60,146,184,0.0001730490621412173
51,61,146,77,0.0003142390341963619
51,62,146,90,0.00015470565995201468
51,63,146,180,0.0001655156520428136
51,64,146,85,0.0003804392763413489
51,65,146,16,1.6185194908757694e-05
51,66,146,12,0.00016724472516216338
51,67,146,38,3.603388904593885e-05
51,68,146,41,0.00014745551743544638
51,69,146,42,-8.069384784903377e-05
51,70,146,96,-1.9242948837927543e-05
51,71,146,89,0.00022672733757644892
51,72,146,179,0.00041482129017822444
51,73,146,86,0.0005628484068438411
51,74,146,15,0.00041686309850774705
51,75,146,13,0.0001215815864270553
51,76,146,82,8.264423377113417e-05
51,77,146,81,-8.654521479911637e-06
51,78,146,80,8.013877231860533e-05
51,79,146,191,2.0671739548561163e-05
51,80,146,78,8.564274139644112e-06
51,81,146,95,0.0003868952044285834
51,82,146,88,0.0001691907673375681
51,83,146,178,0.0002830571320373565
51,84,146,87,-6.250095611903816e-05
51,85,146,14,0.0004012649005744606
51,86,146,267,0.00014000828377902508
51,87,146,269,0.00011656472634058446
51,88,146,270,0.00026033780886791646
51,89,146,409,0.00836178194731474
51,90,146,291,0.04607757180929184
51,91,146,375,-0.0004872403806075454
51,92,146,321,0.0002279298787470907
51,93,146,405,-4.391519178170711e-05
51,94,146,314,-0.00016631941252853721
51,95,146,302,-1.6512211004737765e-05
51,96,146,303,6.0352747823344544e-05
51,97,146,304,0.0001312892563873902
51,98,146,408,0.007206302601844072
51,99,146,307,-5.593933383352123e-05
51,100,146,320,4.916161560686305e-05
51,101,146,404,9.159863839158788e-05
51,102,146,315,-0.0003483783802948892
51,103,146,268,0.00011331549467286095
51,104,146,271,-1.9811523088719696e-06
51,105,146,272,-3.349726102896966e-05
51,106,146,325,-8.655309102323372e-06
51,107,146,319,6.256384222069755e-05
51,108,146,403,0.0001327217323705554
51,109,146,316,-0.0001508537243353203
51,110,146,312,-0.00010918103362200782
51,111,146,311,-9.790050535229966e-05
51,112,146,310,0.00016125082038342953
51,113,146,415,-0.00017155207751784474
51,114,146,308,0.009922696277499199
51,115,146,324,0.00011186549090780318
51,116,146,318,7.306548650376499e-05
51,117,146,402,7.614140486111864e-05
51,118,146,317,0.00014597916742786765
52,53,91,181,-9.406526805832982e-05
52,54,91,84,0.0001000275879050605
52,55,91,17,0.0005207507056184113
52,56,91,11,-0.00018255633767694235
52,57,91,72,3.9898739487398416e-05
52,58,91,73,-2.6474997866898775e-05
52,59,91,74,-0.00024297063646372408
52,60,91,184,-6.476162525359541e-05
52,61,91,77,4.797384917765157e-06
52,62,91,90,0.0001717698760330677
52,63,91,180,0.00013859735918231308
52,64,91,85,6.690526788588613e-05
52,65,91,16,9.010283974930644e-05
52,66,91,12,-5.8847101172432303e-05
52,67,91,38,-9.587200474925339e-05
52,68,91,41,8.2080987340305e-05
52,69,91,42,3.876531627611257e-05
52,70,91,96,9.915712871588767e-05
52,71,91,89,0.0001805689389584586
52,72,91,179,0.00013890648551750928
52,73,91,86,0.00035118102096021175
52,74,91,15,0.00025200581876561046
52,75,91,13,5.0524755351943895e-05
52,76,91,82,5.145135219208896e-05
52,77,91,81,-3.035423651454039e-05
52,78,91,80,-6.647907866863534e-05
52,79,91,191,0.00024884194135665894
52,80,91,78,-4.124919360037893e-05
52,81,91,95,2.5669665774330497e-05
52,82,91,88,0.00038659913116134703
52,83,91,178,0.0001859600015450269
52,84,91,87,0.00045393063919618726
52,85,91,14,3.0188413802534342e-05
52,86,91,267,-3.9015965739963576e-05
52,87,91,269,-9.106317884288728e-05
52,88,91,270,-0.0002103992155753076
52,89,91,409,-6.328055314952508e-05
52,90,91,291,5.3262552683008835e-05
52,91,91,375,-5.2083854825468734e-05
52,92,91,321,-5.6871889682952315e-05
52,93,91,405,-2.5363937311340123e-05
52,94,91,314,-6.219914212124422e-05
52,95,91,302,2.823345857905224e-05
52,96,91,303,-0.00019564198737498373
52,97,91,304,-0.00025884603383019567
52,98,91,408,0.0002593316021375358
52,99,91,307,2.4601071345387027e-05
52,100,91,320,-0.0001076369226211682
52,101,91,404,7.767069473629817e-05
52,102,91,315,-0.00013612053589895368
52,103,91,268,-6.799481343477964e-05
52,104,91,271,-0.00012307219731155783
52,105,91,272,-0.00019256130326539278
52,106,91,325,0.00010442391794640571
52,107,91,319,9.393659274792299e-05
52,108,91,403,9.061804303200915e-05
52,109,91,316,8.460651588393375e-05
52,110,91,312,-9.932470857165754e-05
52,111,91,311,-0.00026955106295645237
52,112,91,310,6.470520020229742e-05
52,113,91,415,-1.2493840131355682e-06
52,114,91,308,-0.0002130371140083298
52,115,91,324,-7.796237332513556e-05
52,116,91,318,-0.00019857440202031285
52,117,91,402,4.877545507042669e-05
52,118,91,317,-0.00016180259990505874
53,54,181,84,0.0002791250008158386
53,55,181,17,6.462061719503254e-05
53,56,181,11,-0.0001882447104435414
53,57,181,72,1.7587439288035966e-05
53,58,181,73,-0.0002346568799111992
53,59,181,74,-0.00018342724069952965
53,60,181,184,0.0002703945792745799
53,61,181,77,0.0004660693521145731
53,62,181,90,-9.305003186454996e-05
53,63,181,180,0.0001032977961585857
53,64,181,85,7.900044693087693e-06
53,65,181,16,0.00028143584495410323
53,66,181,12,-0.00022668974997941405
53,67,181,38,-2.751870488282293e-05
53,68,181,41,0.00016031856648623943
53,69,181,42,5.63402209081687e-05
53,70,181,96,4.939619611832313e-05
53,71,181,89,-0.00010694303637137637
53,72,181,179,0.0002585304027888924
53,73,181,86,-0.00012026201875414699
53,74,181,15,-2.7969574603048386e-06
53,75,181,13,-9.14445481612347e-05
53,76,181,82,5.394273557612905e-06
53,77,181,81,-0.00028766828472726047
53,78,181,80,0.0001597138907527551
53,79,181,191,1.1788288247771561e-05
53,80,181,78,0.00014845251280348748
53,81,181,95,4.941978113492951e-05
53,82,181,88,-3.981307236244902e-05
53,83,181,178,0.00030072181834839284
53,84,181,87,8.721445192350075e-05
53,85,181,14,7.85085721872747e-05
53,86,181,267,-0.00019497223547659814
53,87,181,269,-0.0001554108748678118
53,88,181,270,-2.5038278181455098e-05
53,89,181,409,7.868696229706984e-06
53,90,181,291,5.430198507383466e-05
53,91,181,375,0.00034859319566749036
53,92,181,321,8.263653580797836e-05
53,93,181,405,-0.00012952697579748929
53,94,181,314,-0.0001340704911854118
53,95,181,302,0.00016577000496909022
53,96,181,303,-0.00017955696966964751
53,97,181,304,5.7165463658748195e-05
53,98,181,408,-1.588394479767885e-05
53,99,181,307,0.003558213822543621
53,100,181,320,0.0002319560298928991
53,101,181,404,3.6860728869214654e-06
53,102,181,315,-8.217659342335537e-06
53,103,181,268,8.148369670379907e-05
53,104,181,271,-0.0002518649271223694
53,105,181,272,-2.348029192944523e-05
53,106,181,325,-0.000141643758979626
53,107,181,319,-6.204349483596161e-05
53,108,181,403,1.0309300705557689e-05
53,109,181,316,-5.591894296230748e-05
53,110,181,312,-0.00025095645105466247
53,111,181,311,-0.0002190930099459365
53,112,181,310,-0.0001133016194216907
53,113,181,415,0.00018183502834290266
53,114,181,308,9.575633885106072e-05
53,115,181,324,-0.0008408991852775216
53,116,181,318,7.61565679567866e-05
53,117,181,402,-0.00010167591972276568
53,118,181,317,7.99972694949247e-05
54,55,84,17,7.04199483152479e-05
54,56,84,11,-0.0003562426136340946
54,57,84,72,-5.989218698232435e-05
54,58,84,73,0.0002129424101440236
54,59,84,74,-9.412565850652754e-05
54,60,84,184,0.00022873628768138587
54,61,84,77,-6.473793473560363e-05
54,62,84,90,0.0004297192790545523
54,63,84,180,1.06826601040666e-05
54,64,84,85,0.00014015258057042956
54,65,84,16,0.00026488801813684404
54,66,84,12,-7.867924068705179e-06
54,67,84,38,9.594503353582695e-05
54,68,84,41,0.0002730528940446675
54,69,84,42,0.0007146577117964625
54,70,84,96,5.5483538744738325e-05
54,71,84,89,0.00017533509526401758
54,72,84,179,2.2380945665645413e-05
54,73,84,86,0.00021997328440193087
54,74,84,15,0.00010788370855152607
54,75,84,13,0.00010949170246021822
54,76,84,82,-0.00020178109116386622
54,77,84,81,0.0003026616177521646
54,78,84,80,8.562124276068062e-05
54,79,84,191,0.00011047205771319568
54,80,84,78,2.948622750409413e-05
54,81,84,95,6.006351759424433e-05
54,82,84,88,0.00011874575284309685
54,83,84,178,-8.049234020290896e-05
54,84,84,87,-1.4689339877804741e-05
54,85,84,14,-0.00015508192882407457
54,86,84,267,1.377920762024587e-05
54,87,84,269,4.3146967072971165e-05
54,88,84,270,-0.00037268639425747097
54,89,84,409,-0.0003482316969893873
54,90,84,291,-2.9627413823618554e-05
54,91,84,375,0.0001548387372167781
54,92,84,321,5.175657497602515e-05
54,93,84,405,-8.559458365198225e-05
54,94,84,314,-0.00011282159539405257
54,95,84,302,-0.00013702645082958043
54,96,84,303,-0.00011167793127242476
54,97,84,304,-0.0001336570712737739
54,98,84,408,7.347734208451584e-05
54,99,84,307,-0.0008882751571945846
54,100,84,320,-0.00021324101544450969
54,101,84,404,0.00015704390534665436
54,102,84,315,2.4182068955269642e-05
54,103,84,268,-0.0003471499076113105
54,104,84,271,-3.8931168091949075e-05
54,105,84,272,-0.00012513082765508443
54,106,84,325,-9.0099943918176e-05
54,107,84,319,3.132960409857333e-05
54,108,84,403,2.3796224922989495e-05
54,109,84,316,0.00018676015315577388
54,110,84,312,-0.00034248532028868794
54,111,84,311,5.080766186438268e-06
54,112,84,310,-0.00040188798448070884
54,113,84,415,-0.0003068070800509304
54,114,84,308,4.566465941024944e-05
54,115,84,324,-7.950489816721529e-05
54,116,84,318,0.00019879052706528455
54,117,84,402,9.815152588998899e-05
54,118,84,317,-6.830835627624765e-05
55,56,17,11,0.0006196819595061243
55,57,17,72,-7.790959352860227e-05
55,58,17,73,-2.8186686904518865e-05
55,59,17,74,0.00012779870303347707
55,60,17,184,0.0003241464146412909
55,61,17,77,6.924645276740193e-05
55,62,17,90,4.4890060962643474e-05
55,63,17,180,0.0002620912855491042
55,64,17,85,-0.00026731938123703003
55,65,17,16,0.000533185200765729
55,66,17,12,7.14315174263902e-05
55,67,17,38,0.00024303888494614512
55,68,17,41,-3.0311841328511946e-05
55,69,17,42,0.00024350822786800563
55,70,17,96,8.729951514396816e-05
55,71,17,89,0.00032204267336055636
55,72,17,179,-0.00014615723921451718
55,73,17,86,-2.384032313784701e-06
55,74,17,15,-3.823935549007729e-05
55,75,17,13,0.00028623657999560237
55,76,17,82,0.0003752389457076788
55,77,17,81,-7.423321949318051e-05
55,78,17,80,0.00031273066997528076
55,79,17,191,0.00015074401744641364
55,80,17,78,0.00035695102997124195
55,81,17,95,3.626185571192764e-05
55,82,17,88,0.00011362096120137721
55,83,17,178,-2.4054110326687805e-05
55,84,17,87,2.2107342374511063e-05
55,85,17,14,0.00023185834288597107
55,86,17,267,-0.00010197445953963324
55,87,17,269,0.0001888430124381557
55,88,17,270,-4.093132520210929e-05
55,89,17,409,-0.0002445066347718239
55,90,17,291,-0.0005334840971045196
55,91,17,375,-5.814982796437107e-05
55,92,17,321,5.9726982726715505e-05
55,93,17,405,-5.765062815044075e-05
55,94,17,314,1.479763159295544e-05
55,95,17,302,-0.0004121360834687948
55,96,17,303,-0.00018087450007442385
55,97,17,304,-9.342089470010251e-05
55,98,17,408,-0.00021337084763217717
55,99,17,307,7.275764346559299e-06
55,100,17,320,-6.088916779845022e-05
55,101,17,404,3.808658948400989e-05
55,102,17,315,-0.00011081300908699632
55,103,17,268,5.9807316574733704e-05
55,104,17,271,-2.5979904876294313e-06
55,105,17,272,-0.00033021398121491075
55,106,17,325,-0.00018183703650720417
55,107,17,319,-0.0001899878407130018
55,108,17,403,7.055806781863794e-05
55,109,17,316,4.098684439668432e-05
55,110,17,312,-0.00034747435711324215
55,111,17,311,-0.00015032445662654936
55,112,17,310,-0.0007010451517999172
55,113,17,415,-3.7836780393263325e-05
55,114,17,308,-0.0003496859862934798
55,115,17,324,-0.00013351289089769125
55,116,17,318,-3.752217162400484e-05
55,117,17,402,-9.292393951909617e-05
55,118,17,317,0.0001642125571379438
56,57,11,72,-0.00022004780475981534
56,58,11,73,-0.00021485528850462288
56,59,11,74,0.0002205957134719938
56,60,11,184,8.919448009692132e-05
56,61,11,77,0.00016008921375032514
56,62,11,90,5.7642017054604366e-05
56,63,11,180,-0.00016437929298263043
56,64,11,85,-1.829949724196922e-05
56,65,11,16,0.00012621612404473126
56,66,11,12,-0.0001421955821570009
56,67,11,38,-6.388759356923401e-05
56,68,11,41,-0.00014991902571637183
56,69,11,42,-0.0004403065249789506
56,70,11,96,0.0001552518515381962
56,71,11,89,1.2238002454978414e-05
56,72,11,179,-0.00012829845945816487
56,73,11,86,-0.0002854237100109458
56,74,11,15,-0.00013371300883591175
56,75,11,13,-0.0002800369693432003
56,76,11,82,-0.00022584045655094087
56,77,11,81,2.2249709218158387e-05
56,78,11,80,-0.0003328308812342584
56,79,11,191,-0.0003497313300613314
56,80,11,78,4.6772006498940755e-06
56,81,11,95,-0.0002762610383797437
56,82,11,88,5.0074744649464265e-05
56,83,11,178,-0.00018251848814543337
56,84,11,87,-8.281373447971418e-05
56,85,11,14,9.156025771517307e-05
56,86,11,267,0.0001478620688430965
56,87,11,269,4.1499191866023466e-05
56,88,11,270,7.087847188813612e-05
56,89,11,409,0.00012337313091848046
56,90,11,291,-2.5061131964321248e-05
56,91,11,375,0.00010654757352313027
56,92,11,321,2.6713454644777812e-05
56,93,11,405,0.0004946766421198845
56,94,11,314,6.598477193620056e-05
56,95,11,302,1.0666166417649947e-05
56,96,11,303,-8.339912892552093e-05
56,97,11,304,-1.1592581358854659e-05
56,98,11,408,-5.0127957365475595e-05
56,99,11,307,0.00010610219760565087
56,100,11,320,0.00021672235743608326
56,101,11,404,0.0006398364785127342
56,102,11,315,0.00013007165398448706
56,103,11,268,5.326889004209079e-05
56,104,11,271,7.564856059616432e-05
56,105,11,272,2.349410715396516e-05
56,106,11,325,0.00016787281492725015
56,107,11,319,0.00035554225905798376
56,108,11,403,0.00028031738474965096
56,109,11,316,0.0004410495748743415
56,110,11,312,0.00010780810407595709
56,111,11,311,0.00015073223039507866
56,112,11,310,-4.6481377466989215e-06
56,113,11,415,5.031530963606201e-05
56,114,11,308,0.00012372744095046073
56,115,11,324,-3.0118499125819653e-05
56,116,11,318,0.000302098982501775
56,117,11,402,0.00029718864243477583
56,118,11,317,0.0002208483056165278
57,58,72,73,-0.00040669128065928817
57,59,72,74,-0.0003399480483494699
57,60,72,184,6.39735662844032e-05
57,61,72,77,-7.327871571760625e-06
57,62,72,90,0.00010364345507696271
57,63,72,180,3.325245779706165e-05
57,64,72,85,0.00023415882606059313
57,65,72,16,0.00011979257396887988
57,66,72,12,9.017085176310502e-07
57,67,72,38,-6.292611942626536e-05
57,68,72,41,-0.0001939180219778791
57,69,72,42,8.684631029609591e-05
57,70,72,96,-5.139080167282373e-05
57,71,72,89,0.00018822404672391713
57,72,72,179,-0.0002300497581018135
57,73,72,86,0.0001957602216862142
57,74,72,15,0.00027308633434586227
57,75,72,13,-0.0003539177996572107
57,76,72,82,-0.00015078422438818961
57,77,72,81,-0.00019326263281982392
57,78,72,80,-4.7990331950131804e-05
57,79,72,191,-0.00011803734378190711
57,80,72,78,-1.4624908544647042e-05
57,81,72,95,-0.00010801116877701133
57,82,72,88,3.028046376130078e-05
57,83,72,178,-0.0004194140201434493
57,84,72,87,0.00020290474640205503
57,85,72,14,-9.322248661192134e-05
57,86,72,267,-0.00022524995438288897
57,87,72,269,8.780764619586989e-05
57,88,72,270,4.9052119720727205e-05
57,89,72,409,4.4683725718641654e-05
57,90,72,291,-3.785360968322493e-05
57,91,72,375,3.878822099068202e-06
57,92,72,321,2.8148673663963564e-05
57,93,72,405,0.00026436246116645634
57,94,72,314,0.0004109712899662554
57,95,72,302,0.00010903125075856224
57,96,72,303,-1.0014125564339338e-06
57,97,72,304,-5.900795804336667e-05
57,98,72,408,0.00012907711789011955
57,99,72,307,0.00018648857076186687
57,100,72,320,-5.1534821977838874e-05
57,101,72,404,0.000334482203470543
57,102,72,315,8.98279613466002e-05
57,103,72,268,-9.337397932540625e-05
57,104,72,271,0.0004000039480160922
57,105,72,272,7.90590092947241e-06
57,106,72,325,3.9892496715765446e-05
57,107,72,319,0.0003509906819090247
57,108,72,403,0.0007654230576008558
57,109,72,316,0.00035644895979203284
57,110,72,312,-0.00010603184637147933
57,111,72,311,7.69942271290347e-05
57,112,72,310,1.583175253472291e-05
57,113,72,415,-6.701888196403161e-05
57,114,72,308,-1.3394216693995986e-05
57,115,72,324,7.435267616529018e-05
57,116,72,318,2.0305971702327952e-05
57,117,72,402,0.000789529352914542
57,118,72,317,-0.00013808818766847253
58,59,73,74,-0.00018331286264583468
58,60,73,184,-4.0767292375676334e-05
58,61,73,77,-2.0362247596494853e-05
58,62,73,90,-2.6834295567823574e-06
58,63,73,180,2.5529063350404613e-05
58,64,73,85,0.0006066992646083236
58,65,73,16,-2.164763463952113e-05
58,66,73,12,7.59523436499876e-06
58,67,73,38,-0.00020636511908378452
58,68,73,41,-0.000137919036205858
58,69,73,42,-9.444928582524881e-05
58,70,73,96,-2.0335761291789822e-05
58,71,73,89,-1.872523353085853e-05
58,72,73,179,0.00020677670545410365
58,73,73,86,0.00016507180407643318
58,74,73,15,0.0001014449808280915
58,75,73,13,-5.4279033065540716e-05
58,76,73,82,-8.749138032726478e-06
58,77,73,81,8.510537736583501e-05
58,78,73,80,-8.336990140378475e-05
58,79,73,191,-2.565737122495193e-05
58,80,73,78,0.0001335106644546613
58,81,73,95,6.30752174402005e-06
58,82,73,88,-8.689211244927719e-05
58,83,73,178,5.939687252976e-05
58,84,73,87,-8.537236135452986e-05
58,85,73,14,5.434215199784376e-05
58,86,73,267,-6.251517334021628e-05
58,87,73,269,-0.00029867986449971795
58,88,73,270,3.9043923607096076e-05
58,89,73,409,4.063139567733742e-05
58,90,73,291,0.00024478675913996994
58,91,73,375,-9.03828622540459e-05
58,92,73,321,9.668190614320338e-06
58,93,73,405,2.8546830435516313e-05
58,94,73,314,0.0006081856554374099
58,95,73,302,9.081231110030785e-05
58,96,73,303,-0.00022051185078453273
58,97,73,304,-5.5778153182473034e-05
58,98,73,408,-5.387636974774068e-06
58,99,73,307,-1.8603232092573307e-05
58,100,73,320,0.00017653341637924314
58,101,73,404,-7.288800406968221e-05
58,102,73,315,6.270020821830258e-05
58,103,73,268,-7.39002280170098e-05
58,104,73,271,-5.8888086641673e-05
58,105,73,272,-8.396313205594197e-05
58,106,73,325,-4.13376692449674e-05
58,107,73,319,0.00031567024416290224
58,108,73,403,0.00020372873404994607
58,109,73,316,0.00022356153931468725
58,110,73,312,-0.00018847732280846685
58,111,73,311,-2.6263342078891583e-05
58,112,73,310,-9.680489165475592e-05
58,113,73,415,-1.304224042542046e-06
58,114,73,308,5.6397620937786996e-05
58,115,73,324,9.923416655510664e-05
58,116,73,318,-7.625599391758442e-05
58,117,73,402,7.070618448778987e-05
58,118,73,317,0.0003642498922999948
59,60,74,184,0.00010459704208187759
59,61,74,77,-0.0001872333523351699
59,62,74,90,-0.0001132143588620238
59,63,74,180,0.00014091005141381174
59,64,74,85,-0.0001746019843267277
59,65,74,16,0.0001688099146122113
59,66,74,12,0.000256298400927335
59,67,74,38,5.03438786836341e-05
59,68,74,41,-0.00015158290625549853
59,69,74,42,-3.062986797885969e-05
59,70,74,96,-0.0001439780171494931
59,71,74,89,0.0002229081146651879
59,72,74,179,7.382080366369337e-05
59,73,74,86,9.77965391939506e-05
59,74,74,15,0.00013304506137501448
59,75,74,13,0.00026698719011619687
59,76,74,82,-9.028550994116813e-05
59,77,74,81,5.9535719628911465e-05
59,78,74,80,0.00022675278887618333
59,79,74,191,-2.353959462197963e-05
59,80,74,78,8.170901310222689e-06
59,81,74,95,-0.00012271116429474205
59,82,74,88,7.944410754134879e-05
59,83,74,178,0.00041605683509260416
59,84,74,87,0.0002966883184853941
59,85,74,14,5.870426321052946e-05
59,86,74,267,-5.824637628393248e-05
59,87,74,269,-0.00010530045256018639
59,88,74,270,-0.000122693701996468
59,89,74,409,-0.0001502911763964221
59,90,74,291,-3.822300277533941e-05
59,91,74,375,0.00013038840552326292
59,92,74,321,-4.0445222111884505e-05
59,93,74,405,-0.0008304202347062528
59,94,74,314,0.0002791903680190444
59,95,74,302,0.0001333130494458601
59,96,74,303,6.552943523274735e-05
59,97,74,304,-3.873821333399974e-05
59,98,74,408,-0.000186706252861768
59,99,74,307,-4.301015906094108e-06
59,100,74,320,7.306878251256421e-05
59,101,74,404,0.0003748095186892897
59,102,74,315,-3.953596387873404e-05
59,103,74,268,8.643537876196206e-05
59,104,74,271,-0.00014514572103507817
59,105,74,272,-0.00017515875515528023
59,106,74,325,0.00011484523565741256
59,107,74,319,-1.3500512068276294e-05
59,108,74,403,7.277102122316137e-05
59,109,74,316,0.0002479444083292037
59,110,74,312,-0.0001539521908853203
59,111,74,311,-2.5733814254635945e-05
59,112,74,310,2.0926043362123892e-05
59,113,74,415,-4.3187395931454375e-05
59,114,74,308,2.1041145373601466e-05
59,115,74,324,0.00013969483552500606
59,116,74,318,1.666354000917636e-05
59,117,74,402,0.00021145200298633426
59,118,74,317,6.781503179809079e-05
60,61,184,77,-0.0003416159306652844
60,62,184,90,9.65316667134175e-06
60,63,184,180,0.00030243833316490054
60,64,184,85,0.001766366302035749
60,65,184,16,9.373734792461619e-05
60,66,184,12,-0.00023153591610025615
60,67,184,38,-0.00012309019803069532
60,68,184,41,7.081855437718332e-05
60,69,184,42,0.00010152125469176099
60,70,184,96,4.070711838721763e-06
60,71,184,89,-1.720448926789686e-05
60,72,184,179,0.00012501083256211132
60,73,184,86,0.00012110569514334202
60,74,184,15,5.9759942814707756e-05
60,75,184,13,-0.00010428720997879282
60,76,184,82,0.00010623176058288664
60,77,184,81,-7.48509555705823e-05
60,78,184,80,-9.543518899590708e-06
60,79,184,191,-7.625827856827527e-05
60,80,184,78,-0.00016190577298402786
60,81,184,95,0.000179893642780371
60,82,184,88,0.00023710883397143334
60,83,184,178,0.00027163696358911693
60,84,184,87,0.00020488833251874894
60,85,184,14,0.0002733090950641781
60,86,184,267,0.0002656198921613395
60,87,184,269,5.0394912250339985e-05
60,88,184,270,0.009804390370845795
60,89,184,409,0.029727013781666756
60,90,184,291,0.041988588869571686
60,91,184,375,0.0001145698333857581
60,92,184,321,-7.805350833223201e-06
60,93,184,405,-4.6761593694100156e-05
60,94,184,314,-4.324983092374168e-05
60,95,184,302,-9.271319140680134e-05
60,96,184,303,1.8969722077599727e-05
60,97,184,304,0.009864301420748234
60,98,184,408,0.025317883118987083
60,99,184,307,-0.00027057272382080555
60,100,184,320,-5.492714626598172e-05
60,101,184,404,4.4135555071989074e-05
60,102,184,315,0.0004094097821507603
60,103,184,268,2.865517853933852e-05
60,104,184,271,-1.1289536814729217e-05
60,105,184,272,2.3233717001858167e-05
60,106,184,325,-3.9690079574938864e-05
60,107,184,319,9.527705515210982e-06
60,108,184,403,5.235449498286471e-05
60,109,184,316,0.00040568760596215725
60,110,184,312,0.00018975752755068243
60,111,184,311,-2.7486254111863673e-05
60,112,184,310,2.746642530837562e-05
60,113,184,415,8.530482773494441e-06
60,114,184,308,0.0037090221885591745
60,115,184,324,-9.141820919467136e-05
60,116,184,318,8.294913277495652e-05
60,117,184,402,5.569522181758657e-05
60,118,184,317,0.00015123101184144616
61,62,77,90,0.00010793031106004491
61,63,77,180,5.542134749703109e-05
61,64,77,85,0.00043634790927171707
61,65,77,16,0.0005965637392364442
61,66,77,12,9.458268323214725e-05
61,67,77,38,2.6169056582148187e-05
61,68,77,41,0.00016826075443532318
61,69,77,42,8.603569585829973e-05
61,70,77,96,-2.3748696548864245e-05
61,71,77,89,-8.492715278407559e-05
61,72,77,179,0.0005518035031855106
61,73,77,86,0.0004968087887391448
61,74,77,15,0.00012780172983184457
61,75,77,13,6.833534280303866e-05
61,76,77,82,6.568257504113717e-06
61,77,77,81,0.00018539554730523378
61,78,77,80,2.1141300749150105e-05
61,79,77,191,-6.222915544640273e-05
61,80,77,78,-3.300253229099326e-05
61,81,77,95,-0.00016427105583716184
61,82,77,88,0.0001607037556823343
61,83,77,178,0.0004938592319376767
61,84,77,87,0.0003899692092090845
61,85,77,14,0.000248379772529006
61,86,77,267,-2.7620251785265282e-05
61,87,77,269,5.345838872017339e-05
61,88,77,270,-8.306773088406771e-05
61,89,77,409,0.03383874520659447
61,90,77,291,0.03822112828493118
61,91,77,375,-0.00017887524154502898
61,92,77,321,-6.802007192163728e-06
61,93,77,405,0.0001631104969419539
61,94,77,314,-0.00015510289813391864
61,95,77,302,0.00012045330367982388
61,96,77,303,-0.00017606845358386636
61,97,77,304,-7.337978604482487e-05
61,98,77,408,0.00011438476212788373
61,99,77,307,-6.570650293724611e-05
61,100,77,320,9.919186413753778e-05
61,101,77,404,-8.302950504912587e-07
61,102,77,315,4.000237458967604e-05
61,103,77,268,-0.00014049159653950483
61,104,77,271,0.00012797494127880782
61,105,77,272,2.1499025024240837e-05
61,106,77,325,-4.109726069145836e-05
61,107,77,319,6.023806781740859e-05
61,108,77,403,0.00043406971963122487
61,109,77,316,0.0001428524119546637
61,110,77,312,-3.0709648854099214e-05
61,111,77,311,-0.0001214683215948753
61,112,77,310,7.197800005087629e-05
61,113,77,415,-0.00015773053746670485
61,114,77,308,0.006941069383174181
61,115,77,324,-0.00020539028628263623
61,116,77,318,1.4323335562949069e-05
61,117,77,402,0.00010719203419284895
61,118,77,317,3.002220364578534e-05
62,63,90,180,6.0827962442999706e-05
62,64,90,85,0.0003510718233883381
62,65,90,16,0.00012451360817067325
62,66,90,12,-5.904820864088833e-05
62,67,90,38,4.994299160898663e-05
62,68,90,41,0.00016695620433893055
62,69,90,42,-0.00028324485174380243
62,70,90,96,-5.843213330081198e-06
62,71,90,89,0.0002705123624764383
62,72,90,179,0.00010384966299170628
62,73,90,86,0.00013874327123630792
62,74,90,15,0.00012202764628455043
62,75,90,13,-9.361129195895046e-05
62,76,90,82,1.425213849870488e-05
62,77,90,81,-1.2052706551912706e-05
62,78,90,80,5.816462817165302e-06
62,79,90,191,0.00022052600979804993
62,80,90,78,0.0002245925716124475
62,81,90,95,0.00014705995272379369
62,82,90,88,0.0002887049922719598
62,83,90,178,0.00012085071648471057
62,84,90,87,-1.4523907339025754e-05
62,85,90,14,-6.358691462082788e-05
62,86,90,267,5.3556312195723876e-05
62,87,90,269,0.0001247286272700876
62,88,90,270,2.993830457853619e-05
62,89,90,409,-6.912281605764292e-06
62,90,90,291,-0.00018935576372314245
62,91,90,375,0.00016070010315161198
62,92,90,321,-3.402816582820378e-05
62,93,90,405,2.6144611183553934e-05
62,94,90,314,-0.0002774648310150951
62,95,90,302,-7.49951550460537e-06
62,96,90,303,-0.00022353643726091832
62,97,90,304,-5.4547479521716014e-05
62,98,90,408,0.000103617952845525
62,99,90,307,-6.971442053327337e-05
62,100,90,320,2.1910744180786423e-05
62,101,90,404,4.287252068024827e-06
62,102,90,315,5.783965389127843e-05
62,103,90,268,-6.186021346366033e-05
62,104,90,271,-4.962005186825991e-05
62,105,90,272,-0.00010591382306301966
62,106,90,325,-8.41047876747325e-05
62,107,90,319,1.7296306396019645e-05
62,108,90,403,0.00014186538464855403
62,109,90,316,-3.628063859650865e-05
62,110,90,312,-0.00023389609123114496
62,111,90,311,-7.32683329260908e-05
62,112,90,310,-0.00014281221956480294
62,113,90,415,0.00016210846661124378
62,114,90,308,-0.00031410358496941626
62,115,90,324,-0.00015239164349623024
62,116,90,318,0.0001891134597826749
62,117,90,402,0.00016045912343543023
62,118,90,317,-0.00011540175910340622
63,64,180,85,-8.291463018395007e-05
63,65,180,16,0.0003384111332707107
63,66,180,12,-8.2603313785512e-05
63,67,180,38,8.885686111170799e-05
63,68,180,41,2.5197728973580524e-05
63,69,180,42,0.0001586627768119797
63,70,180,96,-1.3758075510850176e-05
63,71,180,89,4.1505732042423915e-06
63,72,180,179,0.000110813052742742
63,73,180,86,-4.530948353931308e-05
63,74,180,15,0.00019113195594400167
63,75,180,13,-0.00010040798224508762
63,76,180,82,-9.997239976655692e-05
63,77,180,81,7.499453658965649e-06
63,78,180,80,0.0002821994130499661
63,79,180,191,0.000302222091704607
63,80,180,78,0.00016323559975717217
63,81,180,95,2.5142840968328528e-05
63,82,180,88,0.00020817328186240047
63,83,180,178,0.00014033638581167907
63,84,180,87,2.6573413833830273e-06
63,85,180,14,-5.052486449130811e-05
63,86,180,267,-0.0004661765997298062
63,87,180,269,3.9563110476592556e-05
63,88,180,270,-1.6632697224849835e-05
63,89,180,409,-4.372643161332235e-05
63,90,180,291,3.8150632462929934e-05
63,91,180,375,0.00011333228758303449
63,92,180,321,-0.00012391900236252695
63,93,180,405,0.00015168932441156358
63,94,180,314,9.910067456075922e-05
63,95,180,302,-3.0777071060583694e-06
63,96,180,303,-0.00014596915571019053
63,97,180,304,-5.738799154642038e-05
63,98,180,408,-7.207458838820457e-05
63,99,180,307,1.22666715469677e-05
63,100,180,320,-8.435889321845025e-05
63,101,180,404,-0.0002406886051176116
63,102,180,315,-1.9082815924775787e-05
63,103,180,268,-0.0003823810548055917
63,104,180,271,3.5338831366971135e-05
63,105,180,272,1.673458973527886e-05
63,106,180,325,3.68058099411428e-05
63,107,180,319,9.186039278574754e-06
63,108,180,403,1.880253512354102e-05
63,109,180,316,3.260551602579653e-05
63,110,180,312,-1.7357198885292746e-05
63,111,180,311,-0.0001305233599850908
63,112,180,310,-5.909348328714259e-05
63,113,180,415,-0.00031326714088208973
63,114,180,308,-0.0001431284035788849
63,115,180,324,-9.340788528788835e-05
63,116,180,318,-0.00011201976303709671
63,117,180,402,9.829730515775736e-06
63,118,180,317,-2.932136158051435e-05
64,65,85,16,2.9305041607585736e-05
64,66,85,12,-0.00029884683317504823
64,67,85,38,1.8236134565086104e-05
64,68,85,41,-0.00013363026664592326
64,69,85,42,0.0004956290940754116
64,70,85,96,0.00037480361061170697
64,71,85,89,0.00011304519284749404
64,72,85,179,0.0002009938471019268
64,73,85,86,0.0001159811727120541
64,74,85,15,-6.919564725649252e-07
64,75,85,13,-0.0003451766970101744
64,76,85,82,-0.00015610245463903993
64,77,85,81,0.00016193295596167445
64,78,85,80,0.0003763618879020214
64,79,85,191,9.994902939070016e-05
64,80,85,78,-5.4196923883864656e-05
64,81,85,95,-4.953217739966931e-06
64,82,85,88,0.0002600715961307287
64,83,85,178,-2.779317037493456e-05
64,84,85,87,4.6038785512791947e-05
64,85,85,14,-0.0001546160929137841
64,86,85,267,-0.00016008132661227137
64,87,85,269,-3.447000199230388e-05
64,88,85,270,-6.555215804837644e-05
64,89,85,409,-0.00024970161030068994
64,90,85,291,1.6679283589837723e-06
64,91,85,375,-0.0002751172287389636
64,92,85,321,-0.00018121697939932346
64,93,85,405,8.605135008110665e-06
64,94,85,314,-1.5164549949986394e-05
64,95,85,302,-0.00017485773423686624
64,96,85,303,-0.00012287512072362006
64,97,85,304,-0.0003370580088812858
64,98,85,408,-0.00031016068533062935
64,99,85,307,-0.001079777954146266
64,100,85,320,-0.00010457521420903504
64,101,85,404,0.00020739383762702346
64,102,85,315,1.2948728908668272e-05
64,103,85,268,2.2179419829626568e-05
64,104,85,271,0.00010435727017465979
64,105,85,272,-0.00010921370994765311
64,106,85,325,-1.3920311175752431e-05
64,107,85,319,4.154248381382786e-05
64,108,85,403,-5.0811526307370514e-05
64,109,85,316,-0.000134444868308492
64,110,85,312,-0.00014846434351056814
64,111,85,311,-7.574528808618197e-06
64,112,85,310,-0.0002802510280162096
64,113,85,415,2.1514346371986903e-05
64,114,85,308,0.00019860145403072238
64,115,85,324,0.0011740203481167555
64,116,85,318,-3.948960147681646e-05
64,117,85,402,-0.00011139388516312465
64,118,85,317,-0.00013945707178208977
65,66,16,12,0.0003679902874864638
65,67,16,38,0.0003462354652583599
65,68,16,41,0.00023095161304809153
65,69,16,42,0.00010373589611845091
65,70,16,96,0.00012331055768299848
65,71,16,89,0.0001709873613435775
65,72,16,179,4.0000824810704216e-05
65,73,16,86,9.268448047805578e-05
65,74,16,15,6.996981392148882e-05
65,75,16,13,0.0002611062373034656
65,76,16,82,0.00042578557622618973
65,77,16,81,0.0001188444221043028
65,78,16,80,0.00010587133874651045
65,79,16,191,-0.00015934462135192007
65,80,16,78,8.757155592320487e-05
65,81,16,95,0.00019265545415692031
65,82,16,88,-0.00014420242223422974
65,83,16,178,-0.00010726309119490907
65,84,16,87,3.5906203265767545e-05
65,85,16,14,0.0002954450319521129
65,86,16,267,-0.00013686672900803387
65,87,16,269,-1.5892293959041126e-05
65,88,16,270,-0.00018245808314532042
65,89,16,409,-0.00012318526569288224
65,90,16,291,-9.758935630088672e-05
65,91,16,375,-0.0001780276361387223
65,92,16,321,0.0002161712181987241
65,93,16,405,-0.000107364117866382
65,94,16,314,-5.699093162547797e-05
65,95,16,302,-0.00010642055713105947
65,96,16,303,-0.0001492630981374532
65,97,16,304,-0.00021780654788017273
65,98,16,408,-0.00027868300094269216
65,99,16,307,-0.00020663578470703214
65,100,16,320,-4.3035237467847764e-05
65,101,16,404,-9.101154137169942e-05
65,102,16,315,7.664444274269044e-05
65,103,16,268,-0.00013588591536972672
65,104,16,271,7.456696766894311e-05
65,105,16,272,7.251386250572978e-06
65,106,16,325,-6.429482164094225e-05
65,107,16,319,0.00017185199249070138
65,108,16,403,7.35479115974158e-05
65,109,16,316,-2.2910629922989756e-05
65,110,16,312,-0.00016482268983963877
65,111,16,311,-0.00030474577215500176
65,112,16,310,-0.00010241826385026798
65,113,16,415,-0.0002522856811992824
65,114,16,308,-0.0004779718874488026
65,115,16,324,-0.0004691101494245231
65,116,16,318,-2.2844444174552336e-05
65,117,16,402,-0.00015066862397361547
65,118,16,317,-0.00012061910092597827
66,67,12,38,0.00016126885020639747
66,68,12,41,7.639324758201838e-05
66,69,12,42,-0.00017158471746370196
66,70,12,96,-3.401698268135078e-05
66,71,12,89,-7.500864012399688e-05
66,72,12,179,-0.00031782605219632387
66,73,12,86,-0.00025807213387452066
66,74,12,15,-0.00023991390480659902
66,75,12,13,-8.191827510017902e-05
66,76,12,82,-0.00013372351531870663
66,77,12,81,-0.00018533781985752285
66,78,12,80,2.9972785341669805e-05
66,79,12,191,-6.87414503772743e-05
66,80,12,78,0.00013787606440018862
66,81,12,95,-7.203857967397198e-05
66,82,12,88,-0.0005031077307648957
66,83,12,178,0.00012496915587689728
66,84,12,87,-5.654972846969031e-05
66,85,12,14,-7.670441118534654e-05
66,86,12,267,-7.24808414815925e-05
66,87,12,269,0.00019169331062585115
66,88,12,270,5.42391135240905e-05
66,89,12,409,0.0001555825729155913
66,90,12,291,0.00010628547170199454
66,91,12,375,9.647937258705497e-05
66,92,12,321,4.1733612306416035e-05
66,93,12,405,0.0007547028362751007
66,94,12,314,6.326632501441054e-06
66,95,12,302,-0.0001237935503013432
66,96,12,303,7.32016924303025e-05
66,97,12,304,-9.027851046994328e-05
66,98,12,408,0.0001417202438460663
66,99,12,307,0.00014071138866711408
66,100,12,320,3.406235919101164e-05
66,101,12,404,0.00018048778292723
66,102,12,315,0.00030386573052965105
66,103,12,268,-0.00023217966372612864
66,104,12,271,0.00017656435375101864
66,105,12,272,-9.477671119384468e-05
66,106,12,325,7.549741712864488e-05
66,107,12,319,0.0002868671726901084
66,108,12,403,0.00027530352235771716
66,109,12,316,0.00059597595827654
66,110,12,312,0.00010351662058383226
66,111,12,311,6.694604962831363e-06
66,112,12,310,-7.370321691269055e-05
66,113,12,415,-0.00018543409532867372
66,114,12,308,0.0001691169454716146
66,115,12,324,6.830207712482661e-05
66,116,12,318,-1.681757566984743e-05
66,117,12,402,0.00028101587668061256
66,118,12,317,0.00034073705319315195
67,68,38,41,-4.9607620894676074e-05
67,69,38,42,2.161226984753739e-05
67,70,38,96,-4.554256156552583e-05
67,71,38,89,6.324077548924834e-05
67,72,38,179,-0.00018900551367551088
67,73,38,86,0.00010317198757547885
67,74,38,15,9.284564839617815e-06
67,75,38,13,-0.0002617330173961818
67,76,38,82,4.864570655627176e-05
67,77,38,81,-4.465380698093213e-05
67,78,38,80,0.00019256211817264557
67,79,38,191,9.922667959472165e-05
67,80,38,78,0.00012705645349342376
67,81,38,95,0.0001889881386887282
67,82,38,88,4.498495036386885e-05
67,83,38,178,-0.0002367834676988423
67,84,38,87,4.413181159179658e-05
67,85,38,14,3.2144595024874434e-05
67,86,38,267,-0.00025862606707960367
67,87,38,269,-4.688707849709317e-05
67,88,38,270,4.439098120201379e-05
67,89,38,409,0.0001377566804876551
67,90,38,291,9.033623791765422e-05
67,91,38,375,-1.6963733287411742e-05
67,92,38,321,0.0002736541791819036
67,93,38,405,0.00037321477429941297
67,94,38,314,0.0002768762642517686
67,95,38,302,2.617008931338205e-06
67,96,38,303,-9.701849921839312e-05
67,97,38,304,0.0001247140025952831
67,98,38,408,4.754781002702657e-06
67,99,38,307,-0.00015090992383193225
67,100,38,320,-5.904111822019331e-05
67,101,38,404,0.0004644286527764052
67,102,38,315,-4.47603379143402e-05
67,103,38,268,0.00010341533925384283
67,104,38,271,4.011852797702886e-05
67,105,38,272,-6.835861859144643e-05
67,106,38,325,3.61344100383576e-05
67,107,38,319,0.00043557066237553954
67,108,38,403,0.00040248720324598253
67,109,38,316,0.00018601999909151345
67,110,38,312,3.691776146297343e-05
67,111,38,311,0.0001248493790626526
67,112,38,310,4.0550236008130014e-05
67,113,38,415,6.284723349381238e-05
67,114,38,308,-0.00010920927161350846
67,115,38,324,-5.2856623369734734e-05
67,116,38,318,4.114393232157454e-05
67,117,38,402,0.0003549122775439173
67,118,38,317,-9.73451096797362e-05
68,69,41,42,-0.00015586237714160234
68,70,41,96,-4.6183304220903665e-05
68,71,41,89,-0.00011698989692376927
68,72,41,179,-8.240465103881434e-05
68,73,41,86,3.7665267882402986e-05
68,74,41,15,5.3519175708061084e-05
68,75,41,13,-0.00015427591279149055
68,76,41,82,-0.0004923653323203325
68,77,41,81,-0.00011653616093099117
68,78,41,80,-0.00013133595348335803
68,79,41,191,0.0001036417597788386
68,80,41,78,0.00026452046586200595
68,81,41,95,-0.00021478898997884244
68,82,41,88,6.151480920379981e-05
68,83,41,178,0.0003763253625947982
68,84,41,87,5.319665069691837e-05
68,85,41,14,-0.00025977735640481114
68,86,41,267,-8.954737131716684e-05
68,87,41,269,-3.3491425710963085e-05
68,88,41,270,-0.0001186088629765436
68,89,41,409,2.197676394644077e-06
68,90,41,291,-0.00010034019214799628
68,91,41,375,-7.674269909330178e-06
68,92,41,321,0.00017072480113711208
68,93,41,405,0.00016493251314386725
68,94,41,314,0.00046626923722214997
68,95,41,302,-0.00011474338680272922
68,96,41,303,-0.00011819139763247222
68,97,41,304,-7.02087054378353e-05
68,98,41,408,2.1764506527688354e-05
68,99,41,307,0.00016553224122617394
68,100,41,320,0.00023793803120497614
68,101,41,404,0.00036286102840676904
68,102,41,315,0.00029991401243023574
68,103,41,268,-7.814735727151856e-05
68,104,41,271,-2.916247831308283e-05
68,105,41,272,-4.6220993681345135e-05
68,106,41,325,5.602285818895325e-05
68,107,41,319,0.00016989759751595557
68,108,41,403,-1.459652867197292e-05
68,109,41,316,0.0005636799614876509
68,110,41,312,0.00014237879076972604
68,111,41,311,9.539770690025762e-05
68,112,41,310,-0.00021005577582400292
68,113,41,415,-0.00010632051271386445
68,114,41,308,-0.005096090491861105
68,115,41,324,4.26113219873514e-05
68,116,41,318,-5.421424066298641e-05
68,117,41,402,0.00033516596886329353
68,118,41,317,1.8340841052122414e-05
69,70,42,96,-3.281636236351915e-05
69,71,42,89,7.378737791441381e-05
69,72,42,179,-0.00019285008602309972
69,73,42,86,-1.4354417544382159e-05
69,74,42,15,0.00041860592318698764
69,75,42,13,-6.900232983753085e-05
69,76,42,82,-1.3165414202376269e-05
69,77,42,81,2.0840889192186296e-06
69,78,42,80,-0.00018068576173391193
69,79,42,191,-5.784356835647486e-05
69,80,42,78,0.0003824588202405721
69,81,42,95,-4.531022204901092e-05
69,82,42,88,-0.0001644402218516916
69,83,42,178,0.00037061242619529366
69,84,42,87,6.256849883357063e-05
69,85,42,14,-6.42619634163566e-05
69,86,42,267,-0.0002445715363137424
69,87,42,269,-5.449511809274554e-05
69,88,42,270,-0.00010571831080596894
69,89,42,409,-0.0001048503108904697
69,90,42,291,0.0001429433177690953
69,91,42,375,0.00015203794464468956
69,92,42,321,-0.00012696096382569522
69,93,42,405,0.00014815542090218514
69,94,42,314,5.3375733841676265e-05
69,95,42,302,-0.00010674961959011853
69,96,42,303,-0.0001058143243426457
69,97,42,304,-0.00011180583533132449
69,98,42,408,-4.91911378048826e-05
69,99,42,307,5.93508048041258e-05
69,100,42,320,0.00010916085011558607
69,101,42,404,0.00013121873780619353
69,102,42,315,0.00011500978871481493
69,103,42,268,-0.00011118106340290979
69,104,42,271,1.4053061022423208e-05
69,105,42,272,-0.0001837323361542076
69,106,42,325,-2.0032150132465176e-05
69,107,42,319,4.472209184314124e-05
69,108,42,403,0.0008130355854518712
69,109,42,316,4.3017626012442634e-05
69,110,42,312,0.0001598625531187281
69,111,42,311,4.958344288752414e-05
69,112,42,310,-6.350249168463051e-05
69,113,42,415,0.0001011086133075878
69,114,42,308,-0.011789831332862377
69,115,42,324,-9.965691424440593e-05
69,116,42,318,0.00023264120682142675
69,117,42,402,0.0004931806470267475
69,118,42,317,-5.105775926494971e-05
70,71,96,89,7.267265027621761e-05
70,72,96,179,0.00018883137090597302
70,73,96,86,0.00019724524463526905
70,74,96,15,0.0002624801127240062
70,75,96,13,-0.00022968376288190484
70,76,96,82,-6.124222272774205e-05
70,77,96,81,-9.901678276946768e-05
70,78,96,80,-0.00011266697401879355
70,79,96,191,-4.7800982429180294e-05
70,80,96,78,-3.049730003112927e-05
70,81,96,95,-2.11446840694407e-05
70,82,96,88,-3.4115273592760786e-05
70,83,96,178,9.293973562307656e-05
70,84,96,87,0.00023796474852133542
70,85,96,14,0.00023385704844258726
70,86,96,267,-0.00033723388332873583
70,87,96,269,0.00012587671517394483
70,88,96,270,0.00015528695075772703
70,89,96,409,0.00018987542716786265
70,90,96,291,0.04254591837525368
70,91,96,375,-0.0001292644301429391
70,92,96,321,0.00017141543503385037
70,93,96,405,6.380464583344292e-06
70,94,96,314,0.0003029955259989947
70,95,96,302,-0.00015743459516670555
70,96,96,303,-8.295134466607124e-05
70,97,96,304,-9.65034996625036e-05
70,98,96,408,-5.931944997428218e-06
70,99,96,307,-0.00012731146125588566
70,100,96,320,-1.549982334836386e-05
70,101,96,404,0.00038137700175866485
70,102,96,315,5.798418715130538e-05
70,103,96,268,-4.094488758710213e-05
70,104,96,271,9.278069774154574e-05
70,105,96,272,-7.419452595058829e-05
70,106,96,325,0.00014718002057634294
70,107,96,319,-4.877451283391565e-05
70,108,96,403,-2.2353671738528647e-05
70,109,96,316,0.00010388519876869395
70,110,96,312,-2.269594006065745e-05
70,111,96,311,1.4380834727489855e-05
70,112,96,310,2.422830402792897e-05
70,113,96,415,-0.010259304195642471
70,114,96,308,0.0016522308578714728
70,115,96,324,-3.9969927456695586e-05
70,116,96,318,2.5119137717410922e-05
70,117,96,402,-1.6720714484108612e-05
70,118,96,317,-0.00015625848027411848
71,72,89,179,-0.00010607563308440149
71,73,89,86,-0.00013251214113552123
71,74,89,15,0.00020031307940371335
71,75,89,13,1.5873718439252116e-05
71,76,89,82,8.842576062306762e-05
71,77,89,81,-0.0001345327473245561
71,78,89,80,-0.00019065954256802797
71,79,89,191,0.00016489096742589027
71,80,89,78,0.0001850970002124086
71,81,89,95,-1.9824054106720723e-05
71,82,89,88,0.00011558444384718314
71,83,89,178,-0.00018660209025256336
71,84,89,87,-0.0002686704392544925
71,85,89,14,2.660999962245114e-05
71,86,89,267,-0.00016433927521575242
71,87,89,269,3.664672112790868e-05
71,88,89,270,4.387893932289444e-05
71,89,89,409,-0.00013903770013712347
71,90,89,291,9.031491936184466e-05
71,91,89,375,-0.00010196938819717616
71,92,89,321,-1.1986980098299682e-05
71,93,89,405,2.115359893650748e-05
71,94,89,314,-0.00016093871090561152
71,95,89,302,4.249698395142332e-05
71,96,89,303,-0.0001207606474054046
71,97,89,304,-0.00010376151476521045
71,98,89,408,-7.145477138692513e-05
71,99,89,307,-0.00016043429786805063
71,100,89,320,9.455969120608643e-06
71,101,89,404,4.86287972307764e-05
71,102,89,315,0.0001735942205414176
71,103,89,268,3.541942351148464e-05
71,104,89,271,-3.776497032959014e-05
71,105,89,272,-3.366761302459054e-05
71,106,89,325,-6.305600254563615e-05
71,107,89,319,-0.00019514946325216442
71,108,89,403,0.00013047346146777272
71,109,89,316,0.00012643160880543292
71,110,89,312,5.938929825788364e-05
71,111,89,311,4.752531094709411e-05
71,112,89,310,-0.00013072500587441027
71,113,89,415,-0.00019022168999072164
71,114,89,308,-0.0003590793930925429
71,115,89,324,-6.329151074169204e-05
71,116,89,318,9.302787657361478e-05
71,117,89,402,2.2466061636805534e-05
71,118,89,317,2.712111154323793e-06
72,73,179,86,0.00012565079669002444
72,74,179,15,0.00012842366413678974
72,75,179,13,-5.780560240964405e-05
72,76,179,82,-0.00011520220868987963
72,77,179,81,-0.00013427009980659932
72,78,179,80,0.0002525673480704427
72,79,179,191,0.0001584678830113262
72,80,179,78,-0.0001373522391077131
72,81,179,95,0.00012984048225916922
72,82,179,88,0.00010800475865835324
72,83,179,178,0.00017962550919037312
72,84,179,87,3.185407695127651e-05
72,85,179,14,1.2440253158274572e-05
72,86,179,267,5.4511590860784054e-05
72,87,179,269,0.00013682569260708988
72,88,179,270,-5.0132985052186996e-05
72,89,179,409,-7.414751598844305e-05
72,90,179,291,-0.00019839951710309833
72,91,179,375,8.482415432808921e-05
72,92,179,321,0.00010941367509076372
72,93,179,405,-0.00015910893853288144
72,94,179,314,5.2830142521997914e-05
72,95,179,302,4.8911617341218516e-05
72,96,179,303,-0.00012706640700343996
72,97,179,304,-2.991762630699668e-05
72,98,179,408,-0.00037301305565051734
72,99,179,307,-0.0001269406348001212
72,100,179,320,-0.00014412826567422599
72,101,179,404,-4.825182259082794e-05
72,102,179,315,-8.464518032269552e-06
72,103,179,268,5.076369779999368e-05
72,104,179,271,-8.637355495011434e-05
72,105,179,272,-1.2214687558298465e-05
72,106,179,325,-0.00016178074292838573
72,107,179,319,-0.00013832292461302131
72,108,179,403,-1.757356949383393e-05
72,109,179,316,0.0002897829399444163
72,110,179,312,-0.00016057005268521607
72,111,179,311,-0.0005395333282649517
72,112,179,310,6.60381920170039e-05
72,113,179,415,-0.00018639078189153224
72,114,179,308,7.255534001160413e-05
72,115,179,324,-0.00029194666421972215
72,116,179,318,-7.930399442557245e-05
72,117,179,402,0.00010148619185201824
72,118,179,317,-3.930670936824754e-05
73,74,86,15,-3.1084480724530295e-05
73,75,86,13,-0.00024774513440206647
73,76,86,82,-9.868544293567538e-05
73,77,86,81,0.00027624110225588083
73,78,86,80,0.00015460039139725268
73,79,86,191,0.0004039669001940638
73,80,86,78,0.0001883148797787726
73,81,86,95,0.00011640042066574097
73,82,86,88,0.00027897823019884527
73,83,86,178,0.0001801115577109158
73,84,86,87,0.00013672026398126036
73,85,86,14,-0.00018600087787490338
73,86,86,267,-7.097645720932633e-05
73,87,86,269,-4.169005842413753e-05
73,88,86,270,2.5763920348254032e-05
73,89,86,409,-0.0001270329812541604
73,90,86,291,-0.00018665476818569005
73,91,86,375,4.689492561738007e-05
73,92,86,321,0.00010716741962824017
73,93,86,405,-2.9943703339085914e-05
73,94,86,314,5.702048656530678e-05
73,95,86,302,-0.00012203201913507655
73,96,86,303,-4.321179585531354e-05
73,97,86,304,-0.00040123562212102115
73,98,86,408,-0.00022742556757293642
73,99,86,307,5.9404261264717206e-05
73,100,86,320,0.00023052147298585624
73,101,86,404,-2.4659540940774605e-05
73,102,86,315,-0.00015596409502904862
73,103,86,268,-0.00011330184497637674
73,104,86,271,5.997211701469496e-05
73,105,86,272,-0.00022999636712484062
73,106,86,325,-5.3088788263266906e-05
73,107,86,319,-8.790340507403016e-05
73,108,86,403,7.103842654032633e-05
73,109,86,316,0.00017063971608877182
73,110,86,312,-0.0003301122924312949
73,111,86,311,-0.000326618057442829
73,112,86,310,-0.0005717588937841356
73,113,86,415,-0.000296317768516019
73,114,86,308,-6.034778198227286e-05
73,115,86,324,-0.00019305766909383237
73,116,86,318,7.472807192243636e-05
73,117,86,402,-0.00017359181947540492
73,118,86,317,-0.00017029166338033974
74,75,15,13,0.000564528745599091
74,76,15,82,0.00044684900785796344
74,77,15,81,0.00030694823362864554
74,78,15,80,0.0002976015966851264
74,79,15,191,6.234421016415581e-05
74,80,15,78,0.00014412071323022246
74,81,15,95,7.863574137445539e-05
74,82,15,88,0.00010199663665844128
74,83,15,178,-7.980647933436558e-05
74,84,15,87,-3.940362876164727e-05
74,85,15,14,-9.93008870864287e-05
74,86,15,267,-8.317238825839013e-05
74,87,15,269,-1.2528261322586332e-05
74,88,15,270,-0.00018724161782301962
74,89,15,409,-0.00047067899140529335
74,90,15,291,-0.0002297645842190832
74,91,15,375,-0.0001758175203576684
74,92,15,321,1.9287677787360735e-05
74,93,15,405,0.00014769792323932052
74,94,15,314,0.00010105540422955528
74,95,15,302,0.00011161342990817502
74,96,15,303,9.69824759522453e-05
74,97,15,304,-0.00023934466298669577
74,98,15,408,2.2916345187695697e-05
74,99,15,307,6.26071123406291e-05
74,100,15,320,0.00014034657215233892
74,101,15,404,-8.271034312201664e-05
74,102,15,315,-1.743134271237068e-05
74,103,15,268,-0.00017151878273580223
74,104,15,271,3.497226498438977e-05
74,105,15,272,-0.00011002412065863609
74,106,15,325,-0.00017942952399607748
74,107,15,319,-4.409285611473024e-05
74,108,15,403,1.841311859607231e-05
74,109,15,316,-9.895945549942553e-05
74,110,15,312,-0.0006073293043300509
74,111,15,311,-0.0006859590066596866
74,112,15,310,-0.0006532284314744174
74,113,15,415,-0.00019353959942236543
74,114,15,308,-0.00026407913537696004
74,115,15,324,-0.00011547196481842548
74,116,15,318,0.00012651925499085337
74,117,15,402,-3.343530261190608e-05
74,118,15,317,-8.244217497122008e-06
75,76,13,82,-0.0003314707719255239
75,77,13,81,-9.897199925035238e-05
75,78,13,80,-0.00013792708341497928
75,79,13,191,2.2876654838910326e-05
75,80,13,78,5.928723840042949e-05
75,81,13,95,-0.00013333081733435392
75,82,13,88,4.744207762996666e-05
75,83,13,178,4.316612375987461e-06
75,84,13,87,0.00011454585182946175
75,85,13,14,3.4977983887074515e-05
75,86,13,267,4.8272384447045624e-05
75,87,13,269,1.3930959539720789e-05
75,88,13,270,-0.00015942161553539336
75,89,13,409,0.00013215474609751254
75,90,13,291,0.00030043962760828435
75,91,13,375,-0.00011136730608996004
75,92,13,321,0.0004691642243415117
75,93,13,405,0.0004021829226985574
75,94,13,314,0.0003546395164448768
75,95,13,302,-0.00014847404963802546
75,96,13,303,-5.0154274504166096e-05
75,97,13,304,-0.0001699015701888129
75,98,13,408,6.663120439043269e-05
75,99,13,307,1.923967465700116e-05
75,100,13,320,0.00046915383427403867
75,101,13,404,0.0006662377272732556
75,102,13,315,0.00036557033308781683
75,103,13,268,9.61792920861626e-06
75,104,13,271,4.11110813729465e-05
75,105,13,272,3.5056476917816326e-05
75,106,13,325,-0.00020412332378327847
75,107,13,319,5.850265733897686e-05
75,108,13,403,5.164321555639617e-05
75,109,13,316,0.0007109396974556148
75,110,13,312,5.6825432693585753e-05
75,111,13,311,4.469763734959997e-05
75,112,13,310,-5.116912871017121e-05
75,113,13,415,-2.7437738026492298e-05
75,114,13,308,9.122207120526582e-05
75,115,13,324,0.0007331101223826408
75,116,13,318,-0.00019110827997792512
75,117,13,402,0.00018515301053412259
75,118,13,317,0.0004098042845726013
76,77,82,81,-9.994937863666564e-05
76,78,82,80,0.00015227790572680533
76,79,82,191,-1.901451832964085e-05
76,80,82,78,0.00020292116096243262
76,81,82,95,8.321693167090416e-05
76,82,82,88,0.000129002655739896
76,83,82,178,-0.0002972465881612152
76,84,82,87,-0.00014156190445646644
76,85,82,14,0.0004023441579192877
76,86,82,267,-0.00038400839548557997
76,87,82,269,5.51578268641606e-05
76,88,82,270,-3.526403452269733e-05
76,89,82,409,-4.740692020277493e-05
76,90,82,291,0.00017964151629712433
76,91,82,375,0.00017016085621435195
76,92,82,321,-3.903087417711504e-07
76,93,82,405,8.931842603487894e-05
76,94,82,314,0.0001941484515555203
76,95,82,302,-4.459699630388059e-05
76,96,82,303,0.00011139368871226907
76,97,82,304,0.0001421322813257575
76,98,82,408,1.9680401237565093e-05
76,99,82,307,-2.726624188653659e-05
76,100,82,320,0.00019210987375117838
76,101,82,404,0.0006320357788354158
76,102,82,315,0.0002680854522623122
76,103,82,268,8.962857100414112e-05
76,104,82,271,0.00021141493925824761
76,105,82,272,-9.857431905402336e-06
76,106,82,325,-0.00010752861999208108
76,107,82,319,0.0005224382621236145
76,108,82,403,0.0002656768192537129
76,109,82,316,0.0001487682166043669
76,110,82,312,-0.00013069437409285456
76,111,82,311,-7.12829059921205e-05
76,112,82,310,-0.0001676952961133793
76,113,82,415,-9.39384426601464e-06
76,114,82,308,-4.087006163899787e-05
76,115,82,324,0.0001534579205326736
76,116,82,318,-5.141941983310971e-06
76,117,82,402,8.735898154554889e-05
76,118,82,317,0.00031156998011283576
77,78,81,80,-0.00018883400480262935
77,79,81,191,5.7079363614320755e-05
77,80,81,78,2.26611846301239e-05
77,81,81,95,4.133796028327197e-05
77,82,81,88,3.854948954540305e-05
77,83,81,178,-0.00021433900110423565
77,84,81,87,0.0003498695732560009
77,85,81,14,-3.695335908560082e-05
77,86,81,267,0.00013805711932945997
77,87,81,269,9.017634147312492e-05
77,88,81,270,-0.0001075634136213921
77,89,81,409,-2.8177586500532925e-05
77,90,81,291,-0.00029038553475402296
77,91,81,375,1.3558281352743506e-05
77,92,81,321,0.00021136073337402195
77,93,81,405,7.879151962697506e-05
77,94,81,314,0.0006037058192305267
77,95,81,302,-0.0002669702807907015
77,96,81,303,-0.00021355159697122872
77,97,81,304,0.00010659878171281889
77,98,81,408,2.9443677703966387e-05
77,99,81,307,5.8294765040045604e-05
77,100,81,320,0.00022827330394648015
77,101,81,404,0.0007236239034682512
77,102,81,315,0.00046340253902599216
77,103,81,268,-0.00013673306966666132
77,104,81,271,-0.0001970052398974076
77,105,81,272,8.911838449421339e-06
77,106,81,325,0.00019935949239879847
77,107,81,319,0.0001494259195169434
77,108,81,403,0.0003066037315875292
77,109,81,316,0.00034850084921345115
77,110,81,312,-1.3424203643808141e-05
77,111,81,311,0.0001928076526382938
77,112,81,310,-9.633719309931621e-05
77,113,81,415,-6.026929258950986e-05
77,114,81,308,0.00151172059122473
77,115,81,324,-8.964342850958928e-05
77,116,81,318,-5.163820969755761e-05
77,117,81,402,0.0002732475404627621
77,118,81,317,0.00035616394598037004
78,79,80,191,-7.95030064182356e-05
78,80,80,78,0.0002386835840297863
78,81,80,95,-0.00018760630337055773
78,82,80,88,-5.325534220901318e-05
78,83,80,178,0.0006255693733692169
78,84,80,87,-0.00014917786756996065
78,85,80,14,2.369961066506221e-06
78,86,80,267,-3.691204256028868e-05
78,87,80,269,-9.849602065514773e-05
78,88,80,270,0.0001904310192912817
78,89,80,409,2.1408528482425027e-05
78,90,80,291,-0.0001637303939787671
78,91,80,375,5.5127056839410216e-05
78,92,80,321,7.654239743715152e-05
78,93,80,405,3.215769538655877e-05
78,94,80,314,0.0001597410737304017
78,95,80,302,-6.55652183922939e-05
78,96,80,303,-0.000144162739161402
78,97,80,304,-8.569575584260747e-05
78,98,80,408,-0.00018080230802297592
78,99,80,307,5.280006007524207e-05
78,100,80,320,5.71473083255114e-06
78,101,80,404,0.0002958836266770959
78,102,80,315,-3.889283834723756e-05
78,103,80,268,-1.6685422451701015e-05
78,104,80,271,0.00021888855553697795
78,105,80,272,-0.0001470214920118451
78,106,80,325,4.4610394979827106e-05
78,107,80,319,0.00010846935765584931
78,108,80,403,5.597617928287946e-06
78,109,80,316,0.00012118558515794575
78,110,80,312,9.855449206952471e-06
78,111,80,311,-1.1146896667924011e-06
78,112,80,310,-3.1745366868562996e-05
78,113,80,415,-0.00014520049444399774
78,114,80,308,0.00045356672490015626
78,115,80,324,-6.83480902807787e-05
78,116,80,318,0.00014411302981898189
78,117,80,402,0.00026382063515484333
78,118,80,317,9.907751518767327e-05
79,80,191,78,-0.00011689851089613512
79,81,191,95,0.0002443138509988785
79,82,191,88,0.000184482749318704
79,83,191,178,0.00018744893895927817
79,84,191,87,0.00024533685063943267
79,85,191,14,5.71836790186353e-05
79,86,191,267,4.073837408213876e-05
79,87,191,269,-3.7869678635615855e-05
79,88,191,270,-3.829985507763922e-05
79,89,191,409,-3.156643288093619e-06
79,90,191,291,0.0054642329923808575
79,91,191,375,6.518712325487286e-05
79,92,191,321,-3.388752884347923e-05
79,93,191,405,-0.0001302037708228454
79,94,191,314,-0.00024133603437803686
79,95,191,302,4.610757969203405e-05
79,96,191,303,-1.3190114259487018e-05
79,97,191,304,1.9518103727023117e-05
79,98,191,408,7.624933914485155e-06
79,99,191,307,0.00015430498751811683
79,100,191,320,8.912320481613278e-05
79,101,191,404,0.00023982769926078618
79,102,191,315,0.00037303377757780254
79,103,191,268,0.00020382239017635584
79,104,191,271,-1.1636880117293913e-05
79,105,191,272,-3.916323839803226e-05
79,106,191,325,-1.2147000234108418e-05
79,107,191,319,-3.4097256502718665e-06
79,108,191,403,-0.00015716331836301833
79,109,191,316,5.1280538173159584e-05
79,110,191,312,9.093205881072208e-05
79,111,191,311,1.7343589206575416e-05
79,112,191,310,-9.130572288995609e-05
79,113,191,415,6.141360790934414e-05
79,114,191,308,-1.5183734831225593e-05
79,115,191,324,-0.00011033536429749802
79,116,191,318,-0.00016542334924452007
79,117,191,402,3.451957354627666e-06
79,118,191,317,6.745087830495322e-06
80,81,78,95,0.0003005203034263104
80,82,78,88,0.0001910623104777187
80,83,78,178,-3.377343819011003e-05
80,84,78,87,0.00030382603290490806
80,85,78,14,0.00010697641118895262
80,86,78,267,4.022660868940875e-05
80,87,78,269,0.00032564959838055074
80,88,78,270,0.006995369214564562
80,89,78,409,0.0351027213037014
80,90,78,291,0.022904740646481514
80,91,78,375,-8.642575267003849e-06
80,92,78,321,0.00020267126092221588
80,93,78,405,-0.0001914152380777523
80,94,78,314,-0.00018842013378161937
80,95,78,302,0.00010225010191788897
80,96,78,303,7.304345490410924e-05
80,97,78,304,-0.0002497253881301731
80,98,78,408,0.032003577798604965
80,99,78,307,-3.420196662773378e-05
80,100,78,320,-2.8014737836201675e-05
80,101,78,404,-0.00012955430429428816
80,102,78,315,0.00030976784182712436
80,103,78,268,-7.411528599732264e-07
80,104,78,271,4.777458525495604e-05
80,105,78,272,1.2452343980839942e-05
80,106,78,325,5.850439993082546e-05
80,107,78,319,-6.872289668535814e-05
80,108,78,403,-0.00016289886843878776
80,109,78,316,0.0003949415113311261
80,110,78,312,-0.0001108261858462356
80,111,78,311,5.013412737753242e-05
80,112,78,310,0.003313301829621196
80,113,78,415,0.0014951337361708283
80,114,78,308,0.0003225154068786651
80,115,78,324,-0.0001544738479424268
80,116,78,318,1.9746084944927134e-05
80,117,78,402,7.996329804882407e-05
80,118,78,317,0.00023098009114619344
81,82,95,88,0.00021144638594705611
81,83,95,178,0.00019029424584005028
81,84,95,87,-0.0001850508851930499
81,85,95,14,0.00020875639165751636
81,86,95,267,-0.0005736821331083775
81,87,95,269,1.064471507561393e-05
81,88,95,270,-0.00020404857059475034
81,89,95,409,8.772124601819087e-06
81,90,95,291,0.04811227694153786
81,91,95,375,6.458578718593344e-05
81,92,95,321,3.7939931644359604e-05
81,93,95,405,-1.7739146642270498e-05
81,94,95,314,-0.0001919173519127071
81,95,95,302,-0.0005345630343072116
81,96,95,303,-0.0001116616913350299
81,97,95,304,-0.00012216364848427474
81,98,95,408,3.1284522265195847e-05
81,99,95,307,-0.00011377964983694255
81,100,95,320,1.9803093891823664e-05
81,101,95,404,-9.904112084768713e-05
81,102,95,315,0.0003467458882369101
81,103,95,268,8.400996011914685e-05
81,104,95,271,3.8742833567084745e-05
81,105,95,272,0.00010825262143043801
81,106,95,325,1.3282833606353961e-05
81,107,95,319,-0.0001270410866709426
81,108,95,403,5.441631583380513e-05
81,109,95,316,-0.0004294733807910234
81,110,95,312,-0.00018282582459505647
81,111,95,311,3.393851511646062e-05
81,112,95,310,0.0002727801911532879
81,113,95,415,-0.0021323198452591896
81,114,95,308,0.0016192456241697073
81,115,95,324,9.250896982848644e-05
81,116,95,318,0.00011064836871810257
81,117,95,402,-6.919184670550749e-05
81,118,95,317,-0.00017002952517941594
82,83,88,178,8.833635365590453e-05
82,84,88,87,-0.00021306487906258553
82,85,88,14,0.0001675944949965924
82,86,88,267,8.122622966766357e-05
82,87,88,269,0.00019186784629710019
82,88,88,270,-1.1681949217745569e-05
82,89,88,409,-0.00026203467859886587
82,90,88,291,-0.0001689833588898182
82,91,88,375,6.997686432441697e-05
82,92,88,321,1.7433054381399415e-05
82,93,88,405,-1.6262883946183138e-05
82,94,88,314,-4.126457861275412e-05
82,95,88,302,-4.8636069550411776e-05
82,96,88,303,7.02120887581259e-05
82,97,88,304,-6.726539140800014e-05
82,98,88,408,-1.0251621461065952e-05
82,99,88,307,-1.782818253559526e-05
82,100,88,320,-9.939294250216335e-05
82,101,88,404,2.115410279657226e-05
82,102,88,315,0.0001350220845779404
82,103,88,268,-3.2290638046106324e-05
82,104,88,271,0.00012715664342977107
82,105,88,272,7.693295628996566e-05
82,106,88,325,8.747231913730502e-05
82,107,88,319,-0.00013681084965355694
82,108,88,403,1.6033428664741223e-06
82,109,88,316,5.789447095594369e-05
82,110,88,312,-5.349971615942195e-06
82,111,88,311,-5.051974585512653e-05
82,112,88,310,-0.00024297719937749207
82,113,88,415,-0.00034003565087914467
82,114,88,308,5.953892832621932e-05
82,115,88,324,-0.00014326094242278486
82,116,88,318,-1.7303560525760986e-05
82,117,88,402,0.0001845487131504342
82,118,88,317,-0.00014740173355676234
83,84,178,87,5.354177483241074e-05
83,85,178,14,-4.236068343743682e-05
83,86,178,267,7.277782424353063e-05
83,87,178,269,-6.0750680859200656e-05
83,88,178,270,-1.467626020712487e-07
83,89,178,409,-0.0003363403957337141
83,90,178,291,-0.00010757332347566262
83,91,178,375,3.59747173206415e-05
83,92,178,321,2.6066920327139087e-05
83,93,178,405,-9.359068644698709e-05
83,94,178,314,-5.419552690000273e-05
83,95,178,302,-9.64812898018863e-06
83,96,178,303,4.736427217721939e-05
83,97,178,304,-1.7877646314445883e-05
83,98,178,408,-0.0002677804441191256
83,99,178,307,-0.00024211592972278595
83,100,178,320,-0.00010483826190466061
83,101,178,404,3.856061812257394e-05
83,102,178,315,9.945792407961562e-05
83,103,178,268,6.999171455390751e-05
83,104,178,271,-1.724438880046364e-05
83,105,178,272,8.957170211942866e-05
83,106,178,325,2.1744457626482472e-05
83,107,178,319,-9.56796866375953e-05
83,108,178,403,0.00029606345924548805
83,109,178,316,1.2801159755326807e-05
83,110,178,312,9.798150131246075e-05
83,111,178,311,-7.577230280730873e-05
83,112,178,310,-5.3121613746043295e-05
83,113,178,415,7.817480218363926e-05
83,114,178,308,-7.788024231558666e-05
83,115,178,324,3.8439913623733446e-05
83,116,178,318,2.1098410798003897e-05
83,117,178,402,8.03910952527076e-05
83,118,178,317,0.00019234810315538198
84,85,87,14,-4.445705417310819e-05
84,86,87,267,-6.790393672417849e-05
84,87,87,269,-4.782314135809429e-05
84,88,87,270,2.0602521544788033e-05
84,89,87,409,-0.00033184446510858834
84,90,87,291,-8.419202458753716e-06
84,91,87,375,0.0003153561265207827
84,92,87,321,-0.0001426985691068694
84,93,87,405,7.17962529961369e-06
84,94,87,314,-1.922740921145305e-05
84,95,87,302,-1.5992152384569636e-06
84,96,87,303,-0.0001720683358144015
84,97,87,304,-0.0001272366353077814
84,98,87,408,-0.0005448811571113765
84,99,87,307,-0.00021228079276625067
84,100,87,320,-0.00016454786236863583
84,101,87,404,9.016916737891734e-05
84,102,87,315,8.32461446407251e-05
84,103,87,268,-2.7713889721781015e-05
84,104,87,271,2.5558469133102335e-05
84,105,87,272,-7.259796984726563e-05
84,106,87,325,-0.00018450843344908208
84,107,87,319,-0.00014400329382624477
84,108,87,403,1.742229869705625e-05
84,109,87,316,0.00013060073251836002
84,110,87,312,-0.00013726556790061295
84,111,87,311,-0.0001625052245799452
84,112,87,310,-0.00015614263247698545
84,113,87,415,1.8668175471248105e-05
84,114,87,308,-0.00015030699432827532
84,115,87,324,0.005310876294970512
84,116,87,318,-4.4425614760257304e-05
84,117,87,402,-7.163550617406145e-05
84,118,87,317,5.678160960087553e-05
85,86,14,267,-9.168348333332688e-05
85,87,14,269,-0.0003167053509969264
85,88,14,270,-9.395610686624423e-05
85,89,14,409,0.008307179436087608
85,90,14,291,0.017110999673604965
85,91,14,375,-1.3537267022911692e-06
85,92,14,321,-5.709564356948249e-05
85,93,14,405,7.079784700181335e-05
85,94,14,314,-9.094208508031443e-06
85,95,14,302,-0.00011669946979964152
85,96,14,303,3.360679329489358e-05
85,97,14,304,-9.610874258214608e-05
85,98,14,408,-0.0002878722734749317
85,99,14,307,5.907520971959457e-05
85,100,14,320,6.687852874165401e-05
85,101,14,404,-5.795420292997733e-05
85,102,14,315,6.716896314173937e-05
85,103,14,268,-0.0003241451340727508
85,104,14,271,-1.7587869933777256e-06
85,105,14,272,-0.00045774312457069755
85,106,14,325,5.6444805522914976e-05
85,107,14,319,7.040232594590634e-05
85,108,14,403,-5.463763227453455e-05
85,109,14,316,1.2762836831825553e-06
85,110,14,312,-0.00020210479851812124
85,111,14,311,-0.000195013199117966
85,112,14,310,8.610058284830302e-05
85,113,14,415,2.8034810384269804e-05
85,114,14,308,-0.0003462520835455507
85,115,14,324,-0.0001747995993355289
85,116,14,318,-1.3094651876599528e-05
85,117,14,402,-8.249271922977641e-05
85,118,14,317,-9.483659960096702e-05
86,87,267,269,0.0001112795653170906
86,88,267,270,6.552961167471949e-06
86,89,267,409,0.0001202776693389751
86,90,267,291,1.3796426173939835e-05
86,91,267,375,-0.00017818513151723891
86,92,267,321,0.0004015071608591825
86,93,267,405,0.000482505391119048
86,94,267,314,-5.090946069685742e-05
86,95,267,302,4.896098835160956e-05
86,96,267,303,0.00012547305959742516
86,97,267,304,0.00016163884720299393
86,98,267,408,0.00012191821588203311
86,99,267,307,0.00017575689707882702
86,100,267,320,0.0003663829411379993
86,101,267,404,0.0002693638962227851
86,102,267,315,3.688329888973385e-05
86,103,267,268,2.484391734469682e-05
86,104,267,271,0.00012783624697476625
86,105,267,272,-6.969791138544679e-05
86,106,267,325,0.00015366238949354738
86,107,267,319,1.6587060599704273e-05
86,108,267,403,-1.2782429621438496e-05
86,109,267,316,-0.00026429005083628
86,110,267,312,5.6296714319614694e-05
86,111,267,311,9.210042480845004e-05
86,112,267,310,9.11653260118328e-05
86,113,267,415,0.00014311943959910423
86,114,267,308,-0.00011616686242632568
86,115,267,324,-0.00014438944344874471
86,116,267,318,7.309169450309128e-05
86,117,267,402,9.323345693701413e-06
86,118,267,317,-0.00024598449817858636
87,88,269,270,4.97403452754952e-05
87,89,269,409,-0.0001919070928124711
87,90,269,291,0.0002316303289262578
87,91,269,375,0.0002402895042905584
87,92,269,321,-5.531030546990223e-05
87,93,269,405,9.971587132895365e-06
87,94,269,314,3.5375196603126824e-05
87,95,269,302,-1.4190418369253166e-05
87,96,269,303,-0.0002359022619202733
87,97,269,304,4.496229394135298e-06
87,98,269,408,-0.0001267143088625744
87,99,269,307,0.000150684078107588
87,100,269,320,0.00026489104493521154
87,101,269,404,-7.59904069127515e-05
87,102,269,315,-0.0007769651710987091
87,103,269,268,4.292708763387054e-05
87,104,269,271,9.812624921323732e-05
87,105,269,272,-2.146245060430374e-05
87,106,269,325,-4.035147139802575e-05
87,107,269,319,-2.4018740077735856e-05
87,108,269,403,-0.0004521535011008382
87,109,269,316,-0.00010863681382033974
87,110,269,312,-0.0001705335744190961
87,111,269,311,3.0825220164842904e-05
87,112,269,310,-7.049393025226891e-05
87,113,269,415,-3.3534731755935354e-06
87,114,269,308,7.033698784653097e-05
87,115,269,324,7.120219379430637e-05
87,116,269,318,-1.3572097486758139e-05
87,117,269,402,-0.00040216342313215137
87,118,269,317,-0.000720141630154103
88,89,270,409,-0.00017546281742397696
88,90,270,291,6.394253432517871e-05
88,91,270,375,0.0002958702971227467
88,92,270,321,-5.620581214316189e-05
88,93,270,405,-0.0010722725419327617
88,94,270,314,-0.0018574644345790148
88,95,270,302,-7.319170981645584e-05
88,96,270,303,-6.264960120461183e-06
88,97,270,304,-0.00017335223674308509
88,98,270,408,-4.1173359932145104e-05
88,99,270,307,0.00022077676840126514
88,100,270,320,-0.00031198846409097314
88,101,270,404,-0.0001469273556722328
88,102,270,315,-0.000342859944794327
88,103,270,268,6.38715791865252e-05
88,104,270,271,-5.1952007197542116e-05
88,105,270,272,0.00019959569908678532
88,106,270,325,-0.00019405414059292525
88,107,270,319,1.295781294174958e-05
88,108,270,403,-3.5929031582782045e-05
88,109,270,316,-0.003126988187432289
88,110,270,312,-5.4514865041710436e-05
88,111,270,311,-3.7507568777073175e-05
88,112,270,310,0.00015097738651093096
88,113,270,415,-0.0001661177957430482
88,114,270,308,-0.00020263181068003178
88,115,270,324,1.8691271179704927e-05
88,116,270,318,-0.00024997422588057816
88,117,270,402,-0.0015131087275221944
88,118,270,317,-0.0036197304725646973
89,90,409,291,-1.4303831449069548e-05
89,91,409,375,-0.00010121380910277367
89,92,409,321,-0.00013523848610930145
89,93,409,405,0.008764505386352539
89,94,409,314,0.04111100360751152
89,95,409,302,9.97149181785062e-05
89,96,409,303,4.247058313922025e-06
89,97,409,304,2.4140590539900586e-05
89,98,409,408,0.00016192496696021408
89,99,409,307,-0.0004196221416350454
89,100,409,320,-6.671679875580594e-05
89,101,409,404,-0.0017505637370049953
89,102,409,315,0.03146347030997276
89,103,409,268,9.60675606620498e-05
89,104,409,271,-0.000420260097598657
89,105,409,272,0.00014042857219465077
89,106,409,325,2.151884291379247e-05
89,107,409,319,-2.2373396859620698e-05
89,108,409,403,0.01266109012067318
89,109,409,316,0.013744617812335491
89,110,409,312,0.00026883927057497203
89,111,409,311,-0.00022860417084302753
89,112,409,310,-0.00015271986194420606
89,113,409,415,0.0001246373722096905
89,114,409,308,1.2581055671034846e-05
89,115,409,324,-0.00013144676631782204
89,116,409,318,-9.594312723493204e-05
89,117,409,402,0.005563452374190092
89,118,409,317,0.011311608366668224
90,91,291,375,-0.0003780773840844631
90,92,291,321,4.027126851724461e-05
90,93,291,405,0.04152384027838707
90,94,291,314,0.056920912116765976
90,95,291,302,4.6632590965600684e-05
90,96,291,303,-2.630595918162726e-05
90,97,291,304,-0.00017775356536731124
90,98,291,408,7.505053508793935e-05
90,99,291,307,-0.00031845367630012333
90,100,291,320,0.008695666678249836
90,101,291,404,0.04535569250583649
90,102,291,315,0.049090176820755005
90,103,291,268,-0.00013908484834246337
90,104,291,271,-7.559618552477332e-06
90,105,291,272,-3.593491419451311e-05
90,106,291,325,-0.0002676203439477831
90,107,291,319,0.00018670230929274112
90,108,291,403,0.03706202656030655
90,109,291,316,0.0449509471654892
90,110,291,312,-0.00010911691788351163
90,111,291,311,-9.421298454981297e-05
90,112,291,310,4.035467281937599e-05
90,113,291,415,-0.00011143119627377018
90,114,291,308,0.00024838015087880194
90,115,291,324,-3.597305840230547e-05
90,116,291,318,0.001419220119714737
90,117,291,402,0.04373658820986748
90,118,291,317,0.044123705476522446
91,92,375,321,-0.00010724101593950763
91,93,375,405,-0.00011972651554970071
91,94,375,314,1.4733588614035398e-05
91,95,375,302,3.292023029644042e-05
91,96,375,303,-0.00022947853722143918
91,97,375,304,8.125778549583629e-06
91,98,375,408,0.0002029700845014304
91,99,375,307,0.00022858601005282253
91,100,375,320,4.857795647694729e-05
91,101,375,404,0.00019965932006016374
91,102,375,315,0.00032916912459768355
91,103,375,268,0.00013961027434561402
91,104,375,271,0.00022457854356616735
91,105,375,272,-3.095867214142345e-05
91,106,375,325,0.00016564772522542626
91,107,375,319,0.00018839395488612354
91,108,375,403,0.00010858607856789604
91,109,375,316,0.0002645324566401541
91,110,375,312,-8.686447472427972e-06
91,111,375,311,-3.648286292445846e-05
91,112,375,310,0.00022512605937663466
91,113,375,415,5.0092930905520916e-05
91,114,375,308,0.000363689090590924
91,115,375,324,0.0003698085492942482
91,116,375,318,-9.631578723201528e-05
91,117,375,402,4.379780511953868e-05
91,118,375,317,0.00012565258657559752
92,93,321,405,6.220892100827768e-05
92,94,321,314,7.215702498797327e-05
92,95,321,302,0.00015613462892360985
92,96,321,303,-1.2249672181496862e-05
92,97,321,304,0.000562239030841738
92,98,321,408,-0.0003814557276200503
92,99,321,307,-0.00012443051673471928
92,100,321,320,0.00037142285145819187
92,101,321,404,-3.0441402486758307e-05
92,102,321,315,0.00022572887246496975
92,103,321,268,0.0001644973090151325
92,104,321,271,0.0004002463538199663
92,105,321,272,0.00046389552881009877
92,106,321,325,-0.00044210205669514835
92,107,321,319,5.807067282148637e-05
92,108,321,403,4.601961336447857e-05
92,109,321,316,0.00015288054419215769
92,110,321,312,0.00010294140520272776
92,111,321,311,9.406416938873008e-05
92,112,321,310,0.00014075425860937685
92,113,321,415,0.0002214588748756796
92,114,321,308,-0.0005916326190344989
92,115,321,324,0.00033887531026266515
92,116,321,318,0.0005114342784509063
92,117,321,402,-0.0001171309340861626
92,118,321,317,-0.00029803812503814697
93,94,405,314,-6.425287574529648e-05
93,95,405,302,-0.00012173142022220418
93,96,405,303,0.00018284610996488482
93,97,405,304,-0.00020377032342366874
93,98,405,408,-0.00021189793187659234
93,99,405,307,0.00012784497812390327
93,100,405,320,-0.00021197256864979863
93,101,405,404,7.004298095125705e-05
93,102,405,315,-0.00032312661642208695
93,103,405,268,0.0004181521653663367
93,104,405,271,9.018061246024445e-05
93,105,405,272,-0.00044093679753132164
93,106,405,325,-0.0005299604963511229
93,107,405,319,-0.00034511732519604266
93,108,405,403,-6.741865945514292e-05
93,109,405,316,0.00010996821220032871
93,110,405,312,0.00033231539418920875
93,111,405,311,-6.554451829288155e-05
93,112,405,310,-0.001501439604908228
93,113,405,415,-0.0017173903761431575
93,114,405,308,0.0034439275041222572
93,115,405,324,-0.00033569277729839087
93,116,405,318,-0.0006340567488223314
93,117,405,402,7.497320621041581e-05
93,118,405,317,-8.044213245739229e-06
94,95,314,302,-6.351540378091158e-07
94,96,314,303,-0.00010810561798280105
94,97,314,304,1.161364525614772e-05
94,98,314,408,0.005837603006511927
94,99,314,307,-0.00011064037244068459
94,100,314,320,-1.997225444938522e-05
94,101,314,404,-8.75040641403757e-05
94,102,314,315,-0.00011792367149610072
94,103,314,268,9.363273420603946e-05
94,104,314,271,-6.698351353406906e-05
94,105,314,272,-0.0006570160621777177
94,106,314,325,-0.00029810311389155686
94,107,314,319,-0.0005153618985787034
94,108,314,403,-0.00018511537928134203
94,109,314,316,-0.00010137626668438315
94,110,314,312,0.00043546027154661715
94,111,314,311,-0.0007416349835693836
94,112,314,310,-9.952158870873973e-05
94,113,314,415,-0.0017240188317373395
94,114,314,308,0.0005141680594533682
94,115,314,324,0.00020319076429586858
94,116,314,318,-0.00019743715529330075
94,117,314,402,-9.655467874836177e-05
94,118,314,317,-5.056771988165565e-05
95,96,302,303,-1.3961654076410923e-05
95,97,302,304,-0.00012965417408850044
95,98,302,408,2.4502662199665792e-05
95,99,302,307,6.160533666843548e-05
95,100,302,320,0.00032247844501398504
95,101,302,404,0.0001053025116561912
95,102,302,315,6.942007894394919e-05
95,103,302,268,0.00011311946582281962
95,104,302,271,0.00017825419490691274
95,105,302,272,-7.338222349062562e-05
95,106,302,325,3.076599386986345e-05
95,107,302,319,0.0001455464807804674
95,108,302,403,0.00035067330463789403
95,109,302,316,0.00010272814688505605
95,110,302,312,-0.00024127366486936808
95,111,302,311,-5.8180306950816885e-05
95,112,302,310,9.350931213703007e-05
95,113,302,415,2.0571922050294233e-06
95,114,302,308,7.46099540265277e-05
95,115,302,324,-0.00016299037088174373
95,116,302,318,-1.2806315680791158e-05
95,117,302,402,0.0001477668120060116
95,118,302,317,8.416122000198811e-06
96,97,303,304,-0.00024775450583547354
96,98,303,408,-0.00027011733618564904
96,99,303,307,0.00024774239864200354
96,100,303,320,0.00025665535940788686
96,101,303,404,0.00017973623471334577
96,102,303,315,-0.00014654964616056532
96,103,303,268,2.8666159778367728e-05
96,104,303,271,-9.712821338325739e-05
96,105,303,272,5.327047620085068e-05
96,106,303,325,-4.683965926233213e-06
96,107,303,319,-4.9622220103628933e-05
96,108,303,403,-0.00022139516659080982
96,109,303,316,-0.0002960219862870872
96,110,303,312,-8.517209062119946e-05
96,111,303,311,-5.209906885283999e-05
96,112,303,310,-0.0002067543100565672
96,113,303,415,5.294062793836929e-05
96,114,303,308,6.520414785882167e-07
96,115,303,324,8.922602864913642e-05
96,116,303,318,-1.4616334738093428e-05
96,117,303,402,-0.000250981975113973
96,118,303,317,4.529652142082341e-05
97,98,304,408,-9.581051926943474e-06
97,99,304,307,-0.0002609483490232378
97,100,304,320,-0.00011457482469268143
97,101,304,404,-0.0003192447475157678
97,102,304,315,-0.00011503897258080542
97,103,304,268,6.449452030210523e-06
97,104,304,271,1.571358552610036e-05
97,105,304,272,0.00019157776841893792
97,106,304,325,3.034827568626497e-05
97,107,304,319,2.817150925693568e-05
97,108,304,403,-6.540345202665776e-05
97,109,304,316,-0.0005273421993479133
97,110,304,312,6.520390888908878e-05
97,111,304,311,8.402390812989324e-05
97,112,304,310,0.0002249817189294845
97,113,304,415,-0.00010347981879021972
97,114,304,308,-0.00028888339875265956
97,115,304,324,-0.00010079225467052311
97,116,304,318,-2.2521204300574027e-05
97,117,304,402,5.19787754456047e-05
97,118,304,317,-0.0006343779969029129
98,99,408,307,2.2902353521203622e-05
98,100,408,320,-0.00039956404361873865
98,101,408,404,-0.0018393851350992918
98,102,408,315,0.01974356546998024
98,103,408,268,-0.0001983020338229835
98,104,408,271,-0.0001747330534271896
98,105,408,272,-0.00011410982551751658
98,106,408,325,-6.901902088429779e-05
98,107,408,319,0.00022753597295377403
98,108,408,403,0.014151336625218391
98,109,408,316,0.022368939593434334
98,110,408,312,0.00020408556156326085
98,111,408,311,-0.0003939273883588612
98,112,408,310,2.4786546418908983e-05
98,113,408,415,0.00010605223360471427
98,114,408,308,6.2101666117087e-05
98,115,408,324,-0.00018638871551956981
98,116,408,318,-3.708532312884927e-05
98,117,408,402,0.002213245490565896
98,118,408,317,0.02027822844684124
99,100,307,320,-0.00028555814060382545
99,101,307,404,0.00011694837303366512
99,102,307,315,-0.00039256669697351754
99,103,307,268,-2.5272686343669193e-06
99,104,307,271,7.704631570959464e-05
99,105,307,272,-0.00012504684855230153
99,106,307,325,0.0002452119952067733
99,107,307,319,6.107427907409146e-05
99,108,307,403,-0.00041662767762318254
99,109,307,316,-0.0004118026699870825
99,110,307,312,4.745484693557955e-05
99,111,307,311,0.00012413918739184737
99,112,307,310,-0.00018656093743629754
99,113,307,415,-0.00023602806322742254
99,114,307,308,-0.0004774231929332018
99,115,307,324,0.00029908091528341174
99,116,307,318,0.00017617012781556696
99,117,307,402,-0.00038078203215263784
99,118,307,317,-0.000331890769302845
100,101,320,404,-8.35894825286232e-05
100,102,320,315,0.00024776579812169075
100,103,320,268,0.0003184657252859324
100,104,320,271,0.00032117668888531625
100,105,320,272,0.00012624896771740168
100,106,320,325,-0.0005041683907620609
100,107,320,319,0.00013759794819634408
100,108,320,403,0.00011314519360894337
100,109,320,316,0.0002157541603082791
100,110,320,312,7.699942216277122e-05
100,111,320,311,7.723790622549132e-05
100,112,320,310,0.00032882957020774484
100,113,320,415,-0.00014388449199032038
100,114,320,308,-1.4235805792850442e-05
100,115,320,324,-0.00012627369142137468
100,116,320,318,0.00017351386486552656
100,117,320,402,-0.00013084986130706966
100,118,320,317,0.000188466627150774
101,102,404,315,0.00012977315054740757
101,103,404,268,0.00020214851247146726
101,104,404,271,7.605725841131061e-05
101,105,404,272,-0.00045611924724653363
101,106,404,325,-4.646609886549413e-05
101,107,404,319,-0.00042204977944493294
101,108,404,403,-6.04995439061895e-05
101,109,404,316,1.9911032723030075e-05
101,110,404,312,0.00032068058499135077
101,111,404,311,0.00023895391495898366
101,112,404,310,-0.0003117549349553883
101,113,404,415,-8.803435048321262e-05
101,114,404,308,0.007544584572315216
101,115,404,324,-0.00038605742156505585
101,116,404,318,-0.0006398506811819971
101,117,404,402,0.0003483766340650618
101,118,404,317,7.29900330043165e-06
102,103,315,268,0.0002597809361759573
102,104,315,271,-0.0006494250847026706
102,105,315,272,-0.0004988022265024483
102,106,315,325,-0.0005793973105028272
102,107,315,319,-8.347984112333506e-05
102,108,315,403,-5.487663293024525e-05
102,109,315,316,0.0001630728511372581
102,110,315,312,0.00018851630738936365
102,111,315,311,-0.0005169942160136998
102,112,315,310,-7.42122283554636e-05
102,113,315,415,0.007889961823821068
102,114,315,308,-0.0001617420493857935
102,115,315,324,-0.00012533777044154704
102,116,315,318,-0.00023762947239447385
102,117,315,402,-0.0004019579500891268
102,118,315,317,8.437445649178699e-05
103,104,268,271,0.00019295737729407847
103,105,268,272,-2.4787736037978902e-05
103,106,268,325,0.00027422496350482106
103,107,268,319,7.900362106738612e-05
103,108,268,403,0.00028927557286806405
103,109,268,316,6.073761687730439e-05
103,110,268,312,3.1150652830547187e-06
103,111,268,311,-3.131318953819573e-05
103,112,268,310,-0.00016349181532859802
103,113,268,415,0.00016013745334930718
103,114,268,308,-3.456822378211655e-05
103,115,268,324,-0.00012930315278936177
103,116,268,318,3.297072908026166e-05
103,117,268,402,0.00013634403876494616
103,118,268,317,-7.111591548891738e-05
104,105,271,272,-3.751499025383964e-05
104,106,271,325,8.031849574763328e-05
104,107,271,319,0.00017717134323902428
104,108,271,403,2.0574889276758768e-05
104,109,271,316,-0.0003314585774205625
104,110,271,312,-8.429103036178276e-05
104,111,271,311,-1.7187276171171106e-05
104,112,271,310,-4.5510983909480274e-05
104,113,271,415,-6.818564543209504e-06
104,114,271,308,0.00023360972409136593
104,115,271,324,-0.0001727012568153441
104,116,271,318,0.00018504157196730375
104,117,271,402,-8.112172508845106e-06
104,118,271,317,-0.0003337672969792038
105,106,272,325,-2.830235825967975e-05
105,107,272,319,8.793792221695185e-05
105,108,272,403,-0.0004849396354984492
105,109,272,316,-0.00013496809697244316
105,110,272,312,-1.8935324987978674e-05
105,111,272,311,0.00012484197213780135
105,112,272,310,0.0001132042525568977
105,113,272,415,3.621540599851869e-05
105,114,272,308,-0.0004099915677215904
105,115,272,324,0.00013526905968319625
105,116,272,318,-0.00021417356038000435
105,117,272,402,-0.0005675515858456492
105,118,272,317,0.00013931204739492387
106,107,325,319,-0.00022582152450922877
106,108,325,403,8.76506746863015e-05
106,109,325,316,-0.00013568381837103516
106,110,325,312,0.00010814858978847042
106,111,325,311,-5.1783998060273007e-05
106,112,325,310,0.0002125952742062509
106,113,325,415,-0.00011110628838650882
106,114,325,308,1.0636883416736964e-05
106,115,325,324,6.0083890275564045e-05
106,116,325,318,7.485891546821222e-05
106,117,325,402,5.327495455276221e-05
106,118,325,317,-0.00010954072058666497
107,108,319,403,-0.00012234339374117553
107,109,319,316,-2.3344649889622815e-05
107,110,319,312,7.483097760996316e-06
107,111,319,311,-0.00012200545461382717
107,112,319,310,0.0002150113577954471
107,113,319,415,-3.615317837102339e-05
107,114,319,308,-0.00011609112698351964
107,115,319,324,-0.000340368744218722
107,116,319,318,9.313954797107726e-05
107,117,319,402,-2.5546651158947498e-05
107,118,319,317,8.392064773943275e-05
108,109,403,316,-1.508072000433458e-05
108,110,403,312,0.0004621092230081558
108,111,403,311,-2.1246967662591487e-05
108,112,403,310,-3.293530971859582e-05
108,113,403,415,-0.0004815296269953251
108,114,403,308,0.0003006521728821099
108,115,403,324,-5.262532067717984e-05
108,116,403,318,-2.665258762135636e-05
108,117,403,402,1.8989707314176485e-05
108,118,403,317,0.00024135102285072207
109,110,316,312,0.0001857796887634322
109,111,316,311,-0.00034775136737152934
109,112,316,310,-0.0004004471702501178
109,113,316,415,0.026593593880534172
109,114,316,308,-0.00014148450281936675
109,115,316,324,-0.00023446997511200607
109,116,316,318,-1.645182965148706e-05
109,117,316,402,3.568980537238531e-05
109,118,316,317,-1.5238055311783683e-05
110,111,312,311,-0.00015799803077243268
110,112,312,310,-0.00029710057424381375
110,113,312,415,0.00012797140516340733
110,114,312,308,5.530554335564375e-05
110,115,312,324,9.413957741344348e-05
110,116,312,318,0.0001957506756298244
110,117,312,402,0.0002353525342186913
110,118,312,317,3.5237485462857876e-06
111,112,311,310,-5.930897532380186e-05
111,113,311,415,-8.694816642673686e-05
111,114,311,308,0.0001852782879723236
111,115,311,324,0.00020570616470649838
111,116,311,318,7.688366167712957e-05
111,117,311,402,8.257543231593445e-05
111,118,311,317,-0.00047325031482614577
112,113,310,415,-2.352257797610946e-05
112,114,310,308,-4.4819094910053536e-05
112,115,310,324,6.693709292449057e-05
112,116,310,318,0.0003538647433742881
112,117,310,402,-1.4133240256342106e-05
112,118,310,317,-7.787687354721129e-05
113,114,415,308,-0.0003104177303612232
113,115,415,324,1.806636282708496e-05
113,116,415,318,-0.0004239841946400702
113,117,415,402,-0.000668645603582263
113,118,415,317,0.0020220305304974318
114,115,308,324,1.3711876363231568e-06
114,116,308,318,3.0268227419583127e-05
114,117,308,402,0.02339930087327957
114,118,308,317,-0.0012455331161618233
115,116,324,318,-0.000126140788779594
115,117,324,402,-8.282948692794889e-05
115,118,324,317,-0.0005089224432595074
116,117,318,402,-2.027046775765484e-06
116,118,318,317,4.7621666453778744e-05
117,118,402,317,-0.0002804463729262352
