dataset_name,dataset_label,subject,group_id,group_frame_idx,window_idx,prev_window_idx,side_label,side_label_name,free_coeff_l0,free_decoded_index_l0,free_argmax_usage_index_l0,free_argmax_usage_global_b_l0,free_coeff_l1,free_decoded_index_l1,free_argmax_usage_index_l1,free_argmax_usage_global_b_l1,side_coeff,side_argmax_usage_index,basis_usage_b0,basis_activation_b0,basis_usage_b1,basis_activation_b1,basis_usage_b2,basis_activation_b2,basis_usage_b3,basis_activation_b3,basis_usage_b4,basis_activation_b4,basis_usage_b5,basis_activation_b5,basis_usage_b6,basis_activation_b6,basis_usage_b7,basis_activation_b7,basis_usage_b8,basis_activation_b8,basis_usage_b9,basis_activation_b9,basis_usage_b10,basis_activation_b10,start_frame,end_frame,side,score,label_5class,matrix_size,deleted_x,deleted_y
IMR,0,00102,IMR:00102:x:group000,0,2,1,1,Normal,0.13062308728694916,1,1,1,0.8571876883506775,4,4,6,5.280597686767578,0,0.21842515468597412,0.5451751351356506,0.7815747857093811,-0.1533060073852539,0.2977861762046814,0.8405078053474426,0.08003482967615128,0.08331374824047089,0.0,0.0,0.28884565830230713,-0.11049863696098328,0.3161512613296509,1.6676093339920044,0.01718207634985447,0.09063064306974411,0.5413331389427185,10.614418029785156,0.343185156583786,5.219204425811768,0.11548172682523727,0.008170459419488907,40,60,-1,0,2,341,0,1
IMR,0,00102,IMR:00102:x:group000,1,3,2,1,Normal,0.13062308728694916,1,1,1,0.8571876883506775,4,4,6,4.460986614227295,0,0.21842515468597412,0.5451751351356506,0.7815747857093811,-0.1533060073852539,0.2977861762046814,0.8405078053474426,0.08003482967615128,0.08331374824047089,0.0,0.0,0.28884565830230713,-0.11049863696098328,0.3161512613296509,1.6676093339920044,0.01718207634985447,0.09063064306974411,0.5072258114814758,8.306707382202148,0.3761373460292816,5.053897380828857,0.11663683503866196,0.022354159504175186,60,80,-1,0,2,341,0,0
IMR,0,00102,IMR:00102:x:group000,2,5,4,1,Normal,0.13062308728694916,1,1,1,0.9800705909729004,0,0,2,8.799772262573242,0,0.21842515468597412,0.5451751351356506,0.7815747857093811,-0.1533060073852539,0.2977861762046814,0.8405078053474426,0.08003482967615128,0.08331374824047089,0.0,0.0,0.28884565830230713,-0.11049863696098328,0.08988485485315323,0.5735252499580383,0.24344848096370697,1.5533634424209595,0.43022608757019043,10.105600357055664,0.3608807325363159,16.94031524658203,0.20889316499233246,-0.646598219871521,100,120,-1,0,2,341,0,0
IMR,0,00102,IMR:00102:x:group000,3,6,5,1,Normal,0.13062308728694916,1,1,1,0.8571876883506775,4,4,6,-0.37762150168418884,0,0.21842515468597412,0.5451751351356506,0.7815747857093811,-0.1533060073852539,0.2977861762046814,0.8405078053474426,0.08003482967615128,0.08331374824047089,0.0,0.0,0.28884565830230713,-0.11049863696098328,0.3161512613296509,1.6676093339920044,0.01718207634985447,0.09063064306974411,0.3800131380558014,-0.10931849479675293,0.329593300819397,1.561109185218811,0.29039356112480164,-2.584655284881592,120,140,-1,0,2,341,0,1
IMR,0,00102,IMR:00102:x:group001,0,7,6,1,Normal,0.13062308728694916,1,1,1,0.8571876883506775,4,4,6,5.613492488861084,0,0.21842515468597412,0.5451751351356506,0.7815747857093811,-0.1533060073852539,0.2977861762046814,0.8405078053474426,0.08003482967615128,0.08331374824047089,0.0,0.0,0.28884565830230713,-0.11049863696098328,0.3161512613296509,1.6676093339920044,0.01718207634985447,0.09063064306974411,0.515840470790863,10.320631980895996,0.3705906867980957,6.553351402282715,0.11356881260871887,-0.033506471663713455,140,160,-1,0,2,341,0,0
IMR,0,00102,IMR:00102:x:group001,1,9,8,1,Normal,0.13062308728694916,1,1,1,0.9800705909729004,0,0,2,3.1603667736053467,2,0.21842515468597412,0.5451751351356506,0.7815747857093811,-0.1533060073852539,0.2977861762046814,0.8405078053474426,0.08003482967615128,0.08331374824047089,0.0,0.0,0.28884565830230713,-0.11049863696098328,0.08988485485315323,0.5735252499580383,0.24344848096370697,1.5533634424209595,0.2881995439529419,8.178516387939453,0.3235154449939728,18.11971092224121,0.3882850110530853,-16.817129135131836,180,200,-1,0,2,341,0,0
IMR,0,00102,IMR:00102:x:group001,2,11,10,1,Normal,0.13062308728694916,1,1,1,0.8571876883506775,4,4,6,4.690834045410156,0,0.21842515468597412,0.5451751351356506,0.7815747857093811,-0.1533060073852539,0.2977861762046814,0.8405078053474426,0.08003482967615128,0.08331374824047089,0.0,0.0,0.28884565830230713,-0.11049863696098328,0.3161512613296509,1.6676093339920044,0.01718207634985447,0.09063064306974411,0.5101673603057861,8.67430591583252,0.3734852969646454,5.381809234619141,0.11634736508131027,0.016386546194553375,220,240,-1,0,2,341,0,0
IMR,0,00102,IMR:00102:x:group001,3,13,12,1,Normal,0.13062308728694916,1,1,1,0.9800705909729004,0,0,2,6.763483047485352,1,0.21842515468597412,0.5451751351356506,0.7815747857093811,-0.1533060073852539,0.2977861762046814,0.8405078053474426,0.08003482967615128,0.08331374824047089,0.0,0.0,0.28884565830230713,-0.11049863696098328,0.08988485485315323,0.5735252499580383,0.24344848096370697,1.5533634424209595,0.30589553713798523,8.193893432617188,0.3475770950317383,18.253999710083008,0.34652742743492126,-6.157445430755615,260,280,-1,0,2,341,0,0
IMR,0,00102,IMR:00102:x:group002,0,15,14,1,Normal,0.13062308728694916,1,1,1,0.8571876883506775,4,4,6,5.270185470581055,0,0.21842515468597412,0.5451751351356506,0.7815747857093811,-0.1533060073852539,0.2977861762046814,0.8405078053474426,0.08003482967615128,0.08331374824047089,0.0,0.0,0.28884565830230713,-0.11049863696098328,0.3161512613296509,1.6676093339920044,0.01718207634985447,0.09063064306974411,0.5134149193763733,9.571085929870605,0.37044110894203186,6.191317081451416,0.11614391952753067,0.04815252870321274,300,320,-1,0,2,341,0,0
IMR,0,00102,IMR:00102:x:group002,1,17,16,1,Normal,0.13062308728694916,1,1,1,0.9800705909729004,0,0,2,7.865676403045654,1,0.21842515468597412,0.5451751351356506,0.7815747857093811,-0.1533060073852539,0.2977861762046814,0.8405078053474426,0.08003482967615128,0.08331374824047089,0.0,0.0,0.28884565830230713,-0.11049863696098328,0.08988485485315323,0.5735252499580383,0.24344848096370697,1.5533634424209595,0.3473079204559326,6.944731712341309,0.3692171573638916,19.176530838012695,0.28347495198249817,-2.524235248565674,340,360,-1,0,2,341,0,0
IMR,0,00102,IMR:00102:x:group002,2,18,17,1,Normal,0.13062308728694916,1,1,1,0.9800705909729004,0,0,2,10.440906524658203,0,0.21842515468597412,0.5451751351356506,0.7815747857093811,-0.1533060073852539,0.2977861762046814,0.8405078053474426,0.08003482967615128,0.08331374824047089,0.0,0.0,0.28884565830230713,-0.11049863696098328,0.08988485485315323,0.5735252499580383,0.24344848096370697,1.5533634424209595,0.47621622681617737,9.835367202758789,0.41052886843681335,20.198728561401367,0.11325494199991226,1.2886229753494263,360,380,-1,0,2,341,0,0
IMR,0,00212,IMR:00212:x:group003,0,13,12,0,Left,0.13062308728694916,1,1,1,0.9032502770423889,1,1,3,3.4023027420043945,0,0.21842515468597412,0.5451751351356506,0.7815747857093811,-0.1533060073852539,0.04242677614092827,0.09041734784841537,0.3353942334651947,0.6029434204101562,0.0,0.0,0.28884565830230713,-0.11049863696098328,0.08988485485315323,0.5735252499580383,0.24344848096370697,1.5533634424209595,0.6976951956748962,8.945779800415039,0.23011134564876556,1.6971180438995361,0.07219348102807999,-0.43599066138267517,260,280,0,2,0,341,0,0
IMR,0,00212,IMR:00212:x:group003,1,14,13,0,Left,0.13062308728694916,1,1,1,0.9800705909729004,0,0,2,2.6836602687835693,0,0.21842515468597412,0.5451751351356506,0.7815747857093811,-0.1533060073852539,0.2977861762046814,0.8405078053474426,0.08003482967615128,0.08331374824047089,0.0,0.0,0.28884565830230713,-0.11049863696098328,0.08988485485315323,0.5735252499580383,0.24344848096370697,1.5533634424209595,0.6058980822563171,6.230411529541016,0.30136218667030334,2.2323505878448486,0.09273973107337952,-0.4117821455001831,280,300,0,2,0,341,0,0
IMR,0,00212,IMR:00212:x:group003,2,17,16,0,Left,0.13062308728694916,1,1,1,0.9800705909729004,0,0,2,-1.7693300247192383,0,0.21842515468597412,0.5451751351356506,0.7815747857093811,-0.1533060073852539,0.2977861762046814,0.8405078053474426,0.08003482967615128,0.08331374824047089,0.0,0.0,0.28884565830230713,-0.11049863696098328,0.08988485485315323,0.5735252499580383,0.24344848096370697,1.5533634424209595,0.7879514694213867,-6.464105606079102,0.16153711080551147,1.2852509021759033,0.05051146075129509,-0.12913651764392853,340,360,0,2,0,341,0,1
IMR,0,00212,IMR:00212:x:group003,3,22,21,0,Left,0.13062308728694916,1,1,1,0.9800705909729004,0,0,2,4.0957932472229,0,0.21842515468597412,0.5451751351356506,0.7815747857093811,-0.1533060073852539,0.2977861762046814,0.8405078053474426,0.08003482967615128,0.08331374824047089,0.0,0.0,0.28884565830230713,-0.11049863696098328,0.08988485485315323,0.5735252499580383,0.24344848096370697,1.5533634424209595,0.6005587577819824,8.953009605407715,0.2797960340976715,2.5321269035339355,0.11964517831802368,0.8022424578666687,440,460,0,2,0,341,0,1
IMR,0,00212,IMR:00212:x:group004,0,28,27,0,Left,0.13062308728694916,1,1,1,0.9800705909729004,0,0,2,7.402898788452148,0,0.21842515468597412,0.5451751351356506,0.7815747857093811,-0.1533060073852539,0.2977861762046814,0.8405078053474426,0.08003482967615128,0.08331374824047089,0.0,0.0,0.28884565830230713,-0.11049863696098328,0.08988485485315323,0.5735252499580383,0.24344848096370697,1.5533634424209595,0.6836218237876892,45.306488037109375,0.030612630769610405,-0.7744289040565491,0.28576555848121643,-22.323362350463867,560,580,0,2,0,341,0,0
IMR,0,00212,IMR:00212:x:group004,1,29,28,0,Left,0.13062308728694916,1,1,1,0.9800705909729004,0,0,2,6.503885269165039,0,0.21842515468597412,0.5451751351356506,0.7815747857093811,-0.1533060073852539,0.2977861762046814,0.8405078053474426,0.08003482967615128,0.08331374824047089,0.0,0.0,0.28884565830230713,-0.11049863696098328,0.08988485485315323,0.5735252499580383,0.24344848096370697,1.5533634424209595,0.5475007891654968,10.049750328063965,0.3418838679790497,8.268442153930664,0.1106153354048729,1.1934621334075928,580,600,0,2,0,341,0,0
IMR,0,00228,IMR:00228:x:group005,0,5,4,1,Normal,0.13062308728694916,1,1,1,0.9800705909729004,0,0,2,7.289997100830078,0,0.21842515468597412,0.5451751351356506,0.7815747857093811,-0.1533060073852539,0.2977861762046814,0.8405078053474426,0.08003482967615128,0.08331374824047089,0.0,0.0,0.28884565830230713,-0.11049863696098328,0.08988485485315323,0.5735252499580383,0.24344848096370697,1.5533634424209595,0.3636557161808014,7.620917320251465,0.3368910551071167,17.98520278930664,0.2994531989097595,-3.736126661300659,100,120,-1,0,2,341,0,0
IMR,0,00229,IMR:00229:x:group006,0,5,4,1,Normal,0.13062308728694916,1,1,1,0.9800705909729004,0,0,2,4.007493019104004,0,0.21842515468597412,0.5451751351356506,0.7815747857093811,-0.1533060073852539,0.2977861762046814,0.8405078053474426,0.08003482967615128,0.08331374824047089,0.0,0.0,0.28884565830230713,-0.11049863696098328,0.08988485485315323,0.5735252499580383,0.24344848096370697,1.5533634424209595,0.5827359557151794,7.898571014404297,0.3362862169742584,4.595014572143555,0.08097786456346512,-0.4711057245731354,100,120,-1,0,2,341,0,0
IMR,0,00230,IMR:00230:x:group007,0,5,4,1,Normal,0.13062308728694916,1,1,1,0.9800705909729004,0,0,2,8.872113227844238,0,0.21842515468597412,0.5451751351356506,0.7815747857093811,-0.1533060073852539,0.2977861762046814,0.8405078053474426,0.08003482967615128,0.08331374824047089,0.0,0.0,0.28884565830230713,-0.11049863696098328,0.08988485485315323,0.5735252499580383,0.24344848096370697,1.5533634424209595,0.5586681962013245,17.83447265625,0.33414945006370544,8.963164329528809,0.10718236118555069,-0.18129783868789673,100,120,-1,0,2,341,0,0
IMR,0,00231,IMR:00231:x:group008,0,5,4,1,Normal,0.13062308728694916,1,1,1,0.9800705909729004,0,0,2,11.187911033630371,0,0.21842515468597412,0.5451751351356506,0.7815747857093811,-0.1533060073852539,0.2977861762046814,0.8405078053474426,0.08003482967615128,0.08331374824047089,0.0,0.0,0.28884565830230713,-0.11049863696098328,0.08988485485315323,0.5735252499580383,0.24344848096370697,1.5533634424209595,0.5253284573554993,18.425411224365234,0.3650846779346466,15.021955490112305,0.10958684235811234,0.11636433005332947,100,120,-1,0,2,341,0,0
IMR,0,00232,IMR:00232:x:group009,0,5,4,1,Normal,0.13062308728694916,1,1,1,0.9800705909729004,0,0,2,11.632397651672363,0,0.21842515468597412,0.5451751351356506,0.7815747857093811,-0.1533060073852539,0.2977861762046814,0.8405078053474426,0.08003482967615128,0.08331374824047089,0.0,0.0,0.28884565830230713,-0.11049863696098328,0.08988485485315323,0.5735252499580383,0.24344848096370697,1.5533634424209595,0.5072121024131775,17.57398796081543,0.3822689950466156,17.16777229309082,0.1105189248919487,0.15543362498283386,100,120,-1,0,2,341,0,0
IMR,0,00233,IMR:00233:x:group010,0,5,4,1,Normal,0.13062308728694916,1,1,1,0.9800705909729004,0,0,2,11.23088550567627,0,0.21842515468597412,0.5451751351356506,0.7815747857093811,-0.1533060073852539,0.2977861762046814,0.8405078053474426,0.08003482967615128,0.08331374824047089,0.0,0.0,0.28884565830230713,-0.11049863696098328,0.08988485485315323,0.5735252499580383,0.24344848096370697,1.5533634424209595,0.5783438682556152,16.356735229492188,0.33391356468200684,15.510025978088379,0.08774258941411972,1.8258932828903198,100,120,-1,0,2,341,0,0
IMR,0,00234,IMR:00234:x:group011,0,5,4,1,Normal,0.13062308728694916,1,1,1,0.9800705909729004,0,0,2,8.263559341430664,0,0.21842515468597412,0.5451751351356506,0.7815747857093811,-0.1533060073852539,0.2977861762046814,0.8405078053474426,0.08003482967615128,0.08331374824047089,0.0,0.0,0.28884565830230713,-0.11049863696098328,0.08988485485315323,0.5735252499580383,0.24344848096370697,1.5533634424209595,0.49908944964408875,10.064552307128906,0.3261314332485199,13.721556663513184,0.17477905750274658,1.0045697689056396,100,120,-1,0,2,341,0,0
IMR,0,00235,IMR:00235:x:group012,0,5,4,1,Normal,0.13062308728694916,1,1,1,0.9800705909729004,0,0,2,8.10820198059082,0,0.21842515468597412,0.5451751351356506,0.7815747857093811,-0.1533060073852539,0.2977861762046814,0.8405078053474426,0.08003482967615128,0.08331374824047089,0.0,0.0,0.28884565830230713,-0.11049863696098328,0.08988485485315323,0.5735252499580383,0.24344848096370697,1.5533634424209595,0.5554910898208618,15.113122940063477,0.32457172870635986,9.130291938781738,0.11993717402219772,0.08119022101163864,100,120,-1,0,2,341,0,0
IMR,0,00236,IMR:00236:x:group013,0,5,4,1,Normal,0.13062308728694916,1,1,1,0.9800705909729004,0,0,2,2.447352647781372,0,0.21842515468597412,0.5451751351356506,0.7815747857093811,-0.1533060073852539,0.2977861762046814,0.8405078053474426,0.08003482967615128,0.08331374824047089,0.0,0.0,0.28884565830230713,-0.11049863696098328,0.08988485485315323,0.5735252499580383,0.24344848096370697,1.5533634424209595,0.4383420944213867,15.708867073059082,0.23791135847568512,13.866025924682617,0.3237464725971222,-22.23283576965332,100,120,-1,0,2,341,0,0
IMR,0,00237,IMR:00237:x:group014,0,5,4,1,Normal,0.13062308728694916,1,1,1,0.9800705909729004,0,0,2,14.764999389648438,0,0.21842515468597412,0.5451751351356506,0.7815747857093811,-0.1533060073852539,0.2977861762046814,0.8405078053474426,0.08003482967615128,0.08331374824047089,0.0,0.0,0.28884565830230713,-0.11049863696098328,0.08988485485315323,0.5735252499580383,0.24344848096370697,1.5533634424209595,0.6436753869056702,26.959569931030273,0.28159382939338684,15.690330505371094,0.07473083585500717,1.645098328590393,100,120,-1,0,2,341,0,0
IMR,0,00238,IMR:00238:x:group015,0,5,4,1,Normal,0.13062308728694916,1,1,1,0.9800705909729004,0,0,2,2.7130424976348877,0,0.21842515468597412,0.5451751351356506,0.7815747857093811,-0.1533060073852539,0.2977861762046814,0.8405078053474426,0.08003482967615128,0.08331374824047089,0.0,0.0,0.28884565830230713,-0.11049863696098328,0.08988485485315323,0.5735252499580383,0.24344848096370697,1.5533634424209595,0.36733222007751465,9.339248657226562,0.2742944359779358,14.06071949005127,0.3583733141422272,-15.26084041595459,100,120,-1,0,2,341,0,0
IMR,0,00239,IMR:00239:x:group016,0,5,4,1,Normal,0.13062308728694916,1,1,1,0.9800705909729004,0,0,2,8.896098136901855,0,0.21842515468597412,0.5451751351356506,0.7815747857093811,-0.1533060073852539,0.2977861762046814,0.8405078053474426,0.08003482967615128,0.08331374824047089,0.0,0.0,0.28884565830230713,-0.11049863696098328,0.08988485485315323,0.5735252499580383,0.24344848096370697,1.5533634424209595,0.7644035816192627,17.20534324645996,0.21328717470169067,9.980833053588867,0.022309286519885063,-0.4978819191455841,100,120,-1,0,2,341,0,0
IMR,0,00240,IMR:00240:x:group017,0,5,4,1,Normal,0.13062308728694916,1,1,1,0.9800705909729004,0,0,2,-1.9471334218978882,2,0.21842515468597412,0.5451751351356506,0.7815747857093811,-0.1533060073852539,0.2977861762046814,0.8405078053474426,0.08003482967615128,0.08331374824047089,0.0,0.0,0.28884565830230713,-0.11049863696098328,0.08988485485315323,0.5735252499580383,0.24344848096370697,1.5533634424209595,0.2782536447048187,6.371899604797363,0.3226395547389984,18.204748153686523,0.39910683035850525,-30.418046951293945,100,120,-1,0,2,341,0,0
IMR,0,00241,IMR:00241:x:group018,0,5,4,1,Normal,0.13062308728694916,1,1,1,0.9800705909729004,0,0,2,-8.706682205200195,0,0.21842515468597412,0.5451751351356506,0.7815747857093811,-0.1533060073852539,0.2977861762046814,0.8405078053474426,0.08003482967615128,0.08331374824047089,0.0,0.0,0.28884565830230713,-0.11049863696098328,0.08988485485315323,0.5735252499580383,0.24344848096370697,1.5533634424209595,0.6467148661613464,10.018721580505371,0.03126557543873787,0.07542231678962708,0.3220195472240448,-36.21419143676758,100,120,-1,0,2,341,0,0
IMR,0,00242,IMR:00242:x:group019,0,2,1,1,Normal,0.13062308728694916,1,1,1,0.9032502770423889,1,1,3,-0.07006818056106567,0,0.21842515468597412,0.5451751351356506,0.7815747857093811,-0.1533060073852539,0.04242677614092827,0.09041734784841537,0.3353942334651947,0.6029434204101562,0.0,0.0,0.28884565830230713,-0.11049863696098328,0.08988485485315323,0.5735252499580383,0.24344848096370697,1.5533634424209595,0.41672706604003906,-0.12361028790473938,0.2950291633605957,-0.001124642789363861,0.28824377059936523,-0.08546960353851318,40,60,-1,0,2,341,0,1
IMR,0,00242,IMR:00242:x:group019,1,5,4,1,Normal,0.13062308728694916,1,1,1,0.9800705909729004,0,0,2,-1.3142013549804688,0,0.21842515468597412,0.5451751351356506,0.7815747857093811,-0.1533060073852539,0.2977861762046814,0.8405078053474426,0.08003482967615128,0.08331374824047089,0.0,0.0,0.28884565830230713,-0.11049863696098328,0.08988485485315323,0.5735252499580383,0.24344848096370697,1.5533634424209595,0.46595725417137146,13.240457534790039,0.20685259997844696,4.575185298919678,0.3271901607513428,-21.75824737548828,100,120,-1,0,2,341,0,0
IMR,0,00243,IMR:00243:x:group020,0,5,4,1,Normal,0.13062308728694916,1,1,1,0.9800705909729004,0,0,2,2.4296462535858154,2,0.21842515468597412,0.5451751351356506,0.7815747857093811,-0.1533060073852539,0.2977861762046814,0.8405078053474426,0.08003482967615128,0.08331374824047089,0.0,0.0,0.28884565830230713,-0.11049863696098328,0.08988485485315323,0.5735252499580383,0.24344848096370697,1.5533634424209595,0.34000083804130554,8.635848999023438,0.29641616344451904,16.757465362548828,0.3635829985141754,-18.1043758392334,100,120,-1,0,2,341,0,0
IMR,0,00244,IMR:00244:x:group021,0,5,4,1,Normal,0.13062308728694916,1,1,1,0.9800705909729004,0,0,2,6.13008451461792,0,0.21842515468597412,0.5451751351356506,0.7815747857093811,-0.1533060073852539,0.2977861762046814,0.8405078053474426,0.08003482967615128,0.08331374824047089,0.0,0.0,0.28884565830230713,-0.11049863696098328,0.08988485485315323,0.5735252499580383,0.24344848096370697,1.5533634424209595,0.4962490499019623,8.933427810668945,0.39422285556793213,8.70279312133789,0.10952811688184738,0.7540321946144104,100,120,-1,0,2,341,0,0
IMR,0,00245,IMR:00245:x:group022,0,5,4,1,Normal,0.13062308728694916,1,1,1,0.9800705909729004,0,0,2,10.108139991760254,0,0.21842515468597412,0.5451751351356506,0.7815747857093811,-0.1533060073852539,0.2977861762046814,0.8405078053474426,0.08003482967615128,0.08331374824047089,0.0,0.0,0.28884565830230713,-0.11049863696098328,0.08988485485315323,0.5735252499580383,0.24344848096370697,1.5533634424209595,0.4403993785381317,10.107255935668945,0.3961465656757355,19.766124725341797,0.1634540557861328,0.4510418176651001,100,120,-1,0,2,341,0,0
IMR,0,00246,IMR:00246:x:group023,0,5,4,1,Normal,0.13062308728694916,1,1,1,0.9800705909729004,0,0,2,4.39093017578125,0,0.21842515468597412,0.5451751351356506,0.7815747857093811,-0.1533060073852539,0.2977861762046814,0.8405078053474426,0.08003482967615128,0.08331374824047089,0.0,0.0,0.28884565830230713,-0.11049863696098328,0.08988485485315323,0.5735252499580383,0.24344848096370697,1.5533634424209595,0.45547258853912354,17.593994140625,0.24941837787628174,9.14370059967041,0.29510900378227234,-13.56490707397461,100,120,-1,0,2,341,0,0
IMR,0,00247,IMR:00247:x:group024,0,5,4,1,Normal,0.13062308728694916,1,1,1,0.9800705909729004,0,0,2,-6.342794895172119,2,0.21842515468597412,0.5451751351356506,0.7815747857093811,-0.1533060073852539,0.2977861762046814,0.8405078053474426,0.08003482967615128,0.08331374824047089,0.0,0.0,0.28884565830230713,-0.11049863696098328,0.08988485485315323,0.5735252499580383,0.24344848096370697,1.5533634424209595,0.2739306688308716,3.9526405334472656,0.32704535126686096,13.099350929260254,0.39902397990226746,-36.080379486083984,100,120,-1,0,2,341,0,0
IMR,0,00248,IMR:00248:x:group025,0,5,4,1,Normal,0.13062308728694916,1,1,1,0.9800705909729004,0,0,2,-1.2281755208969116,2,0.21842515468597412,0.5451751351356506,0.7815747857093811,-0.1533060073852539,0.2977861762046814,0.8405078053474426,0.08003482967615128,0.08331374824047089,0.0,0.0,0.28884565830230713,-0.11049863696098328,0.08988485485315323,0.5735252499580383,0.24344848096370697,1.5533634424209595,0.3503393828868866,8.21682071685791,0.2681497037410736,12.407087326049805,0.3815108835697174,-24.308435440063477,100,120,-1,0,2,341,0,0
IMR,0,00249,IMR:00249:x:group026,0,5,4,1,Normal,0.13062308728694916,1,1,1,0.9800705909729004,0,0,2,3.0325355529785156,2,0.21842515468597412,0.5451751351356506,0.7815747857093811,-0.1533060073852539,0.2977861762046814,0.8405078053474426,0.08003482967615128,0.08331374824047089,0.0,0.0,0.28884565830230713,-0.11049863696098328,0.08988485485315323,0.5735252499580383,0.24344848096370697,1.5533634424209595,0.34247279167175293,8.531332015991211,0.2990608513355255,18.257484436035156,0.35846638679504395,-17.691205978393555,100,120,-1,0,2,341,0,0
IMR,0,00250,IMR:00250:x:group027,0,5,4,1,Normal,0.13062308728694916,1,1,1,0.9800705909729004,0,0,2,0.8852500915527344,2,0.21842515468597412,0.5451751351356506,0.7815747857093811,-0.1533060073852539,0.2977861762046814,0.8405078053474426,0.08003482967615128,0.08331374824047089,0.0,0.0,0.28884565830230713,-0.11049863696098328,0.08988485485315323,0.5735252499580383,0.24344848096370697,1.5533634424209595,0.2602393329143524,4.7246503829956055,0.3466716706752777,19.24213409423828,0.3930889666080475,-21.311033248901367,100,120,-1,0,2,341,0,0
IMR,0,00251,IMR:00251:x:group028,0,5,4,1,Normal,0.13062308728694916,1,1,1,0.9800705909729004,0,0,2,3.5028131008148193,0,0.21842515468597412,0.5451751351356506,0.7815747857093811,-0.1533060073852539,0.2977861762046814,0.8405078053474426,0.08003482967615128,0.08331374824047089,0.0,0.0,0.28884565830230713,-0.11049863696098328,0.08988485485315323,0.5735252499580383,0.24344848096370697,1.5533634424209595,0.3671412467956543,6.421243667602539,0.29981228709220886,10.194729804992676,0.33304646611213684,-6.107534408569336,100,120,-1,0,2,341,0,0
IMR,0,00252,IMR:00252:x:group029,0,5,4,1,Normal,0.13062308728694916,1,1,1,0.8571876883506775,4,4,6,4.133330821990967,0,0.21842515468597412,0.5451751351356506,0.7815747857093811,-0.1533060073852539,0.2977861762046814,0.8405078053474426,0.08003482967615128,0.08331374824047089,0.0,0.0,0.28884565830230713,-0.11049863696098328,0.3161512613296509,1.6676093339920044,0.01718207634985447,0.09063064306974411,0.5690340995788574,10.724726676940918,0.2814820408821106,1.751854658126831,0.14948387444019318,-0.07658946514129639,100,120,0,0,2,341,0,0
IMR,0,00253,IMR:00253:x:group030,0,5,4,0,Left,0.13062308728694916,1,1,1,0.9800705909729004,0,0,2,2.4282920360565186,0,0.21842515468597412,0.5451751351356506,0.7815747857093811,-0.1533060073852539,0.2977861762046814,0.8405078053474426,0.08003482967615128,0.08331374824047089,0.0,0.0,0.28884565830230713,-0.11049863696098328,0.08988485485315323,0.5735252499580383,0.24344848096370697,1.5533634424209595,0.743905782699585,7.279667377471924,0.14599719643592834,0.7019985318183899,0.11009704321622849,-0.6967885494232178,100,120,0,1,1,341,0,0
IMR,0,00254,IMR:00254:x:group031,0,5,4,0,Left,0.13062308728694916,1,1,1,0.9800705909729004,0,0,2,11.980896949768066,0,0.21842515468597412,0.5451751351356506,0.7815747857093811,-0.1533060073852539,0.2977861762046814,0.8405078053474426,0.08003482967615128,0.08331374824047089,0.0,0.0,0.28884565830230713,-0.11049863696098328,0.08988485485315323,0.5735252499580383,0.24344848096370697,1.5533634424209595,0.6460117697715759,27.763427734375,0.2715205252170563,8.697208404541016,0.0824676975607872,-0.517942488193512,100,120,0,1,1,341,0,0
IMR,0,00255,IMR:00255:x:group032,0,5,4,0,Left,0.13062308728694916,1,1,1,0.9800705909729004,0,0,2,3.7393991947174072,0,0.21842515468597412,0.5451751351356506,0.7815747857093811,-0.1533060073852539,0.2977861762046814,0.8405078053474426,0.08003482967615128,0.08331374824047089,0.0,0.0,0.28884565830230713,-0.11049863696098328,0.08988485485315323,0.5735252499580383,0.24344848096370697,1.5533634424209595,0.798509418964386,1.7953190803527832,0.19967973232269287,9.440362930297852,0.0018108305521309376,-0.017483457922935486,100,120,0,1,1,341,0,0
IMR,0,00256,IMR:00256:x:group033,0,5,4,1,Normal,0.13062308728694916,1,1,1,0.9800705909729004,0,0,2,13.261548042297363,0,0.21842515468597412,0.5451751351356506,0.7815747857093811,-0.1533060073852539,0.2977861762046814,0.8405078053474426,0.08003482967615128,0.08331374824047089,0.0,0.0,0.28884565830230713,-0.11049863696098328,0.08988485485315323,0.5735252499580383,0.24344848096370697,1.5533634424209595,0.5979843735694885,27.21239471435547,0.29624155163764954,12.681599617004395,0.10577402263879776,-0.1093486025929451,100,120,0,0,2,341,0,0
IMR,0,00257,IMR:00257:x:group034,0,5,4,1,Normal,0.13062308728694916,1,1,1,0.9800705909729004,0,0,2,11.230697631835938,0,0.21842515468597412,0.5451751351356506,0.7815747857093811,-0.1533060073852539,0.2977861762046814,0.8405078053474426,0.08003482967615128,0.08331374824047089,0.0,0.0,0.28884565830230713,-0.11049863696098328,0.08988485485315323,0.5735252499580383,0.24344848096370697,1.5533634424209595,0.7462904453277588,24.370790481567383,0.22003711760044098,9.915611267089844,0.033672358840703964,-0.5943105816841125,100,120,0,0,2,341,0,0
IMR,0,00258,IMR:00258:x:group035,0,5,4,1,Normal,0.13062308728694916,1,1,1,0.9800705909729004,0,0,2,11.199055671691895,0,0.21842515468597412,0.5451751351356506,0.7815747857093811,-0.1533060073852539,0.2977861762046814,0.8405078053474426,0.08003482967615128,0.08331374824047089,0.0,0.0,0.28884565830230713,-0.11049863696098328,0.08988485485315323,0.5735252499580383,0.24344848096370697,1.5533634424209595,0.5898222923278809,26.97773551940918,0.3116857707500458,6.925012588500977,0.09849193692207336,-0.3055805563926697,100,120,0,0,2,341,0,0
IMR,0,00259,IMR:00259:x:group036,0,5,4,1,Normal,0.13062308728694916,1,1,1,0.9800705909729004,0,0,2,6.847211837768555,0,0.21842515468597412,0.5451751351356506,0.7815747857093811,-0.1533060073852539,0.2977861762046814,0.8405078053474426,0.08003482967615128,0.08331374824047089,0.0,0.0,0.28884565830230713,-0.11049863696098328,0.08988485485315323,0.5735252499580383,0.24344848096370697,1.5533634424209595,0.774212658405304,14.055702209472656,0.20464801788330078,6.953564167022705,0.021139269694685936,-0.46763303875923157,100,120,0,0,2,341,0,0
IMR,0,00260,IMR:00260:x:group037,0,5,4,0,Left,0.13062308728694916,1,1,1,0.9800705909729004,0,0,2,1.594980239868164,0,0.21842515468597412,0.5451751351356506,0.7815747857093811,-0.1533060073852539,0.2977861762046814,0.8405078053474426,0.08003482967615128,0.08331374824047089,0.0,0.0,0.28884565830230713,-0.11049863696098328,0.08988485485315323,0.5735252499580383,0.24344848096370697,1.5533634424209595,0.8453153967857361,-1.3307971954345703,0.15464481711387634,6.114782333374023,3.979937173426151e-05,0.0009543549967929721,100,120,0,1,1,341,0,0
IMR,0,00261,IMR:00261:x:group038,0,5,4,0,Left,0.13062308728694916,1,1,1,0.9800705909729004,0,0,2,-4.271275997161865,0,0.21842515468597412,0.5451751351356506,0.7815747857093811,-0.1533060073852539,0.2977861762046814,0.8405078053474426,0.08003482967615128,0.08331374824047089,0.0,0.0,0.28884565830230713,-0.11049863696098328,0.08988485485315323,0.5735252499580383,0.24344848096370697,1.5533634424209595,0.8474641442298889,-16.544921875,0.15130947530269623,3.7048897743225098,0.00122636032756418,0.02620307356119156,100,120,0,1,1,341,0,0
IMR,0,00262,IMR:00262:x:group039,0,5,4,0,Left,0.13062308728694916,1,1,1,0.9800705909729004,0,0,2,9.572279930114746,0,0.21842515468597412,0.5451751351356506,0.7815747857093811,-0.1533060073852539,0.2977861762046814,0.8405078053474426,0.08003482967615128,0.08331374824047089,0.0,0.0,0.28884565830230713,-0.11049863696098328,0.08988485485315323,0.5735252499580383,0.24344848096370697,1.5533634424209595,0.822843074798584,21.296875,0.16811542212963104,7.694216251373291,0.009041515178978443,-0.27425119280815125,100,120,0,1,1,341,0,0
IMR,0,00263,IMR:00263:x:group040,0,5,4,0,Left,0.13062308728694916,1,1,1,0.9800705909729004,0,0,2,1.9597142934799194,0,0.21842515468597412,0.5451751351356506,0.7815747857093811,-0.1533060073852539,0.2977861762046814,0.8405078053474426,0.08003482967615128,0.08331374824047089,0.0,0.0,0.28884565830230713,-0.11049863696098328,0.08988485485315323,0.5735252499580383,0.24344848096370697,1.5533634424209595,0.837116539478302,3.619600296020508,0.15374362468719482,2.15464448928833,0.00913975853472948,0.10489778965711594,100,120,0,2,0,341,0,0
IMR,0,00264,IMR:00264:x:group041,0,5,4,0,Left,0.13062308728694916,1,1,1,0.9800705909729004,0,0,2,-1.6535663604736328,0,0.21842515468597412,0.5451751351356506,0.7815747857093811,-0.1533060073852539,0.2977861762046814,0.8405078053474426,0.08003482967615128,0.08331374824047089,0.0,0.0,0.28884565830230713,-0.11049863696098328,0.08988485485315323,0.5735252499580383,0.24344848096370697,1.5533634424209595,0.8338202834129333,-10.369621276855469,0.165965273976326,5.402839660644531,0.00021443527657538652,0.006082247477024794,100,120,0,1,1,341,0,0
IMR,0,00265,IMR:00265:x:group042,0,5,4,0,Left,0.13062308728694916,1,1,1,0.9800705909729004,0,0,2,-1.8894424438476562,0,0.21842515468597412,0.5451751351356506,0.7815747857093811,-0.1533060073852539,0.2977861762046814,0.8405078053474426,0.08003482967615128,0.08331374824047089,0.0,0.0,0.28884565830230713,-0.11049863696098328,0.08988485485315323,0.5735252499580383,0.24344848096370697,1.5533634424209595,0.8515806794166565,-9.76344108581543,0.14796698093414307,4.083537578582764,0.00045234293793328106,0.011577064171433449,100,120,0,1,1,341,0,0
IMR,0,00266,IMR:00266:x:group043,0,5,4,0,Left,0.13062308728694916,1,1,1,0.9800705909729004,0,0,2,5.0151047706604,0,0.21842515468597412,0.5451751351356506,0.7815747857093811,-0.1533060073852539,0.2977861762046814,0.8405078053474426,0.08003482967615128,0.08331374824047089,0.0,0.0,0.28884565830230713,-0.11049863696098328,0.08988485485315323,0.5735252499580383,0.24344848096370697,1.5533634424209595,0.813683032989502,8.701414108276367,0.18483352661132812,6.406156539916992,0.001483379048295319,-0.062255073338747025,100,120,0,1,1,341,0,0
IMR,0,00267,IMR:00267:x:group044,0,5,4,1,Normal,0.13062308728694916,1,1,1,0.9800705909729004,0,0,2,3.0924384593963623,0,0.21842515468597412,0.5451751351356506,0.7815747857093811,-0.1533060073852539,0.2977861762046814,0.8405078053474426,0.08003482967615128,0.08331374824047089,0.0,0.0,0.28884565830230713,-0.11049863696098328,0.08988485485315323,0.5735252499580383,0.24344848096370697,1.5533634424209595,0.6491203904151917,9.372089385986328,0.19147925078868866,0.60371333360672,0.15940038859844208,-0.6984878182411194,100,120,0,0,2,341,0,0
IMR,0,00268,IMR:00268:x:group045,0,5,4,0,Left,0.13062308728694916,1,1,1,0.9800705909729004,0,0,2,-3.0464813709259033,0,0.21842515468597412,0.5451751351356506,0.7815747857093811,-0.1533060073852539,0.2977861762046814,0.8405078053474426,0.08003482967615128,0.08331374824047089,0.0,0.0,0.28884565830230713,-0.11049863696098328,0.08988485485315323,0.5735252499580383,0.24344848096370697,1.5533634424209595,0.8283112049102783,-11.343576431274414,0.15227289497852325,2.0273561477661133,0.01941593550145626,0.17677494883537292,100,120,0,1,1,341,0,0
IMR,0,00269,IMR:00269:x:group046,0,5,4,0,Left,0.13062308728694916,1,1,1,0.9800705909729004,0,0,2,-6.257991790771484,0,0.21842515468597412,0.5451751351356506,0.7815747857093811,-0.1533060073852539,0.2977861762046814,0.8405078053474426,0.08003482967615128,0.08331374824047089,0.0,0.0,0.28884565830230713,-0.11049863696098328,0.08988485485315323,0.5735252499580383,0.24344848096370697,1.5533634424209595,0.827789843082428,-20.894821166992188,0.15222090482711792,1.9463138580322266,0.01998922973871231,0.17452889680862427,100,120,0,2,0,341,0,0
IMR,0,00270,IMR:00270:x:group047,0,5,4,0,Left,0.13062308728694916,1,1,1,0.9800705909729004,0,0,2,2.1636126041412354,0,0.21842515468597412,0.5451751351356506,0.7815747857093811,-0.1533060073852539,0.2977861762046814,0.8405078053474426,0.08003482967615128,0.08331374824047089,0.0,0.0,0.28884565830230713,-0.11049863696098328,0.08988485485315323,0.5735252499580383,0.24344848096370697,1.5533634424209595,0.832980215549469,1.002044677734375,0.16665859520435333,5.493765354156494,0.0003611388092394918,-0.004972115159034729,100,120,0,1,1,341,0,0
IMR,0,00271,IMR:00271:x:group048,0,5,4,1,Normal,0.13062308728694916,1,1,1,0.9800705909729004,0,0,2,9.837634086608887,0,0.21842515468597412,0.5451751351356506,0.7815747857093811,-0.1533060073852539,0.2977861762046814,0.8405078053474426,0.08003482967615128,0.08331374824047089,0.0,0.0,0.28884565830230713,-0.11049863696098328,0.08988485485315323,0.5735252499580383,0.24344848096370697,1.5533634424209595,0.7781156897544861,17.11203384399414,0.20929862558841705,12.740836143493652,0.012585693039000034,-0.33996978402137756,100,120,0,0,2,341,0,0
IMR,0,00272,IMR:00272:x:group049,0,5,4,0,Left,0.13062308728694916,1,1,1,0.8571876883506775,4,4,6,0.5527631640434265,0,0.21842515468597412,0.5451751351356506,0.7815747857093811,-0.1533060073852539,0.2977861762046814,0.8405078053474426,0.08003482967615128,0.08331374824047089,0.0,0.0,0.28884565830230713,-0.11049863696098328,0.3161512613296509,1.6676093339920044,0.01718207634985447,0.09063064306974411,0.6392456889152527,1.556370496749878,0.22491545975208282,0.5049256086349487,0.13583889603614807,-0.40300703048706055,100,120,0,1,1,341,0,0
IMR,0,00273,IMR:00273:x:group050,0,5,4,0,Left,0.13062308728694916,1,1,1,0.9800705909729004,0,0,2,3.1834535598754883,0,0.21842515468597412,0.5451751351356506,0.7815747857093811,-0.1533060073852539,0.2977861762046814,0.8405078053474426,0.08003482967615128,0.08331374824047089,0.0,0.0,0.28884565830230713,-0.11049863696098328,0.08988485485315323,0.5735252499580383,0.24344848096370697,1.5533634424209595,0.8273326754570007,7.115901947021484,0.15838466584682465,2.312495231628418,0.014282729476690292,0.12196318805217743,100,120,0,1,1,341,0,0
IMR,0,00274,IMR:00274:x:group051,0,5,4,0,Left,0.13062308728694916,1,1,1,0.9800705909729004,0,0,2,-0.9887593388557434,0,0.21842515468597412,0.5451751351356506,0.7815747857093811,-0.1533060073852539,0.2977861762046814,0.8405078053474426,0.08003482967615128,0.08331374824047089,0.0,0.0,0.28884565830230713,-0.11049863696098328,0.08988485485315323,0.5735252499580383,0.24344848096370697,1.5533634424209595,0.8483898043632507,-9.932781219482422,0.15160132944583893,6.9661431312561035,8.85551253304584e-06,0.00036072847433388233,100,120,0,1,1,341,0,0
IMR,0,00275,IMR:00275:x:group052,0,5,4,1,Normal,0.13062308728694916,1,1,1,0.9800705909729004,0,0,2,11.552294731140137,0,0.21842515468597412,0.5451751351356506,0.7815747857093811,-0.1533060073852539,0.2977861762046814,0.8405078053474426,0.08003482967615128,0.08331374824047089,0.0,0.0,0.28884565830230713,-0.11049863696098328,0.08988485485315323,0.5735252499580383,0.24344848096370697,1.5533634424209595,0.7973108887672424,21.995811462402344,0.1945260614156723,12.916685104370117,0.008163080550730228,-0.25561171770095825,100,120,0,0,2,341,0,0
IMR,0,00276,IMR:00276:x:group053,0,5,4,2,Right,0.13062308728694916,1,1,1,0.9800705909729004,0,0,2,-11.868056297302246,0,0.21842515468597412,0.5451751351356506,0.7815747857093811,-0.1533060073852539,0.2977861762046814,0.8405078053474426,0.08003482967615128,0.08331374824047089,0.0,0.0,0.28884565830230713,-0.11049863696098328,0.08988485485315323,0.5735252499580383,0.24344848096370697,1.5533634424209595,0.6782906651496887,10.785237312316895,0.001180829363875091,0.042289331555366516,0.32052841782569885,-46.431697845458984,100,120,1,2,4,341,0,0
IMR,0,00277,IMR:00277:x:group054,0,5,4,2,Right,0.13062308728694916,1,1,1,0.9800705909729004,0,0,2,-10.240612030029297,0,0.21842515468597412,0.5451751351356506,0.7815747857093811,-0.1533060073852539,0.2977861762046814,0.8405078053474426,0.08003482967615128,0.08331374824047089,0.0,0.0,0.28884565830230713,-0.11049863696098328,0.08988485485315323,0.5735252499580383,0.24344848096370697,1.5533634424209595,0.6981661319732666,-8.354124069213867,0.009797542355954647,0.03421178460121155,0.29203638434410095,-22.401926040649414,100,120,1,1,3,341,0,0
IMR,0,00278,IMR:00278:x:group055,0,5,4,2,Right,0.13062308728694916,1,1,1,0.9800705909729004,0,0,2,-0.4628731310367584,0,0.21842515468597412,0.5451751351356506,0.7815747857093811,-0.1533060073852539,0.2977861762046814,0.8405078053474426,0.08003482967615128,0.08331374824047089,0.0,0.0,0.28884565830230713,-0.11049863696098328,0.08988485485315323,0.5735252499580383,0.24344848096370697,1.5533634424209595,0.7066829800605774,11.398836135864258,0.009468991309404373,-0.2289419174194336,0.28384801745414734,-12.558515548706055,100,120,1,1,3,341,0,0
IMR,0,00279,IMR:00279:x:group056,0,5,4,2,Right,0.13062308728694916,1,1,1,0.9800705909729004,0,0,2,-7.3732008934021,0,0.21842515468597412,0.5451751351356506,0.7815747857093811,-0.1533060073852539,0.2977861762046814,0.8405078053474426,0.08003482967615128,0.08331374824047089,0.0,0.0,0.28884565830230713,-0.11049863696098328,0.08988485485315323,0.5735252499580383,0.24344848096370697,1.5533634424209595,0.6820225715637207,14.862202644348145,0.0008667914662510157,-0.04866769164800644,0.3171105682849884,-36.93313980102539,100,120,1,1,3,341,0,0
IMR,0,00280,IMR:00280:x:group057,0,5,4,2,Right,0.13062308728694916,1,1,1,0.9800705909729004,0,0,2,-9.611651420593262,0,0.21842515468597412,0.5451751351356506,0.7815747857093811,-0.1533060073852539,0.2977861762046814,0.8405078053474426,0.08003482967615128,0.08331374824047089,0.0,0.0,0.28884565830230713,-0.11049863696098328,0.08988485485315323,0.5735252499580383,0.24344848096370697,1.5533634424209595,0.6800491809844971,21.318206787109375,0.000184234042535536,-0.027638694271445274,0.3197666108608246,-50.125518798828125,100,120,1,1,3,341,0,0
IMR,0,00281,IMR:00281:x:group058,0,5,4,2,Right,0.13062308728694916,1,1,1,0.9800705909729004,0,0,2,-9.530243873596191,0,0.21842515468597412,0.5451751351356506,0.7815747857093811,-0.1533060073852539,0.2977861762046814,0.8405078053474426,0.08003482967615128,0.08331374824047089,0.0,0.0,0.28884565830230713,-0.11049863696098328,0.08988485485315323,0.5735252499580383,0.24344848096370697,1.5533634424209595,0.6863489151000977,8.989014625549316,0.0008486148435622454,-0.06943904608488083,0.3128024935722351,-37.51030349731445,100,120,1,1,3,341,0,0
IMR,0,00282,IMR:00282:x:group059,0,5,4,2,Right,0.13062308728694916,1,1,1,0.9800705909729004,0,0,2,-7.54351282119751,0,0.21842515468597412,0.5451751351356506,0.7815747857093811,-0.1533060073852539,0.2977861762046814,0.8405078053474426,0.08003482967615128,0.08331374824047089,0.0,0.0,0.28884565830230713,-0.11049863696098328,0.08988485485315323,0.5735252499580383,0.24344848096370697,1.5533634424209595,0.6996994614601135,10.57497787475586,0.0014837348135188222,-0.14206084609031677,0.2988167703151703,-33.06346130371094,100,120,1,1,3,341,0,0
IMR,0,00283,IMR:00283:x:group060,0,5,4,2,Right,0.13062308728694916,1,1,1,0.9800705909729004,0,0,2,-11.72048282623291,0,0.21842515468597412,0.5451751351356506,0.7815747857093811,-0.1533060073852539,0.2977861762046814,0.8405078053474426,0.08003482967615128,0.08331374824047089,0.0,0.0,0.28884565830230713,-0.11049863696098328,0.08988485485315323,0.5735252499580383,0.24344848096370697,1.5533634424209595,0.6838446259498596,11.589058876037598,0.0003211568982806057,-0.0376833900809288,0.3158341944217682,-46.71282958984375,100,120,1,1,3,341,0,0
IMR,0,00284,IMR:00284:x:group061,0,5,4,2,Right,0.13062308728694916,1,1,1,0.9800705909729004,0,0,2,-7.500321865081787,0,0.21842515468597412,0.5451751351356506,0.7815747857093811,-0.1533060073852539,0.2977861762046814,0.8405078053474426,0.08003482967615128,0.08331374824047089,0.0,0.0,0.28884565830230713,-0.11049863696098328,0.08988485485315323,0.5735252499580383,0.24344848096370697,1.5533634424209595,0.6821349263191223,25.19891929626465,0.001056609209626913,-0.04922579973936081,0.31680843234062195,-47.65066146850586,100,120,1,2,4,341,0,0
IMR,0,00285,IMR:00285:x:group062,0,5,4,2,Right,0.13062308728694916,1,1,1,0.9800705909729004,0,0,2,1.0748494863510132,0,0.21842515468597412,0.5451751351356506,0.7815747857093811,-0.1533060073852539,0.2977861762046814,0.8405078053474426,0.08003482967615128,0.08331374824047089,0.0,0.0,0.28884565830230713,-0.11049863696098328,0.08988485485315323,0.5735252499580383,0.24344848096370697,1.5533634424209595,0.7086102366447449,31.2575740814209,0.002699540928006172,-0.2516039311885834,0.2886902987957001,-27.781423568725586,100,120,1,1,3,341,0,0
IMR,0,00286,IMR:00286:x:group063,0,5,4,2,Right,0.13062308728694916,1,1,1,0.9800705909729004,0,0,2,-12.994641304016113,0,0.21842515468597412,0.5451751351356506,0.7815747857093811,-0.1533060073852539,0.2977861762046814,0.8405078053474426,0.08003482967615128,0.08331374824047089,0.0,0.0,0.28884565830230713,-0.11049863696098328,0.08988485485315323,0.5735252499580383,0.24344848096370697,1.5533634424209595,0.6861422657966614,-8.995917320251465,0.0069150556810200214,0.1787051409482956,0.3069426715373993,-30.166711807250977,100,120,1,1,3,341,0,0
IMR,0,00287,IMR:00287:x:group064,0,5,4,2,Right,0.13062308728694916,1,1,1,0.9800705909729004,0,0,2,-13.062426567077637,0,0.21842515468597412,0.5451751351356506,0.7815747857093811,-0.1533060073852539,0.2977861762046814,0.8405078053474426,0.08003482967615128,0.08331374824047089,0.0,0.0,0.28884565830230713,-0.11049863696098328,0.08988485485315323,0.5735252499580383,0.24344848096370697,1.5533634424209595,0.6787211894989014,14.778328895568848,0.00020310236141085625,-0.009659775532782078,0.3210757076740265,-53.9559440612793,100,120,1,1,3,341,0,0
IMR,0,00288,IMR:00288:x:group065,0,5,4,2,Right,0.13062308728694916,1,1,1,0.9800705909729004,0,0,2,-8.732346534729004,0,0.21842515468597412,0.5451751351356506,0.7815747857093811,-0.1533060073852539,0.2977861762046814,0.8405078053474426,0.08003482967615128,0.08331374824047089,0.0,0.0,0.28884565830230713,-0.11049863696098328,0.08988485485315323,0.5735252499580383,0.24344848096370697,1.5533634424209595,0.6732542514801025,2.861175298690796,0.014074704609811306,0.3001221716403961,0.3126710057258606,-29.35833740234375,100,120,1,2,4,341,0,0
IMR,0,00289,IMR:00289:x:group066,0,5,4,2,Right,0.13062308728694916,1,1,1,0.9800705909729004,0,0,2,-7.1451735496521,0,0.21842515468597412,0.5451751351356506,0.7815747857093811,-0.1533060073852539,0.2977861762046814,0.8405078053474426,0.08003482967615128,0.08331374824047089,0.0,0.0,0.28884565830230713,-0.11049863696098328,0.08988485485315323,0.5735252499580383,0.24344848096370697,1.5533634424209595,0.6867945194244385,-2.080782413482666,0.01632305607199669,0.1203731894493103,0.2968824803829193,-19.47511100769043,100,120,1,2,4,341,0,0
IMR,0,00290,IMR:00290:x:group067,0,5,4,2,Right,0.13062308728694916,1,1,1,0.9800705909729004,0,0,2,-2.1905696392059326,0,0.21842515468597412,0.5451751351356506,0.7815747857093811,-0.1533060073852539,0.2977861762046814,0.8405078053474426,0.08003482967615128,0.08331374824047089,0.0,0.0,0.28884565830230713,-0.11049863696098328,0.08988485485315323,0.5735252499580383,0.24344848096370697,1.5533634424209595,0.7260016798973083,12.420075416564941,0.007474489975720644,-0.5062078237533569,0.26652389764785767,-18.485576629638672,100,120,1,2,4,341,0,0
IMR,0,00291,IMR:00291:x:group068,0,5,4,2,Right,0.13062308728694916,1,1,1,0.9800705909729004,0,0,2,-7.897937774658203,0,0.21842515468597412,0.5451751351356506,0.7815747857093811,-0.1533060073852539,0.2977861762046814,0.8405078053474426,0.08003482967615128,0.08331374824047089,0.0,0.0,0.28884565830230713,-0.11049863696098328,0.08988485485315323,0.5735252499580383,0.24344848096370697,1.5533634424209595,0.6881451606750488,18.654747009277344,0.0005749566480517387,-0.057151466608047485,0.311279833316803,-42.291404724121094,100,120,1,1,3,341,0,0
IMR,0,00292,IMR:00292:x:group069,0,5,4,2,Right,0.13062308728694916,1,1,1,0.9800705909729004,0,0,2,-3.104344606399536,0,0.21842515468597412,0.5451751351356506,0.7815747857093811,-0.1533060073852539,0.2977861762046814,0.8405078053474426,0.08003482967615128,0.08331374824047089,0.0,0.0,0.28884565830230713,-0.11049863696098328,0.08988485485315323,0.5735252499580383,0.24344848096370697,1.5533634424209595,0.6809999346733093,41.78037643432617,0.00017931428737938404,-0.028134331107139587,0.3188208043575287,-51.06527328491211,100,120,1,1,3,341,0,0
IMR,0,00293,IMR:00293:x:group070,0,5,4,2,Right,0.13062308728694916,1,1,1,0.9800705909729004,0,0,2,-13.143646240234375,0,0.21842515468597412,0.5451751351356506,0.7815747857093811,-0.1533060073852539,0.2977861762046814,0.8405078053474426,0.08003482967615128,0.08331374824047089,0.0,0.0,0.28884565830230713,-0.11049863696098328,0.08988485485315323,0.5735252499580383,0.24344848096370697,1.5533634424209595,0.6811614632606506,10.140647888183594,0.0003265627601649612,-0.015239257365465164,0.3185119330883026,-49.55635070800781,100,120,1,1,3,341,0,0
IMR,0,00294,IMR:00294:x:group071,0,5,4,1,Normal,0.13062308728694916,1,1,1,0.9800705909729004,0,0,2,3.9431447982788086,0,0.21842515468597412,0.5451751351356506,0.7815747857093811,-0.1533060073852539,0.2977861762046814,0.8405078053474426,0.08003482967615128,0.08331374824047089,0.0,0.0,0.28884565830230713,-0.11049863696098328,0.08988485485315323,0.5735252499580383,0.24344848096370697,1.5533634424209595,0.44442617893218994,11.067215919494629,0.26537758111953735,10.330916404724121,0.2901962697505951,-9.568696975708008,100,120,1,0,2,341,0,0
IMR,0,00295,IMR:00295:x:group072,0,5,4,2,Right,0.13062308728694916,1,1,1,0.9800705909729004,0,0,2,-3.9964523315429688,0,0.21842515468597412,0.5451751351356506,0.7815747857093811,-0.1533060073852539,0.2977861762046814,0.8405078053474426,0.08003482967615128,0.08331374824047089,0.0,0.0,0.28884565830230713,-0.11049863696098328,0.08988485485315323,0.5735252499580383,0.24344848096370697,1.5533634424209595,0.6742486953735352,49.56135559082031,0.0001242053840542212,-0.012545404955744743,0.32562705874443054,-61.538169860839844,100,120,1,2,4,341,0,0
IMR,0,00296,IMR:00296:x:group073,0,5,4,2,Right,0.13062308728694916,1,1,1,0.9800705909729004,0,0,2,-9.969627380371094,0,0.21842515468597412,0.5451751351356506,0.7815747857093811,-0.1533060073852539,0.2977861762046814,0.8405078053474426,0.08003482967615128,0.08331374824047089,0.0,0.0,0.28884565830230713,-0.11049863696098328,0.08988485485315323,0.5735252499580383,0.24344848096370697,1.5533634424209595,0.6753345131874084,32.11396789550781,4.829440149478614e-05,-0.009055261500179768,0.3246171772480011,-62.013790130615234,100,120,1,1,3,341,0,0
IMR,0,00297,IMR:00297:x:group074,0,5,4,2,Right,0.13062308728694916,1,1,1,0.9800705909729004,0,0,2,-10.692856788635254,0,0.21842515468597412,0.5451751351356506,0.7815747857093811,-0.1533060073852539,0.2977861762046814,0.8405078053474426,0.08003482967615128,0.08331374824047089,0.0,0.0,0.28884565830230713,-0.11049863696098328,0.08988485485315323,0.5735252499580383,0.24344848096370697,1.5533634424209595,0.6820442080497742,15.559412002563477,0.000727514096070081,-0.004355691373348236,0.3172282874584198,-47.63363265991211,100,120,1,1,3,341,0,0
IMR,0,00298,IMR:00298:x:group075,0,5,4,2,Right,0.13062308728694916,1,1,1,0.780367374420166,1,1,3,1.9569488763809204,0,0.21842515468597412,0.5451751351356506,0.7815747857093811,-0.1533060073852539,0.04242677614092827,0.09041734784841537,0.3353942334651947,0.6029434204101562,0.0,0.0,0.28884565830230713,-0.11049863696098328,0.3161512613296509,1.6676093339920044,0.01718207634985447,0.09063064306974411,0.5021320581436157,4.466801643371582,0.28637152910232544,1.3473525047302246,0.21149645745754242,0.05669248849153519,100,120,1,1,3,341,0,0
IMR,0,00299,IMR:00299:x:group076,0,5,4,2,Right,0.13062308728694916,1,1,1,0.9800705909729004,0,0,2,1.9908841848373413,0,0.21842515468597412,0.5451751351356506,0.7815747857093811,-0.1533060073852539,0.2977861762046814,0.8405078053474426,0.08003482967615128,0.08331374824047089,0.0,0.0,0.28884565830230713,-0.11049863696098328,0.08988485485315323,0.5735252499580383,0.24344848096370697,1.5533634424209595,0.6844234466552734,51.5261344909668,0.0008398056961596012,-0.07111659646034241,0.3147367537021637,-45.48236083984375,100,120,1,2,4,341,0,0
IMR,0,00300,IMR:00300:x:group077,0,5,4,0,Left,0.13062308728694916,1,1,1,0.9800705909729004,0,0,2,-1.9115791320800781,0,0.21842515468597412,0.5451751351356506,0.7815747857093811,-0.1533060073852539,0.2977861762046814,0.8405078053474426,0.08003482967615128,0.08331374824047089,0.0,0.0,0.28884565830230713,-0.11049863696098328,0.08988485485315323,0.5735252499580383,0.24344848096370697,1.5533634424209595,0.8217747807502747,-7.080287933349609,0.13856732845306396,1.1386618614196777,0.03965785354375839,0.20689253509044647,100,120,0,2,0,341,0,0
IMR,0,00301,IMR:00301:x:group078,0,5,4,0,Left,0.13062308728694916,1,1,1,0.9800705909729004,0,0,2,-1.8899478912353516,0,0.21842515468597412,0.5451751351356506,0.7815747857093811,-0.1533060073852539,0.2977861762046814,0.8405078053474426,0.08003482967615128,0.08331374824047089,0.0,0.0,0.28884565830230713,-0.11049863696098328,0.08988485485315323,0.5735252499580383,0.24344848096370697,1.5533634424209595,0.827841579914093,-7.673042297363281,0.15285535156726837,1.8364582061767578,0.019303051754832268,0.16673435270786285,100,120,0,2,0,341,0,1
IMR,0,00302,IMR:00302:x:group079,0,5,4,0,Left,0.13062308728694916,1,1,1,0.9800705909729004,0,0,2,1.1621875762939453,0,0.21842515468597412,0.5451751351356506,0.7815747857093811,-0.1533060073852539,0.2977861762046814,0.8405078053474426,0.08003482967615128,0.08331374824047089,0.0,0.0,0.28884565830230713,-0.11049863696098328,0.08988485485315323,0.5735252499580383,0.24344848096370697,1.5533634424209595,0.8422231078147888,1.0285072326660156,0.1493287831544876,2.3511478900909424,0.008448119275271893,0.10690803825855255,100,120,0,2,0,341,0,0
IMR,0,00303,IMR:00303:x:group080,0,5,4,0,Left,0.13062308728694916,1,1,1,0.9800705909729004,0,0,2,0.7144387364387512,0,0.21842515468597412,0.5451751351356506,0.7815747857093811,-0.1533060073852539,0.2977861762046814,0.8405078053474426,0.08003482967615128,0.08331374824047089,0.0,0.0,0.28884565830230713,-0.11049863696098328,0.08988485485315323,0.5735252499580383,0.24344848096370697,1.5533634424209595,0.8366415500640869,-1.649862289428711,0.1613621860742569,3.7587106227874756,0.001996261766180396,0.03446778655052185,100,120,0,2,0,341,0,0
IMR,0,00304,IMR:00304:x:group081,0,5,4,0,Left,0.13062308728694916,1,1,1,0.9800705909729004,0,0,2,-2.252896547317505,0,0.21842515468597412,0.5451751351356506,0.7815747857093811,-0.1533060073852539,0.2977861762046814,0.8405078053474426,0.08003482967615128,0.08331374824047089,0.0,0.0,0.28884565830230713,-0.11049863696098328,0.08988485485315323,0.5735252499580383,0.24344848096370697,1.5533634424209595,0.8469803929328918,-10.060823440551758,0.15112146735191345,3.265639543533325,0.0018981328466907144,0.03648833557963371,100,120,0,2,0,341,0,0
IMR,0,00305,IMR:00305:x:group082,0,5,4,0,Left,0.13062308728694916,1,1,1,0.9800705909729004,0,0,2,-3.043553113937378,0,0.21842515468597412,0.5451751351356506,0.7815747857093811,-0.1533060073852539,0.2977861762046814,0.8405078053474426,0.08003482967615128,0.08331374824047089,0.0,0.0,0.28884565830230713,-0.11049863696098328,0.08988485485315323,0.5735252499580383,0.24344848096370697,1.5533634424209595,0.8203231692314148,-11.288387298583984,0.15374071896076202,1.9655964374542236,0.025936109945178032,0.1921321451663971,100,120,0,2,0,341,0,0
IMR,0,00306,IMR:00306:x:group083,0,2,1,0,Left,0.13062308728694916,1,1,1,0.9032502770423889,1,1,3,2.1609597206115723,0,0.21842515468597412,0.5451751351356506,0.7815747857093811,-0.1533060073852539,0.04242677614092827,0.09041734784841537,0.3353942334651947,0.6029434204101562,0.0,0.0,0.28884565830230713,-0.11049863696098328,0.08988485485315323,0.5735252499580383,0.24344848096370697,1.5533634424209595,0.6249971389770508,6.223587989807129,0.20948965847492218,0.9539359211921692,0.16551320254802704,-0.6946454644203186,40,60,0,2,0,341,0,1
IMR,0,00306,IMR:00306:x:group083,1,5,4,0,Left,0.13062308728694916,1,1,1,0.9800705909729004,0,0,2,-11.541595458984375,0,0.21842515468597412,0.5451751351356506,0.7815747857093811,-0.1533060073852539,0.2977861762046814,0.8405078053474426,0.08003482967615128,0.08331374824047089,0.0,0.0,0.28884565830230713,-0.11049863696098328,0.08988485485315323,0.5735252499580383,0.24344848096370697,1.5533634424209595,0.7732737064361572,-35.62871170043945,0.10853362083435059,1.166879415512085,0.11819268018007278,-0.16295208036899567,100,120,0,2,0,341,0,0
IMR,0,00307,IMR:00307:x:group084,0,5,4,0,Left,0.13062308728694916,1,1,1,0.9800705909729004,0,0,2,-3.54608154296875,0,0.21842515468597412,0.5451751351356506,0.7815747857093811,-0.1533060073852539,0.2977861762046814,0.8405078053474426,0.08003482967615128,0.08331374824047089,0.0,0.0,0.28884565830230713,-0.11049863696098328,0.08988485485315323,0.5735252499580383,0.24344848096370697,1.5533634424209595,0.8505897521972656,-16.498023986816406,0.14936970174312592,5.858309268951416,4.06072213081643e-05,0.00147475756239146,100,120,0,1,1,341,0,0
IMR,0,00309,IMR:00309:x:group086,0,5,4,0,Left,0.13062308728694916,1,1,1,0.9800705909729004,0,0,2,-5.362818241119385,0,0.21842515468597412,0.5451751351356506,0.7815747857093811,-0.1533060073852539,0.2977861762046814,0.8405078053474426,0.08003482967615128,0.08331374824047089,0.0,0.0,0.28884565830230713,-0.11049863696098328,0.08988485485315323,0.5735252499580383,0.24344848096370697,1.5533634424209595,0.8307791352272034,-17.791940689086914,0.14541077613830566,1.5166631937026978,0.02381008304655552,0.18682530522346497,100,120,0,2,0,341,0,0
IMR,0,00310,IMR:00310:x:group087,0,5,4,0,Left,0.13062308728694916,1,1,1,0.9800705909729004,0,0,2,2.3687827587127686,0,0.21842515468597412,0.5451751351356506,0.7815747857093811,-0.1533060073852539,0.2977861762046814,0.8405078053474426,0.08003482967615128,0.08331374824047089,0.0,0.0,0.28884565830230713,-0.11049863696098328,0.08988485485315323,0.5735252499580383,0.24344848096370697,1.5533634424209595,0.8344497084617615,4.885471343994141,0.1538054645061493,2.095924139022827,0.011744842864573002,0.12495269626379013,100,120,0,2,0,341,0,1
IMR,0,00311,IMR:00311:x:group088,0,5,4,0,Left,0.13062308728694916,1,1,1,0.9800705909729004,0,0,2,-1.990479826927185,0,0.21842515468597412,0.5451751351356506,0.7815747857093811,-0.1533060073852539,0.2977861762046814,0.8405078053474426,0.08003482967615128,0.08331374824047089,0.0,0.0,0.28884565830230713,-0.11049863696098328,0.08988485485315323,0.5735252499580383,0.24344848096370697,1.5533634424209595,0.8335487842559814,-7.855588912963867,0.1468258947134018,1.7118290662765503,0.019625335931777954,0.17231841385364532,100,120,0,2,0,341,0,0
IMR,0,00312,IMR:00312:x:group089,0,5,4,0,Left,0.13062308728694916,1,1,1,0.9800705909729004,0,0,2,2.161550521850586,0,0.21842515468597412,0.5451751351356506,0.7815747857093811,-0.1533060073852539,0.2977861762046814,0.8405078053474426,0.08003482967615128,0.08331374824047089,0.0,0.0,0.28884565830230713,-0.11049863696098328,0.08988485485315323,0.5735252499580383,0.24344848096370697,1.5533634424209595,0.8347609043121338,4.702419281005859,0.14810563623905182,1.6326183080673218,0.017133517190814018,0.1496134102344513,100,120,0,2,0,341,0,0
IMR,0,00313,IMR:00313:x:group090,0,5,4,0,Left,0.13062308728694916,1,1,1,0.9800705909729004,0,0,2,-10.351974487304688,0,0.21842515468597412,0.5451751351356506,0.7815747857093811,-0.1533060073852539,0.2977861762046814,0.8405078053474426,0.08003482967615128,0.08331374824047089,0.0,0.0,0.28884565830230713,-0.11049863696098328,0.08988485485315323,0.5735252499580383,0.24344848096370697,1.5533634424209595,0.8200076222419739,-32.51945877075195,0.13762882351875305,1.2498223781585693,0.042363572865724564,0.21370819211006165,100,120,0,2,0,341,0,0
IMR,0,00314,IMR:00314:x:group091,0,5,4,0,Left,0.13062308728694916,1,1,1,0.9800705909729004,0,0,2,-4.5388641357421875,0,0.21842515468597412,0.5451751351356506,0.7815747857093811,-0.1533060073852539,0.2977861762046814,0.8405078053474426,0.08003482967615128,0.08331374824047089,0.0,0.0,0.28884565830230713,-0.11049863696098328,0.08988485485315323,0.5735252499580383,0.24344848096370697,1.5533634424209595,0.8204059600830078,-14.739561080932617,0.13381050527095795,0.9251470565795898,0.045783475041389465,0.19782467186450958,100,120,0,2,0,341,0,0
IMR,0,00315,IMR:00315:x:group092,0,5,4,0,Left,0.13062308728694916,1,1,1,0.9800705909729004,0,0,2,-7.299563884735107,0,0.21842515468597412,0.5451751351356506,0.7815747857093811,-0.1533060073852539,0.2977861762046814,0.8405078053474426,0.08003482967615128,0.08331374824047089,0.0,0.0,0.28884565830230713,-0.11049863696098328,0.08988485485315323,0.5735252499580383,0.24344848096370697,1.5533634424209595,0.8143320083618164,-23.29734992980957,0.13772764801979065,1.1844303607940674,0.04794038459658623,0.21423079073429108,100,120,0,2,0,341,0,0
IMR,0,00316,IMR:00316:x:group093,0,2,1,0,Left,0.13062308728694916,1,1,1,0.780367374420166,1,1,3,-2.036588191986084,2,0.21842515468597412,0.5451751351356506,0.7815747857093811,-0.1533060073852539,0.04242677614092827,0.09041734784841537,0.3353942334651947,0.6029434204101562,0.0,0.0,0.28884565830230713,-0.11049863696098328,0.3161512613296509,1.6676093339920044,0.01718207634985447,0.09063064306974411,0.3615613281726837,-2.0429599285125732,0.23371082544326782,-0.9173996448516846,0.40472784638404846,-3.149404764175415,40,60,0,2,0,341,0,0
IMR,0,00316,IMR:00316:x:group093,1,5,4,0,Left,0.13062308728694916,1,1,1,0.9800705909729004,0,0,2,-6.128204822540283,0,0.21842515468597412,0.5451751351356506,0.7815747857093811,-0.1533060073852539,0.2977861762046814,0.8405078053474426,0.08003482967615128,0.08331374824047089,0.0,0.0,0.28884565830230713,-0.11049863696098328,0.08988485485315323,0.5735252499580383,0.24344848096370697,1.5533634424209595,0.829291045665741,-20.042404174804688,0.14514487981796265,1.4668632745742798,0.025564052164554596,0.190928116440773,100,120,0,2,0,341,0,0
IMR,0,00317,IMR:00317:x:group094,0,5,4,0,Left,0.13062308728694916,1,1,1,0.9800705909729004,0,0,2,5.0214457511901855,0,0.21842515468597412,0.5451751351356506,0.7815747857093811,-0.1533060073852539,0.2977861762046814,0.8405078053474426,0.08003482967615128,0.08331374824047089,0.0,0.0,0.28884565830230713,-0.11049863696098328,0.08988485485315323,0.5735252499580383,0.24344848096370697,1.5533634424209595,0.8126978278160095,13.589071273803711,0.1560460329055786,1.3888249397277832,0.03125622496008873,0.08644264191389084,100,120,0,2,0,341,0,0
IMR,0,00318,IMR:00318:x:group095,0,5,4,0,Left,0.13062308728694916,1,1,1,0.9800705909729004,0,0,2,1.479134202003479,0,0.21842515468597412,0.5451751351356506,0.7815747857093811,-0.1533060073852539,0.2977861762046814,0.8405078053474426,0.08003482967615128,0.08331374824047089,0.0,0.0,0.28884565830230713,-0.11049863696098328,0.08988485485315323,0.5735252499580383,0.24344848096370697,1.5533634424209595,0.8385610580444336,2.0971202850341797,0.15272536873817444,2.2347216606140137,0.008713603019714355,0.1055629551410675,100,120,0,2,0,341,0,0
IMR,0,00319,IMR:00319:x:group096,0,5,4,0,Left,0.13062308728694916,1,1,1,0.9800705909729004,0,0,2,-1.271575927734375,0,0.21842515468597412,0.5451751351356506,0.7815747857093811,-0.1533060073852539,0.2977861762046814,0.8405078053474426,0.08003482967615128,0.08331374824047089,0.0,0.0,0.28884565830230713,-0.11049863696098328,0.08988485485315323,0.5735252499580383,0.24344848096370697,1.5533634424209595,0.8120672106742859,-5.028804779052734,0.13785019516944885,1.0194652080535889,0.05008259043097496,0.19461387395858765,100,120,0,2,0,341,0,0
IMR,0,00320,IMR:00320:x:group097,0,5,4,0,Left,0.13062308728694916,1,1,1,0.9800705909729004,0,0,2,-3.2319157123565674,0,0.21842515468597412,0.5451751351356506,0.7815747857093811,-0.1533060073852539,0.2977861762046814,0.8405078053474426,0.08003482967615128,0.08331374824047089,0.0,0.0,0.28884565830230713,-0.11049863696098328,0.08988485485315323,0.5735252499580383,0.24344848096370697,1.5533634424209595,0.8058062195777893,-10.81519889831543,0.12377885729074478,0.9901431202888489,0.07041490823030472,0.12930741906166077,100,120,0,2,0,341,0,0
IMR,0,00321,IMR:00321:x:group098,0,5,4,0,Left,0.13062308728694916,1,1,1,0.9800705909729004,0,0,2,-8.45986557006836,0,0.21842515468597412,0.5451751351356506,0.7815747857093811,-0.1533060073852539,0.2977861762046814,0.8405078053474426,0.08003482967615128,0.08331374824047089,0.0,0.0,0.28884565830230713,-0.11049863696098328,0.08988485485315323,0.5735252499580383,0.24344848096370697,1.5533634424209595,0.8319509625434875,-27.450653076171875,0.1498219519853592,1.9051170349121094,0.018227046355605125,0.16593638062477112,100,120,0,1,1,341,0,0
IMR,0,00322,IMR:00322:x:group099,0,1,0,0,Left,0.13062308728694916,1,1,1,0.9032502770423889,1,1,3,4.246715068817139,0,0.21842515468597412,0.5451751351356506,0.7815747857093811,-0.1533060073852539,0.04242677614092827,0.09041734784841537,0.3353942334651947,0.6029434204101562,0.0,0.0,0.28884565830230713,-0.11049863696098328,0.08988485485315323,0.5735252499580383,0.24344848096370697,1.5533634424209595,0.5599416494369507,10.891679763793945,0.2751932740211487,1.9380016326904297,0.16486509144306183,-0.08953576534986496,20,40,0,2,0,341,0,0
IMR,0,00322,IMR:00322:x:group099,1,5,4,0,Left,0.13062308728694916,1,1,1,0.9800705909729004,0,0,2,-3.0940961837768555,0,0.21842515468597412,0.5451751351356506,0.7815747857093811,-0.1533060073852539,0.2977861762046814,0.8405078053474426,0.08003482967615128,0.08331374824047089,0.0,0.0,0.28884565830230713,-0.11049863696098328,0.08988485485315323,0.5735252499580383,0.24344848096370697,1.5533634424209595,0.8275488018989563,-15.802143096923828,0.17236359417438507,6.516443729400635,8.761673961998895e-05,0.0034139289055019617,100,120,0,2,0,341,0,0
IMR,0,00323,IMR:00323:x:group100,0,5,4,0,Left,0.13062308728694916,1,1,1,0.9800705909729004,0,0,2,-6.869928359985352,0,0.21842515468597412,0.5451751351356506,0.7815747857093811,-0.1533060073852539,0.2977861762046814,0.8405078053474426,0.08003482967615128,0.08331374824047089,0.0,0.0,0.28884565830230713,-0.11049863696098328,0.08988485485315323,0.5735252499580383,0.24344848096370697,1.5533634424209595,0.827658474445343,-23.46107292175293,0.16257023811340332,2.735665798187256,0.009771177545189857,0.11562659591436386,100,120,0,2,0,341,0,1
IMR,0,00324,IMR:00324:x:group101,0,5,4,2,Right,0.13062308728694916,1,1,1,0.9800705909729004,0,0,2,0.19497156143188477,0,0.21842515468597412,0.5451751351356506,0.7815747857093811,-0.1533060073852539,0.2977861762046814,0.8405078053474426,0.08003482967615128,0.08331374824047089,0.0,0.0,0.28884565830230713,-0.11049863696098328,0.08988485485315323,0.5735252499580383,0.24344848096370697,1.5533634424209595,0.7524051070213318,1.0601727962493896,0.06035260856151581,0.14624345302581787,0.18724237382411957,-0.6215015649795532,100,120,1,2,4,341,0,0
IMR,0,00325,IMR:00325:x:group102,0,5,4,2,Right,0.13062308728694916,1,1,1,0.9800705909729004,0,0,2,-9.2540283203125,0,0.21842515468597412,0.5451751351356506,0.7815747857093811,-0.1533060073852539,0.2977861762046814,0.8405078053474426,0.08003482967615128,0.08331374824047089,0.0,0.0,0.28884565830230713,-0.11049863696098328,0.08988485485315323,0.5735252499580383,0.24344848096370697,1.5533634424209595,0.6468799114227295,-8.976178169250488,0.03288452327251434,0.642389178276062,0.32023555040359497,-19.428295135498047,100,120,1,2,4,341,0,0
IMR,0,00326,IMR:00326:x:group103,0,5,4,2,Right,0.13062308728694916,1,1,1,0.9800705909729004,0,0,2,1.7567501068115234,0,0.21842515468597412,0.5451751351356506,0.7815747857093811,-0.1533060073852539,0.2977861762046814,0.8405078053474426,0.08003482967615128,0.08331374824047089,0.0,0.0,0.28884565830230713,-0.11049863696098328,0.08988485485315323,0.5735252499580383,0.24344848096370697,1.5533634424209595,0.7377700209617615,15.11410903930664,0.018233435228466988,-0.6691938638687134,0.2439965158700943,-9.174663543701172,100,120,1,2,4,341,0,0
IMR,0,00327,IMR:00327:x:group104,0,5,4,2,Right,0.13062308728694916,1,1,1,0.9800705909729004,0,0,2,-7.626490116119385,0,0.21842515468597412,0.5451751351356506,0.7815747857093811,-0.1533060073852539,0.2977861762046814,0.8405078053474426,0.08003482967615128,0.08331374824047089,0.0,0.0,0.28884565830230713,-0.11049863696098328,0.08988485485315323,0.5735252499580383,0.24344848096370697,1.5533634424209595,0.4714299440383911,-7.533055305480957,0.14623112976551056,-1.2030454874038696,0.38233891129493713,-14.143367767333984,100,120,1,2,4,341,0,0
IMR,0,00328,IMR:00328:x:group105,0,5,4,2,Right,0.13062308728694916,1,1,1,0.9800705909729004,0,0,2,-4.5874481201171875,0,0.21842515468597412,0.5451751351356506,0.7815747857093811,-0.1533060073852539,0.2977861762046814,0.8405078053474426,0.08003482967615128,0.08331374824047089,0.0,0.0,0.28884565830230713,-0.11049863696098328,0.08988485485315323,0.5735252499580383,0.24344848096370697,1.5533634424209595,0.6814510226249695,28.90741539001465,0.0004946882254444063,-0.04751792922616005,0.31805428862571716,-42.62224197387695,100,120,1,2,4,341,0,0
IMR,0,00329,IMR:00329:x:group106,0,5,4,2,Right,0.13062308728694916,1,1,1,0.9800705909729004,0,0,2,-11.133037567138672,0,0.21842515468597412,0.5451751351356506,0.7815747857093811,-0.1533060073852539,0.2977861762046814,0.8405078053474426,0.08003482967615128,0.08331374824047089,0.0,0.0,0.28884565830230713,-0.11049863696098328,0.08988485485315323,0.5735252499580383,0.24344848096370697,1.5533634424209595,0.6716444492340088,37.909156799316406,1.436722232028842e-05,-0.0030255659949034452,0.32834121584892273,-71.30524444580078,100,120,1,2,4,341,0,0
IMR,0,00330,IMR:00330:x:group107,0,5,4,2,Right,0.13062308728694916,1,1,1,0.9800705909729004,0,0,2,-5.172499179840088,0,0.21842515468597412,0.5451751351356506,0.7815747857093811,-0.1533060073852539,0.2977861762046814,0.8405078053474426,0.08003482967615128,0.08331374824047089,0.0,0.0,0.28884565830230713,-0.11049863696098328,0.08988485485315323,0.5735252499580383,0.24344848096370697,1.5533634424209595,0.6786320209503174,36.71418762207031,0.0001367171062156558,-0.022174671292304993,0.32123127579689026,-52.209503173828125,100,120,1,2,4,341,0,0
IMR,0,00331,IMR:00331:x:group108,0,5,4,2,Right,0.13062308728694916,1,1,1,0.9800705909729004,0,0,2,-5.744279384613037,0,0.21842515468597412,0.5451751351356506,0.7815747857093811,-0.1533060073852539,0.2977861762046814,0.8405078053474426,0.08003482967615128,0.08331374824047089,0.0,0.0,0.28884565830230713,-0.11049863696098328,0.08988485485315323,0.5735252499580383,0.24344848096370697,1.5533634424209595,0.686311662197113,24.04571533203125,0.000510590965859592,-0.06592117249965668,0.3131777346134186,-41.212642669677734,100,120,1,2,4,341,0,0
IMR,0,00332,IMR:00332:x:group109,0,5,4,2,Right,0.13062308728694916,1,1,1,0.9800705909729004,0,0,2,-6.561659336090088,0,0.21842515468597412,0.5451751351356506,0.7815747857093811,-0.1533060073852539,0.2977861762046814,0.8405078053474426,0.08003482967615128,0.08331374824047089,0.0,0.0,0.28884565830230713,-0.11049863696098328,0.08988485485315323,0.5735252499580383,0.24344848096370697,1.5533634424209595,0.6726341247558594,47.38150405883789,2.375421900069341e-05,-0.004674783442169428,0.32734212279319763,-67.06180572509766,100,120,1,2,4,341,0,0
IMR,0,00333,IMR:00333:x:group110,0,3,2,2,Right,0.13062308728694916,1,1,1,0.9800705909729004,0,0,2,2.582831621170044,0,0.21842515468597412,0.5451751351356506,0.7815747857093811,-0.1533060073852539,0.2977861762046814,0.8405078053474426,0.08003482967615128,0.08331374824047089,0.0,0.0,0.28884565830230713,-0.11049863696098328,0.08988485485315323,0.5735252499580383,0.24344848096370697,1.5533634424209595,0.5201249122619629,4.812633991241455,0.3516674041748047,2.8552184104919434,0.128207728266716,0.0806422233581543,60,80,1,2,4,341,0,1
IMR,0,00333,IMR:00333:x:group110,1,5,4,2,Right,0.13062308728694916,1,1,1,0.9800705909729004,0,0,2,-7.836822509765625,0,0.21842515468597412,0.5451751351356506,0.7815747857093811,-0.1533060073852539,0.2977861762046814,0.8405078053474426,0.08003482967615128,0.08331374824047089,0.0,0.0,0.28884565830230713,-0.11049863696098328,0.08988485485315323,0.5735252499580383,0.24344848096370697,1.5533634424209595,0.6729435324668884,42.62534713745117,2.6585481464280747e-05,-0.005138748325407505,0.32702991366386414,-66.13066864013672,100,120,1,2,4,341,0,0
IMR,0,00334,IMR:00334:x:group111,0,3,2,2,Right,0.13062308728694916,1,1,1,0.9800705909729004,0,0,2,-3.4415664672851562,0,0.21842515468597412,0.5451751351356506,0.7815747857093811,-0.1533060073852539,0.2977861762046814,0.8405078053474426,0.08003482967615128,0.08331374824047089,0.0,0.0,0.28884565830230713,-0.11049863696098328,0.08988485485315323,0.5735252499580383,0.24344848096370697,1.5533634424209595,0.6735741496086121,53.65525817871094,0.0009991803672164679,-0.046468641608953476,0.3254266381263733,-63.933494567871094,60,80,1,2,4,341,0,1
IMR,0,00334,IMR:00334:x:group111,1,5,4,2,Right,0.13062308728694916,1,1,1,0.9800705909729004,0,0,2,-6.6065802574157715,0,0.21842515468597412,0.5451751351356506,0.7815747857093811,-0.1533060073852539,0.2977861762046814,0.8405078053474426,0.08003482967615128,0.08331374824047089,0.0,0.0,0.28884565830230713,-0.11049863696098328,0.08988485485315323,0.5735252499580383,0.24344848096370697,1.5533634424209595,0.6794037222862244,27.02542495727539,0.0002863963309209794,-0.02944345213472843,0.32030996680259705,-46.81572723388672,100,120,1,2,4,341,0,0
IMR,0,00335,IMR:00335:x:group112,0,5,4,2,Right,0.13062308728694916,1,1,1,0.9800705909729004,0,0,2,3.9067535400390625,0,0.21842515468597412,0.5451751351356506,0.7815747857093811,-0.1533060073852539,0.2977861762046814,0.8405078053474426,0.08003482967615128,0.08331374824047089,0.0,0.0,0.28884565830230713,-0.11049863696098328,0.08988485485315323,0.5735252499580383,0.24344848096370697,1.5533634424209595,0.6963586807250977,45.61968994140625,0.0014840196818113327,-0.15130677819252014,0.3021572530269623,-33.74812316894531,100,120,1,2,4,341,0,0
IMR,0,00336,IMR:00336:x:group113,0,5,4,2,Right,0.13062308728694916,1,1,1,0.9800705909729004,0,0,2,0.6419513821601868,0,0.21842515468597412,0.5451751351356506,0.7815747857093811,-0.1533060073852539,0.2977861762046814,0.8405078053474426,0.08003482967615128,0.08331374824047089,0.0,0.0,0.28884565830230713,-0.11049863696098328,0.08988485485315323,0.5735252499580383,0.24344848096370697,1.5533634424209595,0.790386438369751,1.6452107429504395,0.06688078492879868,0.15176922082901,0.14273273944854736,0.1288740634918213,100,120,1,2,4,341,0,0
IMR,0,00337,IMR:00337:x:group114,0,5,4,2,Right,0.13062308728694916,1,1,1,0.9800705909729004,0,0,2,-2.4600741863250732,0,0.21842515468597412,0.5451751351356506,0.7815747857093811,-0.1533060073852539,0.2977861762046814,0.8405078053474426,0.08003482967615128,0.08331374824047089,0.0,0.0,0.28884565830230713,-0.11049863696098328,0.08988485485315323,0.5735252499580383,0.24344848096370697,1.5533634424209595,0.6744959354400635,53.99197769165039,4.630144394468516e-05,-0.008681314066052437,0.3254578113555908,-61.36351013183594,100,120,1,2,4,341,0,0
IMR,0,00338,IMR:00338:x:group115,0,5,4,2,Right,0.13062308728694916,1,1,1,0.9831289649009705,4,4,6,3.4308078289031982,0,0.21842515468597412,0.5451751351356506,0.7815747857093811,-0.1533060073852539,0.2977861762046814,0.8405078053474426,0.08563446998596191,0.08255027234554291,0.0,0.0,0.0,0.0,0.3731308877468109,0.472965270280838,0.24344848096370697,1.5533634424209595,0.6918528079986572,46.766944885253906,0.0009225248941220343,-0.10914119333028793,0.3072246313095093,-36.36537551879883,100,120,1,2,4,341,0,0
IMR,0,00339,IMR:00339:x:group116,0,5,4,2,Right,0.13062308728694916,1,1,1,0.9800705909729004,0,0,2,-6.93816614151001,0,0.21842515468597412,0.5451751351356506,0.7815747857093811,-0.1533060073852539,0.2977861762046814,0.8405078053474426,0.08003482967615128,0.08331374824047089,0.0,0.0,0.28884565830230713,-0.11049863696098328,0.08988485485315323,0.5735252499580383,0.24344848096370697,1.5533634424209595,0.6777980327606201,33.347476959228516,0.0001131898898165673,-0.018899062648415565,0.3220887780189514,-54.14307403564453,100,120,1,2,4,341,0,0
IMR,0,00340,IMR:00340:x:group117,0,5,4,2,Right,0.13062308728694916,1,1,1,0.9800705909729004,0,0,2,-2.88000750541687,0,0.21842515468597412,0.5451751351356506,0.7815747857093811,-0.1533060073852539,0.2977861762046814,0.8405078053474426,0.08003482967615128,0.08331374824047089,0.0,0.0,0.28884565830230713,-0.11049863696098328,0.08988485485315323,0.5735252499580383,0.24344848096370697,1.5533634424209595,0.672599732875824,59.41275405883789,2.1785795979667455e-05,-0.00451194541528821,0.3273785412311554,-68.04825592041016,100,120,1,2,4,341,0,0
IMR,0,00341,IMR:00341:x:group118,0,5,4,2,Right,0.13062308728694916,1,1,1,0.9800705909729004,0,0,2,-3.8189868927001953,0,0.21842515468597412,0.5451751351356506,0.7815747857093811,-0.1533060073852539,0.2977861762046814,0.8405078053474426,0.08003482967615128,0.08331374824047089,0.0,0.0,0.28884565830230713,-0.11049863696098328,0.08988485485315323,0.5735252499580383,0.24344848096370697,1.5533634424209595,0.42832842469215393,0.37646055221557617,0.19443081319332123,0.7637618780136108,0.37724074721336365,-12.597183227539062,100,120,1,2,4,341,0,0
IMR,0,00342,IMR:00342:x:group119,0,5,4,2,Right,0.13062308728694916,1,1,1,0.9831289649009705,4,4,6,-15.308897972106934,0,0.21842515468597412,0.5451751351356506,0.7815747857093811,-0.1533060073852539,0.2977861762046814,0.8405078053474426,0.08563446998596191,0.08255027234554291,0.0,0.0,0.0,0.0,0.3731308877468109,0.472965270280838,0.24344848096370697,1.5533634424209595,0.6469591856002808,7.25163459777832,0.013003241270780563,0.3842027187347412,0.3400375545024872,-53.56253433227539,100,120,1,2,4,341,0,0
IMR,0,00343,IMR:00343:x:group120,0,5,4,2,Right,0.13062308728694916,1,1,1,0.9800705909729004,0,0,2,-3.70092511177063,0,0.21842515468597412,0.5451751351356506,0.7815747857093811,-0.1533060073852539,0.2977861762046814,0.8405078053474426,0.08003482967615128,0.08331374824047089,0.0,0.0,0.28884565830230713,-0.11049863696098328,0.08988485485315323,0.5735252499580383,0.24344848096370697,1.5533634424209595,0.6724418997764587,53.90182113647461,0.0009570795227773488,-0.043997906148433685,0.3266010582447052,-64.96060180664062,100,120,1,2,4,341,0,0
IMR,0,00344,IMR:00344:x:group121,0,5,4,2,Right,0.13062308728694916,1,1,1,0.9800705909729004,0,0,2,-0.4200204312801361,0,0.21842515468597412,0.5451751351356506,0.7815747857093811,-0.1533060073852539,0.2977861762046814,0.8405078053474426,0.08003482967615128,0.08331374824047089,0.0,0.0,0.28884565830230713,-0.11049863696098328,0.08988485485315323,0.5735252499580383,0.24344848096370697,1.5533634424209595,0.7252533435821533,17.35451889038086,0.007698261644691229,-0.5191865563392639,0.2670484483242035,-18.09539222717285,100,120,1,2,4,341,0,0
IMR,0,00345,IMR:00345:x:group122,0,5,4,2,Right,0.13062308728694916,1,1,1,0.9800705909729004,0,0,2,-0.665991485118866,0,0.21842515468597412,0.5451751351356506,0.7815747857093811,-0.1533060073852539,0.2977861762046814,0.8405078053474426,0.08003482967615128,0.08331374824047089,0.0,0.0,0.28884565830230713,-0.11049863696098328,0.08988485485315323,0.5735252499580383,0.24344848096370697,1.5533634424209595,0.7260425686836243,3.241542339324951,0.02772808074951172,-0.20128387212753296,0.246229350566864,-5.03823184967041,100,120,1,2,4,341,0,0
IMR,0,00346,IMR:00346:x:group123,0,5,4,2,Right,0.13062308728694916,1,1,1,0.9800705909729004,0,0,2,0.034061431884765625,0,0.21842515468597412,0.5451751351356506,0.7815747857093811,-0.1533060073852539,0.2977861762046814,0.8405078053474426,0.08003482967615128,0.08331374824047089,0.0,0.0,0.28884565830230713,-0.11049863696098328,0.08988485485315323,0.5735252499580383,0.24344848096370697,1.5533634424209595,0.7081446647644043,28.710777282714844,0.0024376895744353533,-0.2388981729745865,0.28941768407821655,-28.36969566345215,100,120,1,2,4,341,0,0
IMR,0,00347,IMR:00347:x:group124,0,5,4,2,Right,0.13062308728694916,1,1,1,0.9800705909729004,0,0,2,-11.771025657653809,0,0.21842515468597412,0.5451751351356506,0.7815747857093811,-0.1533060073852539,0.2977861762046814,0.8405078053474426,0.08003482967615128,0.08331374824047089,0.0,0.0,0.28884565830230713,-0.11049863696098328,0.08988485485315323,0.5735252499580383,0.24344848096370697,1.5533634424209595,0.6713667511940002,35.562740325927734,1.406623050570488e-05,-0.0028892175760120153,0.32861918210983276,-70.8729248046875,100,120,1,2,4,341,0,0
IMR,0,00348,IMR:00348:x:group125,0,5,4,1,Normal,0.13062308728694916,1,1,1,0.9800705909729004,0,0,2,10.72246265411377,0,0.21842515468597412,0.5451751351356506,0.7815747857093811,-0.1533060073852539,0.2977861762046814,0.8405078053474426,0.08003482967615128,0.08331374824047089,0.0,0.0,0.28884565830230713,-0.11049863696098328,0.08988485485315323,0.5735252499580383,0.24344848096370697,1.5533634424209595,0.6511086225509644,22.4405517578125,0.28301551938056946,10.36589527130127,0.06587586551904678,-0.6390594244003296,100,120,-1,0,2,341,0,0
IMR,0,00349,IMR:00349:x:group126,0,5,4,1,Normal,0.13062308728694916,1,1,1,0.9800705909729004,0,0,2,13.51872730255127,0,0.21842515468597412,0.5451751351356506,0.7815747857093811,-0.1533060073852539,0.2977861762046814,0.8405078053474426,0.08003482967615128,0.08331374824047089,0.0,0.0,0.28884565830230713,-0.11049863696098328,0.08988485485315323,0.5735252499580383,0.24344848096370697,1.5533634424209595,0.6667744517326355,28.483234405517578,0.27202242612838745,12.733514785766602,0.06120307371020317,-0.6605663895606995,100,120,-1,0,2,341,0,0
IMR,0,00350,IMR:00350:x:group127,0,5,4,1,Normal,0.13062308728694916,1,1,1,0.9800705909729004,0,0,2,2.123931884765625,0,0.21842515468597412,0.5451751351356506,0.7815747857093811,-0.1533060073852539,0.2977861762046814,0.8405078053474426,0.08003482967615128,0.08331374824047089,0.0,0.0,0.28884565830230713,-0.11049863696098328,0.08988485485315323,0.5735252499580383,0.24344848096370697,1.5533634424209595,0.4111609160900116,11.424506187438965,0.2534063160419464,12.742236137390137,0.335432767868042,-17.794944763183594,100,120,-1,0,2,341,0,0
IMR,0,00351,IMR:00351:x:group128,0,5,4,1,Normal,0.13062308728694916,1,1,1,0.9800705909729004,0,0,2,0.5775527954101562,0,0.21842515468597412,0.5451751351356506,0.7815747857093811,-0.1533060073852539,0.2977861762046814,0.8405078053474426,0.08003482967615128,0.08331374824047089,0.0,0.0,0.28884565830230713,-0.11049863696098328,0.08988485485315323,0.5735252499580383,0.24344848096370697,1.5533634424209595,0.4112633168697357,8.210470199584961,0.24477161467075348,7.471991062164307,0.343965083360672,-13.949804306030273,100,120,-1,0,2,341,0,0
IMR,0,00352,IMR:00352:x:group129,0,5,4,1,Normal,0.13062308728694916,1,1,1,0.9800705909729004,0,0,2,11.044795989990234,0,0.21842515468597412,0.5451751351356506,0.7815747857093811,-0.1533060073852539,0.2977861762046814,0.8405078053474426,0.08003482967615128,0.08331374824047089,0.0,0.0,0.28884565830230713,-0.11049863696098328,0.08988485485315323,0.5735252499580383,0.24344848096370697,1.5533634424209595,0.6337944865226746,21.043399810791016,0.28028154373168945,10.864416122436523,0.085923932492733,1.2265725135803223,100,120,-1,0,2,341,0,0
IMR,0,00353,IMR:00353:x:group130,0,5,4,1,Normal,0.13062308728694916,1,1,1,0.9800705909729004,0,0,2,10.390591621398926,0,0.21842515468597412,0.5451751351356506,0.7815747857093811,-0.1533060073852539,0.2977861762046814,0.8405078053474426,0.08003482967615128,0.08331374824047089,0.0,0.0,0.28884565830230713,-0.11049863696098328,0.08988485485315323,0.5735252499580383,0.24344848096370697,1.5533634424209595,0.4771149456501007,11.52436351776123,0.3720504343509674,18.254440307617188,0.1508346050977707,1.3929694890975952,100,120,-1,0,2,341,0,0
IMR,0,00354,IMR:00354:x:group131,0,5,4,1,Normal,0.13062308728694916,1,1,1,0.9800705909729004,0,0,2,3.458709716796875,2,0.21842515468597412,0.5451751351356506,0.7815747857093811,-0.1533060073852539,0.2977861762046814,0.8405078053474426,0.08003482967615128,0.08331374824047089,0.0,0.0,0.28884565830230713,-0.11049863696098328,0.08988485485315323,0.5735252499580383,0.24344848096370697,1.5533634424209595,0.29904118180274963,6.813685894012451,0.32655635476112366,17.395008087158203,0.3744024336338043,-13.832564353942871,100,120,-1,0,2,341,0,0
IMR,0,00355,IMR:00355:x:group132,0,5,4,1,Normal,0.13062308728694916,1,1,1,0.9800705909729004,0,0,2,-2.426490068435669,0,0.21842515468597412,0.5451751351356506,0.7815747857093811,-0.1533060073852539,0.2977861762046814,0.8405078053474426,0.08003482967615128,0.08331374824047089,0.0,0.0,0.28884565830230713,-0.11049863696098328,0.08988485485315323,0.5735252499580383,0.24344848096370697,1.5533634424209595,0.6576817035675049,9.99156379699707,0.039389003068208694,-0.08038577437400818,0.3029293119907379,-17.190649032592773,100,120,-1,0,2,341,0,0
IMR,0,00356,IMR:00356:x:group133,0,5,4,1,Normal,0.13062308728694916,1,1,1,0.9800705909729004,0,0,2,9.30683708190918,0,0.21842515468597412,0.5451751351356506,0.7815747857093811,-0.1533060073852539,0.2977861762046814,0.8405078053474426,0.08003482967615128,0.08331374824047089,0.0,0.0,0.28884565830230713,-0.11049863696098328,0.08988485485315323,0.5735252499580383,0.24344848096370697,1.5533634424209595,0.6237523555755615,17.325546264648438,0.3055912256240845,11.217535972595215,0.0706564411520958,-0.6225691437721252,100,120,-1,0,2,341,0,0
IMR,0,00357,IMR:00357:x:group134,0,5,4,1,Normal,0.13062308728694916,1,1,1,0.9800705909729004,0,0,2,12.682269096374512,0,0.21842515468597412,0.5451751351356506,0.7815747857093811,-0.1533060073852539,0.2977861762046814,0.8405078053474426,0.08003482967615128,0.08331374824047089,0.0,0.0,0.28884565830230713,-0.11049863696098328,0.08988485485315323,0.5735252499580383,0.24344848096370697,1.5533634424209595,0.651059091091156,26.561025619506836,0.26422935724258423,11.988801002502441,0.08471163362264633,-0.5030143857002258,100,120,-1,0,2,341,0,0
IMR,0,00358,IMR:00358:x:group135,0,5,4,0,Left,0.13062308728694916,1,1,1,0.9800705909729004,0,0,2,6.868906021118164,0,0.21842515468597412,0.5451751351356506,0.7815747857093811,-0.1533060073852539,0.2977861762046814,0.8405078053474426,0.08003482967615128,0.08331374824047089,0.0,0.0,0.28884565830230713,-0.11049863696098328,0.08988485485315323,0.5735252499580383,0.24344848096370697,1.5533634424209595,0.8495116233825684,15.161394119262695,0.14984406530857086,5.475372314453125,0.0006443766178563237,-0.030049385502934456,100,120,0,1,1,341,0,0
IMR,0,00359,IMR:00359:x:group136,0,5,4,0,Left,0.13062308728694916,1,1,1,0.9800705909729004,0,0,2,6.378318786621094,0,0.21842515468597412,0.5451751351356506,0.7815747857093811,-0.1533060073852539,0.2977861762046814,0.8405078053474426,0.08003482967615128,0.08331374824047089,0.0,0.0,0.28884565830230713,-0.11049863696098328,0.08988485485315323,0.5735252499580383,0.24344848096370697,1.5533634424209595,0.8564357757568359,12.096222877502441,0.14349029958248138,7.043684482574463,7.400470349239185e-05,-0.00495092011988163,100,120,0,1,1,341,0,0
IMR,0,00360,IMR:00360:x:group137,0,5,4,0,Left,0.13062308728694916,1,1,1,0.9800705909729004,0,0,2,8.210997581481934,0,0.21842515468597412,0.5451751351356506,0.7815747857093811,-0.1533060073852539,0.2977861762046814,0.8405078053474426,0.08003482967615128,0.08331374824047089,0.0,0.0,0.28884565830230713,-0.11049863696098328,0.08988485485315323,0.5735252499580383,0.24344848096370697,1.5533634424209595,0.8606773018836975,17.508939743041992,0.13924162089824677,7.129604339599609,8.104371227091178e-05,-0.0055525777861475945,100,120,0,1,1,341,0,0
IMR,0,00361,IMR:00361:x:group138,0,5,4,1,Normal,0.13062308728694916,1,1,1,0.9800705909729004,0,0,2,12.648167610168457,0,0.21842515468597412,0.5451751351356506,0.7815747857093811,-0.1533060073852539,0.2977861762046814,0.8405078053474426,0.08003482967615128,0.08331374824047089,0.0,0.0,0.28884565830230713,-0.11049863696098328,0.08988485485315323,0.5735252499580383,0.24344848096370697,1.5533634424209595,0.6590892672538757,26.71958351135254,0.26384463906288147,11.792695045471191,0.0770661011338234,-0.5677749514579773,100,120,0,0,2,341,0,0
IMR,0,00362,IMR:00362:x:group139,0,5,4,0,Left,0.13062308728694916,1,1,1,0.9800705909729004,0,0,2,5.172634601593018,0,0.21842515468597412,0.5451751351356506,0.7815747857093811,-0.1533060073852539,0.2977861762046814,0.8405078053474426,0.08003482967615128,0.08331374824047089,0.0,0.0,0.28884565830230713,-0.11049863696098328,0.08988485485315323,0.5735252499580383,0.24344848096370697,1.5533634424209595,0.8590341210365295,8.648576736450195,0.1409541517496109,6.86994743347168,1.1753098078770563e-05,-0.0006149263354018331,100,120,0,1,1,341,0,0
IMR,0,00363,IMR:00363:x:group140,0,5,4,2,Right,0.13062308728694916,1,1,1,0.9800705909729004,0,0,2,-0.13798491656780243,2,0.21842515468597412,0.5451751351356506,0.7815747857093811,-0.1533060073852539,0.2977861762046814,0.8405078053474426,0.08003482967615128,0.08331374824047089,0.0,0.0,0.28884565830230713,-0.11049863696098328,0.08988485485315323,0.5735252499580383,0.24344848096370697,1.5533634424209595,0.3370489180088043,3.6358208656311035,0.30035868287086487,7.051966190338135,0.3625923693180084,-11.1017427444458,100,120,1,1,3,341,0,0
IMR,0,00364,IMR:00364:x:group141,0,5,4,2,Right,0.13062308728694916,1,1,1,0.9800705909729004,0,0,2,1.280099868774414,0,0.21842515468597412,0.5451751351356506,0.7815747857093811,-0.1533060073852539,0.2977861762046814,0.8405078053474426,0.08003482967615128,0.08331374824047089,0.0,0.0,0.28884565830230713,-0.11049863696098328,0.08988485485315323,0.5735252499580383,0.24344848096370697,1.5533634424209595,0.3800634443759918,8.470915794372559,0.2807076871395111,9.752263069152832,0.3392288386821747,-14.382880210876465,100,120,1,1,3,341,0,0
IMR,0,00365,IMR:00365:x:group142,0,5,4,2,Right,0.13062308728694916,1,1,1,0.9800705909729004,0,0,2,1.6503486633300781,0,0.21842515468597412,0.5451751351356506,0.7815747857093811,-0.1533060073852539,0.2977861762046814,0.8405078053474426,0.08003482967615128,0.08331374824047089,0.0,0.0,0.28884565830230713,-0.11049863696098328,0.08988485485315323,0.5735252499580383,0.24344848096370697,1.5533634424209595,0.5209867358207703,19.0459041595459,0.19582535326480865,4.0951828956604,0.2831878960132599,-18.190038681030273,100,120,1,1,3,341,0,0
IMR,0,00366,IMR:00366:x:group143,0,5,4,2,Right,0.13062308728694916,1,1,1,0.9800705909729004,0,0,2,-10.3553466796875,0,0.21842515468597412,0.5451751351356506,0.7815747857093811,-0.1533060073852539,0.2977861762046814,0.8405078053474426,0.08003482967615128,0.08331374824047089,0.0,0.0,0.28884565830230713,-0.11049863696098328,0.08988485485315323,0.5735252499580383,0.24344848096370697,1.5533634424209595,0.6996524333953857,2.2424569129943848,0.0016647187294438481,-0.13344132900238037,0.2986828088760376,-33.17505645751953,100,120,1,1,3,341,0,0
IMR,0,00368,IMR:00368:x:group144,0,5,4,0,Left,0.13062308728694916,1,1,1,0.9800705909729004,0,0,2,3.004932165145874,0,0.21842515468597412,0.5451751351356506,0.7815747857093811,-0.1533060073852539,0.2977861762046814,0.8405078053474426,0.08003482967615128,0.08331374824047089,0.0,0.0,0.28884565830230713,-0.11049863696098328,0.08988485485315323,0.5735252499580383,0.24344848096370697,1.5533634424209595,0.6581699848175049,7.621950626373291,0.25775420665740967,1.825563669204712,0.08407580852508545,-0.4327176511287689,100,120,0,2,0,341,0,0
IMR,0,00369,IMR:00369:x:group145,0,5,4,0,Left,0.13062308728694916,1,1,1,0.9800705909729004,0,0,2,1.0040855407714844,0,0.21842515468597412,0.5451751351356506,0.7815747857093811,-0.1533060073852539,0.2977861762046814,0.8405078053474426,0.08003482967615128,0.08331374824047089,0.0,0.0,0.28884565830230713,-0.11049863696098328,0.08988485485315323,0.5735252499580383,0.24344848096370697,1.5533634424209595,0.8018320202827454,0.11008453369140625,0.18595130741596222,2.8094723224639893,0.01221668440848589,0.09269972145557404,100,120,0,2,0,341,0,0
IMR,0,00370,IMR:00370:x:group146,0,5,4,0,Left,0.13062308728694916,1,1,1,0.9800705909729004,0,0,2,0.42525801062583923,0,0.21842515468597412,0.5451751351356506,0.7815747857093811,-0.1533060073852539,0.2977861762046814,0.8405078053474426,0.08003482967615128,0.08331374824047089,0.0,0.0,0.28884565830230713,-0.11049863696098328,0.08988485485315323,0.5735252499580383,0.24344848096370697,1.5533634424209595,0.8388217091560364,-0.8437671661376953,0.15013927221298218,1.9945799112319946,0.011039044708013535,0.12496014684438705,100,120,0,2,0,341,0,0
IMR,0,00371,IMR:00371:x:group147,0,5,4,0,Left,0.13062308728694916,1,1,1,0.9800705909729004,0,0,2,0.0595601387321949,0,0.21842515468597412,0.5451751351356506,0.7815747857093811,-0.1533060073852539,0.2977861762046814,0.8405078053474426,0.08003482967615128,0.08331374824047089,0.0,0.0,0.28884565830230713,-0.11049863696098328,0.08988485485315323,0.5735252499580383,0.24344848096370697,1.5533634424209595,0.8307929635047913,-1.4750537872314453,0.14532765746116638,1.4682972431182861,0.023879332467913628,0.18543580174446106,100,120,0,2,0,341,0,0
IMR,0,00372,IMR:00372:x:group148,0,5,4,0,Left,0.13062308728694916,1,1,1,0.9800705909729004,0,0,2,3.6857001781463623,0,0.21842515468597412,0.5451751351356506,0.7815747857093811,-0.1533060073852539,0.2977861762046814,0.8405078053474426,0.08003482967615128,0.08331374824047089,0.0,0.0,0.28884565830230713,-0.11049863696098328,0.08988485485315323,0.5735252499580383,0.24344848096370697,1.5533634424209595,0.8348082900047302,8.917879104614258,0.15208999812602997,2.0146543979644775,0.013101725839078426,0.12456925958395004,100,120,0,2,0,341,0,0
IMR,0,00373,IMR:00373:x:group149,0,5,4,2,Right,0.13062308728694916,1,1,1,0.9800705909729004,0,0,2,-5.553027629852295,0,0.21842515468597412,0.5451751351356506,0.7815747857093811,-0.1533060073852539,0.2977861762046814,0.8405078053474426,0.08003482967615128,0.08331374824047089,0.0,0.0,0.28884565830230713,-0.11049863696098328,0.08988485485315323,0.5735252499580383,0.24344848096370697,1.5533634424209595,0.6817967295646667,26.981632232666016,0.00045380834490060806,-0.0407792292535305,0.3177494704723358,-43.599937438964844,100,120,1,2,4,341,0,0
IMR,0,00374,IMR:00374:x:group150,0,1,0,2,Right,0.13062308728694916,1,1,1,0.9032502770423889,1,1,3,-6.630712032318115,0,0.21842515468597412,0.5451751351356506,0.7815747857093811,-0.1533060073852539,0.04242677614092827,0.09041734784841537,0.3353942334651947,0.6029434204101562,0.0,0.0,0.28884565830230713,-0.11049863696098328,0.08988485485315323,0.5735252499580383,0.24344848096370697,1.5533634424209595,0.45911872386932373,-2.979118824005127,0.15443657338619232,0.09885561466217041,0.38644465804100037,-17.011871337890625,20,40,1,2,4,341,0,1
IMR,0,00374,IMR:00374:x:group150,1,5,4,2,Right,0.13062308728694916,1,1,1,0.9800705909729004,0,0,2,-11.999157905578613,0,0.21842515468597412,0.5451751351356506,0.7815747857093811,-0.1533060073852539,0.2977861762046814,0.8405078053474426,0.08003482967615128,0.08331374824047089,0.0,0.0,0.28884565830230713,-0.11049863696098328,0.08988485485315323,0.5735252499580383,0.24344848096370697,1.5533634424209595,0.4890967607498169,-10.770792007446289,0.10253637284040451,0.6816314458847046,0.4083668887615204,-25.908313751220703,100,120,1,2,4,341,0,0
IMR,0,00375,IMR:00375:x:group151,0,5,4,2,Right,0.13062308728694916,1,1,1,0.9800705909729004,0,0,2,-18.341060638427734,0,0.21842515468597412,0.5451751351356506,0.7815747857093811,-0.1533060073852539,0.2977861762046814,0.8405078053474426,0.08003482967615128,0.08331374824047089,0.0,0.0,0.28884565830230713,-0.11049863696098328,0.08988485485315323,0.5735252499580383,0.24344848096370697,1.5533634424209595,0.6695473194122314,15.82424259185791,0.00033006115700118244,0.03343513607978821,0.33012261986732483,-70.88086700439453,100,120,1,2,4,341,0,0
IMR,0,00377,IMR:00377:x:group152,0,5,4,2,Right,0.13062308728694916,1,1,1,0.9800705909729004,0,0,2,-11.647982597351074,0,0.21842515468597412,0.5451751351356506,0.7815747857093811,-0.1533060073852539,0.2977861762046814,0.8405078053474426,0.08003482967615128,0.08331374824047089,0.0,0.0,0.28884565830230713,-0.11049863696098328,0.08988485485315323,0.5735252499580383,0.24344848096370697,1.5533634424209595,0.6306243538856506,12.008355140686035,0.0303468257188797,0.08922888338565826,0.33902880549430847,-47.04153060913086,100,120,1,2,4,341,0,0
IMR,0,00378,IMR:00378:x:group153,0,5,4,1,Normal,0.13062308728694916,1,1,1,0.9800705909729004,0,0,2,9.777408599853516,0,0.21842515468597412,0.5451751351356506,0.7815747857093811,-0.1533060073852539,0.2977861762046814,0.8405078053474426,0.08003482967615128,0.08331374824047089,0.0,0.0,0.28884565830230713,-0.11049863696098328,0.08988485485315323,0.5735252499580383,0.24344848096370697,1.5533634424209595,0.5825489163398743,14.666269302368164,0.30683204531669617,12.86049747467041,0.11061906814575195,1.8054609298706055,100,120,-1,0,2,341,0,0
IMR,0,00379,IMR:00379:x:group154,0,5,4,1,Normal,0.13062308728694916,1,1,1,0.9800705909729004,0,0,2,4.980869770050049,0,0.21842515468597412,0.5451751351356506,0.7815747857093811,-0.1533060073852539,0.2977861762046814,0.8405078053474426,0.08003482967615128,0.08331374824047089,0.0,0.0,0.28884565830230713,-0.11049863696098328,0.08988485485315323,0.5735252499580383,0.24344848096370697,1.5533634424209595,0.40290918946266174,6.690182685852051,0.31871792674064636,10.376167297363281,0.2783728539943695,-2.1237378120422363,100,120,-1,0,2,341,0,0
IMR,0,00380,IMR:00380:x:group155,0,5,4,1,Normal,0.13062308728694916,1,1,1,0.9800705909729004,0,0,2,7.1717848777771,0,0.21842515468597412,0.5451751351356506,0.7815747857093811,-0.1533060073852539,0.2977861762046814,0.8405078053474426,0.08003482967615128,0.08331374824047089,0.0,0.0,0.28884565830230713,-0.11049863696098328,0.08988485485315323,0.5735252499580383,0.24344848096370697,1.5533634424209595,0.3798259198665619,10.673195838928223,0.29664602875709534,16.30563735961914,0.3235280513763428,-5.4634785652160645,100,120,-1,0,2,341,0,0
IMR,0,00381,IMR:00381:x:group156,0,5,4,1,Normal,0.13062308728694916,1,1,1,0.8571876883506775,4,4,6,3.032790422439575,0,0.21842515468597412,0.5451751351356506,0.7815747857093811,-0.1533060073852539,0.2977861762046814,0.8405078053474426,0.08003482967615128,0.08331374824047089,0.0,0.0,0.28884565830230713,-0.11049863696098328,0.3161512613296509,1.6676093339920044,0.01718207634985447,0.09063064306974411,0.4852445125579834,4.895284652709961,0.36809012293815613,3.6661102771759033,0.14666534960269928,0.5369762182235718,100,120,-1,0,2,341,0,0
IMR,0,00382,IMR:00382:x:group157,0,5,4,0,Left,0.13062308728694916,1,1,1,0.9800705909729004,0,0,2,8.078085899353027,0,0.21842515468597412,0.5451751351356506,0.7815747857093811,-0.1533060073852539,0.2977861762046814,0.8405078053474426,0.08003482967615128,0.08331374824047089,0.0,0.0,0.28884565830230713,-0.11049863696098328,0.08988485485315323,0.5735252499580383,0.24344848096370697,1.5533634424209595,0.6099976897239685,15.353050231933594,0.2811394929885864,8.241132736206055,0.10886282473802567,0.6400734186172485,100,120,-1,1,1,341,0,0
IMR,0,00383,IMR:00383:x:group158,0,5,4,1,Normal,0.13062308728694916,1,1,1,0.9800705909729004,0,0,2,2.4160637855529785,0,0.21842515468597412,0.5451751351356506,0.7815747857093811,-0.1533060073852539,0.2977861762046814,0.8405078053474426,0.08003482967615128,0.08331374824047089,0.0,0.0,0.28884565830230713,-0.11049863696098328,0.08988485485315323,0.5735252499580383,0.24344848096370697,1.5533634424209595,0.6501014828681946,1.337516188621521,0.24506662786006927,6.660285472869873,0.10483180731534958,-0.7496098279953003,100,120,-1,0,2,341,0,0
IMR,0,00384,IMR:00384:x:group159,0,5,4,1,Normal,0.13062308728694916,1,1,1,0.9800705909729004,0,0,2,5.051366329193115,0,0.21842515468597412,0.5451751351356506,0.7815747857093811,-0.1533060073852539,0.2977861762046814,0.8405078053474426,0.08003482967615128,0.08331374824047089,0.0,0.0,0.28884565830230713,-0.11049863696098328,0.08988485485315323,0.5735252499580383,0.24344848096370697,1.5533634424209595,0.7514747977256775,9.125907897949219,0.2258722335100174,6.4745354652404785,0.022652914747595787,-0.446346640586853,100,120,0,0,2,341,0,0
IMR,0,00385,IMR:00385:x:group160,0,5,4,0,Left,0.13062308728694916,1,1,1,0.9800705909729004,0,0,2,3.135744094848633,0,0.21842515468597412,0.5451751351356506,0.7815747857093811,-0.1533060073852539,0.2977861762046814,0.8405078053474426,0.08003482967615128,0.08331374824047089,0.0,0.0,0.28884565830230713,-0.11049863696098328,0.08988485485315323,0.5735252499580383,0.24344848096370697,1.5533634424209595,0.8199479579925537,3.448676109313965,0.17920629680156708,5.989044189453125,0.0008457645890302956,-0.030487695708870888,100,120,0,1,1,341,0,0
IMR,0,00386,IMR:00386:x:group161,0,5,4,0,Left,0.13062308728694916,1,1,1,0.9800705909729004,0,0,2,3.4699363708496094,0,0.21842515468597412,0.5451751351356506,0.7815747857093811,-0.1533060073852539,0.2977861762046814,0.8405078053474426,0.08003482967615128,0.08331374824047089,0.0,0.0,0.28884565830230713,-0.11049863696098328,0.08988485485315323,0.5735252499580383,0.24344848096370697,1.5533634424209595,0.8348188400268555,4.494007110595703,0.16473208367824554,5.934141635894775,0.00044913237798027694,-0.018338166177272797,100,120,0,1,1,341,0,0
IMR,0,00387,IMR:00387:x:group162,0,5,4,0,Left,0.13062308728694916,1,1,1,0.9800705909729004,0,0,2,2.0600039958953857,0,0.21842515468597412,0.5451751351356506,0.7815747857093811,-0.1533060073852539,0.2977861762046814,0.8405078053474426,0.08003482967615128,0.08331374824047089,0.0,0.0,0.28884565830230713,-0.11049863696098328,0.08988485485315323,0.5735252499580383,0.24344848096370697,1.5533634424209595,0.8454952239990234,0.9914455413818359,0.15434220433235168,5.186529636383057,0.00016256772505585104,0.0020407962147146463,100,120,0,1,1,341,0,0
IMR,0,00388,IMR:00388:x:group163,0,5,4,2,Right,0.13062308728694916,1,1,1,0.9800705909729004,0,0,2,4.391770839691162,0,0.21842515468597412,0.5451751351356506,0.7815747857093811,-0.1533060073852539,0.2977861762046814,0.8405078053474426,0.08003482967615128,0.08331374824047089,0.0,0.0,0.28884565830230713,-0.11049863696098328,0.08988485485315323,0.5735252499580383,0.24344848096370697,1.5533634424209595,0.483089417219162,11.252769470214844,0.21714188158512115,6.593310832977295,0.29976868629455566,-4.6707658767700195,100,120,1,1,3,341,0,0
IMR,0,00389,IMR:00389:x:group164,0,5,4,2,Right,0.13062308728694916,1,1,1,0.9800705909729004,0,0,2,-7.10903787612915,0,0.21842515468597412,0.5451751351356506,0.7815747857093811,-0.1533060073852539,0.2977861762046814,0.8405078053474426,0.08003482967615128,0.08331374824047089,0.0,0.0,0.28884565830230713,-0.11049863696098328,0.08988485485315323,0.5735252499580383,0.24344848096370697,1.5533634424209595,0.6312289237976074,35.268917083740234,0.04394150152802467,-0.2724517285823822,0.3248295485973358,-56.32358169555664,100,120,1,2,4,341,0,0
IMR,0,00390,IMR:00390:x:group165,0,5,4,2,Right,0.13062308728694916,1,1,1,0.9800705909729004,0,0,2,1.0335146188735962,0,0.21842515468597412,0.5451751351356506,0.7815747857093811,-0.1533060073852539,0.2977861762046814,0.8405078053474426,0.08003482967615128,0.08331374824047089,0.0,0.0,0.28884565830230713,-0.11049863696098328,0.08988485485315323,0.5735252499580383,0.24344848096370697,1.5533634424209595,0.42046305537223816,12.145898818969727,0.24438554048538208,9.926548957824707,0.33515143394470215,-18.971906661987305,100,120,1,2,4,341,0,0
IMR,0,00391,IMR:00391:x:group166,0,5,4,0,Left,0.13062308728694916,1,1,1,0.9800705909729004,0,0,2,0.9799270629882812,0,0.21842515468597412,0.5451751351356506,0.7815747857093811,-0.1533060073852539,0.2977861762046814,0.8405078053474426,0.08003482967615128,0.08331374824047089,0.0,0.0,0.28884565830230713,-0.11049863696098328,0.08988485485315323,0.5735252499580383,0.24344848096370697,1.5533634424209595,0.8416852951049805,0.24583816528320312,0.1525956690311432,2.61370587348938,0.005719057749956846,0.08023753762245178,100,120,0,2,0,341,0,0
IMR,0,00392,IMR:00392:x:group167,0,5,4,0,Left,0.13062308728694916,1,1,1,0.9800705909729004,0,0,2,-3.073807954788208,0,0.21842515468597412,0.5451751351356506,0.7815747857093811,-0.1533060073852539,0.2977861762046814,0.8405078053474426,0.08003482967615128,0.08331374824047089,0.0,0.0,0.28884565830230713,-0.11049863696098328,0.08988485485315323,0.5735252499580383,0.24344848096370697,1.5533634424209595,0.8342193961143494,-13.007011413574219,0.16329333186149597,3.739762783050537,0.00248728203587234,0.04582526534795761,100,120,0,2,0,341,0,0
IMR,0,00393,IMR:00393:x:group168,0,5,4,0,Left,0.13062308728694916,1,1,1,0.9800705909729004,0,0,2,3.983689069747925,0,0.21842515468597412,0.5451751351356506,0.7815747857093811,-0.1533060073852539,0.2977861762046814,0.8405078053474426,0.08003482967615128,0.08331374824047089,0.0,0.0,0.28884565830230713,-0.11049863696098328,0.08988485485315323,0.5735252499580383,0.24344848096370697,1.5533634424209595,0.8430457711219788,8.508590698242188,0.15509359538555145,3.4159655570983887,0.0018605092773213983,0.026511868461966515,100,120,0,2,0,341,0,1
IMR,0,00395,IMR:00395:x:group169,0,5,4,2,Right,0.13062308728694916,1,1,1,0.9800705909729004,0,0,2,-11.582629203796387,0,0.21842515468597412,0.5451751351356506,0.7815747857093811,-0.1533060073852539,0.2977861762046814,0.8405078053474426,0.08003482967615128,0.08331374824047089,0.0,0.0,0.28884565830230713,-0.11049863696098328,0.08988485485315323,0.5735252499580383,0.24344848096370697,1.5533634424209595,0.623964786529541,23.071075439453125,0.045783162117004395,-0.31767138838768005,0.3302520215511322,-57.50129318237305,100,120,1,2,4,341,0,0
IMR,0,00396,IMR:00396:x:group170,0,5,4,2,Right,0.13062308728694916,1,1,1,0.9800705909729004,0,0,2,-4.8037567138671875,0,0.21842515468597412,0.5451751351356506,0.7815747857093811,-0.1533060073852539,0.2977861762046814,0.8405078053474426,0.08003482967615128,0.08331374824047089,0.0,0.0,0.28884565830230713,-0.11049863696098328,0.08988485485315323,0.5735252499580383,0.24344848096370697,1.5533634424209595,0.6770238876342773,42.60592269897461,9.595245501259342e-05,-0.014801844954490662,0.3228801190853119,-57.00239181518555,100,120,1,2,4,341,0,0
IMR,0,00397,IMR:00397:x:group171,0,5,4,1,Normal,0.13062308728694916,1,1,1,0.9800705909729004,0,0,2,5.806849002838135,0,0.21842515468597412,0.5451751351356506,0.7815747857093811,-0.1533060073852539,0.2977861762046814,0.8405078053474426,0.08003482967615128,0.08331374824047089,0.0,0.0,0.28884565830230713,-0.11049863696098328,0.08988485485315323,0.5735252499580383,0.24344848096370697,1.5533634424209595,0.36970221996307373,7.164880752563477,0.32018259167671204,14.016131401062012,0.31011518836021423,-3.760464668273926,100,120,-1,0,2,341,0,0
IMR,0,00398,IMR:00398:x:group172,0,5,4,1,Normal,0.13062308728694916,1,1,1,0.9800705909729004,0,0,2,8.177054405212402,0,0.21842515468597412,0.5451751351356506,0.7815747857093811,-0.1533060073852539,0.2977861762046814,0.8405078053474426,0.08003482967615128,0.08331374824047089,0.0,0.0,0.28884565830230713,-0.11049863696098328,0.08988485485315323,0.5735252499580383,0.24344848096370697,1.5533634424209595,0.6889304518699646,17.332626342773438,0.23238885402679443,7.030873775482178,0.07868075370788574,0.16766540706157684,100,120,-1,0,2,341,0,0
IMR,0,00399,IMR:00399:x:group173,0,5,4,1,Normal,0.13062308728694916,1,1,1,0.9800705909729004,0,0,2,7.400976657867432,0,0.21842515468597412,0.5451751351356506,0.7815747857093811,-0.1533060073852539,0.2977861762046814,0.8405078053474426,0.08003482967615128,0.08331374824047089,0.0,0.0,0.28884565830230713,-0.11049863696098328,0.08988485485315323,0.5735252499580383,0.24344848096370697,1.5533634424209595,0.4009179174900055,7.727413654327393,0.3546005189418793,15.989855766296387,0.24448156356811523,-1.5143406391143799,100,120,-1,0,2,341,0,0
IMR,0,00400,IMR:00400:x:group174,0,5,4,1,Normal,0.13062308728694916,1,1,1,0.9800705909729004,0,0,2,10.674506187438965,0,0.21842515468597412,0.5451751351356506,0.7815747857093811,-0.1533060073852539,0.2977861762046814,0.8405078053474426,0.08003482967615128,0.08331374824047089,0.0,0.0,0.28884565830230713,-0.11049863696098328,0.08988485485315323,0.5735252499580383,0.24344848096370697,1.5533634424209595,0.6890280842781067,22.67929458618164,0.23755307495594025,8.121644973754883,0.07341881841421127,1.2225794792175293,100,120,-1,0,2,341,0,0
IMR,0,00401,IMR:00401:x:group175,0,5,4,1,Normal,0.13062308728694916,1,1,1,0.9800705909729004,0,0,2,7.490997791290283,0,0.21842515468597412,0.5451751351356506,0.7815747857093811,-0.1533060073852539,0.2977861762046814,0.8405078053474426,0.08003482967615128,0.08331374824047089,0.0,0.0,0.28884565830230713,-0.11049863696098328,0.08988485485315323,0.5735252499580383,0.24344848096370697,1.5533634424209595,0.7076280117034912,16.612743377685547,0.2415834218263626,6.518882751464844,0.05078854039311409,-0.6586318016052246,100,120,-1,0,2,341,0,0
IMR,0,00402,IMR:00402:x:group176,0,5,4,0,Left,0.13062308728694916,1,1,1,0.9800705909729004,0,0,2,-3.0020179748535156,0,0.21842515468597412,0.5451751351356506,0.7815747857093811,-0.1533060073852539,0.2977861762046814,0.8405078053474426,0.08003482967615128,0.08331374824047089,0.0,0.0,0.28884565830230713,-0.11049863696098328,0.08988485485315323,0.5735252499580383,0.24344848096370697,1.5533634424209595,0.8384649157524109,-12.627647399902344,0.15939375758171082,3.5824899673461914,0.0021413108333945274,0.03909678012132645,100,120,0,2,0,341,0,0
IMR,0,00403,IMR:00403:x:group177,0,5,4,0,Left,0.13062308728694916,1,1,1,0.9800705909729004,0,0,2,1.2256622314453125,0,0.21842515468597412,0.5451751351356506,0.7815747857093811,-0.1533060073852539,0.2977861762046814,0.8405078053474426,0.08003482967615128,0.08331374824047089,0.0,0.0,0.28884565830230713,-0.11049863696098328,0.08988485485315323,0.5735252499580383,0.24344848096370697,1.5533634424209595,0.8542976379394531,-1.6040306091308594,0.14562715590000153,5.2786712646484375,7.524201646447182e-05,0.0023409980349242687,100,120,0,2,0,341,0,0
IMR,0,00404,IMR:00404:x:group178,0,5,4,0,Left,0.13062308728694916,1,1,1,0.9800705909729004,0,0,2,-3.2443246841430664,0,0.21842515468597412,0.5451751351356506,0.7815747857093811,-0.1533060073852539,0.2977861762046814,0.8405078053474426,0.08003482967615128,0.08331374824047089,0.0,0.0,0.28884565830230713,-0.11049863696098328,0.08988485485315323,0.5735252499580383,0.24344848096370697,1.5533634424209595,0.7790078520774841,-13.095235824584961,0.21378403902053833,3.2917754650115967,0.007208166643977165,0.07048685848712921,100,120,0,2,0,341,0,0
IMR,0,00406,IMR:00406:x:group179,0,5,4,2,Right,0.13062308728694916,1,1,1,0.9800705909729004,0,0,2,-0.6054640412330627,0,0.21842515468597412,0.5451751351356506,0.7815747857093811,-0.1533060073852539,0.2977861762046814,0.8405078053474426,0.08003482967615128,0.08331374824047089,0.0,0.0,0.28884565830230713,-0.11049863696098328,0.08988485485315323,0.5735252499580383,0.24344848096370697,1.5533634424209595,0.7154601216316223,-4.608270645141602,0.16515617072582245,1.5830096006393433,0.11938368529081345,1.2088693380355835,100,120,1,2,4,341,0,0
IMR,0,00407,IMR:00407:x:group180,0,5,4,0,Left,0.13062308728694916,1,1,1,0.9800705909729004,0,0,2,1.4953275918960571,0,0.21842515468597412,0.5451751351356506,0.7815747857093811,-0.1533060073852539,0.2977861762046814,0.8405078053474426,0.08003482967615128,0.08331374824047089,0.0,0.0,0.28884565830230713,-0.11049863696098328,0.08988485485315323,0.5735252499580383,0.24344848096370697,1.5533634424209595,0.8247221112251282,2.1244754791259766,0.15937381982803345,2.2281851768493652,0.015904057770967484,0.1333228051662445,100,120,0,2,0,341,0,0
IMR,0,00408,IMR:00408:x:group181,0,3,2,0,Left,0.13062308728694916,1,1,1,0.9800705909729004,0,0,2,4.945472717285156,0,0.21842515468597412,0.5451751351356506,0.7815747857093811,-0.1533060073852539,0.2977861762046814,0.8405078053474426,0.08003482967615128,0.08331374824047089,0.0,0.0,0.28884565830230713,-0.11049863696098328,0.08988485485315323,0.5735252499580383,0.24344848096370697,1.5533634424209595,0.6882809996604919,14.664830207824707,0.20063865184783936,0.6189594268798828,0.11108040809631348,-0.44737088680267334,60,80,0,2,0,341,0,0
IMR,0,00408,IMR:00408:x:group181,1,5,4,0,Left,0.13062308728694916,1,1,1,0.9032502770423889,1,1,3,-0.508263885974884,0,0.21842515468597412,0.5451751351356506,0.7815747857093811,-0.1533060073852539,0.04242677614092827,0.09041734784841537,0.3353942334651947,0.6029434204101562,0.0,0.0,0.28884565830230713,-0.11049863696098328,0.08988485485315323,0.5735252499580383,0.24344848096370697,1.5533634424209595,0.7719345092773438,-2.5142154693603516,0.11718501895666122,1.2308982610702515,0.11088048666715622,-0.24147336184978485,100,120,0,2,0,341,0,0
IMR,0,00409,IMR:00409:x:group182,0,5,4,2,Right,0.13062308728694916,1,1,1,0.9800705909729004,0,0,2,-10.632125854492188,0,0.21842515468597412,0.5451751351356506,0.7815747857093811,-0.1533060073852539,0.2977861762046814,0.8405078053474426,0.08003482967615128,0.08331374824047089,0.0,0.0,0.28884565830230713,-0.11049863696098328,0.08988485485315323,0.5735252499580383,0.24344848096370697,1.5533634424209595,0.6070910096168518,-9.8914155960083,0.038507476449012756,1.0929958820343018,0.35440149903297424,-23.09795570373535,100,120,1,2,4,341,0,0
IMR,0,00410,IMR:00410:x:group183,0,5,4,2,Right,0.13062308728694916,1,1,1,0.9800705909729004,0,0,2,-10.548334121704102,0,0.21842515468597412,0.5451751351356506,0.7815747857093811,-0.1533060073852539,0.2977861762046814,0.8405078053474426,0.08003482967615128,0.08331374824047089,0.0,0.0,0.28884565830230713,-0.11049863696098328,0.08988485485315323,0.5735252499580383,0.24344848096370697,1.5533634424209595,0.6952550411224365,-3.774334669113159,0.0046012825332582,-0.02250644564628601,0.3001437485218048,-27.84816551208496,100,120,1,2,4,341,0,0
IMR,0,00411,IMR:00411:x:group184,0,5,4,1,Normal,0.13062308728694916,1,1,1,0.9800705909729004,0,0,2,11.795849800109863,0,0.21842515468597412,0.5451751351356506,0.7815747857093811,-0.1533060073852539,0.2977861762046814,0.8405078053474426,0.08003482967615128,0.08331374824047089,0.0,0.0,0.28884565830230713,-0.11049863696098328,0.08988485485315323,0.5735252499580383,0.24344848096370697,1.5533634424209595,0.5111153721809387,17.830591201782227,0.38167235255241394,17.707324981689453,0.10721230506896973,-0.15036459267139435,100,120,-1,0,2,341,0,0
IMR,0,00412,IMR:00412:x:group185,0,5,4,1,Normal,0.13062308728694916,1,1,1,0.9800705909729004,0,0,2,9.780790328979492,0,0.21842515468597412,0.5451751351356506,0.7815747857093811,-0.1533060073852539,0.2977861762046814,0.8405078053474426,0.08003482967615128,0.08331374824047089,0.0,0.0,0.28884565830230713,-0.11049863696098328,0.08988485485315323,0.5735252499580383,0.24344848096370697,1.5533634424209595,0.7147176861763,20.19576644897461,0.23693962395191193,9.790575981140137,0.04834271967411041,-0.6439725160598755,100,120,-1,0,2,341,0,0
IMR,0,00413,IMR:00413:x:group186,0,5,4,1,Normal,0.13062308728694916,1,1,1,0.9800705909729004,0,0,2,6.544010162353516,0,0.21842515468597412,0.5451751351356506,0.7815747857093811,-0.1533060073852539,0.2977861762046814,0.8405078053474426,0.08003482967615128,0.08331374824047089,0.0,0.0,0.28884565830230713,-0.11049863696098328,0.08988485485315323,0.5735252499580383,0.24344848096370697,1.5533634424209595,0.8557105660438538,16.11595344543457,0.10905053466558456,2.0141682624816895,0.03523889556527138,1.5019094944000244,100,120,-1,0,2,341,0,0
IMR,0,00414,IMR:00414:x:group187,0,5,4,1,Normal,0.13062308728694916,1,1,1,0.9800705909729004,0,0,2,1.830992341041565,2,0.21842515468597412,0.5451751351356506,0.7815747857093811,-0.1533060073852539,0.2977861762046814,0.8405078053474426,0.08003482967615128,0.08331374824047089,0.0,0.0,0.28884565830230713,-0.11049863696098328,0.08988485485315323,0.5735252499580383,0.24344848096370697,1.5533634424209595,0.31773924827575684,7.921047210693359,0.3104545772075653,20.87450408935547,0.3718061149120331,-23.302576065063477,100,120,-1,0,2,341,0,0
IMR,0,00415,IMR:00415:x:group188,0,5,4,0,Left,0.13062308728694916,1,1,1,0.9800705909729004,0,0,2,-0.6758906245231628,0,0.21842515468597412,0.5451751351356506,0.7815747857093811,-0.1533060073852539,0.2977861762046814,0.8405078053474426,0.08003482967615128,0.08331374824047089,0.0,0.0,0.28884565830230713,-0.11049863696098328,0.08988485485315323,0.5735252499580383,0.24344848096370697,1.5533634424209595,0.8556007742881775,-7.885377883911133,0.14437352120876312,5.856743335723877,2.566526563896332e-05,0.0009655033354647458,100,120,0,1,1,341,0,0
IMR,0,00416,IMR:00416:x:group189,0,3,2,1,Normal,0.13062308728694916,1,1,1,0.9800705909729004,0,0,2,1.1529566049575806,0,0.21842515468597412,0.5451751351356506,0.7815747857093811,-0.1533060073852539,0.2977861762046814,0.8405078053474426,0.08003482967615128,0.08331374824047089,0.0,0.0,0.28884565830230713,-0.11049863696098328,0.08988485485315323,0.5735252499580383,0.24344848096370697,1.5533634424209595,0.4735608398914337,18.889545440673828,0.19407731294631958,7.164454936981201,0.3323618173599243,-22.595129013061523,60,80,0,0,2,341,0,0
IMR,0,00416,IMR:00416:x:group189,1,4,3,1,Normal,0.13062308728694916,1,1,1,0.9800705909729004,0,0,2,5.080654621124268,0,0.21842515468597412,0.5451751351356506,0.7815747857093811,-0.1533060073852539,0.2977861762046814,0.8405078053474426,0.08003482967615128,0.08331374824047089,0.0,0.0,0.28884565830230713,-0.11049863696098328,0.08988485485315323,0.5735252499580383,0.24344848096370697,1.5533634424209595,0.5801259279251099,8.89024829864502,0.2798004746437073,4.736079692840576,0.14007355272769928,1.615635871887207,80,100,0,0,2,341,0,1
IMR,0,00416,IMR:00416:x:group189,2,5,4,1,Normal,0.13062308728694916,1,1,1,0.9800705909729004,0,0,2,-0.708319365978241,0,0.21842515468597412,0.5451751351356506,0.7815747857093811,-0.1533060073852539,0.2977861762046814,0.8405078053474426,0.08003482967615128,0.08331374824047089,0.0,0.0,0.28884565830230713,-0.11049863696098328,0.08988485485315323,0.5735252499580383,0.24344848096370697,1.5533634424209595,0.8273637890815735,-4.928581237792969,0.16212312877178192,2.68473482131958,0.010513096116483212,0.11888864636421204,100,120,0,0,2,341,0,0
IMR,0,00417,IMR:00417:x:group190,0,5,4,2,Right,0.13062308728694916,1,1,1,0.9800705909729004,0,0,2,-10.827044486999512,0,0.21842515468597412,0.5451751351356506,0.7815747857093811,-0.1533060073852539,0.2977861762046814,0.8405078053474426,0.08003482967615128,0.08331374824047089,0.0,0.0,0.28884565830230713,-0.11049863696098328,0.08988485485315323,0.5735252499580383,0.24344848096370697,1.5533634424209595,0.6471709609031677,7.525630950927734,0.021691342815756798,0.2336283028125763,0.3311377167701721,-40.240394592285156,100,120,1,1,3,341,0,0
IMR,0,00418,IMR:00418:x:group191,0,5,4,2,Right,0.13062308728694916,1,1,1,0.9800705909729004,0,0,2,0.02692635916173458,0,0.21842515468597412,0.5451751351356506,0.7815747857093811,-0.1533060073852539,0.2977861762046814,0.8405078053474426,0.08003482967615128,0.08331374824047089,0.0,0.0,0.28884565830230713,-0.11049863696098328,0.08988485485315323,0.5735252499580383,0.24344848096370697,1.5533634424209595,0.7278854250907898,6.893398284912109,0.019184213131666183,-0.17901724576950073,0.2529304325580597,-6.633598327636719,100,120,1,1,3,341,0,0
IMR,0,00419,IMR:00419:x:group192,0,5,4,0,Left,0.13062308728694916,1,1,1,0.9800705909729004,0,0,2,3.661487579345703,0,0.21842515468597412,0.5451751351356506,0.7815747857093811,-0.1533060073852539,0.2977861762046814,0.8405078053474426,0.08003482967615128,0.08331374824047089,0.0,0.0,0.28884565830230713,-0.11049863696098328,0.08988485485315323,0.5735252499580383,0.24344848096370697,1.5533634424209595,0.858379065990448,5.776205062866211,0.14156119525432587,5.20699405670166,5.975480962661095e-05,0.0012618788750842214,100,120,0,2,0,341,0,0
IMR,0,00420,IMR:00420:x:group193,0,5,4,2,Right,0.13062308728694916,1,1,1,0.9800705909729004,0,0,2,-9.365111351013184,0,0.21842515468597412,0.5451751351356506,0.7815747857093811,-0.1533060073852539,0.2977861762046814,0.8405078053474426,0.08003482967615128,0.08331374824047089,0.0,0.0,0.28884565830230713,-0.11049863696098328,0.08988485485315323,0.5735252499580383,0.24344848096370697,1.5533634424209595,0.6847296357154846,9.534818649291992,0.0018197506433352828,0.015985503792762756,0.31345051527023315,-37.64613723754883,100,120,1,2,4,341,0,0
IMR,0,00511,IMR:00511:x:group194,0,5,4,2,Right,0.13062308728694916,1,1,1,0.9831289649009705,4,4,6,-11.389144897460938,0,0.21842515468597412,0.5451751351356506,0.7815747857093811,-0.1533060073852539,0.2977861762046814,0.8405078053474426,0.08563446998596191,0.08255027234554291,0.0,0.0,0.0,0.0,0.3731308877468109,0.472965270280838,0.24344848096370697,1.5533634424209595,0.6716044545173645,35.39955520629883,5.068052632850595e-05,-0.0021100647281855345,0.32834485173225403,-69.56488037109375,100,120,1,2,4,341,0,0
IMR,0,00512,IMR:00512:x:group195,0,5,4,2,Right,0.13062308728694916,1,1,1,0.9800705909729004,0,0,2,-9.91108226776123,0,0.21842515468597412,0.5451751351356506,0.7815747857093811,-0.1533060073852539,0.2977861762046814,0.8405078053474426,0.08003482967615128,0.08331374824047089,0.0,0.0,0.28884565830230713,-0.11049863696098328,0.08988485485315323,0.5735252499580383,0.24344848096370697,1.5533634424209595,0.6742545962333679,33.84269714355469,9.402769501321018e-05,-0.005873959511518478,0.3256514072418213,-63.570072174072266,100,120,1,2,4,341,0,0
IMR,0,00513,IMR:00513:x:group196,0,5,4,2,Right,0.13062308728694916,1,1,1,0.9800705909729004,0,0,2,-3.0937538146972656,0,0.21842515468597412,0.5451751351356506,0.7815747857093811,-0.1533060073852539,0.2977861762046814,0.8405078053474426,0.08003482967615128,0.08331374824047089,0.0,0.0,0.28884565830230713,-0.11049863696098328,0.08988485485315323,0.5735252499580383,0.24344848096370697,1.5533634424209595,0.7222223281860352,12.53529167175293,0.005794156808406115,-0.3939691483974457,0.2719835042953491,-21.422588348388672,100,120,1,2,4,341,0,0
IMR,0,00514,IMR:00514:x:group197,0,5,4,2,Right,0.13062308728694916,1,1,1,0.9800705909729004,0,0,2,-11.722041130065918,0,0.21842515468597412,0.5451751351356506,0.7815747857093811,-0.1533060073852539,0.2977861762046814,0.8405078053474426,0.08003482967615128,0.08331374824047089,0.0,0.0,0.28884565830230713,-0.11049863696098328,0.08988485485315323,0.5735252499580383,0.24344848096370697,1.5533634424209595,0.6707034707069397,36.673065185546875,0.000326780864270404,-0.011580424383282661,0.32896968722343445,-71.8276138305664,100,120,1,2,4,341,0,0
IMR,0,00515,IMR:00515:x:group198,0,5,4,2,Right,0.13062308728694916,1,1,1,0.9800705909729004,0,0,2,-10.870186805725098,0,0.21842515468597412,0.5451751351356506,0.7815747857093811,-0.1533060073852539,0.2977861762046814,0.8405078053474426,0.08003482967615128,0.08331374824047089,0.0,0.0,0.28884565830230713,-0.11049863696098328,0.08988485485315323,0.5735252499580383,0.24344848096370697,1.5533634424209595,0.6731917262077332,32.31840133666992,0.00021777172514703125,-0.008287616074085236,0.3265906274318695,-64.92066955566406,100,120,1,2,4,341,0,0
IMR,0,00516,IMR:00516:x:group199,0,5,4,2,Right,0.13062308728694916,1,1,1,0.9800705909729004,0,0,2,-14.320308685302734,0,0.21842515468597412,0.5451751351356506,0.7815747857093811,-0.1533060073852539,0.2977861762046814,0.8405078053474426,0.08003482967615128,0.08331374824047089,0.0,0.0,0.28884565830230713,-0.11049863696098328,0.08988485485315323,0.5735252499580383,0.24344848096370697,1.5533634424209595,0.6726166605949402,25.033287048339844,2.2585205442737788e-05,-0.004301405046135187,0.32736077904701233,-67.98991394042969,100,120,1,2,4,341,0,0
IMR,0,00517,IMR:00517:x:group200,0,5,4,2,Right,0.13062308728694916,1,1,1,0.9800705909729004,0,0,2,-6.681325435638428,0,0.21842515468597412,0.5451751351356506,0.7815747857093811,-0.1533060073852539,0.2977861762046814,0.8405078053474426,0.08003482967615128,0.08331374824047089,0.0,0.0,0.28884565830230713,-0.11049863696098328,0.08988485485315323,0.5735252499580383,0.24344848096370697,1.5533634424209595,0.7193112969398499,-1.3493895530700684,0.008542992174625397,-0.37654629349708557,0.27214565873146057,-18.31804084777832,100,120,1,2,4,341,0,0
IMR,0,00518,IMR:00518:x:group201,0,5,4,2,Right,0.13062308728694916,1,1,1,0.9800705909729004,0,0,2,-14.119582176208496,0,0.21842515468597412,0.5451751351356506,0.7815747857093811,-0.1533060073852539,0.2977861762046814,0.8405078053474426,0.08003482967615128,0.08331374824047089,0.0,0.0,0.28884565830230713,-0.11049863696098328,0.08988485485315323,0.5735252499580383,0.24344848096370697,1.5533634424209595,0.677402675151825,11.04831314086914,0.0002629663504194468,-0.0013803765177726746,0.3223344087600708,-53.40567398071289,100,120,1,2,4,341,0,0
IMR,0,00519,IMR:00519:x:group202,0,5,4,2,Right,0.13062308728694916,1,1,1,0.9800705909729004,0,0,2,-12.87777328491211,0,0.21842515468597412,0.5451751351356506,0.7815747857093811,-0.1533060073852539,0.2977861762046814,0.8405078053474426,0.08003482967615128,0.08331374824047089,0.0,0.0,0.28884565830230713,-0.11049863696098328,0.08988485485315323,0.5735252499580383,0.24344848096370697,1.5533634424209595,0.6788775324821472,13.700445175170898,0.00022361526498571038,-0.012166975997388363,0.32089895009994507,-52.32160186767578,100,120,1,1,3,341,0,0
IMR,0,00520,IMR:00520:x:group203,0,5,4,2,Right,0.13062308728694916,1,1,1,0.9800705909729004,0,0,2,6.091914653778076,0,0.21842515468597412,0.5451751351356506,0.7815747857093811,-0.1533060073852539,0.2977861762046814,0.8405078053474426,0.08003482967615128,0.08331374824047089,0.0,0.0,0.28884565830230713,-0.11049863696098328,0.08988485485315323,0.5735252499580383,0.24344848096370697,1.5533634424209595,0.9153280854225159,16.182401657104492,0.067560113966465,1.3431305885314941,0.01711180992424488,0.7502084970474243,100,120,1,2,4,341,0,0
IMR,0,00521,IMR:00521:x:group204,0,5,4,2,Right,0.13062308728694916,1,1,1,0.9800705909729004,0,0,2,2.1218745708465576,0,0.21842515468597412,0.5451751351356506,0.7815747857093811,-0.1533060073852539,0.2977861762046814,0.8405078053474426,0.08003482967615128,0.08331374824047089,0.0,0.0,0.28884565830230713,-0.11049863696098328,0.08988485485315323,0.5735252499580383,0.24344848096370697,1.5533634424209595,0.715705394744873,29.75484275817871,0.004469603765755892,-0.3672650456428528,0.27982497215270996,-23.021955490112305,100,120,1,1,3,341,0,0
IMR,0,00522,IMR:00522:x:group205,0,5,4,2,Right,0.13062308728694916,1,1,1,0.9800705909729004,0,0,2,0.9965839385986328,0,0.21842515468597412,0.5451751351356506,0.7815747857093811,-0.1533060073852539,0.2977861762046814,0.8405078053474426,0.08003482967615128,0.08331374824047089,0.0,0.0,0.28884565830230713,-0.11049863696098328,0.08988485485315323,0.5735252499580383,0.24344848096370697,1.5533634424209595,0.710521399974823,30.602941513061523,0.002785799093544483,-0.26433971524238586,0.28669285774230957,-27.348844528198242,100,120,1,2,4,341,0,0
IMR,0,00523,IMR:00523:x:group206,0,5,4,2,Right,0.13062308728694916,1,1,1,0.9800705909729004,0,0,2,1.784924864768982,0,0.21842515468597412,0.5451751351356506,0.7815747857093811,-0.1533060073852539,0.2977861762046814,0.8405078053474426,0.08003482967615128,0.08331374824047089,0.0,0.0,0.28884565830230713,-0.11049863696098328,0.08988485485315323,0.5735252499580383,0.24344848096370697,1.5533634424209595,0.703927755355835,35.57047653198242,0.0019972934387624264,-0.2036445587873459,0.2940749526023865,-30.012062072753906,100,120,1,2,4,341,0,0
IMR,0,00524,IMR:00524:x:group207,0,5,4,2,Right,0.13062308728694916,1,1,1,0.9800705909729004,0,0,2,-9.418899536132812,0,0.21842515468597412,0.5451751351356506,0.7815747857093811,-0.1533060073852539,0.2977861762046814,0.8405078053474426,0.08003482967615128,0.08331374824047089,0.0,0.0,0.28884565830230713,-0.11049863696098328,0.08988485485315323,0.5735252499580383,0.24344848096370697,1.5533634424209595,0.677912712097168,27.75670623779297,0.00025229796301573515,-0.016974417492747307,0.3218350112438202,-55.996437072753906,100,120,1,2,4,341,0,0
IMR,0,00525,IMR:00525:x:group208,0,5,4,2,Right,0.13062308728694916,1,1,1,0.9800705909729004,0,0,2,2.8415286540985107,0,0.21842515468597412,0.5451751351356506,0.7815747857093811,-0.1533060073852539,0.2977861762046814,0.8405078053474426,0.08003482967615128,0.08331374824047089,0.0,0.0,0.28884565830230713,-0.11049863696098328,0.08988485485315323,0.5735252499580383,0.24344848096370697,1.5533634424209595,0.718734085559845,32.42012405395508,0.004226864781230688,-0.35902300477027893,0.2770390212535858,-23.536518096923828,100,120,1,2,4,341,0,0
IMR,0,00526,IMR:00526:x:group209,0,5,4,0,Left,0.13062308728694916,1,1,1,0.9800705909729004,0,0,2,-0.7859417796134949,0,0.21842515468597412,0.5451751351356506,0.7815747857093811,-0.1533060073852539,0.2977861762046814,0.8405078053474426,0.08003482967615128,0.08331374824047089,0.0,0.0,0.28884565830230713,-0.11049863696098328,0.08988485485315323,0.5735252499580383,0.24344848096370697,1.5533634424209595,0.8059075474739075,-6.977937698364258,0.19227348268032074,4.591736793518066,0.0018189763650298119,0.028374766930937767,100,120,0,1,1,341,0,0
IMR,0,00527,IMR:00527:x:group210,0,5,4,0,Left,0.13062308728694916,1,1,1,0.9800705909729004,0,0,2,-4.7196125984191895,0,0.21842515468597412,0.5451751351356506,0.7815747857093811,-0.1533060073852539,0.2977861762046814,0.8405078053474426,0.08003482967615128,0.08331374824047089,0.0,0.0,0.28884565830230713,-0.11049863696098328,0.08988485485315323,0.5735252499580383,0.24344848096370697,1.5533634424209595,0.8016700148582458,-19.372669219970703,0.1973610520362854,5.1883625984191895,0.00096894585294649,0.025472111999988556,100,120,0,1,1,341,0,0
IMR,0,00528,IMR:00528:x:group211,0,5,4,0,Left,0.13062308728694916,1,1,1,0.9800705909729004,0,0,2,-5.768003940582275,0,0.21842515468597412,0.5451751351356506,0.7815747857093811,-0.1533060073852539,0.2977861762046814,0.8405078053474426,0.08003482967615128,0.08331374824047089,0.0,0.0,0.28884565830230713,-0.11049863696098328,0.08988485485315323,0.5735252499580383,0.24344848096370697,1.5533634424209595,0.7988700866699219,-19.7071533203125,0.1676250845193863,2.2008697986602783,0.033504873514175415,0.20226827263832092,100,120,0,1,1,341,0,0
IMR,0,00529,IMR:00529:x:group212,0,5,4,0,Left,0.13062308728694916,1,1,1,0.9800705909729004,0,0,2,5.468447208404541,0,0.21842515468597412,0.5451751351356506,0.7815747857093811,-0.1533060073852539,0.2977861762046814,0.8405078053474426,0.08003482967615128,0.08331374824047089,0.0,0.0,0.28884565830230713,-0.11049863696098328,0.08988485485315323,0.5735252499580383,0.24344848096370697,1.5533634424209595,0.8097720742225647,9.93757152557373,0.18776600062847137,6.565432071685791,0.002461946802213788,-0.09766168892383575,100,120,0,1,1,341,0,0
IMR,0,00530,IMR:00530:x:group213,0,5,4,0,Left,0.13062308728694916,1,1,1,0.8571876883506775,4,4,6,-1.9675003290176392,0,0.21842515468597412,0.5451751351356506,0.7815747857093811,-0.1533060073852539,0.2977861762046814,0.8405078053474426,0.08003482967615128,0.08331374824047089,0.0,0.0,0.28884565830230713,-0.11049863696098328,0.3161512613296509,1.6676093339920044,0.01718207634985447,0.09063064306974411,0.6533873081207275,-4.482734680175781,0.20360712707042694,-0.718876302242279,0.1430056095123291,-0.7008897066116333,100,120,0,1,1,341,0,0
IMR,0,00531,IMR:00531:x:group214,0,5,4,1,Normal,0.13062308728694916,1,1,1,0.9800705909729004,0,0,2,1.9772857427597046,0,0.21842515468597412,0.5451751351356506,0.7815747857093811,-0.1533060073852539,0.2977861762046814,0.8405078053474426,0.08003482967615128,0.08331374824047089,0.0,0.0,0.28884565830230713,-0.11049863696098328,0.08988485485315323,0.5735252499580383,0.24344848096370697,1.5533634424209595,0.438944935798645,7.56509256362915,0.24261879920959473,7.60823917388916,0.31843626499176025,-9.241473197937012,100,120,-1,0,2,341,0,0
IMR,0,00532,IMR:00532:x:group215,0,5,4,1,Normal,0.13062308728694916,1,1,1,0.9800705909729004,0,0,2,5.036078929901123,0,0.21842515468597412,0.5451751351356506,0.7815747857093811,-0.1533060073852539,0.2977861762046814,0.8405078053474426,0.08003482967615128,0.08331374824047089,0.0,0.0,0.28884565830230713,-0.11049863696098328,0.08988485485315323,0.5735252499580383,0.24344848096370697,1.5533634424209595,0.51962810754776,15.372421264648438,0.21760863065719604,8.920108795166016,0.26276323199272156,-9.184292793273926,100,120,-1,0,2,341,0,0
IMR,0,00533,IMR:00533:x:group216,0,5,4,1,Normal,0.13062308728694916,1,1,1,0.9800705909729004,0,0,2,10.963749885559082,0,0.21842515468597412,0.5451751351356506,0.7815747857093811,-0.1533060073852539,0.2977861762046814,0.8405078053474426,0.08003482967615128,0.08331374824047089,0.0,0.0,0.28884565830230713,-0.11049863696098328,0.08988485485315323,0.5735252499580383,0.24344848096370697,1.5533634424209595,0.6836373209953308,21.621152877807617,0.2560102939605713,9.561396598815918,0.06035244092345238,1.7087035179138184,100,120,-1,0,2,341,0,0
IMR,0,00534,IMR:00534:x:group217,0,5,4,1,Normal,0.13062308728694916,1,1,1,0.9800705909729004,0,0,2,6.643725872039795,0,0.21842515468597412,0.5451751351356506,0.7815747857093811,-0.1533060073852539,0.2977861762046814,0.8405078053474426,0.08003482967615128,0.08331374824047089,0.0,0.0,0.28884565830230713,-0.11049863696098328,0.08988485485315323,0.5735252499580383,0.24344848096370697,1.5533634424209595,0.6115360260009766,11.572402000427246,0.288499653339386,8.682388305664062,0.09996432065963745,-0.32361316680908203,100,120,-1,0,2,341,0,0
IMR,0,00535,IMR:00535:x:group218,0,5,4,1,Normal,0.13062308728694916,1,1,1,0.9800705909729004,0,0,2,3.256218671798706,0,0.21842515468597412,0.5451751351356506,0.7815747857093811,-0.1533060073852539,0.2977861762046814,0.8405078053474426,0.08003482967615128,0.08331374824047089,0.0,0.0,0.28884565830230713,-0.11049863696098328,0.08988485485315323,0.5735252499580383,0.24344848096370697,1.5533634424209595,0.5443425178527832,6.171187400817871,0.2532070279121399,5.401829242706299,0.2024504393339157,-1.804362416267395,100,120,-1,0,2,341,0,0
IMR,0,00537,IMR:00537:x:group220,0,4,3,2,Right,0.13062308728694916,1,1,1,0.9800705909729004,0,0,2,0.11056645959615707,0,0.21842515468597412,0.5451751351356506,0.7815747857093811,-0.1533060073852539,0.2977861762046814,0.8405078053474426,0.08003482967615128,0.08331374824047089,0.0,0.0,0.28884565830230713,-0.11049863696098328,0.08988485485315323,0.5735252499580383,0.24344848096370697,1.5533634424209595,0.6908470988273621,38.866241455078125,0.0007418642635457218,-0.09237329661846161,0.3084110915660858,-38.44217300415039,80,100,1,1,3,341,0,0
IMR,0,00538,IMR:00538:x:group221,0,4,3,2,Right,0.13062308728694916,1,1,1,0.9800705909729004,0,0,2,-6.931986331939697,0,0.21842515468597412,0.5451751351356506,0.7815747857093811,-0.1533060073852539,0.2977861762046814,0.8405078053474426,0.08003482967615128,0.08331374824047089,0.0,0.0,0.28884565830230713,-0.11049863696098328,0.08988485485315323,0.5735252499580383,0.24344848096370697,1.5533634424209595,0.6925783753395081,18.522977828979492,0.0007335665286518633,-0.08824975788593292,0.3066880404949188,-39.23068618774414,80,100,1,2,4,341,0,0
IMR,0,00539,IMR:00539:x:group222,0,4,3,2,Right,0.13062308728694916,1,1,1,0.9800705909729004,0,0,2,-6.679490566253662,0,0.21842515468597412,0.5451751351356506,0.7815747857093811,-0.1533060073852539,0.2977861762046814,0.8405078053474426,0.08003482967615128,0.08331374824047089,0.0,0.0,0.28884565830230713,-0.11049863696098328,0.08988485485315323,0.5735252499580383,0.24344848096370697,1.5533634424209595,0.6763553023338318,37.245086669921875,0.00013630038301926106,-0.014663556590676308,0.3235084116458893,-57.26888656616211,80,100,1,2,4,341,0,0
IMR,0,00540,IMR:00540:x:group223,0,4,3,2,Right,0.13062308728694916,1,1,1,0.9800705909729004,0,0,2,-8.827250480651855,0,0.21842515468597412,0.5451751351356506,0.7815747857093811,-0.1533060073852539,0.2977861762046814,0.8405078053474426,0.08003482967615128,0.08331374824047089,0.0,0.0,0.28884565830230713,-0.11049863696098328,0.08988485485315323,0.5735252499580383,0.24344848096370697,1.5533634424209595,0.6723897457122803,19.924814224243164,0.004567877855151892,-0.024868451058864594,0.3230423629283905,-46.38169860839844,80,100,1,2,4,341,0,0
IMR,0,00541,IMR:00541:x:group224,0,4,3,2,Right,0.13062308728694916,1,1,1,0.9800705909729004,0,0,2,-18.590227127075195,0,0.21842515468597412,0.5451751351356506,0.7815747857093811,-0.1533060073852539,0.2977861762046814,0.8405078053474426,0.08003482967615128,0.08331374824047089,0.0,0.0,0.28884565830230713,-0.11049863696098328,0.08988485485315323,0.5735252499580383,0.24344848096370697,1.5533634424209595,0.669029951095581,22.692615509033203,0.0001375200372422114,0.014570620842278004,0.3308325409889221,-78.47785949707031,80,100,1,2,4,341,0,1
IMR,0,00548,IMR:00548:x:group225,0,4,3,1,Normal,0.13062308728694916,1,1,1,0.9800705909729004,0,0,2,6.793752193450928,0,0.21842515468597412,0.5451751351356506,0.7815747857093811,-0.1533060073852539,0.2977861762046814,0.8405078053474426,0.08003482967615128,0.08331374824047089,0.0,0.0,0.28884565830230713,-0.11049863696098328,0.08988485485315323,0.5735252499580383,0.24344848096370697,1.5533634424209595,0.8601567149162292,14.633441925048828,0.1397021859884262,5.755365371704102,0.00014112441567704082,-0.0075523569248616695,80,100,-1,0,2,341,0,0
IMR,0,00549,IMR:00549:x:group226,0,4,3,1,Normal,0.13062308728694916,1,1,1,0.8571876883506775,4,4,6,9.678836822509766,0,0.21842515468597412,0.5451751351356506,0.7815747857093811,-0.1533060073852539,0.2977861762046814,0.8405078053474426,0.08003482967615128,0.08331374824047089,0.0,0.0,0.28884565830230713,-0.11049863696098328,0.3161512613296509,1.6676093339920044,0.01718207634985447,0.09063064306974411,0.5674085021018982,19.202342987060547,0.32416263222694397,9.966167449951172,0.10842886567115784,-0.13199956715106964,80,100,-1,0,2,341,0,0
IMR,0,00550,IMR:00550:x:group227,0,4,3,1,Normal,0.13062308728694916,1,1,1,0.9800705909729004,0,0,2,9.589812278747559,0,0.21842515468597412,0.5451751351356506,0.7815747857093811,-0.1533060073852539,0.2977861762046814,0.8405078053474426,0.08003482967615128,0.08331374824047089,0.0,0.0,0.28884565830230713,-0.11049863696098328,0.08988485485315323,0.5735252499580383,0.24344848096370697,1.5533634424209595,0.6267421245574951,16.337173461914062,0.2806985676288605,11.757246971130371,0.09255930036306381,0.6750180721282959,80,100,-1,0,2,341,0,0
IMR,0,00551,IMR:00551:x:group228,0,4,3,1,Normal,0.13062308728694916,1,1,1,0.9800705909729004,0,0,2,15.4758882522583,0,0.21842515468597412,0.5451751351356506,0.7815747857093811,-0.1533060073852539,0.2977861762046814,0.8405078053474426,0.08003482967615128,0.08331374824047089,0.0,0.0,0.28884565830230713,-0.11049863696098328,0.08988485485315323,0.5735252499580383,0.24344848096370697,1.5533634424209595,0.5840392708778381,26.136247634887695,0.32788991928100586,18.99010467529297,0.08807078748941422,1.3013150691986084,80,100,-1,0,2,341,0,0
IMR,0,00552,IMR:00552:x:group229,0,4,3,1,Normal,0.13062308728694916,1,1,1,0.9800705909729004,0,0,2,11.903899192810059,0,0.21842515468597412,0.5451751351356506,0.7815747857093811,-0.1533060073852539,0.2977861762046814,0.8405078053474426,0.08003482967615128,0.08331374824047089,0.0,0.0,0.28884565830230713,-0.11049863696098328,0.08988485485315323,0.5735252499580383,0.24344848096370697,1.5533634424209595,0.5432221293449402,19.777877807617188,0.34706613421440125,16.017690658569336,0.10971181839704514,-0.08387085795402527,80,100,-1,0,2,341,0,0
TT,1,497749,TT:497749:x:group000,0,1,0,0,Left,0.13062308728694916,1,1,1,0.8571876883506775,4,4,6,4.734378337860107,0,0.21842515468597412,0.5451751351356506,0.7815747857093811,-0.1533060073852539,0.2977861762046814,0.8405078053474426,0.08003482967615128,0.08331374824047089,0.0,0.0,0.28884565830230713,-0.11049863696098328,0.3161512613296509,1.6676093339920044,0.01718207634985447,0.09063064306974411,0.5482129454612732,11.494084358215332,0.2934175729751587,2.3270061016082764,0.15836946666240692,0.3820441961288452,20,40,0,1,1,341,0,0
TT,1,497749,TT:497749:x:group000,1,2,1,0,Left,0.13062308728694916,1,1,1,0.780367374420166,1,1,3,4.685441493988037,0,0.21842515468597412,0.5451751351356506,0.7815747857093811,-0.1533060073852539,0.04242677614092827,0.09041734784841537,0.3353942334651947,0.6029434204101562,0.0,0.0,0.28884565830230713,-0.11049863696098328,0.3161512613296509,1.6676093339920044,0.01718207634985447,0.09063064306974411,0.5765787959098816,11.469756126403809,0.3095692992210388,2.790011405944824,0.1138518676161766,-0.20344288647174835,40,60,0,1,1,341,0,0
TT,1,497749,TT:497749:x:group000,2,3,2,0,Left,0.13062308728694916,1,1,1,0.9032502770423889,1,1,3,3.002692461013794,0,0.21842515468597412,0.5451751351356506,0.7815747857093811,-0.1533060073852539,0.04242677614092827,0.09041734784841537,0.3353942334651947,0.6029434204101562,0.0,0.0,0.28884565830230713,-0.11049863696098328,0.08988485485315323,0.5735252499580383,0.24344848096370697,1.5533634424209595,0.5890386700630188,8.551037788391113,0.21537820994853973,1.1024997234344482,0.19558310508728027,-0.6454586982727051,60,80,0,1,1,341,0,1
TT,1,497749,TT:497749:x:group000,3,4,3,0,Left,0.13062308728694916,1,1,1,0.9032502770423889,1,1,3,2.411252021789551,0,0.21842515468597412,0.5451751351356506,0.7815747857093811,-0.1533060073852539,0.04242677614092827,0.09041734784841537,0.3353942334651947,0.6029434204101562,0.0,0.0,0.28884565830230713,-0.11049863696098328,0.08988485485315323,0.5735252499580383,0.24344848096370697,1.5533634424209595,0.6220690608024597,5.9116363525390625,0.2731068730354309,1.69551420211792,0.1048240140080452,-0.3733954429626465,80,100,0,1,1,341,0,0
TT,1,497749,TT:497749:x:group001,0,6,5,0,Left,0.13062308728694916,1,1,1,0.9800705909729004,0,0,2,3.878688097000122,0,0.21842515468597412,0.5451751351356506,0.7815747857093811,-0.1533060073852539,0.2977861762046814,0.8405078053474426,0.08003482967615128,0.08331374824047089,0.0,0.0,0.28884565830230713,-0.11049863696098328,0.08988485485315323,0.5735252499580383,0.24344848096370697,1.5533634424209595,0.677433967590332,12.133465766906738,0.17074966430664062,0.5027313232421875,0.15181641280651093,-1.0001323223114014,120,140,0,1,1,341,0,0
TT,1,497749,TT:497749:x:group001,1,7,6,0,Left,0.13062308728694916,1,1,1,0.9032502770423889,1,1,3,4.511404514312744,0,0.21842515468597412,0.5451751351356506,0.7815747857093811,-0.1533060073852539,0.04242677614092827,0.09041734784841537,0.3353942334651947,0.6029434204101562,0.0,0.0,0.28884565830230713,-0.11049863696098328,0.08988485485315323,0.5735252499580383,0.24344848096370697,1.5533634424209595,0.6845924258232117,13.030147552490234,0.19514890015125275,1.0011848211288452,0.120258629322052,-0.4971200227737427,140,160,0,1,1,341,0,0
TT,1,497749,TT:497749:x:group001,2,8,7,0,Left,0.13062308728694916,1,1,1,0.8571876883506775,4,4,6,1.773614525794983,0,0.21842515468597412,0.5451751351356506,0.7815747857093811,-0.1533060073852539,0.2977861762046814,0.8405078053474426,0.08003482967615128,0.08331374824047089,0.0,0.0,0.28884565830230713,-0.11049863696098328,0.3161512613296509,1.6676093339920044,0.01718207634985447,0.09063064306974411,0.6719722747802734,5.222446441650391,0.19866617023944855,0.7840018272399902,0.12936149537563324,-0.685605525970459,160,180,0,1,1,341,0,0
TT,1,581892,TT:581892:x:group002,0,12,11,2,Right,0.13062308728694916,1,1,1,0.9032502770423889,1,1,3,-0.8616390824317932,0,0.21842515468597412,0.5451751351356506,0.7815747857093811,-0.1533060073852539,0.04242677614092827,0.09041734784841537,0.3353942334651947,0.6029434204101562,0.0,0.0,0.28884565830230713,-0.11049863696098328,0.08988485485315323,0.5735252499580383,0.24344848096370697,1.5533634424209595,0.4369279444217682,-1.3664054870605469,0.24911491572856903,-0.4824519455432892,0.3139570951461792,-0.7360596656799316,240,260,1,2,4,341,0,0
TT,1,581892,TT:581892:x:group002,1,13,12,2,Right,0.13062308728694916,1,1,1,0.9800705909729004,0,0,2,-11.614583015441895,0,0.21842515468597412,0.5451751351356506,0.7815747857093811,-0.1533060073852539,0.2977861762046814,0.8405078053474426,0.08003482967615128,0.08331374824047089,0.0,0.0,0.28884565830230713,-0.11049863696098328,0.08988485485315323,0.5735252499580383,0.24344848096370697,1.5533634424209595,0.5352876782417297,-21.189483642578125,0.12279248982667923,-0.9141510128974915,0.34191980957984924,-12.740120887756348,260,280,1,2,4,341,0,0
TT,1,581892,TT:581892:x:group002,2,24,23,2,Right,0.13062308728694916,1,1,1,0.9800705909729004,0,0,2,3.955111265182495,0,0.21842515468597412,0.5451751351356506,0.7815747857093811,-0.1533060073852539,0.2977861762046814,0.8405078053474426,0.08003482967615128,0.08331374824047089,0.0,0.0,0.28884565830230713,-0.11049863696098328,0.08988485485315323,0.5735252499580383,0.24344848096370697,1.5533634424209595,0.5254450440406799,8.39108943939209,0.3258547782897949,2.887803554534912,0.14870016276836395,0.5864412188529968,480,500,1,2,4,341,0,0
TT,1,581892,TT:581892:x:group002,3,25,24,2,Right,0.13062308728694916,1,1,1,0.9800705909729004,0,0,2,-1.1364721059799194,0,0.21842515468597412,0.5451751351356506,0.7815747857093811,-0.1533060073852539,0.2977861762046814,0.8405078053474426,0.08003482967615128,0.08331374824047089,0.0,0.0,0.28884565830230713,-0.11049863696098328,0.08988485485315323,0.5735252499580383,0.24344848096370697,1.5533634424209595,0.41848698258399963,2.873443841934204,0.2325146645307541,2.0602612495422363,0.34899839758872986,-8.343120574951172,500,520,1,2,4,341,0,0
TT,1,581892,TT:581892:x:group003,0,27,26,2,Right,0.13062308728694916,1,1,1,0.9800705909729004,0,0,2,2.8254802227020264,0,0.21842515468597412,0.5451751351356506,0.7815747857093811,-0.1533060073852539,0.2977861762046814,0.8405078053474426,0.08003482967615128,0.08331374824047089,0.0,0.0,0.28884565830230713,-0.11049863696098328,0.08988485485315323,0.5735252499580383,0.24344848096370697,1.5533634424209595,0.5116786360740662,4.940080642700195,0.2994074523448944,2.2861804962158203,0.188913956284523,1.2501790523529053,540,560,1,2,4,341,0,0
TT,1,581892,TT:581892:x:group003,1,31,30,2,Right,0.13062308728694916,1,1,1,0.780367374420166,1,1,3,-1.6009703874588013,2,0.21842515468597412,0.5451751351356506,0.7815747857093811,-0.1533060073852539,0.04242677614092827,0.09041734784841537,0.3353942334651947,0.6029434204101562,0.0,0.0,0.28884565830230713,-0.11049863696098328,0.3161512613296509,1.6676093339920044,0.01718207634985447,0.09063064306974411,0.3607845604419708,-1.4422975778579712,0.27263715863227844,-0.45307284593582153,0.36657825112342834,-2.907540798187256,620,640,1,2,4,341,0,0
TT,1,581892,TT:581892:x:group003,2,33,32,2,Right,0.13062308728694916,1,1,1,0.8571876883506775,4,4,6,-6.045888423919678,0,0.21842515468597412,0.5451751351356506,0.7815747857093811,-0.1533060073852539,0.2977861762046814,0.8405078053474426,0.08003482967615128,0.08331374824047089,0.0,0.0,0.28884565830230713,-0.11049863696098328,0.3161512613296509,1.6676093339920044,0.01718207634985447,0.09063064306974411,0.471773236989975,-6.7706193923950195,0.14469553530216217,-1.5799269676208496,0.3835313022136688,-9.787118911743164,660,680,1,2,4,341,0,0
TT,1,581892,TT:581892:x:group003,3,34,33,2,Right,0.13062308728694916,1,1,1,0.9800705909729004,0,0,2,-13.09192943572998,0,0.21842515468597412,0.5451751351356506,0.7815747857093811,-0.1533060073852539,0.2977861762046814,0.8405078053474426,0.08003482967615128,0.08331374824047089,0.0,0.0,0.28884565830230713,-0.11049863696098328,0.08988485485315323,0.5735252499580383,0.24344848096370697,1.5533634424209595,0.5707252025604248,-13.611181259155273,0.06459250301122665,1.0192397832870483,0.3646823465824127,-26.683849334716797,680,700,1,2,4,341,0,0
TT,1,581892,TT:581892:x:group004,0,35,34,2,Right,0.13062308728694916,1,1,1,0.780367374420166,1,1,3,-4.870477676391602,2,0.21842515468597412,0.5451751351356506,0.7815747857093811,-0.1533060073852539,0.04242677614092827,0.09041734784841537,0.3353942334651947,0.6029434204101562,0.0,0.0,0.28884565830230713,-0.11049863696098328,0.3161512613296509,1.6676093339920044,0.01718207634985447,0.09063064306974411,0.3889823853969574,-4.635430335998535,0.2057613879442215,-1.5304837226867676,0.4052561819553375,-8.445520401000977,700,720,1,2,4,341,0,0
TT,1,675976,TT:675976:x:group005,0,1,0,1,Normal,0.13062308728694916,1,1,1,0.780367374420166,1,1,3,4.58476448059082,0,0.21842515468597412,0.5451751351356506,0.7815747857093811,-0.1533060073852539,0.04242677614092827,0.09041734784841537,0.3353942334651947,0.6029434204101562,0.0,0.0,0.28884565830230713,-0.11049863696098328,0.3161512613296509,1.6676093339920044,0.01718207634985447,0.09063064306974411,0.4812956750392914,7.098494529724121,0.39477527141571045,6.526618957519531,0.12392906099557877,0.12917818129062653,20,40,1,0,2,341,0,0
TT,1,675976,TT:675976:x:group005,1,2,1,1,Normal,0.13062308728694916,1,1,1,0.8571876883506775,4,4,6,-0.43799248337745667,0,0.21842515468597412,0.5451751351356506,0.7815747857093811,-0.1533060073852539,0.2977861762046814,0.8405078053474426,0.08003482967615128,0.08331374824047089,0.0,0.0,0.28884565830230713,-0.11049863696098328,0.3161512613296509,1.6676093339920044,0.01718207634985447,0.09063064306974411,0.47475042939186096,-0.6706098914146423,0.2995131313800812,-0.38653135299682617,0.22573642432689667,-0.25683626532554626,40,60,1,0,2,341,0,0
TT,1,675976,TT:675976:x:group005,2,5,4,1,Normal,0.13062308728694916,1,1,1,0.8571876883506775,4,4,6,-0.03645145893096924,0,0.21842515468597412,0.5451751351356506,0.7815747857093811,-0.1533060073852539,0.2977861762046814,0.8405078053474426,0.08003482967615128,0.08331374824047089,0.0,0.0,0.28884565830230713,-0.11049863696098328,0.3161512613296509,1.6676093339920044,0.01718207634985447,0.09063064306974411,0.48144078254699707,-0.10022473335266113,0.3051031827926636,0.466827929019928,0.2134559601545334,-0.47595757246017456,100,120,1,0,2,341,0,0
TT,1,675976,TT:675976:x:group005,3,6,5,1,Normal,0.13062308728694916,1,1,1,0.9800705909729004,0,0,2,11.123847961425781,0,0.21842515468597412,0.5451751351356506,0.7815747857093811,-0.1533060073852539,0.2977861762046814,0.8405078053474426,0.08003482967615128,0.08331374824047089,0.0,0.0,0.28884565830230713,-0.11049863696098328,0.08988485485315323,0.5735252499580383,0.24344848096370697,1.5533634424209595,0.6580982208251953,20.863014221191406,0.2713044583797455,10.742719650268555,0.0705973207950592,1.7658129930496216,120,140,1,0,2,341,0,0
TT,1,675976,TT:675976:x:group006,0,7,6,1,Normal,0.13062308728694916,1,1,1,0.8571876883506775,4,4,6,7.117425918579102,0,0.21842515468597412,0.5451751351356506,0.7815747857093811,-0.1533060073852539,0.2977861762046814,0.8405078053474426,0.08003482967615128,0.08331374824047089,0.0,0.0,0.28884565830230713,-0.11049863696098328,0.3161512613296509,1.6676093339920044,0.01718207634985447,0.09063064306974411,0.6191582083702087,20.35079574584961,0.2600511610507965,1.1601777076721191,0.12079060077667236,-0.1586945652961731,140,160,1,0,2,341,0,0
TT,1,675976,TT:675976:x:group006,1,8,7,1,Normal,0.13062308728694916,1,1,1,0.9800705909729004,0,0,2,9.67923641204834,0,0.21842515468597412,0.5451751351356506,0.7815747857093811,-0.1533060073852539,0.2977861762046814,0.8405078053474426,0.08003482967615128,0.08331374824047089,0.0,0.0,0.28884565830230713,-0.11049863696098328,0.08988485485315323,0.5735252499580383,0.24344848096370697,1.5533634424209595,0.5493472218513489,14.622941970825195,0.3156314194202423,13.15048599243164,0.13502143323421478,1.264281988143921,160,180,1,0,2,341,0,0
TT,1,707357,TT:707357:x:group007,0,1,0,1,Normal,0.13062308728694916,1,1,1,0.8571876883506775,4,4,6,0.7894918322563171,1,0.21842515468597412,0.5451751351356506,0.7815747857093811,-0.1533060073852539,0.2977861762046814,0.8405078053474426,0.08003482967615128,0.08331374824047089,0.0,0.0,0.28884565830230713,-0.11049863696098328,0.3161512613296509,1.6676093339920044,0.01718207634985447,0.09063064306974411,0.33848118782043457,1.3985346555709839,0.3531436622142792,4.4012451171875,0.30837514996528625,-3.4313042163848877,20,40,-1,0,2,341,0,0
TT,1,707357,TT:707357:x:group007,1,3,2,1,Normal,0.13062308728694916,1,1,1,0.9800705909729004,0,0,2,8.192788124084473,0,0.21842515468597412,0.5451751351356506,0.7815747857093811,-0.1533060073852539,0.2977861762046814,0.8405078053474426,0.08003482967615128,0.08331374824047089,0.0,0.0,0.28884565830230713,-0.11049863696098328,0.08988485485315323,0.5735252499580383,0.24344848096370697,1.5533634424209595,0.5352952480316162,14.304855346679688,0.3513632118701935,10.130658149719238,0.1133415624499321,0.14285148680210114,60,80,-1,0,2,341,0,0
TT,1,740525,TT:740525:x:group008,0,1,0,1,Normal,0.13062308728694916,1,1,1,0.8571876883506775,4,4,6,2.2135164737701416,0,0.21842515468597412,0.5451751351356506,0.7815747857093811,-0.1533060073852539,0.2977861762046814,0.8405078053474426,0.08003482967615128,0.08331374824047089,0.0,0.0,0.28884565830230713,-0.11049863696098328,0.3161512613296509,1.6676093339920044,0.01718207634985447,0.09063064306974411,0.47558078169822693,3.4010729789733887,0.37460824847221375,3.0321083068847656,0.14981095492839813,0.20736803114414215,20,40,-1,0,2,341,0,0
TT,1,740525,TT:740525:x:group008,1,3,2,1,Normal,0.13062308728694916,1,1,1,0.9800705909729004,0,0,2,-0.32451513409614563,0,0.21842515468597412,0.5451751351356506,0.7815747857093811,-0.1533060073852539,0.2977861762046814,0.8405078053474426,0.08003482967615128,0.08331374824047089,0.0,0.0,0.28884565830230713,-0.11049863696098328,0.08988485485315323,0.5735252499580383,0.24344848096370697,1.5533634424209595,0.4677561819553375,-0.42042627930641174,0.2983956038951874,-0.1504456102848053,0.2338482141494751,-0.4026735723018646,60,80,-1,0,2,341,0,0
TT,1,740525,TT:740525:x:group008,2,6,5,1,Normal,0.13062308728694916,1,1,1,0.8571876883506775,4,4,6,3.210707902908325,0,0.21842515468597412,0.5451751351356506,0.7815747857093811,-0.1533060073852539,0.2977861762046814,0.8405078053474426,0.08003482967615128,0.08331374824047089,0.0,0.0,0.28884565830230713,-0.11049863696098328,0.3161512613296509,1.6676093339920044,0.01718207634985447,0.09063064306974411,0.5520066618919373,8.133733749389648,0.2735379636287689,1.5991108417510986,0.1744554042816162,-0.1007203608751297,120,140,-1,0,2,341,0,1
TT,1,806694,TT:806694:x:group009,0,1,0,1,Normal,0.13062308728694916,1,1,1,0.8571876883506775,4,4,6,3.865825653076172,0,0.21842515468597412,0.5451751351356506,0.7815747857093811,-0.1533060073852539,0.2977861762046814,0.8405078053474426,0.08003482967615128,0.08331374824047089,0.0,0.0,0.28884565830230713,-0.11049863696098328,0.3161512613296509,1.6676093339920044,0.01718207634985447,0.09063064306974411,0.5156340003013611,7.14100456237793,0.3682279884815216,4.4497857093811035,0.11613795161247253,0.006685718894004822,20,40,-1,0,2,341,0,0
TT,1,806694,TT:806694:x:group009,1,3,2,1,Normal,0.13062308728694916,1,1,1,0.9800705909729004,0,0,2,2.3107059001922607,0,0.21842515468597412,0.5451751351356506,0.7815747857093811,-0.1533060073852539,0.2977861762046814,0.8405078053474426,0.08003482967615128,0.08331374824047089,0.0,0.0,0.28884565830230713,-0.11049863696098328,0.08988485485315323,0.5735252499580383,0.24344848096370697,1.5533634424209595,0.6414021849632263,6.9097208976745605,0.20041775703430176,0.9252001643180847,0.1581801027059555,-0.9028040766716003,60,80,-1,0,2,341,0,0
TT,1,806694,TT:806694:x:group009,2,4,3,1,Normal,0.13062308728694916,1,1,1,0.9032502770423889,1,1,3,-3.9001071453094482,2,0.21842515468597412,0.5451751351356506,0.7815747857093811,-0.1533060073852539,0.04242677614092827,0.09041734784841537,0.3353942334651947,0.6029434204101562,0.0,0.0,0.28884565830230713,-0.11049863696098328,0.08988485485315323,0.5735252499580383,0.24344848096370697,1.5533634424209595,0.33780744671821594,-2.874478816986084,0.2204573154449463,-0.5426883697509766,0.441735178232193,-8.283154487609863,80,100,-1,0,2,341,0,0
TT,1,840172,TT:840172:x:group010,0,1,0,1,Normal,0.13062308728694916,1,1,1,0.8571876883506775,4,4,6,4.2848286628723145,0,0.21842515468597412,0.5451751351356506,0.7815747857093811,-0.1533060073852539,0.2977861762046814,0.8405078053474426,0.08003482967615128,0.08331374824047089,0.0,0.0,0.28884565830230713,-0.11049863696098328,0.3161512613296509,1.6676093339920044,0.01718207634985447,0.09063064306974411,0.5248346328735352,8.868548393249512,0.3587704598903656,3.9947056770324707,0.11639493703842163,-0.008768673986196518,20,40,-1,0,2,341,0,0
TT,1,840172,TT:840172:x:group010,1,2,1,1,Normal,0.13062308728694916,1,1,1,0.780367374420166,1,1,3,3.0914738178253174,0,0.21842515468597412,0.5451751351356506,0.7815747857093811,-0.1533060073852539,0.04242677614092827,0.09041734784841537,0.3353942334651947,0.6029434204101562,0.0,0.0,0.28884565830230713,-0.11049863696098328,0.3161512613296509,1.6676093339920044,0.01718207634985447,0.09063064306974411,0.5536835789680481,7.783259391784668,0.2912171483039856,1.5711241960525513,0.15509925782680511,-0.07996142655611038,40,60,-1,0,2,341,0,0
TT,1,844697,TT:844697:x:group011,0,1,0,1,Normal,0.13062308728694916,1,1,1,0.8571876883506775,4,4,6,6.251406192779541,0,0.21842515468597412,0.5451751351356506,0.7815747857093811,-0.1533060073852539,0.2977861762046814,0.8405078053474426,0.08003482967615128,0.08331374824047089,0.0,0.0,0.28884565830230713,-0.11049863696098328,0.3161512613296509,1.6676093339920044,0.01718207634985447,0.09063064306974411,0.4947173297405243,9.861623764038086,0.3860272169113159,8.821737289428711,0.1192554458975792,0.07085701823234558,20,40,-1,0,2,341,0,0
TT,1,844697,TT:844697:x:group011,1,2,1,1,Normal,0.13062308728694916,1,1,1,0.9800705909729004,0,0,2,-0.6106656193733215,0,0.21842515468597412,0.5451751351356506,0.7815747857093811,-0.1533060073852539,0.2977861762046814,0.8405078053474426,0.08003482967615128,0.08331374824047089,0.0,0.0,0.28884565830230713,-0.11049863696098328,0.08988485485315323,0.5735252499580383,0.24344848096370697,1.5533634424209595,0.4019908905029297,1.2849276065826416,0.2772202789783478,2.079216241836548,0.32078883051872253,-5.196141242980957,40,60,-1,0,2,341,0,0
TT,1,844753,TT:844753:x:group012,0,1,0,1,Normal,0.13062308728694916,1,1,1,0.8571876883506775,4,4,6,4.293428897857666,0,0.21842515468597412,0.5451751351356506,0.7815747857093811,-0.1533060073852539,0.2977861762046814,0.8405078053474426,0.08003482967615128,0.08331374824047089,0.0,0.0,0.28884565830230713,-0.11049863696098328,0.3161512613296509,1.6676093339920044,0.01718207634985447,0.09063064306974411,0.4936213493347168,6.956714153289795,0.3924919068813324,5.970015525817871,0.11388671398162842,-0.046443164348602295,20,40,-1,0,2,341,0,0
TT,1,844753,TT:844753:x:group012,1,2,1,1,Normal,0.13062308728694916,1,1,1,0.8571876883506775,4,4,6,4.630113124847412,0,0.21842515468597412,0.5451751351356506,0.7815747857093811,-0.1533060073852539,0.2977861762046814,0.8405078053474426,0.08003482967615128,0.08331374824047089,0.0,0.0,0.28884565830230713,-0.11049863696098328,0.3161512613296509,1.6676093339920044,0.01718207634985447,0.09063064306974411,0.5210399627685547,9.041648864746094,0.361146479845047,4.798830509185791,0.11781350523233414,0.04985937103629112,40,60,-1,0,2,341,0,0
TT,1,844753,TT:844753:x:group012,2,6,5,1,Normal,0.13062308728694916,1,1,1,0.9800705909729004,0,0,2,5.839092254638672,0,0.21842515468597412,0.5451751351356506,0.7815747857093811,-0.1533060073852539,0.2977861762046814,0.8405078053474426,0.08003482967615128,0.08331374824047089,0.0,0.0,0.28884565830230713,-0.11049863696098328,0.08988485485315323,0.5735252499580383,0.24344848096370697,1.5533634424209595,0.5194557309150696,10.16674518585205,0.373630166053772,6.82041072845459,0.10691411048173904,0.5301199555397034,120,140,-1,0,2,341,0,1
TT,1,845031,TT:845031:x:group013,0,1,0,1,Normal,0.13062308728694916,1,1,1,0.8571876883506775,4,4,6,3.5061492919921875,0,0.21842515468597412,0.5451751351356506,0.7815747857093811,-0.1533060073852539,0.2977861762046814,0.8405078053474426,0.08003482967615128,0.08331374824047089,0.0,0.0,0.28884565830230713,-0.11049863696098328,0.3161512613296509,1.6676093339920044,0.01718207634985447,0.09063064306974411,0.5103527903556824,6.051385402679443,0.37296149134635925,4.498323440551758,0.11668571829795837,-0.03126083314418793,20,40,-1,0,2,341,0,0
TT,1,845031,TT:845031:x:group013,1,2,1,1,Normal,0.13062308728694916,1,1,1,0.8571876883506775,4,4,6,6.402245998382568,0,0.21842515468597412,0.5451751351356506,0.7815747857093811,-0.1533060073852539,0.2977861762046814,0.8405078053474426,0.08003482967615128,0.08331374824047089,0.0,0.0,0.28884565830230713,-0.11049863696098328,0.3161512613296509,1.6676093339920044,0.01718207634985447,0.09063064306974411,0.5176184773445129,12.147815704345703,0.3712596893310547,6.997608184814453,0.11112184077501297,0.06131445989012718,40,60,-1,0,2,341,0,0
TT,1,845031,TT:845031:x:group013,2,5,4,1,Normal,0.13062308728694916,1,1,1,0.8571876883506775,4,4,6,3.662029504776001,0,0.21842515468597412,0.5451751351356506,0.7815747857093811,-0.1533060073852539,0.2977861762046814,0.8405078053474426,0.08003482967615128,0.08331374824047089,0.0,0.0,0.28884565830230713,-0.11049863696098328,0.3161512613296509,1.6676093339920044,0.01718207634985447,0.09063064306974411,0.5110744833946228,6.6244282722473145,0.3683232367038727,4.28787899017334,0.1206023097038269,0.07378203421831131,100,120,-1,0,2,341,0,0
TT,1,845031,TT:845031:x:group013,3,6,5,1,Normal,0.13062308728694916,1,1,1,0.8571876883506775,4,4,6,7.223443508148193,0,0.21842515468597412,0.5451751351356506,0.7815747857093811,-0.1533060073852539,0.2977861762046814,0.8405078053474426,0.08003482967615128,0.08331374824047089,0.0,0.0,0.28884565830230713,-0.11049863696098328,0.3161512613296509,1.6676093339920044,0.01718207634985447,0.09063064306974411,0.4853059947490692,9.8837308883667,0.38452640175819397,11.350181579589844,0.1301676332950592,0.43641752004623413,120,140,-1,0,2,341,0,0
TT,1,845031,TT:845031:x:group014,0,7,6,1,Normal,0.13062308728694916,1,1,1,0.9800705909729004,0,0,2,6.176960468292236,0,0.21842515468597412,0.5451751351356506,0.7815747857093811,-0.1533060073852539,0.2977861762046814,0.8405078053474426,0.08003482967615128,0.08331374824047089,0.0,0.0,0.28884565830230713,-0.11049863696098328,0.08988485485315323,0.5735252499580383,0.24344848096370697,1.5533634424209595,0.5830684304237366,12.315498352050781,0.31341609358787537,5.789487361907959,0.10351547598838806,0.4258963465690613,140,160,-1,0,2,341,0,0
TT,1,845031,TT:845031:x:group014,1,9,8,1,Normal,0.13062308728694916,1,1,1,0.9800705909729004,0,0,2,1.069563388824463,0,0.21842515468597412,0.5451751351356506,0.7815747857093811,-0.1533060073852539,0.2977861762046814,0.8405078053474426,0.08003482967615128,0.08331374824047089,0.0,0.0,0.28884565830230713,-0.11049863696098328,0.08988485485315323,0.5735252499580383,0.24344848096370697,1.5533634424209595,0.4654148519039154,3.4355010986328125,0.26901617646217346,3.943197727203369,0.26556897163391113,-4.170008182525635,180,200,-1,0,2,341,0,0
TT,1,845031,TT:845031:x:group014,2,10,9,1,Normal,0.13062308728694916,1,1,1,0.9800705909729004,0,0,2,4.502519130706787,0,0.21842515468597412,0.5451751351356506,0.7815747857093811,-0.1533060073852539,0.2977861762046814,0.8405078053474426,0.08003482967615128,0.08331374824047089,0.0,0.0,0.28884565830230713,-0.11049863696098328,0.08988485485315323,0.5735252499580383,0.24344848096370697,1.5533634424209595,0.6387879848480225,7.451003074645996,0.2893087565898895,6.415306091308594,0.07190319895744324,-0.35875213146209717,200,220,-1,0,2,341,0,0
TT,1,845238,TT:845238:x:group015,0,1,0,2,Right,0.13062308728694916,1,1,1,0.8571876883506775,4,4,6,-6.7320404052734375,0,0.21842515468597412,0.5451751351356506,0.7815747857093811,-0.1533060073852539,0.2977861762046814,0.8405078053474426,0.08003482967615128,0.08331374824047089,0.0,0.0,0.28884565830230713,-0.11049863696098328,0.3161512613296509,1.6676093339920044,0.01718207634985447,0.09063064306974411,0.47185659408569336,-7.175560474395752,0.1471928507089615,-1.1192625761032104,0.38095054030418396,-11.901296615600586,20,40,1,1,3,341,0,0
TT,1,845238,TT:845238:x:group015,1,2,1,2,Right,0.13062308728694916,1,1,1,0.9032502770423889,1,1,3,-6.604755401611328,2,0.21842515468597412,0.5451751351356506,0.7815747857093811,-0.1533060073852539,0.04242677614092827,0.09041734784841537,0.3353942334651947,0.6029434204101562,0.0,0.0,0.28884565830230713,-0.11049863696098328,0.08988485485315323,0.5735252499580383,0.24344848096370697,1.5533634424209595,0.3586472272872925,-2.8335137367248535,0.1747107356786728,-0.217498779296875,0.46664199233055115,-16.76325225830078,40,60,1,1,3,341,0,1
TT,1,845238,TT:845238:x:group015,2,3,2,2,Right,0.13062308728694916,1,1,1,0.9800705909729004,0,0,2,-4.738413333892822,0,0.21842515468597412,0.5451751351356506,0.7815747857093811,-0.1533060073852539,0.2977861762046814,0.8405078053474426,0.08003482967615128,0.08331374824047089,0.0,0.0,0.28884565830230713,-0.11049863696098328,0.08988485485315323,0.5735252499580383,0.24344848096370697,1.5533634424209595,0.5165836811065674,-7.714262008666992,0.17415766417980194,-0.8911237120628357,0.30925869941711426,-5.609853744506836,60,80,1,1,3,341,0,0
TT,1,845238,TT:845238:x:group015,3,4,3,2,Right,0.13062308728694916,1,1,1,0.8571876883506775,4,4,6,0.8685559630393982,0,0.21842515468597412,0.5451751351356506,0.7815747857093811,-0.1533060073852539,0.2977861762046814,0.8405078053474426,0.08003482967615128,0.08331374824047089,0.0,0.0,0.28884565830230713,-0.11049863696098328,0.3161512613296509,1.6676093339920044,0.01718207634985447,0.09063064306974411,0.4502720832824707,1.1461257934570312,0.3513365685939789,1.5521674156188965,0.19839142262935638,-0.09262540936470032,80,100,1,1,3,341,0,0
TT,1,845238,TT:845238:x:group016,0,6,5,2,Right,0.13062308728694916,1,1,1,0.8571876883506775,4,4,6,-3.349980592727661,2,0.21842515468597412,0.5451751351356506,0.7815747857093811,-0.1533060073852539,0.2977861762046814,0.8405078053474426,0.08003482967615128,0.08331374824047089,0.0,0.0,0.28884565830230713,-0.11049863696098328,0.3161512613296509,1.6676093339920044,0.01718207634985447,0.09063064306974411,0.3412112891674042,-2.135359287261963,0.31447935104370117,1.0648555755615234,0.34430932998657227,-8.979438781738281,120,140,1,1,3,341,0,0
TT,1,845238,TT:845238:x:group016,1,8,7,2,Right,0.13062308728694916,1,1,1,0.9800705909729004,0,0,2,1.2123470306396484,0,0.21842515468597412,0.5451751351356506,0.7815747857093811,-0.1533060073852539,0.2977861762046814,0.8405078053474426,0.08003482967615128,0.08331374824047089,0.0,0.0,0.28884565830230713,-0.11049863696098328,0.08988485485315323,0.5735252499580383,0.24344848096370697,1.5533634424209595,0.4019869565963745,2.1939125061035156,0.3227585554122925,3.8082642555236816,0.275254487991333,-2.365135431289673,160,180,1,1,3,341,0,0
TT,1,845372,TT:845372:x:group017,0,1,0,0,Left,0.13062308728694916,1,1,1,0.8571876883506775,4,4,6,5.788652420043945,0,0.21842515468597412,0.5451751351356506,0.7815747857093811,-0.1533060073852539,0.2977861762046814,0.8405078053474426,0.08003482967615128,0.08331374824047089,0.0,0.0,0.28884565830230713,-0.11049863696098328,0.3161512613296509,1.6676093339920044,0.01718207634985447,0.09063064306974411,0.6010276675224304,15.817130088806152,0.2849387228488922,1.7550277709960938,0.11403366923332214,-0.20619982481002808,20,40,0,1,1,341,0,0
TT,1,845372,TT:845372:x:group017,1,4,3,0,Left,0.13062308728694916,1,1,1,0.9800705909729004,0,0,2,5.349050045013428,0,0.21842515468597412,0.5451751351356506,0.7815747857093811,-0.1533060073852539,0.2977861762046814,0.8405078053474426,0.08003482967615128,0.08331374824047089,0.0,0.0,0.28884565830230713,-0.11049863696098328,0.08988485485315323,0.5735252499580383,0.24344848096370697,1.5533634424209595,0.5162686705589294,7.049130916595459,0.35000744462013245,8.06938362121582,0.13372386991977692,0.9286355972290039,80,100,0,1,1,341,0,0
TT,1,845372,TT:845372:x:group017,2,5,4,0,Left,0.13062308728694916,1,1,1,0.8571876883506775,4,4,6,7.128681182861328,0,0.21842515468597412,0.5451751351356506,0.7815747857093811,-0.1533060073852539,0.2977861762046814,0.8405078053474426,0.08003482967615128,0.08331374824047089,0.0,0.0,0.28884565830230713,-0.11049863696098328,0.3161512613296509,1.6676093339920044,0.01718207634985447,0.09063064306974411,0.575598418712616,14.258895874023438,0.31959259510040283,6.8884077072143555,0.10480906814336777,0.23874114453792572,100,120,0,1,1,341,0,0
TT,1,845380,TT:845380:x:group018,0,1,0,2,Right,0.13062308728694916,1,1,1,0.8571876883506775,4,4,6,-3.3610334396362305,0,0.21842515468597412,0.5451751351356506,0.7815747857093811,-0.1533060073852539,0.2977861762046814,0.8405078053474426,0.08003482967615128,0.08331374824047089,0.0,0.0,0.28884565830230713,-0.11049863696098328,0.3161512613296509,1.6676093339920044,0.01718207634985447,0.09063064306974411,0.40892183780670166,-3.262065887451172,0.2740086317062378,-1.169053554534912,0.31706956028938293,-5.651980876922607,20,40,1,1,3,341,0,0
TT,1,845380,TT:845380:x:group018,1,12,11,2,Right,0.13062308728694916,1,1,1,0.8571876883506775,4,4,6,-2.5795342922210693,0,0.21842515468597412,0.5451751351356506,0.7815747857093811,-0.1533060073852539,0.2977861762046814,0.8405078053474426,0.08003482967615128,0.08331374824047089,0.0,0.0,0.28884565830230713,-0.11049863696098328,0.3161512613296509,1.6676093339920044,0.01718207634985447,0.09063064306974411,0.3562086522579193,-1.6856822967529297,0.31890013813972473,1.057567834854126,0.3248912990093231,-7.110488414764404,240,260,1,1,3,341,0,0
TT,1,845380,TT:845380:x:group018,2,19,18,2,Right,0.13062308728694916,1,1,1,0.9800705909729004,0,0,2,10.08130931854248,0,0.21842515468597412,0.5451751351356506,0.7815747857093811,-0.1533060073852539,0.2977861762046814,0.8405078053474426,0.08003482967615128,0.08331374824047089,0.0,0.0,0.28884565830230713,-0.11049863696098328,0.08988485485315323,0.5735252499580383,0.24344848096370697,1.5533634424209595,0.5875388979911804,19.632701873779297,0.31306013464927673,10.909720420837402,0.09940102696418762,-0.29849186539649963,380,400,1,1,3,341,0,0
TT,1,845408,TT:845408:x:group019,0,3,2,2,Right,0.13062308728694916,1,1,1,0.8571876883506775,4,4,6,5.95701789855957,0,0.21842515468597412,0.5451751351356506,0.7815747857093811,-0.1533060073852539,0.2977861762046814,0.8405078053474426,0.08003482967615128,0.08331374824047089,0.0,0.0,0.28884565830230713,-0.11049863696098328,0.3161512613296509,1.6676093339920044,0.01718207634985447,0.09063064306974411,0.5010071992874146,9.956352233886719,0.3832029104232788,7.863254547119141,0.11578989773988724,0.05144688859581947,60,80,1,1,3,341,0,0
TT,1,845408,TT:845408:x:group019,1,4,3,2,Right,0.13062308728694916,1,1,1,0.8571876883506775,4,4,6,-2.796602964401245,2,0.21842515468597412,0.5451751351356506,0.7815747857093811,-0.1533060073852539,0.2977861762046814,0.8405078053474426,0.08003482967615128,0.08331374824047089,0.0,0.0,0.28884565830230713,-0.11049863696098328,0.3161512613296509,1.6676093339920044,0.01718207634985447,0.09063064306974411,0.33910369873046875,-0.8579176664352417,0.3129114508628845,2.321681261062622,0.34798479080200195,-9.853572845458984,80,100,1,1,3,341,0,0
TT,1,845408,TT:845408:x:group019,2,7,6,2,Right,0.13062308728694916,1,1,1,0.8571876883506775,4,4,6,5.361421585083008,0,0.21842515468597412,0.5451751351356506,0.7815747857093811,-0.1533060073852539,0.2977861762046814,0.8405078053474426,0.08003482967615128,0.08331374824047089,0.0,0.0,0.28884565830230713,-0.11049863696098328,0.3161512613296509,1.6676093339920044,0.01718207634985447,0.09063064306974411,0.5833572745323181,11.640989303588867,0.31493616104125977,4.688689231872559,0.1017066016793251,-0.24541425704956055,140,160,1,1,3,341,0,0
TT,1,845408,TT:845408:x:group019,3,8,7,2,Right,0.13062308728694916,1,1,1,0.9800705909729004,0,0,2,6.40833854675293,0,0.21842515468597412,0.5451751351356506,0.7815747857093811,-0.1533060073852539,0.2977861762046814,0.8405078053474426,0.08003482967615128,0.08331374824047089,0.0,0.0,0.28884565830230713,-0.11049863696098328,0.08988485485315323,0.5735252499580383,0.24344848096370697,1.5533634424209595,0.515045702457428,10.588923454284668,0.3651053011417389,8.473114013671875,0.11984897404909134,0.1629767268896103,160,180,1,1,3,341,0,0
TT,1,845492,TT:845492:x:group020,0,3,2,2,Right,0.13062308728694916,1,1,1,0.9800705909729004,0,0,2,-8.684404373168945,0,0.21842515468597412,0.5451751351356506,0.7815747857093811,-0.1533060073852539,0.2977861762046814,0.8405078053474426,0.08003482967615128,0.08331374824047089,0.0,0.0,0.28884565830230713,-0.11049863696098328,0.08988485485315323,0.5735252499580383,0.24344848096370697,1.5533634424209595,0.41399112343788147,-6.22290563583374,0.18175886571407318,-1.2808563709259033,0.40425002574920654,-18.549449920654297,60,80,1,2,4,341,0,0
TT,1,845492,TT:845492:x:group020,1,4,3,2,Right,0.13062308728694916,1,1,1,0.8571876883506775,4,4,6,-6.265718460083008,0,0.21842515468597412,0.5451751351356506,0.7815747857093811,-0.1533060073852539,0.2977861762046814,0.8405078053474426,0.08003482967615128,0.08331374824047089,0.0,0.0,0.28884565830230713,-0.11049863696098328,0.3161512613296509,1.6676093339920044,0.01718207634985447,0.09063064306974411,0.42877790331840515,-5.443961143493652,0.19319532811641693,-1.3819403648376465,0.3780268728733063,-11.9712553024292,80,100,1,2,4,341,0,0
TT,1,845492,TT:845492:x:group020,2,10,9,2,Right,0.13062308728694916,1,1,1,0.9800705909729004,0,0,2,0.03682867810130119,0,0.21842515468597412,0.5451751351356506,0.7815747857093811,-0.1533060073852539,0.2977861762046814,0.8405078053474426,0.08003482967615128,0.08331374824047089,0.0,0.0,0.28884565830230713,-0.11049863696098328,0.08988485485315323,0.5735252499580383,0.24344848096370697,1.5533634424209595,0.7236294746398926,-0.3804130554199219,0.1683061569929123,0.9018881916999817,0.10806442052125931,-0.41098856925964355,200,220,1,2,4,341,0,0
TT,1,845492,TT:845492:x:group020,3,12,11,2,Right,0.13062308728694916,1,1,1,0.8571876883506775,4,4,6,-7.584163665771484,2,0.21842515468597412,0.5451751351356506,0.7815747857093811,-0.1533060073852539,0.2977861762046814,0.8405078053474426,0.08003482967615128,0.08331374824047089,0.0,0.0,0.28884565830230713,-0.11049863696098328,0.3161512613296509,1.6676093339920044,0.01718207634985447,0.09063064306974411,0.3859594762325287,-5.631616592407227,0.1736038774251938,-1.3667839765548706,0.4404366910457611,-15.754090309143066,240,260,1,2,4,341,0,0
TT,1,845492,TT:845492:x:group021,0,15,14,2,Right,0.13062308728694916,1,1,1,0.9800705909729004,0,0,2,-4.602722644805908,0,0.21842515468597412,0.5451751351356506,0.7815747857093811,-0.1533060073852539,0.2977861762046814,0.8405078053474426,0.08003482967615128,0.08331374824047089,0.0,0.0,0.28884565830230713,-0.11049863696098328,0.08988485485315323,0.5735252499580383,0.24344848096370697,1.5533634424209595,0.3995087146759033,-1.9779417514801025,0.26186811923980713,1.2615998983383179,0.33862313628196716,-13.091825485229492,300,320,1,2,4,341,0,0
TT,1,846076,TT:846076:x:group022,0,2,1,2,Right,0.13062308728694916,1,1,1,0.8571876883506775,4,4,6,-5.088107585906982,0,0.21842515468597412,0.5451751351356506,0.7815747857093811,-0.1533060073852539,0.2977861762046814,0.8405078053474426,0.08003482967615128,0.08331374824047089,0.0,0.0,0.28884565830230713,-0.11049863696098328,0.3161512613296509,1.6676093339920044,0.01718207634985447,0.09063064306974411,0.5244662761688232,-8.453421592712402,0.14513002336025238,-1.0694340467453003,0.3304036855697632,-5.741466522216797,40,60,1,1,3,341,0,0
TT,1,846076,TT:846076:x:group022,1,3,2,2,Right,0.13062308728694916,1,1,1,0.8571876883506775,4,4,6,-7.040242671966553,0,0.21842515468597412,0.5451751351356506,0.7815747857093811,-0.1533060073852539,0.2977861762046814,0.8405078053474426,0.08003482967615128,0.08331374824047089,0.0,0.0,0.28884565830230713,-0.11049863696098328,0.3161512613296509,1.6676093339920044,0.01718207634985447,0.09063064306974411,0.4125622808933258,-4.638916492462158,0.2245655655860901,-0.6007580757141113,0.36287209391593933,-15.88105297088623,60,80,1,1,3,341,0,0
TT,1,846076,TT:846076:x:group022,2,4,3,2,Right,0.13062308728694916,1,1,1,0.8571876883506775,4,4,6,-5.671102523803711,2,0.21842515468597412,0.5451751351356506,0.7815747857093811,-0.1533060073852539,0.2977861762046814,0.8405078053474426,0.08003482967615128,0.08331374824047089,0.0,0.0,0.28884565830230713,-0.11049863696098328,0.3161512613296509,1.6676093339920044,0.01718207634985447,0.09063064306974411,0.3246784806251526,-4.00384521484375,0.21163231134414673,-1.0214924812316895,0.4636891782283783,-11.987970352172852,80,100,1,1,3,341,0,0
TT,1,846076,TT:846076:x:group022,3,13,12,2,Right,0.13062308728694916,1,1,1,0.9032502770423889,1,1,3,-8.912009239196777,2,0.21842515468597412,0.5451751351356506,0.7815747857093811,-0.1533060073852539,0.04242677614092827,0.09041734784841537,0.3353942334651947,0.6029434204101562,0.0,0.0,0.28884565830230713,-0.11049863696098328,0.08988485485315323,0.5735252499580383,0.24344848096370697,1.5533634424209595,0.34038710594177246,-0.5835530757904053,0.16147010028362274,0.8306304216384888,0.498142808675766,-26.98310661315918,260,280,1,1,3,341,0,1
TT,1,846076,TT:846076:x:group023,0,14,13,2,Right,0.13062308728694916,1,1,1,0.9032502770423889,1,1,3,-1.2986489534378052,0,0.21842515468597412,0.5451751351356506,0.7815747857093811,-0.1533060073852539,0.04242677614092827,0.09041734784841537,0.3353942334651947,0.6029434204101562,0.0,0.0,0.28884565830230713,-0.11049863696098328,0.08988485485315323,0.5735252499580383,0.24344848096370697,1.5533634424209595,0.3910467326641083,-0.8797496557235718,0.2788323163986206,-0.01610344648361206,0.33012092113494873,-3.000093698501587,280,300,1,1,3,341,0,1
TT,1,846076,TT:846076:x:group023,1,17,16,2,Right,0.13062308728694916,1,1,1,0.9800705909729004,0,0,2,-3.3886325359344482,0,0.21842515468597412,0.5451751351356506,0.7815747857093811,-0.1533060073852539,0.2977861762046814,0.8405078053474426,0.08003482967615128,0.08331374824047089,0.0,0.0,0.28884565830230713,-0.11049863696098328,0.08988485485315323,0.5735252499580383,0.24344848096370697,1.5533634424209595,0.689480721950531,-1.669677972793579,0.046958934515714645,-0.15808463096618652,0.26356041431427,-8.338134765625,340,360,1,1,3,341,0,0
TT,1,846108,TT:846108:x:group024,0,1,0,1,Normal,0.13062308728694916,1,1,1,0.780367374420166,1,1,3,5.023579120635986,0,0.21842515468597412,0.5451751351356506,0.7815747857093811,-0.1533060073852539,0.04242677614092827,0.09041734784841537,0.3353942334651947,0.6029434204101562,0.0,0.0,0.28884565830230713,-0.11049863696098328,0.3161512613296509,1.6676093339920044,0.01718207634985447,0.09063064306974411,0.5623059868812561,11.045791625976562,0.32181820273399353,4.033418655395508,0.11587581038475037,-0.008472749963402748,20,40,-1,0,2,341,0,1
TT,1,846108,TT:846108:x:group024,1,2,1,1,Normal,0.13062308728694916,1,1,1,0.8571876883506775,4,4,6,5.454376220703125,0,0.21842515468597412,0.5451751351356506,0.7815747857093811,-0.1533060073852539,0.2977861762046814,0.8405078053474426,0.08003482967615128,0.08331374824047089,0.0,0.0,0.28884565830230713,-0.11049863696098328,0.3161512613296509,1.6676093339920044,0.01718207634985447,0.09063064306974411,0.5275061726570129,10.063187599182129,0.3710268437862396,6.553110122680664,0.10146693140268326,-0.2531704306602478,40,60,-1,0,2,341,0,0
TT,1,846108,TT:846108:x:group024,2,7,6,1,Normal,0.13062308728694916,1,1,1,0.9800705909729004,0,0,2,3.708477735519409,0,0.21842515468597412,0.5451751351356506,0.7815747857093811,-0.1533060073852539,0.2977861762046814,0.8405078053474426,0.08003482967615128,0.08331374824047089,0.0,0.0,0.28884565830230713,-0.11049863696098328,0.08988485485315323,0.5735252499580383,0.24344848096370697,1.5533634424209595,0.4711094796657562,9.59302043914795,0.24129296839237213,7.447725296020508,0.28759756684303284,-5.915313720703125,140,160,-1,0,2,341,0,0
TT,1,846184,TT:846184:x:group025,0,4,3,1,Normal,0.13062308728694916,1,1,1,0.9032502770423889,1,1,3,0.48126864433288574,0,0.21842515468597412,0.5451751351356506,0.7815747857093811,-0.1533060073852539,0.04242677614092827,0.09041734784841537,0.3353942334651947,0.6029434204101562,0.0,0.0,0.28884565830230713,-0.11049863696098328,0.08988485485315323,0.5735252499580383,0.24344848096370697,1.5533634424209595,0.4670753479003906,1.0603224039077759,0.26888373494148254,0.3432691991329193,0.26404085755348206,0.040214210748672485,80,100,1,0,2,341,0,0
TT,1,846184,TT:846184:x:group025,1,5,4,1,Normal,0.13062308728694916,1,1,1,0.8571876883506775,4,4,6,0.2234811782836914,0,0.21842515468597412,0.5451751351356506,0.7815747857093811,-0.1533060073852539,0.2977861762046814,0.8405078053474426,0.08003482967615128,0.08331374824047089,0.0,0.0,0.28884565830230713,-0.11049863696098328,0.3161512613296509,1.6676093339920044,0.01718207634985447,0.09063064306974411,0.3927745521068573,0.5798358917236328,0.34361258149147034,1.9535210132598877,0.2636128067970276,-1.862912893295288,100,120,1,0,2,341,0,0
TT,1,846184,TT:846184:x:group025,2,6,5,1,Normal,0.13062308728694916,1,1,1,0.9032502770423889,1,1,3,4.584275722503662,0,0.21842515468597412,0.5451751351356506,0.7815747857093811,-0.1533060073852539,0.04242677614092827,0.09041734784841537,0.3353942334651947,0.6029434204101562,0.0,0.0,0.28884565830230713,-0.11049863696098328,0.08988485485315323,0.5735252499580383,0.24344848096370697,1.5533634424209595,0.5631592869758606,11.660311698913574,0.25934720039367676,1.7852964401245117,0.17749355733394623,0.30721941590309143,120,140,1,0,2,341,0,0
TT,1,846184,TT:846184:x:group025,3,8,7,1,Normal,0.13062308728694916,1,1,1,0.9032502770423889,1,1,3,2.662811517715454,0,0.21842515468597412,0.5451751351356506,0.7815747857093811,-0.1533060073852539,0.04242677614092827,0.09041734784841537,0.3353942334651947,0.6029434204101562,0.0,0.0,0.28884565830230713,-0.11049863696098328,0.08988485485315323,0.5735252499580383,0.24344848096370697,1.5533634424209595,0.5360633730888367,5.928800106048584,0.31642866134643555,2.015005588531494,0.1475079357624054,0.04462966322898865,160,180,1,0,2,341,0,0
TT,1,846184,TT:846184:x:group026,0,10,9,1,Normal,0.13062308728694916,1,1,1,0.9800705909729004,0,0,2,12.988118171691895,0,0.21842515468597412,0.5451751351356506,0.7815747857093811,-0.1533060073852539,0.2977861762046814,0.8405078053474426,0.08003482967615128,0.08331374824047089,0.0,0.0,0.28884565830230713,-0.11049863696098328,0.08988485485315323,0.5735252499580383,0.24344848096370697,1.5533634424209595,0.6950647830963135,25.801868438720703,0.25627657771110535,13.816503524780273,0.048658642917871475,-0.6540109515190125,200,220,1,0,2,341,0,0
TT,1,846184,TT:846184:x:group026,1,12,11,1,Normal,0.13062308728694916,1,1,1,0.8571876883506775,4,4,6,0.8909671902656555,0,0.21842515468597412,0.5451751351356506,0.7815747857093811,-0.1533060073852539,0.2977861762046814,0.8405078053474426,0.08003482967615128,0.08331374824047089,0.0,0.0,0.28884565830230713,-0.11049863696098328,0.3161512613296509,1.6676093339920044,0.01718207634985447,0.09063064306974411,0.4794940948486328,1.5772082805633545,0.32742878794670105,0.87021404504776,0.1930771917104721,0.2254791557788849,240,260,1,0,2,341,0,0
TT,1,846184,TT:846184:x:group026,2,17,16,1,Normal,0.13062308728694916,1,1,1,0.9831289649009705,4,4,6,1.5897932052612305,0,0.21842515468597412,0.5451751351356506,0.7815747857093811,-0.1533060073852539,0.2977861762046814,0.8405078053474426,0.08563446998596191,0.08255027234554291,0.0,0.0,0.0,0.0,0.3731308877468109,0.472965270280838,0.24344848096370697,1.5533634424209595,0.4938006103038788,12.793205261230469,0.20143069326877594,2.856351852416992,0.3047686517238617,-10.880178451538086,340,360,1,0,2,341,0,0
TT,1,846184,TT:846184:x:group026,3,19,18,1,Normal,0.13062308728694916,1,1,1,0.9032502770423889,1,1,3,1.2698358297348022,0,0.21842515468597412,0.5451751351356506,0.7815747857093811,-0.1533060073852539,0.04242677614092827,0.09041734784841537,0.3353942334651947,0.6029434204101562,0.0,0.0,0.28884565830230713,-0.11049863696098328,0.08988485485315323,0.5735252499580383,0.24344848096370697,1.5533634424209595,0.5543279647827148,3.6015608310699463,0.24281728267669678,0.7557517886161804,0.2028547078371048,-0.5478054285049438,380,400,1,0,2,341,0,1
TT,1,846900,TT:846900:x:group027,0,3,2,2,Right,0.13062308728694916,1,1,1,0.8571876883506775,4,4,6,1.2118884325027466,0,0.21842515468597412,0.5451751351356506,0.7815747857093811,-0.1533060073852539,0.2977861762046814,0.8405078053474426,0.08003482967615128,0.08331374824047089,0.0,0.0,0.28884565830230713,-0.11049863696098328,0.3161512613296509,1.6676093339920044,0.01718207634985447,0.09063064306974411,0.6511938571929932,2.816124200820923,0.2166089564561844,1.0140682458877563,0.13219721615314484,-0.19452720880508423,60,80,1,1,3,341,0,0
TT,1,846900,TT:846900:x:group027,1,7,6,2,Right,0.13062308728694916,1,1,1,0.8571876883506775,4,4,6,-6.787581920623779,0,0.21842515468597412,0.5451751351356506,0.7815747857093811,-0.1533060073852539,0.2977861762046814,0.8405078053474426,0.08003482967615128,0.08331374824047089,0.0,0.0,0.28884565830230713,-0.11049863696098328,0.3161512613296509,1.6676093339920044,0.01718207634985447,0.09063064306974411,0.48517081141471863,-7.07621955871582,0.1607026904821396,-1.0790349245071411,0.35412654280662537,-12.207491874694824,140,160,1,1,3,341,0,0
TT,1,846900,TT:846900:x:group027,2,8,7,2,Right,0.13062308728694916,1,1,1,0.9800705909729004,0,0,2,-0.26251220703125,2,0.21842515468597412,0.5451751351356506,0.7815747857093811,-0.1533060073852539,0.2977861762046814,0.8405078053474426,0.08003482967615128,0.08331374824047089,0.0,0.0,0.28884565830230713,-0.11049863696098328,0.08988485485315323,0.5735252499580383,0.24344848096370697,1.5533634424209595,0.3153384029865265,2.5505762100219727,0.3163818120956421,5.870181083679199,0.3682798147201538,-9.208293914794922,160,180,1,1,3,341,0,0
TT,1,846900,TT:846900:x:group027,3,10,9,2,Right,0.13062308728694916,1,1,1,0.8571876883506775,4,4,6,-10.558578491210938,0,0.21842515468597412,0.5451751351356506,0.7815747857093811,-0.1533060073852539,0.2977861762046814,0.8405078053474426,0.08003482967615128,0.08331374824047089,0.0,0.0,0.28884565830230713,-0.11049863696098328,0.3161512613296509,1.6676093339920044,0.01718207634985447,0.09063064306974411,0.5265905261039734,-12.101546287536621,0.10894843935966492,-1.0428372621536255,0.36446109414100647,-18.531352996826172,200,220,1,1,3,341,0,0
TT,1,847397,TT:847397:x:group028,0,1,0,0,Left,0.13062308728694916,1,1,1,0.9032502770423889,1,1,3,-2.582793712615967,2,0.21842515468597412,0.5451751351356506,0.7815747857093811,-0.1533060073852539,0.04242677614092827,0.09041734784841537,0.3353942334651947,0.6029434204101562,0.0,0.0,0.28884565830230713,-0.11049863696098328,0.08988485485315323,0.5735252499580383,0.24344848096370697,1.5533634424209595,0.35218024253845215,-0.6845026016235352,0.26049867272377014,0.7626679539680481,0.3873211443424225,-7.826546669006348,20,40,0,1,1,341,0,1
TT,1,847397,TT:847397:x:group028,1,2,1,0,Left,0.13062308728694916,1,1,1,0.9032502770423889,1,1,3,-0.010940750129520893,0,0.21842515468597412,0.5451751351356506,0.7815747857093811,-0.1533060073852539,0.04242677614092827,0.09041734784841537,0.3353942334651947,0.6029434204101562,0.0,0.0,0.28884565830230713,-0.11049863696098328,0.08988485485315323,0.5735252499580383,0.24344848096370697,1.5533634424209595,0.4739660322666168,0.23797643184661865,0.26195967197418213,-0.06921529769897461,0.26407429575920105,-0.20158328115940094,40,60,0,1,1,341,0,1
TT,1,847397,TT:847397:x:group028,2,4,3,0,Left,0.13062308728694916,1,1,1,0.8571876883506775,4,4,6,4.068641185760498,0,0.21842515468597412,0.5451751351356506,0.7815747857093811,-0.1533060073852539,0.2977861762046814,0.8405078053474426,0.08003482967615128,0.08331374824047089,0.0,0.0,0.28884565830230713,-0.11049863696098328,0.3161512613296509,1.6676093339920044,0.01718207634985447,0.09063064306974411,0.48479557037353516,6.586057662963867,0.38965582847595215,5.4401535987854,0.1255485862493515,0.17971095442771912,80,100,0,1,1,341,0,0
TT,1,847397,TT:847397:x:group028,3,5,4,0,Left,0.13062308728694916,1,1,1,0.8571876883506775,4,4,6,4.6961283683776855,0,0.21842515468597412,0.5451751351356506,0.7815747857093811,-0.1533060073852539,0.2977861762046814,0.8405078053474426,0.08003482967615128,0.08331374824047089,0.0,0.0,0.28884565830230713,-0.11049863696098328,0.3161512613296509,1.6676093339920044,0.01718207634985447,0.09063064306974411,0.5066731572151184,7.861245155334473,0.36909782886505127,6.102147102355957,0.12422898411750793,0.12499286979436874,100,120,0,1,1,341,0,0
TT,1,847397,TT:847397:x:group029,0,7,6,0,Left,0.13062308728694916,1,1,1,0.9800705909729004,0,0,2,4.199678897857666,0,0.21842515468597412,0.5451751351356506,0.7815747857093811,-0.1533060073852539,0.2977861762046814,0.8405078053474426,0.08003482967615128,0.08331374824047089,0.0,0.0,0.28884565830230713,-0.11049863696098328,0.08988485485315323,0.5735252499580383,0.24344848096370697,1.5533634424209595,0.43818196654319763,4.707735061645508,0.35892224311828613,7.67790412902832,0.20289583504199982,0.2133973240852356,140,160,0,1,1,341,0,0
TT,1,847666,TT:847666:x:group030,0,2,1,1,Normal,0.13062308728694916,1,1,1,0.9032502770423889,1,1,3,2.134207010269165,0,0.21842515468597412,0.5451751351356506,0.7815747857093811,-0.1533060073852539,0.04242677614092827,0.09041734784841537,0.3353942334651947,0.6029434204101562,0.0,0.0,0.28884565830230713,-0.11049863696098328,0.08988485485315323,0.5735252499580383,0.24344848096370697,1.5533634424209595,0.4962671995162964,4.967095375061035,0.27946123480796814,1.4647263288497925,0.22427159547805786,-0.029200278222560883,40,60,0,0,2,341,0,1
TT,1,847666,TT:847666:x:group030,1,3,2,1,Normal,0.13062308728694916,1,1,1,0.8571876883506775,4,4,6,0.7376381754875183,0,0.21842515468597412,0.5451751351356506,0.7815747857093811,-0.1533060073852539,0.2977861762046814,0.8405078053474426,0.08003482967615128,0.08331374824047089,0.0,0.0,0.28884565830230713,-0.11049863696098328,0.3161512613296509,1.6676093339920044,0.01718207634985447,0.09063064306974411,0.4386691153049469,1.0103681087493896,0.35186946392059326,1.3978264331817627,0.20946140587329865,-0.19528010487556458,60,80,0,0,2,341,0,0
TT,1,847666,TT:847666:x:group030,2,4,3,1,Normal,0.13062308728694916,1,1,1,0.8571876883506775,4,4,6,-0.9550215601921082,1,0.21842515468597412,0.5451751351356506,0.7815747857093811,-0.1533060073852539,0.2977861762046814,0.8405078053474426,0.08003482967615128,0.08331374824047089,0.0,0.0,0.28884565830230713,-0.11049863696098328,0.3161512613296509,1.6676093339920044,0.01718207634985447,0.09063064306974411,0.34567245841026306,-0.4975707530975342,0.3511591851711273,3.5598576068878174,0.3031684160232544,-5.927351951599121,80,100,0,0,2,341,0,0
TT,1,847666,TT:847666:x:group030,3,8,7,1,Normal,0.13062308728694916,1,1,1,0.8571876883506775,4,4,6,2.7209537029266357,0,0.21842515468597412,0.5451751351356506,0.7815747857093811,-0.1533060073852539,0.2977861762046814,0.8405078053474426,0.08003482967615128,0.08331374824047089,0.0,0.0,0.28884565830230713,-0.11049863696098328,0.3161512613296509,1.6676093339920044,0.01718207634985447,0.09063064306974411,0.5865339636802673,7.704491138458252,0.2307053804397583,1.128598928451538,0.18276064097881317,-0.6702305674552917,160,180,0,0,2,341,0,0
TT,1,847666,TT:847666:x:group031,0,14,13,1,Normal,0.13062308728694916,1,1,1,0.8571876883506775,4,4,6,1.911948323249817,0,0.21842515468597412,0.5451751351356506,0.7815747857093811,-0.1533060073852539,0.2977861762046814,0.8405078053474426,0.08003482967615128,0.08331374824047089,0.0,0.0,0.28884565830230713,-0.11049863696098328,0.3161512613296509,1.6676093339920044,0.01718207634985447,0.09063064306974411,0.521538496017456,3.806133508682251,0.32901623845100403,1.7693687677383423,0.14944526553153992,0.16034282743930817,280,300,0,0,2,341,0,0
TT,1,849652,TT:849652:x:group032,0,4,3,1,Normal,0.13062308728694916,1,1,1,0.8571876883506775,4,4,6,0.41283392906188965,0,0.21842515468597412,0.5451751351356506,0.7815747857093811,-0.1533060073852539,0.2977861762046814,0.8405078053474426,0.08003482967615128,0.08331374824047089,0.0,0.0,0.28884565830230713,-0.11049863696098328,0.3161512613296509,1.6676093339920044,0.01718207634985447,0.09063064306974411,0.5933378338813782,0.5981564521789551,0.2483382672071457,0.6173897385597229,0.15832392871379852,0.02295580506324768,80,100,-1,0,2,341,0,0
TT,1,849652,TT:849652:x:group032,1,6,5,1,Normal,0.13062308728694916,1,1,1,0.9800705909729004,0,0,2,8.736427307128906,0,0.21842515468597412,0.5451751351356506,0.7815747857093811,-0.1533060073852539,0.2977861762046814,0.8405078053474426,0.08003482967615128,0.08331374824047089,0.0,0.0,0.28884565830230713,-0.11049863696098328,0.08988485485315323,0.5735252499580383,0.24344848096370697,1.5533634424209595,0.6025583148002625,16.612812042236328,0.2974803149700165,8.668855667114258,0.09996136277914047,0.9276151061058044,120,140,-1,0,2,341,0,0
TT,1,849652,TT:849652:x:group032,2,7,6,1,Normal,0.13062308728694916,1,1,1,0.9800705909729004,0,0,2,5.0621185302734375,0,0.21842515468597412,0.5451751351356506,0.7815747857093811,-0.1533060073852539,0.2977861762046814,0.8405078053474426,0.08003482967615128,0.08331374824047089,0.0,0.0,0.28884565830230713,-0.11049863696098328,0.08988485485315323,0.5735252499580383,0.24344848096370697,1.5533634424209595,0.5115487575531006,8.821033477783203,0.37574541568756104,5.910545349121094,0.11270586401224136,0.45477765798568726,140,160,-1,0,2,341,0,0
TT,1,850238,TT:850238:x:group033,0,1,0,0,Left,0.13062308728694916,1,1,1,0.9032502770423889,1,1,3,3.646127700805664,0,0.21842515468597412,0.5451751351356506,0.7815747857093811,-0.1533060073852539,0.04242677614092827,0.09041734784841537,0.3353942334651947,0.6029434204101562,0.0,0.0,0.28884565830230713,-0.11049863696098328,0.08988485485315323,0.5735252499580383,0.24344848096370697,1.5533634424209595,0.531694233417511,9.30738353729248,0.26900529861450195,1.628230094909668,0.19930045306682587,0.0027690213173627853,20,40,0,1,1,341,0,0
TT,1,850238,TT:850238:x:group033,1,2,1,0,Left,0.13062308728694916,1,1,1,0.9800705909729004,0,0,2,3.716870069503784,0,0.21842515468597412,0.5451751351356506,0.7815747857093811,-0.1533060073852539,0.2977861762046814,0.8405078053474426,0.08003482967615128,0.08331374824047089,0.0,0.0,0.28884565830230713,-0.11049863696098328,0.08988485485315323,0.5735252499580383,0.24344848096370697,1.5533634424209595,0.6086611151695251,8.953381538391113,0.29376059770584106,2.560529947280884,0.09757829457521439,-0.36330121755599976,40,60,0,1,1,341,0,0
TT,1,850238,TT:850238:x:group033,2,3,2,0,Left,0.13062308728694916,1,1,1,0.8571876883506775,4,4,6,3.0640478134155273,0,0.21842515468597412,0.5451751351356506,0.7815747857093811,-0.1533060073852539,0.2977861762046814,0.8405078053474426,0.08003482967615128,0.08331374824047089,0.0,0.0,0.28884565830230713,-0.11049863696098328,0.3161512613296509,1.6676093339920044,0.01718207634985447,0.09063064306974411,0.6036273241043091,7.079678058624268,0.2741788923740387,1.7726352214813232,0.12219372391700745,0.3398294150829315,60,80,0,1,1,341,0,0
TT,1,850238,TT:850238:x:group033,3,5,4,0,Left,0.13062308728694916,1,1,1,0.9800705909729004,0,0,2,9.620526313781738,0,0.21842515468597412,0.5451751351356506,0.7815747857093811,-0.1533060073852539,0.2977861762046814,0.8405078053474426,0.08003482967615128,0.08331374824047089,0.0,0.0,0.28884565830230713,-0.11049863696098328,0.08988485485315323,0.5735252499580383,0.24344848096370697,1.5533634424209595,0.6612140536308289,19.490154266357422,0.2732202112674713,7.671469688415527,0.06556570529937744,1.6999549865722656,100,120,0,1,1,341,0,0
TT,1,850238,TT:850238:x:group034,0,6,5,0,Left,0.13062308728694916,1,1,1,0.9800705909729004,0,0,2,4.016730785369873,0,0.21842515468597412,0.5451751351356506,0.7815747857093811,-0.1533060073852539,0.2977861762046814,0.8405078053474426,0.08003482967615128,0.08331374824047089,0.0,0.0,0.28884565830230713,-0.11049863696098328,0.08988485485315323,0.5735252499580383,0.24344848096370697,1.5533634424209595,0.8140721321105957,4.447379112243652,0.18438000977039337,7.6626296043396,0.0015478773275390267,-0.05981845781207085,120,140,0,1,1,341,0,0
TT,1,850496,TT:850496:x:group035,0,1,0,1,Normal,0.13062308728694916,1,1,1,0.9032502770423889,1,1,3,3.087204933166504,0,0.21842515468597412,0.5451751351356506,0.7815747857093811,-0.1533060073852539,0.04242677614092827,0.09041734784841537,0.3353942334651947,0.6029434204101562,0.0,0.0,0.28884565830230713,-0.11049863696098328,0.08988485485315323,0.5735252499580383,0.24344848096370697,1.5533634424209595,0.5387985706329346,7.626870155334473,0.2869187891483307,1.6703940629959106,0.17428261041641235,-0.035649627447128296,20,40,-1,0,2,341,0,0
TT,1,850496,TT:850496:x:group035,1,2,1,1,Normal,0.13062308728694916,1,1,1,0.9800705909729004,0,0,2,6.437301158905029,0,0.21842515468597412,0.5451751351356506,0.7815747857093811,-0.1533060073852539,0.2977861762046814,0.8405078053474426,0.08003482967615128,0.08331374824047089,0.0,0.0,0.28884565830230713,-0.11049863696098328,0.08988485485315323,0.5735252499580383,0.24344848096370697,1.5533634424209595,0.6025605797767639,14.637800216674805,0.2749682366847992,3.48036527633667,0.12247122079133987,1.193738579750061,40,60,-1,0,2,341,0,0
TT,1,850496,TT:850496:x:group035,2,3,2,1,Normal,0.13062308728694916,1,1,1,0.9831289649009705,4,4,6,-3.2424774169921875,0,0.21842515468597412,0.5451751351356506,0.7815747857093811,-0.1533060073852539,0.2977861762046814,0.8405078053474426,0.08563446998596191,0.08255027234554291,0.0,0.0,0.0,0.0,0.3731308877468109,0.472965270280838,0.24344848096370697,1.5533634424209595,0.36022040247917175,-0.9474427700042725,0.2925795614719391,1.8854217529296875,0.34720003604888916,-10.665410995483398,60,80,-1,0,2,341,0,0
TT,1,850496,TT:850496:x:group035,3,4,3,1,Normal,0.13062308728694916,1,1,1,0.8571876883506775,4,4,6,-0.6926224827766418,0,0.21842515468597412,0.5451751351356506,0.7815747857093811,-0.1533060073852539,0.2977861762046814,0.8405078053474426,0.08003482967615128,0.08331374824047089,0.0,0.0,0.28884565830230713,-0.11049863696098328,0.3161512613296509,1.6676093339920044,0.01718207634985447,0.09063064306974411,0.3476696312427521,0.20320582389831543,0.3385503590106964,3.4989309310913086,0.31377995014190674,-5.780004978179932,80,100,-1,0,2,341,0,0
TT,1,850496,TT:850496:x:group036,0,5,4,1,Normal,0.13062308728694916,1,1,1,0.8571876883506775,4,4,6,3.766768455505371,0,0.21842515468597412,0.5451751351356506,0.7815747857093811,-0.1533060073852539,0.2977861762046814,0.8405078053474426,0.08003482967615128,0.08331374824047089,0.0,0.0,0.28884565830230713,-0.11049863696098328,0.3161512613296509,1.6676093339920044,0.01718207634985447,0.09063064306974411,0.5392732620239258,7.88499641418457,0.34968051314353943,3.5578126907348633,0.11104623228311539,-0.14250431954860687,100,120,-1,0,2,341,0,1
TT,1,850496,TT:850496:x:group036,1,6,5,1,Normal,0.13062308728694916,1,1,1,0.780367374420166,1,1,3,4.51801872253418,0,0.21842515468597412,0.5451751351356506,0.7815747857093811,-0.1533060073852539,0.04242677614092827,0.09041734784841537,0.3353942334651947,0.6029434204101562,0.0,0.0,0.28884565830230713,-0.11049863696098328,0.3161512613296509,1.6676093339920044,0.01718207634985447,0.09063064306974411,0.595848023891449,10.95246410369873,0.29614582657814026,2.8175015449523926,0.10800615698099136,-0.2159092128276825,120,140,-1,0,2,341,0,0
TT,1,850738,TT:850738:x:group037,0,2,1,0,Left,0.13062308728694916,1,1,1,0.8571876883506775,4,4,6,2.3712823390960693,0,0.21842515468597412,0.5451751351356506,0.7815747857093811,-0.1533060073852539,0.2977861762046814,0.8405078053474426,0.08003482967615128,0.08331374824047089,0.0,0.0,0.28884565830230713,-0.11049863696098328,0.3161512613296509,1.6676093339920044,0.01718207634985447,0.09063064306974411,0.5465444922447205,5.618466854095459,0.31245195865631104,1.6201963424682617,0.1410035341978073,-0.12481655180454254,40,60,-1,1,1,341,0,0
TT,1,850738,TT:850738:x:group037,1,3,2,0,Left,0.13062308728694916,1,1,1,0.8571876883506775,4,4,6,4.497404098510742,0,0.21842515468597412,0.5451751351356506,0.7815747857093811,-0.1533060073852539,0.2977861762046814,0.8405078053474426,0.08003482967615128,0.08331374824047089,0.0,0.0,0.28884565830230713,-0.11049863696098328,0.3161512613296509,1.6676093339920044,0.01718207634985447,0.09063064306974411,0.4556504786014557,6.159335613250732,0.40232720971107483,7.010412693023682,0.1420222967863083,0.3224637806415558,60,80,-1,1,1,341,0,0
TT,1,850738,TT:850738:x:group037,2,4,3,0,Left,0.13062308728694916,1,1,1,0.9800705909729004,0,0,2,3.8898861408233643,0,0.21842515468597412,0.5451751351356506,0.7815747857093811,-0.1533060073852539,0.2977861762046814,0.8405078053474426,0.08003482967615128,0.08331374824047089,0.0,0.0,0.28884565830230713,-0.11049863696098328,0.08988485485315323,0.5735252499580383,0.24344848096370697,1.5533634424209595,0.548374593257904,7.894534111022949,0.34616029262542725,3.9767963886260986,0.10546509176492691,-0.2016720175743103,80,100,-1,1,1,341,0,1
TT,1,850738,TT:850738:x:group037,3,7,6,0,Left,0.13062308728694916,1,1,1,0.9800705909729004,0,0,2,2.1672067642211914,0,0.21842515468597412,0.5451751351356506,0.7815747857093811,-0.1533060073852539,0.2977861762046814,0.8405078053474426,0.08003482967615128,0.08331374824047089,0.0,0.0,0.28884565830230713,-0.11049863696098328,0.08988485485315323,0.5735252499580383,0.24344848096370697,1.5533634424209595,0.7065216898918152,4.783263683319092,0.17043769359588623,1.5759897232055664,0.1230405792593956,0.1423669457435608,140,160,-1,1,1,341,0,0
TT,1,850738,TT:850738:x:group038,0,8,7,0,Left,0.13062308728694916,1,1,1,0.9800705909729004,0,0,2,0.8873584866523743,0,0.21842515468597412,0.5451751351356506,0.7815747857093811,-0.1533060073852539,0.2977861762046814,0.8405078053474426,0.08003482967615128,0.08331374824047089,0.0,0.0,0.28884565830230713,-0.11049863696098328,0.08988485485315323,0.5735252499580383,0.24344848096370697,1.5533634424209595,0.709269106388092,3.5011909008026123,0.18103651702404022,0.08528745174407959,0.10969435423612595,-0.9244030117988586,160,180,-1,1,1,341,0,0
TT,1,850823,TT:850823:x:group039,0,3,2,1,Normal,0.13062308728694916,1,1,1,0.9800705909729004,0,0,2,-2.1516408920288086,0,0.21842515468597412,0.5451751351356506,0.7815747857093811,-0.1533060073852539,0.2977861762046814,0.8405078053474426,0.08003482967615128,0.08331374824047089,0.0,0.0,0.28884565830230713,-0.11049863696098328,0.08988485485315323,0.5735252499580383,0.24344848096370697,1.5533634424209595,0.46163854002952576,-3.2314631938934326,0.2032146006822586,-0.6354212760925293,0.33514681458473206,-2.588038444519043,60,80,-1,0,2,341,0,0
TT,1,850823,TT:850823:x:group039,1,5,4,1,Normal,0.13062308728694916,1,1,1,0.9032502770423889,1,1,3,4.825751781463623,0,0.21842515468597412,0.5451751351356506,0.7815747857093811,-0.1533060073852539,0.04242677614092827,0.09041734784841537,0.3353942334651947,0.6029434204101562,0.0,0.0,0.28884565830230713,-0.11049863696098328,0.08988485485315323,0.5735252499580383,0.24344848096370697,1.5533634424209595,0.603613555431366,13.301692962646484,0.2561931908130646,1.4664607048034668,0.14019331336021423,-0.29089927673339844,100,120,-1,0,2,341,0,1
TT,1,850823,TT:850823:x:group039,2,10,9,1,Normal,0.13062308728694916,1,1,1,0.8571876883506775,4,4,6,4.926546573638916,0,0.21842515468597412,0.5451751351356506,0.7815747857093811,-0.1533060073852539,0.2977861762046814,0.8405078053474426,0.08003482967615128,0.08331374824047089,0.0,0.0,0.28884565830230713,-0.11049863696098328,0.3161512613296509,1.6676093339920044,0.01718207634985447,0.09063064306974411,0.5694255828857422,11.3533353805542,0.3160766661167145,3.485487937927246,0.11449769139289856,-0.05918325111269951,200,220,-1,0,2,341,0,1
TT,1,850830,TT:850830:x:group040,0,2,1,0,Left,0.13062308728694916,1,1,1,0.780367374420166,1,1,3,2.7018773555755615,0,0.21842515468597412,0.5451751351356506,0.7815747857093811,-0.1533060073852539,0.04242677614092827,0.09041734784841537,0.3353942334651947,0.6029434204101562,0.0,0.0,0.28884565830230713,-0.11049863696098328,0.3161512613296509,1.6676093339920044,0.01718207634985447,0.09063064306974411,0.5217666029930115,6.837740898132324,0.265001505613327,1.4191087484359741,0.2132319211959839,-0.15121670067310333,40,60,0,1,1,341,0,1
TT,1,850830,TT:850830:x:group040,1,4,3,0,Left,0.13062308728694916,1,1,1,0.8571876883506775,4,4,6,4.990507125854492,0,0.21842515468597412,0.5451751351356506,0.7815747857093811,-0.1533060073852539,0.2977861762046814,0.8405078053474426,0.08003482967615128,0.08331374824047089,0.0,0.0,0.28884565830230713,-0.11049863696098328,0.3161512613296509,1.6676093339920044,0.01718207634985447,0.09063064306974411,0.5636057257652283,12.441444396972656,0.30295953154563904,2.5624332427978516,0.1334347426891327,-0.03235655277967453,80,100,0,1,1,341,0,0
TT,1,851013,TT:851013:x:group041,0,2,1,1,Normal,0.13062308728694916,1,1,1,0.8571876883506775,4,4,6,1.419141411781311,0,0.21842515468597412,0.5451751351356506,0.7815747857093811,-0.1533060073852539,0.2977861762046814,0.8405078053474426,0.08003482967615128,0.08331374824047089,0.0,0.0,0.28884565830230713,-0.11049863696098328,0.3161512613296509,1.6676093339920044,0.01718207634985447,0.09063064306974411,0.6116511225700378,3.1164517402648926,0.262532502412796,1.0211191177368164,0.12581636011600494,0.11985349655151367,40,60,-1,0,2,341,0,0
TT,1,851013,TT:851013:x:group041,1,3,2,1,Normal,0.13062308728694916,1,1,1,0.8571876883506775,4,4,6,0.2587340772151947,1,0.21842515468597412,0.5451751351356506,0.7815747857093811,-0.1533060073852539,0.2977861762046814,0.8405078053474426,0.08003482967615128,0.08331374824047089,0.0,0.0,0.28884565830230713,-0.11049863696098328,0.3161512613296509,1.6676093339920044,0.01718207634985447,0.09063064306974411,0.329269140958786,0.784168004989624,0.3612576425075531,5.666505336761475,0.3094731867313385,-5.674469947814941,60,80,-1,0,2,341,0,0
TT,1,851013,TT:851013:x:group041,2,4,3,1,Normal,0.13062308728694916,1,1,1,0.9800705909729004,0,0,2,5.2664618492126465,0,0.21842515468597412,0.5451751351356506,0.7815747857093811,-0.1533060073852539,0.2977861762046814,0.8405078053474426,0.08003482967615128,0.08331374824047089,0.0,0.0,0.28884565830230713,-0.11049863696098328,0.08988485485315323,0.5735252499580383,0.24344848096370697,1.5533634424209595,0.5717976689338684,9.172332763671875,0.33968791365623474,7.043046951293945,0.08851441740989685,-0.41599559783935547,80,100,-1,0,2,341,0,0
TT,1,851108,TT:851108:x:group042,0,1,0,2,Right,0.13062308728694916,1,1,1,0.8571876883506775,4,4,6,-2.233241081237793,0,0.21842515468597412,0.5451751351356506,0.7815747857093811,-0.1533060073852539,0.2977861762046814,0.8405078053474426,0.08003482967615128,0.08331374824047089,0.0,0.0,0.28884565830230713,-0.11049863696098328,0.3161512613296509,1.6676093339920044,0.01718207634985447,0.09063064306974411,0.35924896597862244,-1.1938064098358154,0.3148505389690399,0.871283233165741,0.32590052485466003,-6.377199649810791,20,40,1,1,3,341,0,0
TT,1,851108,TT:851108:x:group042,1,5,4,2,Right,0.13062308728694916,1,1,1,0.9800705909729004,0,0,2,-1.9952921867370605,0,0.21842515468597412,0.5451751351356506,0.7815747857093811,-0.1533060073852539,0.2977861762046814,0.8405078053474426,0.08003482967615128,0.08331374824047089,0.0,0.0,0.28884565830230713,-0.11049863696098328,0.08988485485315323,0.5735252499580383,0.24344848096370697,1.5533634424209595,0.5541909337043762,-3.348278045654297,0.1993432641029358,-1.2289959192276,0.24646581709384918,-1.4086029529571533,100,120,1,1,3,341,0,0
TT,1,851367,TT:851367:x:group043,0,1,0,0,Left,0.13062308728694916,1,1,1,0.9800705909729004,0,0,2,4.827572822570801,0,0.21842515468597412,0.5451751351356506,0.7815747857093811,-0.1533060073852539,0.2977861762046814,0.8405078053474426,0.08003482967615128,0.08331374824047089,0.0,0.0,0.28884565830230713,-0.11049863696098328,0.08988485485315323,0.5735252499580383,0.24344848096370697,1.5533634424209595,0.5646423697471619,12.312920570373535,0.2948167026042938,2.1129019260406494,0.1405409425497055,0.05689568072557449,20,40,-1,1,1,341,0,1
TT,1,851367,TT:851367:x:group043,1,2,1,0,Left,0.13062308728694916,1,1,1,0.9032502770423889,1,1,3,3.5912997722625732,0,0.21842515468597412,0.5451751351356506,0.7815747857093811,-0.1533060073852539,0.04242677614092827,0.09041734784841537,0.3353942334651947,0.6029434204101562,0.0,0.0,0.28884565830230713,-0.11049863696098328,0.08988485485315323,0.5735252499580383,0.24344848096370697,1.5533634424209595,0.579413890838623,9.885716438293457,0.22821496427059174,1.1773768663406372,0.19237112998962402,-0.289194256067276,40,60,-1,1,1,341,0,0
TT,1,851367,TT:851367:x:group043,2,4,3,0,Left,0.13062308728694916,1,1,1,0.9800705909729004,0,0,2,2.3063766956329346,0,0.21842515468597412,0.5451751351356506,0.7815747857093811,-0.1533060073852539,0.2977861762046814,0.8405078053474426,0.08003482967615128,0.08331374824047089,0.0,0.0,0.28884565830230713,-0.11049863696098328,0.08988485485315323,0.5735252499580383,0.24344848096370697,1.5533634424209595,0.5753399729728699,6.430756092071533,0.23727373778820038,1.0665374994277954,0.18738622963428497,-0.5781639218330383,80,100,-1,1,1,341,0,0
TT,1,851367,TT:851367:x:group043,3,7,6,0,Left,0.13062308728694916,1,1,1,0.9032502770423889,1,1,3,1.9011417627334595,0,0.21842515468597412,0.5451751351356506,0.7815747857093811,-0.1533060073852539,0.04242677614092827,0.09041734784841537,0.3353942334651947,0.6029434204101562,0.0,0.0,0.28884565830230713,-0.11049863696098328,0.08988485485315323,0.5735252499580383,0.24344848096370697,1.5533634424209595,0.5232123732566833,4.415245056152344,0.2936617136001587,1.388959527015686,0.18312598764896393,-0.10077907890081406,140,160,-1,1,1,341,0,0
TT,1,851367,TT:851367:x:group044,0,10,9,0,Left,0.13062308728694916,1,1,1,0.9032502770423889,1,1,3,2.0098068714141846,0,0.21842515468597412,0.5451751351356506,0.7815747857093811,-0.1533060073852539,0.04242677614092827,0.09041734784841537,0.3353942334651947,0.6029434204101562,0.0,0.0,0.28884565830230713,-0.11049863696098328,0.08988485485315323,0.5735252499580383,0.24344848096370697,1.5533634424209595,0.5113686919212341,3.9686689376831055,0.3341732323169708,1.7815909385681152,0.15445812046527863,0.27916014194488525,200,220,-1,1,1,341,0,0
TT,1,851367,TT:851367:x:group044,1,15,14,0,Left,0.13062308728694916,1,1,1,0.9032502770423889,1,1,3,2.0599048137664795,0,0.21842515468597412,0.5451751351356506,0.7815747857093811,-0.1533060073852539,0.04242677614092827,0.09041734784841537,0.3353942334651947,0.6029434204101562,0.0,0.0,0.28884565830230713,-0.11049863696098328,0.08988485485315323,0.5735252499580383,0.24344848096370697,1.5533634424209595,0.5104684233665466,4.313933372497559,0.3250292241573334,1.7538765668869019,0.16450235247612,0.11190459132194519,300,320,-1,1,1,341,0,0
TT,1,851367,TT:851367:x:group044,2,16,15,0,Left,0.13062308728694916,1,1,1,0.8571876883506775,4,4,6,2.5802433490753174,0,0.21842515468597412,0.5451751351356506,0.7815747857093811,-0.1533060073852539,0.2977861762046814,0.8405078053474426,0.08003482967615128,0.08331374824047089,0.0,0.0,0.28884565830230713,-0.11049863696098328,0.3161512613296509,1.6676093339920044,0.01718207634985447,0.09063064306974411,0.5252979397773743,5.443323612213135,0.3368932902812958,2.0366830825805664,0.13780882954597473,0.2607238292694092,320,340,-1,1,1,341,0,0
TT,1,851367,TT:851367:x:group044,3,20,19,0,Left,0.13062308728694916,1,1,1,0.8571876883506775,4,4,6,3.3725268840789795,0,0.21842515468597412,0.5451751351356506,0.7815747857093811,-0.1533060073852539,0.2977861762046814,0.8405078053474426,0.08003482967615128,0.08331374824047089,0.0,0.0,0.28884565830230713,-0.11049863696098328,0.3161512613296509,1.6676093339920044,0.01718207634985447,0.09063064306974411,0.5250945687294006,6.289982795715332,0.3535762131214142,3.756784439086914,0.12132922559976578,0.0708131343126297,400,420,-1,1,1,341,0,0
TT,1,851367,TT:851367:x:group045,0,25,24,0,Left,0.13062308728694916,1,1,1,0.9800705909729004,0,0,2,-3.5214931964874268,0,0.21842515468597412,0.5451751351356506,0.7815747857093811,-0.1533060073852539,0.2977861762046814,0.8405078053474426,0.08003482967615128,0.08331374824047089,0.0,0.0,0.28884565830230713,-0.11049863696098328,0.08988485485315323,0.5735252499580383,0.24344848096370697,1.5533634424209595,0.5856276154518127,5.693612098693848,0.07530386000871658,0.3571735918521881,0.33906853199005127,-16.615264892578125,500,520,-1,1,1,341,0,0
TT,1,851519,TT:851519:x:group046,0,1,0,1,Normal,0.13062308728694916,1,1,1,0.9032502770423889,1,1,3,2.5911715030670166,0,0.21842515468597412,0.5451751351356506,0.7815747857093811,-0.1533060073852539,0.04242677614092827,0.09041734784841537,0.3353942334651947,0.6029434204101562,0.0,0.0,0.28884565830230713,-0.11049863696098328,0.08988485485315323,0.5735252499580383,0.24344848096370697,1.5533634424209595,0.5313540101051331,6.075019359588623,0.2985629737377167,1.6558420658111572,0.17008300125598907,0.042652785778045654,20,40,-1,0,2,341,0,0
TT,1,851519,TT:851519:x:group046,1,3,2,1,Normal,0.13062308728694916,1,1,1,0.9800705909729004,0,0,2,3.7220852375030518,0,0.21842515468597412,0.5451751351356506,0.7815747857093811,-0.1533060073852539,0.2977861762046814,0.8405078053474426,0.08003482967615128,0.08331374824047089,0.0,0.0,0.28884565830230713,-0.11049863696098328,0.08988485485315323,0.5735252499580383,0.24344848096370697,1.5533634424209595,0.5591650605201721,7.838688373565674,0.24008916318416595,2.346393585205078,0.20074574649333954,0.981174111366272,60,80,-1,0,2,341,0,0
TT,1,851519,TT:851519:x:group046,2,4,3,1,Normal,0.13062308728694916,1,1,1,0.8571876883506775,4,4,6,2.0091211795806885,0,0.21842515468597412,0.5451751351356506,0.7815747857093811,-0.1533060073852539,0.2977861762046814,0.8405078053474426,0.08003482967615128,0.08331374824047089,0.0,0.0,0.28884565830230713,-0.11049863696098328,0.3161512613296509,1.6676093339920044,0.01718207634985447,0.09063064306974411,0.5247136950492859,4.583263397216797,0.3022821247577667,1.3456354141235352,0.17300419509410858,0.09846442937850952,80,100,-1,0,2,341,0,0
TT,1,851519,TT:851519:x:group046,3,5,4,1,Normal,0.13062308728694916,1,1,1,0.780367374420166,1,1,3,3.2969934940338135,0,0.21842515468597412,0.5451751351356506,0.7815747857093811,-0.1533060073852539,0.04242677614092827,0.09041734784841537,0.3353942334651947,0.6029434204101562,0.0,0.0,0.28884565830230713,-0.11049863696098328,0.3161512613296509,1.6676093339920044,0.01718207634985447,0.09063064306974411,0.5407805442810059,8.307676315307617,0.2780590057373047,1.6187968254089355,0.18116049468517303,-0.03549184650182724,100,120,-1,0,2,341,0,0
TT,1,851519,TT:851519:x:group047,0,6,5,1,Normal,0.13062308728694916,1,1,1,0.9800705909729004,0,0,2,6.033832550048828,0,0.21842515468597412,0.5451751351356506,0.7815747857093811,-0.1533060073852539,0.2977861762046814,0.8405078053474426,0.08003482967615128,0.08331374824047089,0.0,0.0,0.28884565830230713,-0.11049863696098328,0.08988485485315323,0.5735252499580383,0.24344848096370697,1.5533634424209595,0.66293865442276,16.52051544189453,0.19897012412548065,1.5967729091644287,0.13809126615524292,-0.01578720100224018,120,140,-1,0,2,341,0,0
TT,1,851519,TT:851519:x:group047,1,7,6,1,Normal,0.13062308728694916,1,1,1,0.9800705909729004,0,0,2,-8.3877534866333,2,0.21842515468597412,0.5451751351356506,0.7815747857093811,-0.1533060073852539,0.2977861762046814,0.8405078053474426,0.08003482967615128,0.08331374824047089,0.0,0.0,0.28884565830230713,-0.11049863696098328,0.08988485485315323,0.5735252499580383,0.24344848096370697,1.5533634424209595,0.32184720039367676,1.25883150100708,0.2701967656612396,4.392598628997803,0.4079560339450836,-30.814693450927734,140,160,-1,0,2,341,0,0
TT,1,851519,TT:851519:x:group047,2,9,8,1,Normal,0.13062308728694916,1,1,1,0.9800705909729004,0,0,2,4.621037006378174,0,0.21842515468597412,0.5451751351356506,0.7815747857093811,-0.1533060073852539,0.2977861762046814,0.8405078053474426,0.08003482967615128,0.08331374824047089,0.0,0.0,0.28884565830230713,-0.11049863696098328,0.08988485485315323,0.5735252499580383,0.24344848096370697,1.5533634424209595,0.6112739443778992,12.8839693069458,0.2598862051963806,1.3324246406555176,0.1288398653268814,-0.35328343510627747,180,200,-1,0,2,341,0,0
TT,1,851519,TT:851519:x:group047,3,10,9,1,Normal,0.13062308728694916,1,1,1,0.8571876883506775,4,4,6,1.0098079442977905,0,0.21842515468597412,0.5451751351356506,0.7815747857093811,-0.1533060073852539,0.2977861762046814,0.8405078053474426,0.08003482967615128,0.08331374824047089,0.0,0.0,0.28884565830230713,-0.11049863696098328,0.3161512613296509,1.6676093339920044,0.01718207634985447,0.09063064306974411,0.42743125557899475,1.9822030067443848,0.3219091594219208,2.067695379257202,0.2506595551967621,-1.0204744338989258,200,220,-1,0,2,341,0,0
TT,1,851519,TT:851519:x:group048,0,13,12,1,Normal,0.13062308728694916,1,1,1,0.9800705909729004,0,0,2,1.7857179641723633,0,0.21842515468597412,0.5451751351356506,0.7815747857093811,-0.1533060073852539,0.2977861762046814,0.8405078053474426,0.08003482967615128,0.08331374824047089,0.0,0.0,0.28884565830230713,-0.11049863696098328,0.08988485485315323,0.5735252499580383,0.24344848096370697,1.5533634424209595,0.5511648654937744,3.7896177768707275,0.3143421709537506,1.225663185119629,0.13449294865131378,0.34187281131744385,260,280,-1,0,2,341,0,0
TT,1,851519,TT:851519:x:group048,1,16,15,1,Normal,0.13062308728694916,1,1,1,0.9800705909729004,0,0,2,9.040325164794922,0,0.21842515468597412,0.5451751351356506,0.7815747857093811,-0.1533060073852539,0.2977861762046814,0.8405078053474426,0.08003482967615128,0.08331374824047089,0.0,0.0,0.28884565830230713,-0.11049863696098328,0.08988485485315323,0.5735252499580383,0.24344848096370697,1.5533634424209595,0.46269842982292175,11.123160362243652,0.3951512575149536,15.107956886291504,0.14215026795864105,0.8898578882217407,320,340,-1,0,2,341,0,0
TT,1,851519,TT:851519:x:group048,2,17,16,1,Normal,0.13062308728694916,1,1,1,0.9032502770423889,1,1,3,0.5115291476249695,0,0.21842515468597412,0.5451751351356506,0.7815747857093811,-0.1533060073852539,0.04242677614092827,0.09041734784841537,0.3353942334651947,0.6029434204101562,0.0,0.0,0.28884565830230713,-0.11049863696098328,0.08988485485315323,0.5735252499580383,0.24344848096370697,1.5533634424209595,0.5609556436538696,1.0692098140716553,0.28421369194984436,0.57441246509552,0.15483064949512482,-0.10903453826904297,340,360,-1,0,2,341,0,0
TT,1,851519,TT:851519:x:group048,3,19,18,1,Normal,0.13062308728694916,1,1,1,0.9800705909729004,0,0,2,8.831334114074707,0,0.21842515468597412,0.5451751351356506,0.7815747857093811,-0.1533060073852539,0.2977861762046814,0.8405078053474426,0.08003482967615128,0.08331374824047089,0.0,0.0,0.28884565830230713,-0.11049863696098328,0.08988485485315323,0.5735252499580383,0.24344848096370697,1.5533634424209595,0.5067200660705566,12.26034927368164,0.38148102164268494,13.44617748260498,0.11179894208908081,0.7874759435653687,380,400,-1,0,2,341,0,0
TT,1,851519,TT:851519:x:group049,0,22,21,1,Normal,0.13062308728694916,1,1,1,0.9032502770423889,1,1,3,-3.242262601852417,2,0.21842515468597412,0.5451751351356506,0.7815747857093811,-0.1533060073852539,0.04242677614092827,0.09041734784841537,0.3353942334651947,0.6029434204101562,0.0,0.0,0.28884565830230713,-0.11049863696098328,0.08988485485315323,0.5735252499580383,0.24344848096370697,1.5533634424209595,0.3623603284358978,0.9511969089508057,0.21846628189086914,1.3404954671859741,0.41917338967323303,-12.018478393554688,440,460,-1,0,2,341,0,0
TT,1,851519,TT:851519:x:group049,1,24,23,1,Normal,0.13062308728694916,1,1,1,0.9032502770423889,1,1,3,0.8978893756866455,0,0.21842515468597412,0.5451751351356506,0.7815747857093811,-0.1533060073852539,0.04242677614092827,0.09041734784841537,0.3353942334651947,0.6029434204101562,0.0,0.0,0.28884565830230713,-0.11049863696098328,0.08988485485315323,0.5735252499580383,0.24344848096370697,1.5533634424209595,0.63787841796875,3.392249822616577,0.20302121341228485,0.09517890214920044,0.15910042822360992,-0.7937602400779724,480,500,-1,0,2,341,0,0
TT,1,851519,TT:851519:x:group049,2,28,27,1,Normal,0.13062308728694916,1,1,1,0.780367374420166,1,1,3,2.9419078826904297,0,0.21842515468597412,0.5451751351356506,0.7815747857093811,-0.1533060073852539,0.04242677614092827,0.09041734784841537,0.3353942334651947,0.6029434204101562,0.0,0.0,0.28884565830230713,-0.11049863696098328,0.3161512613296509,1.6676093339920044,0.01718207634985447,0.09063064306974411,0.484911173582077,4.829446792602539,0.3770439326763153,3.737793207168579,0.13804490864276886,0.25848379731178284,560,580,-1,0,2,341,0,1
TT,1,851532,TT:851532:x:group050,0,1,0,1,Normal,0.13062308728694916,1,1,1,0.9800705909729004,0,0,2,0.9414684176445007,0,0.21842515468597412,0.5451751351356506,0.7815747857093811,-0.1533060073852539,0.2977861762046814,0.8405078053474426,0.08003482967615128,0.08331374824047089,0.0,0.0,0.28884565830230713,-0.11049863696098328,0.08988485485315323,0.5735252499580383,0.24344848096370697,1.5533634424209595,0.3672327995300293,2.023313522338867,0.3304664194583893,3.9856252670288086,0.3023008406162262,-3.1845340728759766,20,40,1,0,2,341,0,0
TT,1,851532,TT:851532:x:group050,1,2,1,1,Normal,0.13062308728694916,1,1,1,0.8571876883506775,4,4,6,2.3633882999420166,0,0.21842515468597412,0.5451751351356506,0.7815747857093811,-0.1533060073852539,0.2977861762046814,0.8405078053474426,0.08003482967615128,0.08331374824047089,0.0,0.0,0.28884565830230713,-0.11049863696098328,0.3161512613296509,1.6676093339920044,0.01718207634985447,0.09063064306974411,0.4787125289440155,3.9582676887512207,0.37406718730926514,2.8226003646850586,0.14722029864788055,0.30929693579673767,40,60,1,0,2,341,0,0
TT,1,851532,TT:851532:x:group050,2,3,2,1,Normal,0.13062308728694916,1,1,1,0.8571876883506775,4,4,6,-2.1723756790161133,0,0.21842515468597412,0.5451751351356506,0.7815747857093811,-0.1533060073852539,0.2977861762046814,0.8405078053474426,0.08003482967615128,0.08331374824047089,0.0,0.0,0.28884565830230713,-0.11049863696098328,0.3161512613296509,1.6676093339920044,0.01718207634985447,0.09063064306974411,0.36563539505004883,-0.8411110639572144,0.28737691044807434,0.5810298323631287,0.3469877243041992,-6.257045745849609,60,80,1,0,2,341,0,1
TT,1,851532,TT:851532:x:group050,3,5,4,1,Normal,0.13062308728694916,1,1,1,0.9800705909729004,0,0,2,1.5400829315185547,0,0.21842515468597412,0.5451751351356506,0.7815747857093811,-0.1533060073852539,0.2977861762046814,0.8405078053474426,0.08003482967615128,0.08331374824047089,0.0,0.0,0.28884565830230713,-0.11049863696098328,0.08988485485315323,0.5735252499580383,0.24344848096370697,1.5533634424209595,0.7609078288078308,3.847592353820801,0.15178677439689636,0.9045342206954956,0.08730535954236984,-0.131876602768898,100,120,1,0,2,341,0,0
TT,1,851843,TT:851843:x:group051,0,1,0,1,Normal,0.13062308728694916,1,1,1,0.9032502770423889,1,1,3,-1.141323208808899,0,0.21842515468597412,0.5451751351356506,0.7815747857093811,-0.1533060073852539,0.04242677614092827,0.09041734784841537,0.3353942334651947,0.6029434204101562,0.0,0.0,0.28884565830230713,-0.11049863696098328,0.08988485485315323,0.5735252499580383,0.24344848096370697,1.5533634424209595,0.44949543476104736,-1.5087518692016602,0.28964152932167053,-0.6006640195846558,0.2608630359172821,-1.3145538568496704,20,40,-1,0,2,341,0,0
TT,1,851843,TT:851843:x:group051,1,2,1,1,Normal,0.13062308728694916,1,1,1,0.8571876883506775,4,4,6,5.908681392669678,0,0.21842515468597412,0.5451751351356506,0.7815747857093811,-0.1533060073852539,0.2977861762046814,0.8405078053474426,0.08003482967615128,0.08331374824047089,0.0,0.0,0.28884565830230713,-0.11049863696098328,0.3161512613296509,1.6676093339920044,0.01718207634985447,0.09063064306974411,0.5054393410682678,9.901830673217773,0.3852667808532715,7.92781400680542,0.10929390043020248,-0.10359901189804077,40,60,-1,0,2,341,0,0
TT,1,851843,TT:851843:x:group051,2,4,3,1,Normal,0.13062308728694916,1,1,1,0.9800705909729004,0,0,2,8.323065757751465,0,0.21842515468597412,0.5451751351356506,0.7815747857093811,-0.1533060073852539,0.2977861762046814,0.8405078053474426,0.08003482967615128,0.08331374824047089,0.0,0.0,0.28884565830230713,-0.11049863696098328,0.08988485485315323,0.5735252499580383,0.24344848096370697,1.5533634424209595,0.5721340775489807,16.528467178344727,0.31935930252075195,8.571575164794922,0.10850659757852554,-0.13084547221660614,80,100,-1,0,2,341,0,0
TT,1,851843,TT:851843:x:group051,3,5,4,1,Normal,0.13062308728694916,1,1,1,0.9800705909729004,0,0,2,3.698478937149048,0,0.21842515468597412,0.5451751351356506,0.7815747857093811,-0.1533060073852539,0.2977861762046814,0.8405078053474426,0.08003482967615128,0.08331374824047089,0.0,0.0,0.28884565830230713,-0.11049863696098328,0.08988485485315323,0.5735252499580383,0.24344848096370697,1.5533634424209595,0.44757962226867676,5.318711280822754,0.34515252709388733,6.266258239746094,0.20726783573627472,-0.4895334839820862,100,120,-1,0,2,341,0,0
TT,1,859088,TT:859088:x:group052,0,1,0,1,Normal,0.13062308728694916,1,1,1,0.8571876883506775,4,4,6,3.8568546772003174,0,0.21842515468597412,0.5451751351356506,0.7815747857093811,-0.1533060073852539,0.2977861762046814,0.8405078053474426,0.08003482967615128,0.08331374824047089,0.0,0.0,0.28884565830230713,-0.11049863696098328,0.3161512613296509,1.6676093339920044,0.01718207634985447,0.09063064306974411,0.5344526171684265,8.309460639953613,0.33848002552986145,3.1984176635742188,0.12706740200519562,0.0626855343580246,20,40,1,0,2,341,0,0
TT,1,859088,TT:859088:x:group052,1,8,7,1,Normal,0.13062308728694916,1,1,1,0.9831289649009705,4,4,6,-9.745630264282227,2,0.21842515468597412,0.5451751351356506,0.7815747857093811,-0.1533060073852539,0.2977861762046814,0.8405078053474426,0.08563446998596191,0.08255027234554291,0.0,0.0,0.0,0.0,0.3731308877468109,0.472965270280838,0.24344848096370697,1.5533634424209595,0.4188667833805084,-6.333767890930176,0.15260355174541473,-1.385776400566101,0.42852962017059326,-21.517345428466797,160,180,1,0,2,341,0,0
TT,1,859088,TT:859088:x:group052,2,10,9,1,Normal,0.13062308728694916,1,1,1,0.9032502770423889,1,1,3,2.859238624572754,0,0.21842515468597412,0.5451751351356506,0.7815747857093811,-0.1533060073852539,0.04242677614092827,0.09041734784841537,0.3353942334651947,0.6029434204101562,0.0,0.0,0.28884565830230713,-0.11049863696098328,0.08988485485315323,0.5735252499580383,0.24344848096370697,1.5533634424209595,0.5675321817398071,7.226978302001953,0.2798561155796051,1.5303689241409302,0.15261174738407135,-0.1796310395002365,200,220,1,0,2,341,0,0
TT,1,859088,TT:859088:x:group052,3,12,11,1,Normal,0.13062308728694916,1,1,1,0.9800705909729004,0,0,2,8.342395782470703,0,0.21842515468597412,0.5451751351356506,0.7815747857093811,-0.1533060073852539,0.2977861762046814,0.8405078053474426,0.08003482967615128,0.08331374824047089,0.0,0.0,0.28884565830230713,-0.11049863696098328,0.08988485485315323,0.5735252499580383,0.24344848096370697,1.5533634424209595,0.5855435132980347,16.914627075195312,0.3167724609375,8.440898895263672,0.09768402576446533,-0.32833635807037354,240,260,1,0,2,341,0,0
TT,1,859913,TT:859913:x:group053,0,1,0,1,Normal,0.13062308728694916,1,1,1,0.8571876883506775,4,4,6,6.275531768798828,0,0.21842515468597412,0.5451751351356506,0.7815747857093811,-0.1533060073852539,0.2977861762046814,0.8405078053474426,0.08003482967615128,0.08331374824047089,0.0,0.0,0.28884565830230713,-0.11049863696098328,0.3161512613296509,1.6676093339920044,0.01718207634985447,0.09063064306974411,0.566210925579071,13.105701446533203,0.3330307900905609,5.993450164794922,0.10075829178094864,-0.2725563943386078,20,40,-1,0,2,341,0,0
TT,1,859913,TT:859913:x:group053,1,2,1,1,Normal,0.13062308728694916,1,1,1,0.8571876883506775,4,4,6,3.0412204265594482,0,0.21842515468597412,0.5451751351356506,0.7815747857093811,-0.1533060073852539,0.2977861762046814,0.8405078053474426,0.08003482967615128,0.08331374824047089,0.0,0.0,0.28884565830230713,-0.11049863696098328,0.3161512613296509,1.6676093339920044,0.01718207634985447,0.09063064306974411,0.46662387251853943,4.258308410644531,0.37867429852485657,4.826784133911133,0.1547018438577652,0.03856690227985382,40,60,-1,0,2,341,0,0
TT,1,859913,TT:859913:x:group053,2,4,3,1,Normal,0.13062308728694916,1,1,1,0.8571876883506775,4,4,6,5.355655670166016,0,0.21842515468597412,0.5451751351356506,0.7815747857093811,-0.1533060073852539,0.2977861762046814,0.8405078053474426,0.08003482967615128,0.08331374824047089,0.0,0.0,0.28884565830230713,-0.11049863696098328,0.3161512613296509,1.6676093339920044,0.01718207634985447,0.09063064306974411,0.5583594441413879,11.719717979431152,0.3328503370285034,4.496639728546143,0.10879024118185043,-0.14939218759536743,80,100,-1,0,2,341,0,0
TT,1,859913,TT:859913:x:group053,3,5,4,1,Normal,0.13062308728694916,1,1,1,0.9800705909729004,0,0,2,-2.126368761062622,0,0.21842515468597412,0.5451751351356506,0.7815747857093811,-0.1533060073852539,0.2977861762046814,0.8405078053474426,0.08003482967615128,0.08331374824047089,0.0,0.0,0.28884565830230713,-0.11049863696098328,0.08988485485315323,0.5735252499580383,0.24344848096370697,1.5533634424209595,0.3728592097759247,3.9686570167541504,0.26564154028892517,6.393367767333984,0.36149922013282776,-16.741130828857422,100,120,-1,0,2,341,0,0
TT,1,859913,TT:859913:x:group054,0,6,5,1,Normal,0.13062308728694916,1,1,1,0.8571876883506775,4,4,6,-0.6126455664634705,0,0.21842515468597412,0.5451751351356506,0.7815747857093811,-0.1533060073852539,0.2977861762046814,0.8405078053474426,0.08003482967615128,0.08331374824047089,0.0,0.0,0.28884565830230713,-0.11049863696098328,0.3161512613296509,1.6676093339920044,0.01718207634985447,0.09063064306974411,0.5582755208015442,-0.936469554901123,0.255495548248291,-0.497549831867218,0.1862288862466812,-0.4039170742034912,120,140,-1,0,2,341,0,0
TT,1,859913,TT:859913:x:group054,1,7,6,1,Normal,0.13062308728694916,1,1,1,0.9800705909729004,0,0,2,4.69640588760376,0,0.21842515468597412,0.5451751351356506,0.7815747857093811,-0.1533060073852539,0.2977861762046814,0.8405078053474426,0.08003482967615128,0.08331374824047089,0.0,0.0,0.28884565830230713,-0.11049863696098328,0.08988485485315323,0.5735252499580383,0.24344848096370697,1.5533634424209595,0.6148896813392639,9.384783744812012,0.29117313027381897,5.032460689544678,0.09393710643053055,-0.32802703976631165,140,160,-1,0,2,341,0,0
TT,1,860387,TT:860387:x:group055,0,1,0,1,Normal,0.13062308728694916,1,1,1,0.8571876883506775,4,4,6,4.722836971282959,0,0.21842515468597412,0.5451751351356506,0.7815747857093811,-0.1533060073852539,0.2977861762046814,0.8405078053474426,0.08003482967615128,0.08331374824047089,0.0,0.0,0.28884565830230713,-0.11049863696098328,0.3161512613296509,1.6676093339920044,0.01718207634985447,0.09063064306974411,0.48392531275749207,7.273975372314453,0.34595373272895813,7.078421115875244,0.17012090981006622,-0.1838860660791397,20,40,-1,0,2,341,0,0
TT,1,860387,TT:860387:x:group055,1,2,1,1,Normal,0.13062308728694916,1,1,1,0.8571876883506775,4,4,6,3.173858404159546,0,0.21842515468597412,0.5451751351356506,0.7815747857093811,-0.1533060073852539,0.2977861762046814,0.8405078053474426,0.08003482967615128,0.08331374824047089,0.0,0.0,0.28884565830230713,-0.11049863696098328,0.3161512613296509,1.6676093339920044,0.01718207634985447,0.09063064306974411,0.4827939569950104,5.066664695739746,0.37899431586265564,4.234134197235107,0.1382117122411728,0.2207755148410797,40,60,-1,0,2,341,0,1
TT,1,860387,TT:860387:x:group055,2,3,2,1,Normal,0.13062308728694916,1,1,1,0.8571876883506775,4,4,6,1.4614022970199585,0,0.21842515468597412,0.5451751351356506,0.7815747857093811,-0.1533060073852539,0.2977861762046814,0.8405078053474426,0.08003482967615128,0.08331374824047089,0.0,0.0,0.28884565830230713,-0.11049863696098328,0.3161512613296509,1.6676093339920044,0.01718207634985447,0.09063064306974411,0.513254702091217,2.981029510498047,0.33394739031791687,1.2309014797210693,0.1527978926897049,0.17227567732334137,60,80,-1,0,2,341,0,0
TT,1,860387,TT:860387:x:group055,3,6,5,1,Normal,0.13062308728694916,1,1,1,0.780367374420166,1,1,3,3.8750393390655518,0,0.21842515468597412,0.5451751351356506,0.7815747857093811,-0.1533060073852539,0.04242677614092827,0.09041734784841537,0.3353942334651947,0.6029434204101562,0.0,0.0,0.28884565830230713,-0.11049863696098328,0.3161512613296509,1.6676093339920044,0.01718207634985447,0.09063064306974411,0.5392134785652161,7.743563652038574,0.34635528922080994,3.926971435546875,0.11443120986223221,-0.04541795700788498,120,140,-1,0,2,341,0,0
TT,1,860387,TT:860387:x:group056,0,12,11,1,Normal,0.13062308728694916,1,1,1,0.780367374420166,1,1,3,5.667941570281982,0,0.21842515468597412,0.5451751351356506,0.7815747857093811,-0.1533060073852539,0.04242677614092827,0.09041734784841537,0.3353942334651947,0.6029434204101562,0.0,0.0,0.28884565830230713,-0.11049863696098328,0.3161512613296509,1.6676093339920044,0.01718207634985447,0.09063064306974411,0.5339415669441223,10.442028045654297,0.3566555976867676,6.675460338592529,0.10940278321504593,-0.11366476118564606,240,260,-1,0,2,341,0,0
TT,1,860387,TT:860387:x:group056,1,15,14,1,Normal,0.13062308728694916,1,1,1,0.9800705909729004,0,0,2,7.442324161529541,0,0.21842515468597412,0.5451751351356506,0.7815747857093811,-0.1533060073852539,0.2977861762046814,0.8405078053474426,0.08003482967615128,0.08331374824047089,0.0,0.0,0.28884565830230713,-0.11049863696098328,0.08988485485315323,0.5735252499580383,0.24344848096370697,1.5533634424209595,0.5912843346595764,15.190443992614746,0.30889272689819336,7.408170223236084,0.0998229905962944,-0.271639883518219,300,320,-1,0,2,341,0,0
TT,1,860387,TT:860387:x:group056,2,17,16,1,Normal,0.13062308728694916,1,1,1,0.9800705909729004,0,0,2,1.711669921875,0,0.21842515468597412,0.5451751351356506,0.7815747857093811,-0.1533060073852539,0.2977861762046814,0.8405078053474426,0.08003482967615128,0.08331374824047089,0.0,0.0,0.28884565830230713,-0.11049863696098328,0.08988485485315323,0.5735252499580383,0.24344848096370697,1.5533634424209595,0.3643152415752411,2.846792459487915,0.324739933013916,5.764938831329346,0.3109448254108429,-3.4767212867736816,340,360,-1,0,2,341,0,1
TT,1,860662,TT:860662:x:group057,0,1,0,1,Normal,0.13062308728694916,1,1,1,0.780367374420166,1,1,3,3.8571834564208984,0,0.21842515468597412,0.5451751351356506,0.7815747857093811,-0.1533060073852539,0.04242677614092827,0.09041734784841537,0.3353942334651947,0.6029434204101562,0.0,0.0,0.28884565830230713,-0.11049863696098328,0.3161512613296509,1.6676093339920044,0.01718207634985447,0.09063064306974411,0.5107104182243347,7.300579071044922,0.3707820475101471,4.224470615386963,0.11850747466087341,0.04649987816810608,20,40,-1,0,2,341,0,0
TT,1,860662,TT:860662:x:group057,1,2,1,1,Normal,0.13062308728694916,1,1,1,0.8571876883506775,4,4,6,-3.374495267868042,0,0.21842515468597412,0.5451751351356506,0.7815747857093811,-0.1533060073852539,0.2977861762046814,0.8405078053474426,0.08003482967615128,0.08331374824047089,0.0,0.0,0.28884565830230713,-0.11049863696098328,0.3161512613296509,1.6676093339920044,0.01718207634985447,0.09063064306974411,0.34780463576316833,-1.8081640005111694,0.306500107049942,0.975170373916626,0.34569528698921204,-9.29049301147461,40,60,-1,0,2,341,0,0
TT,1,860662,TT:860662:x:group057,2,3,2,1,Normal,0.13062308728694916,1,1,1,0.9800705909729004,0,0,2,7.636255741119385,0,0.21842515468597412,0.5451751351356506,0.7815747857093811,-0.1533060073852539,0.2977861762046814,0.8405078053474426,0.08003482967615128,0.08331374824047089,0.0,0.0,0.28884565830230713,-0.11049863696098328,0.08988485485315323,0.5735252499580383,0.24344848096370697,1.5533634424209595,0.6092873215675354,22.31065559387207,0.23559628427028656,0.8010534644126892,0.15511639416217804,-0.20294378697872162,60,80,-1,0,2,341,0,1
TT,1,860662,TT:860662:x:group057,3,5,4,1,Normal,0.13062308728694916,1,1,1,0.780367374420166,1,1,3,0.7483763694763184,0,0.21842515468597412,0.5451751351356506,0.7815747857093811,-0.1533060073852539,0.04242677614092827,0.09041734784841537,0.3353942334651947,0.6029434204101562,0.0,0.0,0.28884565830230713,-0.11049863696098328,0.3161512613296509,1.6676093339920044,0.01718207634985447,0.09063064306974411,0.49868908524513245,1.5503724813461304,0.2946265637874603,0.5310412645339966,0.206684410572052,0.16371551156044006,100,120,-1,0,2,341,0,0
TT,1,861404,TT:861404:x:group058,0,1,0,1,Normal,0.13062308728694916,1,1,1,0.8571876883506775,4,4,6,4.145915985107422,0,0.21842515468597412,0.5451751351356506,0.7815747857093811,-0.1533060073852539,0.2977861762046814,0.8405078053474426,0.08003482967615128,0.08331374824047089,0.0,0.0,0.28884565830230713,-0.11049863696098328,0.3161512613296509,1.6676093339920044,0.01718207634985447,0.09063064306974411,0.551155149936676,6.809763431549072,0.35331809520721436,5.931446552276611,0.09552673250436783,-0.30346208810806274,20,40,-1,0,2,341,0,0
TT,1,861404,TT:861404:x:group058,1,3,2,1,Normal,0.13062308728694916,1,1,1,0.9800705909729004,0,0,2,-8.695191383361816,2,0.21842515468597412,0.5451751351356506,0.7815747857093811,-0.1533060073852539,0.2977861762046814,0.8405078053474426,0.08003482967615128,0.08331374824047089,0.0,0.0,0.28884565830230713,-0.11049863696098328,0.08988485485315323,0.5735252499580383,0.24344848096370697,1.5533634424209595,0.3010003864765167,0.060883522033691406,0.27695250511169434,2.443084478378296,0.42204704880714417,-28.589542388916016,60,80,-1,0,2,341,0,1
TT,1,861404,TT:861404:x:group058,2,4,3,1,Normal,0.13062308728694916,1,1,1,0.9800705909729004,0,0,2,7.289209842681885,0,0.21842515468597412,0.5451751351356506,0.7815747857093811,-0.1533060073852539,0.2977861762046814,0.8405078053474426,0.08003482967615128,0.08331374824047089,0.0,0.0,0.28884565830230713,-0.11049863696098328,0.08988485485315323,0.5735252499580383,0.24344848096370697,1.5533634424209595,0.5941534638404846,15.408491134643555,0.3026551306247711,5.819531440734863,0.1031913161277771,0.6396065354347229,80,100,-1,0,2,341,0,0
TT,1,861404,TT:861404:x:group058,3,5,4,1,Normal,0.13062308728694916,1,1,1,0.8571876883506775,4,4,6,4.4588942527771,0,0.21842515468597412,0.5451751351356506,0.7815747857093811,-0.1533060073852539,0.2977861762046814,0.8405078053474426,0.08003482967615128,0.08331374824047089,0.0,0.0,0.28884565830230713,-0.11049863696098328,0.3161512613296509,1.6676093339920044,0.01718207634985447,0.09063064306974411,0.5318077206611633,9.429914474487305,0.3491886556148529,3.8831052780151367,0.11900357156991959,0.06366294622421265,100,120,-1,0,2,341,0,0
TT,1,861404,TT:861404:x:group059,0,6,5,1,Normal,0.13062308728694916,1,1,1,0.9032502770423889,1,1,3,3.056981325149536,0,0.21842515468597412,0.5451751351356506,0.7815747857093811,-0.1533060073852539,0.04242677614092827,0.09041734784841537,0.3353942334651947,0.6029434204101562,0.0,0.0,0.28884565830230713,-0.11049863696098328,0.08988485485315323,0.5735252499580383,0.24344848096370697,1.5533634424209595,0.49647220969200134,5.24697208404541,0.3784138858318329,3.819700002670288,0.12511400878429413,0.1042727530002594,120,140,-1,0,2,341,0,0
TT,1,861404,TT:861404:x:group059,1,7,6,1,Normal,0.13062308728694916,1,1,1,0.9032502770423889,1,1,3,-6.36683988571167,2,0.21842515468597412,0.5451751351356506,0.7815747857093811,-0.1533060073852539,0.04242677614092827,0.09041734784841537,0.3353942334651947,0.6029434204101562,0.0,0.0,0.28884565830230713,-0.11049863696098328,0.08988485485315323,0.5735252499580383,0.24344848096370697,1.5533634424209595,0.3132830560207367,-1.8222577571868896,0.23234103620052338,0.5981034636497498,0.45437589287757874,-17.876365661621094,140,160,-1,0,2,341,0,0
TT,1,861404,TT:861404:x:group059,2,8,7,1,Normal,0.13062308728694916,1,1,1,0.9800705909729004,0,0,2,9.588446617126465,0,0.21842515468597412,0.5451751351356506,0.7815747857093811,-0.1533060073852539,0.2977861762046814,0.8405078053474426,0.08003482967615128,0.08331374824047089,0.0,0.0,0.28884565830230713,-0.11049863696098328,0.08988485485315323,0.5735252499580383,0.24344848096370697,1.5533634424209595,0.6406998634338379,21.621498107910156,0.26694637537002563,7.537884712219238,0.09235373139381409,-0.39404481649398804,160,180,-1,0,2,341,0,0
TT,1,861636,TT:861636:x:group060,0,1,0,0,Left,0.13062308728694916,1,1,1,0.8571876883506775,4,4,6,0.4048403203487396,0,0.21842515468597412,0.5451751351356506,0.7815747857093811,-0.1533060073852539,0.2977861762046814,0.8405078053474426,0.08003482967615128,0.08331374824047089,0.0,0.0,0.28884565830230713,-0.11049863696098328,0.3161512613296509,1.6676093339920044,0.01718207634985447,0.09063064306974411,0.6415937542915344,0.8891987800598145,0.21916024386882782,0.7037988305091858,0.13924597203731537,-0.37847664952278137,20,40,0,1,1,341,0,0
TT,1,861636,TT:861636:x:group060,1,2,1,0,Left,0.13062308728694916,1,1,1,0.8571876883506775,4,4,6,4.403713703155518,0,0.21842515468597412,0.5451751351356506,0.7815747857093811,-0.1533060073852539,0.2977861762046814,0.8405078053474426,0.08003482967615128,0.08331374824047089,0.0,0.0,0.28884565830230713,-0.11049863696098328,0.3161512613296509,1.6676093339920044,0.01718207634985447,0.09063064306974411,0.5492693781852722,8.231529235839844,0.3460371494293213,5.183419227600098,0.1046934425830841,-0.20380720496177673,40,60,0,1,1,341,0,0
TT,1,861636,TT:861636:x:group060,2,5,4,0,Left,0.13062308728694916,1,1,1,0.8571876883506775,4,4,6,7.217848300933838,0,0.21842515468597412,0.5451751351356506,0.7815747857093811,-0.1533060073852539,0.2977861762046814,0.8405078053474426,0.08003482967615128,0.08331374824047089,0.0,0.0,0.28884565830230713,-0.11049863696098328,0.3161512613296509,1.6676093339920044,0.01718207634985447,0.09063064306974411,0.535459578037262,14.536782264709473,0.35382938385009766,7.057241916656494,0.11071107536554337,0.059523940086364746,100,120,0,1,1,341,0,0
TT,1,861649,TT:861649:x:group061,0,1,0,1,Normal,0.13062308728694916,1,1,1,0.8571876883506775,4,4,6,4.06743049621582,0,0.21842515468597412,0.5451751351356506,0.7815747857093811,-0.1533060073852539,0.2977861762046814,0.8405078053474426,0.08003482967615128,0.08331374824047089,0.0,0.0,0.28884565830230713,-0.11049863696098328,0.3161512613296509,1.6676093339920044,0.01718207634985447,0.09063064306974411,0.5311474204063416,7.426037311553955,0.3560112416744232,4.836243152618408,0.11284133791923523,-0.05998963117599487,20,40,-1,0,2,341,0,0
TT,1,861649,TT:861649:x:group061,1,2,1,1,Normal,0.13062308728694916,1,1,1,0.9800705909729004,0,0,2,8.849165916442871,0,0.21842515468597412,0.5451751351356506,0.7815747857093811,-0.1533060073852539,0.2977861762046814,0.8405078053474426,0.08003482967615128,0.08331374824047089,0.0,0.0,0.28884565830230713,-0.11049863696098328,0.08988485485315323,0.5735252499580383,0.24344848096370697,1.5533634424209595,0.579401969909668,16.66998291015625,0.32743167877197266,10.257689476013184,0.09316637367010117,-0.3801758885383606,40,60,-1,0,2,341,0,0
TT,1,861649,TT:861649:x:group061,2,4,3,1,Normal,0.13062308728694916,1,1,1,0.9800705909729004,0,0,2,3.0564441680908203,0,0.21842515468597412,0.5451751351356506,0.7815747857093811,-0.1533060073852539,0.2977861762046814,0.8405078053474426,0.08003482967615128,0.08331374824047089,0.0,0.0,0.28884565830230713,-0.11049863696098328,0.08988485485315323,0.5735252499580383,0.24344848096370697,1.5533634424209595,0.5453329086303711,6.2585625648498535,0.3465059995651245,3.108231544494629,0.10816109925508499,-0.19746065139770508,80,100,-1,0,2,341,0,0
TT,1,861649,TT:861649:x:group061,3,9,8,1,Normal,0.13062308728694916,1,1,1,0.9800705909729004,0,0,2,9.72559642791748,0,0.21842515468597412,0.5451751351356506,0.7815747857093811,-0.1533060073852539,0.2977861762046814,0.8405078053474426,0.08003482967615128,0.08331374824047089,0.0,0.0,0.28884565830230713,-0.11049863696098328,0.08988485485315323,0.5735252499580383,0.24344848096370697,1.5533634424209595,0.5614206194877625,17.78131103515625,0.33569368720054626,10.705060005187988,0.10288563370704651,0.6904144287109375,180,200,-1,0,2,341,0,0
TT,1,861649,TT:861649:x:group062,0,11,10,1,Normal,0.13062308728694916,1,1,1,0.9800705909729004,0,0,2,-1.42025887966156,0,0.21842515468597412,0.5451751351356506,0.7815747857093811,-0.1533060073852539,0.2977861762046814,0.8405078053474426,0.08003482967615128,0.08331374824047089,0.0,0.0,0.28884565830230713,-0.11049863696098328,0.08988485485315323,0.5735252499580383,0.24344848096370697,1.5533634424209595,0.7891716957092285,-6.429949760437012,0.1663924604654312,1.9916430711746216,0.04443581402301788,0.17752984166145325,220,240,-1,0,2,341,0,0
TT,1,861649,TT:861649:x:group062,1,13,12,1,Normal,0.13062308728694916,1,1,1,0.9800705909729004,0,0,2,-4.787170886993408,2,0.21842515468597412,0.5451751351356506,0.7815747857093811,-0.1533060073852539,0.2977861762046814,0.8405078053474426,0.08003482967615128,0.08331374824047089,0.0,0.0,0.28884565830230713,-0.11049863696098328,0.08988485485315323,0.5735252499580383,0.24344848096370697,1.5533634424209595,0.3274773061275482,-1.5783820152282715,0.26018279790878296,0.2776724100112915,0.41233983635902405,-13.060802459716797,260,280,-1,0,2,341,0,0
TT,1,861670,TT:861670:x:group063,0,1,0,1,Normal,0.13062308728694916,1,1,1,0.8571876883506775,4,4,6,3.8191769123077393,0,0.21842515468597412,0.5451751351356506,0.7815747857093811,-0.1533060073852539,0.2977861762046814,0.8405078053474426,0.08003482967615128,0.08331374824047089,0.0,0.0,0.28884565830230713,-0.11049863696098328,0.3161512613296509,1.6676093339920044,0.01718207634985447,0.09063064306974411,0.49344930052757263,6.392194747924805,0.3848693370819092,4.976477146148682,0.1216813325881958,0.0888584554195404,20,40,-1,0,2,341,0,0
TT,1,861670,TT:861670:x:group063,1,2,1,1,Normal,0.13062308728694916,1,1,1,0.8571876883506775,4,4,6,3.388744354248047,0,0.21842515468597412,0.5451751351356506,0.7815747857093811,-0.1533060073852539,0.2977861762046814,0.8405078053474426,0.08003482967615128,0.08331374824047089,0.0,0.0,0.28884565830230713,-0.11049863696098328,0.3161512613296509,1.6676093339920044,0.01718207634985447,0.09063064306974411,0.49549493193626404,5.944122314453125,0.38097715377807617,4.078458786010742,0.12352795153856277,0.14365115761756897,40,60,-1,0,2,341,0,0
TT,1,861670,TT:861670:x:group063,2,8,7,1,Normal,0.13062308728694916,1,1,1,0.9800705909729004,0,0,2,6.4615607261657715,0,0.21842515468597412,0.5451751351356506,0.7815747857093811,-0.1533060073852539,0.2977861762046814,0.8405078053474426,0.08003482967615128,0.08331374824047089,0.0,0.0,0.28884565830230713,-0.11049863696098328,0.08988485485315323,0.5735252499580383,0.24344848096370697,1.5533634424209595,0.44935330748558044,8.166388511657715,0.37078773975372314,11.186171531677246,0.1798589676618576,0.03212163224816322,160,180,-1,0,2,341,0,0
TT,1,861844,TT:861844:x:group064,0,1,0,1,Normal,0.13062308728694916,1,1,1,0.8571876883506775,4,4,6,1.056435465812683,0,0.21842515468597412,0.5451751351356506,0.7815747857093811,-0.1533060073852539,0.2977861762046814,0.8405078053474426,0.08003482967615128,0.08331374824047089,0.0,0.0,0.28884565830230713,-0.11049863696098328,0.3161512613296509,1.6676093339920044,0.01718207634985447,0.09063064306974411,0.4725334942340851,1.7727935314178467,0.3564208447933197,1.1904582977294922,0.17104566097259521,0.20605456829071045,20,40,-1,0,2,341,0,0
TT,1,861844,TT:861844:x:group064,1,2,1,1,Normal,0.13062308728694916,1,1,1,0.8571876883506775,4,4,6,3.093012809753418,0,0.21842515468597412,0.5451751351356506,0.7815747857093811,-0.1533060073852539,0.2977861762046814,0.8405078053474426,0.08003482967615128,0.08331374824047089,0.0,0.0,0.28884565830230713,-0.11049863696098328,0.3161512613296509,1.6676093339920044,0.01718207634985447,0.09063064306974411,0.4438186585903168,4.134822845458984,0.3995944559574127,4.8707075119018555,0.15658681094646454,0.2735077738761902,40,60,-1,0,2,341,0,0
TT,1,861844,TT:861844:x:group064,2,6,5,1,Normal,0.13062308728694916,1,1,1,0.9800705909729004,0,0,2,7.34814453125,0,0.21842515468597412,0.5451751351356506,0.7815747857093811,-0.1533060073852539,0.2977861762046814,0.8405078053474426,0.08003482967615128,0.08331374824047089,0.0,0.0,0.28884565830230713,-0.11049863696098328,0.08988485485315323,0.5735252499580383,0.24344848096370697,1.5533634424209595,0.6143062114715576,17.07982635498047,0.2835058569908142,5.2170491218566895,0.10218790173530579,-0.25244104862213135,120,140,-1,0,2,341,0,0
