i,j,point_id_i,point_id_j,value
0,1,164,167,-0.00020214042160660028
0,2,164,165,-0.000175696040969342
0,3,164,92,-0.0001878970506368205
0,4,164,186,-0.0003420299617573619
0,5,164,57,0.0001245185558218509
0,6,164,43,-8.242619514930993e-06
0,7,164,106,-0.00014021659444551915
0,8,164,182,-4.928412090521306e-05
0,9,164,83,8.657282160129398e-05
0,10,164,18,-2.6657089620130137e-05
0,11,164,200,1.4179677236825228e-05
0,12,164,201,-3.9919719711178914e-05
0,13,164,194,-0.0005213305703364313
0,14,164,204,-0.000243334608967416
0,15,164,202,1.524123490526108e-05
0,16,164,212,-0.00029891650774516165
0,17,164,216,-0.0004863112117163837
0,18,164,206,-4.491393337957561e-05
0,19,164,203,-0.00025198503863066435
0,20,164,207,0.00013359916920308024
0,21,164,205,-0.0006083116750232875
0,22,164,98,-0.00012955466809216887
0,23,164,97,-3.89091728720814e-05
0,24,164,393,-0.0002565941831562668
0,25,164,391,8.46142847876763e-06
0,26,164,322,-6.726968422299251e-05
0,27,164,410,-2.238146225863602e-05
0,28,164,287,-4.664491643779911e-05
0,29,164,273,-0.01360652968287468
0,30,164,335,-0.0005511941853910685
0,31,164,406,-0.0003063974727410823
0,32,164,313,-0.0007974353502504528
0,33,164,421,-1.80363222170854e-05
0,34,164,418,-0.0002554799139034003
0,35,164,424,-0.0008903593989089131
0,36,164,422,-0.08491282910108566
0,37,164,432,-7.804497727192938e-05
0,38,164,436,0.0002611417439766228
0,39,164,426,0.00016880672774277627
0,40,164,423,0.0003377748071216047
0,41,164,427,0.00020027162099722773
0,42,164,425,-0.00026902518584392965
0,43,164,327,0.00019348478235770017
0,44,164,326,-1.4474651834461838e-05
0,45,164,0,-0.00021286949049681425
0,46,164,37,0.0001062298979377374
0,47,164,39,0.00013665619189850986
0,48,164,40,-0.0002490595215931535
0,49,164,185,-6.113311246735975e-05
0,50,164,61,-8.146194159053266e-05
0,51,164,146,-4.687756154453382e-05
0,52,164,91,0.000130721993627958
0,53,164,181,0.00012551645340863615
0,54,164,84,0.0002332541043870151
0,55,164,17,0.00014218947035260499
0,56,164,11,7.89076802902855e-05
0,57,164,72,6.286687494139187e-06
0,58,164,73,0.0001150572788901627
0,59,164,74,-1.501907900092192e-05
0,60,164,184,1.0582983122731093e-05
0,61,164,77,-0.00013822004257235676
0,62,164,90,4.316270133131184e-05
0,63,164,180,-0.00025376828853040934
0,64,164,85,0.00017839643987827003
0,65,164,16,-6.636269972659647e-05
0,66,164,12,0.00019502599025145173
0,67,164,38,1.8611406630952843e-05
0,68,164,41,-0.00027030782075598836
0,69,164,42,-0.00013642288104165345
0,70,164,96,-3.776872108574025e-05
0,71,164,89,-0.00036914501106366515
0,72,164,179,0.000209774385439232
0,73,164,86,0.00015417100803460926
0,74,164,15,0.000279505125945434
0,75,164,13,0.00011307458771625534
0,76,164,82,-1.9130549844703637e-05
0,77,164,81,-1.2726021850539837e-05
0,78,164,80,0.00010482656944077462
0,79,164,191,3.26265835610684e-05
0,80,164,78,5.452215191326104e-05
0,81,164,95,0.010540246032178402
0,82,164,88,-0.00012342954869382083
0,83,164,178,-4.095729309483431e-05
0,84,164,87,-2.506024065951351e-05
0,85,164,14,7.154890045057982e-05
0,86,164,267,8.382239116144774e-07
0,87,164,269,-8.04941009846516e-05
0,88,164,270,9.2999980552122e-05
0,89,164,409,-0.00015102412726264447
0,90,164,291,8.414679177803919e-05
0,91,164,375,6.118143210187554e-05
0,92,164,321,-0.01995677500963211
0,93,164,405,-0.048041440546512604
0,94,164,314,-0.0010134929325431585
0,95,164,302,-0.0003247783752158284
0,96,164,303,-0.0001198526588268578
0,97,164,304,-1.5251851436914876e-05
0,98,164,408,-0.00015077671559993178
0,99,164,307,-0.00012176334712421522
0,100,164,320,-2.2824002371635288e-05
0,101,164,404,-0.0016128727002069354
0,102,164,315,-0.0014088551979511976
0,103,164,268,-0.0005382222007028759
0,104,164,271,9.419360139872879e-05
0,105,164,272,-0.0002635236014612019
0,106,164,325,3.802735955105163e-05
0,107,164,319,-0.00017645064508542418
0,108,164,403,-7.408011151710525e-05
0,109,164,316,-0.0003233951865695417
0,110,164,312,-0.00011138900299556553
0,111,164,311,-8.012071339180693e-05
0,112,164,310,-6.16137549513951e-05
0,113,164,415,6.63050523144193e-05
0,114,164,308,4.615632497007027e-05
0,115,164,324,5.5472093663411215e-05
0,116,164,318,-0.0002924658765550703
0,117,164,402,-0.0006351933116093278
0,118,164,317,-0.0016674455255270004
1,2,167,165,-0.0004676635726355016
1,3,167,92,-9.10020899027586e-05
1,4,167,186,-0.00020439413492567837
1,5,167,57,-0.00036139419535174966
1,6,167,43,-0.000271525583229959
1,7,167,106,-3.432744779274799e-05
1,8,167,182,-0.00025961126084439456
1,9,167,83,-1.3475171726895496e-05
1,10,167,18,-0.00042823937837965786
1,11,167,200,-0.04550595581531525
1,12,167,201,-0.00012715523189399391
1,13,167,194,-0.0001732587261358276
1,14,167,204,-0.00018847815226763487
1,15,167,202,-0.0003962873888667673
1,16,167,212,-7.018275482550962e-06
1,17,167,216,-0.00028819439467042685
1,18,167,206,-4.3202519009355456e-05
1,19,167,203,-0.00012539650197140872
1,20,167,207,1.385204723192146e-05
1,21,167,205,-1.8098166037816554e-05
1,22,167,98,-6.553529237862676e-05
1,23,167,97,0.0001633690990274772
1,24,167,393,-0.0003008841595146805
1,25,167,391,-0.00021871415083296597
1,26,167,322,-5.3896372264716774e-05
1,27,167,410,0.0003066190402023494
1,28,167,287,-0.00016421581676695496
1,29,167,273,-3.0615813102485845e-06
1,30,167,335,-6.822482828283682e-05
1,31,167,406,-0.00017683084297459573
1,32,167,313,-0.0004278061678633094
1,33,167,421,-0.00011803619418060407
1,34,167,418,-2.1065205146442167e-05
1,35,167,424,-0.0002074117655865848
1,36,167,422,0.00022515851014759392
1,37,167,432,-3.5468576243147254e-05
1,38,167,436,-0.00011726937373168766
1,39,167,426,-0.0001666253519942984
1,40,167,423,-0.0004406208172440529
1,41,167,427,-7.600532990181819e-05
1,42,167,425,1.0031053534476086e-05
1,43,167,327,-0.0002448035520501435
1,44,167,326,-0.0002529509656596929
1,45,167,0,-0.00013168438454158604
1,46,167,37,8.002675167517737e-05
1,47,167,39,5.458421219373122e-05
1,48,167,40,-0.0002395006304141134
1,49,167,185,-0.0001255113020306453
1,50,167,61,-4.5109707571100444e-05
1,51,167,146,-0.0003134047146886587
1,52,167,91,0.00014543220459017903
1,53,167,181,2.1777274014311843e-05
1,54,167,84,-0.00013987169950269163
1,55,167,17,-0.001041669282130897
1,56,167,11,-0.0004626464797183871
1,57,167,72,-0.0003084269992541522
1,58,167,73,-8.10327910585329e-05
1,59,167,74,-3.973865386797115e-05
1,60,167,184,-0.0001557577052153647
1,61,167,77,-0.00019322949810884893
1,62,167,90,7.583078695461154e-05
1,63,167,180,5.2101804612902924e-06
1,64,167,85,3.1725662097414897e-07
1,65,167,16,-0.0004801591276191175
1,66,167,12,-9.706253331387416e-05
1,67,167,38,-7.306030602194369e-05
1,68,167,41,-1.2604297808138654e-05
1,69,167,42,-0.00015297257050406188
1,70,167,96,0.0001889602281153202
1,71,167,89,1.546890416648239e-05
1,72,167,179,0.00019379585864953697
1,73,167,86,9.085048804990947e-05
1,74,167,15,-0.002394247567281127
1,75,167,13,-0.0003969738900195807
1,76,167,82,-1.824812170525547e-05
1,77,167,81,-0.0002738473122008145
1,78,167,80,4.224353233439615e-06
1,79,167,191,0.0002514929510653019
1,80,167,78,4.167163206147961e-05
1,81,167,95,-0.00010913358710240573
1,82,167,88,2.0441382730496116e-05
1,83,167,178,0.00018152552365791053
1,84,167,87,-0.00036346210981719196
1,85,167,14,-0.003139649983495474
1,86,167,267,-0.000283701199805364
1,87,167,269,-0.0001300794683629647
1,88,167,270,1.2344105925876647e-05
1,89,167,409,0.00010096874757437035
1,90,167,291,-4.4531265302794054e-05
1,91,167,375,3.916154309990816e-05
1,92,167,321,-2.2452173652709462e-05
1,93,167,405,5.158735439181328e-05
1,94,167,314,-0.00045216665603220463
1,95,167,302,0.0003443051245994866
1,96,167,303,-0.00017486073193140328
1,97,167,304,-5.897604933124967e-05
1,98,167,408,-0.00031249807216227055
1,99,167,307,-3.194214150425978e-05
1,100,167,320,5.470365795190446e-05
1,101,167,404,-0.00033800708479247987
1,102,167,315,-6.060632586013526e-05
1,103,167,268,-9.492707249592058e-06
1,104,167,271,-0.00014694016135763377
1,105,167,272,-0.0001594357454450801
1,106,167,325,-0.00019425182836130261
1,107,167,319,-3.077306246268563e-05
1,108,167,403,-0.00015559470921289176
1,109,167,316,-4.698751581599936e-05
1,110,167,312,-0.00043338193790987134
1,111,167,311,-7.676667155465111e-05
1,112,167,310,4.661997650146077e-07
1,113,167,415,-0.0003998299944214523
1,114,167,308,-1.8775838270812528e-06
1,115,167,324,-0.00014690574607811868
1,116,167,318,7.026338153082179e-06
1,117,167,402,-0.0001612818450666964
1,118,167,317,-0.0017053227638825774
2,3,165,92,-0.0002799563226290047
2,4,165,186,-2.158250572392717e-05
2,5,165,57,-2.8540023777168244e-05
2,6,165,43,-6.79426739225164e-05
2,7,165,106,-3.951579492422752e-05
2,8,165,182,-0.00017932937771547586
2,9,165,83,-0.00038862257497385144
2,10,165,18,-0.0003993770806118846
2,11,165,200,-0.000374783092411235
2,12,165,201,-0.00020391715224832296
2,13,165,194,5.5624343076488e-05
2,14,165,204,0.0005064327269792557
2,15,165,202,-4.825973155675456e-05
2,16,165,212,0.0001196139128296636
2,17,165,216,-7.629155879840255e-05
2,18,165,206,-0.00029720127349719405
2,19,165,203,3.7529222026932985e-05
2,20,165,207,0.00019010853429790586
2,21,165,205,0.00013699784176424146
2,22,165,98,1.1313637514831498e-05
2,23,165,97,-0.0001601835829205811
2,24,165,393,-0.0002182542666560039
2,25,165,391,0.00011321623605908826
2,26,165,322,4.7758039727341384e-05
2,27,165,410,-0.0016252269269898534
2,28,165,287,-6.3826133555267e-05
2,29,165,273,-6.68978100293316e-05
2,30,165,335,-0.000279892556136474
2,31,165,406,4.466125028557144e-05
2,32,165,313,-0.0006139700417406857
2,33,165,421,-0.00029668971546925604
2,34,165,418,-2.8472606572904624e-05
2,35,165,424,-0.0001042423682520166
2,36,165,422,0.0002629640803206712
2,37,165,432,-0.00018930788792204112
2,38,165,436,-2.4452125217067078e-05
2,39,165,426,-8.893245103536174e-05
2,40,165,423,1.757113386702258e-05
2,41,165,427,-0.00033102111774496734
2,42,165,425,3.6774179079657188e-06
2,43,165,327,-2.8638396543101408e-05
2,44,165,326,-0.00011981271381955594
2,45,165,0,0.0002104907762259245
2,46,165,37,-0.0004195086658000946
2,47,165,39,-0.00024172113626264036
2,48,165,40,-0.00031271856278181076
2,49,165,185,-0.0001719478314043954
2,50,165,61,0.00030205442453734577
2,51,165,146,-7.956291665323079e-05
2,52,165,91,-0.0003151706769131124
2,53,165,181,0.04707461595535278
2,54,165,84,0.038715533912181854
2,55,165,17,-0.00020281477191019803
2,56,165,11,6.059761653887108e-05
2,57,165,72,-0.00010399681195849553
2,58,165,73,0.00016169452283065766
2,59,165,74,0.0001515110197942704
2,60,165,184,-0.00012066588533343747
2,61,165,77,-0.00010049910633824766
2,62,165,90,0.00011761640053009614
2,63,165,180,-8.337996405316517e-05
2,64,165,85,-0.008735360577702522
2,65,165,16,-0.0003522981714922935
2,66,165,12,-0.00014858038048259914
2,67,165,38,-0.00023402602528221905
2,68,165,41,-0.00011570416245376691
2,69,165,42,1.9403658370720223e-05
2,70,165,96,2.6570933187031187e-05
2,71,165,89,-1.9542576410458423e-05
2,72,165,179,-0.00011400047515053302
2,73,165,86,0.004486412275582552
2,74,165,15,-1.019775118038524e-05
2,75,165,13,-7.178092346293852e-05
2,76,165,82,-0.0005832136957906187
2,77,165,81,0.00016606546705588698
2,78,165,80,-4.431807974469848e-05
2,79,165,191,0.00018456160614732653
2,80,165,78,-4.048395931022242e-05
2,81,165,95,0.00010243841825285926
2,82,165,88,0.00011876097414642572
2,83,165,178,-0.00032030424335971475
2,84,165,87,-9.860035788733512e-05
2,85,165,14,-0.0004108776629436761
2,86,165,267,-0.00026145693846046925
2,87,165,269,-0.00011713126150425524
2,88,165,270,-0.00015362811973318458
2,89,165,409,-8.827184501569718e-05
2,90,165,291,0.00020439161744434386
2,91,165,375,8.291607082355767e-05
2,92,165,321,-0.00016934139421209693
2,93,165,405,-0.00018705260299611837
2,94,165,314,-0.0006664242828264832
2,95,165,302,-5.879046148038469e-05
2,96,165,303,-6.747110455762595e-05
2,97,165,304,8.61074950080365e-05
2,98,165,408,0.00017273207777179778
2,99,165,307,-0.00011933565838262439
2,100,165,320,5.956228415016085e-05
2,101,165,404,-0.0002523705770727247
2,102,165,315,-0.000364549778169021
2,103,165,268,-0.0006925755878910422
2,104,165,271,-0.00011594502575462684
2,105,165,272,-0.0002925918670371175
2,106,165,325,-0.00016530694847460836
2,107,165,319,-3.75913004972972e-05
2,108,165,403,9.771355689736083e-05
2,109,165,316,0.02108023688197136
2,110,165,312,7.955396722536534e-05
2,111,165,311,1.190100738313049e-05
2,112,165,310,-6.782964919693768e-05
2,113,165,415,-0.00012350127508398145
2,114,165,308,1.3520662832888775e-05
2,115,165,324,-0.00010656577796908095
2,116,165,318,-0.00023485493147745728
2,117,165,402,-0.0005275900475680828
2,118,165,317,-0.003523044055327773
3,4,92,186,-0.0001734810066409409
3,5,92,57,-8.243455522460863e-05
3,6,92,43,-0.00018968187214341015
3,7,92,106,-0.00013350415974855423
3,8,92,182,-0.00011098719551227987
3,9,92,83,-0.000428523140726611
3,10,92,18,-0.00017636890697758645
3,11,92,200,-0.0003224780084565282
3,12,92,201,-0.0004200274124741554
3,13,92,194,-0.00010818650480359793
3,14,92,204,5.668298399541527e-05
3,15,92,202,-0.0001018483962980099
3,16,92,212,-2.2789379727328196e-05
3,17,92,216,-1.9234373667131877e-06
3,18,92,206,-0.00015953333058860153
3,19,92,203,-0.0003743058769032359
3,20,92,207,0.00019899454491678625
3,21,92,205,0.0001761053135851398
3,22,92,98,-1.5066413652675692e-05
3,23,92,97,-0.0005290262633934617
3,24,92,393,-0.00014836671471130103
3,25,92,391,-6.819452391937375e-05
3,26,92,322,-0.00015291903400793672
3,27,92,410,-5.5057818826753646e-05
3,28,92,287,0.010927429422736168
3,29,92,273,-0.0002084657462546602
3,30,92,335,-9.653269808040932e-05
3,31,92,406,9.406125172972679e-06
3,32,92,313,-0.0004822495684493333
3,33,92,421,-4.0347749745706096e-05
3,34,92,418,-0.00013971939915791154
3,35,92,424,2.1817990273120813e-05
3,36,92,422,-7.84266521804966e-05
3,37,92,432,0.00010185694554820657
3,38,92,436,-3.613928856793791e-05
3,39,92,426,-2.974457856907975e-05
3,40,92,423,-1.5759449524921365e-05
3,41,92,427,-8.581649308325723e-05
3,42,92,425,-0.000248145021032542
3,43,92,327,-0.00014010994345881045
3,44,92,326,-0.000251694698818028
3,45,92,0,-0.00027805755962617695
3,46,92,37,-0.0002841533860191703
3,47,92,39,-6.34048119536601e-05
3,48,92,40,5.5878459534142166e-05
3,49,92,185,-0.0005074301734566689
3,50,92,61,0.0004964012186974287
3,51,92,146,-0.00023094229982234538
3,52,92,91,0.029237812384963036
3,53,92,181,0.08670433610677719
3,54,92,84,0.09051922708749771
3,55,92,17,-0.0006014231476001441
3,56,92,11,-0.00019840289314743131
3,57,92,72,-0.0007968058926053345
3,58,92,73,-0.0003147269890177995
3,59,92,74,0.00029050945886410773
3,60,92,184,-6.187204417074099e-05
3,61,92,77,-0.00011299824109300971
3,62,92,90,-1.675416024227161e-05
3,63,92,180,9.980781032936648e-05
3,64,92,85,0.06394527107477188
3,65,92,16,-7.920507778180763e-05
3,66,92,12,0.0001344575866824016
3,67,92,38,-0.000303745677229017
3,68,92,41,-0.0004171101318206638
3,69,92,42,1.644770964048803e-05
3,70,92,96,-0.0004187491722404957
3,71,92,89,-1.4900713722454384e-05
3,72,92,179,-6.5459797042422e-05
3,73,92,86,-9.136833978118375e-05
3,74,92,15,-0.000744751887395978
3,75,92,13,-0.00017934913921635598
3,76,92,82,-0.0005004401900805533
3,77,92,81,1.540226730867289e-05
3,78,92,80,-2.736996248131618e-05
3,79,92,191,-0.00025425085914321244
3,80,92,78,0.00046710114111192524
3,81,92,95,7.242697029141709e-05
3,82,92,88,6.885937909828499e-05
3,83,92,178,-0.00026428053388372064
3,84,92,87,-0.005628684535622597
3,85,92,14,-0.00011432715109549463
3,86,92,267,-0.0007740227156318724
3,87,92,269,0.025783060118556023
3,88,92,270,-9.363400749862194e-05
3,89,92,409,-0.00023124541621655226
3,90,92,291,-8.276178414234892e-05
3,91,92,375,-7.859506877139211e-05
3,92,92,321,-0.0003425433242227882
3,93,92,405,-0.0001596210349816829
3,94,92,314,-0.0005041312542743981
3,95,92,302,0.0002149630308849737
3,96,92,303,9.27557448449079e-06
3,97,92,304,-6.165149534353986e-05
3,98,92,408,4.06204562750645e-05
3,99,92,307,-0.00015901666483841836
3,100,92,320,-1.3268811926536728e-05
3,101,92,404,-0.00025390423252247274
3,102,92,315,-1.1654637091851328e-05
3,103,92,268,-5.698326276615262e-06
3,104,92,271,-2.5439423552597873e-05
3,105,92,272,0.014836304821074009
3,106,92,325,-0.00018892950902227312
3,107,92,319,5.3880296036368236e-05
3,108,92,403,-4.675691161537543e-05
3,109,92,316,-0.0005361772491596639
3,110,92,312,-0.00014485325664281845
3,111,92,311,-0.0002944278821814805
3,112,92,310,-9.207339462591335e-05
3,113,92,415,-0.00016779659199528396
3,114,92,308,-3.966828444390558e-05
3,115,92,324,-1.883398726931773e-05
3,116,92,318,-2.6638415874913335e-05
3,117,92,402,-0.000979789299890399
3,118,92,317,-0.0007211866322904825
4,5,186,57,-8.108191832434386e-05
4,6,186,43,4.074384560226463e-05
4,7,186,106,4.8325007810490206e-05
4,8,186,182,-0.0002823952818289399
4,9,186,83,-7.11034590494819e-05
4,10,186,18,-0.0013375163543969393
4,11,186,200,-9.567703818902373e-05
4,12,186,201,5.87714857829269e-05
4,13,186,194,-0.0003444151661824435
4,14,186,204,-2.2211468603927642e-05
4,15,186,202,-0.00016804980987217277
4,16,186,212,-0.0002387649437878281
4,17,186,216,-4.8850801249500364e-05
4,18,186,206,-4.814601197722368e-05
4,19,186,203,7.25195714039728e-05
4,20,186,207,3.320992618682794e-05
4,21,186,205,7.849699613871053e-05
4,22,186,98,-0.00012522061297204345
4,23,186,97,-0.00010377194848842919
4,24,186,393,-1.3347017556952778e-05
4,25,186,391,0.00018705484399106354
4,26,186,322,-0.0001315378467552364
4,27,186,410,-0.00017464351549278945
4,28,186,287,2.7402236810303293e-05
4,29,186,273,4.4099630031269044e-05
4,30,186,335,3.2198449844145216e-06
4,31,186,406,-1.8949813238577917e-05
4,32,186,313,-0.0001322515308856964
4,33,186,421,-0.0002269822871312499
4,34,186,418,-0.0002703721693251282
4,35,186,424,-0.00013500517525244504
4,36,186,422,-0.00010615929932100698
4,37,186,432,6.905522604938596e-05
4,38,186,436,-0.00013602458056993783
4,39,186,426,-0.0001448627735953778
4,40,186,423,-0.00013605007552541792
4,41,186,427,-0.0001830646797316149
4,42,186,425,-0.00014658152940683067
4,43,186,327,0.00026529081515036523
4,44,186,326,9.068500048670103e-07
4,45,186,0,0.00011801588698290288
4,46,186,37,-0.00014148074842523783
4,47,186,39,-0.00024389727332163602
4,48,186,40,-2.3655113182030618e-05
4,49,186,185,3.943133924622089e-05
4,50,186,61,-2.8814705729018897e-05
4,51,186,146,-5.383556708693504e-05
4,52,186,91,0.03354379162192345
4,53,186,181,0.09951362758874893
4,54,186,84,0.08003219962120056
4,55,186,17,-9.60289835347794e-05
4,56,186,11,-0.00013834566925652325
4,57,186,72,-0.00017830613069236279
4,58,186,73,-8.764398080529645e-05
4,59,186,74,0.0001300211006309837
4,60,186,184,-5.93282311456278e-06
4,61,186,77,8.501792763127014e-06
4,62,186,90,-0.00027225399389863014
4,63,186,180,-0.002024878514930606
4,64,186,85,-0.0003115038271062076
4,65,186,16,-0.0007383392076008022
4,66,186,12,-0.000463299045804888
4,67,186,38,-0.0005889424355700612
4,68,186,41,3.468678914941847e-05
4,69,186,42,-1.8018898117588833e-05
4,70,186,96,-0.0001272460212931037
4,71,186,89,-0.00011263936903560534
4,72,186,179,-0.0004436907183844596
4,73,186,86,-0.00018030415230896324
4,74,186,15,-0.0004881504864897579
4,75,186,13,-0.00036842006375081837
4,76,186,82,-0.0003387513861525804
4,77,186,81,-0.00021783809643238783
4,78,186,80,-7.646649464732036e-05
4,79,186,191,0.00010775403643492609
4,80,186,78,-2.6317256924812682e-05
4,81,186,95,-0.00022974087914917618
4,82,186,88,-0.0006582614732906222
4,83,186,178,-1.5295148841687478e-05
4,84,186,87,-0.00027190486434847116
4,85,186,14,-0.0012460477882996202
4,86,186,267,0.00021103474136907607
4,87,186,269,-0.00011225290654692799
4,88,186,270,-3.404161907383241e-05
4,89,186,409,-9.99751573544927e-05
4,90,186,291,0.000383430888177827
4,91,186,375,-0.00019338483980391175
4,92,186,321,-0.0003542126214597374
4,93,186,405,-0.00027520357980392873
4,94,186,314,-0.0005232233088463545
4,95,186,302,-6.902497261762619e-05
4,96,186,303,-6.387688699760474e-06
4,97,186,304,4.5727123506367207e-05
4,98,186,408,-7.817358709871769e-05
4,99,186,307,0.000131832726765424
4,100,186,320,-0.0002203132025897503
4,101,186,404,-0.0002434976486256346
4,102,186,315,-0.0006656015757471323
4,103,186,268,-5.930329280090518e-05
4,104,186,271,-3.533828930812888e-05
4,105,186,272,4.604874447977636e-06
4,106,186,325,-1.3248380128061399e-05
4,107,186,319,-0.0003409456694498658
4,108,186,403,0.0002065799490083009
4,109,186,316,3.271952664363198e-06
4,110,186,312,-6.922504780959571e-06
4,111,186,311,0.00010871164704440162
4,112,186,310,-0.00016521243378520012
4,113,186,415,5.116980537422933e-05
4,114,186,308,3.808011388173327e-05
4,115,186,324,-3.408828342799097e-05
4,116,186,318,-0.00021181325428187847
4,117,186,402,-5.335995592758991e-05
4,118,186,317,-0.0003852751979138702
5,6,57,43,-4.383717168821022e-05
5,7,57,106,-9.361657430417836e-05
5,8,57,182,-0.00015691389853600413
5,9,57,83,-0.00018561026081442833
5,10,57,18,-0.001373667735606432
5,11,57,200,-0.000386275933124125
5,12,57,201,-8.682743646204472e-05
5,13,57,194,-0.00017508362361695617
5,14,57,204,-0.00012975014396943152
5,15,57,202,-5.018260708311573e-06
5,16,57,212,-8.665335190016776e-05
5,17,57,216,-0.00010741887672338635
5,18,57,206,0.0002695927978493273
5,19,57,203,7.941578223835677e-05
5,20,57,207,5.754163794335909e-05
5,21,57,205,0.00012725369015242904
5,22,57,98,-0.0002340285136597231
5,23,57,97,0.00014010415179654956
5,24,57,393,0.00015751789032947272
5,25,57,391,-9.388977923663333e-05
5,26,57,322,-2.588476945675211e-06
5,27,57,410,-0.00016656113439239562
5,28,57,287,-0.00015603234351146966
5,29,57,273,-7.589210144942626e-05
5,30,57,335,-0.00025667043519206345
5,31,57,406,-7.162883412092924e-05
5,32,57,313,-0.00016306583711411804
5,33,57,421,1.1077354429289699e-05
5,34,57,418,-0.0004260478599462658
5,35,57,424,-4.359898957773112e-05
5,36,57,422,0.0001353428524453193
5,37,57,432,0.0002960152050945908
5,38,57,436,-0.00016058031178545207
5,39,57,426,8.188498031813651e-05
5,40,57,423,0.00011851702583953738
5,41,57,427,-0.00048209953820332885
5,42,57,425,1.861500641098246e-05
5,43,57,327,-0.00011067534796893597
5,44,57,326,-3.360756454640068e-05
5,45,57,0,-0.00015363356214947999
5,46,57,37,-0.00017102938727475703
5,47,57,39,-0.0003552112029865384
5,48,57,40,-0.0001228922192240134
5,49,57,185,4.861663455812959e-06
5,50,57,61,-0.00012003279698546976
5,51,57,146,-0.00014071578334551305
5,52,57,91,0.008999494835734367
5,53,57,181,0.08704032748937607
5,54,57,84,-0.0035510314628481865
5,55,57,17,-0.00044338632142171264
5,56,57,11,0.00012380092812236398
5,57,57,72,-0.00045501263230107725
5,58,57,73,-4.80079252156429e-05
5,59,57,74,2.610505180200562e-05
5,60,57,184,-3.205314715160057e-05
5,61,57,77,-7.816169818397611e-05
5,62,57,90,0.013267051428556442
5,63,57,180,0.022165244445204735
5,64,57,85,-3.102137634414248e-05
5,65,57,16,-5.376016997615807e-05
5,66,57,12,-0.00012350891483947635
5,67,57,38,-0.00033782151876948774
5,68,57,41,-0.00019251251069363207
5,69,57,42,-0.0001969358854694292
5,70,57,96,-0.00013262598076835275
5,71,57,89,-0.00011924439604626969
5,72,57,179,-1.6179510566871613e-05
5,73,57,86,-7.87906683399342e-05
5,74,57,15,-0.0006075099809095263
5,75,57,13,-9.875671821646392e-05
5,76,57,82,-0.00038841471541672945
5,77,57,81,-0.00024345505516976118
5,78,57,80,-0.0004780289891641587
5,79,57,191,-0.00016678748943377286
5,80,57,78,-2.1833386199432425e-05
5,81,57,95,-0.00026814156444743276
5,82,57,88,-0.0003587209794204682
5,83,57,178,-9.3116432253737e-05
5,84,57,87,0.00010606819705571979
5,85,57,14,-0.00027467982727102935
5,86,57,267,-0.00034713654895313084
5,87,57,269,0.00013040093472227454
5,88,57,270,-0.00018011071369983256
5,89,57,409,-9.054415568243712e-05
5,90,57,291,3.317222945042886e-05
5,91,57,375,0.0009396147797815502
5,92,57,321,-8.468302257824689e-05
5,93,57,405,-0.0003105963987763971
5,94,57,314,-1.8809192624757998e-05
5,95,57,302,0.0001089343277271837
5,96,57,303,5.647355465043802e-06
5,97,57,304,-0.00029272434767335653
5,98,57,408,0.0002493022184353322
5,99,57,307,0.00010302058944944292
5,100,57,320,2.7837453671963885e-05
5,101,57,404,-0.0001284450845560059
5,102,57,315,6.500809831777588e-05
5,103,57,268,2.3165779566625133e-05
5,104,57,271,-0.0002083623840007931
5,105,57,272,-0.00011684320634230971
5,106,57,325,-9.116674482356757e-05
5,107,57,319,-0.0001287367194890976
5,108,57,403,-0.00010973363532684743
5,109,57,316,-9.275442425860092e-05
5,110,57,312,-0.00026371824787929654
5,111,57,311,-0.0003931708342861384
5,112,57,310,1.6345100448234007e-05
5,113,57,415,-0.00011086669837823138
5,114,57,308,2.591294287412893e-05
5,115,57,324,-0.00010027117969002575
5,116,57,318,-0.00021397268574219197
5,117,57,402,-3.356974775670096e-05
5,118,57,317,-0.00016859681636560708
6,7,43,106,-3.535455107339658e-05
6,8,43,182,-0.00032109188032336533
6,9,43,83,-0.0003648076963145286
6,10,43,18,-0.0010953742312267423
6,11,43,200,8.919240644900128e-05
6,12,43,201,-0.00016850100655574352
6,13,43,194,-6.874341488583013e-05
6,14,43,204,0.00010567625577095896
6,15,43,202,5.883098492631689e-05
6,16,43,212,-1.3242162822280079e-05
6,17,43,216,3.695590567076579e-05
6,18,43,206,-4.849563993047923e-05
6,19,43,203,-0.00015835827798582613
6,20,43,207,-2.2337306290864944e-05
6,21,43,205,-0.00012220771168358624
6,22,43,98,0.00019692738715093583
6,23,43,97,0.000159667877596803
6,24,43,393,-0.0002646881912369281
6,25,43,391,-0.00014852621825411916
6,26,43,322,0.0002659166057128459
6,27,43,410,1.736335616442375e-05
6,28,43,287,-0.00010492190631339327
6,29,43,273,-3.1778228731127456e-05
6,30,43,335,-0.00019045140652451664
6,31,43,406,-0.00012786933802999556
6,32,43,313,4.416171941556968e-05
6,33,43,421,-0.0003535499272402376
6,34,43,418,-0.0003113031852990389
6,35,43,424,0.0002009060262935236
6,36,43,422,3.191836367477663e-05
6,37,43,432,-9.254182077711448e-05
6,38,43,436,-4.5607695938088e-05
6,39,43,426,0.1332058161497116
6,40,43,423,-0.00011198119318578392
6,41,43,427,-0.00012209269334562123
6,42,43,425,-5.5849701311672106e-05
6,43,43,327,-0.00013433645654004067
6,44,43,326,1.9487080862745643e-05
6,45,43,0,0.014393423683941364
6,46,43,37,-4.8826095735421404e-05
6,47,43,39,4.936007098876871e-05
6,48,43,40,-7.757885032333434e-05
6,49,43,185,8.848399738781154e-05
6,50,43,61,-3.377561006345786e-05
6,51,43,146,-7.038593321340159e-05
6,52,43,91,-0.001082295784726739
6,53,43,181,0.02921496331691742
6,54,43,84,0.020617587491869926
6,55,43,17,-0.00011953242210438475
6,56,43,11,0.014589132741093636
6,57,43,72,-0.0003500308084767312
6,58,43,73,4.1216466343030334e-05
6,59,43,74,-0.0002418477670289576
6,60,43,184,-9.91111301118508e-05
6,61,43,77,9.393570508109406e-05
6,62,43,90,0.003191115567460656
6,63,43,180,0.036862120032310486
6,64,43,85,0.022967902943491936
6,65,43,16,0.022036006674170494
6,66,43,12,0.00026854523457586765
6,67,43,38,-7.149593875510618e-05
6,68,43,41,-0.0004136442730668932
6,69,43,42,-0.0001479472266510129
6,70,43,96,5.28073069290258e-05
6,71,43,89,-0.00024910946376621723
6,72,43,179,-0.004828512668609619
6,73,43,86,-0.003128298558294773
6,74,43,15,0.011887842789292336
6,75,43,13,-0.00019550425349734724
6,76,43,82,1.6827299305077759e-06
6,77,43,81,3.184894694641116e-06
6,78,43,80,-0.0003186437825206667
6,79,43,191,5.5367243476212025e-05
6,80,43,78,-6.854580715298653e-05
6,81,43,95,-0.00021124945487827063
6,82,43,88,-0.00018700165674090385
6,83,43,178,-0.00040289288153871894
6,84,43,87,-0.0023115347139537334
6,85,43,14,4.006490416941233e-05
6,86,43,267,0.020375797525048256
6,87,43,269,0.018208786845207214
6,88,43,270,-8.432336471742019e-05
6,89,43,409,-0.00013151940947864205
6,90,43,291,7.793585973558947e-05
6,91,43,375,-0.00024602600024081767
6,92,43,321,0.0001726437039906159
6,93,43,405,9.652985318098217e-05
6,94,43,314,-4.290936340112239e-05
6,95,43,302,0.00021677564654964954
6,96,43,303,0.00023800882627256215
6,97,43,304,0.00015965670172590762
6,98,43,408,0.000366537511581555
6,99,43,307,8.409129804931581e-05
6,100,43,320,-0.0004066314431838691
6,101,43,404,-0.00011655535490717739
6,102,43,315,0.11608212441205978
6,103,43,268,0.0001053269297699444
6,104,43,271,0.00033819247619248927
6,105,43,272,-0.0001519673824077472
6,106,43,325,0.00011426591663621366
6,107,43,319,-0.00048279520706273615
6,108,43,403,0.03845848888158798
6,109,43,316,-0.0006976869772188365
6,110,43,312,2.076267628581263e-05
6,111,43,311,-0.0004745332698803395
6,112,43,310,-0.00014544048462994397
6,113,43,415,-7.342793833231553e-05
6,114,43,308,3.731407196028158e-05
6,115,43,324,-0.00015382733545266092
6,116,43,318,0.00012987088121008128
6,117,43,402,-0.0007573369075544178
6,118,43,317,-8.163299935404211e-05
7,8,106,182,-7.467509703928954e-07
7,9,106,83,-0.0001582866534590721
7,10,106,18,-0.0007900373311713338
7,11,106,200,-0.00022142774832900614
7,12,106,201,-0.0003437168197706342
7,13,106,194,6.930446397745982e-05
7,14,106,204,7.448074757121503e-05
7,15,106,202,-0.00026154040824621916
7,16,106,212,-0.0001951808953890577
7,17,106,216,-0.0003202224615961313
7,18,106,206,0.0001048353296937421
7,19,106,203,2.7379050152376294e-05
7,20,106,207,-2.673963172128424e-05
7,21,106,205,-7.05548663972877e-05
7,22,106,98,3.9235022995853797e-05
7,23,106,97,3.88975786336232e-05
7,24,106,393,0.0005287062376737595
7,25,106,391,-3.113243656116538e-05
7,26,106,322,-0.00018040901341009885
7,27,106,410,-0.0001845934457378462
7,28,106,287,-8.452860129182227e-06
7,29,106,273,-2.1056874174973927e-05
7,30,106,335,-0.0002166193153243512
7,31,106,406,-0.00037641311064362526
7,32,106,313,-3.7125166272744536e-05
7,33,106,421,-0.00013310076610650867
7,34,106,418,-0.00010872572602238506
7,35,106,424,-5.605163096333854e-05
7,36,106,422,-9.694924665382132e-05
7,37,106,432,-0.000280648295301944
7,38,106,436,4.4636115489993244e-05
7,39,106,426,4.665324740926735e-05
7,40,106,423,-0.00010476711759110913
7,41,106,427,-3.3112279197666794e-05
7,42,106,425,3.0405426514334977e-05
7,43,106,327,4.849856486544013e-05
7,44,106,326,0.0002424988051643595
7,45,106,0,3.5701166780199856e-05
7,46,106,37,-0.00012766043073497713
7,47,106,39,0.00022359710419550538
7,48,106,40,1.3490261153492611e-05
7,49,106,185,-4.265419556759298e-05
7,50,106,61,0.00034433937980793417
7,51,106,146,0.00013858528109267354
7,52,106,91,0.015220615081489086
7,53,106,181,0.04115590080618858
7,54,106,84,0.004392979200929403
7,55,106,17,-0.0003534897114150226
7,56,106,11,0.00017302476044278592
7,57,106,72,-8.227608486777171e-05
7,58,106,73,0.000231945508858189
7,59,106,74,-0.0002905723813455552
7,60,106,184,-0.00022696569794788957
7,61,106,77,7.618317613378167e-05
7,62,106,90,0.015872815623879433
7,63,106,180,0.05180800333619118
7,64,106,85,0.06393007189035416
7,65,106,16,7.884815568104386e-05
7,66,106,12,0.00023785732628311962
7,67,106,38,2.4708591809030622e-05
7,68,106,41,-8.56231345096603e-05
7,69,106,42,2.82411838270491e-05
7,70,106,96,-0.00013487250544130802
7,71,106,89,-8.152861846610904e-05
7,72,106,179,-8.687531953910366e-05
7,73,106,86,0.015927717089653015
7,74,106,15,-0.0005397617351263762
7,75,106,13,0.0034217461943626404
7,76,106,82,-0.0001825295330490917
7,77,106,81,5.699673177872455e-09
7,78,106,80,-0.00011354334856150672
7,79,106,191,-0.0001281650911550969
7,80,106,78,-0.00010727551125455648
7,81,106,95,-0.00013281212886795402
7,82,106,88,-2.1055851902929135e-05
7,83,106,178,-0.00020405017130542547
7,84,106,87,-0.0034762241411954165
7,85,106,14,-7.965283293742687e-05
7,86,106,267,0.0006004376336932182
7,87,106,269,-8.9907473011408e-05
7,88,106,270,-6.159168697195128e-05
7,89,106,409,1.300392523262417e-05
7,90,106,291,-3.356787419761531e-05
7,91,106,375,-2.6144933144678362e-05
7,92,106,321,1.1499107131385244e-05
7,93,106,405,0.00020238022261764854
7,94,106,314,-0.0005272527923807502
7,95,106,302,0.018776942044496536
7,96,106,303,-0.0029255361296236515
7,97,106,304,-9.356574446428567e-05
7,98,106,408,-3.4818305721273646e-05
7,99,106,307,-5.191951004235307e-06
7,100,106,320,-0.0002841736131813377
7,101,106,404,0.00019159834482707083
7,102,106,315,-0.00027009000768885016
7,103,106,268,9.605246305000037e-05
7,104,106,271,0.00016855109424795955
7,105,106,272,-0.00026988013996742666
7,106,106,325,-0.00018380327674094588
7,107,106,319,-8.823420648695901e-05
7,108,106,403,0.054452087730169296
7,109,106,316,-0.0007865161751396954
7,110,106,312,-1.3244331057649106e-05
7,111,106,311,-9.713847248349339e-05
7,112,106,310,0.0001363947958452627
7,113,106,415,0.00024671523715369403
7,114,106,308,6.512295271932089e-07
7,115,106,324,-0.00011440414527896792
7,116,106,318,-0.00013487625983543694
7,117,106,402,-0.0009027698542922735
7,118,106,317,-0.00033897600951604545
8,9,182,83,-0.00012722419342026114
8,10,182,18,-0.0007238061516545713
8,11,182,200,-0.0004910962306894362
8,12,182,201,0.00014425130211748183
8,13,182,194,2.2347201593220234e-05
8,14,182,204,-0.00013961839431431144
8,15,182,202,2.4259281872218708e-06
8,16,182,212,-9.732224862091243e-05
8,17,182,216,-7.027317042229697e-05
8,18,182,206,6.245943950489163e-05
8,19,182,203,-0.0006692181923426688
8,20,182,207,4.5970915380166844e-05
8,21,182,205,-1.4335998457681853e-05
8,22,182,98,6.249169382499531e-05
8,23,182,97,-5.09754208906088e-05
8,24,182,393,0.00015548990631941706
8,25,182,391,0.0004656547971535474
8,26,182,322,1.1206951057829428e-05
8,27,182,410,0.00046906553325243294
8,28,182,287,-0.0002860130916815251
8,29,182,273,-5.13383602083195e-05
8,30,182,335,-0.00033172182156704366
8,31,182,406,-9.18018413358368e-05
8,32,182,313,-0.00016772224626038224
8,33,182,421,-0.0001473989977966994
8,34,182,418,-0.00022853852715343237
8,35,182,424,-0.0004143166879657656
8,36,182,422,9.903463069349527e-05
8,37,182,432,-0.00016023157513700426
8,38,182,436,0.00023787615646142513
8,39,182,426,-1.251405046787113e-05
8,40,182,423,-2.872612458304502e-05
8,41,182,427,-0.0001085951371351257
8,42,182,425,0.00012344474089331925
8,43,182,327,-9.722400864120573e-05
8,44,182,326,7.751003431621939e-05
8,45,182,0,0.00020799943013116717
8,46,182,37,-0.00012063006579410285
8,47,182,39,4.773663022206165e-05
8,48,182,40,9.12911582418019e-06
8,49,182,185,-4.7355373681057245e-05
8,50,182,61,-0.00010189318709308282
8,51,182,146,5.552327274926938e-05
8,52,182,91,-0.00010373941040597856
8,53,182,181,7.748595817247406e-05
8,54,182,84,-0.003834873205050826
8,55,182,17,-0.0005103317671455443
8,56,182,11,-0.00018418615218251944
8,57,182,72,-0.00022974195599090308
8,58,182,73,4.738573625218123e-05
8,59,182,74,-8.106158202281222e-05
8,60,182,184,0.00012021214206470177
8,61,182,77,-0.0001604767021490261
8,62,182,90,2.046560257440433e-05
8,63,182,180,1.1663991244859062e-05
8,64,182,85,-0.004344834014773369
8,65,182,16,-0.00033159053418785334
8,66,182,12,-0.0003453229437582195
8,67,182,38,0.00017555721569806337
8,68,182,41,-8.182265446521342e-05
8,69,182,42,-0.039770957082509995
8,70,182,96,3.187515903846361e-05
8,71,182,89,-5.500370025401935e-05
8,72,182,179,-0.00023048996808938682
8,73,182,86,-0.00661847647279501
8,74,182,15,-0.0009280094527639449
8,75,182,13,0.00010933481098618358
8,76,182,82,5.040201813244494e-06
8,77,182,81,-0.000207072269404307
8,78,182,80,-0.00022122281370684505
8,79,182,191,7.028268555586692e-06
8,80,182,78,-5.85316629440058e-05
8,81,182,95,1.1881929822266102e-05
8,82,182,88,-0.00020050731836818159
8,83,182,178,-0.0004748351057060063
8,84,182,87,-0.0018016070825979114
8,85,182,14,-2.310483523615403e-06
8,86,182,267,0.018340932205319405
8,87,182,269,-8.847445133142173e-05
8,88,182,270,3.174792436766438e-05
8,89,182,409,0.00014730890688952059
8,90,182,291,1.523539140180219e-05
8,91,182,375,0.00014100151020102203
8,92,182,321,8.173118840204552e-05
8,93,182,405,-0.0008415128104388714
8,94,182,314,-0.002475844928994775
8,95,182,302,0.015984686091542244
8,96,182,303,-0.00013724832388106734
8,97,182,304,-3.206045221304521e-05
8,98,182,408,7.456402090610936e-05
8,99,182,307,-0.0002828033466357738
8,100,182,320,-0.00031464669154956937
8,101,182,404,-6.476945418398827e-05
8,102,182,315,0.01443997211754322
8,103,182,268,0.00022605358390137553
8,104,182,271,-6.459122960222885e-05
8,105,182,272,-9.487507486483082e-05
8,106,182,325,0.00017954749637283385
8,107,182,319,6.677029887214303e-05
8,108,182,403,-0.00025952415307983756
8,109,182,316,-0.0018227866385132074
8,110,182,312,-0.0001657387474551797
8,111,182,311,2.286301605636254e-05
8,112,182,310,-9.384776058141142e-05
8,113,182,415,4.3618820200208575e-05
8,114,182,308,9.667951962910593e-05
8,115,182,324,-5.38983877049759e-05
8,116,182,318,0.009114972315728664
8,117,182,402,-0.0013792564859613776
8,118,182,317,-0.0005743952351622283
9,10,83,18,-0.00039289030246436596
9,11,83,200,-0.0003927040670532733
9,12,83,201,-0.00010109739378094673
9,13,83,194,-6.757600931450725e-05
9,14,83,204,-0.0003132416750304401
9,15,83,202,-5.597541530732997e-05
9,16,83,212,-0.0003101663605775684
9,17,83,216,-0.0002969878551084548
9,18,83,206,-0.00020574255904648453
9,19,83,203,-0.0005677533918060362
9,20,83,207,-0.0004430558765307069
9,21,83,205,3.916276909876615e-05
9,22,83,98,-0.00034855701960623264
9,23,83,97,-8.471345790894702e-05
9,24,83,393,0.00017098578973673284
9,25,83,391,5.0103964895242825e-05
9,26,83,322,-6.830340862507e-05
9,27,83,410,-0.0001552534376969561
9,28,83,287,0.00010942680819425732
9,29,83,273,0.00026410468854010105
9,30,83,335,-8.705880645720754e-06
9,31,83,406,-0.00014538379036821425
9,32,83,313,-3.404368180781603e-05
9,33,83,421,0.00015753964544273913
9,34,83,418,-0.0003398404805921018
9,35,83,424,1.4164987078402191e-05
9,36,83,422,9.116622095461935e-05
9,37,83,432,7.241957791848108e-05
9,38,83,436,6.643056258326396e-05
9,39,83,426,2.1121175450389273e-05
9,40,83,423,7.651790656382218e-05
9,41,83,427,0.00010853600542759523
9,42,83,425,0.00016262524877674878
9,43,83,327,-1.4220101547834929e-05
9,44,83,326,-0.00012243370292708278
9,45,83,0,-0.0002746222307905555
9,46,83,37,0.00025489291874691844
9,47,83,39,-8.236079884227365e-05
9,48,83,40,0.0005008245934732258
9,49,83,185,-0.0008842648821882904
9,50,83,61,8.744290244067088e-05
9,51,83,146,0.00016048873658291996
9,52,83,91,-3.952411498175934e-05
9,53,83,181,-0.0478331483900547
9,54,83,84,0.00010458323959028348
9,55,83,17,-0.0014341350179165602
9,56,83,11,-0.00034491237602196634
9,57,83,72,0.00015376604278571904
9,58,83,73,0.00016597409558016807
9,59,83,74,0.00010941893560811877
9,60,83,184,-0.00016054250590968877
9,61,83,77,6.370724349835655e-06
9,62,83,90,2.6243653337587602e-05
9,63,83,180,-0.024799516424536705
9,64,83,85,-2.9331331461435184e-05
9,65,83,16,-7.194784848252311e-05
9,66,83,12,2.595405931060668e-05
9,67,83,38,7.206461305031553e-05
9,68,83,41,-0.0001898486661957577
9,69,83,42,-8.858987712301314e-05
9,70,83,96,-4.5019729441264644e-05
9,71,83,89,-0.00017814173770602793
9,72,83,179,-3.069586819037795e-05
9,73,83,86,3.079722716847755e-07
9,74,83,15,-0.0017109910259023309
9,75,83,13,0.00010931268479907885
9,76,83,82,1.7440068404539488e-05
9,77,83,81,8.571227954234928e-05
9,78,83,80,0.0001540645898785442
9,79,83,191,-0.00015096249990165234
9,80,83,78,3.5918037610827014e-05
9,81,83,95,-4.3535270378924906e-05
9,82,83,88,-1.6053158105933107e-05
9,83,83,178,-0.00011516368977027014
9,84,83,87,-0.0002941648999694735
9,85,83,14,6.560196197824553e-05
9,86,83,267,-0.0002448565501254052
9,87,83,269,1.9041313862544484e-05
9,88,83,270,3.8517722714459524e-05
9,89,83,409,0.00010172299516852945
9,90,83,291,-0.00013083576050121337
9,91,83,375,0.00027228862745687366
9,92,83,321,-4.4702035665977746e-05
9,93,83,405,0.00017813431622926146
9,94,83,314,-0.00010643085988704115
9,95,83,302,6.42657614662312e-05
9,96,83,303,-0.000125085876788944
9,97,83,304,-0.0002409087319392711
9,98,83,408,-3.980894325650297e-05
9,99,83,307,-9.61487676249817e-05
9,100,83,320,-7.42930278647691e-05
9,101,83,404,-0.00011030777386622503
9,102,83,315,-1.9713732399395667e-05
9,103,83,268,-0.0001001830751192756
9,104,83,271,-4.8344172682845965e-05
9,105,83,272,-3.5093253245577216e-06
9,106,83,325,0.00015776092186570168
9,107,83,319,-2.7621350454865023e-05
9,108,83,403,0.00040936016011983156
9,109,83,316,-0.00018277921481058002
9,110,83,312,7.672488573007286e-05
9,111,83,311,9.950744242814835e-06
9,112,83,310,0.00017140527779702097
9,113,83,415,5.1096143579343334e-05
9,114,83,308,-9.718612091091927e-06
9,115,83,324,-6.819153350079432e-05
9,116,83,318,0.00016064960800576955
9,117,83,402,-4.358542355475947e-05
9,118,83,317,1.9571305529098026e-05
10,11,18,200,-0.00010748022759798914
10,12,18,201,-0.0003663638490252197
10,13,18,194,-4.155102578806691e-05
10,14,18,204,-0.0004478558257687837
10,15,18,202,-0.0005619307630695403
10,16,18,212,-0.00042866612784564495
10,17,18,216,-3.742261105799116e-05
10,18,18,206,-8.38558335090056e-05
10,19,18,203,-0.0011428185971453786
10,20,18,207,-0.0003518653102219105
10,21,18,205,-5.2051691454835236e-05
10,22,18,98,-0.0008191521628759801
10,23,18,97,-0.00013659974501933903
10,24,18,393,0.0001992003817576915
10,25,18,391,0.0003931188548449427
10,26,18,322,-7.068898412398994e-05
10,27,18,410,0.0003711806784849614
10,28,18,287,0.000497257336974144
10,29,18,273,1.52866450662259e-05
10,30,18,335,-4.657045428757556e-05
10,31,18,406,-0.00018767039000522345
10,32,18,313,-1.0038352229457814e-05
10,33,18,421,7.929228013381362e-05
10,34,18,418,4.253614679328166e-05
10,35,18,424,-0.00033369657467119396
10,36,18,422,0.00010680322156986222
10,37,18,432,0.0006774456123821437
10,38,18,436,0.0005271072732284665
10,39,18,426,0.0011559182312339544
10,40,18,423,0.0002404229308012873
10,41,18,427,-0.00010053286678157747
10,42,18,425,0.00015980486932676286
10,43,18,327,0.0007562240352854133
10,44,18,326,0.00015526480274274945
10,45,18,0,5.34262289875187e-05
10,46,18,37,-0.0002846437564585358
10,47,18,39,-0.00016752824012655765
10,48,18,40,9.260537626687437e-05
10,49,18,185,-9.811335621634498e-05
10,50,18,61,4.0233506297226995e-05
10,51,18,146,-0.00013737798144575208
10,52,18,91,-0.00030790225719101727
10,53,18,181,2.266582851007115e-05
10,54,18,84,0.00031272455817088485
10,55,18,17,0.00036945182364434004
10,56,18,11,0.0001584642886882648
10,57,18,72,-0.0002824551484081894
10,58,18,73,-6.598529580514878e-06
10,59,18,74,-0.0004708594351541251
10,60,18,184,0.0003120046167168766
10,61,18,77,0.00018441335123497993
10,62,18,90,-0.00032748543890193105
10,63,18,180,0.00010204393765889108
10,64,18,85,0.00012306794815231115
10,65,18,16,-0.00012367074668873101
10,66,18,12,4.440686825546436e-05
10,67,18,38,-0.0004951826995238662
10,68,18,41,-0.0006810507620684803
10,69,18,42,-9.698210487840697e-05
10,70,18,96,0.00020938212401233613
10,71,18,89,-0.00024229218252003193
10,72,18,179,-7.151260069804266e-05
10,73,18,86,0.0002560327120590955
10,74,18,15,9.948728256858885e-05
10,75,18,13,-0.00012016543041681871
10,76,18,82,-0.00019023465574719012
10,77,18,81,-2.856456740119029e-05
10,78,18,80,-3.591861968743615e-05
10,79,18,191,-4.65912016807124e-05
10,80,18,78,-5.9665639128070325e-05
10,81,18,95,0.0001763258478604257
10,82,18,88,-0.00040461725438944995
10,83,18,178,-3.592466964619234e-05
10,84,18,87,9.161500202026218e-05
10,85,18,14,-5.705207877326757e-05
10,86,18,267,0.00022370244550984353
10,87,18,269,0.00014527176972478628
10,88,18,270,0.0001309829531237483
10,89,18,409,0.0003575600276235491
10,90,18,291,0.00014327798271551728
10,91,18,375,0.00011395395267754793
10,92,18,321,5.285422957967967e-05
10,93,18,405,-2.4619277610327117e-05
10,94,18,314,-9.861550643108785e-05
10,95,18,302,0.00016711575153749436
10,96,18,303,0.00021797895897179842
10,97,18,304,-0.0002202661707997322
10,98,18,408,0.00012263345706742257
10,99,18,307,-6.71794987283647e-05
10,100,18,320,-0.00014742791245225817
10,101,18,404,9.781523840501904e-05
10,102,18,315,-1.5252430785039905e-05
10,103,18,268,9.33276824071072e-05
10,104,18,271,0.00011110014747828245
10,105,18,272,0.00013038037286605686
10,106,18,325,-8.41996879898943e-05
10,107,18,319,-0.00025549097335897386
10,108,18,403,-0.00024735694751143456
10,109,18,316,-0.00064327591098845
10,110,18,312,-0.00010240302799502388
10,111,18,311,1.8006900063483045e-05
10,112,18,310,-6.406729517038912e-05
10,113,18,415,-7.774416008032858e-05
10,114,18,308,0.00016771216178312898
10,115,18,324,0.00015630130656063557
10,116,18,318,0.00012830932973884046
10,117,18,402,0.0001961592206498608
10,118,18,317,2.2429374439525418e-05
11,12,200,201,-4.240883208694868e-05
11,13,200,194,-0.00022230645117815584
11,14,200,204,-0.0003517888835631311
11,15,200,202,-0.0003130442346446216
11,16,200,212,-0.0006248888093978167
11,17,200,216,-0.00045620009768754244
11,18,200,206,-5.478847015183419e-05
11,19,200,203,-0.002779618604108691
11,20,200,207,5.475451871461701e-06
11,21,200,205,-0.0003525231732055545
11,22,200,98,-5.0481253310863394e-06
11,23,200,97,-0.05622634291648865
11,24,200,393,0.0001691619399935007
11,25,200,391,0.0008048540912568569
11,26,200,322,0.00012879472342319787
11,27,200,410,0.0005799201899208128
11,28,200,287,0.0001321753952652216
11,29,200,273,8.638232429802883e-06
11,30,200,335,4.6311735786730424e-05
11,31,200,406,-8.218453149311244e-05
11,32,200,313,6.89260195940733e-05
11,33,200,421,7.614499190822244e-05
11,34,200,418,-0.00019528440316207707
11,35,200,424,-3.1459814636036754e-05
11,36,200,422,0.00019670162873808295
11,37,200,432,-0.00011468676530057564
11,38,200,436,0.0004865493974648416
11,39,200,426,0.04904922842979431
11,40,200,423,0.00011196073319297284
11,41,200,427,0.00035146137815900147
11,42,200,425,0.0005327448016032577
11,43,200,327,0.00031756344833411276
11,44,200,326,0.0001042814037646167
11,45,200,0,-0.0003304706187918782
11,46,200,37,-0.00019249321485403925
11,47,200,39,-2.3954899006639607e-05
11,48,200,40,-3.4261567634530365e-05
11,49,200,185,5.893011257285252e-05
11,50,200,61,0.00016684079309925437
11,51,200,146,0.0001562709512654692
11,52,200,91,-9.994513675337657e-05
11,53,200,181,-0.053975824266672134
11,54,200,84,-0.0481438934803009
11,55,200,17,0.00010922339424723759
11,56,200,11,-9.12380619411124e-06
11,57,200,72,-0.00010741550067905337
11,58,200,73,-0.00011705321230692789
11,59,200,74,-9.088287811209739e-07
11,60,200,184,1.9168657672707923e-05
11,61,200,77,-0.00010907510295510292
11,62,200,90,-0.00021376200311351568
11,63,200,180,-0.051921144127845764
11,64,200,85,-0.050699371844530106
11,65,200,16,-6.987683445913717e-05
11,66,200,12,3.957340231863782e-05
11,67,200,38,-0.0001479299971833825
11,68,200,41,4.567643190966919e-05
11,69,200,42,0.0001281077420571819
11,70,200,96,2.5684088541311212e-05
11,71,200,89,0.0003231131995562464
11,72,200,179,-0.00048390880692750216
11,73,200,86,-0.010153748095035553
11,74,200,15,-0.00010642818961059675
11,75,200,13,0.00021504297910723835
11,76,200,82,-0.0002558570704422891
11,77,200,81,0.00014164742606226355
11,78,200,80,-0.0001638835674384609
11,79,200,191,5.26939875271637e-05
11,80,200,78,0.00017091695917770267
11,81,200,95,0.00019860170141328126
11,82,200,88,-4.9205093091586605e-05
11,83,200,178,-6.501399184344336e-05
11,84,200,87,-0.00013811001554131508
11,85,200,14,0.0002372242306591943
11,86,200,267,-5.951408456894569e-05
11,87,200,269,-7.828221896488685e-06
11,88,200,270,-5.693739512935281e-05
11,89,200,409,0.00040876754792407155
11,90,200,291,0.0001208926405524835
11,91,200,375,-0.0001912615989567712
11,92,200,321,4.366011489764787e-05
11,93,200,405,0.00023939904349390417
11,94,200,314,-0.004463698714971542
11,95,200,302,0.00010382443724665791
11,96,200,303,0.00021276962070260197
11,97,200,304,9.808316826820374e-05
11,98,200,408,7.71329941926524e-05
11,99,200,307,-5.386500561144203e-06
11,100,200,320,-0.00012369653268251568
11,101,200,404,-0.00040152380825020373
11,102,200,315,-0.002868993440642953
11,103,200,268,0.00012311420869082212
11,104,200,271,-2.6567075110506266e-05
11,105,200,272,-7.447660027537495e-05
11,106,200,325,-7.40686446079053e-05
11,107,200,319,-0.00021030387142673135
11,108,200,403,0.0002682680787984282
11,109,200,316,0.0002093484508804977
11,110,200,312,0.00012269035505596548
11,111,200,311,-0.00010629877215251327
11,112,200,310,0.0002204585907747969
11,113,200,415,0.0001027969119604677
11,114,200,308,9.891833906294778e-05
11,115,200,324,8.93819669727236e-05
11,116,200,318,-0.00046268009464256465
11,117,200,402,-0.0001343488838756457
11,118,200,317,0.00020962014968972653
12,13,201,194,-8.545218588551506e-05
12,14,201,204,4.324529072619043e-05
12,15,201,202,-0.00016222248086705804
12,16,201,212,-0.00027165625942870975
12,17,201,216,-9.428034536540508e-05
12,18,201,206,4.486885154619813e-05
12,19,201,203,-8.186243940144777e-05
12,20,201,207,-0.002059539780020714
12,21,201,205,-0.0003282872203271836
12,22,201,98,-0.00015699543291702867
12,23,201,97,1.5269373761839233e-05
12,24,201,393,3.09580827888567e-05
12,25,201,391,-0.00015867753245402128
12,26,201,322,0.00014622698654420674
12,27,201,410,-0.00018615656881593168
12,28,201,287,-0.00015230636927299201
12,29,201,273,2.9363198336795904e-05
12,30,201,335,-0.00013247864262666553
12,31,201,406,-6.547391967615113e-05
12,32,201,313,-0.00012095433339709416
12,33,201,421,-0.0004869948897976428
12,34,201,418,-0.00031384630710817873
12,35,201,424,-6.645960093010217e-05
12,36,201,422,0.00010824952914845198
12,37,201,432,-2.7441799829830416e-05
12,38,201,436,-4.445589365786873e-05
12,39,201,426,0.00012194759619887918
12,40,201,423,0.0003860984870698303
12,41,201,427,0.0002375057083554566
12,42,201,425,0.000173692824319005
12,43,201,327,0.00017430749721825123
12,44,201,326,-7.588031439809129e-05
12,45,201,0,-0.00014868067228235304
12,46,201,37,1.419922114109795e-06
12,47,201,39,0.00010405320063000545
12,48,201,40,0.00012495499686338007
12,49,201,185,-0.0004163780831731856
12,50,201,61,-0.00010307713091606274
12,51,201,146,-7.893731526564807e-05
12,52,201,91,-0.00010600793757475913
12,53,201,181,-0.04292800650000572
12,54,201,84,0.08598414808511734
12,55,201,17,-0.00036702206125482917
12,56,201,11,-0.00016530824359506369
12,57,201,72,7.944711978780106e-05
12,58,201,73,9.149430115940049e-05
12,59,201,74,0.00013533789024222642
12,60,201,184,7.975110929692164e-05
12,61,201,77,3.8369777030311525e-05
12,62,201,90,7.935790199553594e-05
12,63,201,180,0.00010174213093705475
12,64,201,85,0.06857169419527054
12,65,201,16,-0.0018723118118941784
12,66,201,12,-0.00016350609075743705
12,67,201,38,-1.3433222193270922e-05
12,68,201,41,6.070666245250322e-07
12,69,201,42,8.072525088209659e-05
12,70,201,96,2.3486543796025217e-05
12,71,201,89,-0.00035498253419063985
12,72,201,179,-0.00020305257930886
12,73,201,86,-0.00019304014858789742
12,74,201,15,-5.064233118901029e-05
12,75,201,13,-4.642303611035459e-05
12,76,201,82,-7.282465958269313e-05
12,77,201,81,-0.00019235628133174032
12,78,201,80,-0.00016956368926912546
12,79,201,191,5.306854291120544e-05
12,80,201,78,-0.00024780715466476977
12,81,201,95,0.00035019879578612745
12,82,201,88,5.251703260000795e-05
12,83,201,178,0.0006135831354185939
12,84,201,87,0.00013434053107630461
12,85,201,14,-7.131058373488486e-05
12,86,201,267,0.00024340626259800047
12,87,201,269,0.0005077844834886491
12,88,201,270,0.00015068514039739966
12,89,201,409,0.00010251843923470005
12,90,201,291,0.0002813447790686041
12,91,201,375,-0.00015570443065371364
12,92,201,321,1.2770506430115347e-07
12,93,201,405,-1.8815542262018425e-06
12,94,201,314,-2.1570647277258104e-06
12,95,201,302,9.124347707256675e-05
12,96,201,303,9.605301602277905e-05
12,97,201,304,-2.4492512238794006e-05
12,98,201,408,0.0001616369845578447
12,99,201,307,3.118354652542621e-05
12,100,201,320,-0.00015225612150970846
12,101,201,404,-0.0004873441066592932
12,102,201,315,-0.00016792165115475655
12,103,201,268,2.7282355929969526e-08
12,104,201,271,-0.00018001781427301466
12,105,201,272,-3.037897295143921e-05
12,106,201,325,-7.444751099683344e-05
12,107,201,319,1.4882631148793735e-05
12,108,201,403,0.00014097716484684497
12,109,201,316,6.592173303943127e-05
12,110,201,312,0.0001672984508331865
12,111,201,311,-0.00011695949797285721
12,112,201,310,9.893632523017004e-05
12,113,201,415,2.2859745513414964e-05
12,114,201,308,-0.0003454929974395782
12,115,201,324,0.00013027901877649128
12,116,201,318,-6.39600693830289e-05
12,117,201,402,-0.00020550962653942406
12,118,201,317,-0.0002087910834234208
13,14,194,204,-0.00013148854486644268
13,15,194,202,-0.00014617979468312114
13,16,194,212,-0.0002563359448686242
13,17,194,216,2.6944457204081118e-05
13,18,194,206,-0.00012226782564539462
13,19,194,203,-0.00010053053119918332
13,20,194,207,-0.0003640628419816494
13,21,194,205,-0.0004474553861655295
13,22,194,98,-0.0001953825558302924
13,23,194,97,0.00017839531938079745
13,24,194,393,-0.00027728109853342175
13,25,194,391,9.57204174483195e-05
13,26,194,322,-6.803595169913024e-05
13,27,194,410,2.343294227102888e-06
13,28,194,287,-5.2444949687924236e-05
13,29,194,273,6.905680493218824e-05
13,30,194,335,0.00021030547213740647
13,31,194,406,-0.00013415019202511758
13,32,194,313,-0.00021556986030191183
13,33,194,421,-0.0005327615654096007
13,34,194,418,-0.00027468803455121815
13,35,194,424,-0.0003025000623892993
13,36,194,422,-0.00010180492972722277
13,37,194,432,-0.00010279139678459615
13,38,194,436,-4.444591104402207e-05
13,39,194,426,7.100612856447697e-05
13,40,194,423,0.00011212206300115213
13,41,194,427,1.9068978872383013e-05
13,42,194,425,6.174690042826114e-06
13,43,194,327,1.3707518519368023e-05
13,44,194,326,6.586324161617085e-05
13,45,194,0,-0.0002542638685554266
13,46,194,37,0.07506377249956131
13,47,194,39,4.907201582682319e-05
13,48,194,40,-0.00025105473469011486
13,49,194,185,0.0002681957557797432
13,50,194,61,2.947932262031827e-05
13,51,194,146,3.874242611345835e-05
13,52,194,91,-5.688375313184224e-05
13,53,194,181,0.0511065274477005
13,54,194,84,0.04074401780962944
13,55,194,17,-0.0005209147348068655
13,56,194,11,-0.00025035408907569945
13,57,194,72,3.892760651069693e-05
13,58,194,73,-0.0002722718345467001
13,59,194,74,0.0002833453181665391
13,60,194,184,0.00044460201752372086
13,61,194,77,0.000250956101808697
13,62,194,90,6.520172610180452e-05
13,63,194,180,-5.882932600798085e-05
13,64,194,85,-0.000118686628411524
13,65,194,16,-0.00010923485388047993
13,66,194,12,-0.0002468711754772812
13,67,194,38,0.00011576447286643088
13,68,194,41,-0.000179242852027528
13,69,194,42,-0.0001750599330989644
13,70,194,96,0.0007281045545823872
13,71,194,89,-0.00023489019076805562
13,72,194,179,8.390188304474577e-05
13,73,194,86,-0.00019020476611331105
13,74,194,15,-0.0002952007343992591
13,75,194,13,-4.8820689698914066e-05
13,76,194,82,-2.526386197132524e-05
13,77,194,81,8.624316978966817e-05
13,78,194,80,9.79956312221475e-05
13,79,194,191,1.8313672626391053e-05
13,80,194,78,-0.00010426825610920787
13,81,194,95,-4.461904154595686e-06
13,82,194,88,1.141124539572047e-05
13,83,194,178,3.813422881648876e-05
13,84,194,87,-0.0001687246112851426
13,85,194,14,-1.0707641195040196e-05
13,86,194,267,-0.00028206672868691385
13,87,194,269,0.00012580484326463193
13,88,194,270,0.00022299592092167586
13,89,194,409,-8.007010910660028e-05
13,90,194,291,1.2894317478640005e-05
13,91,194,375,-5.012577457819134e-05
13,92,194,321,-0.0002869576564989984
13,93,194,405,-0.0007896365132182837
13,94,194,314,-0.0004231960338074714
13,95,194,302,-0.00015244039241224527
13,96,194,303,-7.171584002207965e-05
13,97,194,304,-0.00016668280295562
13,98,194,408,3.8377656892407686e-05
13,99,194,307,-4.235215237713419e-05
13,100,194,320,8.26405084808357e-05
13,101,194,404,-0.0003363159776199609
13,102,194,315,-9.815395605983213e-05
13,103,194,268,-0.00015481954324059188
13,104,194,271,6.0288630265858956e-06
13,105,194,272,-3.15609504468739e-05
13,106,194,325,-2.942512401205022e-05
13,107,194,319,0.00018948334036394954
13,108,194,403,-4.1584040445741266e-05
13,109,194,316,-0.00032502508838661015
13,110,194,312,-0.00016808425425551832
13,111,194,311,-5.297315146890469e-05
13,112,194,310,1.3613897863251623e-05
13,113,194,415,-0.0001022383730742149
13,114,194,308,5.221462924964726e-05
13,115,194,324,-0.00016446685185655951
13,116,194,318,-0.00019387750944588333
13,117,194,402,0.00011092850036220625
13,118,194,317,-0.00038815283915027976
14,15,204,202,-6.781557749491185e-05
14,16,204,212,-9.134168067248538e-05
14,17,204,216,-0.0002432689507259056
14,18,204,206,0.00013349558867048472
14,19,204,203,2.6102008632733487e-05
14,20,204,207,6.241670780582353e-05
14,21,204,205,-0.00010104339162353426
14,22,204,98,1.9648838133434765e-05
14,23,204,97,-6.782614218536764e-05
14,24,204,393,-0.0001004206933430396
14,25,204,391,-0.0001623697462491691
14,26,204,322,0.00021325916168279946
14,27,204,410,0.009535830467939377
14,28,204,287,-0.00019157213682774454
14,29,204,273,1.7947710148291662e-05
14,30,204,335,-0.00014373654266819358
14,31,204,406,4.41897900600452e-05
14,32,204,313,0.0001017268659779802
14,33,204,421,1.975383383978624e-05
14,34,204,418,0.00017735699657350779
14,35,204,424,-0.0003356624802108854
14,36,204,422,-3.9319096686085686e-05
14,37,204,432,-4.5109503844287246e-05
14,38,204,436,-0.00017685674538370222
14,39,204,426,7.86953532951884e-05
14,40,204,423,0.00018191964772995561
14,41,204,427,-5.849403532920405e-05
14,42,204,425,5.9374040574766695e-05
14,43,204,327,6.844089512014762e-05
14,44,204,326,-0.00013766436313744634
14,45,204,0,-0.0003310399188194424
14,46,204,37,-4.6726021537324414e-05
14,47,204,39,4.975748379365541e-05
14,48,204,40,-0.0006591875571757555
14,49,204,185,-6.804574695706833e-06
14,50,204,61,-0.00021823993301950395
14,51,204,146,5.122291622683406e-05
14,52,204,91,0.005811517592519522
14,53,204,181,0.08041804283857346
14,54,204,84,0.01922687515616417
14,55,204,17,-0.0010274454252794385
14,56,204,11,-0.0002075078518828377
14,57,204,72,-0.0003840134886559099
14,58,204,73,-2.8342690711724572e-05
14,59,204,74,-0.0004885154776275158
14,60,204,184,2.308170951437205e-05
14,61,204,77,-0.0001784983032848686
14,62,204,90,-0.00016054183652158827
14,63,204,180,0.02395644225180149
14,64,204,85,0.019419018179178238
14,65,204,16,-0.0015273530734702945
14,66,204,12,-0.00016971440345514566
14,67,204,38,-7.297593401744962e-05
14,68,204,41,0.00014345462841447443
14,69,204,42,-0.00016570856678299606
14,70,204,96,-9.872871305560693e-05
14,71,204,89,-0.00016171358583960682
14,72,204,179,-8.477163646603003e-05
14,73,204,86,-0.002923025516793132
14,74,204,15,-0.0003869278298225254
14,75,204,13,-0.00020538608077913523
14,76,204,82,-0.0001946581032825634
14,77,204,81,-0.00011417689529480413
14,78,204,80,-4.181814438197762e-05
14,79,204,191,-2.94796973321354e-05
14,80,204,78,-6.793843931518495e-05
14,81,204,95,0.00011538444232428446
14,82,204,88,-2.4580489480285905e-05
14,83,204,178,-2.7767951905843802e-05
14,84,204,87,-0.0015898578567430377
14,85,204,14,-0.00041845202213153243
14,86,204,267,-8.496668306179345e-05
14,87,204,269,0.000231183526921086
14,88,204,270,4.34853536717128e-05
14,89,204,409,2.6954001441481523e-05
14,90,204,291,-4.912887015962042e-05
14,91,204,375,7.031103450572118e-05
14,92,204,321,8.706640801392496e-05
14,93,204,405,-0.00014716957230120897
14,94,204,314,-0.00045384085387922823
14,95,204,302,-0.0001536350609967485
14,96,204,303,-4.263841765350662e-05
14,97,204,304,-6.839495472377166e-05
14,98,204,408,8.019794040592387e-05
14,99,204,307,-3.532392292981967e-05
14,100,204,320,-0.00019888492533937097
14,101,204,404,-7.768053910695016e-05
14,102,204,315,-0.0003495459968689829
14,103,204,268,-0.00019581563537940383
14,104,204,271,-0.0001155042918981053
14,105,204,272,-0.0001259941782336682
14,106,204,325,0.00020542160200420767
14,107,204,319,3.962122355005704e-05
14,108,204,403,-1.6625099306111224e-05
14,109,204,316,-0.00030185197829268873
14,110,204,312,-5.181333108339459e-05
14,111,204,311,0.00011968518811045215
14,112,204,310,-1.1820325198641513e-05
14,113,204,415,0.0002600782609079033
14,114,204,308,0.00016344657342415303
14,115,204,324,6.11007681072806e-06
14,116,204,318,-0.00016026264347601682
14,117,204,402,0.01639043353497982
14,118,204,317,-0.0011142666917294264
15,16,202,212,-0.00019884752691723406
15,17,202,216,-1.9272421923233196e-05
15,18,202,206,-2.469455466780346e-05
15,19,202,203,-7.981409908097703e-06
15,20,202,207,2.1424384613055736e-05
15,21,202,205,5.9730784414568916e-05
15,22,202,98,0.00010032066347775981
15,23,202,97,-0.00030255576712079346
15,24,202,393,0.00010268048936268315
15,25,202,391,3.764298890018836e-05
15,26,202,322,-7.61941701057367e-05
15,27,202,410,2.8952063075848855e-05
15,28,202,287,-0.0001131174576585181
15,29,202,273,-4.037403778056614e-05
15,30,202,335,0.0002552948135416955
15,31,202,406,0.0003167857357766479
15,32,202,313,-0.00016004053759388626
15,33,202,421,-4.315725527703762e-05
15,34,202,418,-0.0003435580001678318
15,35,202,424,-0.0004532683524303138
15,36,202,422,-1.553955371491611e-05
15,37,202,432,-0.00021948666835669428
15,38,202,436,-0.00038776907604187727
15,39,202,426,5.204848639550619e-05
15,40,202,423,-7.351273325184593e-06
15,41,202,427,-0.0005206893547438085
15,42,202,425,-0.00027053995290771127
15,43,202,327,-0.00019826763309538364
15,44,202,326,-0.00016288444749079645
15,45,202,0,-6.722692342009395e-05
15,46,202,37,5.5020191211951897e-05
15,47,202,39,4.093699317309074e-05
15,48,202,40,-0.0002731395070441067
15,49,202,185,6.48104032734409e-05
15,50,202,61,-0.00038059940561652184
15,51,202,146,0.00015454270760528743
15,52,202,91,7.95109081082046e-05
15,53,202,181,-0.00016838528972584754
15,54,202,84,-0.00038597662933170795
15,55,202,17,-0.00046325562288984656
15,56,202,11,-0.0001780089660314843
15,57,202,72,-0.00037053623236715794
15,58,202,73,-0.0002414552727714181
15,59,202,74,3.406884934520349e-05
15,60,202,184,-0.00021844157890882343
15,61,202,77,-0.00024324085097759962
15,62,202,90,-0.00011656729475362226
15,63,202,180,-0.00040643775719217956
15,64,202,85,-0.0029268916696310043
15,65,202,16,-0.00015516973508056253
15,66,202,12,6.251822924241424e-06
15,67,202,38,-0.00018878078844863921
15,68,202,41,2.2812238967162557e-05
15,69,202,42,-3.815267700701952e-05
15,70,202,96,-3.5548131563700736e-05
15,71,202,89,4.6559536713175476e-05
15,72,202,179,-0.000259124644799158
15,73,202,86,-0.0020033749751746655
15,74,202,15,-0.0010569829028099775
15,75,202,13,3.424592796363868e-05
15,76,202,82,-0.0001803652266971767
15,77,202,81,-8.882643305696547e-05
15,78,202,80,1.451245498174103e-05
15,79,202,191,-4.535508560365997e-05
15,80,202,78,4.572571924654767e-06
15,81,202,95,-7.64987853472121e-05
15,82,202,88,-2.724308433244005e-05
15,83,202,178,-8.95186749403365e-05
15,84,202,87,-0.0005825700936838984
15,85,202,14,-0.0008071912452578545
15,86,202,267,-0.00018295296467840672
15,87,202,269,-3.2427360565634444e-05
15,88,202,270,-9.675307410361711e-06
15,89,202,409,0.0001900724455481395
15,90,202,291,0.00022425489441957325
15,91,202,375,0.00026340328622609377
15,92,202,321,-0.00016788815264590085
15,93,202,405,-0.00014817510964348912
15,94,202,314,-0.0007619324023835361
15,95,202,302,1.746954512782395e-05
15,96,202,303,7.633163477294147e-05
15,97,202,304,-0.00012839018017984927
15,98,202,408,0.00020617809786926955
15,99,202,307,0.0003286312858108431
15,100,202,320,-0.0009873887756839395
15,101,202,404,-4.1042687371373177e-05
15,102,202,315,-0.0002491181658115238
15,103,202,268,-0.00019072981376666576
15,104,202,271,0.0001225625310325995
15,105,202,272,8.394357428187504e-05
15,106,202,325,3.439115607761778e-05
15,107,202,319,-0.000654551200568676
15,108,202,403,-0.0003820456040557474
15,109,202,316,-0.0009603951475583017
15,110,202,312,6.765077614545589e-06
15,111,202,311,-0.00018131680553779006
15,112,202,310,-8.767222607275471e-05
15,113,202,415,3.471244781394489e-05
15,114,202,308,0.00018791612819768488
15,115,202,324,5.466167567647062e-05
15,116,202,318,-0.0002754308807197958
15,117,202,402,-9.394577500643209e-05
15,118,202,317,-0.0010512423468753695
16,17,212,216,-0.00019623017578851432
16,18,212,206,-5.4303665820043534e-05
16,19,212,203,0.00011250590614508837
16,20,212,207,-0.00019297731341794133
16,21,212,205,-7.282393926288933e-05
16,22,212,98,0.00036700625787489116
16,23,212,97,8.085319132078439e-05
16,24,212,393,-0.00014724148786626756
16,25,212,391,-0.0004264204471837729
16,26,212,322,0.00017017009668052197
16,27,212,410,-3.6191257095197216e-05
16,28,212,287,-0.00013604658306576312
16,29,212,273,-0.00019048525427933782
16,30,212,335,-0.00015731521125417203
16,31,212,406,-0.0012143715284764767
16,32,212,313,-0.0008360896608792245
16,33,212,421,-0.000198538982658647
16,34,212,418,-9.654978930484504e-05
16,35,212,424,8.025534043554217e-05
16,36,212,422,-0.00012261369556654245
16,37,212,432,0.00016442299238406122
16,38,212,436,-0.0002866793074645102
16,39,212,426,-0.00018484314205124974
16,40,212,423,-2.1856496459804475e-05
16,41,212,427,2.862856854335405e-05
16,42,212,425,-8.327202522195876e-05
16,43,212,327,0.00020480978128034621
16,44,212,326,5.476639489643276e-05
16,45,212,0,-0.00015008776972535998
16,46,212,37,-0.0002066223678411916
16,47,212,39,-9.021918958751485e-05
16,48,212,40,0.0001256064570043236
16,49,212,185,2.629922346386593e-05
16,50,212,61,4.6947792725404724e-05
16,51,212,146,-0.00017854243924375623
16,52,212,91,2.47287407546537e-05
16,53,212,181,-0.000375531759345904
16,54,212,84,-0.00019951931608375162
16,55,212,17,-0.0013074055314064026
16,56,212,11,-0.0003867183404508978
16,57,212,72,0.00022610505402553827
16,58,212,73,-6.420692807296291e-05
16,59,212,74,-5.4554056987399235e-05
16,60,212,184,0.0001633839710848406
16,61,212,77,-0.00047949739382602274
16,62,212,90,0.00013215653598308563
16,63,212,180,-3.8431448047049344e-05
16,64,212,85,1.3375524758885149e-05
16,65,212,16,-0.0006565054063685238
16,66,212,12,7.981163798831403e-05
16,67,212,38,-0.0003051551466342062
16,68,212,41,5.151781442691572e-05
16,69,212,42,-9.798866813071072e-06
16,70,212,96,-0.0001729158393573016
16,71,212,89,-0.00016798911383375525
16,72,212,179,-0.0003071362152695656
16,73,212,86,-0.0006490314844995737
16,74,212,15,-0.0029326430521905422
16,75,212,13,-0.0005311808781698346
16,76,212,82,-0.0001744136243360117
16,77,212,81,-0.00012939024600200355
16,78,212,80,-0.00018372308113612235
16,79,212,191,-1.8671255020308308e-05
16,80,212,78,3.112246122327633e-05
16,81,212,95,5.3608426242135465e-05
16,82,212,88,0.00020377454347908497
16,83,212,178,-5.091359344078228e-05
16,84,212,87,-0.0016802736790850759
16,85,212,14,-0.00028856159769929945
16,86,212,267,-0.0002804983814712614
16,87,212,269,-4.945414184476249e-05
16,88,212,270,0.00013314667739905417
16,89,212,409,0.00033843121491372585
16,90,212,291,0.0001381797483190894
16,91,212,375,-0.0001407633099006489
16,92,212,321,-0.001079986453987658
16,93,212,405,-0.0013780362205579877
16,94,212,314,-0.00200939760543406
16,95,212,302,1.1786220966314431e-05
16,96,212,303,0.00013220282562542707
16,97,212,304,4.2854706407524645e-05
16,98,212,408,-3.658389687188901e-05
16,99,212,307,0.0002885338617488742
16,100,212,320,-0.0003862818412017077
16,101,212,404,-0.0009392783395014703
16,102,212,315,-0.0009749226737767458
16,103,212,268,3.273686525062658e-05
16,104,212,271,5.7070719776675105e-05
16,105,212,272,-3.234324321965687e-05
16,106,212,325,-0.0002030554023804143
16,107,212,319,-0.00012128092930652201
16,108,212,403,-0.0009860856225714087
16,109,212,316,-0.0003519696183502674
16,110,212,312,-3.718877997016534e-05
16,111,212,311,0.00011997971159871668
16,112,212,310,6.894768011989072e-05
16,113,212,415,0.0005490562762133777
16,114,212,308,0.00043228623690083623
16,115,212,324,-0.00015409247134812176
16,116,212,318,-0.00042890183976851404
16,117,212,402,-5.389798025134951e-05
16,118,212,317,-0.0014744496438652277
17,18,216,206,-0.00012638316547963768
17,19,216,203,-4.445523154572584e-05
17,20,216,207,0.00019767145568039268
17,21,216,205,0.00010159643716178834
17,22,216,98,4.457957766135223e-05
17,23,216,97,-3.1650539312977344e-05
17,24,216,393,-0.00024211802519857883
17,25,216,391,-2.7637868697638623e-05
17,26,216,322,-7.7257958764676e-05
17,27,216,410,6.423568993341178e-05
17,28,216,287,0.0002512754872441292
17,29,216,273,0.00012253284512553364
17,30,216,335,-3.8747337384847924e-05
17,31,216,406,-0.0008256254368461668
17,32,216,313,-0.0013335851253941655
17,33,216,421,-2.7841402697958983e-05
17,34,216,418,-7.557502249255776e-05
17,35,216,424,-0.00022052133863326162
17,36,216,422,-0.00019292552315164357
17,37,216,432,-0.00014899430971127003
17,38,216,436,-0.00020835119357798249
17,39,216,426,2.0117848180234432e-05
17,40,216,423,-0.0003267320280428976
17,41,216,427,0.00013590669550467283
17,42,216,425,-1.2120323845010716e-05
17,43,216,327,1.4770816051168367e-05
17,44,216,326,-0.00012401440471876413
17,45,216,0,0.00020151559147052467
17,46,216,37,-0.0001076486732927151
17,47,216,39,-0.00011657791765173897
17,48,216,40,2.9802302378811873e-05
17,49,216,185,2.4727236450416967e-05
17,50,216,61,-1.2800475815311074e-05
17,51,216,146,9.433904324396281e-07
17,52,216,91,4.62832031189464e-06
17,53,216,181,0.00027397743542678654
17,54,216,84,3.44933032465633e-05
17,55,216,17,-0.0008181331213563681
17,56,216,11,-2.8694106731563807e-05
17,57,216,72,-0.00016685713490005583
17,58,216,73,3.244572872063145e-05
17,59,216,74,-6.179270712891594e-05
17,60,216,184,-7.198204912128858e-07
17,61,216,77,-3.7319983675843105e-05
17,62,216,90,4.3696123611880466e-05
17,63,216,180,-7.41945841582492e-05
17,64,216,85,-5.3703006415162235e-05
17,65,216,16,-0.0011178631102666259
17,66,216,12,0.00013167782162781805
17,67,216,38,-0.0002869243617169559
17,68,216,41,-0.00019466353114694357
17,69,216,42,1.5110073945834301e-05
17,70,216,96,2.1264258975861594e-05
17,71,216,89,-0.0003127656236756593
17,72,216,179,-0.00023499253438785672
17,73,216,86,-0.00013035644951742142
17,74,216,15,-0.009276273660361767
17,75,216,13,0.00020146925817243755
17,76,216,82,-1.3508404663298279e-05
17,77,216,81,-9.702082752482966e-05
17,78,216,80,-5.042372504249215e-05
17,79,216,191,-0.00026420262292958796
17,80,216,78,7.71757258917205e-05
17,81,216,95,4.643339252652368e-06
17,82,216,88,-0.0003315659414511174
17,83,216,178,5.611786491499515e-06
17,84,216,87,-0.0015644952654838562
17,85,216,14,-0.00026560138212516904
17,86,216,267,-1.5233609701681416e-05
17,87,216,269,-0.0001283034507650882
17,88,216,270,0.00014468359586317092
17,89,216,409,5.87360882491339e-05
17,90,216,291,1.8391550838714465e-05
17,91,216,375,-2.663545274117496e-05
17,92,216,321,8.856891327013727e-06
17,93,216,405,-0.0001900950592244044
17,94,216,314,-0.0009416824905201793
17,95,216,302,0.00021894070960115641
17,96,216,303,-9.802091517485678e-05
17,97,216,304,0.0003905601042788476
17,98,216,408,0.00028316123643890023
17,99,216,307,-6.955613935133442e-05
17,100,216,320,-4.181819531368092e-05
17,101,216,404,-0.0014220463344827294
17,102,216,315,-0.001002128585241735
17,103,216,268,-6.891514203744009e-05
17,104,216,271,-9.005204628920183e-05
17,105,216,272,-0.00014490672037936747
17,106,216,325,-3.148467658320442e-05
17,107,216,319,-1.4644885595771484e-05
17,108,216,403,-0.0002493122883606702
17,109,216,316,-0.0006514291744679213
17,110,216,312,-4.994691698811948e-05
17,111,216,311,-0.00022347595950122923
17,112,216,310,0.0001998083753278479
17,113,216,415,0.05569447949528694
17,114,216,308,6.116399163147435e-05
17,115,216,324,9.617357864044607e-05
17,116,216,318,-0.000124894329928793
17,117,216,402,-0.0006309363525360823
17,118,216,317,-0.00023995546507649124
18,19,206,203,7.969385478645563e-05
18,20,206,207,4.028202602057718e-05
18,21,206,205,-2.991793917317409e-05
18,22,206,98,-8.252386760432273e-05
18,23,206,97,-0.00020700051391031593
18,24,206,393,8.847309072734788e-05
18,25,206,391,-4.9414429668104276e-05
18,26,206,322,0.000258839427260682
18,27,206,410,5.195607081986964e-05
18,28,206,287,0.00025089355767704546
18,29,206,273,-0.0001482921652495861
18,30,206,335,-0.0004049092240165919
18,31,206,406,-3.9346294215647504e-05
18,32,206,313,-0.0009414919768460095
18,33,206,421,-1.81422547029797e-05
18,34,206,418,-0.00012099668674636632
18,35,206,424,-0.0003064543125219643
18,36,206,422,-0.0007713870145380497
18,37,206,432,-5.3483036026591435e-05
18,38,206,436,-0.0004538488865364343
18,39,206,426,0.00026818772312253714
18,40,206,423,-3.872476008837111e-05
18,41,206,427,-0.00025546515826135874
18,42,206,425,-0.00011116150562884286
18,43,206,327,-8.677173900650814e-05
18,44,206,326,3.906458732672036e-05
18,45,206,0,-3.487392677925527e-05
18,46,206,37,-0.00020677562861237675
18,47,206,39,2.5552062652423047e-06
18,48,206,40,-3.681295129354112e-05
18,49,206,185,-9.570693509886041e-05
18,50,206,61,-0.00018250530411023647
18,51,206,146,0.0001842734927777201
18,52,206,91,-0.0005507883615791798
18,53,206,181,-0.0007859531906433403
18,54,206,84,-0.0004942623781971633
18,55,206,17,-0.0005817291093990207
18,56,206,11,-0.00019369849178474396
18,57,206,72,-0.00017797040345612913
18,58,206,73,-2.8928203391842544e-05
18,59,206,74,0.00026592781068757176
18,60,206,184,0.00010078222840093076
18,61,206,77,-0.0007731352816335857
18,62,206,90,1.5613420600857353e-06
18,63,206,180,-0.00026030358276329935
18,64,206,85,-0.0002331399591639638
18,65,206,16,-0.0001366144570056349
18,66,206,12,-0.000498550187330693
18,67,206,38,7.857562741264701e-05
18,68,206,41,-0.00019978240015916526
18,69,206,42,-4.425887163961306e-05
18,70,206,96,-2.6701627575675957e-05
18,71,206,89,-0.0001993615587707609
18,72,206,179,4.8876958317123353e-05
18,73,206,86,-0.000266214192379266
18,74,206,15,-0.0008483275305479765
18,75,206,13,-1.3705638593819458e-05
18,76,206,82,-0.00024283894163090736
18,77,206,81,-6.835653766756877e-05
18,78,206,80,-0.00012286393030080944
18,79,206,191,-0.0004363441839814186
18,80,206,78,1.4485653082374483e-05
18,81,206,95,-0.0003109477984253317
18,82,206,88,-0.00016614947526250035
18,83,206,178,-0.00023152849462348968
18,84,206,87,-0.001936561893671751
18,85,206,14,-0.0003439943538978696
18,86,206,267,-0.00020244630286470056
18,87,206,269,-0.00028053054120391607
18,88,206,270,-3.243633182137273e-05
18,89,206,409,-0.00014201155863702297
18,90,206,291,0.00020162096188869327
18,91,206,375,9.072622196981683e-05
18,92,206,321,-0.0002747071557678282
18,93,206,405,-0.0007008197717368603
18,94,206,314,-0.0004675264935940504
18,95,206,302,-0.00023713498376309872
18,96,206,303,-0.00011359955533407629
18,97,206,304,-0.00022188042930793017
18,98,206,408,0.00023927282018121332
18,99,206,307,-0.00010473925794940442
18,100,206,320,-0.00020261479949112982
18,101,206,404,-0.000952284608501941
18,102,206,315,-0.0010181318502873182
18,103,206,268,-0.0003483887412585318
18,104,206,271,-2.5032131816260517e-05
18,105,206,272,-8.706338121555746e-06
18,106,206,325,-0.00011103558063041419
18,107,206,319,-0.00022389947844203562
18,108,206,403,-0.00038386418600566685
18,109,206,316,-0.00042614975245669484
18,110,206,312,-7.985369848029222e-06
18,111,206,311,4.564137998386286e-05
18,112,206,310,-0.00030625832732766867
18,113,206,415,-0.000209366247872822
18,114,206,308,0.15480247139930725
18,115,206,324,0.00011969330807914957
18,116,206,318,-0.0001427442766726017
18,117,206,402,-0.0002664782805368304
18,118,206,317,-0.0005744036752730608
19,20,203,207,-2.1304971596691757e-05
19,21,203,205,0.00014542907592840493
19,22,203,98,-0.00030196699663065374
19,23,203,97,-0.0005439511151053011
19,24,203,393,-0.00013178898370824754
19,25,203,391,-0.00031376609695144
19,26,203,322,-2.1434248083096463e-06
19,27,203,410,-0.00014046317664906383
19,28,203,287,-0.00016954916645772755
19,29,203,273,-0.00037901397445239127
19,30,203,335,-0.00022024809732101858
19,31,203,406,-0.0004714418901130557
19,32,203,313,-0.0002771915460471064
19,33,203,421,0.00015294126933440566
19,34,203,418,-0.0002412082685623318
19,35,203,424,-0.00020929344464093447
19,36,203,422,-0.00023130311456043273
19,37,203,432,4.910285497317091e-06
19,38,203,436,-6.904434849275276e-05
19,39,203,426,6.150575063657016e-05
19,40,203,423,-0.00021414022194221616
19,41,203,427,-7.566124259028584e-05
19,42,203,425,-0.00010159649536944926
19,43,203,327,-3.840643694275059e-05
19,44,203,326,-0.00011483287380542606
19,45,203,0,-0.0006572642596438527
19,46,203,37,-0.000370916590327397
19,47,203,39,-0.00014095488586463034
19,48,203,40,-0.00039308538543991745
19,49,203,185,-0.00014328621909953654
19,50,203,61,-0.000240622743149288
19,51,203,146,0.00018881018331740052
19,52,203,91,-0.00014098381507210433
19,53,203,181,-0.00012124038767069578
19,54,203,84,-0.0005063550779595971
19,55,203,17,-0.0006243844982236624
19,56,203,11,-0.0005661715986207128
19,57,203,72,-0.00018826042651198804
19,58,203,73,-0.00020863366080448031
19,59,203,74,-3.975636718678288e-05
19,60,203,184,2.576441147539299e-05
19,61,203,77,5.715940278605558e-05
19,62,203,90,-0.00024233492149505764
19,63,203,180,-0.00012266273552086204
19,64,203,85,-0.00046460056910291314
19,65,203,16,-0.00024056162510532886
19,66,203,12,-0.00021813280181959271
19,67,203,38,-0.0001759590522851795
19,68,203,41,6.199583731358871e-05
19,69,203,42,-0.0002878233208321035
19,70,203,96,-7.35833600629121e-05
19,71,203,89,-0.00030505264294333756
19,72,203,179,1.5005467503215186e-05
19,73,203,86,-0.0014951230259612203
19,74,203,15,-0.000646672211587429
19,75,203,13,-0.00045314329327084124
19,76,203,82,-9.165816300082952e-05
19,77,203,81,-8.953976794146001e-05
19,78,203,80,-0.0001901028590509668
19,79,203,191,2.027814662142191e-05
19,80,203,78,0.0004741020093206316
19,81,203,95,9.731103091326077e-06
19,82,203,88,-0.0008300574263557792
19,83,203,178,-0.0002435202623018995
19,84,203,87,-0.0001846353552537039
19,85,203,14,-0.002146630547940731
19,86,203,267,-0.00011433750478317961
19,87,203,269,-0.00027990626404061913
19,88,203,270,2.508360194042325e-05
19,89,203,409,-0.00031504390062764287
19,90,203,291,0.00028743717120960355
19,91,203,375,-0.0002502826973795891
19,92,203,321,7.866239320719615e-05
19,93,203,405,-0.00027864344883710146
19,94,203,314,-0.0002216939756181091
19,95,203,302,-5.732266799896024e-06
19,96,203,303,-5.6822002079570666e-05
19,97,203,304,-0.00029017697670497
19,98,203,408,-0.0002187813661294058
19,99,203,307,-0.0004685905878432095
19,100,203,320,-0.00033202811027877033
19,101,203,404,-0.000401645025704056
19,102,203,315,-8.197787974495441e-05
19,103,203,268,-0.00014997550169937313
19,104,203,271,-6.3329111981147435e-06
19,105,203,272,-0.00030540680745616555
19,106,203,325,-0.00031063356436789036
19,107,203,319,-0.00012236849579494447
19,108,203,403,-0.0005549522466026247
19,109,203,316,-0.0004055252647958696
19,110,203,312,-0.00033557508140802383
19,111,203,311,-0.000167098842211999
19,112,203,310,-8.756840543355793e-05
19,113,203,415,0.00021818718232680112
19,114,203,308,-0.0004164252895861864
19,115,203,324,-0.00012653942394535989
19,116,203,318,6.85456907376647e-05
19,117,203,402,-7.826957880752161e-05
19,118,203,317,-0.00038183407741598785
20,21,207,205,-6.156858580652624e-05
20,22,207,98,-0.00041764433262869716
20,23,207,97,0.00011662467295536771
20,24,207,393,4.834026185562834e-05
20,25,207,391,0.0001337533030891791
20,26,207,322,-8.012222679099068e-05
20,27,207,410,-2.1481704948200786e-07
20,28,207,287,6.167941319290549e-05
20,29,207,273,-0.00011537028331076726
20,30,207,335,-0.0016292856307700276
20,31,207,406,-0.00013160506205167621
20,32,207,313,-0.0008696833974681795
20,33,207,421,-0.00026165772578679025
20,34,207,418,-0.00021905127505306154
20,35,207,424,-0.00025710120098665357
20,36,207,422,-0.000864413334056735
20,37,207,432,-0.0002003746631089598
20,38,207,436,-0.00016660249093547463
20,39,207,426,-0.0001020789859467186
20,40,207,423,-2.1496409317478538e-05
20,41,207,427,-0.00020499582751654088
20,42,207,425,0.00015667326806578785
20,43,207,327,-2.7066871552960947e-05
20,44,207,326,-0.00011902753612957895
20,45,207,0,-0.000145992889883928
20,46,207,37,-0.0002402133250143379
20,47,207,39,-2.247862175863702e-05
20,48,207,40,-0.00023528635210823268
20,49,207,185,-0.0005765209207311273
20,50,207,61,9.423880692338571e-05
20,51,207,146,0.0001478587364545092
20,52,207,91,-6.040695370757021e-05
20,53,207,181,-5.878082447452471e-06
20,54,207,84,2.3959702957654372e-05
20,55,207,17,-0.001982538728043437
20,56,207,11,-8.744971273699775e-05
20,57,207,72,-0.00010786668281070888
20,58,207,73,-0.00023676358978264034
20,59,207,74,-0.0002779315982479602
20,60,207,184,3.1395680707646534e-05
20,61,207,77,-4.399098179419525e-05
20,62,207,90,2.9817920221830718e-05
20,63,207,180,0.0001902592193800956
20,64,207,85,-3.0499246349791065e-05
20,65,207,16,-0.0010400747414678335
20,66,207,12,-0.0003182587679475546
20,67,207,38,1.966807758435607e-05
20,68,207,41,2.3675107513554394e-05
20,69,207,42,-9.403264994034544e-05
20,70,207,96,-0.00021604094945359975
20,71,207,89,-4.3093092244816944e-05
20,72,207,179,-0.0002080017002299428
20,73,207,86,-0.0003002573212143034
20,74,207,15,-0.0001211408743984066
20,75,207,13,-9.68442254816182e-05
20,76,207,82,-2.891447365982458e-05
20,77,207,81,0.00010413573909318075
20,78,207,80,-2.6248626454616897e-05
20,79,207,191,0.00012829240586142987
20,80,207,78,0.00010271711653331295
20,81,207,95,-0.00019376829732209444
20,82,207,88,-0.00031941651832312346
20,83,207,178,-7.548929715994745e-05
20,84,207,87,-9.348903404315934e-05
20,85,207,14,-3.7659865483874455e-05
20,86,207,267,4.142982652410865e-05
20,87,207,269,-3.059050141018815e-05
20,88,207,270,0.0003471128293313086
20,89,207,409,-0.00015275944315362722
20,90,207,291,0.00025278222165070474
20,91,207,375,-0.00030577651341445744
20,92,207,321,-1.2720503036689479e-05
20,93,207,405,3.7687710573663935e-05
20,94,207,314,-0.0006391219794750214
20,95,207,302,-0.0004081997321918607
20,96,207,303,-1.6049224313974264e-06
20,97,207,304,0.0003669122525025159
20,98,207,408,-0.00017329568800050765
20,99,207,307,-0.00019928190158680081
20,100,207,320,-4.26408187195193e-05
20,101,207,404,-0.0006396750686690211
20,102,207,315,-0.0004862687783315778
20,103,207,268,-0.00021638981706928462
20,104,207,271,-0.00035478529753163457
20,105,207,272,-0.00015551723481621593
20,106,207,325,-0.00018482979794498533
20,107,207,319,-0.00041370370308868587
20,108,207,403,-0.0005084734293632209
20,109,207,316,-0.00010298600682290271
20,110,207,312,-0.0004828604287467897
20,111,207,311,-4.4991244067205116e-05
20,112,207,310,-0.00017707684310153127
20,113,207,415,-0.00027661913190968335
20,114,207,308,-3.954338899347931e-05
20,115,207,324,0.00021017255494371057
20,116,207,318,-0.000318296835757792
20,117,207,402,-0.00022564741084352136
20,118,207,317,-0.0007722932496108115
21,22,205,98,-8.998815610539168e-05
21,23,205,97,-0.0006732403999194503
21,24,205,393,-0.0004709276254288852
21,25,205,391,0.00011488227755762637
21,26,205,322,-0.0003649025456979871
21,27,205,410,-0.00031359365675598383
21,28,205,287,-0.00025354072568006814
21,29,205,273,-0.00012662209337577224
21,30,205,335,6.926728383405134e-05
21,31,205,406,-0.0005987684126012027
21,32,205,313,-9.806829621084034e-05
21,33,205,421,-0.00020028908329550177
21,34,205,418,-0.00021562039910349995
21,35,205,424,8.161499863490462e-05
21,36,205,422,-4.433275535120629e-05
21,37,205,432,-5.731263445341028e-05
21,38,205,436,-0.00023309403331950307
21,39,205,426,-0.00017379614291712642
21,40,205,423,-0.00018797926895786077
21,41,205,427,-0.00016288820188492537
21,42,205,425,0.00010220686090178788
21,43,205,327,4.870112024946138e-05
21,44,205,326,2.9058299332973547e-05
21,45,205,0,9.603803482605144e-05
21,46,205,37,-6.819822010584176e-05
21,47,205,39,0.00019088776025455445
21,48,205,40,0.00011273749259999022
21,49,205,185,9.054663678398356e-06
21,50,205,61,-1.1726649063348304e-05
21,51,205,146,-0.0001299341965932399
21,52,205,91,-0.00018476105469744653
21,53,205,181,4.4050491851521656e-05
21,54,205,84,1.736054582579527e-05
21,55,205,17,-0.00018034485401585698
21,56,205,11,-0.00011955551599385217
21,57,205,72,-0.0003378144756425172
21,58,205,73,0.00015997308946680278
21,59,205,74,-8.040372631512582e-05
21,60,205,184,-0.0001828861131798476
21,61,205,77,-1.2638149200938642e-05
21,62,205,90,-0.0001023222430376336
21,63,205,180,-0.0004136959323659539
21,64,205,85,-0.00011942029959755018
21,65,205,16,-0.000910287955775857
21,66,205,12,-5.053001223132014e-05
21,67,205,38,-0.00021294626640155911
21,68,205,41,-3.789941911236383e-05
21,69,205,42,0.00019348169735167176
21,70,205,96,-0.0004808595112990588
21,71,205,89,-7.535568147432059e-05
21,72,205,179,-9.122730989474803e-05
21,73,205,86,-0.0004824283823836595
21,74,205,15,-0.0007651770138181746
21,75,205,13,-0.0002656533906701952
21,76,205,82,4.6642184315714985e-05
21,77,205,81,-4.151042230660096e-05
21,78,205,80,0.0001205940789077431
21,79,205,191,-3.347486926941201e-05
21,80,205,78,0.0002948003530036658
21,81,205,95,-0.00033785117557272315
21,82,205,88,-0.00012730401067528874
21,83,205,178,-5.9721878642449155e-05
21,84,205,87,-0.0003561099001672119
21,85,205,14,-0.0003892012464348227
21,86,205,267,-0.00027697350014932454
21,87,205,269,-0.00018861850549001247
21,88,205,270,0.0001363700139336288
21,89,205,409,-1.8803491911967285e-05
21,90,205,291,-0.00018088881915900856
21,91,205,375,-0.000802192254923284
21,92,205,321,0.00032193170045502484
21,93,205,405,-2.7243297154200263e-05
21,94,205,314,-0.0016649317694827914
21,95,205,302,-0.00018610252300277352
21,96,205,303,-0.00016594228509347886
21,97,205,304,-0.0001934668980538845
21,98,205,408,0.0003089648380409926
21,99,205,307,-0.00021601442131213844
21,100,205,320,1.0443957762618084e-05
21,101,205,404,-0.0009246135014109313
21,102,205,315,-0.001159901381470263
21,103,205,268,-0.00029428076231852174
21,104,205,271,-0.0013021944323554635
21,105,205,272,1.8840823031496257e-05
21,106,205,325,-1.3159482477931306e-05
21,107,205,319,-0.000452750944532454
21,108,205,403,-0.001504966290667653
21,109,205,316,-0.0013575172051787376
21,110,205,312,5.171228986000642e-05
21,111,205,311,7.911475404398516e-05
21,112,205,310,6.250075330171967e-06
21,113,205,415,3.6485580494627357e-05
21,114,205,308,0.00015567586524412036
21,115,205,324,-0.0006145628867670894
21,116,205,318,-6.912498793099076e-05
21,117,205,402,-0.0006719529046677053
21,118,205,317,-0.000402239355025813
22,23,98,97,-0.00019826882635243237
22,24,98,393,-0.00016198954835999757
22,25,98,391,-0.00019941688515245914
22,26,98,322,-0.0003650686121545732
22,27,98,410,-0.0003562834463082254
22,28,98,287,-0.00015425797028001398
22,29,98,273,-5.856156349182129e-05
22,30,98,335,0.00012668072304222733
22,31,98,406,-0.0002501433191355318
22,32,98,313,-0.00030422245617955923
22,33,98,421,2.9372857170528732e-05
22,34,98,418,-0.000117090719868429
22,35,98,424,-2.3971570044523105e-05
22,36,98,422,7.869615365052596e-05
22,37,98,432,4.0995055314851925e-05
22,38,98,436,2.5848083168966696e-05
22,39,98,426,0.00020374315499793738
22,40,98,423,1.4088018360780552e-05
22,41,98,427,0.00024871292407624424
22,42,98,425,4.413294300320558e-05
22,43,98,327,1.2625853742065374e-05
22,44,98,326,-0.00023904464615043253
22,45,98,0,-0.00011771277786465362
22,46,98,37,9.860302088782191e-05
22,47,98,39,8.136655378621072e-05
22,48,98,40,-0.00014633714454248548
22,49,98,185,-0.0004616529040504247
22,50,98,61,4.054988676216453e-05
22,51,98,146,-6.677700002910569e-05
22,52,98,91,0.00014761723286937922
22,53,98,181,-0.00012640986824408174
22,54,98,84,0.002899014623835683
22,55,98,17,-0.005129722412675619
22,56,98,11,-0.0008019013330340385
22,57,98,72,-0.00020742400374729186
22,58,98,73,-3.643270974862389e-05
22,59,98,74,7.431937410729006e-05
22,60,98,184,1.9176652131136507e-05
22,61,98,77,-1.562438228575047e-05
22,62,98,90,-0.00017477611254435033
22,63,98,180,-0.00010445712541695684
22,64,98,85,-0.00015312491450458765
22,65,98,16,-0.0004363220068626106
22,66,98,12,-7.699117850279436e-05
22,67,98,38,5.880677417735569e-05
22,68,98,41,2.234511703136377e-05
22,69,98,42,-0.00012227491242811084
22,70,98,96,-0.00018000892305281013
22,71,98,89,-0.0001345430064247921
22,72,98,179,-0.0004008093965239823
22,73,98,86,-0.00012133424024796113
22,74,98,15,-0.00017814124294091016
22,75,98,13,-0.00034253651392646134
22,76,98,82,0.0001492688897997141
22,77,98,81,8.071596676018089e-05
22,78,98,80,0.00014623253082390875
22,79,98,191,-7.667918544029817e-05
22,80,98,78,3.776401354116388e-05
22,81,98,95,-5.8758298109751195e-05
22,82,98,88,-0.00021202639618422836
22,83,98,178,3.389717312529683e-05
22,84,98,87,-0.00018657115288078785
22,85,98,14,-0.005648524034768343
22,86,98,267,-0.0002805666590575129
22,87,98,269,-0.0004076855257153511
22,88,98,270,0.00020419379870872945
22,89,98,409,-0.0002504721924196929
22,90,98,291,-0.00031443050829693675
22,91,98,375,-0.00018396947416476905
22,92,98,321,-5.1158600399503484e-05
22,93,98,405,-0.00029832450672984123
22,94,98,314,-0.0004855678416788578
22,95,98,302,-0.0002593403623905033
22,96,98,303,-9.582345956005156e-05
22,97,98,304,6.695473530271556e-06
22,98,98,408,-0.0002057907113339752
22,99,98,307,-8.511207124684006e-05
22,100,98,320,-0.00013699990813620389
22,101,98,404,-0.0004520345537457615
22,102,98,315,-0.00010453327558934689
22,103,98,268,0.00017709092935547233
22,104,98,271,-5.4692558478564024e-05
22,105,98,272,-0.00023720924218650907
22,106,98,325,0.000238555803662166
22,107,98,319,9.170851262751967e-05
22,108,98,403,-0.00014440878294408321
22,109,98,316,-0.0005945818847976625
22,110,98,312,-3.7073092244099826e-05
22,111,98,311,-0.00018697197083383799
22,112,98,310,-0.00046279962407425046
22,113,98,415,-0.00012888442142866552
22,114,98,308,5.542193775909254e-06
22,115,98,324,-0.00048310664715245366
22,116,98,318,-0.0004584697016980499
22,117,98,402,-0.0007685214513912797
22,118,98,317,-6.319748354144394e-05
23,24,97,393,-0.00020260542805772275
23,25,97,391,-2.3812328436179087e-05
23,26,97,322,-2.806339216476772e-05
23,27,97,410,-0.00029086347785778344
23,28,97,287,2.2635416826233268e-05
23,29,97,273,2.7783040422946215e-05
23,30,97,335,-0.0002374810865148902
23,31,97,406,-0.0003590685373637825
23,32,97,313,-0.00031032392871566117
23,33,97,421,-0.0003395410312805325
23,34,97,418,-4.7291603550547734e-05
23,35,97,424,-1.432535736967111e-05
23,36,97,422,-0.0003411661891732365
23,37,97,432,-0.0004438764008227736
23,38,97,436,5.979309935355559e-05
23,39,97,426,-7.368232036242262e-05
23,40,97,423,-8.587079355493188e-05
23,41,97,427,-3.287626532255672e-05
23,42,97,425,0.00020907536963932216
23,43,97,327,3.3927088225027546e-05
23,44,97,326,4.934336175210774e-05
23,45,97,0,-0.00028537047910504043
23,46,97,37,-0.000514930346980691
23,47,97,39,3.8147441955516115e-05
23,48,97,40,0.00010837343143066391
23,49,97,185,8.394139149459079e-05
23,50,97,61,-0.0002316819445695728
23,51,97,146,-0.00011059616372222081
23,52,97,91,-0.00010680803097784519
23,53,97,181,0.00019977208285126835
23,54,97,84,2.2891321350471117e-05
23,55,97,17,-0.0002825105038937181
23,56,97,11,-0.00043000472942367196
23,57,97,72,-0.00024003491853363812
23,58,97,73,2.7007878088625148e-05
23,59,97,74,-9.95442460407503e-05
23,60,97,184,-0.00030619691824540496
23,61,97,77,-8.239234739448875e-05
23,62,97,90,3.375414053152781e-06
23,63,97,180,0.00017169299826491624
23,64,97,85,-0.00028631152235902846
23,65,97,16,-0.002405719365924597
23,66,97,12,2.3174243324319832e-05
23,67,97,38,-0.00021031168580520898
23,68,97,41,0.00013521636719815433
23,69,97,42,-9.62162739597261e-05
23,70,97,96,-2.035446959780529e-05
23,71,97,89,5.246364526101388e-05
23,72,97,179,0.000431747263064608
23,73,97,86,-8.741715282667428e-05
23,74,97,15,-0.0006598558975383639
23,75,97,13,-8.772640285314992e-05
23,76,97,82,1.4885286873322912e-05
23,77,97,81,5.4721291235182434e-05
23,78,97,80,-9.70218243310228e-05
23,79,97,191,0.035638999193906784
23,80,97,78,-0.00011097493552369997
23,81,97,95,7.389950769720599e-05
23,82,97,88,0.00015207049727905542
23,83,97,178,9.470314398640767e-05
23,84,97,87,-0.00014240363088902086
23,85,97,14,-0.001696215127594769
23,86,97,267,-7.130196536309086e-06
23,87,97,269,-0.00010246178135275841
23,88,97,270,-0.0001124406699091196
23,89,97,409,-0.00011257345613557845
23,90,97,291,3.2833413570187986e-05
23,91,97,375,0.00012203762889839709
23,92,97,321,-0.00035813249996863306
23,93,97,405,-9.462547313887626e-05
23,94,97,314,-0.0014182223239913583
23,95,97,302,-0.0003720522508956492
23,96,97,303,-0.00016545473772566766
23,97,97,304,-8.739673648960888e-05
23,98,97,408,4.108477514819242e-05
23,99,97,307,0.00015166618686635047
23,100,97,320,-0.00012661248911172152
23,101,97,404,-0.0005658833542838693
23,102,97,315,-0.0006894991383887827
23,103,97,268,-0.028919409960508347
23,104,97,271,3.1937008316162974e-05
23,105,97,272,-0.0003253591130487621
23,106,97,325,6.26665132585913e-05
23,107,97,319,-0.0003889377985615283
23,108,97,403,-0.0004786890640389174
23,109,97,316,-0.00019673709175549448
23,110,97,312,-0.05361604318022728
23,111,97,311,-0.024813082069158554
23,112,97,310,7.312768138945103e-05
23,113,97,415,-2.3350476112682372e-05
23,114,97,308,-0.0003802152059506625
23,115,97,324,-0.00021964976622257382
23,116,97,318,-0.00016075529856607318
23,117,97,402,-0.00010105749970534816
23,118,97,317,-0.0002465598226990551
24,25,393,391,-0.00036648736568167806
24,26,393,322,3.6496527172857895e-05
24,27,393,410,-0.0001573302288306877
24,28,393,287,8.347677794517949e-05
24,29,393,273,-3.797530735027976e-05
24,30,393,335,-0.0001742512540658936
24,31,393,406,-0.00020308604871388525
24,32,393,313,-0.00016139989020302892
24,33,393,421,1.5270027233782457e-06
24,34,393,418,-0.00021495115652214736
24,35,393,424,3.850749635603279e-05
24,36,393,422,-0.00020050925377290696
24,37,393,432,0.00017356834723614156
24,38,393,436,0.0002001118555199355
24,39,393,426,-0.0001217794997501187
24,40,393,423,0.00010504403326194733
24,41,393,427,-5.1525101298466325e-05
24,42,393,425,7.093847671058029e-05
24,43,393,327,-9.218295599566773e-05
24,44,393,326,6.425416358979419e-05
24,45,393,0,-0.00011949945474043489
24,46,393,37,-0.0002736794704105705
24,47,393,39,-0.00010031445708591491
24,48,393,40,-0.0001520825899206102
24,49,393,185,-1.0368644325353671e-05
24,50,393,61,0.00015371304471045732
24,51,393,146,4.163076664553955e-05
24,52,393,91,7.189671305241063e-05
24,53,393,181,8.508614700986072e-05
24,54,393,84,-8.573823288315907e-05
24,55,393,17,0.005439780652523041
24,56,393,11,0.00028646105783991516
24,57,393,72,0.00030702113872393966
24,58,393,73,7.173424091888592e-05
24,59,393,74,-4.360488674137741e-06
24,60,393,184,0.00018850056221708655
24,61,393,77,-0.0001464376546209678
24,62,393,90,-0.0001789942180039361
24,63,393,180,0.0004928048001602292
24,64,393,85,0.00014358949556481093
24,65,393,16,0.0005452734767459333
24,66,393,12,9.110229439102113e-05
24,67,393,38,4.822569462703541e-05
24,68,393,41,-1.5487066775676794e-05
24,69,393,42,3.004665813932661e-05
24,70,393,96,0.00028540316270664334
24,71,393,89,0.00019252821221016347
24,72,393,179,4.53082138847094e-05
24,73,393,86,0.00014949550677556545
24,74,393,15,0.0007803167682141066
24,75,393,13,5.700576730305329e-05
24,76,393,82,-6.484417826868594e-05
24,77,393,81,2.040990329987835e-05
24,78,393,80,-8.314305887324736e-05
24,79,393,191,1.4020458365848754e-05
24,80,393,78,-0.00011364683450665325
24,81,393,95,-0.00016343597962986678
24,82,393,88,5.386552402342204e-06
24,83,393,178,0.0005342093063518405
24,84,393,87,0.0008117632241919637
24,85,393,14,0.0008953316719271243
24,86,393,267,0.00012830250489059836
24,87,393,269,-0.00012575904838740826
24,88,393,270,-6.166400999063626e-05
24,89,393,409,0.00012161276390543208
24,90,393,291,-4.048151822644286e-05
24,91,393,375,-9.090890671359375e-05
24,92,393,321,-0.010159754194319248
24,93,393,405,-0.0017237813444808125
24,94,393,314,4.422483925736742e-06
24,95,393,302,6.689110159641132e-05
24,96,393,303,-5.4419611842604354e-05
24,97,393,304,-3.102797199971974e-05
24,98,393,408,2.7721947844838724e-05
24,99,393,307,0.00011859217192977667
24,100,393,320,-0.00010398495214758441
24,101,393,404,-0.00025088555412366986
24,102,393,315,-8.008984150364995e-05
24,103,393,268,5.180383595870808e-05
24,104,393,271,-0.00021810857288073748
24,105,393,272,-9.339651296613738e-05
24,106,393,325,-1.775219789124094e-05
24,107,393,319,-0.0009717010543681681
24,108,393,403,-0.0002297793107572943
24,109,393,316,0.0001233185175806284
24,110,393,312,9.43080067372648e-06
24,111,393,311,0.0001237605174537748
24,112,393,310,-0.00012715058983303607
24,113,393,415,6.677152850897983e-05
24,114,393,308,4.2721021600300446e-05
24,115,393,324,7.897603791207075e-05
24,116,393,318,0.00014968383766245097
24,117,393,402,-0.000818347733002156
24,118,393,317,0.0002724570222198963
25,26,391,322,-4.556426210911013e-05
25,27,391,410,-0.00011599644494708627
25,28,391,287,-0.00033521594014018774
25,29,391,273,0.0001539380755275488
25,30,391,335,-9.571787813911214e-05
25,31,391,406,0.00012048208009218797
25,32,391,313,0.0009210130665451288
25,33,391,421,9.784162102732807e-05
25,34,391,418,-0.05432570353150368
25,35,391,424,1.1069083484471776e-05
25,36,391,422,2.260720430058427e-05
25,37,391,432,-8.902682748157531e-05
25,38,391,436,0.00025391008239239454
25,39,391,426,0.000297446153126657
25,40,391,423,5.3481508075492457e-05
25,41,391,427,-0.00010718901467043906
25,42,391,425,8.581496513215825e-05
25,43,391,327,3.465773625066504e-05
25,44,391,326,0.00011199727305211127
25,45,391,0,7.728906894044485e-06
25,46,391,37,-9.65696199273225e-06
25,47,391,39,-0.0001689518103376031
25,48,391,40,-1.2592935490829404e-05
25,49,391,185,-2.049845534202177e-05
25,50,391,61,0.00023584857990499586
25,51,391,146,-7.870801346143708e-05
25,52,391,91,0.0003586505481507629
25,53,391,181,0.00014076352817937732
25,54,391,84,0.0010439561447128654
25,55,391,17,0.00270477426238358
25,56,391,11,7.302620360860601e-05
25,57,391,72,0.00011610397632466629
25,58,391,73,-7.161447865655646e-05
25,59,391,74,-0.00020467425929382443
25,60,391,184,3.2129646569956094e-05
25,61,391,77,0.00018674402963370085
25,62,391,90,3.689772711368278e-05
25,63,391,180,0.0005103268777020276
25,64,391,85,0.0011332029243931174
25,65,391,16,0.0014236891875043511
25,66,391,12,-4.4020369386998937e-05
25,67,391,38,0.00010149454465135932
25,68,391,41,-0.0002148412895621732
25,69,391,42,-0.00013551439042203128
25,70,391,96,-0.0012887612683698535
25,71,391,89,0.0004047576221637428
25,72,391,179,-8.092893403954804e-05
25,73,391,86,6.526870129164308e-05
25,74,391,15,0.0003577411698643118
25,75,391,13,0.00018711821758188307
25,76,391,82,0.0001013101646094583
25,77,391,81,-3.578875111998059e-05
25,78,391,80,-3.821030259132385e-05
25,79,391,191,8.806314144749194e-05
25,80,391,78,0.0001317920978181064
25,81,391,95,6.450271757785231e-05
25,82,391,88,-9.535341814626008e-05
25,83,391,178,0.0003207077388651669
25,84,391,87,0.0002010321186389774
25,85,391,14,0.0007301964797079563
25,86,391,267,1.753644937707577e-05
25,87,391,269,-4.4216751120984554e-05
25,88,391,270,-9.029956709127873e-05
25,89,391,409,-0.00015826091112103313
25,90,391,291,-0.00026579663972370327
25,91,391,375,-0.0002115709357894957
25,92,391,321,0.06385955214500427
25,93,391,405,0.000309798022499308
25,94,391,314,0.0007852445123717189
25,95,391,302,5.810030779684894e-05
25,96,391,303,4.306004484533332e-05
25,97,391,304,0.062135301530361176
25,98,391,408,-0.00013666950690094382
25,99,391,307,8.15513776615262e-05
25,100,391,320,0.09412552416324615
25,101,391,404,0.00022506983077619225
25,102,391,315,0.004360252059996128
25,103,391,268,0.0002590800868347287
25,104,391,271,0.00029062587418593466
25,105,391,272,9.528574446449056e-05
25,106,391,325,8.976459503173828e-05
25,107,391,319,7.44408680475317e-05
25,108,391,403,0.0007793937693350017
25,109,391,316,0.0019123884849250317
25,110,391,312,0.0004854435392189771
25,111,391,311,0.0003799325495492667
25,112,391,310,0.0004718460841104388
25,113,391,415,8.490701293339953e-05
25,114,391,308,-0.00017592021322343498
25,115,391,324,0.000507886812556535
25,116,391,318,0.00037938557215966284
25,117,391,402,0.0011493213241919875
25,118,391,317,0.000215369465877302
26,27,322,410,-1.5000110579421744e-05
26,28,322,287,-0.0001700004650047049
26,29,322,273,-0.00015622341015841812
26,30,322,335,0.00015422902652062476
26,31,322,406,0.0005946232122369111
26,32,322,313,0.00024025897437240928
26,33,322,421,0.00012245337711647153
26,34,322,418,0.0004810555838048458
26,35,322,424,-2.161724478355609e-05
26,36,322,422,4.294561585993506e-05
26,37,322,432,0.00015984487254172564
26,38,322,436,0.00015732522297184914
26,39,322,426,0.0001745082117849961
26,40,322,423,0.00014696236758027226
26,41,322,427,0.0004071652365382761
26,42,322,425,0.00035047862911596894
26,43,322,327,-1.0157982615055516e-05
26,44,322,326,0.00014168309280648828
26,45,322,0,0.0002469535975251347
26,46,322,37,-0.00017035275232046843
26,47,322,39,-0.00020125810988247395
26,48,322,40,0.00011237143917242065
26,49,322,185,-0.00012536077701952308
26,50,322,61,-0.00020427614799700677
26,51,322,146,-7.120637019397691e-05
26,52,322,91,-3.9834158087614924e-05
26,53,322,181,-0.00017798197222873569
26,54,322,84,-6.87218516759458e-06
26,55,322,17,1.0991938324877992e-05
26,56,322,11,0.00013487604155670851
26,57,322,72,1.1045784049201757e-05
26,58,322,73,-0.0002605584159027785
26,59,322,74,-0.00038110482273623347
26,60,322,184,0.00023753964342176914
26,61,322,77,-6.889977612445364e-06
26,62,322,90,0.0001503468956798315
26,63,322,180,-0.00017498728993814439
26,64,322,85,-0.0002757305628620088
26,65,322,16,0.000752056366764009
26,66,322,12,0.00011375442409189418
26,67,322,38,0.00015288853319361806
26,68,322,41,-6.0726233641617e-06
26,69,322,42,0.06842228770256042
26,70,322,96,5.066896483185701e-05
26,71,322,89,-0.0002235167339676991
26,72,322,179,-4.882623761659488e-05
26,73,322,86,3.1263472919818014e-05
26,74,322,15,0.00024148660304490477
26,75,322,13,-5.4761012506787665e-06
26,76,322,82,-3.15692595904693e-05
26,77,322,81,5.8065638768312056e-06
26,78,322,80,-4.748799619846977e-05
26,79,322,191,0.00015679826901759952
26,80,322,78,9.115723514696583e-05
26,81,322,95,0.00015688134590163827
26,82,322,88,-0.00013720730203203857
26,83,322,178,-0.00022952485596761107
26,84,322,87,-7.744917638774496e-06
26,85,322,14,0.0003061992465518415
26,86,322,267,0.00014933812781237066
26,87,322,269,1.4035602362127975e-05
26,88,322,270,0.0004733275854960084
26,89,322,409,0.036160700023174286
26,90,322,291,-9.964211494661868e-05
26,91,322,375,0.034961357712745667
26,92,322,321,0.0012542554177343845
26,93,322,405,0.0031819301657378674
26,94,322,314,-2.8354132155072875e-05
26,95,322,302,-1.1195174920430873e-06
26,96,322,303,8.44262249302119e-05
26,97,322,304,0.06359721720218658
26,98,322,408,0.00016782863531261683
26,99,322,307,-3.7089917896082625e-05
26,100,322,320,0.0007648505852557719
26,101,322,404,7.112624734872952e-05
26,102,322,315,-2.6014122340711765e-05
26,103,322,268,-7.576582902402151e-06
26,104,322,271,0.00019150339358020574
26,105,322,272,-4.334056211519055e-05
26,106,322,325,0.0003032231761608273
26,107,322,319,0.00042994407704100013
26,108,322,403,0.0006301094545051455
26,109,322,316,-0.00012371705088298768
26,110,322,312,-3.871514854836278e-05
26,111,322,311,-1.6498843251611106e-05
26,112,322,310,1.3294239579408895e-05
26,113,322,415,0.00018480133439879864
26,114,322,308,0.0002436745271552354
26,115,322,324,9.956237045116723e-05
26,116,322,318,0.00021462564473040402
26,117,322,402,0.00037790523492731154
26,118,322,317,6.17877158219926e-05
27,28,410,287,0.00010024221410276368
27,29,410,273,-2.407808460702654e-05
27,30,410,335,-6.755765934940428e-05
27,31,410,406,-0.0001346492354059592
27,32,410,313,0.00013043278886470944
27,33,410,421,0.0002876912767533213
27,34,410,418,0.00010676379315555096
27,35,410,424,-7.147323049139231e-05
27,36,410,422,-0.00014587138139177114
27,37,410,432,-0.00018205061496701092
27,38,410,436,2.9492764952010475e-05
27,39,410,426,-3.0684703233418986e-05
27,40,410,423,3.911886960850097e-05
27,41,410,427,0.00022599018120672554
27,42,410,425,0.00018692151934374124
27,43,410,327,9.448598575545475e-05
27,44,410,326,0.0002705192018765956
27,45,410,0,0.000265823386143893
27,46,410,37,6.69240762363188e-05
27,47,410,39,-4.652254210668616e-05
27,48,410,40,4.7790348617127165e-05
27,49,410,185,-7.155834464356303e-05
27,50,410,61,0.00021482660667970777
27,51,410,146,0.00022782785526942462
27,52,410,91,9.339315874967724e-05
27,53,410,181,-0.00025125371757894754
27,54,410,84,0.0004806926881428808
27,55,410,17,0.0005993071827106178
27,56,410,11,0.0001820214674808085
27,57,410,72,6.401813152479008e-05
27,58,410,73,2.810053774737753e-05
27,59,410,74,-1.3065154234936927e-05
27,60,410,184,6.951802788535133e-05
27,61,410,77,-2.817404856614303e-05
27,62,410,90,-0.00025686254957690835
27,63,410,180,0.00019104911189060658
27,64,410,85,0.00041790457908064127
27,65,410,16,1.58654002007097e-05
27,66,410,12,-5.962475188425742e-05
27,67,410,38,-8.283185889013112e-05
27,68,410,41,0.0001496392796980217
27,69,410,42,-0.00011021663522114977
27,70,410,96,0.00015249213902279735
27,71,410,89,4.56623274658341e-06
27,72,410,179,-0.00020987712196074426
27,73,410,86,-0.00016765638429205865
27,74,410,15,9.76668088696897e-05
27,75,410,13,7.628330786246806e-05
27,76,410,82,-0.00019171519670635462
27,77,410,81,-0.0002681566111277789
27,78,410,80,1.4236690731195267e-05
27,79,410,191,-0.00018200227350462228
27,80,410,78,3.1456696888199076e-05
27,81,410,95,1.2461508049455006e-05
27,82,410,88,-0.00012668664567172527
27,83,410,178,-1.1696328328980599e-05
27,84,410,87,-3.523004352246062e-06
27,85,410,14,0.00018615854787640274
27,86,410,267,9.237212361767888e-05
27,87,410,269,4.2877411033259705e-05
27,88,410,270,-4.568915392155759e-05
27,89,410,409,2.800643051159568e-05
27,90,410,291,0.07842989265918732
27,91,410,375,-0.00015038036508485675
27,92,410,321,0.0008047057199291885
27,93,410,405,0.0005629636580124497
27,94,410,314,9.268805115425494e-06
27,95,410,302,6.451417721109465e-05
27,96,410,303,0.0001228356413776055
27,97,410,304,0.000254808139288798
27,98,410,408,-0.00012033161328872666
27,99,410,307,0.0001417566672898829
27,100,410,320,0.00013314536772668362
27,101,410,404,0.0002589366340544075
27,102,410,315,0.00023067518486641347
27,103,410,268,-0.00018007916514761746
27,104,410,271,-3.164291410939768e-05
27,105,410,272,8.79202998476103e-05
27,106,410,325,4.500087015912868e-05
27,107,410,319,0.00018025720783043653
27,108,410,403,0.00011928899766644463
27,109,410,316,0.00023085539578460157
27,110,410,312,-4.51933857448239e-07
27,111,410,311,0.00020305007637944072
27,112,410,310,8.030346361920238e-05
27,113,410,415,1.1462953807495069e-05
27,114,410,308,0.00015650920977350324
27,115,410,324,0.0001800300960894674
27,116,410,318,-1.5900704966043122e-05
27,117,410,402,0.0009626702521927655
27,118,410,317,0.00020539513207040727
28,29,287,273,0.00035091774770990014
28,30,287,335,0.00022229323803912848
28,31,287,406,7.491808355553076e-05
28,32,287,313,2.9502623874577694e-05
28,33,287,421,4.5355383917922154e-05
28,34,287,418,0.0001954642793862149
28,35,287,424,8.06886309874244e-05
28,36,287,422,-0.00020405673421919346
28,37,287,432,0.0002421241078991443
28,38,287,436,0.00018532905960455537
28,39,287,426,-0.00020998016407247633
28,40,287,423,-0.00013212357589509338
28,41,287,427,0.00037597076152451336
28,42,287,425,0.00022217247169464827
28,43,287,327,2.3437463823938742e-05
28,44,287,326,8.67861817823723e-05
28,45,287,0,9.46682266658172e-05
28,46,287,37,9.119145033764653e-06
28,47,287,39,-1.5538067600573413e-05
28,48,287,40,-2.1922702217125334e-05
28,49,287,185,0.0001252184883924201
28,50,287,61,-0.0001588155864737928
28,51,287,146,-9.418141416972503e-05
28,52,287,91,8.220985910156742e-05
28,53,287,181,7.137055217754096e-05
28,54,287,84,-0.0001711918303044513
28,55,287,17,0.0002597103302832693
28,56,287,11,-7.737129635643214e-05
28,57,287,72,2.8693848435068503e-05
28,58,287,73,4.604545756592415e-05
28,59,287,74,9.734951891005039e-05
28,60,287,184,0.00015406834427267313
28,61,287,77,-0.00016461832274217159
28,62,287,90,0.00026619527488946915
28,63,287,180,0.00015431047359015793
28,64,287,85,6.877908890601248e-05
28,65,287,16,9.62390040513128e-05
28,66,287,12,-3.7497538869502023e-06
28,67,287,38,-0.00019218788656871766
28,68,287,41,0.00026778390747494996
28,69,287,42,6.004321403452195e-05
28,70,287,96,-0.0001622596028028056
28,71,287,89,0.00014020457456354052
28,72,287,179,-0.00013234411017037928
28,73,287,86,0.0003177518374286592
28,74,287,15,0.00011456437641754746
28,75,287,13,0.00038689738721586764
28,76,287,82,0.00022074054868426174
28,77,287,81,-0.00010661422129487619
28,78,287,80,0.00010104572720592842
28,79,287,191,-2.9377841201494448e-05
28,80,287,78,-0.00034675782080739737
28,81,287,95,-7.264883151947288e-06
28,82,287,88,-6.451061926782131e-05
28,83,287,178,0.0002639189478941262
28,84,287,87,0.0001306328922510147
28,85,287,14,4.788050864590332e-05
28,86,287,267,-0.00012889740173704922
28,87,287,269,-1.4244402564145275e-06
28,88,287,270,1.9323913875268772e-05
28,89,287,409,7.443907088600099e-05
28,90,287,291,0.00031977161415852606
28,91,287,375,-9.887477790471166e-05
28,92,287,321,0.0012869926868006587
28,93,287,405,0.00022995058679953218
28,94,287,314,9.676971967564896e-05
28,95,287,302,0.00022849987726658583
28,96,287,303,2.1081265003886074e-05
28,97,287,304,6.123093044152483e-05
28,98,287,408,-0.00012998592865187675
28,99,287,307,-0.0002139376156264916
28,100,287,320,0.0002398027863819152
28,101,287,404,0.0008341629290953279
28,102,287,315,0.00011139632988488302
28,103,287,268,-1.222385708388174e-05
28,104,287,271,-0.00017978891264647245
28,105,287,272,2.996922830789117e-06
28,106,287,325,0.00022449794050771743
28,107,287,319,0.0007541258819401264
28,108,287,403,0.000234970822930336
28,109,287,316,1.3253301403892692e-05
28,110,287,312,4.646088200388476e-05
28,111,287,311,6.816047243773937e-05
28,112,287,310,5.258936289465055e-05
28,113,287,415,-9.190407581627369e-05
28,114,287,308,-0.00011696157162077725
28,115,287,324,7.686824392294511e-05
28,116,287,318,-3.855457543977536e-05
28,117,287,402,0.00022090019774623215
28,118,287,317,0.00018396598170511425
29,30,273,335,0.0002499483525753021
29,31,273,406,-4.0303555579157546e-05
29,32,273,313,6.580738499906147e-06
29,33,273,421,-0.0001821270998334512
29,34,273,418,0.0003047896025236696
29,35,273,424,-1.9856988728861324e-05
29,36,273,422,0.00026009147404693067
29,37,273,432,0.0005291298148222268
29,38,273,436,-2.9586466553155333e-05
29,39,273,426,0.00010812396794790402
29,40,273,423,-0.0001021903517539613
29,41,273,427,9.295786003349349e-05
29,42,273,425,0.00015740052913315594
29,43,273,327,0.00018368547898717225
29,44,273,326,0.00010544564429437742
29,45,273,0,-0.00025360623840242624
29,46,273,37,1.380670892103808e-05
29,47,273,39,-8.709888061275706e-05
29,48,273,40,1.7906240827869624e-05
29,49,273,185,8.641957538202405e-05
29,50,273,61,0.0002753913577180356
29,51,273,146,5.059804243501276e-05
29,52,273,91,3.1397132261190563e-05
29,53,273,181,0.0002629624796099961
29,54,273,84,0.0001686783944023773
29,55,273,17,9.741789835970849e-05
29,56,273,11,0.00014351276331581175
29,57,273,72,9.968213271349669e-05
29,58,273,73,-0.00010328788630431518
29,59,273,74,4.2686511733336374e-05
29,60,273,184,7.933488086564466e-05
29,61,273,77,-7.955240289447829e-05
29,62,273,90,0.00010642143024597317
29,63,273,180,0.00013670437328983098
29,64,273,85,-9.184307418763638e-05
29,65,273,16,0.00034315825905650854
29,66,273,12,-0.0003176238387823105
29,67,273,38,0.00025633457698859274
29,68,273,41,9.01831008377485e-05
29,69,273,42,-0.00015471380902454257
29,70,273,96,-5.1360231736907735e-05
29,71,273,89,-0.00010779531294247136
29,72,273,179,-2.7884294468094595e-05
29,73,273,86,4.617341619450599e-05
29,74,273,15,0.00030926434556022286
29,75,273,13,-0.0001703472953522578
29,76,273,82,0.00011536819511093199
29,77,273,81,5.930522092967294e-05
29,78,273,80,6.854768435005099e-05
29,79,273,191,-0.00016440873150713742
29,80,273,78,6.343900895444676e-05
29,81,273,95,0.00011132838699268177
29,82,273,88,-1.9688783140736632e-05
29,83,273,178,1.5314179108827375e-05
29,84,273,87,0.0001308812206843868
29,85,273,14,0.00014954966900404543
29,86,273,267,2.8194725018693134e-05
29,87,273,269,4.981105576007394e-06
29,88,273,270,-2.893721466534771e-05
29,89,273,409,8.21361827547662e-05
29,90,273,291,0.00010646999726304784
29,91,273,375,3.29368922393769e-05
29,92,273,321,-0.00016844013589434326
29,93,273,405,5.541848804568872e-05
29,94,273,314,-1.2166840861027595e-05
29,95,273,302,0.00014579284470528364
29,96,273,303,7.321934390347451e-05
29,97,273,304,3.314460627734661e-05
29,98,273,408,-3.993684003944509e-05
29,99,273,307,-3.213236414012499e-05
29,100,273,320,0.00011007401189999655
29,101,273,404,0.0001727035705698654
29,102,273,315,3.0769053410040215e-05
29,103,273,268,-0.00020247873908374459
29,104,273,271,0.00010107206617249176
29,105,273,272,0.0002170427906094119
29,106,273,325,0.00019340655126143247
29,107,273,319,4.906047252006829e-05
29,108,273,403,2.962058351840824e-05
29,109,273,316,0.00015253909805323929
29,110,273,312,3.477163772913627e-05
29,111,273,311,6.837612454546615e-05
29,112,273,310,0.00014674408885184675
29,113,273,415,9.474882972426713e-05
29,114,273,308,6.291365480137756e-06
29,115,273,324,9.474805119680241e-05
29,116,273,318,0.0001374182029394433
29,117,273,402,0.00029674757388420403
29,118,273,317,-1.99269488803111e-05
30,31,335,406,9.288057481171563e-05
30,32,335,313,-7.360477320617065e-05
30,33,335,421,-0.00014436351193580776
30,34,335,418,3.525195279507898e-05
30,35,335,424,0.00020588374172803015
30,36,335,422,-3.7168963899603114e-05
30,37,335,432,2.265854345750995e-05
30,38,335,436,0.0005466749425977468
30,39,335,426,0.00047690767678432167
30,40,335,423,-0.0001915411849040538
30,41,335,427,0.00040621511288918555
30,42,335,425,0.00013151156599633396
30,43,335,327,6.937813304830343e-05
30,44,335,326,-0.0002799114736262709
30,45,335,0,-2.7593490813160315e-05
30,46,335,37,-0.00014381624350789934
30,47,335,39,0.00011693393753375858
30,48,335,40,-0.00016607464931439608
30,49,335,185,-0.00011680991883622482
30,50,335,61,-0.00010628629388520494
30,51,335,146,-7.294025272130966e-05
30,52,335,91,0.0002948071341961622
30,53,335,181,-0.00015007503679953516
30,54,335,84,0.00013092295557726175
30,55,335,17,0.0001264705933863297
30,56,335,11,-8.39829008327797e-05
30,57,335,72,3.2176929380511865e-05
30,58,335,73,-0.0002414077753201127
30,59,335,74,-0.00012283018440939486
30,60,335,184,-6.856797699583694e-05
30,61,335,77,-5.750183845520951e-05
30,62,335,90,9.339867392554879e-05
30,63,335,180,0.0001225575979333371
30,64,335,85,4.857784733758308e-05
30,65,335,16,0.00012763858831021935
30,66,335,12,0.00019066210370510817
30,67,335,38,0.00011426732817199081
30,68,335,41,-1.119483476941241e-05
30,69,335,42,0.00010081151413032785
30,70,335,96,7.447628740919754e-05
30,71,335,89,0.0002081842249026522
30,72,335,179,-3.456911872490309e-05
30,73,335,86,-7.213066510303179e-06
30,74,335,15,-7.312938396353275e-05
30,75,335,13,2.6170466298935935e-05
30,76,335,82,-0.0001711172953946516
30,77,335,81,-5.4100353736430407e-05
30,78,335,80,-0.000284024776192382
30,79,335,191,0.09146925061941147
30,80,335,78,0.0002771579602267593
30,81,335,95,-3.1077852327143773e-05
30,82,335,88,1.4047745025891345e-05
30,83,335,178,-3.593132350943051e-05
30,84,335,87,-7.173564517870545e-05
30,85,335,14,0.00019856182916555554
30,86,335,267,5.859283555764705e-05
30,87,335,269,-0.0002834332117345184
30,88,335,270,-8.758476178627461e-05
30,89,335,409,0.0005879100644961
30,90,335,291,0.00019658001838251948
30,91,335,375,-0.00020474058692343533
30,92,335,321,0.00011326275125611573
30,93,335,405,0.0005959708360023797
30,94,335,314,0.00043604435632005334
30,95,335,302,-0.00022522495419252664
30,96,335,303,-0.00023887156567070633
30,97,335,304,5.150947981746867e-05
30,98,335,408,8.848573634168133e-05
30,99,335,307,-0.0005035733920522034
30,100,335,320,0.00030445371521636844
30,101,335,404,0.00011736532906070352
30,102,335,315,0.0003972275590058416
30,103,335,268,-3.785303852055222e-05
30,104,335,271,0.0001970965095097199
30,105,335,272,-0.00010218938405159861
30,106,335,325,0.000285373127553612
30,107,335,319,8.452731708530337e-05
30,108,335,403,0.00018997624283656478
30,109,335,316,0.0001837479940149933
30,110,335,312,-0.00010349197691539302
30,111,335,311,-0.00020022904209326953
30,112,335,310,-0.00015956400602590293
30,113,335,415,3.320074392831884e-05
30,114,335,308,0.00011664598423521966
30,115,335,324,0.0003440208383835852
30,116,335,318,-5.274433351587504e-05
30,117,335,402,0.0002098914992529899
30,118,335,317,9.359338582726195e-05
31,32,406,313,-3.123746137134731e-05
31,33,406,421,0.0002338509657420218
31,34,406,418,-6.200368807185441e-05
31,35,406,424,6.760790256521432e-06
31,36,406,422,0.0002405015693511814
31,37,406,432,0.0001968625874724239
31,38,406,436,0.0015800617402419448
31,39,406,426,0.0007047908147796988
31,40,406,423,0.0001189122413052246
31,41,406,427,0.0005658001755364239
31,42,406,425,0.0026698464062064886
31,43,406,327,-0.0003234340692870319
31,44,406,326,-0.00013133001630194485
31,45,406,0,7.785433263052255e-05
31,46,406,37,-7.455940067302436e-05
31,47,406,39,0.00010652808123268187
31,48,406,40,0.0003650362486951053
31,49,406,185,1.6331197912222706e-05
31,50,406,61,-3.731071046786383e-05
31,51,406,146,-0.00021316175116226077
31,52,406,91,0.00025411092792637646
31,53,406,181,-0.00031301702256314456
31,54,406,84,4.0300241380464286e-05
31,55,406,17,5.7851033488987014e-05
31,56,406,11,-0.0002010281605180353
31,57,406,72,-6.130887049948797e-05
31,58,406,73,-0.0007432406418956816
31,59,406,74,-3.055194247281179e-05
31,60,406,184,-0.00012023025192320347
31,61,406,77,8.546613389626145e-05
31,62,406,90,0.00019655426149256527
31,63,406,180,0.00022337613336276263
31,64,406,85,0.00011029840243281797
31,65,406,16,0.00010556916822679341
31,66,406,12,0.00012220967619214207
31,67,406,38,0.00029825721867382526
31,68,406,41,9.1240530309733e-05
31,69,406,42,0.00014216965064406395
31,70,406,96,-0.0003306098224129528
31,71,406,89,-9.373956709168851e-05
31,72,406,179,0.0001766990462783724
31,73,406,86,0.0002547915210016072
31,74,406,15,0.0010943975066766143
31,75,406,13,0.0002137997653335333
31,76,406,82,0.00019243083079345524
31,77,406,81,0.00013463573122862726
31,78,406,80,-0.00010802006727317348
31,79,406,191,-3.6603341868612915e-05
31,80,406,78,-0.00014160653518047184
31,81,406,95,0.0002120415447279811
31,82,406,88,-7.938328053569421e-05
31,83,406,178,-0.0001862908247858286
31,84,406,87,4.7638437536079437e-05
31,85,406,14,-0.00032016998738981783
31,86,406,267,-0.00021451809152495116
31,87,406,269,-3.857197589240968e-05
31,88,406,270,2.072846473311074e-05
31,89,406,409,-0.20369373261928558
31,90,406,291,0.00019050095579586923
31,91,406,375,7.412091508740559e-05
31,92,406,321,-7.893356269050855e-06
31,93,406,405,4.6813671360723674e-05
31,94,406,314,3.372271021362394e-05
31,95,406,302,-0.00014764469233341515
31,96,406,303,-0.00014370631834026426
31,97,406,304,7.790757081238553e-05
31,98,406,408,2.3442511519533582e-05
31,99,406,307,0.00010020259651355445
31,100,406,320,-0.0002249479730380699
31,101,406,404,0.0005542035214602947
31,102,406,315,0.00024286417465191334
31,103,406,268,9.071137355931569e-06
31,104,406,271,-0.000163188116857782
31,105,406,272,0.00011143558367621154
31,106,406,325,-0.0005282454076223075
31,107,406,319,-0.00018319541413802654
31,108,406,403,-0.00011718478344846517
31,109,406,316,0.00030500281718559563
31,110,406,312,-0.0001582371914992109
31,111,406,311,7.331258530030027e-05
31,112,406,310,-0.0002493965730536729
31,113,406,415,-7.253199783008313e-06
31,114,406,308,5.935853914706968e-05
31,115,406,324,-0.00013186491560190916
31,116,406,318,0.00011827812704723328
31,117,406,402,-0.0002917455858550966
31,118,406,317,0.0003521805047057569
32,33,313,421,-3.6243771319277585e-05
32,34,313,418,0.00020893409964628518
32,35,313,424,0.0002798610948957503
32,36,313,422,2.4077506168396212e-05
32,37,313,432,0.0004939368809573352
32,38,313,436,0.00017112439672928303
32,39,313,426,0.00045620050514116883
32,40,313,423,0.0008018453372642398
32,41,313,427,0.007001993712037802
32,42,313,425,0.00010025369556387886
32,43,313,327,0.0004756046982947737
32,44,313,326,-0.0006342211272567511
32,45,313,0,-0.00024477450642734766
32,46,313,37,0.00011350273416610435
32,47,313,39,0.0001747031492413953
32,48,313,40,8.552859799237922e-05
32,49,313,185,-3.1104158551897854e-05
32,50,313,61,-8.049108146224171e-05
32,51,313,146,-5.3336203563958406e-05
32,52,313,91,-7.963262760313228e-05
32,53,313,181,0.00018130845273844898
32,54,313,84,-9.212255463353358e-06
32,55,313,17,0.000318945967592299
32,56,313,11,-2.798264722514432e-05
32,57,313,72,0.00010790852684294805
32,58,313,73,8.936761150835082e-05
32,59,313,74,-0.0001556080242153257
32,60,313,184,0.00015931630332488567
32,61,313,77,-0.00015969164087437093
32,62,313,90,0.0001895702152978629
32,63,313,180,-0.0003139522741548717
32,64,313,85,-0.0001701026631053537
32,65,313,16,0.0008757653413340449
32,66,313,12,-3.2470838050358e-05
32,67,313,38,-5.8109544625040144e-05
32,68,313,41,-3.1348110496765e-05
32,69,313,42,0.0003161099157296121
32,70,313,96,-0.00010117395868292078
32,71,313,89,6.665960228247059e-08
32,72,313,179,-0.00022991983860265464
32,73,313,86,0.00029781690682284534
32,74,313,15,-0.00020070512255188078
32,75,313,13,-0.0002099885168718174
32,76,313,82,-0.0004930353024974465
32,77,313,81,0.0001823010534280911
32,78,313,80,-7.565023406641558e-05
32,79,313,191,0.00022676379012409598
32,80,313,78,0.00011325085506541654
32,81,313,95,-0.0002808796998579055
32,82,313,88,-8.313968282891437e-05
32,83,313,178,0.0002593087265267968
32,84,313,87,-8.301957859657705e-05
32,85,313,14,-0.00016895087901502848
32,86,313,267,-0.00013904804654885083
32,87,313,269,-0.00015627114044036716
32,88,313,270,0.00010757473501143977
32,89,313,409,-0.0001096528212656267
32,90,313,291,9.432244405616075e-05
32,91,313,375,-2.91579999611713e-05
32,92,313,321,-0.00027051265351474285
32,93,313,405,-0.00023420456273015589
32,94,313,314,-0.040344320237636566
32,95,313,302,-0.00010149702575290576
32,96,313,303,0.00029432991868816316
32,97,313,304,-0.00010836520959855989
32,98,313,408,0.00012248467828612775
32,99,313,307,-1.6138032151502557e-05
32,100,313,320,-0.00010221340198768303
32,101,313,404,0.00017335597658529878
32,102,313,315,-0.019008498638868332
32,103,313,268,-3.585546073736623e-05
32,104,313,271,-0.0001507110137026757
32,105,313,272,-0.00021072734671179205
32,106,313,325,7.38283124519512e-05
32,107,313,319,-8.145262108882889e-05
32,108,313,403,0.00022042069758754224
32,109,313,316,0.0007968107238411903
32,110,313,312,-2.0154253434157e-05
32,111,313,311,7.297006231965497e-05
32,112,313,310,0.00010403555643279105
32,113,313,415,-4.4233824155526236e-05
32,114,313,308,0.00011331272980896756
32,115,313,324,-4.6287928853416815e-05
32,116,313,318,6.323802153929137e-06
32,117,313,402,-5.8380061091156676e-05
32,118,313,317,0.00014037260552868247
33,34,421,418,-0.00020302353368606418
33,35,421,424,0.00013301882427185774
33,36,421,422,-5.5971602705540136e-05
33,37,421,432,-4.132393951294944e-05
33,38,421,436,-2.218228837591596e-05
33,39,421,426,0.00035499068326316774
33,40,421,423,0.00047232882934622467
33,41,421,427,0.00022145159891806543
33,42,421,425,6.894386751810089e-05
33,43,421,327,0.00040081815677694976
33,44,421,326,3.4553911518742098e-06
33,45,421,0,-0.00018011772772297263
33,46,421,37,6.843102892162278e-05
33,47,421,39,-0.00044158019591122866
33,48,421,40,-0.00032888204441405833
33,49,421,185,8.714034629520029e-05
33,50,421,61,0.00010450346599100158
33,51,421,146,2.4090189981507137e-05
33,52,421,91,0.00014891817409079522
33,53,421,181,9.874554962152615e-05
33,54,421,84,-0.002096109092235565
33,55,421,17,-0.11336162686347961
33,56,421,11,-9.203041554428637e-05
33,57,421,72,0.00017292947450187057
33,58,421,73,-8.728777174837887e-05
33,59,421,74,3.0005550797795877e-05
33,60,421,184,-8.476577932015061e-05
33,61,421,77,-4.1375478758709505e-05
33,62,421,90,0.00023427256383001804
33,63,421,180,-0.013771453872323036
33,64,421,85,-0.07560425996780396
33,65,421,16,-0.10139641165733337
33,66,421,12,0.00018835565424524248
33,67,421,38,9.875731484498829e-05
33,68,421,41,1.1268395610386506e-05
33,69,421,42,-6.906122143846005e-05
33,70,421,96,-0.00010367974755354226
33,71,421,89,-2.7416668672231026e-05
33,72,421,179,-0.0331287644803524
33,73,421,86,-0.1060478538274765
33,74,421,15,-0.0930151715874672
33,75,421,13,1.4242788211049628e-06
33,76,421,82,-9.68727472354658e-05
33,77,421,81,0.00020117168605793267
33,78,421,80,-4.169985550106503e-05
33,79,421,191,-1.546159001009073e-05
33,80,421,78,-0.00014992499200161546
33,81,421,95,0.00021878221014048904
33,82,421,88,-1.1205037253603223e-06
33,83,421,178,0.00041619568946771324
33,84,421,87,-0.01811734400689602
33,85,421,14,-0.05208734795451164
33,86,421,267,-0.017467595636844635
33,87,421,269,8.568394150643144e-06
33,88,421,270,-0.00017280032625421882
33,89,421,409,0.0005108367186039686
33,90,421,291,0.0005747780087403953
33,91,421,375,1.6784935723990202e-05
33,92,421,321,0.000225068986765109
33,93,421,405,-1.4088973330217414e-05
33,94,421,314,0.00027537113055586815
33,95,421,302,0.00022112493752501905
33,96,421,303,0.0001472368458053097
33,97,421,304,-8.786206308286637e-05
33,98,421,408,-9.307330037700012e-05
33,99,421,307,-6.658134225290269e-05
33,100,421,320,-0.00012522614269983023
33,101,421,404,-0.0012478601420298219
33,102,421,315,0.00027160337776876986
33,103,421,268,-0.00018048276251647621
33,104,421,271,0.00011888417066074908
33,105,421,272,3.400496643735096e-05
33,106,421,325,2.00143622350879e-05
33,107,421,319,9.421828872291371e-05
33,108,421,403,-0.0002145435573766008
33,109,421,316,0.0002036126534221694
33,110,421,312,2.0245342966518365e-06
33,111,421,311,0.00012500048615038395
33,112,421,310,-2.7364214929548325e-06
33,113,421,415,0.0001706534094410017
33,114,421,308,7.791153620928526e-05
33,115,421,324,1.667081414780114e-05
33,116,421,318,0.022455623373389244
33,117,421,402,-0.00041341077303513885
33,118,421,317,0.00021961450693197548
34,35,418,424,0.00014833695604465902
34,36,418,422,7.030679262243211e-05
34,37,418,432,0.0003289362939540297
34,38,418,436,0.0003731018805410713
34,39,418,426,0.0005215280689299107
34,40,418,423,0.0002357701159780845
34,41,418,427,0.0006421508733183146
34,42,418,425,0.0003701538371387869
34,43,418,327,0.00010420293983770534
34,44,418,326,8.449119195574895e-05
34,45,418,0,-0.00039386749267578125
34,46,418,37,-0.00010981700324919075
34,47,418,39,5.6774682889226824e-05
34,48,418,40,-0.000158085604198277
34,49,418,185,-0.00015155284199863672
34,50,418,61,-3.160822234349325e-05
34,51,418,146,4.350511881057173e-05
34,52,418,91,1.9764634089369792e-06
34,53,418,181,0.00022163997346069664
34,54,418,84,-0.039191167801618576
34,55,418,17,0.00016761700680945069
34,56,418,11,-5.2004146709805354e-05
34,57,418,72,-6.115028372732922e-05
34,58,418,73,-0.0002519663830753416
34,59,418,74,-6.935340206837282e-05
34,60,418,184,-5.856715506524779e-05
34,61,418,77,0.00020706976647488773
34,62,418,90,-4.0734154026722535e-05
34,63,418,180,0.00012015014362987131
34,64,418,85,-0.046885233372449875
34,65,418,16,0.0013311207294464111
34,66,418,12,-0.00016037936438806355
34,67,418,38,-3.252190799685195e-05
34,68,418,41,-2.449636667734012e-05
34,69,418,42,3.96152536268346e-05
34,70,418,96,-0.00023705606872681528
34,71,418,89,6.617787585128099e-05
34,72,418,179,0.00012041485751979053
34,73,418,86,0.000979520264081657
34,74,418,15,0.0009226978872902691
34,75,418,13,-9.180188499158248e-06
34,76,418,82,0.00017150513303931803
34,77,418,81,6.134754221420735e-05
34,78,418,80,5.319415868143551e-05
34,79,418,191,0.00013973398017697036
34,80,418,78,-5.2329355639813e-06
34,81,418,95,-7.016384188318625e-05
34,82,418,88,0.0002883460547309369
34,83,418,178,-0.0003118776367045939
34,84,418,87,0.0003204292734153569
34,85,418,14,0.0007772741955704987
34,86,418,267,-0.0004631203773897141
34,87,418,269,-4.132155663683079e-05
34,88,418,270,0.059159208089113235
34,89,418,409,0.0002914674114435911
34,90,418,291,-0.008588938042521477
34,91,418,375,0.0002851726021617651
34,92,418,321,0.019196955487132072
34,93,418,405,9.756668441696092e-05
34,94,418,314,-6.640060018980876e-05
34,95,418,302,-0.00023485870042350143
34,96,418,303,-0.00014857269707135856
34,97,418,304,0.010878733359277248
34,98,418,408,0.00036583334440365434
34,99,418,307,-0.00012150829570600763
34,100,418,320,0.00031458906596526504
34,101,418,404,6.269354344112799e-05
34,102,418,315,0.00015220734348986298
34,103,418,268,-0.0002850015298463404
34,104,418,271,0.0001415413134964183
34,105,418,272,0.0002438356023048982
34,106,418,325,-0.00021165056386962533
34,107,418,319,-5.851485548191704e-05
34,108,418,403,0.00028779215062968433
34,109,418,316,0.00026542626437731087
34,110,418,312,-0.0004519167123362422
34,111,418,311,2.562281588325277e-05
34,112,418,310,-0.00014468742301687598
34,113,418,415,0.0005640863091684878
34,114,418,308,-0.0001599572569830343
34,115,418,324,0.14557428658008575
34,116,418,318,-1.6241048797382973e-05
34,117,418,402,0.00048209133092314005
34,118,418,317,-0.01792178489267826
35,36,424,422,5.217849320615642e-05
35,37,424,432,-4.5488817704608664e-05
35,38,424,436,0.0005964659503661096
35,39,424,426,0.00018883789016399533
35,40,424,423,-0.00010936210310319439
35,41,424,427,0.00017318215395789593
35,42,424,425,0.0009058169089257717
35,43,424,327,5.041821350459941e-05
35,44,424,326,-0.00042645350913517177
35,45,424,0,-0.0001829537213779986
35,46,424,37,0.00022287227329798043
35,47,424,39,-3.190770075889304e-05
35,48,424,40,1.8858832845580764e-05
35,49,424,185,-4.5180080633144826e-05
35,50,424,61,0.00011267189256614074
35,51,424,146,0.00011567667388590053
35,52,424,91,0.00021465643658302724
35,53,424,181,5.158755084266886e-05
35,54,424,84,-1.189817521662917e-05
35,55,424,17,0.0008264704374596477
35,56,424,11,7.50487160985358e-05
35,57,424,72,2.5611685487092473e-05
35,58,424,73,0.00013915782619733363
35,59,424,74,-0.0001469642302254215
35,60,424,184,0.00010008942626882344
35,61,424,77,-0.0001584487035870552
35,62,424,90,7.995676423888654e-05
35,63,424,180,-6.428558117477223e-05
35,64,424,85,0.00019115878967568278
35,65,424,16,0.0012383299181237817
35,66,424,12,-0.0001647812605369836
35,67,424,38,-0.00024256632605101913
35,68,424,41,-7.396213186439127e-05
35,69,424,42,-9.00931718206266e-06
35,70,424,96,-6.58463386571384e-06
35,71,424,89,7.472145807696506e-05
35,72,424,179,-0.0002387125277891755
35,73,424,86,0.0007473775767721236
35,74,424,15,0.00024614130961708724
35,75,424,13,0.0002013012854149565
35,76,424,82,-4.0070652175927535e-05
35,77,424,81,4.234755033394322e-05
35,78,424,80,-8.909031748771667e-05
35,79,424,191,0.00019167114805895835
35,80,424,78,-6.748449231963605e-05
35,81,424,95,1.4928103837519302e-06
35,82,424,88,-7.013051072135568e-05
35,83,424,178,-0.00016550588770769536
35,84,424,87,0.000284070847555995
35,85,424,14,0.0011080928379669785
35,86,424,267,-0.0004031709977425635
35,87,424,269,-4.485859608394094e-05
35,88,424,270,-8.028050615394022e-06
35,89,424,409,0.00010008370009018108
35,90,424,291,0.038093578070402145
35,91,424,375,-8.910016185836866e-05
35,92,424,321,0.00016564613906666636
35,93,424,405,0.00013670061889570206
35,94,424,314,0.00022957450710237026
35,95,424,302,7.289329369086772e-05
35,96,424,303,-2.45771516347304e-05
35,97,424,304,-0.0004021929926238954
35,98,424,408,-1.26765758068359e-06
35,99,424,307,1.8123881091014482e-05
35,100,424,320,0.0016763401217758656
35,101,424,404,0.00012421123392414302
35,102,424,315,0.00011040624667657539
35,103,424,268,-3.3510339562781155e-05
35,104,424,271,-0.0003904796903952956
35,105,424,272,-4.461489515961148e-05
35,106,424,325,1.6915133528527804e-05
35,107,424,319,-7.983436262293253e-06
35,108,424,403,0.0001133461992139928
35,109,424,316,0.00021191418636590242
35,110,424,312,0.00039280278724618256
35,111,424,311,-0.0003662897215690464
35,112,424,310,0.00011733997234841809
35,113,424,415,-3.215624747099355e-05
35,114,424,308,-8.867956057656556e-05
35,115,424,324,0.0002161656884709373
35,116,424,318,5.235048593021929e-05
35,117,424,402,0.0001144137277151458
35,118,424,317,0.0002761106297839433
36,37,422,432,0.00019420204625930637
36,38,422,436,0.00029728442314080894
36,39,422,426,-9.998277528211474e-05
36,40,422,423,8.863554103299975e-05
36,41,422,427,0.0006851786747574806
36,42,422,425,-7.286610343726352e-05
36,43,422,327,-0.0004462122160475701
36,44,422,326,8.66287955432199e-05
36,45,422,0,-0.00022777216508984566
36,46,422,37,0.00010928045230684802
36,47,422,39,8.064248686423525e-05
36,48,422,40,-3.50237860402558e-05
36,49,422,185,-4.2514286178629845e-05
36,50,422,61,5.535422678804025e-05
36,51,422,146,0.00015380322292912751
36,52,422,91,-8.804525714367628e-05
36,53,422,181,0.0003872770175803453
36,54,422,84,0.00017994681547861546
36,55,422,17,-0.00014151529467198998
36,56,422,11,0.00027528541977517307
36,57,422,72,-1.0863084753509611e-05
36,58,422,73,-1.0648969691828825e-05
36,59,422,74,0.0002957221295218915
36,60,422,184,6.506553472718224e-05
36,61,422,77,-5.2366958698257804e-05
36,62,422,90,-7.652689964743331e-05
36,63,422,180,2.312030119355768e-05
36,64,422,85,-9.838522964855656e-05
36,65,422,16,0.00462855352088809
36,66,422,12,0.00015845704183448106
36,67,422,38,4.737844574265182e-05
36,68,422,41,7.793336408212781e-05
36,69,422,42,8.370437717530876e-05
36,70,422,96,-8.431995956925675e-05
36,71,422,89,-0.00010437751188874245
36,72,422,179,0.00022796582197770476
36,73,422,86,6.363435386447236e-05
36,74,422,15,0.0029041252564638853
36,75,422,13,-0.00019031397823709995
36,76,422,82,-0.0001218120232806541
36,77,422,81,-6.585466326214373e-05
36,78,422,80,-0.00011920571705559269
36,79,422,191,0.00024261891667265445
36,80,422,78,-4.854619419347728e-06
36,81,422,95,3.8849473639857024e-05
36,82,422,88,-2.063967076537665e-05
36,83,422,178,0.00038351575494743884
36,84,422,87,0.0018505426123738289
36,85,422,14,0.00018433334480505437
36,86,422,267,-0.00014365781680680811
36,87,422,269,-4.854412509303074e-06
36,88,422,270,1.4034586456546094e-05
36,89,422,409,0.00010418445890536532
36,90,422,291,-0.00015305490524042398
36,91,422,375,0.0005204746848903596
36,92,422,321,0.00045256977318786085
36,93,422,405,0.0004775052366312593
36,94,422,314,0.0005195599514991045
36,95,422,302,-0.00021154260321054608
36,96,422,303,-7.267264300026e-05
36,97,422,304,3.121209374512546e-05
36,98,422,408,0.0001042770963977091
36,99,422,307,0.00019834531121887267
36,100,422,320,-0.00016316998517140746
36,101,422,404,0.0005097177345305681
36,102,422,315,0.001141073415055871
36,103,422,268,-9.365095320390537e-05
36,104,422,271,-9.0247785919928e-06
36,105,422,272,0.0002216211287304759
36,106,422,325,0.0002906681620515883
36,107,422,319,0.00036155609996058047
36,108,422,403,-2.6993260689778253e-05
36,109,422,316,0.0002671065158210695
36,110,422,312,-0.00033749977592378855
36,111,422,311,-0.00010865850344998762
36,112,422,310,-7.376249868684681e-06
36,113,422,415,1.7288361050304957e-05
36,114,422,308,-1.569947380630765e-05
36,115,422,324,-2.2527408873429522e-05
36,116,422,318,4.238086330587976e-05
36,117,422,402,0.0008948302711360157
36,118,422,317,0.00030201562913134694
37,38,432,436,0.00014531069609802216
37,39,432,426,-0.00010583768744254485
37,40,432,423,-2.4298102289321832e-05
37,41,432,427,2.5568586352164857e-05
37,42,432,425,-7.8232740634121e-05
37,43,432,327,0.0001210667978739366
37,44,432,326,0.00010120480146724731
37,45,432,0,6.244648830033839e-05
37,46,432,37,0.00015109803644008934
37,47,432,39,-5.960132330073975e-05
37,48,432,40,-1.2430394235707354e-05
37,49,432,185,9.777391096577048e-05
37,50,432,61,0.00015143732889555395
37,51,432,146,0.00010977021884173155
37,52,432,91,6.892589590279385e-05
37,53,432,181,-6.0705373471137136e-05
37,54,432,84,-1.3888774446968455e-05
37,55,432,17,-8.321607310790569e-05
37,56,432,11,-8.688629168318585e-05
37,57,432,72,4.672366412705742e-05
37,58,432,73,-0.00014831322187092155
37,59,432,74,-0.0002088384935632348
37,60,432,184,0.0001614500506548211
37,61,432,77,0.00016996849444694817
37,62,432,90,-4.550551238935441e-05
37,63,432,180,-3.4738561225822195e-05
37,64,432,85,0.0004124277038499713
37,65,432,16,8.910495671443641e-05
37,66,432,12,0.00014517002273350954
37,67,432,38,4.031910793855786e-05
37,68,432,41,-8.734747825656086e-05
37,69,432,42,0.00010792466491693631
37,70,432,96,-0.0002503792056813836
37,71,432,89,-0.00011941571574425325
37,72,432,179,0.0014633378013968468
37,73,432,86,0.0008614799589850008
37,74,432,15,-4.7248933697119355e-05
37,75,432,13,0.00014599913265556097
37,76,432,82,0.00027093643439002335
37,77,432,81,8.023897680686787e-05
37,78,432,80,-6.0465801652753726e-05
37,79,432,191,-0.00017773624858818948
37,80,432,78,8.558949775760993e-05
37,81,432,95,-6.069181836210191e-05
37,82,432,88,-3.791190465562977e-05
37,83,432,178,0.0002632143732625991
37,84,432,87,0.00020342420611996204
37,85,432,14,0.00043151251156814396
37,86,432,267,6.159020267659798e-05
37,87,432,269,0.0006730527966283262
37,88,432,270,3.72124595742207e-05
37,89,432,409,8.265023643616587e-05
37,90,432,291,0.0004327099013607949
37,91,432,375,0.00017365854000672698
37,92,432,321,9.933886758517474e-05
37,93,432,405,0.0030163987539708614
37,94,432,314,0.00015230505960062146
37,95,432,302,0.0001929892459884286
37,96,432,303,0.000308399205096066
37,97,432,304,-0.0002770840364973992
37,98,432,408,-9.603043872630224e-05
37,99,432,307,-1.8178807295043953e-06
37,100,432,320,0.00019091001013293862
37,101,432,404,0.0014887184370309114
37,102,432,315,0.000457579706562683
37,103,432,268,-8.655858255224302e-05
37,104,432,271,0.0001831466652220115
37,105,432,272,0.00013346175546757877
37,106,432,325,0.00010398914309917018
37,107,432,319,0.0005832388997077942
37,108,432,403,0.0005802729283459485
37,109,432,316,0.0010063160443678498
37,110,432,312,-0.00023822954972274601
37,111,432,311,-0.00010369041410740465
37,112,432,310,9.374626824865118e-05
37,113,432,415,5.0031336286338046e-05
37,114,432,308,-0.00012936542043462396
37,115,432,324,0.00032370976987294853
37,116,432,318,0.00011304749205010012
37,117,432,402,3.0166331271175295e-05
37,118,432,317,0.0006819698610343039
38,39,436,426,0.00019581682863645256
38,40,436,423,-3.300175421827589e-06
38,41,436,427,-5.247498120297678e-05
38,42,436,425,3.3193660783581436e-05
38,43,436,327,0.00010492328874533996
38,44,436,326,0.00025707980967126787
38,45,436,0,7.569937588414177e-05
38,46,436,37,0.00010886177187785506
38,47,436,39,3.0490771678159945e-05
38,48,436,40,-3.9571415982209146e-05
38,49,436,185,-9.568288078298792e-06
38,50,436,61,0.000288292154436931
38,51,436,146,-1.609907121746801e-05
38,52,436,91,-0.00015885358152445406
38,53,436,181,-0.00018583961355034262
38,54,436,84,0.000599259277805686
38,55,436,17,0.00011697613081196323
38,56,436,11,1.4378532796399668e-05
38,57,436,72,3.497517536743544e-05
38,58,436,73,1.373177610730636e-06
38,59,436,74,5.5283304391196e-05
38,60,436,184,6.324756395770237e-05
38,61,436,77,-4.317011553212069e-05
38,62,436,90,0.00014372686564456671
38,63,436,180,4.860909393755719e-05
38,64,436,85,0.00018067911150865257
38,65,436,16,9.912598761729896e-05
38,66,436,12,-5.478398634295445e-06
38,67,436,38,0.00011723054194590077
38,68,436,41,-1.614306529518217e-05
38,69,436,42,-4.070108479936607e-05
38,70,436,96,0.0002203591720899567
38,71,436,89,-0.00033127370988950133
38,72,436,179,-4.101719969185069e-05
38,73,436,86,0.0003144838847219944
38,74,436,15,2.501558446965646e-05
38,75,436,13,0.00010053737787529826
38,76,436,82,-0.00010163558181375265
38,77,436,81,-6.837734690634534e-05
38,78,436,80,6.390392809407786e-05
38,79,436,191,-0.00013143234536983073
38,80,436,78,-6.946936628082767e-05
38,81,436,95,-4.4848729885416105e-05
38,82,436,88,0.00018518115393817425
38,83,436,178,-0.00027324852999299765
38,84,436,87,0.00038415001472458243
38,85,436,14,0.000564957270398736
38,86,436,267,9.687153942650184e-05
38,87,436,269,0.00012541566684376448
38,88,436,270,0.0007535376935265958
38,89,436,409,7.572292815893888e-05
38,90,436,291,4.294075915822759e-05
38,91,436,375,0.00025299418484792113
38,92,436,321,0.0014404786052182317
38,93,436,405,-5.944652366451919e-05
38,94,436,314,0.00023594610684085637
38,95,436,302,0.0004022821958642453
38,96,436,303,2.1719477445003577e-05
38,97,436,304,0.0006367569440044463
38,98,436,408,0.0003350478655193001
38,99,436,307,0.00027534819673746824
38,100,436,320,0.0011356582399457693
38,101,436,404,5.464173591462895e-05
38,102,436,315,0.00038924202090129256
38,103,436,268,0.00016249627515207976
38,104,436,271,-7.319286396523239e-06
38,105,436,272,5.375587352318689e-05
38,106,436,325,0.000869697134476155
38,107,436,319,0.0003798126708716154
38,108,436,403,9.111635881708935e-05
38,109,436,316,0.0012183906510472298
38,110,436,312,-0.00023819813213776797
38,111,436,311,0.0004455416346900165
38,112,436,310,0.0002084765728795901
38,113,436,415,6.270855374168605e-05
38,114,436,308,-0.00011100487608928233
38,115,436,324,0.000106504448922351
38,116,436,318,0.00033891675411723554
38,117,436,402,0.0002061408740701154
38,118,436,317,0.0007838376332074404
39,40,426,423,-3.751361873582937e-05
39,41,426,427,0.0001738397404551506
39,42,426,425,0.0001359470043098554
39,43,426,327,-0.00021688733249902725
39,44,426,326,-8.114356751320884e-05
39,45,426,0,0.00025989837013185024
39,46,426,37,1.8425387679599226e-05
39,47,426,39,5.295692972140387e-05
39,48,426,40,-0.0003412919759284705
39,49,426,185,6.720285455230623e-05
39,50,426,61,0.00025517004542052746
39,51,426,146,0.00016761632286943495
39,52,426,91,1.8205183778263745e-06
39,53,426,181,0.0006368751055561006
39,54,426,84,0.000696292903739959
39,55,426,17,9.12234972929582e-05
39,56,426,11,0.0006417487165890634
39,57,426,72,-5.375183536671102e-05
39,58,426,73,-0.00022059115872252733
39,59,426,74,0.00031744613079354167
39,60,426,184,-0.0001210739865200594
39,61,426,77,-0.0002503324067220092
39,62,426,90,-0.00040133026777766645
39,63,426,180,-0.00012299002264626324
39,64,426,85,0.0007403353229165077
39,65,426,16,0.0010736787226051092
39,66,426,12,4.5294174924492836e-05
39,67,426,38,6.0496473452076316e-05
39,68,426,41,-7.301623554667458e-05
39,69,426,42,0.06380832940340042
39,70,426,96,7.893812289694324e-05
39,71,426,89,0.00017657611169852316
39,72,426,179,-0.00025074355653487146
39,73,426,86,1.7844882677309215e-05
39,74,426,15,0.00023168155166786164
39,75,426,13,0.00038265882176347077
39,76,426,82,0.0003963762428611517
39,77,426,81,-5.464231435325928e-05
39,78,426,80,0.00024223682703450322
39,79,426,191,0.00013694977678824216
39,80,426,78,-0.00011203059693798423
39,81,426,95,-0.00040356835233978927
39,82,426,88,0.0001301361044170335
39,83,426,178,1.65447527251672e-05
39,84,426,87,8.2156911958009e-06
39,85,426,14,-3.805630740316701e-06
39,86,426,267,5.9686652093660086e-05
39,87,426,269,0.00048249299288727343
39,88,426,270,0.00031193793984130025
39,89,426,409,0.0001469713606638834
39,90,426,291,3.31898991134949e-05
39,91,426,375,-9.892090747598559e-05
39,92,426,321,0.0006093749543651938
39,93,426,405,0.00035910369479097426
39,94,426,314,0.00021938723511993885
39,95,426,302,-8.868535587680526e-06
39,96,426,303,6.434518581954762e-05
39,97,426,304,4.4749871449312195e-05
39,98,426,408,0.000497678411193192
39,99,426,307,0.00017131339700426906
39,100,426,320,0.0008066401933319867
39,101,426,404,0.0001885839010355994
39,102,426,315,0.00033157982397824526
39,103,426,268,-5.2207629778422415e-05
39,104,426,271,0.00031872018007561564
39,105,426,272,0.00044884029193781316
39,106,426,325,0.0006267924327403307
39,107,426,319,0.0002882232656702399
39,108,426,403,0.0005136617110110819
39,109,426,316,0.0001311098603764549
39,110,426,312,0.00022671010810881853
39,111,426,311,-6.710316665703431e-05
39,112,426,310,0.00021693381131626666
39,113,426,415,-0.00013205230061430484
39,114,426,308,0.00011392512533348054
39,115,426,324,0.00019788074132520705
39,116,426,318,0.0008034039638005197
39,117,426,402,0.0001555278868181631
39,118,426,317,3.0512344892486e-05
40,41,423,427,0.0004269891942385584
40,42,423,425,0.0002507363969925791
40,43,423,327,3.3400308893760666e-05
40,44,423,326,-0.00023486763529945165
40,45,423,0,0.00015422016440425068
40,46,423,37,-5.282178244669922e-05
40,47,423,39,-2.7508271159604192e-05
40,48,423,40,-5.619075454887934e-05
40,49,423,185,-8.109028385661077e-06
40,50,423,61,3.5350953112356365e-05
40,51,423,146,0.00019772679661400616
40,52,423,91,0.00020892871543765068
40,53,423,181,0.00021077239944133908
40,54,423,84,0.0004542547685559839
40,55,423,17,0.004460204858332872
40,56,423,11,-1.6737778423703276e-05
40,57,423,72,6.821299029979855e-05
40,58,423,73,-5.260540638118982e-05
40,59,423,74,0.0001803624036256224
40,60,423,184,-0.00014150416245684028
40,61,423,77,6.0878312069689855e-05
40,62,423,90,-8.944784349296242e-05
40,63,423,180,7.065477984724566e-05
40,64,423,85,0.0010913910809904337
40,65,423,16,0.0006510463426820934
40,66,423,12,-0.0002519488916732371
40,67,423,38,-3.4710506042756606e-06
40,68,423,41,7.993715553311631e-05
40,69,423,42,-4.506865661824122e-05
40,70,423,96,6.475635018432513e-05
40,71,423,89,-6.188215047586709e-05
40,72,423,179,-4.885777525487356e-05
40,73,423,86,0.00014023634139448404
40,74,423,15,0.00030801582033745944
40,75,423,13,0.00014812131121288985
40,76,423,82,-0.00011365828686393797
40,77,423,81,6.236548506421968e-05
40,78,423,80,7.509796705562621e-05
40,79,423,191,0.00010913491860264912
40,80,423,78,0.00010865091462619603
40,81,423,95,-0.00022375579283107072
40,82,423,88,0.00014515622751787305
40,83,423,178,0.00011231562530156225
40,84,423,87,8.070710464380682e-05
40,85,423,14,0.0008355818572454154
40,86,423,267,0.00016666058218106627
40,87,423,269,0.00026549145695753396
40,88,423,270,3.852223380818032e-05
40,89,423,409,0.08492792397737503
40,90,423,291,0.0011237848084419966
40,91,423,375,0.07523003965616226
40,92,423,321,-0.0001592798507772386
40,93,423,405,0.0002451217151246965
40,94,423,314,0.00018073030514642596
40,95,423,302,0.0003038778668269515
40,96,423,303,0.0008637526188977063
40,97,423,304,0.0001086607007891871
40,98,423,408,-1.457981579733314e-05
40,99,423,307,0.00012281432282179594
40,100,423,320,0.00016824410704430193
40,101,423,404,0.00040862863534130156
40,102,423,315,0.004967122804373503
40,103,423,268,0.0002549964119680226
40,104,423,271,5.087212412036024e-05
40,105,423,272,7.300409924937412e-05
40,106,423,325,-5.885731297894381e-05
40,107,423,319,0.00023650428920518607
40,108,423,403,0.000658031553030014
40,109,423,316,0.0007626884034834802
40,110,423,312,0.0005893337074667215
40,111,423,311,4.2607716750353575e-06
40,112,423,310,0.00011487450683489442
40,113,423,415,2.3716414943919517e-05
40,114,423,308,0.06545210629701614
40,115,423,324,0.0007535917102359235
40,116,423,318,-7.245093729579821e-05
40,117,423,402,0.00041826858068816364
40,118,423,317,0.0007327655330300331
41,42,427,425,-2.985873470606748e-05
41,43,427,327,-7.039531919872388e-05
41,44,427,326,3.352470594109036e-05
41,45,427,0,4.466638347366825e-05
41,46,427,37,2.304629742866382e-05
41,47,427,39,-9.688265890872572e-06
41,48,427,40,6.254840991459787e-05
41,49,427,185,0.00031703460263088346
41,50,427,61,5.2190742280799896e-05
41,51,427,146,-0.0001950976438820362
41,52,427,91,-4.7864454245427623e-05
41,53,427,181,6.816162567702122e-06
41,54,427,84,0.00013156891509424895
41,55,427,17,0.0003074073465541005
41,56,427,11,0.0002721660421229899
41,57,427,72,0.00011888637527590618
41,58,427,73,0.00011269966489635408
41,59,427,74,-0.0003974979626946151
41,60,427,184,-1.6954725651885383e-05
41,61,427,77,-0.0001339302834821865
41,62,427,90,-5.480402978719212e-05
41,63,427,180,-0.0001000773991108872
41,64,427,85,0.00010363200271967798
41,65,427,16,-0.00017604972526896745
41,66,427,12,0.00011688294034684077
41,67,427,38,0.00034359932760708034
41,68,427,41,2.801528353302274e-05
41,69,427,42,-0.00022156094200909138
41,70,427,96,3.7472895201062784e-05
41,71,427,89,-0.00028489757096394897
41,72,427,179,-0.00024905105237849057
41,73,427,86,0.0005865782732143998
41,74,427,15,1.4519865544571076e-05
41,75,427,13,0.00018172651471104473
41,76,427,82,0.00022568355780094862
41,77,427,81,0.00012739225348923355
41,78,427,80,-0.0004115013871341944
41,79,427,191,4.1836497985059395e-05
41,80,427,78,-2.5708626708365045e-05
41,81,427,95,0.00010197500523645431
41,82,427,88,0.00010001096234191209
41,83,427,178,0.00010009380639530718
41,84,427,87,0.00026714600971899927
41,85,427,14,0.00014235785056371242
41,86,427,267,0.00022578063362743706
41,87,427,269,-3.4824277008738136e-06
41,88,427,270,0.0002684942737687379
41,89,427,409,0.000249070959398523
41,90,427,291,-6.411490903701633e-05
41,91,427,375,0.00018956184794660658
41,92,427,321,1.6909249097807333e-05
41,93,427,405,0.0009410481434315443
41,94,427,314,-2.218206827819813e-05
41,95,427,302,0.00013015602598898113
41,96,427,303,5.0758284487528726e-05
41,97,427,304,-0.00010928709525614977
41,98,427,408,-1.655640335229691e-05
41,99,427,307,4.758746945299208e-05
41,100,427,320,0.00019285829330328852
41,101,427,404,0.00018563155026640743
41,102,427,315,0.001505306106992066
41,103,427,268,-6.498227594420314e-05
41,104,427,271,0.0010579803492873907
41,105,427,272,9.80835611699149e-05
41,106,427,325,-3.9176982681965455e-05
41,107,427,319,-6.36308868706692e-06
41,108,427,403,9.688886348158121e-05
41,109,427,316,-0.0002473715867381543
41,110,427,312,-0.000247706106165424
41,111,427,311,-9.715532360132784e-05
41,112,427,310,0.0005222688196226954
41,113,427,415,0.00028215465135872364
41,114,427,308,0.04485929384827614
41,115,427,324,0.059373997151851654
41,116,427,318,2.1935235054115765e-05
41,117,427,402,0.0006689082947559655
41,118,427,317,-4.532490129349753e-05
42,43,425,327,-4.969941437593661e-05
42,44,425,326,0.0001456421596230939
42,45,425,0,4.469220948521979e-05
42,46,425,37,4.304674075683579e-05
42,47,425,39,3.622835720307194e-05
42,48,425,40,2.506456439732574e-05
42,49,425,185,0.17083892226219177
42,50,425,61,-0.0001226008462253958
42,51,425,146,4.719389380625216e-06
42,52,425,91,-4.478077607927844e-05
42,53,425,181,0.00022283771249931306
42,54,425,84,0.0001755046978360042
42,55,425,17,0.0008962013525888324
42,56,425,11,0.00021681678481400013
42,57,425,72,-8.038692612899467e-05
42,58,425,73,0.0001668651821091771
42,59,425,74,0.00010839773312909529
42,60,425,184,0.012324051931500435
42,61,425,77,-0.0003530711110215634
42,62,425,90,-2.197011599491816e-05
42,63,425,180,1.3544049579650164e-05
42,64,425,85,0.00021972751710563898
42,65,425,16,0.0002953132789116353
42,66,425,12,0.0004238357942085713
42,67,425,38,0.0001996127684833482
42,68,425,41,-0.00012287331628613174
42,69,425,42,-0.0001851183333201334
42,70,425,96,-7.514007302233949e-05
42,71,425,89,-0.00016568978026043624
42,72,425,179,-6.868422497063875e-05
42,73,425,86,-7.636870577698573e-06
42,74,425,15,7.537154306191951e-05
42,75,425,13,8.621637243777514e-05
42,76,425,82,-1.9047871319344267e-05
42,77,425,81,-7.09484884282574e-05
42,78,425,80,-9.892072739603464e-06
42,79,425,191,-2.914622200478334e-05
42,80,425,78,8.235147834056988e-05
42,81,425,95,0.00020531448535621166
42,82,425,88,-0.0001589552848599851
42,83,425,178,3.6909201298840344e-05
42,84,425,87,0.00028921724879182875
42,85,425,14,0.000213164952583611
42,86,425,267,9.288051660405472e-05
42,87,425,269,-1.5992520275176503e-05
42,88,425,270,0.0008768280385993421
42,89,425,409,0.00020213938842061907
42,90,425,291,0.0001872849534265697
42,91,425,375,0.0001255350944120437
42,92,425,321,0.0006361592095345259
42,93,425,405,0.0009689056314527988
42,94,425,314,0.0010586244752630591
42,95,425,302,0.00048459492973051965
42,96,425,303,0.0001192128038383089
42,97,425,304,0.00028532068245112896
42,98,425,408,0.00016053197032306343
42,99,425,307,0.0001432022691005841
42,100,425,320,0.0009102505864575505
42,101,425,404,0.0004246278549544513
42,102,425,315,0.0005677982699126005
42,103,425,268,-2.058321115327999e-05
42,104,425,271,0.00038923099054954946
42,105,425,272,0.00035845706588588655
42,106,425,325,-0.00011806379188783467
42,107,425,319,0.0001019602277665399
42,108,425,403,0.00041398772737011313
42,109,425,316,0.00010733421368058771
42,110,425,312,0.00028080891934223473
42,111,425,311,0.00028128406847827137
42,112,425,310,-0.0001224349980475381
42,113,425,415,-1.6555373804294504e-05
42,114,425,308,3.731617471203208e-05
42,115,425,324,0.00011708345118677244
42,116,425,318,0.00038556361687369645
42,117,425,402,0.0005494594224728644
42,118,425,317,-0.0001170158211607486
43,44,327,326,-0.0004414888098835945
43,45,327,0,-6.757285154890269e-05
43,46,327,37,-5.2640640205936506e-05
43,47,327,39,0.00027439536643214524
43,48,327,40,-3.448588904575445e-05
43,49,327,185,-0.000214293526369147
43,50,327,61,3.5215482057537884e-05
43,51,327,146,0.00037993601290509105
43,52,327,91,-4.0126615203917027e-05
43,53,327,181,-4.679982521338388e-05
43,54,327,84,-6.453121750382707e-05
43,55,327,17,0.0002655669813975692
43,56,327,11,0.0001510310685262084
43,57,327,72,0.0001334792177658528
43,58,327,73,-0.00024310646404046565
43,59,327,74,-0.00014627122436650097
43,60,327,184,-0.00013759147259406745
43,61,327,77,-0.00015523110050708055
43,62,327,90,7.827141234884039e-05
43,63,327,180,0.00017700882744975388
43,64,327,85,-0.00015234776947181672
43,65,327,16,3.004627797054127e-05
43,66,327,12,-9.438108463655226e-06
43,67,327,38,1.6220417819567956e-05
43,68,327,41,-3.6874364013783634e-05
43,69,327,42,-3.064778502448462e-05
43,70,327,96,-0.00017241165915038437
43,71,327,89,0.00016991190204862505
43,72,327,179,7.300069228222128e-06
43,73,327,86,-2.412716276012361e-05
43,74,327,15,0.0006711548776365817
43,75,327,13,-2.9996856028446928e-05
43,76,327,82,0.00013510984717868268
43,77,327,81,-2.2937634639674798e-05
43,78,327,80,-1.6762078303145245e-05
43,79,327,191,-0.00027410752954892814
43,80,327,78,-0.00024367361038457602
43,81,327,95,-0.00017729918181430548
43,82,327,88,-1.2248396160430275e-05
43,83,327,178,0.00010438744357088581
43,84,327,87,0.00017207014025188982
43,85,327,14,0.0004193164932075888
43,86,327,267,-4.2971591028617695e-05
43,87,327,269,0.07239647209644318
43,88,327,270,-0.00010392003605375066
43,89,327,409,7.39615352358669e-05
43,90,327,291,5.482711276272312e-05
43,91,327,375,0.0001747334754327312
43,92,327,321,-0.00010219463001703843
43,93,327,405,2.3573018552269787e-05
43,94,327,314,0.0003808267356362194
43,95,327,302,-0.0001193343850900419
43,96,327,303,0.0001293365639867261
43,97,327,304,-6.128353561507538e-05
43,98,327,408,0.00021548659424297512
43,99,327,307,0.00010798759467434138
43,100,327,320,-0.0005458948435261846
43,101,327,404,-3.0291450457298197e-05
43,102,327,315,0.00032097569783218205
43,103,327,268,0.00041581830009818077
43,104,327,271,0.00015355176583398134
43,105,327,272,-0.00017793363076634705
43,106,327,325,-3.694360566441901e-05
43,107,327,319,-0.00033359663211740553
43,108,327,403,5.499345934367739e-05
43,109,327,316,0.0003138179599773139
43,110,327,312,-4.357352736406028e-05
43,111,327,311,9.057848365046084e-05
43,112,327,310,0.08485081791877747
43,113,327,415,-1.3852037227479741e-05
43,114,327,308,-0.00020659863366745412
43,115,327,324,-1.393043203279376e-05
43,116,327,318,0.05550546199083328
43,117,327,402,0.0009068017243407667
43,118,327,317,0.0007198285893537104
44,45,326,0,-9.994682477554306e-05
44,46,326,37,-7.114214531611651e-05
44,47,326,39,-0.0003679889196064323
44,48,326,40,-0.00015681830700486898
44,49,326,185,0.00025881186593323946
44,50,326,61,-4.7731733502587304e-05
44,51,326,146,9.77805939328391e-07
44,52,326,91,0.0004910960560664535
44,53,326,181,6.482433673227206e-05
44,54,326,84,0.00017480767564848065
44,55,326,17,0.00032016501063480973
44,56,326,11,5.3916472097625956e-05
44,57,326,72,-0.00015089339285623282
44,58,326,73,-2.1164332792977802e-05
44,59,326,74,-0.0002916306839324534
44,60,326,184,-9.937268259818666e-06
44,61,326,77,0.00037030893145129085
44,62,326,90,-9.085141209652647e-05
44,63,326,180,-9.178967593470588e-05
44,64,326,85,0.0002342176012462005
44,65,326,16,0.0001374968996969983
44,66,326,12,0.00012796850933227688
44,67,326,38,0.0001956679770955816
44,68,326,41,-0.00011597339471336454
44,69,326,42,5.809068898088299e-05
44,70,326,96,0.00011143989104311913
44,71,326,89,0.00024222952197305858
44,72,326,179,0.000105746861663647
44,73,326,86,0.000480215618154034
44,74,326,15,0.001459985738620162
44,75,326,13,0.0003109310055151582
44,76,326,82,4.1552393668098375e-05
44,77,326,81,0.00023417828197125345
44,78,326,80,-3.0749062716495246e-05
44,79,326,191,3.4878961741924286e-05
44,80,326,78,-0.00020573008805513382
44,81,326,95,-2.6828563932213e-05
44,82,326,88,-0.00010365428170189261
44,83,326,178,4.976231139153242e-05
44,84,326,87,4.721137156593613e-05
44,85,326,14,0.00019975121540483087
44,86,326,267,-5.681320544681512e-05
44,87,326,269,0.00010650194599293172
44,88,326,270,3.999750333605334e-05
44,89,326,409,8.927127782953903e-05
44,90,326,291,-0.00022399738372769207
44,91,326,375,2.7367241273168474e-05
44,92,326,321,0.00010813132394105196
44,93,326,405,-0.0005272260750643909
44,94,326,314,-0.00045733549632132053
44,95,326,302,6.373896758304909e-05
44,96,326,303,-0.00016269776097033173
44,97,326,304,4.603000343195163e-05
44,98,326,408,-7.894633017713204e-05
44,99,326,307,0.0002597903076093644
44,100,326,320,-0.00023569622135255486
44,101,326,404,-0.0011632428504526615
44,102,326,315,6.212378502823412e-05
44,103,326,268,-9.089784725802019e-05
44,104,326,271,-8.471318142255768e-05
44,105,326,272,-7.291371002793312e-05
44,106,326,325,-7.325394108192995e-05
44,107,326,319,0.00014599465066567063
44,108,326,403,-0.0011093999492004514
44,109,326,316,-0.00018274757894687355
44,110,326,312,4.8613004764774814e-05
44,111,326,311,-4.1952382161980495e-05
44,112,326,310,-0.000243894595769234
44,113,326,415,-2.6813977456185967e-05
44,114,326,308,-1.6008454622351564e-05
44,115,326,324,-0.00013450677215587348
44,116,326,318,9.513370605418459e-05
44,117,326,402,-0.0006618148181587458
44,118,326,317,4.382199767860584e-05
45,46,0,37,-3.489983646431938e-05
45,47,0,39,-5.4129988711792976e-05
45,48,0,40,-0.00011317605822114274
45,49,0,185,-0.00018659762281458825
45,50,0,61,-0.0001334471453446895
45,51,0,146,-0.0001375327119603753
45,52,0,91,-0.00014384076348505914
45,53,0,181,-6.378004763973877e-05
45,54,0,84,-6.396293611032888e-05
45,55,0,17,5.842099926667288e-05
45,56,0,11,0.000156156558659859
45,57,0,72,0.00011145194002892822
45,58,0,73,-0.00025009512319229543
45,59,0,74,-0.000212418963201344
45,60,0,184,3.419503991608508e-05
45,61,0,77,2.550016506575048e-05
45,62,0,90,-5.9437737945700064e-05
45,63,0,180,2.881086948036682e-05
45,64,0,85,0.00015181356866378337
45,65,0,16,-5.4797568736830726e-05
45,66,0,12,3.817272954620421e-06
45,67,0,38,0.0001678368862485513
45,68,0,41,-0.00019411878020036966
45,69,0,42,5.399541987571865e-05
45,70,0,96,-7.974948675837368e-05
45,71,0,89,-7.986541277205106e-06
45,72,0,179,-0.00024222597130574286
45,73,0,86,-0.00010655858204700053
45,74,0,15,-0.00011927960440516472
45,75,0,13,6.350975309032947e-05
45,76,0,82,-0.00020944193238392472
45,77,0,81,-0.00020762535859830678
45,78,0,80,-8.174162212526426e-05
45,79,0,191,7.43079581297934e-05
45,80,0,78,-3.9989143260754645e-05
45,81,0,95,4.865893424721435e-05
45,82,0,88,-0.00029822508804500103
45,83,0,178,-0.00017334084259346128
45,84,0,87,-0.0001444996742065996
45,85,0,14,-6.341965217870893e-06
45,86,0,267,0.00020147752366028726
45,87,0,269,-0.0005374076426960528
45,88,0,270,-0.0001078605346265249
45,89,0,409,-5.1563252782216296e-05
45,90,0,291,0.0001804134517442435
45,91,0,375,-0.009949488565325737
45,92,0,321,0.00015708908904343843
45,93,0,405,-0.0003340050170663744
45,94,0,314,-0.00040305336005985737
45,95,0,302,1.3554149518313352e-05
45,96,0,303,0.0005566811887547374
45,97,0,304,-0.00010552200546953827
45,98,0,408,9.902319106913637e-06
45,99,0,307,-0.00023895307094790041
45,100,0,320,-0.0001394864812027663
45,101,0,404,-0.0002488553582224995
45,102,0,315,3.432821176829748e-05
45,103,0,268,3.532023401930928e-05
45,104,0,271,2.4633731300127693e-05
45,105,0,272,-0.00010135785123566166
45,106,0,325,-0.0001908005215227604
45,107,0,319,-0.0001461590436520055
45,108,0,403,-0.000634953728877008
45,109,0,316,8.579254426877014e-06
45,110,0,312,1.0131459930562414e-05
45,111,0,311,0.0001369958627037704
45,112,0,310,4.370266469777562e-05
45,113,0,415,6.008731361362152e-05
45,114,0,308,0.00013270704948808998
45,115,0,324,6.315255450317636e-05
45,116,0,318,-1.056527798937168e-05
45,117,0,402,-0.00010885498340940103
45,118,0,317,-0.0001820307079469785
46,47,37,39,-4.421086487127468e-05
46,48,37,40,-8.900658576749265e-05
46,49,37,185,-0.0006793502834625542
46,50,37,61,0.0003258562064729631
46,51,37,146,-0.0001475669996580109
46,52,37,91,0.00013383828627411276
46,53,37,181,-6.184222729643807e-05
46,54,37,84,-0.00013675641093868762
46,55,37,17,-3.064643124162103e-06
46,56,37,11,-0.000554180471226573
46,57,37,72,-4.828826058655977e-05
46,58,37,73,-0.00014959948020987213
46,59,37,74,-0.0001349686790490523
46,60,37,184,-0.00019480384071357548
46,61,37,77,-4.111940506845713e-05
46,62,37,90,1.2433400115696713e-05
46,63,37,180,1.6125079127959907e-05
46,64,37,85,-0.00017777507309801877
46,65,37,16,-0.0008751120185479522
46,66,37,12,-0.00018909378559328616
46,67,37,38,0.00010504115925868973
46,68,37,41,-0.000346419372363016
46,69,37,42,-0.0002113524969900027
46,70,37,96,9.411253267899156e-05
46,71,37,89,-8.560922287870198e-05
46,72,37,179,0.00013076660980004817
46,73,37,86,-0.0005880183889530599
46,74,37,15,-0.00021784371347166598
46,75,37,13,1.9146369595546275e-05
46,76,37,82,1.2644944035855588e-05
46,77,37,81,-0.0003971931873820722
46,78,37,80,-0.00028846252826042473
46,79,37,191,-0.00020739187311846763
46,80,37,78,0.0002813186147250235
46,81,37,95,-0.0001912610896397382
46,82,37,88,0.00042953953379765153
46,83,37,178,0.00019649084424600005
46,84,37,87,-2.4047441911534406e-05
46,85,37,14,-0.00022670799808111042
46,86,37,267,-9.831432180362754e-06
46,87,37,269,0.0001035819950629957
46,88,37,270,0.0002188364596804604
46,89,37,409,-8.59403662616387e-05
46,90,37,291,0.00014258737792260945
46,91,37,375,-0.0005053894128650427
46,92,37,321,6.228104030014947e-05
46,93,37,405,-4.93541665491648e-05
46,94,37,314,-0.0002723312354646623
46,95,37,302,-8.800174691714346e-05
46,96,37,303,4.932394585921429e-05
46,97,37,304,2.058734025922604e-05
46,98,37,408,0.00037145952228456736
46,99,37,307,0.00034332688665017486
46,100,37,320,7.712877049925737e-06
46,101,37,404,-0.00014639529399573803
46,102,37,315,-0.0019506108947098255
46,103,37,268,7.477999315597117e-05
46,104,37,271,-6.589612894458696e-05
46,105,37,272,-4.690296918852255e-05
46,106,37,325,-0.0002366466069361195
46,107,37,319,-7.614951027790084e-05
46,108,37,403,-0.00026772383716888726
46,109,37,316,-0.0006380866398103535
46,110,37,312,-3.400451532797888e-05
46,111,37,311,-3.360711707500741e-05
46,112,37,310,0.00012759954552166164
46,113,37,415,0.00020273678819648921
46,114,37,308,3.771111732930876e-05
46,115,37,324,0.00017395538452547044
46,116,37,318,-4.769638326251879e-05
46,117,37,402,-0.00012273216270841658
46,118,37,317,-0.0007833154522813857
47,48,39,40,6.828278856119141e-05
47,49,39,185,-0.00034813658567145467
47,50,39,61,-0.00013326732732821256
47,51,39,146,4.672332215704955e-05
47,52,39,91,0.00019347283523529768
47,53,39,181,-0.0003488984366413206
47,54,39,84,-0.0003877868875861168
47,55,39,17,-0.000696783245075494
47,56,39,11,1.2394545592542272e-05
47,57,39,72,-4.884570444119163e-05
47,58,39,73,-0.0003169863484799862
47,59,39,74,-0.00019834644626826048
47,60,39,184,0.00020292898989282548
47,61,39,77,0.00017456445493735373
47,62,39,90,-0.00012067820352967829
47,63,39,180,-0.00040562154026702046
47,64,39,85,-0.0001332781685050577
47,65,39,16,-0.00027102380408905447
47,66,39,12,-0.00015934626571834087
47,67,39,38,-1.2035550753353164e-05
47,68,39,41,-0.00041031205910257995
47,69,39,42,-0.00016489953850395977
47,70,39,96,-1.9699153199326247e-05
47,71,39,89,-2.8080847187084146e-05
47,72,39,179,-0.0002527273027226329
47,73,39,86,-0.0001501991064287722
47,74,39,15,-0.0028695198707282543
47,75,39,13,-0.00018139160238206387
47,76,39,82,-0.00040359984268434346
47,77,39,81,-3.152292629238218e-05
47,78,39,80,-0.00018742811516858637
47,79,39,191,0.000165103207109496
47,80,39,78,1.8181728592026047e-05
47,81,39,95,1.8807508240570314e-05
47,82,39,88,-0.0001379647001158446
47,83,39,178,-0.0001045661119860597
47,84,39,87,-0.0002593097451608628
47,85,39,14,-0.00013181108806747943
47,86,39,267,-0.0004244235751684755
47,87,39,269,-0.00013872985437046736
47,88,39,270,5.500775660038926e-05
47,89,39,409,-7.779078259773087e-06
47,90,39,291,0.0005763061344623566
47,91,39,375,0.0002877300721593201
47,92,39,321,-0.0001316105481237173
47,93,39,405,-4.9840324209071696e-05
47,94,39,314,0.00016806868370622396
47,95,39,302,0.00013499162741936743
47,96,39,303,6.552195554831997e-05
47,97,39,304,0.0001330014638369903
47,98,39,408,7.589502638438717e-05
47,99,39,307,7.908500265330076e-05
47,100,39,320,-6.194524030433968e-05
47,101,39,404,2.871296601369977e-05
47,102,39,315,-0.00018501175509300083
47,103,39,268,0.00040023738984018564
47,104,39,271,7.477289182133973e-05
47,105,39,272,-0.00015934125985950232
47,106,39,325,-4.381261169328354e-05
47,107,39,319,0.0001483040687162429
47,108,39,403,-4.2811439925571904e-05
47,109,39,316,-0.0008298497414216399
47,110,39,312,9.395237429998815e-05
47,111,39,311,-0.00010342695168219507
47,112,39,310,0.00024494717945344746
47,113,39,415,3.3807802537921816e-05
47,114,39,308,9.99847543425858e-05
47,115,39,324,-0.00010277027467964217
47,116,39,318,0.00015229183190967888
47,117,39,402,2.5400304366485216e-05
47,118,39,317,-0.0005398097564466298
48,49,40,185,0.00012734987831208855
48,50,40,61,-9.33106493903324e-05
48,51,40,146,-5.2765881264349446e-05
48,52,40,91,-0.0005642865435220301
48,53,40,181,-0.00043121841736137867
48,54,40,84,-0.0010064739035442472
48,55,40,17,-0.00030001229606568813
48,56,40,11,-9.59038152359426e-05
48,57,40,72,-0.00012772614718414843
48,58,40,73,-8.214796253014356e-05
48,59,40,74,3.99289456254337e-05
48,60,40,184,0.00011788777919718996
48,61,40,77,8.479209645884112e-05
48,62,40,90,-0.00033261539647355676
48,63,40,180,-0.0003275888739153743
48,64,40,85,-1.1933352652704343e-05
48,65,40,16,-0.0008725267834961414
48,66,40,12,-6.475583359133452e-05
48,67,40,38,-1.6174346455954947e-05
48,68,40,41,0.00010066421236842871
48,69,40,42,-4.610862015397288e-05
48,70,40,96,5.487604721565731e-05
48,71,40,89,-0.0001561942044645548
48,72,40,179,-0.0001806446525733918
48,73,40,86,-6.836264219600707e-05
48,74,40,15,-0.0007897455361671746
48,75,40,13,-0.00042020753608085215
48,76,40,82,-0.00020705249335151166
48,77,40,81,-8.330842683790252e-05
48,78,40,80,-0.00011013337643817067
48,79,40,191,5.4595198889728636e-05
48,80,40,78,-0.00010209272295469418
48,81,40,95,-0.0005620947340503335
48,82,40,88,8.595372491981834e-05
48,83,40,178,-0.00014676527644041926
48,84,40,87,-0.002539959968999028
48,85,40,14,-0.0008475877111777663
48,86,40,267,-6.653264426859096e-05
48,87,40,269,-0.0001891892170533538
48,88,40,270,1.6577099813730456e-05
48,89,40,409,2.724122896324843e-05
48,90,40,291,-3.7600814266625093e-06
48,91,40,375,7.44958754239633e-07
48,92,40,321,-0.0003665851254481822
48,93,40,405,-0.00022130535217002034
48,94,40,314,-0.000372237031115219
48,95,40,302,-8.772013825364411e-05
48,96,40,303,-0.00014271600230131298
48,97,40,304,-0.00010868674871744588
48,98,40,408,-0.00028226792346686125
48,99,40,307,-0.00010748814383987337
48,100,40,320,-0.0001539967634016648
48,101,40,404,0.0001540016382932663
48,102,40,315,5.728882388211787e-05
48,103,40,268,0.0003221031802240759
48,104,40,271,-8.989225170807913e-05
48,105,40,272,-0.0004092067829333246
48,106,40,325,0.00016395469720009714
48,107,40,319,0.0002502126444596797
48,108,40,403,-0.00018490036018192768
48,109,40,316,7.989039295352995e-05
48,110,40,312,8.31840152386576e-05
48,111,40,311,-0.00019231946498621255
48,112,40,310,-3.235205804230645e-05
48,113,40,415,-9.639155177865177e-05
48,114,40,308,0.00023237225832417607
48,115,40,324,1.9837088984786533e-05
48,116,40,318,-0.00036657036980614066
48,117,40,402,0.00011549907503649592
48,118,40,317,-0.00019178549700882286
49,50,185,61,6.204418605193496e-05
49,51,185,146,-6.733283225912601e-05
49,52,185,91,-0.00019385255291126668
49,53,185,181,-4.547292701317929e-05
49,54,185,84,5.8268218708690256e-05
49,55,185,17,-0.001458988175727427
49,56,185,11,0.0001399758766638115
49,57,185,72,-0.00010421405750093982
49,58,185,73,0.00024247360124718398
49,59,185,74,0.0001374694547848776
49,60,185,184,-0.0001364117197226733
49,61,185,77,-0.00018001894932240248
49,62,185,90,-3.982814814662561e-05
49,63,185,180,-0.0004885777598246932
49,64,185,85,-0.004221226554363966
49,65,185,16,-0.00014874149928800762
49,66,185,12,8.005373092601076e-05
49,67,185,38,-0.0003510686510708183
49,68,185,41,-0.0001496097829658538
49,69,185,42,-8.734047878533602e-05
49,70,185,96,-0.0002019412931986153
49,71,185,89,-0.0003802846185863018
49,72,185,179,-0.00013602458056993783
49,73,185,86,-0.00043396459659561515
49,74,185,15,-0.000497197441291064
49,75,185,13,-0.00041649985359981656
49,76,185,82,1.5384766811621375e-05
49,77,185,81,-3.860249125864357e-05
49,78,185,80,-0.00018576612637843937
49,79,185,191,1.0338240826968104e-05
49,80,185,78,-6.262551323743537e-05
49,81,185,95,-0.0003510357637424022
49,82,185,88,-0.0003682419774122536
49,83,185,178,-0.0014162072911858559
49,84,185,87,-0.0024757187347859144
49,85,185,14,-0.0034073330461978912
49,86,185,267,-1.1890564564964734e-05
49,87,185,269,-0.00010400678729638457
49,88,185,270,-0.00012870303180534393
49,89,185,409,0.002925549168139696
49,90,185,291,0.00010366801870986819
49,91,185,375,-0.000368179491488263
49,92,185,321,-2.658769335539546e-05
49,93,185,405,-0.0001946025004144758
49,94,185,314,-0.0004234788939356804
49,95,185,302,9.124956704908982e-05
49,96,185,303,-0.00018930215446744114
49,97,185,304,-3.711049066623673e-05
49,98,185,408,3.0534472898580134e-05
49,99,185,307,0.00022432851255871356
49,100,185,320,-7.435663428623229e-05
49,101,185,404,6.866714829811826e-05
49,102,185,315,-0.0002774809254333377
49,103,185,268,-6.014980317559093e-05
49,104,185,271,-3.949137408199022e-06
49,105,185,272,1.2354918908386026e-05
49,106,185,325,0.00011527752212714404
49,107,185,319,-0.00011834988254122436
49,108,185,403,0.0001807038061087951
49,109,185,316,8.38624509924557e-06
49,110,185,312,5.328453880792949e-06
49,111,185,311,-0.00013155095803085715
49,112,185,310,-4.8965972382575274e-05
49,113,185,415,0.0003026533522643149
49,114,185,308,-4.266758696758188e-05
49,115,185,324,4.5038890675641596e-05
49,116,185,318,0.07771684974431992
49,117,185,402,0.0001575786736793816
49,118,185,317,-0.0002675631258171052
50,51,61,146,-7.461652421625331e-05
50,52,61,91,1.0050381206383463e-05
50,53,61,181,0.00014197199197951704
50,54,61,84,6.932898395461962e-05
50,55,61,17,-0.0006166381645016372
50,56,61,11,-3.962313348893076e-05
50,57,61,72,-0.00034037866862490773
50,58,61,73,-9.051372035173699e-05
50,59,61,74,-0.00016186964057851583
50,60,61,184,-9.362388664158061e-05
50,61,61,77,-0.0002693000715225935
50,62,61,90,0.0003395797684788704
50,63,61,180,0.00018978489970322698
50,64,61,85,0.00011385663674445823
50,65,61,16,-0.00023834995226934552
50,66,61,12,5.033328307035845e-06
50,67,61,38,-1.9512172002578154e-05
50,68,61,41,-2.895309626183007e-05
50,69,61,42,-0.00010912257857853547
50,70,61,96,-0.00023101804254110903
50,71,61,89,4.903630724584218e-06
50,72,61,179,-0.00043754620128311217
50,73,61,86,-0.0005254741990938783
50,74,61,15,-0.00043723787530325353
50,75,61,13,-8.166370389517397e-05
50,76,61,82,0.00022514878946822137
50,77,61,81,0.00015257351333275437
50,78,61,80,0.00011462572729215026
50,79,61,191,0.00011173446546308696
50,80,61,78,-0.00012210875866003335
50,81,61,95,-0.00021729776926804334
50,82,61,88,-0.00010077698243549094
50,83,61,178,3.702946560224518e-05
50,84,61,87,-0.0006912953685969114
50,85,61,14,0.00032122634002007544
50,86,61,267,-8.616701234132051e-05
50,87,61,269,0.00010814076085807756
50,88,61,270,0.00012494878319557756
50,89,61,409,0.00011276837176410481
50,90,61,291,0.00012759026139974594
50,91,61,375,0.0006349821342155337
50,92,61,321,-5.309352127369493e-05
50,93,61,405,-0.00018031476065516472
50,94,61,314,0.017050420865416527
50,95,61,302,-0.0002867461007554084
50,96,61,303,6.737939111189917e-05
50,97,61,304,8.683511259732768e-05
50,98,61,408,1.5482351955142803e-05
50,99,61,307,8.260224421974272e-05
50,100,61,320,0.00011640355660347268
50,101,61,404,-0.00038477632915601134
50,102,61,315,0.00011438046203693375
50,103,61,268,0.0001056362089002505
50,104,61,271,-1.2168004104751162e-05
50,105,61,272,-8.129781781462952e-05
50,106,61,325,1.5662708392483182e-05
50,107,61,319,-0.0001406370720360428
50,108,61,403,-0.0023523953277617693
50,109,61,316,0.10618317127227783
50,110,61,312,0.00016293249791488051
50,111,61,311,0.00025523596559651196
50,112,61,310,2.2278791220742278e-06
50,113,61,415,0.0003513844567351043
50,114,61,308,-0.0009558311430737376
50,115,61,324,-7.833720155758783e-05
50,116,61,318,-0.00010280838614562526
50,117,61,402,-0.00276485038921237
50,118,61,317,-0.0003048743528779596
51,52,146,91,0.00034651687019504607
51,53,146,181,0.0005134046077728271
51,54,146,84,-0.00025869166711345315
51,55,146,17,-0.0010519272182136774
51,56,146,11,-5.093255458632484e-05
51,57,146,72,-7.079695205902681e-05
51,58,146,73,0.00018503748287912458
51,59,146,74,-3.1385297916131094e-05
51,60,146,184,-2.250371289846953e-05
51,61,146,77,0.00017359928460791707
51,62,146,90,-3.89745291613508e-05
51,63,146,180,-0.00013581561506725848
51,64,146,85,-0.0017349007539451122
51,65,146,16,-0.000230091463890858
51,66,146,12,-4.9047295760829e-05
51,67,146,38,-5.8144229114986956e-05
51,68,146,41,8.264365169452503e-05
51,69,146,42,0.0002447462175041437
51,70,146,96,-3.515486969263293e-05
51,71,146,89,-0.00016409042291343212
51,72,146,179,-0.00011919268581550568
51,73,146,86,-0.001069764606654644
51,74,146,15,-0.0007808270747773349
51,75,146,13,-0.00017149375344160944
51,76,146,82,0.00011249072849750519
51,77,146,81,1.6246451195911504e-05
51,78,146,80,-0.0001858516043284908
51,79,146,191,-4.0440205339109525e-05
51,80,146,78,-0.00012112926197005436
51,81,146,95,0.00022055396402720362
51,82,146,88,7.449483382515609e-05
51,83,146,178,-1.2312335456954315e-05
51,84,146,87,-0.0008244432392530143
51,85,146,14,-0.00021072816161904484
51,86,146,267,-0.00027003863942809403
51,87,146,269,-2.7912257792195305e-05
51,88,146,270,6.744301208527759e-05
51,89,146,409,7.068109698593616e-05
51,90,146,291,0.0002519000554457307
51,91,146,375,-0.00039552219095639884
51,92,146,321,-0.0001680468994891271
51,93,146,405,4.121509482502006e-05
51,94,146,314,-0.00010886575910262764
51,95,146,302,3.814379670075141e-05
51,96,146,303,-0.00014710580580867827
51,97,146,304,-9.074586159840692e-06
51,98,146,408,-5.064996730652638e-05
51,99,146,307,3.6474273656494915e-05
51,100,146,320,-0.0002150179207092151
51,101,146,404,-0.00013736856635659933
51,102,146,315,2.5769933927222155e-05
51,103,146,268,1.4373161320690997e-05
51,104,146,271,1.5358320524683222e-05
51,105,146,272,0.00011910817556781694
51,106,146,325,-0.00020816137839574367
51,107,146,319,-0.0001412619894836098
51,108,146,403,-9.11097667994909e-05
51,109,146,316,-0.0002573290257714689
51,110,146,312,-0.00012889486970379949
51,111,146,311,-0.00011731425183825195
51,112,146,310,-3.0188339223968796e-05
51,113,146,415,-9.587423119228333e-05
51,114,146,308,0.00023469614097848535
51,115,146,324,0.00011895608622580767
51,116,146,318,-4.696608812082559e-05
51,117,146,402,-0.00011158983397763222
51,118,146,317,6.679132638964802e-05
52,53,91,181,-0.00029976392397657037
52,54,91,84,-4.344876742834458e-06
52,55,91,17,4.622498818207532e-05
52,56,91,11,-0.00022104015806689858
52,57,91,72,-0.00012348691234365106
52,58,91,73,5.594570029643364e-05
52,59,91,74,-9.383076394442469e-05
52,60,91,184,0.0001561827666591853
52,61,91,77,0.0003265543491579592
52,62,91,90,-4.7907757107168436e-05
52,63,91,180,-6.6229322328581475e-06
52,64,91,85,-0.0015191077254712582
52,65,91,16,5.709633478545584e-05
52,66,91,12,-5.714650978916325e-05
52,67,91,38,7.609950989717618e-05
52,68,91,41,-3.0222938221413642e-05
52,69,91,42,1.9123752281302586e-05
52,70,91,96,8.189457003027201e-05
52,71,91,89,0.00017983090947382152
52,72,91,179,-0.00012127716763643548
52,73,91,86,-6.500167364720255e-05
52,74,91,15,-6.751867476850748e-05
52,75,91,13,-0.00034268051967956126
52,76,91,82,1.3314154784893617e-05
52,77,91,81,0.00029412060393951833
52,78,91,80,-0.00016168727597687393
52,79,91,191,-3.2792024285299703e-05
52,80,91,78,-0.0002504577278159559
52,81,91,95,0.00010967577691189945
52,82,91,88,-0.0002448243321850896
52,83,91,178,0.00016313618107233196
52,84,91,87,-0.00020174664678052068
52,85,91,14,-0.0001532379974378273
52,86,91,267,-0.00017007245332933962
52,87,91,269,-0.00019750880892388523
52,88,91,270,0.00016584598051849753
52,89,91,409,0.00011564392480067909
52,90,91,291,-0.00013815541751682758
52,91,91,375,0.0003083977208007127
52,92,91,321,6.925594789208844e-05
52,93,91,405,9.927469363901764e-05
52,94,91,314,-0.00020121091802138835
52,95,91,302,0.0001823212660383433
52,96,91,303,-0.00020456079801078886
52,97,91,304,0.00012201660865684971
52,98,91,408,0.00015028123743832111
52,99,91,307,0.00045204375055618584
52,100,91,320,-5.054115172242746e-05
52,101,91,404,-5.540994243347086e-05
52,102,91,315,-8.549810445401818e-05
52,103,91,268,-0.000210007288842462
52,104,91,271,-7.214939978439361e-05
52,105,91,272,0.00016869849059730768
52,106,91,325,0.0001843428035499528
52,107,91,319,-0.0002201868628617376
52,108,91,403,0.00037308421451598406
52,109,91,316,0.00018508269567973912
52,110,91,312,5.5851116485428065e-05
52,111,91,311,-0.00014713589916937053
52,112,91,310,-0.00016730462084524333
52,113,91,415,3.156009552185424e-05
52,114,91,308,9.469825454289094e-05
52,115,91,324,0.00014732993440702558
52,116,91,318,-6.412481161532924e-05
52,117,91,402,-0.00016292193322442472
52,118,91,317,-6.597601168323308e-05
53,54,181,84,-0.00011426730634411797
53,55,181,17,-0.00017594796372577548
53,56,181,11,-0.00010022455535363406
53,57,181,72,4.959420402883552e-05
53,58,181,73,-0.02847904898226261
53,59,181,74,9.204801608575508e-05
53,60,181,184,-0.0006548446253873408
53,61,181,77,-0.0001423094217898324
53,62,181,90,-0.00033719363273121417
53,63,181,180,-2.4353272237931378e-05
53,64,181,85,0.00012995842553209513
53,65,181,16,-0.0006391221540980041
53,66,181,12,2.850139389920514e-05
53,67,181,38,-0.00011904055281775072
53,68,181,41,0.00039461578126065433
53,69,181,42,0.0032277400605380535
53,70,181,96,7.040902801236371e-06
53,71,181,89,0.00022816983982920647
53,72,181,179,0.0001534613547846675
53,73,181,86,-0.00019105228420812637
53,74,181,15,-0.00019952200818806887
53,75,181,13,-1.3483688235282898e-05
53,76,181,82,-5.4788190027466044e-05
53,77,181,81,9.160248737316579e-05
53,78,181,80,-0.0003220443904865533
53,79,181,191,-0.0006455513066612184
53,80,181,78,-1.8458111298969015e-05
53,81,181,95,0.0816967636346817
53,82,181,88,0.00020230739028193057
53,83,181,178,4.318663559388369e-05
53,84,181,87,-9.835632226895541e-05
53,85,181,14,-0.000415498303482309
53,86,181,267,-7.605309747305e-06
53,87,181,269,0.00011797039769589901
53,88,181,270,-1.7920396203408018e-05
53,89,181,409,0.00013091659639030695
53,90,181,291,8.323111978825182e-05
53,91,181,375,-0.0003093341365456581
53,92,181,321,-0.0003500281018204987
53,93,181,405,-0.00048632005928084254
53,94,181,314,-0.00036085466854274273
53,95,181,302,0.00010460895282449201
53,96,181,303,-0.00034625359694473445
53,97,181,304,-0.00015397666720673442
53,98,181,408,0.0003005019680131227
53,99,181,307,0.0006020568544045091
53,100,181,320,-0.0005868569132871926
53,101,181,404,7.221098348964006e-05
53,102,181,315,0.00015860366693232208
53,103,181,268,0.00030189138487912714
53,104,181,271,-1.010991763905622e-05
53,105,181,272,-5.094131483929232e-05
53,106,181,325,4.942763212056889e-07
53,107,181,319,0.00013760547153651714
53,108,181,403,6.951291288714856e-05
53,109,181,316,0.00024989646044559777
53,110,181,312,0.00020867964485660195
53,111,181,311,0.0001731442753225565
53,112,181,310,-0.00011995338718406856
53,113,181,415,-0.00010956563346553594
53,114,181,308,-0.00010025972733274102
53,115,181,324,-0.0003439770662225783
53,116,181,318,-0.00016820539894979447
53,117,181,402,-0.00014718086458742619
53,118,181,317,-0.0001512557646492496
54,55,84,17,-5.805858745588921e-05
54,56,84,11,6.940877210581675e-05
54,57,84,72,0.00037361617432907224
54,58,84,73,-0.00010054567246697843
54,59,84,74,-0.0003531574038788676
54,60,84,184,-0.0032898688223212957
54,61,84,77,-0.0007731869118288159
54,62,84,90,-0.0005180930602364242
54,63,84,180,-0.00044266608892939985
54,64,84,85,0.0001351657701889053
54,65,84,16,-0.0002175512199755758
54,66,84,12,-3.0642386263934895e-05
54,67,84,38,-3.673034007078968e-05
54,68,84,41,-0.00040716450894251466
54,69,84,42,0.004577674902975559
54,70,84,96,-0.0007967471028678119
54,71,84,89,0.00013472001592162997
54,72,84,179,-0.00022648423328064382
54,73,84,86,0.00012103148765163496
54,74,84,15,-0.0005501529667526484
54,75,84,13,9.900961595121771e-05
54,76,84,82,0.0001691304933046922
54,77,84,81,6.736491923220456e-05
54,78,84,80,-0.00014674490375909954
54,79,84,191,-0.0009284603293053806
54,80,84,78,-0.00024188282259274274
54,81,84,95,-0.0004070900904480368
54,82,84,88,6.573724385816604e-05
54,83,84,178,0.0002914331271313131
54,84,84,87,0.00010980811202898622
54,85,84,14,4.01078250433784e-05
54,86,84,267,0.0002988504129461944
54,87,84,269,0.00015185886877588928
54,88,84,270,5.2407373004825786e-05
54,89,84,409,-9.436352411285043e-05
54,90,84,291,0.00017887557623907924
54,91,84,375,-8.979973790701479e-05
54,92,84,321,-9.047050843946636e-05
54,93,84,405,-0.00017956264491658658
54,94,84,314,-0.0006517095025628805
54,95,84,302,-0.0002109051711158827
54,96,84,303,0.00012690127186942846
54,97,84,304,2.6768202587845735e-05
54,98,84,408,-0.0003070010570809245
54,99,84,307,0.00021248777920845896
54,100,84,320,-2.2475333025795408e-05
54,101,84,404,-0.00017848059360403568
54,102,84,315,-9.634424350224435e-05
54,103,84,268,-0.00020150378986727446
54,104,84,271,-0.00015242434164974838
54,105,84,272,4.16446418967098e-05
54,106,84,325,5.691273690899834e-05
54,107,84,319,0.0003600327472668141
54,108,84,403,-0.00022256930242292583
54,109,84,316,-0.00022442992485594004
54,110,84,312,0.00014417355123441666
54,111,84,311,-8.965322194853798e-05
54,112,84,310,-6.42686864011921e-05
54,113,84,415,0.0009397490066476166
54,114,84,308,-0.0002539756242185831
54,115,84,324,-2.5225226636393927e-06
54,116,84,318,0.00014589597412850708
54,117,84,402,1.0570932317932602e-05
54,118,84,317,-6.562205089721829e-05
55,56,17,11,0.0002816329651977867
55,57,17,72,-0.0005322928773239255
55,58,17,73,-0.000653756782412529
55,59,17,74,-0.0001746469351928681
55,60,17,184,-0.0004664183361455798
55,61,17,77,-0.0006560681504197419
55,62,17,90,8.062292181421071e-05
55,63,17,180,1.468117716285633e-05
55,64,17,85,-0.0002131595101673156
55,65,17,16,0.0004536953056231141
55,66,17,12,-1.845609767769929e-05
55,67,17,38,-0.0004614971112459898
55,68,17,41,-0.0006276022177189589
55,69,17,42,-0.00016602958203293383
55,70,17,96,-0.0006703424151055515
55,71,17,89,-0.0006674685282632709
55,72,17,179,-0.0007299733115360141
55,73,17,86,0.0002633890544530004
55,74,17,15,1.353171501250472e-05
55,75,17,13,-0.00010434716386953369
55,76,17,82,-0.0012454349780455232
55,77,17,81,-0.0016274231020361185
55,78,17,80,-0.0006682535167783499
55,79,17,191,-0.000628039997536689
55,80,17,78,-0.0011677888687700033
55,81,17,95,-0.0002972617803607136
55,82,17,88,-0.0005218433798290789
55,83,17,178,-2.0550716726575047e-05
55,84,17,87,-0.0006076309946365654
55,85,17,14,-0.00017723030759952962
55,86,17,267,4.615956640918739e-05
55,87,17,269,-0.00020304368808865547
55,88,17,270,1.851887191151036e-06
55,89,17,409,3.709951897690189e-06
55,90,17,291,-1.3059903949397267e-06
55,91,17,375,4.0229104342870414e-05
55,92,17,321,0.00017066123837139457
55,93,17,405,0.00012521600001491606
55,94,17,314,-0.0004152915789745748
55,95,17,302,0.00020087049051653594
55,96,17,303,0.00022523511142935604
55,97,17,304,0.00017153524095192552
55,98,17,408,0.00043584476225078106
55,99,17,307,-5.9318062994861975e-05
55,100,17,320,-1.6024963770178147e-05
55,101,17,404,-0.0002699649485293776
55,102,17,315,-0.00020465593843255192
55,103,17,268,0.0002138354757335037
55,104,17,271,0.00014333879516925663
55,105,17,272,0.0004481386858969927
55,106,17,325,0.00010586466669337824
55,107,17,319,-1.5424609955516644e-05
55,108,17,403,-0.00010446398664498702
55,109,17,316,-1.829402935982216e-05
55,110,17,312,9.82597703114152e-05
55,111,17,311,0.0005279940087348223
55,112,17,310,0.00021910751820541918
55,113,17,415,0.0004697105032391846
55,114,17,308,-8.437003998551518e-05
55,115,17,324,0.00036416674265637994
55,116,17,318,-0.00017046475841198117
55,117,17,402,0.0002843965485226363
55,118,17,317,-1.212005372508429e-05
56,57,11,72,-0.00027434807270765305
56,58,11,73,-0.0007277232361957431
56,59,11,74,-0.00016331681399606168
56,60,11,184,-2.6620142307365313e-05
56,61,11,77,-0.0001698931446298957
56,62,11,90,-8.625705959275365e-05
56,63,11,180,-6.533383566420525e-05
56,64,11,85,-9.176093590212986e-05
56,65,11,16,0.00013977302296552807
56,66,11,12,-0.00017714248679112643
56,67,11,38,-0.0002655580756254494
56,68,11,41,-6.456867413362488e-05
56,69,11,42,0.00011991351493634284
56,70,11,96,8.273979619843885e-05
56,71,11,89,0.00026382540818303823
56,72,11,179,-0.0003684627590700984
56,73,11,86,-0.00022780548897571862
56,74,11,15,0.00024602728080935776
56,75,11,13,7.75974549469538e-05
56,76,11,82,-0.0003969960380345583
56,77,11,81,-2.428795414743945e-05
56,78,11,80,-0.00026604990125633776
56,79,11,191,-0.0002891168696805835
56,80,11,78,-0.00020219391444697976
56,81,11,95,-0.00020594141096808016
56,82,11,88,-7.725384784862399e-05
56,83,11,178,-1.628763675398659e-05
56,84,11,87,0.000458904862171039
56,85,11,14,-8.935447840485722e-05
56,86,11,267,-0.00011485425056889653
56,87,11,269,-0.0002806491684168577
56,88,11,270,8.828694990370423e-05
56,89,11,409,-0.0001232214126503095
56,90,11,291,9.295829659095034e-05
56,91,11,375,-0.026435652747750282
56,92,11,321,-7.90128979133442e-05
56,93,11,405,-0.00032626991742290556
56,94,11,314,-1.1215690392418765e-05
56,95,11,302,-8.427471038885415e-05
56,96,11,303,-0.00040336360689252615
56,97,11,304,2.2794780306867324e-05
56,98,11,408,0.00037603738019242883
56,99,11,307,-9.499108273303136e-05
56,100,11,320,0.00021636059682350606
56,101,11,404,-6.675591430393979e-05
56,102,11,315,-7.595458737341687e-05
56,103,11,268,7.510374416597188e-05
56,104,11,271,4.391187394503504e-05
56,105,11,272,6.842279981356114e-05
56,106,11,325,0.0002605337940622121
56,107,11,319,-0.0002743676013778895
56,108,11,403,-9.485530608799309e-05
56,109,11,316,-0.00038311060052365065
56,110,11,312,-9.925546328304335e-05
56,111,11,311,-0.00010793473484227434
56,112,11,310,0.00013663832214660943
56,113,11,415,0.00016520146164111793
56,114,11,308,5.531612714548828e-06
56,115,11,324,-0.00012145414075348526
56,116,11,318,-6.362533167703077e-05
56,117,11,402,4.6554847358493134e-05
56,118,11,317,-0.00020347787358332425
57,58,72,73,-0.00036197315785102546
57,59,72,74,-2.9358739993767813e-05
57,60,72,184,-0.00021953835675958544
57,61,72,77,-4.808884477824904e-05
57,62,72,90,-9.513365512248129e-05
57,63,72,180,-5.926537778577767e-05
57,64,72,85,0.00027200314798392355
57,65,72,16,-0.0001967597781913355
57,66,72,12,-0.0005182442255318165
57,67,72,38,-0.00021537425345741212
57,68,72,41,-0.0009198897168971598
57,69,72,42,-0.0001378123415634036
57,70,72,96,-3.2084386475617066e-05
57,71,72,89,-3.365390148246661e-05
57,72,72,179,4.830373654840514e-06
57,73,72,86,-0.000378227821784094
57,74,72,15,-0.0005862641264684498
57,75,72,13,-0.0003308961750008166
57,76,72,82,0.0002731671847868711
57,77,72,81,-0.00018633667787071317
57,78,72,80,-0.00010421797924209386
57,79,72,191,0.0001217052704305388
57,80,72,78,0.0001233491493621841
57,81,72,95,-0.00016304972814396024
57,82,72,88,0.0001694050442893058
57,83,72,178,2.9048565920675173e-05
57,84,72,87,-0.00018376954540144652
57,85,72,14,-0.0003753534983843565
57,86,72,267,-6.433900125557557e-05
57,87,72,269,-7.618816016474739e-05
57,88,72,270,3.1603180104866624e-05
57,89,72,409,8.96519031812204e-06
57,90,72,291,-0.0005067019956186414
57,91,72,375,-0.00017812535224948078
57,92,72,321,2.620708619360812e-05
57,93,72,405,1.1727379387593828e-05
57,94,72,314,-0.00018005234596785158
57,95,72,302,-0.0002352042793063447
57,96,72,303,-3.360314804012887e-05
57,97,72,304,-2.5022918634931557e-05
57,98,72,408,-3.678532721096417e-06
57,99,72,307,0.00015700676885899156
57,100,72,320,2.5144354367512278e-05
57,101,72,404,-0.0008197732968255877
57,102,72,315,-0.00029423701926134527
57,103,72,268,-8.65457968757255e-06
57,104,72,271,-0.00011312754213577136
57,105,72,272,0.00021639300393871963
57,106,72,325,-0.0001870806299848482
57,107,72,319,-0.00010731029033195227
57,108,72,403,-0.0001295675610890612
57,109,72,316,-0.00016523331578355283
57,110,72,312,0.00014264669152908027
57,111,72,311,-3.7734771467512473e-05
57,112,72,310,0.00018570928659755737
57,113,72,415,-8.734012226341292e-05
57,114,72,308,0.0001781560858944431
57,115,72,324,5.249686728348024e-05
57,116,72,318,2.4149014279828407e-05
57,117,72,402,-0.0003702693502418697
57,118,72,317,-0.0007942555821500719
58,59,73,74,-1.6903586583794095e-05
58,60,73,184,-1.660798443481326e-05
58,61,73,77,-4.9934293201658875e-05
58,62,73,90,-6.020597356837243e-05
58,63,73,180,-7.622831617482007e-05
58,64,73,85,-6.743705307599157e-05
58,65,73,16,-0.0029320893809199333
58,66,73,12,0.00014734444266650826
58,67,73,38,-0.00018956921121571213
58,68,73,41,7.95754931459669e-06
58,69,73,42,0.0001448911352781579
58,70,73,96,-6.518476584460586e-05
58,71,73,89,9.547792433295399e-05
58,72,73,179,-5.001060344511643e-05
58,73,73,86,-0.00039331777952611446
58,74,73,15,-0.00016780916485004127
58,75,73,13,4.9423812015447766e-05
58,76,73,82,-0.00019456841982901096
58,77,73,81,5.411658275988884e-05
58,78,73,80,0.00017453866894356906
58,79,73,191,2.9159091354813427e-05
58,80,73,78,0.00013138660870026797
58,81,73,95,8.690646791364998e-05
58,82,73,88,-7.087575795594603e-05
58,83,73,178,-0.0005253847921267152
58,84,73,87,-0.0006597909377887845
58,85,73,14,-0.0012504280311986804
58,86,73,267,-0.00016652407066430897
58,87,73,269,4.32408633059822e-05
58,88,73,270,-0.00011360309872543439
58,89,73,409,0.00010877512249862775
58,90,73,291,-0.00021287768322508782
58,91,73,375,2.620357736304868e-05
58,92,73,321,-5.84766166866757e-05
58,93,73,405,-0.0002243217604700476
58,94,73,314,-0.0013929647393524647
58,95,73,302,-0.00043651703163050115
58,96,73,303,-0.0002679956960491836
58,97,73,304,-0.00020083280105609447
58,98,73,408,0.00014326565724331886
58,99,73,307,-6.814285006839782e-05
58,100,73,320,3.953878695028834e-05
58,101,73,404,0.0001508021668996662
58,102,73,315,-0.0006446715560741723
58,103,73,268,-0.00012659013736993074
58,104,73,271,-0.0002074931690003723
58,105,73,272,0.000350984773831442
58,106,73,325,0.000449669809313491
58,107,73,319,-0.00017040020611602813
58,108,73,403,-0.00033181472099386156
58,109,73,316,-0.0002331492432858795
58,110,73,312,0.0001127583600464277
58,111,73,311,-9.026542102219537e-05
58,112,73,310,8.669662202009931e-05
58,113,73,415,0.00012899877037853003
58,114,73,308,-0.00013598108489532024
58,115,73,324,1.4156841643853113e-05
58,116,73,318,-5.549746492761187e-05
58,117,73,402,-0.00013688486069440842
58,118,73,317,-0.0002706345112528652
59,60,74,184,0.00017531403864268214
59,61,74,77,1.2430181413947139e-05
59,62,74,90,-0.0002212439721915871
59,63,74,180,-0.0005629488732665777
59,64,74,85,-0.0012296735076233745
59,65,74,16,-0.0002849411393981427
59,66,74,12,4.371326940599829e-05
59,67,74,38,-0.0003361038980074227
59,68,74,41,-0.00027047042385675013
59,69,74,42,-5.910077743465081e-05
59,70,74,96,2.656087417562958e-05
59,71,74,89,-0.0001359625020995736
59,72,74,179,-0.00023774011060595512
59,73,74,86,-0.0009927008068189025
59,74,74,15,-0.0007107610581442714
59,75,74,13,-0.0005577298579737544
59,76,74,82,-0.00015448576596099883
59,77,74,81,3.4575707104522735e-05
59,78,74,80,2.735873385972809e-05
59,79,74,191,-0.0001794642594177276
59,80,74,78,3.823293809546158e-05
59,81,74,95,-3.0202963898773305e-05
59,82,74,88,-0.0002997160190716386
59,83,74,178,-0.0003557235759217292
59,84,74,87,-0.00010919506166828796
59,85,74,14,-0.00028055088478140533
59,86,74,267,2.0298826711950824e-05
59,87,74,269,-6.187053077155724e-05
59,88,74,270,-9.389378828927875e-05
59,89,74,409,-4.8283316573360935e-05
59,90,74,291,0.00013846805086359382
59,91,74,375,-7.572233880637214e-05
59,92,74,321,0.0003173669974785298
59,93,74,405,-0.00037778777186758816
59,94,74,314,-0.0002870168536901474
59,95,74,302,6.860609573777765e-05
59,96,74,303,-0.00015643479127902538
59,97,74,304,7.947920721562696e-07
59,98,74,408,5.566379695665091e-05
59,99,74,307,-0.00012802256969735026
59,100,74,320,-0.00024006528838071972
59,101,74,404,2.8048478270648047e-05
59,102,74,315,-0.0004413177666720003
59,103,74,268,0.0002983204904012382
59,104,74,271,-0.000252697616815567
59,105,74,272,9.772238627192564e-06
59,106,74,325,0.00018614379223436117
59,107,74,319,-0.00012559679453261197
59,108,74,403,-0.0001902737421914935
59,109,74,316,2.5483861463726498e-05
59,110,74,312,3.889738945872523e-05
59,111,74,311,7.557179924333468e-05
59,112,74,310,-1.8740900486591272e-05
59,113,74,415,4.929160786559805e-05
59,114,74,308,-7.039894262561575e-05
59,115,74,324,0.00016903883079066873
59,116,74,318,-0.00013847292575519532
59,117,74,402,9.372051863465458e-05
59,118,74,317,0.00016416775179095566
60,61,184,77,-0.0002860487438738346
60,62,184,90,-0.00046534655848518014
60,63,184,180,2.5731828827701975e-06
60,64,184,85,-3.757791637326591e-05
60,65,184,16,-0.004672474227845669
60,66,184,12,7.89166588219814e-05
60,67,184,38,0.00014685436326544732
60,68,184,41,0.00014920951798558235
60,69,184,42,-0.0001595615322003141
60,70,184,96,3.2572213967796415e-05
60,71,184,89,-5.05762618558947e-05
60,72,184,179,-0.0008512839558534324
60,73,184,86,-0.0020829441491514444
60,74,184,15,-0.0005922788986936212
60,75,184,13,-7.635317888343707e-05
60,76,184,82,-9.001444595924113e-06
60,77,184,81,-0.0003264063852839172
60,78,184,80,-1.7641432350501418e-05
60,79,184,191,-9.289647277910262e-05
60,80,184,78,0.0001629108446650207
60,81,184,95,-0.0001825045037548989
60,82,184,88,1.2780281394952908e-05
60,83,184,178,-0.0013566322159022093
60,84,184,87,-0.000669649918563664
60,85,184,14,1.681638605077751e-05
60,86,184,267,-0.0002091780334012583
60,87,184,269,6.650436989730224e-05
60,88,184,270,0.0001939403300639242
60,89,184,409,4.230422564432956e-05
60,90,184,291,-5.0606464355951175e-05
60,91,184,375,2.5600878871046007e-05
60,92,184,321,3.228891273465706e-06
60,93,184,405,0.00011639637523330748
60,94,184,314,-0.00019400179735384881
60,95,184,302,-1.5082760000950657e-05
60,96,184,303,-6.337744707707316e-05
60,97,184,304,0.000194783482584171
60,98,184,408,-4.139960583415814e-05
60,99,184,307,-5.190956926526269e-06
60,100,184,320,-0.00012447504559531808
60,101,184,404,-0.0001805075298761949
60,102,184,315,1.4231191926228348e-05
60,103,184,268,0.0002576209371909499
60,104,184,271,0.0002240119647467509
60,105,184,272,1.2506506209319923e-05
60,106,184,325,-3.718950756592676e-05
60,107,184,319,3.0353803595062345e-05
60,108,184,403,9.966459037968889e-05
60,109,184,316,-0.00014548002218361944
60,110,184,312,0.0003274603805039078
60,111,184,311,4.362016261438839e-05
60,112,184,310,-8.492310007568449e-05
60,113,184,415,8.414527110289782e-05
60,114,184,308,0.00013031167327426374
60,115,184,324,-2.9118364182068035e-05
60,116,184,318,0.00010780315642477944
60,117,184,402,-3.0976789275882766e-05
60,118,184,317,-0.0002448557352181524
61,62,77,90,-0.00017210493388120085
61,63,77,180,-0.00010270645725540817
61,64,77,85,0.0005506023881025612
61,65,77,16,-0.0004878504842054099
61,66,77,12,-3.0180319299688563e-05
61,67,77,38,2.0525640138657764e-06
61,68,77,41,2.8931641281815246e-05
61,69,77,42,-4.131349123781547e-05
61,70,77,96,-0.0001311159139731899
61,71,77,89,-0.0004467102698981762
61,72,77,179,-0.00032841082429513335
61,73,77,86,-0.0005162031156942248
61,74,77,15,-3.686200579977594e-05
61,75,77,13,0.0001345394121017307
61,76,77,82,0.00023661882732994854
61,77,77,81,-4.9751084588933736e-05
61,78,77,80,-2.028225026151631e-05
61,79,77,191,0.00032243542955257
61,80,77,78,-0.0001612170453881845
61,81,77,95,-1.4748410649190191e-05
61,82,77,88,-4.772627289639786e-05
61,83,77,178,-0.0003301285323686898
61,84,77,87,-0.0012116305297240615
61,85,77,14,-0.0007934283930808306
61,86,77,267,0.0001867631945060566
61,87,77,269,-0.0005164792528375983
61,88,77,270,2.178482827730477e-05
61,89,77,409,0.00045380546362139285
61,90,77,291,0.00033031863858923316
61,91,77,375,0.00019152685126755387
61,92,77,321,-5.861721365363337e-05
61,93,77,405,4.9416030378779396e-05
61,94,77,314,-0.0006852435762993991
61,95,77,302,0.00015381959383375943
61,96,77,303,-0.00012356672959867865
61,97,77,304,-0.00020415511971805245
61,98,77,408,-2.7127680368721485e-05
61,99,77,307,0.0004927434492856264
61,100,77,320,6.75043193041347e-05
61,101,77,404,-0.00016815289563965052
61,102,77,315,0.0001590790052432567
61,103,77,268,-9.536162542644888e-05
61,104,77,271,0.000245469156652689
61,105,77,272,0.00020024935656692833
61,106,77,325,-2.9039456421742216e-05
61,107,77,319,0.00033958724816329777
61,108,77,403,-3.347875099279918e-05
61,109,77,316,0.00011873558833030984
61,110,77,312,-0.00015969843661878258
61,111,77,311,-6.221162038855255e-05
61,112,77,310,0.000161076444783248
61,113,77,415,-8.970744238467887e-05
61,114,77,308,0.008740752004086971
61,115,77,324,-1.714753670967184e-05
61,116,77,318,-1.8577473383629695e-05
61,117,77,402,-0.00011894346243934706
61,118,77,317,0.0001358494773739949
62,63,90,180,-0.0002845803974196315
62,64,90,85,-0.00016926907119341195
62,65,90,16,-0.0008843831019476056
62,66,90,12,-2.689984285098035e-05
62,67,90,38,0.00043841582373715937
62,68,90,41,-2.378363933530636e-05
62,69,90,42,8.052271732594818e-05
62,70,90,96,0.0001387767115375027
62,71,90,89,9.164044604403898e-05
62,72,90,179,-7.89134282968007e-05
62,73,90,86,-0.0004986296407878399
62,74,90,15,-0.0007512173033319414
62,75,90,13,9.204570233123377e-06
62,76,90,82,5.706488082068972e-05
62,77,90,81,-5.5155978770926595e-05
62,78,90,80,-0.0002054232609225437
62,79,90,191,-0.000434576504630968
62,80,90,78,-0.000225408177357167
62,81,90,95,-0.00012823447468690574
62,82,90,88,-0.0001700078573776409
62,83,90,178,-7.808228838257492e-05
62,84,90,87,-0.00010126848064828664
62,85,90,14,-0.00011175370309501886
62,86,90,267,-0.00018182685016654432
62,87,90,269,8.11012796475552e-05
62,88,90,270,-0.00013467634562402964
62,89,90,409,0.00012965992209501565
62,90,90,291,0.0001481889485148713
62,91,90,375,-9.334432252217084e-05
62,92,90,321,0.00010605216812109575
62,93,90,405,-0.00042434028000570834
62,94,90,314,-6.102222323534079e-05
62,95,90,302,-0.00013055274030193686
62,96,90,303,7.959831236803439e-06
62,97,90,304,-5.472054544952698e-05
62,98,90,408,6.196055619511753e-05
62,99,90,307,0.00019665816216729581
62,100,90,320,-4.524807445704937e-05
62,101,90,404,-8.424032421316952e-05
62,102,90,315,-0.0001985042035812512
62,103,90,268,-5.033256093156524e-05
62,104,90,271,-0.00023640404106117785
62,105,90,272,0.00014832608576398343
62,106,90,325,0.00033725128741934896
62,107,90,319,4.580463792080991e-05
62,108,90,403,-5.90379822824616e-05
62,109,90,316,-4.852086931350641e-05
62,110,90,312,4.1554871131666005e-05
62,111,90,311,3.648436540970579e-05
62,112,90,310,-0.00025566594558767974
62,113,90,415,0.00030961009906604886
62,114,90,308,0.00016411671822424978
62,115,90,324,-3.855257455143146e-05
62,116,90,318,-2.2295373128145002e-05
62,117,90,402,-4.608950621332042e-05
62,118,90,317,0.00011213775724172592
63,64,180,85,-0.000192294450243935
63,65,180,16,-2.6065723432111554e-05
63,66,180,12,7.054474554024637e-05
63,67,180,38,-2.096326534228865e-05
63,68,180,41,8.067117596510798e-05
63,69,180,42,-0.002372253220528364
63,70,180,96,0.00010232236672891304
63,71,180,89,-0.00012014012463623658
63,72,180,179,0.00020130680059082806
63,73,180,86,-7.365166675299406e-05
63,74,180,15,-0.00020346164819784462
63,75,180,13,-6.275950727285817e-05
63,76,180,82,-0.0001148120645666495
63,77,180,81,2.441839205857832e-05
63,78,180,80,-0.0003615438472479582
63,79,180,191,-0.0002505913143977523
63,80,180,78,-0.00010776480485219508
63,81,180,95,5.781107029179111e-05
63,82,180,88,-0.0002938037214335054
63,83,180,178,0.00020662625320255756
63,84,180,87,-0.0003816268581431359
63,85,180,14,-8.116226126730908e-06
63,86,180,267,-7.376841676887125e-05
63,87,180,269,-2.3646794943488203e-05
63,88,180,270,-1.5904635802144185e-05
63,89,180,409,0.00012445215543266386
63,90,180,291,7.183858542703092e-05
63,91,180,375,0.00024270854191854596
63,92,180,321,0.00015573771088384092
63,93,180,405,-0.00023816693283151835
63,94,180,314,9.921933087753132e-05
63,95,180,302,-0.00016570916341152042
63,96,180,303,-0.00029177978285588324
63,97,180,304,2.8960286726942286e-05
63,98,180,408,0.00010010858386522159
63,99,180,307,0.00012045160838169977
63,100,180,320,5.621829041047022e-05
63,101,180,404,-0.0004139367083553225
63,102,180,315,0.00016350233636330813
63,103,180,268,-9.499239240540192e-05
63,104,180,271,-0.00046508965897373855
63,105,180,272,4.149886444793083e-05
63,106,180,325,0.00013394447159953415
63,107,180,319,-5.626887650578283e-05
63,108,180,403,-3.9565224142279476e-05
63,109,180,316,0.00014702694898005575
63,110,180,312,3.743575871339999e-05
63,111,180,311,0.0001727262424537912
63,112,180,310,0.0002538500411901623
63,113,180,415,0.0002154509274987504
63,114,180,308,2.2358923160936683e-05
63,115,180,324,3.817417018581182e-05
63,116,180,318,-6.464812940976117e-06
63,117,180,402,-3.1586627301294357e-05
63,118,180,317,1.7726941223372705e-05
64,65,85,16,-5.2137191232759506e-05
64,66,85,12,2.5968538466258906e-05
64,67,85,38,0.0004295365943107754
64,68,85,41,-2.3972273993422277e-05
64,69,85,42,0.05598881468176842
64,70,85,96,-0.0003997492603957653
64,71,85,89,7.990905578481033e-05
64,72,85,179,-7.026078674243763e-05
64,73,85,86,4.675679883803241e-05
64,74,85,15,-4.3611828004941344e-05
64,75,85,13,5.8854504459304735e-05
64,76,85,82,0.0003770409384742379
64,77,85,81,7.319910218939185e-05
64,78,85,80,-0.0003388002805877477
64,79,85,191,4.2586027120705694e-05
64,80,85,78,-0.0009373851935379207
64,81,85,95,-0.0006591963465325534
64,82,85,88,-0.00028273052885197103
64,83,85,178,0.00011160021676914766
64,84,85,87,0.00011656586138997227
64,85,85,14,-8.546101162210107e-05
64,86,85,267,-0.00014778802869841456
64,87,85,269,-0.000349642476066947
64,88,85,270,-0.00018478198035154492
64,89,85,409,-4.41152551502455e-05
64,90,85,291,4.34108687841217e-06
64,91,85,375,-3.733151288543013e-06
64,92,85,321,0.00013584646512754261
64,93,85,405,-3.057514186366461e-05
64,94,85,314,-0.00024828853202052414
64,95,85,302,-0.00027098890859633684
64,96,85,303,-0.000575534999370575
64,97,85,304,-0.00011814115714514628
64,98,85,408,0.0002009341842494905
64,99,85,307,-0.00038867536932229996
64,100,85,320,0.00014871775056235492
64,101,85,404,-8.741842611925676e-05
64,102,85,315,7.33855995349586e-05
64,103,85,268,-0.00016554634203203022
64,104,85,271,0.00014426808047574013
64,105,85,272,0.00035393540747463703
64,106,85,325,-7.076116162352264e-05
64,107,85,319,0.00020588588085956872
64,108,85,403,-0.00010060356726171449
64,109,85,316,4.459733463590965e-05
64,110,85,312,1.3028104149270803e-05
64,111,85,311,-0.0002548396878410131
64,112,85,310,0.0010640713153406978
64,113,85,415,8.514716319041327e-05
64,114,85,308,-0.00011597356206038967
64,115,85,324,-0.0014072837075218558
64,116,85,318,-8.368157432414591e-05
64,117,85,402,-0.0001567735307617113
64,118,85,317,4.191826121768827e-07
65,66,16,12,0.00012593290011864156
65,67,16,38,-0.0005175502155907452
65,68,16,41,-0.002435244619846344
65,69,16,42,-0.00123101775534451
65,70,16,96,-0.0010476395254954696
65,71,16,89,-0.00038659313577227294
65,72,16,179,-0.0006631028954870999
65,73,16,86,4.901614011032507e-05
65,74,16,15,2.899431092373561e-05
65,75,16,13,0.0001839938195189461
65,76,16,82,-0.0011255837744101882
65,77,16,81,-0.0016327843768522143
65,78,16,80,-0.005728605668991804
65,79,16,191,-0.00032343558268621564
65,80,16,78,-7.884435763116926e-05
65,81,16,95,-0.0001087215423467569
65,82,16,88,-0.0005527839530259371
65,83,16,178,-7.985306001501158e-05
65,84,16,87,-0.0002479483373463154
65,85,16,14,0.00015321503451559693
65,86,16,267,0.00011005465785274282
65,87,16,269,0.000281683198409155
65,88,16,270,0.0003765280998777598
65,89,16,409,0.0014982686843723059
65,90,16,291,5.371254155761562e-05
65,91,16,375,0.001305986661463976
65,92,16,321,-2.9971046387800016e-05
65,93,16,405,2.6576872187433764e-05
65,94,16,314,3.655277760117315e-05
65,95,16,302,0.00010818344890139997
65,96,16,303,0.00018696009647101164
65,97,16,304,0.0004663018335122615
65,98,16,408,9.279749065171927e-06
65,99,16,307,-5.8991339756175876e-05
65,100,16,320,3.798794932663441e-05
65,101,16,404,8.045400363698718e-07
65,102,16,315,-8.774016896495596e-05
65,103,16,268,0.000199803602299653
65,104,16,271,0.00011650294618448243
65,105,16,272,0.00023210083600133657
65,106,16,325,-6.956412562431069e-06
65,107,16,319,6.366303568938747e-05
65,108,16,403,-0.0001817402517190203
65,109,16,316,-8.941320993471891e-05
65,110,16,312,0.00013447059609461576
65,111,16,311,0.00028067114180885255
65,112,16,310,0.00024765462148934603
65,113,16,415,0.00017870395095087588
65,114,16,308,0.0003186054527759552
65,115,16,324,0.0013194613857194781
65,116,16,318,0.00013448004028759897
65,117,16,402,-0.00027589331148192286
65,118,16,317,0.00015080328739713877
66,67,12,38,-0.0003404386807233095
66,68,12,41,-4.196642748865997e-06
66,69,12,42,-0.00023525704455096275
66,70,12,96,-5.151969162398018e-05
66,71,12,89,-0.00019213803170714527
66,72,12,179,1.4725967957929242e-05
66,73,12,86,-5.516020246432163e-05
66,74,12,15,5.2613548177760094e-05
66,75,12,13,0.0001948580174939707
66,76,12,82,-0.0001315061963396147
66,77,12,81,-8.921261178329587e-05
66,78,12,80,-0.0006661967490799725
66,79,12,191,-0.00024787255097180605
66,80,12,78,-0.00013870744442101568
66,81,12,95,-7.755053957225755e-05
66,82,12,88,-9.812073403736576e-05
66,83,12,178,-1.1653403817035723e-05
66,84,12,87,0.00010371825192123652
66,85,12,14,2.4112447135848925e-05
66,86,12,267,-0.00023272329417522997
66,87,12,269,-0.0003658828209154308
66,88,12,270,-4.5718581532128155e-05
66,89,12,409,5.8299629017710686e-05
66,90,12,291,0.00026485451962798834
66,91,12,375,-0.024547524750232697
66,92,12,321,0.0002857939398381859
66,93,12,405,-0.00020902790129184723
66,94,12,314,1.6409101590397768e-05
66,95,12,302,0.00015612276911269873
66,96,12,303,-8.57672857819125e-05
66,97,12,304,-9.04014304978773e-05
66,98,12,408,3.231404480175115e-05
66,99,12,307,-0.0019907664973288774
66,100,12,320,-8.654929843032733e-05
66,101,12,404,0.0001397959131281823
66,102,12,315,-0.0007083251839503646
66,103,12,268,3.38593999913428e-05
66,104,12,271,-6.381033745128661e-05
66,105,12,272,0.0001982061075977981
66,106,12,325,0.00013206370931584388
66,107,12,319,-7.254036609083414e-05
66,108,12,403,-7.141234527807683e-05
66,109,12,316,-0.00042264218791387975
66,110,12,312,-0.00015352935588452965
66,111,12,311,-3.875190668622963e-05
66,112,12,310,0.00023311084078159183
66,113,12,415,-7.72072744439356e-05
66,114,12,308,6.758226663805544e-05
66,115,12,324,-0.0003470863157417625
66,116,12,318,0.0002279267500853166
66,117,12,402,-7.7329772466328e-05
66,118,12,317,6.749589374521747e-05
67,68,38,41,-6.88039290253073e-05
67,69,38,42,3.6090597859583795e-05
67,70,38,96,0.00013987346028443426
67,71,38,89,0.00027368098380975425
67,72,38,179,-5.4583440942224115e-05
67,73,38,86,0.00030863468418829143
67,74,38,15,-0.0005297522293403745
67,75,38,13,7.042394281597808e-05
67,76,38,82,-1.9079938283539377e-05
67,77,38,81,-0.0002821698726620525
67,78,38,80,-0.0001015995949273929
67,79,38,191,1.741122468956746e-05
67,80,38,78,-0.00010399164602858946
67,81,38,95,0.0004186398582533002
67,82,38,88,-0.0001567992876516655
67,83,38,178,1.843163772718981e-05
67,84,38,87,-0.00013236577797215432
67,85,38,14,-0.0003165373927913606
67,86,38,267,-0.00010352059325668961
67,87,38,269,-0.00019387212523724884
67,88,38,270,8.109437476377934e-05
67,89,38,409,-1.542873724247329e-05
67,90,38,291,-3.517008008202538e-05
67,91,38,375,-4.817658555111848e-05
67,92,38,321,0.0003020653093699366
67,93,38,405,-6.220213981578127e-05
67,94,38,314,-0.00022807333152741194
67,95,38,302,0.00028349561034701765
67,96,38,303,-4.461031494429335e-05
67,97,38,304,0.00021605340589303523
67,98,38,408,-0.0001828516979003325
67,99,38,307,-0.00010267370089422911
67,100,38,320,-0.0002496863598935306
67,101,38,404,-0.00012104236520826817
67,102,38,315,-0.0006398516707122326
67,103,38,268,0.00010044142982224002
67,104,38,271,-2.1393707356764935e-05
67,105,38,272,-3.193341399310157e-05
67,106,38,325,-6.280578236328438e-05
67,107,38,319,7.914137677289546e-05
67,108,38,403,-0.00015362717385869473
67,109,38,316,-0.0004433338181115687
67,110,38,312,2.1543828552239574e-05
67,111,38,311,-1.9043429347220808e-05
67,112,38,310,1.4126105270406697e-05
67,113,38,415,-0.0003091558755841106
67,114,38,308,-0.00013656160444952548
67,115,38,324,6.03995104029309e-05
67,116,38,318,-0.00019909185357391834
67,117,38,402,-0.00021568030933849514
67,118,38,317,-0.000468031590571627
68,69,41,42,-0.00020723322813864797
68,70,41,96,-9.832179785007611e-05
68,71,41,89,-7.693062798352912e-06
68,72,41,179,9.498170402366668e-05
68,73,41,86,-6.451355875469744e-05
68,74,41,15,-0.002162773162126541
68,75,41,13,2.51296432907111e-06
68,76,41,82,-0.000649532419629395
68,77,41,81,5.119265551911667e-05
68,78,41,80,3.410473800613545e-05
68,79,41,191,-9.874460374703631e-05
68,80,41,78,2.622012652864214e-05
68,81,41,95,3.733761695912108e-05
68,82,41,88,0.00010858384484890848
68,83,41,178,-0.0002953742223326117
68,84,41,87,-0.000548560346942395
68,85,41,14,-0.0028147052507847548
68,86,41,267,0.0002666722284629941
68,87,41,269,-7.97528846305795e-05
68,88,41,270,6.979308818699792e-05
68,89,41,409,0.0003083075280301273
68,90,41,291,-9.663305536378175e-05
68,91,41,375,-7.768508658045903e-05
68,92,41,321,-0.00018499066936783493
68,93,41,405,-0.0001229314220836386
68,94,41,314,-6.982864579185843e-05
68,95,41,302,8.75297118909657e-05
68,96,41,303,-8.998013072414324e-05
68,97,41,304,0.00029744766652584076
68,98,41,408,0.00014963274588808417
68,99,41,307,6.248233694350347e-05
68,100,41,320,0.00024570286041125655
68,101,41,404,1.651607090025209e-05
68,102,41,315,-0.0009195776656270027
68,103,41,268,1.042946405505063e-05
68,104,41,271,-9.973179112421349e-05
68,105,41,272,0.00044800672912970185
68,106,41,325,0.0004553654871415347
68,107,41,319,-5.646284989779815e-05
68,108,41,403,-0.0003545075887814164
68,109,41,316,-1.3508402844308876e-05
68,110,41,312,-3.380217094672844e-05
68,111,41,311,-3.46532542607747e-05
68,112,41,310,-1.924876414705068e-06
68,113,41,415,0.0003100394387729466
68,114,41,308,-0.0009134137653745711
68,115,41,324,-0.00031072075944393873
68,116,41,318,4.199925024295226e-05
68,117,41,402,-0.000351745547959581
68,118,41,317,-7.729562639724463e-05
69,70,42,96,3.477362770354375e-05
69,71,42,89,-0.0005875988281331956
69,72,42,179,-0.00029677816201001406
69,73,42,86,-0.003701306413859129
69,74,42,15,-0.0023392830044031143
69,75,42,13,-0.00034460166352801025
69,76,42,82,-0.00018327556608710438
69,77,42,81,0.00015889877977315336
69,78,42,80,5.6995802879100665e-05
69,79,42,191,0.0001810475077945739
69,80,42,78,-0.00011752961290767416
69,81,42,95,-0.0001464988017687574
69,82,42,88,-0.00015208318654913455
69,83,42,178,-4.518486457527615e-05
69,84,42,87,-0.0023539946414530277
69,85,42,14,-0.0003601633361540735
69,86,42,267,-3.2512070902157575e-06
69,87,42,269,9.21916125662392e-06
69,88,42,270,-7.95426094555296e-05
69,89,42,409,-8.17062464193441e-05
69,90,42,291,0.0003418180567678064
69,91,42,375,-0.0001179437167593278
69,92,42,321,-0.00022399515728466213
69,93,42,405,-0.00040477150469087064
69,94,42,314,0.00012700345541816205
69,95,42,302,8.012968464754522e-05
69,96,42,303,1.7922862753039226e-05
69,97,42,304,-6.315743667073548e-05
69,98,42,408,3.568837928469293e-05
69,99,42,307,-3.3281688956776634e-05
69,100,42,320,-8.66296686581336e-05
69,101,42,404,2.2984633687883615e-05
69,102,42,315,-1.763666841725353e-05
69,103,42,268,0.00027682617655955255
69,104,42,271,-3.7875240650464548e-06
69,105,42,272,0.00015452202933374792
69,106,42,325,-3.097228182014078e-05
69,107,42,319,-0.00010678964463295415
69,108,42,403,0.06816317141056061
69,109,42,316,-0.00013316610420588404
69,110,42,312,2.734804729698226e-05
69,111,42,311,-6.377943645929918e-05
69,112,42,310,-5.214543762122048e-06
69,113,42,415,-0.00020742158812936395
69,114,42,308,-0.0003283787227701396
69,115,42,324,-2.470305480528623e-05
69,116,42,318,0.0001352769322693348
69,117,42,402,-0.00018940582231152803
69,118,42,317,-0.0003710104210767895
70,71,96,89,-0.00032457560882903636
70,72,96,179,8.542442810721695e-05
70,73,96,86,-0.00015081344463396817
70,74,96,15,-0.0010991987073794007
70,75,96,13,-0.00012321081885602325
70,76,96,82,0.00018795956566464156
70,77,96,81,-0.00014798532356508076
70,78,96,80,6.866366311442107e-05
70,79,96,191,0.00010218990064458922
70,80,96,78,-0.00045824627159163356
70,81,96,95,-1.9077329852734692e-05
70,82,96,88,-0.00016459547623526305
70,83,96,178,-0.0002826262207236141
70,84,96,87,-0.0009693934116512537
70,85,96,14,-0.00017531681805849075
70,86,96,267,-0.000166497819009237
70,87,96,269,6.646710244240239e-05
70,88,96,270,-8.460046956315637e-05
70,89,96,409,0.00018958383589051664
70,90,96,291,-7.248670499393484e-06
70,91,96,375,0.00029105073190294206
70,92,96,321,4.5147546188673005e-05
70,93,96,405,8.298639295389876e-05
70,94,96,314,-0.00028324269806034863
70,95,96,302,0.0001255326351383701
70,96,96,303,2.172879067074973e-05
70,97,96,304,2.354334901610855e-05
70,98,96,408,1.4516860574076418e-05
70,99,96,307,8.82742169778794e-05
70,100,96,320,-0.00014052906772121787
70,101,96,404,-0.0001991095778066665
70,102,96,315,-0.0002281088090967387
70,103,96,268,-8.42574518173933e-05
70,104,96,271,3.910685336450115e-05
70,105,96,272,-5.436442370410077e-05
70,106,96,325,-4.500425711739808e-05
70,107,96,319,0.00014071838813833892
70,108,96,403,-9.292583854403347e-05
70,109,96,316,0.00013665483857039362
70,110,96,312,0.00015439036360476166
70,111,96,311,-2.1579056920018047e-05
70,112,96,310,0.00012040625733789057
70,113,96,415,-0.002464430872350931
70,114,96,308,0.00011632074892986566
70,115,96,324,5.4367385018849745e-05
70,116,96,318,0.00019914619042538106
70,117,96,402,-1.756413621478714e-05
70,118,96,317,-7.454584556398913e-05
71,72,89,179,9.067094651982188e-05
71,73,89,86,-4.424704457051121e-05
71,74,89,15,-0.0006617879844270647
71,75,89,13,-4.786648423760198e-05
71,76,89,82,0.00046162231592461467
71,77,89,81,-3.0486397008644417e-05
71,78,89,80,0.0003067976504098624
71,79,89,191,-0.00045519755803979933
71,80,89,78,0.0004872927092947066
71,81,89,95,-0.00025932089192792773
71,82,89,88,-0.00021385715808719397
71,83,89,178,-0.00013290051720105112
71,84,89,87,-8.677422738401219e-05
71,85,89,14,-0.0004666993045248091
71,86,89,267,-0.00031301556737162173
71,87,89,269,-2.6395355234853923e-05
71,88,89,270,0.0001548013387946412
71,89,89,409,0.0001445799134671688
71,90,89,291,-0.0001320178562309593
71,91,89,375,-9.344283898826689e-05
71,92,89,321,0.00017273210687562823
71,93,89,405,-0.00019786939083132893
71,94,89,314,4.795070708496496e-05
71,95,89,302,4.1682687879074365e-06
71,96,89,303,-7.542112143710256e-05
71,97,89,304,-0.00016359379515051842
71,98,89,408,4.344620538176969e-05
71,99,89,307,1.4139612858343753e-06
71,100,89,320,0.000277568819001317
71,101,89,404,-0.00016950391000136733
71,102,89,315,-0.0004344586341176182
71,103,89,268,-0.00020978030806872994
71,104,89,271,-2.3388745830743574e-05
71,105,89,272,-0.00019261044508311898
71,106,89,325,-3.351913392179995e-06
71,107,89,319,0.0002565464237704873
71,108,89,403,-0.00017420794756617397
71,109,89,316,-3.2555126381339505e-05
71,110,89,312,-0.00021042287698946893
71,111,89,311,-0.00017903975094668567
71,112,89,310,0.00029031222220510244
71,113,89,415,6.915832636877894e-05
71,114,89,308,9.350278560305014e-05
71,115,89,324,-3.178193946951069e-05
71,116,89,318,-5.3139876399654895e-05
71,117,89,402,6.798491085646674e-05
71,118,89,317,0.000349866459146142
72,73,179,86,-0.00012508609506767243
72,74,179,15,-0.0007629170431755483
72,75,179,13,0.00010619455861160532
72,76,179,82,-0.0002984846942126751
72,77,179,81,0.0002997122937813401
72,78,179,80,0.0001883294025901705
72,79,179,191,0.0001350725651718676
72,80,179,78,-0.00014840462245047092
72,81,179,95,-1.822568265197333e-05
72,82,179,88,0.00012594492000062019
72,83,179,178,0.00011139666457893327
72,84,179,87,7.393940450128866e-06
72,85,179,14,-0.0002271094563184306
72,86,179,267,0.00010148194269277155
72,87,179,269,-7.537775672972202e-05
72,88,179,270,8.669043745612726e-05
72,89,179,409,-2.342627885809634e-05
72,90,179,291,-0.000262846820987761
72,91,179,375,-2.704089456528891e-05
72,92,179,321,0.0001343667390756309
72,93,179,405,4.819929017685354e-05
72,94,179,314,-0.00010247218597214669
72,95,179,302,-0.00015506244380958378
72,96,179,303,-9.016452531795949e-05
72,97,179,304,0.0004555944469757378
72,98,179,408,0.00037028591032139957
72,99,179,307,-0.00010480647324584424
72,100,179,320,-0.00022309727501124144
72,101,179,404,-9.549436799716204e-05
72,102,179,315,0.0002505644515622407
72,103,179,268,-1.2424860869941767e-05
72,104,179,271,4.423156497068703e-05
72,105,179,272,7.862308848416433e-05
72,106,179,325,0.00010581495007500052
72,107,179,319,-4.032949800603092e-05
72,108,179,403,0.0002679556200746447
72,109,179,316,-9.997882443713024e-05
72,110,179,312,0.0001325900957453996
72,111,179,311,0.00021354098862502724
72,112,179,310,-1.7185588149004616e-05
72,113,179,415,-0.00015734496992081404
72,114,179,308,-0.00020033129840157926
72,115,179,324,0.00018999545136466622
72,116,179,318,-3.612749424064532e-05
72,117,179,402,3.9435293729184195e-05
72,118,179,317,-0.0003091205726377666
73,74,86,15,-0.00016336595581378788
73,75,86,13,-0.00012365973088890314
73,76,86,82,0.00033049765625037253
73,77,86,81,-0.00022590343724004924
73,78,86,80,-6.0053229390177876e-05
73,79,86,191,-0.0010897844331339002
73,80,86,78,-0.000652433664072305
73,81,86,95,-0.00045981438597664237
73,82,86,88,-0.0004230873310007155
73,83,86,178,-0.00010254760854877532
73,84,86,87,6.67801868985407e-05
73,85,86,14,6.586079689441249e-05
73,86,86,267,5.907136710447958e-06
73,87,86,269,-0.0003720934910234064
73,88,86,270,-0.00016492891882080585
73,89,86,409,0.00034534369478933513
73,90,86,291,0.0001252495712833479
73,91,86,375,9.258816862711683e-05
73,92,86,321,0.00013577251229435205
73,93,86,405,-0.0005133692757226527
73,94,86,314,-7.887047831900418e-05
73,95,86,302,-4.1225321183446795e-05
73,96,86,303,-0.00010337568528484553
73,97,86,304,0.00045587593922391534
73,98,86,408,0.00014581235882360488
73,99,86,307,1.0954876415780745e-05
73,100,86,320,0.00023764772049617022
73,101,86,404,-0.00048565430915914476
73,102,86,315,1.6331983715645038e-05
73,103,86,268,-3.4520093322498724e-05
73,104,86,271,4.78605943499133e-05
73,105,86,272,-0.0001762641768436879
73,106,86,325,8.340677595697343e-05
73,107,86,319,2.1951414964860305e-05
73,108,86,403,-8.034062193473801e-05
73,109,86,316,-0.00024375112843699753
73,110,86,312,0.00011522201384650543
73,111,86,311,5.0290411309106275e-05
73,112,86,310,0.0002511547354515642
73,113,86,415,-4.015896047349088e-05
73,114,86,308,-0.0001658148830756545
73,115,86,324,-0.00025695073418319225
73,116,86,318,-1.716959559416864e-05
73,117,86,402,-0.00033469335176050663
73,118,86,317,4.942376835970208e-05
74,75,15,13,3.932344770873897e-05
74,76,15,82,-0.0002859911764971912
74,77,15,81,-0.0009708297438919544
74,78,15,80,-0.0016916962340474129
74,79,15,191,-0.000316780962748453
74,80,15,78,-0.0007213226053863764
74,81,15,95,-0.00047801301116123796
74,82,15,88,-0.0004798058944288641
74,83,15,178,-0.0002278053725603968
74,84,15,87,-0.00018700535292737186
74,85,15,14,0.0001663908187765628
74,86,15,267,0.00029151784838177264
74,87,15,269,8.185624028556049e-05
74,88,15,270,0.0008160033612512052
74,89,15,409,0.00022520935453940183
74,90,15,291,0.00017116765957325697
74,91,15,375,0.0002905871078837663
74,92,15,321,0.0001218857360072434
74,93,15,405,-0.0003489369119051844
74,94,15,314,-0.0002629162045195699
74,95,15,302,-4.452452230907511e-06
74,96,15,303,0.00026283273473381996
74,97,15,304,0.00018180784536525607
74,98,15,408,5.51498778804671e-05
74,99,15,307,5.010258610127494e-05
74,100,15,320,0.00011502823326736689
74,101,15,404,-0.0003092669358011335
74,102,15,315,-3.3976488339249045e-05
74,103,15,268,-5.640065501211211e-05
74,104,15,271,0.0010125086409971118
74,105,15,272,0.00014629359066020697
74,106,15,325,0.00021088584617245942
74,107,15,319,6.641925574513152e-05
74,108,15,403,-8.114091178867966e-05
74,109,15,316,-4.508437996264547e-05
74,110,15,312,0.0001564541889820248
74,111,15,311,0.0013231446500867605
74,112,15,310,4.564156824926613e-06
74,113,15,415,0.0005467027076520026
74,114,15,308,-2.8762913643731736e-05
74,115,15,324,0.000491308281198144
74,116,15,318,-0.00016121981025207788
74,117,15,402,-7.093094609444961e-05
74,118,15,317,2.3697186406934634e-05
75,76,13,82,-0.000478638568893075
75,77,13,81,-0.00024146823852788657
75,78,13,80,0.0001440539926989004
75,79,13,191,-8.950527990236878e-05
75,80,13,78,-5.013419649912976e-05
75,81,13,95,-0.00024293323804158717
75,82,13,88,-6.217042391654104e-05
75,83,13,178,-0.0004737159761134535
75,84,13,87,0.00014280428877100348
75,85,13,14,-0.00013135321205481887
75,86,13,267,-0.00030633527785539627
75,87,13,269,9.443023009225726e-05
75,88,13,270,-5.2521318139042705e-05
75,89,13,409,0.00039004150312393904
75,90,13,291,-0.0002928979229182005
75,91,13,375,-0.04262655973434448
75,92,13,321,-8.922789857024327e-05
75,93,13,405,-3.6918481782777235e-05
75,94,13,314,-6.084761844249442e-05
75,95,13,302,-0.00036909765913151205
75,96,13,303,-0.0003737119259312749
75,97,13,304,-0.0002745912061072886
75,98,13,408,-0.00018056812405120581
75,99,13,307,-0.01777796447277069
75,100,13,320,-9.944824705598876e-05
75,101,13,404,-2.0952049908373738e-06
75,102,13,315,-0.0002107429172610864
75,103,13,268,0.00010124263644684106
75,104,13,271,0.00024072434462141246
75,105,13,272,-0.00023305638751480728
75,106,13,325,6.201061478350312e-05
75,107,13,319,-7.750785880489275e-05
75,108,13,403,-0.00025793310487642884
75,109,13,316,-0.0004319821309763938
75,110,13,312,3.9354599721264094e-05
75,111,13,311,-0.00015342043479904532
75,112,13,310,1.6229447282967158e-05
75,113,13,415,3.7238296499708667e-06
75,114,13,308,-1.9060519207414472e-06
75,115,13,324,-3.582549106795341e-05
75,116,13,318,9.603680518921465e-05
75,117,13,402,7.152330363169312e-05
75,118,13,317,-0.00014843179087620229
76,77,82,81,-0.00028150135767646134
76,78,82,80,5.754683297709562e-05
76,79,82,191,0.00017961638513952494
76,80,82,78,-0.00013446346565615386
76,81,82,95,0.0003276979841757566
76,82,82,88,0.0001102494788938202
76,83,82,178,0.00015022940351627767
76,84,82,87,-0.00017401267541572452
76,85,82,14,-0.000393776863347739
76,86,82,267,-5.396006963565014e-05
76,87,82,269,-0.0001873387664090842
76,88,82,270,1.3956164366391022e-05
76,89,82,409,6.325204822132946e-07
76,90,82,291,-2.7132855393574573e-05
76,91,82,375,0.000366890657460317
76,92,82,321,5.081554263597354e-05
76,93,82,405,-2.7482125005917624e-05
76,94,82,314,-0.0006403172155842185
76,95,82,302,-2.771961226244457e-05
76,96,82,303,-5.9931568102911115e-05
76,97,82,304,6.84725382598117e-05
76,98,82,408,-7.756501872790977e-05
76,99,82,307,-0.0018997709266841412
76,100,82,320,6.53843890177086e-05
76,101,82,404,-0.0013571316376328468
76,102,82,315,-0.0018358072265982628
76,103,82,268,7.705464668106288e-05
76,104,82,271,4.647489913622849e-05
76,105,82,272,-0.00028534160810522735
76,106,82,325,-5.2935654821339995e-05
76,107,82,319,-0.000135230875457637
76,108,82,403,-6.14261589362286e-05
76,109,82,316,-0.0003572348796296865
76,110,82,312,-0.00013805003254674375
76,111,82,311,-0.00011330578126944602
76,112,82,310,0.00026290956884622574
76,113,82,415,-0.0001113590260501951
76,114,82,308,0.00022328623163048178
76,115,82,324,0.0001821162150008604
76,116,82,318,-2.979309829242993e-05
76,117,82,402,-0.00012577137385960668
76,118,82,317,-0.0007331064553000033
77,78,81,80,-0.00013719302660319954
77,79,81,191,-0.000135983937070705
77,80,81,78,0.00027423829305917025
77,81,81,95,-0.00014940057008061558
77,82,81,88,3.246057531214319e-05
77,83,81,178,-0.00021349611051846296
77,84,81,87,-0.0002638412988744676
77,85,81,14,-0.0005655186250805855
77,86,81,267,0.00022825115593150258
77,87,81,269,-8.844810508890077e-05
77,88,81,270,-0.00013397545262705535
77,89,81,409,-9.383703400089871e-06
77,90,81,291,-0.00011508361785672605
77,91,81,375,-8.75659825396724e-05
77,92,81,321,-0.0001777616562321782
77,93,81,405,-0.00013949041021987796
77,94,81,314,-0.0004857578023802489
77,95,81,302,-0.00012779787357430905
77,96,81,303,-0.0004536436463240534
77,97,81,304,0.00011577049008337781
77,98,81,408,-4.0438877476844937e-05
77,99,81,307,-7.958058631629683e-06
77,100,81,320,-0.00016892870189622045
77,101,81,404,-0.00021483330056071281
77,102,81,315,-0.0001923671952681616
77,103,81,268,0.00011457633081590757
77,104,81,271,-1.1059150892833713e-05
77,105,81,272,3.0827020964352414e-05
77,106,81,325,-0.00010904476948780939
77,107,81,319,-0.00010338715219404548
77,108,81,403,-0.0009242754313163459
77,109,81,316,-0.002501789480447769
77,110,81,312,-5.0939841457875445e-05
77,111,81,311,-4.624305074685253e-05
77,112,81,310,-0.00010787207429530099
77,113,81,415,0.00011986128083663061
77,114,81,308,0.00019823120965156704
77,115,81,324,0.00018979715241584927
77,116,81,318,-0.00021423271391540766
77,117,81,402,-9.252108429791406e-05
77,118,81,317,-0.0023786795791238546
78,79,80,191,-9.830806084210053e-05
78,80,80,78,-1.3230694094090723e-05
78,81,80,95,4.8121073632501066e-05
78,82,80,88,0.00018956769781652838
78,83,80,178,-0.00036398411612026393
78,84,80,87,-0.0019485583761706948
78,85,80,14,-0.0008120507118292153
78,86,80,267,-0.00044242688454687595
78,87,80,269,0.03151242062449455
78,88,80,270,1.920531733645703e-09
78,89,80,409,2.518503606552258e-05
78,90,80,291,-0.00025020507746376097
78,91,80,375,7.764522160869092e-05
78,92,80,321,-0.00019958816119469702
78,93,80,405,9.466756637266371e-06
78,94,80,314,-0.0009568959940224886
78,95,80,302,0.00024532745010219514
78,96,80,303,-0.00018754279881250113
78,97,80,304,-0.00014695651771035045
78,98,80,408,0.00011347636609571055
78,99,80,307,2.127853804267943e-05
78,100,80,320,-6.915222184034064e-05
78,101,80,404,-6.0260241298237815e-05
78,102,80,315,-0.0015552634140476584
78,103,80,268,-0.00016615272033959627
78,104,80,271,-0.0001954247709363699
78,105,80,272,0.00013788662909064442
78,106,80,325,0.0001495419564889744
78,107,80,319,-0.00017749522521626204
78,108,80,403,-0.00031173089519143105
78,109,80,316,-0.001381727633997798
78,110,80,312,-0.00014110759366303682
78,111,80,311,0.00021996910800226033
78,112,80,310,-0.00023206563491839916
78,113,80,415,4.2217699956381693e-05
78,114,80,308,-3.505296990624629e-05
78,115,80,324,2.64822956523858e-05
78,116,80,318,4.1464481910225e-06
78,117,80,402,-6.864201714051887e-05
78,118,80,317,-0.0003186942485626787
79,80,191,78,-8.447801519650966e-05
79,81,191,95,8.174407412298024e-05
79,82,191,88,-5.7116001698886976e-05
79,83,191,178,-0.000476832443382591
79,84,191,87,1.74427423189627e-05
79,85,191,14,-0.00017525929433759302
79,86,191,267,0.00013197843509260565
79,87,191,269,0.09443440288305283
79,88,191,270,0.04112648591399193
79,89,191,409,0.00031918418244458735
79,90,191,291,2.6638548661139794e-05
79,91,191,375,-5.5811011407058686e-05
79,92,191,321,-0.0002586014161352068
79,93,191,405,-0.00030247613904066384
79,94,191,314,-0.00017732917331159115
79,95,191,302,-0.00015229095879476517
79,96,191,303,5.951151979388669e-05
79,97,191,304,-0.00022440432803705335
79,98,191,408,-2.4930714062065817e-05
79,99,191,307,0.0005103615112602711
79,100,191,320,-0.000352933508111164
79,101,191,404,0.0003619273193180561
79,102,191,315,-0.0006382897845469415
79,103,191,268,-2.9802684366586618e-05
79,104,191,271,-0.00023924493871163577
79,105,191,272,0.000337817968102172
79,106,191,325,0.00013210492033977062
79,107,191,319,9.520557068753988e-05
79,108,191,403,-0.00018689228454604745
79,109,191,316,-0.0007385108037851751
79,110,191,312,-0.00014133969671092927
79,111,191,311,-4.1513580072205514e-05
79,112,191,310,7.659338734811172e-06
79,113,191,415,0.00010800785094033927
79,114,191,308,0.00010453019058331847
79,115,191,324,2.9046053896308877e-05
79,116,191,318,-0.00044806793448515236
79,117,191,402,-0.0006355101941153407
79,118,191,317,-5.035747744841501e-05
80,81,78,95,-0.00012607283133547753
80,82,78,88,-0.00014210773224476725
80,83,78,178,-0.00014512724010273814
80,84,78,87,-0.0002212798863183707
80,85,78,14,-0.0005092684295959771
80,86,78,267,-0.0003149805124849081
80,87,78,269,-0.00023548296303488314
80,88,78,270,-3.483993714326061e-05
80,89,78,409,0.0001753224350977689
80,90,78,291,0.00022753345547243953
80,91,78,375,-0.00010824444325407967
80,92,78,321,-7.1345129981637e-05
80,93,78,405,-0.00015214977611321956
80,94,78,314,-0.00010607852891553193
80,95,78,302,-5.107846391183557e-06
80,96,78,303,5.151543518877588e-06
80,97,78,304,0.0002452499174978584
80,98,78,408,9.736832726048306e-05
80,99,78,307,-7.263768929988146e-05
80,100,78,320,0.00018559828458819538
80,101,78,404,-0.000377162650693208
80,102,78,315,-0.0003623943484853953
80,103,78,268,-0.00015157184679992497
80,104,78,271,-7.760446351312567e-06
80,105,78,272,-1.7466992403569748e-06
80,106,78,325,0.00040470744716003537
80,107,78,319,0.00017000392836052924
80,108,78,403,7.250044291140512e-05
80,109,78,316,-0.0002100619167322293
80,110,78,312,2.1431083041534293e-06
80,111,78,311,-0.00011573090887395665
80,112,78,310,0.0003556908923201263
80,113,78,415,7.533880125265568e-05
80,114,78,308,0.00019595431513153017
80,115,78,324,0.00011216584971407428
80,116,78,318,8.145233732648194e-05
80,117,78,402,-0.00012506266648415476
80,118,78,317,1.6069659977802075e-05
81,82,95,88,-0.0003976405714638531
81,83,95,178,-0.0004453770525287837
81,84,95,87,-0.00013203777780290693
81,85,95,14,-0.0011339380871504545
81,86,95,267,9.539325401419774e-05
81,87,95,269,-0.00013224792201071978
81,88,95,270,-2.046061581495451e-06
81,89,95,409,8.227037255892355e-07
81,90,95,291,8.061913831625134e-05
81,91,95,375,5.723358299292158e-06
81,92,95,321,3.7936501030344516e-05
81,93,95,405,-0.00021661704522557557
81,94,95,314,-2.491749000910204e-05
81,95,95,302,-0.00018470855138730258
81,96,95,303,-4.8303754738299176e-05
81,97,95,304,0.000305731751723215
81,98,95,408,0.00035013866727240384
81,99,95,307,-4.361057222013187e-07
81,100,95,320,-0.00011180243018316105
81,101,95,404,-0.0002279743057442829
81,102,95,315,-0.00015615203301422298
81,103,95,268,-0.0002526737516745925
81,104,95,271,-7.673913205508143e-05
81,105,95,272,0.0002025592839345336
81,106,95,325,0.00012716428318526596
81,107,95,319,-0.00010515618487261236
81,108,95,403,-0.0002720114425756037
81,109,95,316,5.399640212999657e-05
81,110,95,312,0.00030510168289765716
81,111,95,311,-3.34938449668698e-05
81,112,95,310,7.020416524028406e-05
81,113,95,415,0.031099719926714897
81,114,95,308,-0.0002556116960477084
81,115,95,324,-0.00016026684897951782
81,116,95,318,0.00011048256419599056
81,117,95,402,0.00011580751015571877
81,118,95,317,-2.62374451267533e-05
82,83,88,178,-0.00010361943714087829
82,84,88,87,0.00022734605590812862
82,85,88,14,-7.475465508832713e-07
82,86,88,267,-0.00014231252134777606
82,87,88,269,-0.0001870610285550356
82,88,88,270,-7.91418642620556e-05
82,89,88,409,-0.0001645859592827037
82,90,88,291,0.00015258988423738629
82,91,88,375,0.00011582119623199105
82,92,88,321,-7.136078056646511e-05
82,93,88,405,6.648339763160038e-07
82,94,88,314,0.00026442224043421447
82,95,88,302,-0.00012141167826484889
82,96,88,303,0.00012078835425199941
82,97,88,304,8.955505472840741e-05
82,98,88,408,0.0001833358546718955
82,99,88,307,-8.815155160846189e-05
82,100,88,320,0.0001983301481232047
82,101,88,404,-0.00016603744006715715
82,102,88,315,-9.594319271855056e-05
82,103,88,268,-9.443226008443162e-05
82,104,88,271,5.04961317346897e-05
82,105,88,272,-0.0001594746281625703
82,106,88,325,3.841149009531364e-05
82,107,88,319,0.00012318599328864366
82,108,88,403,-4.700263616541633e-06
82,109,88,316,-0.00012063376198057085
82,110,88,312,-0.00025508992257528007
82,111,88,311,5.277844684314914e-05
82,112,88,310,7.9111494414974e-05
82,113,88,415,0.00011176877160323784
82,114,88,308,0.000494075589813292
82,115,88,324,1.565972706885077e-05
82,116,88,318,9.075823618331924e-05
82,117,88,402,0.00014953887148294598
82,118,88,317,0.00019528176926542073
83,84,178,87,-3.8323119952110574e-05
83,85,178,14,-6.08586378803011e-05
83,86,178,267,-0.00021018722327426076
83,87,178,269,-5.7454832131043077e-05
83,88,178,270,-0.0001949941652128473
83,89,178,409,0.0005698086461052299
83,90,178,291,-9.074802801478654e-05
83,91,178,375,0.0001346073258901015
83,92,178,321,-0.00010460554040037096
83,93,178,405,0.00017864438996184617
83,94,178,314,-0.00015198162873275578
83,95,178,302,0.0001662122376728803
83,96,178,303,0.00024471120559610426
83,97,178,304,4.596225335262716e-05
83,98,178,408,0.0001999014348257333
83,99,178,307,-4.641615305445157e-06
83,100,178,320,0.00033750705188140273
83,101,178,404,0.00026572836213745177
83,102,178,315,8.55677790241316e-05
83,103,178,268,4.518077184911817e-05
83,104,178,271,-2.283550929860212e-05
83,105,178,272,-0.00010572939936537296
83,106,178,325,-0.00010431301780045033
83,107,178,319,-7.246648601721972e-05
83,108,178,403,-0.00013165289419703186
83,109,178,316,0.00010841376206371933
83,110,178,312,-0.00013210062752477825
83,111,178,311,0.00010745038161985576
83,112,178,310,0.00031008091173134744
83,113,178,415,0.0002087526663672179
83,114,178,308,-8.097255340544507e-05
83,115,178,324,7.99612098489888e-05
83,116,178,318,0.0001016126261674799
83,117,178,402,-9.496977872913703e-05
83,118,178,317,-0.00041062431409955025
84,85,87,14,-2.983179183502216e-05
84,86,87,267,8.435692870989442e-05
84,87,87,269,-6.870442302897573e-05
84,88,87,270,5.232527473708615e-05
84,89,87,409,0.00023340027837548405
84,90,87,291,0.0002844077243935317
84,91,87,375,0.0001358491717837751
84,92,87,321,0.00013918256445322186
84,93,87,405,-4.0904913475969806e-05
84,94,87,314,-0.00038990977918729186
84,95,87,302,-0.0001273850502911955
84,96,87,303,2.795169348246418e-05
84,97,87,304,-7.319022552110255e-05
84,98,87,408,1.8871452994062565e-05
84,99,87,307,2.9083643312333152e-05
84,100,87,320,8.222771430155262e-05
84,101,87,404,9.588716784492135e-05
84,102,87,315,-0.0004819398163817823
84,103,87,268,-9.122764458879828e-05
84,104,87,271,-0.00012643897207453847
84,105,87,272,-0.00016287151083815843
84,106,87,325,0.00011029653978766873
84,107,87,319,9.04473417904228e-05
84,108,87,403,-0.00031033536652103066
84,109,87,316,0.00011155693209730089
84,110,87,312,-0.00014970838674344122
84,111,87,311,0.00016145444533322006
84,112,87,310,2.5615210688556544e-05
84,113,87,415,-0.002137525239959359
84,114,87,308,0.00018293861648999155
84,115,87,324,0.00024991552345454693
84,116,87,318,-0.00010801435564644635
84,117,87,402,0.00015439724666066468
84,118,87,317,-0.00011556639947229996
85,86,14,267,0.0010471077403053641
85,87,14,269,7.756554987281561e-05
85,88,14,270,0.00023541311384178698
85,89,14,409,0.0005518670659512281
85,90,14,291,0.0002644796040840447
85,91,14,375,-0.00019705019076354802
85,92,14,321,-0.00020398902415763587
85,93,14,405,-0.00031597045017406344
85,94,14,314,-1.3460755326377694e-05
85,95,14,302,-0.00010568813740974292
85,96,14,303,0.0002150690124835819
85,97,14,304,0.0010504056699573994
85,98,14,408,-0.00010529341670917347
85,99,14,307,0.00021870614727959037
85,100,14,320,-0.00012558123853523284
85,101,14,404,2.469168248353526e-05
85,102,14,315,-0.0001447938266210258
85,103,14,268,0.0003253707254771143
85,104,14,271,0.00046688600559718907
85,105,14,272,0.0008540849084965885
85,106,14,325,0.00014220144657883793
85,107,14,319,-2.5167928470182233e-05
85,108,14,403,-0.00014785148960072547
85,109,14,316,-4.264640301698819e-05
85,110,14,312,0.00023141427664086223
85,111,14,311,0.0006895666010677814
85,112,14,310,0.00017299690807703882
85,113,14,415,-6.772016058675945e-05
85,114,14,308,0.0003535535652190447
85,115,14,324,-2.9010487196501344e-05
85,116,14,318,0.0001610328909009695
85,117,14,402,0.0001597449299879372
85,118,14,317,-9.492803656030446e-05
86,87,267,269,-0.00010897054016822949
86,88,267,270,-0.0001810962421586737
86,89,267,409,0.00020425640104804188
86,90,267,291,-0.0001520654041087255
86,91,267,375,-0.004039715509861708
86,92,267,321,3.8537468753929716e-06
86,93,267,405,-0.00020960990514140576
86,94,267,314,-9.937048889696598e-05
86,95,267,302,-5.4118871048558503e-05
86,96,267,303,-0.00028692203341051936
86,97,267,304,9.5838462584652e-05
86,98,267,408,0.00010374731937190518
86,99,267,307,8.299839828396216e-05
86,100,267,320,0.00011452549370005727
86,101,267,404,-0.00017834772006608546
86,102,267,315,-1.0164606464968529e-05
86,103,267,268,-7.196495425887406e-05
86,104,267,271,-0.0001728798379190266
86,105,267,272,4.9679532821755856e-05
86,106,267,325,-3.41888953698799e-05
86,107,267,319,0.00018687141709960997
86,108,267,403,-0.0002513633808121085
86,109,267,316,0.00019365451589692384
86,110,267,312,-0.00022272997011896223
86,111,267,311,-9.882582526188344e-05
86,112,267,310,8.616767388502922e-08
86,113,267,415,-0.00017011786985676736
86,114,267,308,0.00015871465438976884
86,115,267,324,8.960483683040366e-05
86,116,267,318,-0.0001334169355686754
86,117,267,402,-0.00014649800141341984
86,118,267,317,0.0002303206128999591
87,88,269,270,-0.00047708090278320014
87,89,269,409,-0.00024211280106101185
87,90,269,291,-0.00011699201422743499
87,91,269,375,-5.650777166010812e-05
87,92,269,321,-0.00037319542025215924
87,93,269,405,0.0003285784041509032
87,94,269,314,-7.972388266352937e-05
87,95,269,302,-1.96272594621405e-05
87,96,269,303,9.281509119318798e-05
87,97,269,304,3.43535139109008e-05
87,98,269,408,-0.00025969266425818205
87,99,269,307,-6.894760645081988e-06
87,100,269,320,-0.0009313800255768001
87,101,269,404,0.00046878555440343916
87,102,269,315,0.00035287748323753476
87,103,269,268,9.305386629421264e-05
87,104,269,271,0.0001582456025062129
87,105,269,272,-4.1289204091299325e-05
87,106,269,325,0.00017864015535451472
87,107,269,319,-1.4990858289820608e-05
87,108,269,403,0.00036836983053945005
87,109,269,316,0.00015929481014609337
87,110,269,312,-9.626311657484621e-05
87,111,269,311,-9.271642920793965e-05
87,112,269,310,4.565394192468375e-06
87,113,269,415,0.00010905053932219744
87,114,269,308,-5.1788854761980474e-05
87,115,269,324,9.749071614351124e-05
87,116,269,318,-7.927361002657562e-05
87,117,269,402,3.902024036506191e-05
87,118,269,317,0.0004556317289825529
88,89,270,409,-4.015755621367134e-05
88,90,270,291,-0.00018303153046872467
88,91,270,375,-0.00024275900796055794
88,92,270,321,-1.4763975741516333e-05
88,93,270,405,0.0007660257979296148
88,94,270,314,0.00022710271878167987
88,95,270,302,-0.00011211440141778439
88,96,270,303,-0.0004333871474955231
88,97,270,304,-0.00015178298053797334
88,98,270,408,-0.00014147120236884803
88,99,270,307,5.176080230739899e-05
88,100,270,320,7.77411405579187e-05
88,101,270,404,0.00045171441161073744
88,102,270,315,0.00017204065807163715
88,103,270,268,9.507146751275286e-05
88,104,270,271,8.002575486898422e-05
88,105,270,272,1.5041588085296098e-05
88,106,270,325,-0.00023937303922139108
88,107,270,319,0.00038854783633723855
88,108,270,403,0.00040433858521282673
88,109,270,316,-0.028242431581020355
88,110,270,312,-0.00010095331526827067
88,111,270,311,-0.0002274880389450118
88,112,270,310,2.335600038350094e-05
88,113,270,415,-8.898232772480696e-05
88,114,270,308,4.673607236327371e-06
88,115,270,324,-4.32295746577438e-05
88,116,270,318,0.00017567032773513347
88,117,270,402,5.2876835979986936e-05
88,118,270,317,-0.024940812960267067
89,90,409,291,0.00017412078159395605
89,91,409,375,5.475707439472899e-06
89,92,409,321,0.00023610464995726943
89,93,409,405,0.0016978950006887317
89,94,409,314,0.0017148276092484593
89,95,409,302,-4.365661516203545e-05
89,96,409,303,-0.00011402933887438849
89,97,409,304,-0.0002733822911977768
89,98,409,408,-0.00019453623099252582
89,99,409,307,0.00016169651644304395
89,100,409,320,5.19995010108687e-05
89,101,409,404,0.0010852759005501866
89,102,409,315,0.0002414172049611807
89,103,409,268,-4.034148150822148e-05
89,104,409,271,0.0001326181081822142
89,105,409,272,-0.00011059059033868834
89,106,409,325,-0.00015923456521704793
89,107,409,319,7.857915625208989e-05
89,108,409,403,0.0009220053907483816
89,109,409,316,-3.254507828387432e-05
89,110,409,312,-3.321946132928133e-05
89,111,409,311,0.0001887776452349499
89,112,409,310,-0.00023156475799623877
89,113,409,415,-4.243978764861822e-05
89,114,409,308,0.00030529958894476295
89,115,409,324,0.00017747966921888292
89,116,409,318,0.0004296733532100916
89,117,409,402,0.0008226315840147436
89,118,409,317,0.0010615721112117171
90,91,291,375,0.0002572584489826113
90,92,291,321,0.00019983867241535336
90,93,291,405,0.0006540191825479269
90,94,291,314,0.000469796359539032
90,95,291,302,0.00012537716247607023
90,96,291,303,-4.042055661557242e-05
90,97,291,304,4.8530757339904085e-05
90,98,291,408,8.686370711075142e-05
90,99,291,307,-1.265846731257625e-05
90,100,291,320,0.002774697495624423
90,101,291,404,0.0007664549048058689
90,102,291,315,0.0002507139288354665
90,103,291,268,-5.073820648249239e-05
90,104,291,271,8.071370393736288e-05
90,105,291,272,3.5576129448600113e-05
90,106,291,325,0.0002392901515122503
90,107,291,319,1.733721001073718e-05
90,108,291,403,4.9248046707361937e-05
90,109,291,316,-6.0039146774215624e-05
90,110,291,312,-0.0001948159042512998
90,111,291,311,-5.2628769481088966e-05
90,112,291,310,-4.88371881601779e-07
90,113,291,415,0.00014427017595153302
90,114,291,308,-0.00011566153261810541
90,115,291,324,0.00021593135898001492
90,116,291,318,0.00017759535694494843
90,117,291,402,0.0002038241655100137
90,118,291,317,7.44431308703497e-05
91,92,375,321,0.00017734739230945706
91,93,375,405,0.00025714331422932446
91,94,375,314,0.00041924664401449263
91,95,375,302,0.00018996221479028463
91,96,375,303,2.0619754650397226e-05
91,97,375,304,-0.00017803031369112432
91,98,375,408,-0.00036589978844858706
91,99,375,307,-2.7214118745177984e-05
91,100,375,320,-4.8053349019028246e-05
91,101,375,404,-1.7115031369030476e-05
91,102,375,315,0.00019077176693826914
91,103,375,268,-7.304930477403104e-05
91,104,375,271,1.8880855350289494e-05
91,105,375,272,-5.463026536745019e-05
91,106,375,325,0.00038642698200419545
91,107,375,319,0.0001901100913528353
91,108,375,403,2.7218900868319906e-05
91,109,375,316,0.00012873881496489048
91,110,375,312,-3.450956137385219e-05
91,111,375,311,-0.00026052710018120706
91,112,375,310,-0.0002120751451002434
91,113,375,415,2.2449657990364358e-05
91,114,375,308,0.00011096206435468048
91,115,375,324,-8.37250699987635e-05
91,116,375,318,-0.00012061367306159809
91,117,375,402,0.0004490814753808081
91,118,375,317,0.001252510934136808
92,93,321,405,-0.0001701337896520272
92,94,321,314,0.0001075129330274649
92,95,321,302,-0.00017256777209695429
92,96,321,303,4.3507003283593804e-05
92,97,321,304,-0.00011468655429780483
92,98,321,408,0.00047437241300940514
92,99,321,307,0.0003868409257847816
92,100,321,320,0.0001766347704688087
92,101,321,404,-6.0737536841770634e-05
92,102,321,315,-0.0001327626669080928
92,103,321,268,-0.00018122090841643512
92,104,321,271,-0.0005475323414430022
92,105,321,272,-9.24695486901328e-05
92,106,321,325,0.00034158394555561244
92,107,321,319,8.623483154224232e-05
92,108,321,403,5.1329498091945425e-05
92,109,321,316,-2.8387337806634605e-05
92,110,321,312,0.00032186671160161495
92,111,321,311,-0.00043733222992159426
92,112,321,310,-6.198124174261466e-05
92,113,321,415,6.136271986179054e-05
92,114,321,308,0.0012384424917399883
92,115,321,324,-5.4674808779964224e-05
92,116,321,318,-0.0001589617895660922
92,117,321,402,0.00019748171325773
92,118,321,317,0.00011722188355633989
93,94,405,314,-0.00030180253088474274
93,95,405,302,0.00011331985297147185
93,96,405,303,-9.984266944229603e-05
93,97,405,304,0.00028552417643368244
93,98,405,408,0.005671059712767601
93,99,405,307,-2.104297891492024e-05
93,100,405,320,-9.980399045161903e-05
93,101,405,404,0.00018136251310352236
93,102,405,315,-0.00029083937988616526
93,103,405,268,8.6748375906609e-05
93,104,405,271,-0.0007303685415536165
93,105,405,272,0.0005077051464468241
93,106,405,325,0.0001909586280817166
93,107,405,319,-9.176108142128214e-05
93,108,405,403,0.00022817753779236227
93,109,405,316,-0.0003301387478131801
93,110,405,312,-0.0009050254011526704
93,111,405,311,-0.00022513758449349552
93,112,405,310,1.7463305994169787e-05
93,113,405,415,0.02090752124786377
93,114,405,308,0.0110261095687747
93,115,405,324,0.0002702126803342253
93,116,405,318,0.00034692863118834794
93,117,405,402,-2.4476512408000417e-05
93,118,405,317,-6.400346319423988e-05
94,95,314,302,-0.00030955439433455467
94,96,314,303,-9.303906699642539e-05
94,97,314,304,0.00020589384075719863
94,98,314,408,0.0006147270905785263
94,99,314,307,-2.2831967726233415e-05
94,100,314,320,-2.343850428587757e-05
94,101,314,404,-0.0002784689422696829
94,102,314,315,-0.00011750544217647985
94,103,314,268,-0.0007786928908899426
94,104,314,271,-2.819149085553363e-05
94,105,314,272,0.0015508492942899466
94,106,314,325,0.0001959698274731636
94,107,314,319,2.8808950446546078e-05
94,108,314,403,-0.000152274762513116
94,109,314,316,0.0003222720988560468
94,110,314,312,-0.00021457154070958495
94,111,314,311,0.000590387498959899
94,112,314,310,0.0006853263475932181
94,113,314,415,0.00016885867808014154
94,114,314,308,0.0002004817215492949
94,115,314,324,-6.187656981637701e-05
94,116,314,318,9.165494702756405e-06
94,117,314,402,7.1290041887550615e-06
94,118,314,317,-0.00025074314908124506
95,96,302,303,-0.00016653693455737084
95,97,302,304,-0.00300525757484138
95,98,302,408,0.0001422711502527818
95,99,302,307,-0.022951137274503708
95,100,302,320,0.00018508026550989598
95,101,302,404,0.00013932351430412382
95,102,302,315,-0.00013328214117791504
95,103,302,268,5.055879591964185e-05
95,104,302,271,-0.00012977124424651265
95,105,302,272,-8.261046605184674e-05
95,106,302,325,-1.984337177418638e-05
95,107,302,319,0.00010120052320417017
95,108,302,403,0.0001290405198233202
95,109,302,316,0.000133912282763049
95,110,302,312,-4.225604243401904e-06
95,111,302,311,-7.607103179907426e-05
95,112,302,310,-7.687888864893466e-05
95,113,302,415,-8.22515576146543e-05
95,114,302,308,0.020381756126880646
95,115,302,324,0.00036593424738384783
95,116,302,318,2.777109511953313e-05
95,117,302,402,2.8793030651286244e-05
95,118,302,317,0.0005778699414804578
96,97,303,304,-0.00017890054732561111
96,98,303,408,0.000150118867168203
96,99,303,307,-5.161267108633183e-05
96,100,303,320,-0.0006074077682569623
96,101,303,404,-5.250994217931293e-05
96,102,303,315,6.110951653681695e-05
96,103,303,268,-0.00018428100156597793
96,104,303,271,-2.50522843998624e-05
96,105,303,272,8.061605331022292e-05
96,106,303,325,-9.909203072311357e-05
96,107,303,319,1.970143239304889e-05
96,108,303,403,0.0002312977594556287
96,109,303,316,7.36691799829714e-05
96,110,303,312,4.425441147759557e-05
96,111,303,311,-0.0001165808062069118
96,112,303,310,7.025935337878764e-05
96,113,303,415,-3.77829019271303e-05
96,114,303,308,0.00010565977572696283
96,115,303,324,-0.00033101331791840494
96,116,303,318,-0.0001970022130990401
96,117,303,402,-4.02334044338204e-05
96,118,303,317,0.00017012012540362775
97,98,304,408,-0.00024844350991770625
97,99,304,307,9.11425959202461e-05
97,100,304,320,0.00016377346764784306
97,101,304,404,6.338323873933405e-05
97,102,304,315,0.00010624715650919825
97,103,304,268,4.204754077363759e-05
97,104,304,271,-0.00021108242799527943
97,105,304,272,-9.087273065233603e-05
97,106,304,325,-0.0001512533926870674
97,107,304,319,4.014958904008381e-05
97,108,304,403,2.5151191948680207e-05
97,109,304,316,0.0002201427414547652
97,110,304,312,-0.00034207303542643785
97,111,304,311,-0.00034588880953378975
97,112,304,310,-0.0001558539952384308
97,113,304,415,9.446433250559494e-05
97,114,304,308,-0.0003894815454259515
97,115,304,324,-0.00013116149057168514
97,116,304,318,0.00015720940427854657
97,117,304,402,9.54476126935333e-05
97,118,304,317,0.0005645057535730302
98,99,408,307,0.00020851784211117774
98,100,408,320,0.0003820925485342741
98,101,408,404,0.000881965970620513
98,102,408,315,0.0006973275449126959
98,103,408,268,-8.774971320235636e-06
98,104,408,271,-0.0005047601298429072
98,105,408,272,-7.519024075008929e-05
98,106,408,325,-4.453866495168768e-05
98,107,408,319,0.00020040717208757997
98,108,408,403,0.0003743947600014508
98,109,408,316,-6.31535476713907e-06
98,110,408,312,-3.084365380345844e-05
98,111,408,311,-0.00024869461776688695
98,112,408,310,-6.598642357857898e-05
98,113,408,415,-3.7575115129584447e-05
98,114,408,308,2.3708720618742518e-05
98,115,408,324,0.00015284203982446343
98,116,408,318,0.00016117043560370803
98,117,408,402,0.0004821952898055315
98,118,408,317,0.0003385425661690533
99,100,307,320,0.00011524408182594925
99,101,307,404,0.0001990368909901008
99,102,307,315,-0.00019909319235011935
99,103,307,268,-5.177054481464438e-05
99,104,307,271,0.00017465182463638484
99,105,307,272,-9.420654532732442e-05
99,106,307,325,-9.216599892170052e-07
99,107,307,319,0.0003246544220019132
99,108,307,403,-6.058370854589157e-05
99,109,307,316,1.5015565622888971e-05
99,110,307,312,0.00019266542221885175
99,111,307,311,-7.09791129338555e-05
99,112,307,310,9.472610690863803e-05
99,113,307,415,0.0004007363459095359
99,114,307,308,-2.9732834718743106e-06
99,115,307,324,-0.0002515746746212244
99,116,307,318,0.00014924770221114159
99,117,307,402,2.128292908309959e-05
99,118,307,317,0.0002559589047450572
100,101,320,404,-2.2242742488742806e-05
100,102,320,315,-0.00014383054804056883
100,103,320,268,5.3276486141839996e-05
100,104,320,271,0.00017956222291104496
100,105,320,272,-0.000285266520222649
100,106,320,325,0.0003772146883420646
100,107,320,319,5.152236553840339e-05
100,108,320,403,-0.00021811126498505473
100,109,320,316,0.00025739369448274374
100,110,320,312,-0.00020009772561024874
100,111,320,311,-0.00036993614048697054
100,112,320,310,9.717097418615595e-05
100,113,320,415,4.9271729949396104e-05
100,114,320,308,9.709313599159941e-05
100,115,320,324,-2.9519431336666457e-05
100,116,320,318,-0.00021400924015324563
100,117,320,402,0.00013462183414958417
100,118,320,317,-9.509213850833476e-05
101,102,404,315,-9.828360634855926e-05
101,103,404,268,-0.000933582428842783
101,104,404,271,-0.00021632348943967372
101,105,404,272,0.00010275701060891151
101,106,404,325,-9.72788329818286e-05
101,107,404,319,-5.769683775724843e-05
101,108,404,403,0.00020070730533916503
101,109,404,316,-6.757958908565342e-05
101,110,404,312,-0.0004286649345885962
101,111,404,311,4.8620808229316026e-05
101,112,404,310,-2.5074314180528745e-05
101,113,404,415,0.0003276255156379193
101,114,404,308,0.00888995174318552
101,115,404,324,0.00016522739315405488
101,116,404,318,3.8083759136497974e-05
101,117,404,402,0.0001060299327946268
101,118,404,317,-1.8911563529400155e-05
102,103,315,268,-4.699829332821537e-06
102,104,315,271,0.0006139697507023811
102,105,315,272,0.00022004617494530976
102,106,315,325,8.349455310963094e-05
102,107,315,319,8.36454564705491e-05
102,108,315,403,-2.0595683963620104e-05
102,109,315,316,-0.00018557722796685994
102,110,315,312,-0.0003430703072808683
102,111,315,311,0.0008249474340118468
102,112,315,310,-0.00016049228725023568
102,113,315,415,0.00045737423351965845
102,114,315,308,-3.8698250136803836e-05
102,115,315,324,7.012951391516253e-05
102,116,315,318,2.6077374059241265e-05
102,117,315,402,0.0001684051239863038
102,118,315,317,-0.00016117712948471308
103,104,268,271,-0.00015184172661975026
103,105,268,272,0.00011632552195806056
103,106,268,325,-0.023215865716338158
103,107,268,319,8.73692988534458e-05
103,108,268,403,0.000125152146210894
103,109,268,316,7.628395542269573e-05
103,110,268,312,-9.886001498671249e-05
103,111,268,311,6.128086533863097e-05
103,112,268,310,2.556981417001225e-05
103,113,268,415,-2.9975553843542002e-05
103,114,268,308,0.00046948756789788604
103,115,268,324,2.8291382477618754e-05
103,116,268,318,0.00014459338854067028
103,117,268,402,-1.8040167560684495e-05
103,118,268,317,0.00034627667628228664
104,105,271,272,-0.00029216744587756693
104,106,271,325,9.006295294966549e-05
104,107,271,319,0.00012654032616410404
104,108,271,403,-6.805059092584997e-05
104,109,271,316,0.0007847507949918509
104,110,271,312,-0.00014954752987250686
104,111,271,311,-5.5272725148824975e-05
104,112,271,310,-0.0001245056773768738
104,113,271,415,-6.376094097504392e-05
104,114,271,308,3.720182940014638e-05
104,115,271,324,-9.31051472434774e-05
104,116,271,318,0.0002056558441836387
104,117,271,402,0.00024161490728147328
104,118,271,317,0.0002990516659338027
105,106,272,325,-6.549546378664672e-05
105,107,272,319,1.1857700883410871e-05
105,108,272,403,0.0003537412849254906
105,109,272,316,0.0005282283527776599
105,110,272,312,5.824610707350075e-05
105,111,272,311,-0.00011621959129115567
105,112,272,310,-0.00015865627210587263
105,113,272,415,5.771901487605646e-05
105,114,272,308,-7.541757076978683e-05
105,115,272,324,-4.5213531848276034e-05
105,116,272,318,0.00021477947302628309
105,117,272,402,0.00012324606359470636
105,118,272,317,0.00014374556485563517
106,107,325,319,-2.133339330612216e-05
106,108,325,403,8.340605563716963e-05
106,109,325,316,-0.0002372727612964809
106,110,325,312,-0.0001130481468862854
106,111,325,311,0.0001911599829327315
106,112,325,310,0.00014839359209872782
106,113,325,415,0.00011352467845426872
106,114,325,308,9.776563092600554e-05
106,115,325,324,7.294847455341369e-05
106,116,325,318,-0.0002871439210139215
106,117,325,402,5.2314957429189235e-05
106,118,325,317,-0.0002639505546540022
107,108,319,403,6.905911141075194e-05
107,109,319,316,8.945330046117306e-05
107,110,319,312,0.00044395754230208695
107,111,319,311,3.022053169843275e-05
107,112,319,310,-0.000225423151277937
107,113,319,415,0.00026402861112728715
107,114,319,308,8.887767762644216e-05
107,115,319,324,2.2338941562338732e-05
107,116,319,318,1.0424560969113372e-05
107,117,319,402,-0.00019353695097379386
107,118,319,317,-8.738464384805411e-05
108,109,403,316,-8.457295916741714e-05
108,110,403,312,1.197407254949212e-05
108,111,403,311,-9.811230847844854e-05
108,112,403,310,0.000157875387230888
108,113,403,415,0.0003156624152325094
108,114,403,308,0.0018383486894890666
108,115,403,324,0.00024216613383032382
108,116,403,318,-5.5194570450112224e-05
108,117,403,402,-6.49323419565917e-06
108,118,403,317,-0.00013239764666650444
109,110,316,312,-0.0002617443969938904
109,111,316,311,0.0002853648620657623
109,112,316,310,0.00012480390432756394
109,113,316,415,9.694945038063452e-05
109,114,316,308,0.00019166478887200356
109,115,316,324,-9.640414646128193e-05
109,116,316,318,0.00024008704349398613
109,117,316,402,3.091643884545192e-05
109,118,316,317,9.551700350129977e-05
110,111,312,311,0.00016710667114239186
110,112,312,310,2.960138772323262e-05
110,113,312,415,-0.0001264856255147606
110,114,312,308,1.0822028343682177e-05
110,115,312,324,6.885843322379515e-05
110,116,312,318,0.00011633061512839049
110,117,312,402,-4.296850602258928e-05
110,118,312,317,-0.00010238692630082369
111,112,311,310,-0.000387534499168396
111,113,311,415,-0.000428934843512252
111,114,311,308,5.040368341724388e-05
111,115,311,324,0.00021600996842607856
111,116,311,318,1.713896017463412e-05
111,117,311,402,-0.00018873950466513634
111,118,311,317,0.00019534165039658546
112,113,310,415,-1.8543980331742205e-05
112,114,310,308,0.00012958812294527888
112,115,310,324,-6.726544233970344e-05
112,116,310,318,-0.00018900864233728498
112,117,310,402,0.00028284123982302845
112,118,310,317,0.0003490737290121615
113,114,415,308,-6.26337860012427e-05
113,115,415,324,-0.00027048095944337547
113,116,415,318,8.027390867937356e-05
113,117,415,402,0.000195857064682059
113,118,415,317,0.0007375015411525965
114,115,308,324,0.00011564789747353643
114,116,308,318,7.632275082869455e-05
114,117,308,402,0.002649852307513356
114,118,308,317,6.012499943608418e-05
115,116,324,318,5.024913480156101e-05
115,117,324,402,-5.46606388525106e-05
115,118,324,317,-6.510068487841636e-05
116,117,318,402,1.5846519090700895e-05
116,118,318,317,-5.4418997024185956e-05
117,118,402,317,0.00010815190034918487
