i,j,point_id_i,point_id_j,value
0,1,164,167,9.90225908026332e-06
0,2,164,165,-0.00037306619924493134
0,3,164,92,-0.00043953352724201977
0,4,164,186,-0.0001863426878117025
0,5,164,57,-0.0004921407089568675
0,6,164,43,-0.00015877904661465436
0,7,164,106,-0.00030445450101979077
0,8,164,182,-0.00013489312550518662
0,9,164,83,-0.00014254878624342382
0,10,164,18,-0.00021559394372161478
0,11,164,200,-0.00015445354802068323
0,12,164,201,7.399862806778401e-05
0,13,164,194,-9.413001680513844e-05
0,14,164,204,-0.00023665679327677935
0,15,164,202,-0.00029981567058712244
0,16,164,212,-0.0004369953239802271
0,17,164,216,-0.00026417424669489264
0,18,164,206,-0.00031547798425890505
0,19,164,203,-0.0005344350356608629
0,20,164,207,-5.3593066695611924e-05
0,21,164,205,-0.00020504348503891379
0,22,164,98,-0.0002769869170151651
0,23,164,97,-0.00022096247994340956
0,24,164,393,-0.00020512712944764644
0,25,164,391,6.232560554053634e-05
0,26,164,322,-0.0001930561411427334
0,27,164,410,-0.00015888811321929097
0,28,164,287,-1.8936802007374354e-05
0,29,164,273,-0.00011544515291461721
0,30,164,335,-0.0003067440411541611
0,31,164,406,-0.0002613294345792383
0,32,164,313,-1.1092717613792047e-05
0,33,164,421,7.260178972501308e-05
0,34,164,418,-4.427702879183926e-05
0,35,164,424,-2.03608342417283e-05
0,36,164,422,-0.00010714811651268974
0,37,164,432,-0.0002091512578772381
0,38,164,436,0.00015316750796046108
0,39,164,426,2.1835678126080893e-05
0,40,164,423,5.565744504565373e-05
0,41,164,427,0.00027724960818886757
0,42,164,425,0.00024349520390387625
0,43,164,327,0.00012325175339356065
0,44,164,326,4.9830094212666154e-05
0,45,164,0,-0.0001909671991597861
0,46,164,37,5.4334610467776656e-05
0,47,164,39,-1.899389098980464e-05
0,48,164,40,-0.0002242139889858663
0,49,164,185,-0.00011953977809753269
0,50,164,61,-0.00015631082351319492
0,51,164,146,5.910516483709216e-05
0,52,164,91,0.00010279516573064029
0,53,164,181,3.4032364055747166e-05
0,54,164,84,-2.3200351279228926e-05
0,55,164,17,-0.00028985016979277134
0,56,164,11,0.00019166938727721572
0,57,164,72,-1.0662596650945488e-05
0,58,164,73,-0.00020730504184029996
0,59,164,74,-2.8529218980111182e-05
0,60,164,184,-0.0001628191239433363
0,61,164,77,2.5671159164630808e-05
0,62,164,90,-0.0001689296477707103
0,63,164,180,-1.26187878777273e-05
0,64,164,85,0.00023095935466699302
0,65,164,16,-0.00011487325537018478
0,66,164,12,8.097317913779989e-05
0,67,164,38,0.00016545879771001637
0,68,164,41,7.419723260682076e-05
0,69,164,42,3.2876534987735795e-06
0,70,164,96,-0.0002571714867372066
0,71,164,89,6.968968591536395e-06
0,72,164,179,-3.705274502863176e-05
0,73,164,86,0.00038129615131765604
0,74,164,15,-0.00021188065875321627
0,75,164,13,4.886119131697342e-05
0,76,164,82,-4.133232505409978e-05
0,77,164,81,-0.0001656981185078621
0,78,164,80,-8.906853327061981e-05
0,79,164,191,-1.5508479918935336e-05
0,80,164,78,-5.577030606218614e-05
0,81,164,95,-4.016815000795759e-05
0,82,164,88,3.7859132135054097e-05
0,83,164,178,7.096558692865074e-05
0,84,164,87,4.123397229705006e-05
0,85,164,14,-0.0002305630623595789
0,86,164,267,-0.00032439641654491425
0,87,164,269,-5.143550151842646e-05
0,88,164,270,-0.0005820001242682338
0,89,164,409,-0.0002771853469312191
0,90,164,291,-0.00014703816850669682
0,91,164,375,-7.627771992702037e-05
0,92,164,321,-0.003901741001754999
0,93,164,405,-0.001166415517218411
0,94,164,314,-0.00015907471242826432
0,95,164,302,8.469704334856942e-05
0,96,164,303,-0.00015909576904959977
0,97,164,304,-0.0003336093504913151
0,98,164,408,0.0001621037081349641
0,99,164,307,-0.00019480119226500392
0,100,164,320,-0.00014469859888777137
0,101,164,404,-0.0009867202024906874
0,102,164,315,-0.0005681223119609058
0,103,164,268,-0.00036038519465364516
0,104,164,271,-0.00014941302652005106
0,105,164,272,-0.0003634408349171281
0,106,164,325,4.522160816122778e-05
0,107,164,319,-0.000442768563516438
0,108,164,403,-0.002716326853260398
0,109,164,316,-0.0005486994632519782
0,110,164,312,-9.129972022492439e-05
0,111,164,311,-2.9500941309379414e-05
0,112,164,310,-7.270323840202764e-05
0,113,164,415,-0.0003002081939484924
0,114,164,308,5.626678466796875e-05
0,115,164,324,-5.644957491313107e-05
0,116,164,318,-0.00021825004660058767
0,117,164,402,-0.0016124803805723786
0,118,164,317,-0.00039967396878637373
1,2,167,165,-0.00010473176371306181
1,3,167,92,2.6384665034129284e-05
1,4,167,186,-0.00014270695101004094
1,5,167,57,-5.611710002995096e-05
1,6,167,43,-6.56289339531213e-05
1,7,167,106,-0.0002783832896966487
1,8,167,182,2.851962562999688e-05
1,9,167,83,-0.00010361252498114482
1,10,167,18,-5.579723801929504e-05
1,11,167,200,-0.0005486967274919152
1,12,167,201,0.00010469723929418251
1,13,167,194,-0.00023842531663831323
1,14,167,204,-0.00016032108396757394
1,15,167,202,-5.866117498953827e-05
1,16,167,212,-0.0003882554010488093
1,17,167,216,-0.0005379259819164872
1,18,167,206,-0.0003640385693870485
1,19,167,203,-0.0005256798467598855
1,20,167,207,-0.00012248524581082165
1,21,167,205,-0.00022125391114968807
1,22,167,98,-0.00037588889244943857
1,23,167,97,0.0003452693345025182
1,24,167,393,-3.319196548545733e-05
1,25,167,391,-0.000194848224055022
1,26,167,322,-0.00011959167022723705
1,27,167,410,-0.00020759517792612314
1,28,167,287,0.00011450409510871395
1,29,167,273,-0.0009600462508387864
1,30,167,335,-0.00027199069154448807
1,31,167,406,-2.5430668756598607e-05
1,32,167,313,5.305276135914028e-05
1,33,167,421,-0.00044917388004250824
1,34,167,418,-0.0005164095782674849
1,35,167,424,-0.00028692130581475794
1,36,167,422,-0.00017373599985148758
1,37,167,432,6.36303229839541e-05
1,38,167,436,5.451249671750702e-05
1,39,167,426,-2.9729176276305225e-06
1,40,167,423,-0.00013746885815635324
1,41,167,427,0.00030577272991649806
1,42,167,425,-0.00011739200272131711
1,43,167,327,6.7268600105308e-05
1,44,167,326,0.00013514241436496377
1,45,167,0,-8.663588960189372e-05
1,46,167,37,-4.931465446134098e-05
1,47,167,39,0.00019816760323010385
1,48,167,40,0.00014437147183343768
1,49,167,185,0.00020994101942051202
1,50,167,61,0.00010713805386330932
1,51,167,146,0.00015659689961466938
1,52,167,91,0.00019685864390339702
1,53,167,181,1.2734876690956298e-05
1,54,167,84,-0.0003483561158645898
1,55,167,17,-0.0004416927695274353
1,56,167,11,-2.3136351501307217e-06
1,57,167,72,-0.0005169862997718155
1,58,167,73,6.944489723537117e-05
1,59,167,74,-4.4101030653109774e-05
1,60,167,184,4.5964410674059764e-05
1,61,167,77,-0.0001898646733025089
1,62,167,90,-0.00012038018030580133
1,63,167,180,1.8474214812158607e-05
1,64,167,85,-0.0002125007304130122
1,65,167,16,-0.00016161966777872294
1,66,167,12,-5.83903856750112e-05
1,67,167,38,-0.008886133320629597
1,68,167,41,8.767023973632604e-05
1,69,167,42,-0.00015094087575562298
1,70,167,96,-5.719167165807448e-05
1,71,167,89,0.00028127702535130084
1,72,167,179,-7.946867845021188e-05
1,73,167,86,-8.145562605932355e-05
1,74,167,15,-0.0002209515660069883
1,75,167,13,6.921164458617568e-05
1,76,167,82,-0.005427966825664043
1,77,167,81,1.3297964869707357e-05
1,78,167,80,-7.195418675109977e-06
1,79,167,191,-3.198766353307292e-05
1,80,167,78,-0.00020326128287706524
1,81,167,95,7.581528188893571e-05
1,82,167,88,2.069569927698467e-05
1,83,167,178,4.4372485717758536e-05
1,84,167,87,-1.1565611202968284e-05
1,85,167,14,-0.0003304106940049678
1,86,167,267,0.0001518241479061544
1,87,167,269,0.00014519121032208204
1,88,167,270,1.2449271707737353e-05
1,89,167,409,-0.00016910492558963597
1,90,167,291,-0.00024757892242632806
1,91,167,375,-0.00016883616626728326
1,92,167,321,-0.0008654306293465197
1,93,167,405,-0.00017986110469792038
1,94,167,314,-0.0001128713702200912
1,95,167,302,-0.00033580741728655994
1,96,167,303,-0.00010911341814789921
1,97,167,304,-0.0002211173705291003
1,98,167,408,-0.0006325229187496006
1,99,167,307,-0.00024275643227156252
1,100,167,320,-0.00019819386943709105
1,101,167,404,-0.0008388572605326772
1,102,167,315,-8.172057277988642e-05
1,103,167,268,-6.476677663158625e-05
1,104,167,271,0.0002901435364037752
1,105,167,272,-0.00011817919585155323
1,106,167,325,-0.00048407609574496746
1,107,167,319,-0.0011064762948080897
1,108,167,403,-0.0009093479020521045
1,109,167,316,-0.00011339638149365783
1,110,167,312,-6.16951147094369e-05
1,111,167,311,-0.00044472841545939445
1,112,167,310,-0.0011677626753225923
1,113,167,415,0.0007546989363618195
1,114,167,308,4.642769999918528e-05
1,115,167,324,-0.0006207786500453949
1,116,167,318,-0.00032474842737428844
1,117,167,402,-3.8963928091106936e-05
1,118,167,317,-0.00013407123333308846
2,3,165,92,-3.951496910303831e-05
2,4,165,186,-0.00010156217467738315
2,5,165,57,-4.717467163573019e-05
2,6,165,43,3.090972313657403e-05
2,7,165,106,1.613932181498967e-05
2,8,165,182,-0.00011876598000526428
2,9,165,83,-0.00029447011183947325
2,10,165,18,-0.00018937741697300225
2,11,165,200,0.026667211204767227
2,12,165,201,0.01191223505884409
2,13,165,194,-0.01584017276763916
2,14,165,204,0.00020668430079240352
2,15,165,202,0.00015374481154140085
2,16,165,212,6.227826361282496e-06
2,17,165,216,-0.00013402126205619425
2,18,165,206,-0.0002426008868496865
2,19,165,203,-0.00015641511708963662
2,20,165,207,0.0001228434412041679
2,21,165,205,-0.0001712546218186617
2,22,165,98,0.00028022556216455996
2,23,165,97,1.0249469596601557e-05
2,24,165,393,-0.0003560231707524508
2,25,165,391,-0.0002623484469950199
2,26,165,322,-0.0024954744148999453
2,27,165,410,0.032512955367565155
2,28,165,287,0.01190490834414959
2,29,165,273,0.01492956094443798
2,30,165,335,0.022217079997062683
2,31,165,406,0.010924222879111767
2,32,165,313,-2.0424427020770963e-06
2,33,165,421,-0.0005586972692981362
2,34,165,418,0.001442158711142838
2,35,165,424,0.014418497681617737
2,36,165,422,0.015262831002473831
2,37,165,432,0.009463604539632797
2,38,165,436,0.00023274561681319028
2,39,165,426,-0.00013350263179745525
2,40,165,423,7.600560638820753e-05
2,41,165,427,6.82679092278704e-05
2,42,165,425,-0.00028487990493886173
2,43,165,327,3.8278962165350094e-05
2,44,165,326,-0.0001001807177090086
2,45,165,0,-0.00036869244650006294
2,46,165,37,-0.0002155482943635434
2,47,165,39,3.0961829907028005e-05
2,48,165,40,-0.00018943744362331927
2,49,165,185,0.0002372326998738572
2,50,165,61,-0.03176816180348396
2,51,165,146,-0.0028502640780061483
2,52,165,91,0.00032245495822280645
2,53,165,181,-0.00010610625758999959
2,54,165,84,-0.00018156917940359563
2,55,165,17,-0.0012427077163010836
2,56,165,11,-0.0005043499986641109
2,57,165,72,-0.00024751329328864813
2,58,165,73,-0.00018184745567850769
2,59,165,74,9.516027785139158e-05
2,60,165,184,1.1561214705579914e-05
2,61,165,77,0.0001291117223445326
2,62,165,90,-0.00010724502499215305
2,63,165,180,-0.0004757298156619072
2,64,165,85,-0.00016036535089369863
2,65,165,16,-0.0015955563867464662
2,66,165,12,-0.00016726419562473893
2,67,165,38,-0.00024834799114614725
2,68,165,41,7.082052616169676e-05
2,69,165,42,8.400290971621871e-05
2,70,165,96,6.641814252361655e-05
2,71,165,89,-0.0003557029413059354
2,72,165,179,1.060899762705958e-06
2,73,165,86,-0.0001427694078302011
2,74,165,15,-0.0026331059634685516
2,75,165,13,-0.0006571100675500929
2,76,165,82,-0.0004711574292741716
2,77,165,81,-0.0003416956460569054
2,78,165,80,4.66396268166136e-05
2,79,165,191,2.3400052668876015e-05
2,80,165,78,-0.020147329196333885
2,81,165,95,3.165187081322074e-05
2,82,165,88,-0.0002544409944675863
2,83,165,178,-0.0002281586203025654
2,84,165,87,-0.0004198947863187641
2,85,165,14,-0.0009217978804372251
2,86,165,267,-9.296144708059728e-05
2,87,165,269,-3.7250334571581334e-05
2,88,165,270,-0.0001941416849149391
2,89,165,409,-2.8294711228227243e-05
2,90,165,291,-0.00012083631008863449
2,91,165,375,-0.000120585820695851
2,92,165,321,5.1675560825970024e-05
2,93,165,405,-0.00043942054617218673
2,94,165,314,-0.0012133404379710555
2,95,165,302,-8.46021794131957e-06
2,96,165,303,-0.00029242990422062576
2,97,165,304,-0.000253679376328364
2,98,165,408,-0.00030980815063230693
2,99,165,307,-0.00011766002717195079
2,100,165,320,1.1434761290729512e-05
2,101,165,404,-3.503100379020907e-05
2,102,165,315,-0.00047731061931699514
2,103,165,268,-1.5308602087316103e-05
2,104,165,271,-0.00036408420419320464
2,105,165,272,-0.0002761675277724862
2,106,165,325,-0.0002353959425818175
2,107,165,319,-8.817380148684606e-05
2,108,165,403,-0.00036817253567278385
2,109,165,316,-0.0005830269656144083
2,110,165,312,-0.00022075122979003936
2,111,165,311,0.00025826998171396554
2,112,165,310,-0.0005552180227823555
2,113,165,415,-0.00011889257439179346
2,114,165,308,-9.117973240790889e-05
2,115,165,324,-0.00017622813174966723
2,116,165,318,-6.3312727434095e-05
2,117,165,402,-0.00022215569333638996
2,118,165,317,-0.00024998310254886746
3,4,92,186,9.91091292235069e-05
3,5,92,57,-3.481304520391859e-05
3,6,92,43,0.00023340860207099468
3,7,92,106,-0.00016998824139591306
3,8,92,182,-0.0003448661882430315
3,9,92,83,-0.00017604429740458727
3,10,92,18,-0.00032920774538069963
3,11,92,200,0.01460670493543148
3,12,92,201,0.02194381132721901
3,13,92,194,-0.0001074994434020482
3,14,92,204,-6.731129542458802e-05
3,15,92,202,0.00010822328476933762
3,16,92,212,-0.00017354110605083406
3,17,92,216,0.00011341136269038543
3,18,92,206,-0.0004116165800951421
3,19,92,203,-0.0001612966152606532
3,20,92,207,-0.00021723982354160398
3,21,92,205,-1.3098964700475335e-05
3,22,92,98,0.00012302245886530727
3,23,92,97,1.377859734930098e-05
3,24,92,393,-0.0003613868320826441
3,25,92,391,-0.00040035657002590597
3,26,92,322,0.0016762687591835856
3,27,92,410,0.044978607445955276
3,28,92,287,0.03824634477496147
3,29,92,273,0.03549141064286232
3,30,92,335,0.024186542257666588
3,31,92,406,1.8605544028105214e-05
3,32,92,313,-0.0005167825147509575
3,33,92,421,-2.9713815820286982e-05
3,34,92,418,-0.0007362772594206035
3,35,92,424,0.02531912736594677
3,36,92,422,0.03898695483803749
3,37,92,432,0.03467177599668503
3,38,92,436,0.013010431081056595
3,39,92,426,-8.208271901821718e-05
3,40,92,423,-0.00012242741649970412
3,41,92,427,-0.00037917186273261905
3,42,92,425,4.852798883803189e-05
3,43,92,327,-0.00013260294508654624
3,44,92,326,-0.00011436086060712114
3,45,92,0,-0.0002223947667516768
3,46,92,37,-0.00013702303112950176
3,47,92,39,-0.0002775633765850216
3,48,92,40,-5.936798334005289e-05
3,49,92,185,2.2135389372124337e-05
3,50,92,61,-0.007863171398639679
3,51,92,146,0.00022917840396985412
3,52,92,91,-0.00011250290845055133
3,53,92,181,-0.00015121698379516602
3,54,92,84,-0.00031084101647138596
3,55,92,17,-0.0006422115839086473
3,56,92,11,-0.00016652440535835922
3,57,92,72,-0.0002685088256839663
3,58,92,73,-0.0002680254401639104
3,59,92,74,0.00705261155962944
3,60,92,184,0.005560725461691618
3,61,92,77,0.02262268215417862
3,62,92,90,-0.00010226974700344726
3,63,92,180,-0.00013608623703476042
3,64,92,85,-0.00014916426152922213
3,65,92,16,-0.0006138001917861402
3,66,92,12,-0.00041763170156627893
3,67,92,38,-0.00011535126395756379
3,68,92,41,-0.000437374459579587
3,69,92,42,0.00011499259562697262
3,70,92,96,-0.0004652503994293511
3,71,92,89,0.0004805925127584487
3,72,92,179,-0.0001794730924302712
3,73,92,86,-0.00036982013261877
3,74,92,15,-0.0008590987417846918
3,75,92,13,-0.0005706685478799045
3,76,92,82,-0.00046433316310867667
3,77,92,81,-0.0003445965121500194
3,78,92,80,8.907198935048655e-05
3,79,92,191,0.011507011950016022
3,80,92,78,-0.00012984522618353367
3,81,92,95,0.00029106278088875115
3,82,92,88,2.8467067750170827e-05
3,83,92,178,-0.0003933979314751923
3,84,92,87,-0.001341629191301763
3,85,92,14,-0.0016385373892262578
3,86,92,267,-0.0006166384555399418
3,87,92,269,0.012322493828833103
3,88,92,270,-0.0004826053336728364
3,89,92,409,-5.3830473916605115e-05
3,90,92,291,-0.00043730574543587863
3,91,92,375,-0.0001311026280745864
3,92,92,321,-0.00047992033069022
3,93,92,405,-6.636809121118858e-05
3,94,92,314,-0.0003325863217469305
3,95,92,302,-0.00013331297668628395
3,96,92,303,-0.00048303333460353315
3,97,92,304,-4.944669490214437e-05
3,98,92,408,1.8628953739607823e-06
3,99,92,307,-0.00020792774739675224
3,100,92,320,-6.0215235862415284e-05
3,101,92,404,-0.00027536271954886615
3,102,92,315,-0.0010136417113244534
3,103,92,268,-0.00011652588727883995
3,104,92,271,-0.00011528714094310999
3,105,92,272,6.729098095092922e-05
3,106,92,325,-0.00045984075404703617
3,107,92,319,-0.000458732305560261
3,108,92,403,-0.0003816829121205956
3,109,92,316,-0.0012596294982358813
3,110,92,312,-0.0001128452131524682
3,111,92,311,-0.00016711729404050857
3,112,92,310,-4.220305345370434e-05
3,113,92,415,-0.00023133560898713768
3,114,92,308,-0.00018496194388717413
3,115,92,324,-0.00036818321677856147
3,116,92,318,-1.3516567378246691e-05
3,117,92,402,-0.00035389396362006664
3,118,92,317,-0.0004079387290403247
4,5,186,57,3.5103676054859534e-05
4,6,186,43,4.198727765469812e-05
4,7,186,106,-1.1490124961710535e-05
4,8,186,182,-0.0004706369654741138
4,9,186,83,-0.0004467167309485376
4,10,186,18,-0.00024088086502160877
4,11,186,200,0.00010809609375428408
4,12,186,201,-0.0003483364125713706
4,13,186,194,-0.0005348073318600655
4,14,186,204,-0.01036196481436491
4,15,186,202,0.0001294617250096053
4,16,186,212,-8.312497811857611e-05
4,17,186,216,-8.046746370382607e-05
4,18,186,206,3.388007826288231e-05
4,19,186,203,1.836250703490805e-05
4,20,186,207,-0.00010862063936656341
4,21,186,205,5.86495989409741e-05
4,22,186,98,-0.00024860043777152896
4,23,186,97,-0.00021677138283848763
4,24,186,393,4.10707070841454e-06
4,25,186,391,-0.0007052087457850575
4,26,186,322,0.03852204233407974
4,27,186,410,0.0486832819879055
4,28,186,287,9.80880759016145e-06
4,29,186,273,-0.00033978576539084315
4,30,186,335,0.03146830201148987
4,31,186,406,0.0005527398316189647
4,32,186,313,-0.0005620428710244596
4,33,186,421,-0.0002183364558732137
4,34,186,418,5.37012456334196e-05
4,35,186,424,0.04703262075781822
4,36,186,422,-0.001570835360325873
4,37,186,432,0.04078792780637741
4,38,186,436,-0.00019953673472627997
4,39,186,426,0.011891000904142857
4,40,186,423,8.023423288250342e-05
4,41,186,427,0.016781160607933998
4,42,186,425,0.0295219998806715
4,43,186,327,-0.00036285934038460255
4,44,186,326,-0.00033834553323686123
4,45,186,0,-0.00023755583970341831
4,46,186,37,-0.00010449586989125237
4,47,186,39,-0.0001055451575666666
4,48,186,40,-0.000278143968898803
4,49,186,185,8.74998586368747e-05
4,50,186,61,-0.00015743219410069287
4,51,186,146,0.03895983844995499
4,52,186,91,0.006898821331560612
4,53,186,181,-7.453103171428666e-05
4,54,186,84,-1.1524883802849217e-06
4,55,186,17,-0.0001761553285177797
4,56,186,11,-0.00017136515816673636
4,57,186,72,-8.701095794094726e-05
4,58,186,73,-0.0003655166656244546
4,59,186,74,-4.0127844840753824e-05
4,60,186,184,-7.257954712258652e-05
4,61,186,77,0.014754492789506912
4,62,186,90,4.294236714486033e-05
4,63,186,180,-0.0001972458412637934
4,64,186,85,-0.0006135542644187808
4,65,186,16,-0.00032236395054496825
4,66,186,12,-0.00024928877246566117
4,67,186,38,-0.0002091230417136103
4,68,186,41,-0.00037116269231773913
4,69,186,42,-2.366530134167988e-05
4,70,186,96,0.012648669071495533
4,71,186,89,-0.0003370500053279102
4,72,186,179,-0.0001259353884961456
4,73,186,86,-0.00048500823322683573
4,74,186,15,-0.00027636386221274734
4,75,186,13,-0.0006970284739509225
4,76,186,82,-0.0003568112151697278
4,77,186,81,-0.00037149456329643726
4,78,186,80,-1.4115937119640876e-05
4,79,186,191,0.017522482201457024
4,80,186,78,0.03113194741308689
4,81,186,95,0.035611592233181
4,82,186,88,-9.909953223541379e-05
4,83,186,178,-0.0002921334817074239
4,84,186,87,-0.00025701808044686913
4,85,186,14,-0.0003690989688038826
4,86,186,267,-0.00017031132301781327
4,87,186,269,-0.002921448554843664
4,88,186,270,-0.00029547742451541126
4,89,186,409,-0.00034784761373884976
4,90,186,291,-5.8561741752782837e-05
4,91,186,375,-0.00022655325301457196
4,92,186,321,-0.001849363325163722
4,93,186,405,0.0016777989221736789
4,94,186,314,-0.0013628999004140496
4,95,186,302,-0.0001103128379327245
4,96,186,303,-0.00029632309451699257
4,97,186,304,-0.00015644307131879032
4,98,186,408,-2.1226282115094364e-05
4,99,186,307,-0.00037127628456801176
4,100,186,320,-0.0006207285332493484
4,101,186,404,-0.0009984365897253156
4,102,186,315,-0.00037416353006847203
4,103,186,268,-0.0003521984617691487
4,104,186,271,-0.00027273051091469824
4,105,186,272,-2.659018718986772e-05
4,106,186,325,-9.442305599804968e-05
4,107,186,319,-0.0001864366786321625
4,108,186,403,-0.00046999508049339056
4,109,186,316,-0.00025968500995077193
4,110,186,312,-0.00014436934725381434
4,111,186,311,-0.0001382659247610718
4,112,186,310,-0.0004944175016134977
4,113,186,415,-4.420391269377433e-05
4,114,186,308,4.835816071135923e-05
4,115,186,324,-7.881795318098739e-05
4,116,186,318,-0.0005006276769563556
4,117,186,402,-3.84474296879489e-05
4,118,186,317,-0.00019368910579942167
5,6,57,43,-0.00041529632289893925
5,7,57,106,-0.0001266120671061799
5,8,57,182,-3.1726656743558124e-05
5,9,57,83,-0.0003566585946828127
5,10,57,18,-0.00010138564539374784
5,11,57,200,9.279771620640531e-05
5,12,57,201,-0.00037361818249337375
5,13,57,194,0.00013597047654911876
5,14,57,204,0.00012234447058290243
5,15,57,202,0.0003535405558068305
5,16,57,212,5.548282388190273e-06
5,17,57,216,-0.00014109628682490438
5,18,57,206,-8.887073636287823e-05
5,19,57,203,-0.0002070580521831289
5,20,57,207,0.00047688285121694207
5,21,57,205,-6.072871474316344e-05
5,22,57,98,5.0533937610452995e-05
5,23,57,97,-5.170128133613616e-05
5,24,57,393,-0.00024453221703879535
5,25,57,391,-8.484144200338051e-05
5,26,57,322,0.02414119616150856
5,27,57,410,0.026243070140480995
5,28,57,287,-0.00023269923985935748
5,29,57,273,-0.0005563308368436992
5,30,57,335,0.023688048124313354
5,31,57,406,-0.0003462107270024717
5,32,57,313,-9.909263098961674e-06
5,33,57,421,-0.00022122699010651559
5,34,57,418,-0.00018410637858323753
5,35,57,424,0.04027523845434189
5,36,57,422,-0.0005853298353031278
5,37,57,432,0.04295670613646507
5,38,57,436,-0.0006647793925367296
5,39,57,426,-0.000791703350841999
5,40,57,423,0.00010317692067474127
5,41,57,427,0.025795690715312958
5,42,57,425,0.009792000986635685
5,43,57,327,1.7633801689953543e-05
5,44,57,326,-0.00025096777244471014
5,45,57,0,-0.0003805172455031425
5,46,57,37,-0.00021836267842445523
5,47,57,39,2.1551657482632436e-05
5,48,57,40,-2.7520580260897987e-05
5,49,57,185,8.114456250041258e-06
5,50,57,61,0.03068053163588047
5,51,57,146,0.024469319730997086
5,52,57,91,-5.593619425781071e-05
5,53,57,181,-3.997569365310483e-05
5,54,57,84,-0.00044178057578392327
5,55,57,17,-0.0008411069284193218
5,56,57,11,-0.00024586700601503253
5,57,57,72,-0.00041094585321843624
5,58,57,73,-0.00031390172080136836
5,59,57,74,7.509961869800463e-05
5,60,57,184,0.00012988036905881017
5,61,57,77,0.03955555707216263
5,62,57,90,-0.00021190766710788012
5,63,57,180,-3.809326881309971e-05
5,64,57,85,-0.00027140683960169554
5,65,57,16,-0.0006957679288461804
5,66,57,12,-0.0005555066163651645
5,67,57,38,-0.00024291053705383092
5,68,57,41,-0.00013269383634906262
5,69,57,42,-0.00020585460879374295
5,70,57,96,-4.442794670467265e-05
5,71,57,89,5.8953177358489484e-05
5,72,57,179,-0.00032355260918848217
5,73,57,86,-0.0001987003197427839
5,74,57,15,-0.0004921764484606683
5,75,57,13,-0.0003742082917597145
5,76,57,82,-0.0004827189550269395
5,77,57,81,-0.0001800985774025321
5,78,57,80,-7.138352520996705e-05
5,79,57,191,0.0034724681172519922
5,80,57,78,0.03237658366560936
5,81,57,95,0.01792563498020172
5,82,57,88,-0.00017669802764430642
5,83,57,178,-0.00031260427203960717
5,84,57,87,-0.0003981438057962805
5,85,57,14,-0.00037869130028411746
5,86,57,267,-9.585249063093215e-05
5,87,57,269,-0.00022476079175248742
5,88,57,270,-0.00011900756362592801
5,89,57,409,-0.0002689474495127797
5,90,57,291,-0.00013203886919654906
5,91,57,375,-6.714716437272727e-05
5,92,57,321,-0.00018429946794640273
5,93,57,405,4.2915577068924904e-05
5,94,57,314,-7.572458571303287e-07
5,95,57,302,-0.00030759876244701445
5,96,57,303,-0.0003824444720521569
5,97,57,304,-4.461274511413649e-05
5,98,57,408,-0.00017424247926101089
5,99,57,307,-0.0002694028371479362
5,100,57,320,-0.000889791117515415
5,101,57,404,-0.00012447370681911707
5,102,57,315,-0.00024089019279927015
5,103,57,268,-8.791904110694304e-05
5,104,57,271,-0.0004463449295144528
5,105,57,272,-0.0003064844058826566
5,106,57,325,-0.0004928879789076746
5,107,57,319,-0.0006329994648694992
5,108,57,403,-0.0004512244195211679
5,109,57,316,-0.0008300240733660758
5,110,57,312,-0.0004932365263812244
5,111,57,311,-0.0003073688712902367
5,112,57,310,-2.144637801393401e-05
5,113,57,415,-0.0003332600463181734
5,114,57,308,-0.0002445598365738988
5,115,57,324,-0.0010814619017764926
5,116,57,318,-0.0010110819712281227
5,117,57,402,-0.00034453102853149176
5,118,57,317,-0.0012301866663619876
6,7,43,106,-6.598960317205638e-05
6,8,43,182,1.7508667951915413e-05
6,9,43,83,-0.00026020011864602566
6,10,43,18,-8.028722368180752e-05
6,11,43,200,0.00011395107139833272
6,12,43,201,-0.00023892529134172946
6,13,43,194,0.000129902851767838
6,14,43,204,-0.00010761126031866297
6,15,43,202,-8.50648939376697e-05
6,16,43,212,-5.6697565014474094e-05
6,17,43,216,3.3465457818238065e-05
6,18,43,206,5.519099431694485e-05
6,19,43,203,8.706869994057342e-05
6,20,43,207,8.09263474366162e-06
6,21,43,205,-0.0002433865738566965
6,22,43,98,-8.174758841050789e-05
6,23,43,97,5.329009945853613e-05
6,24,43,393,-0.0004736001428682357
6,25,43,391,-0.00015222928777802736
6,26,43,322,-0.00033741959487088025
6,27,43,410,-0.0010536520276218653
6,28,43,287,-5.122508355270838e-06
6,29,43,273,-0.0014064066344872117
6,30,43,335,-0.0005214698030613363
6,31,43,406,-5.480042455019429e-05
6,32,43,313,-0.0005556534742936492
6,33,43,421,0.0001486288383603096
6,34,43,418,7.801117317285389e-05
6,35,43,424,-5.0586011639097705e-05
6,36,43,422,-0.001412600395269692
6,37,43,432,0.00865171104669571
6,38,43,436,-0.0001605087163625285
6,39,43,426,-5.245956708677113e-05
6,40,43,423,-4.1490347939543426e-05
6,41,43,427,-6.076069985283539e-05
6,42,43,425,2.637160650920123e-05
6,43,43,327,-6.021768058417365e-05
6,44,43,326,-0.00029965306748636067
6,45,43,0,0.007006144151091576
6,46,43,37,8.413012255914509e-05
6,47,43,39,6.937298167031258e-05
6,48,43,40,-8.363803499378264e-05
6,49,43,185,0.00011392897431505844
6,50,43,61,-0.0002891933254431933
6,51,43,146,-0.00014572672080248594
6,52,43,91,-0.00028978381305933
6,53,43,181,-0.0002879129897337407
6,54,43,84,-0.00032619520789012313
6,55,43,17,-0.00044553293264470994
6,56,43,11,0.009307746775448322
6,57,43,72,-0.00015143718337640166
6,58,43,73,-4.897175313089974e-05
6,59,43,74,4.558489308692515e-05
6,60,43,184,0.00013765758194494992
6,61,43,77,8.500432159053162e-06
6,62,43,90,-0.00011138286208733916
6,63,43,180,-8.648873517813627e-06
6,64,43,85,-6.660497456323355e-05
6,65,43,16,0.007726877462118864
6,66,43,12,0.005916557740420103
6,67,43,38,-0.00016109026910271496
6,68,43,41,-3.7801266444148496e-05
6,69,43,42,-3.376283711986616e-05
6,70,43,96,-4.853975769947283e-05
6,71,43,89,8.498592069372535e-05
6,72,43,179,-0.0006688210996799171
6,73,43,86,-0.0004972468595951796
6,74,43,15,0.008717996999621391
6,75,43,13,-0.0003112041449639946
6,76,43,82,-6.642029620707035e-05
6,77,43,81,-0.0001109625372919254
6,78,43,80,-0.00021968108194414526
6,79,43,191,5.5623815569560975e-05
6,80,43,78,-7.58658061386086e-05
6,81,43,95,7.38137896405533e-05
6,82,43,88,-9.394266089657322e-05
6,83,43,178,-8.652708493173122e-05
6,84,43,87,-0.0009643006487749517
6,85,43,14,-0.0001284068712266162
6,86,43,267,0.0077703362330794334
6,87,43,269,0.010391566902399063
6,88,43,270,-0.00016155611956492066
6,89,43,409,-6.915794074302539e-05
6,90,43,291,-0.00019447127124294639
6,91,43,375,-4.807326149602886e-06
6,92,43,321,0.0014556839596480131
6,93,43,405,-0.0003990833065472543
6,94,43,314,-0.00013754042447544634
6,95,43,302,-0.00024603609926998615
6,96,43,303,-0.00011672412801999599
6,97,43,304,-0.00012744544073939323
6,98,43,408,-0.00015115347923710942
6,99,43,307,-0.00013884987856727093
6,100,43,320,-0.00016518037591595203
6,101,43,404,2.181266427214723e-05
6,102,43,315,-4.599118619807996e-05
6,103,43,268,-7.769444346195087e-05
6,104,43,271,-0.00035961667890660465
6,105,43,272,-0.0003493143303785473
6,106,43,325,-0.00022718808031640947
6,107,43,319,-0.00014594782260246575
6,108,43,403,-0.0002284706279169768
6,109,43,316,0.00032049970468506217
6,110,43,312,-0.00015457425615750253
6,111,43,311,-0.0002413078473182395
6,112,43,310,-0.0004365392087493092
6,113,43,415,-0.00015835172962397337
6,114,43,308,5.879988020751625e-05
6,115,43,324,-0.00011677689326461405
6,116,43,318,-0.0004226351447869092
6,117,43,402,-0.00030865392182022333
6,118,43,317,0.00502323592081666
7,8,106,182,3.290477252448909e-05
7,9,106,83,-0.00027678909827955067
7,10,106,18,-0.0003927326761186123
7,11,106,200,-3.039400871784892e-05
7,12,106,201,-0.0003410386561881751
7,13,106,194,7.930964056868106e-05
7,14,106,204,-0.0002693145361263305
7,15,106,202,-0.00012329767923802137
7,16,106,212,-0.00038476314512081444
7,17,106,216,6.624703019042499e-06
7,18,106,206,-5.2783343562623486e-05
7,19,106,203,-7.833639392629266e-05
7,20,106,207,-0.00010229564213659614
7,21,106,205,-5.2411702199606225e-05
7,22,106,98,0.00016795986448414624
7,23,106,97,-0.0001362635230179876
7,24,106,393,-0.00022795058612246066
7,25,106,391,-0.00018976278079207987
7,26,106,322,3.702348749357043e-06
7,27,106,410,-1.6727108231862076e-05
7,28,106,287,-0.000296622805763036
7,29,106,273,-9.281596430810168e-05
7,30,106,335,-0.0006680885562673211
7,31,106,406,-0.0004538248176686466
7,32,106,313,-0.0010598134249448776
7,33,106,421,-9.04958687897306e-06
7,34,106,418,-0.00029590734629891813
7,35,106,424,-1.9235798390582204e-05
7,36,106,422,-6.255223070184002e-06
7,37,106,432,-3.507832298055291e-05
7,38,106,436,8.192111272364855e-05
7,39,106,426,0.00012275250628590584
7,40,106,423,-2.208571822848171e-05
7,41,106,427,9.736625361256301e-05
7,42,106,425,-0.00026629120111465454
7,43,106,327,1.0400744031358045e-05
7,44,106,326,-0.0001629871258046478
7,45,106,0,0.0026242383755743504
7,46,106,37,-0.00010267275501973927
7,47,106,39,6.0811649746028706e-05
7,48,106,40,1.4738499885424972e-05
7,49,106,185,0.00026634635287337005
7,50,106,61,-4.492674270295538e-05
7,51,106,146,0.005217183846980333
7,52,106,91,-0.00016323232557624578
7,53,106,181,1.8867101971409284e-05
7,54,106,84,-4.843512942898087e-05
7,55,106,17,0.00330434856005013
7,56,106,11,-9.87194653134793e-05
7,57,106,72,-0.00017193265375681221
7,58,106,73,-4.1224495362257585e-05
7,59,106,74,-2.6543575586401857e-05
7,60,106,184,0.022816592827439308
7,61,106,77,0.00021542016474995762
7,62,106,90,-0.0001111193050746806
7,63,106,180,-3.8770638639107347e-05
7,64,106,85,-0.00027539298753254116
7,65,106,16,0.0017985255690291524
7,66,106,12,0.0003985193616244942
7,67,106,38,-8.993493247544393e-05
7,68,106,41,-0.00011157451081089675
7,69,106,42,6.859853601781651e-05
7,70,106,96,6.636320904362947e-05
7,71,106,89,0.00010733741510193795
7,72,106,179,-4.9189082346856594e-05
7,73,106,86,-0.00022329884814098477
7,74,106,15,-0.0006754905334673822
7,75,106,13,0.003563427831977606
7,76,106,82,-7.237507816171274e-05
7,77,106,81,-2.164622856071219e-05
7,78,106,80,8.062452252488583e-05
7,79,106,191,1.4213924259820487e-05
7,80,106,78,0.010753784328699112
7,81,106,95,-0.00014281197218224406
7,82,106,88,-7.899730553617701e-05
7,83,106,178,-9.612760186428204e-05
7,84,106,87,-0.00037278118543326855
7,85,106,14,-0.003098313929513097
7,86,106,267,0.005338650196790695
7,87,106,269,-1.7165119061246514e-05
7,88,106,270,-6.168687104946002e-05
7,89,106,409,-0.0003132497367914766
7,90,106,291,-9.149695688392967e-05
7,91,106,375,-0.00041647296166047454
7,92,106,321,-0.0005622325115837157
7,93,106,405,-0.00015248626004904509
7,94,106,314,-0.0016628236044198275
7,95,106,302,0.00632861303165555
7,96,106,303,-0.010093995369970798
7,97,106,304,-7.08967781974934e-05
7,98,106,408,6.779828981962055e-05
7,99,106,307,-0.00023924802371766418
7,100,106,320,8.095260454865638e-06
7,101,106,404,-0.00038609671173617244
7,102,106,315,-0.0010849034879356623
7,103,106,268,-0.00024040341668296605
7,104,106,271,-0.00034702380071394145
7,105,106,272,-0.00022228423040360212
7,106,106,325,-0.00029759976314380765
7,107,106,319,-9.946425416273996e-05
7,108,106,403,-0.00019890662224497646
7,109,106,316,-0.0004583541885949671
7,110,106,312,-0.00022544981038663536
7,111,106,311,-0.0003970696998294443
7,112,106,310,-0.00033118948340415955
7,113,106,415,-2.1158357412787154e-05
7,114,106,308,1.6173195035662502e-05
7,115,106,324,-0.00028745425515808165
7,116,106,318,-2.129337372025475e-05
7,117,106,402,-0.0009088327642530203
7,118,106,317,4.790237653651275e-05
8,9,182,83,-1.0628556083247531e-05
8,10,182,18,-0.00047183112474158406
8,11,182,200,-0.0001932653976837173
8,12,182,201,2.590556141512934e-05
8,13,182,194,-0.00016674591461196542
8,14,182,204,4.8415186029160395e-05
8,15,182,202,-0.00031721004052087665
8,16,182,212,-7.430401456076652e-05
8,17,182,216,-0.00018513623217586428
8,18,182,206,0.018339022994041443
8,19,182,203,0.03183003515005112
8,20,182,207,5.896463699173182e-05
8,21,182,205,-3.1421659514307976e-05
8,22,182,98,-0.027164725586771965
8,23,182,97,-2.3183216399047524e-05
8,24,182,393,-0.0004461233038455248
8,25,182,391,-0.00018524019105825573
8,26,182,322,0.00017902780382428318
8,27,182,410,-7.012930836935993e-06
8,28,182,287,0.0001790508977137506
8,29,182,273,-1.7422518794774078e-05
8,30,182,335,-0.00021489689243026078
8,31,182,406,-0.0005837937933392823
8,32,182,313,-0.0003135152510367334
8,33,182,421,-0.00023547490127384663
8,34,182,418,-0.00010373487020842731
8,35,182,424,-3.229761932743713e-05
8,36,182,422,0.00011058837844757363
8,37,182,432,5.828995199408382e-05
8,38,182,436,3.701358218677342e-05
8,39,182,426,-8.740627527004108e-05
8,40,182,423,5.548908666241914e-05
8,41,182,427,0.0001244383747689426
8,42,182,425,-0.00010064332309411839
8,43,182,327,-0.00012840106501244009
8,44,182,326,-5.565349420066923e-05
8,45,182,0,-0.00031978118931874633
8,46,182,37,-1.2225875252624974e-05
8,47,182,39,-0.0002961561258416623
8,48,182,40,-9.16241915547289e-05
8,49,182,185,-0.0001486901455791667
8,50,182,61,0.0002756480243988335
8,51,182,146,-5.678075467585586e-05
8,52,182,91,0.00011673305561998859
8,53,182,181,-0.00025702142738737166
8,54,182,84,-0.00014010877930559218
8,55,182,17,-0.002186106750741601
8,56,182,11,0.0001464540109736845
8,57,182,72,6.525820208480582e-05
8,58,182,73,0.00011456879292381927
8,59,182,74,-7.996423789791152e-08
8,60,182,184,-6.699161167489365e-05
8,61,182,77,-9.290832531405613e-05
8,62,182,90,4.46628691861406e-05
8,63,182,180,-3.904564073309302e-05
8,64,182,85,-0.0008280767942778766
8,65,182,16,0.00013089300773572177
8,66,182,12,0.0017477893270552158
8,67,182,38,1.4082696907280479e-05
8,68,182,41,-7.579283555969596e-05
8,69,182,42,-9.25056156120263e-07
8,70,182,96,7.402049232041463e-05
8,71,182,89,-0.00017316531739197671
8,72,182,179,-3.3720843930495903e-06
8,73,182,86,-0.000718805706128478
8,74,182,15,-7.14434718247503e-05
8,75,182,13,0.004035181365907192
8,76,182,82,3.343738353578374e-05
8,77,182,81,3.821408608928323e-05
8,78,182,80,1.627182064112276e-05
8,79,182,191,0.00015112572873476893
8,80,182,78,0.00021868797193747014
8,81,182,95,-0.00019453070126473904
8,82,182,88,-5.375262844609097e-06
8,83,182,178,-0.00021954496332909912
8,84,182,87,-0.0001254971866728738
8,85,182,14,-0.0015594392316415906
8,86,182,267,0.0017345132073387504
8,87,182,269,-0.00017373009177390486
8,88,182,270,4.145995626458898e-05
8,89,182,409,0.00010058644693344831
8,90,182,291,7.48706006561406e-05
8,91,182,375,-0.00020485077402554452
8,92,182,321,-0.0004275027895346284
8,93,182,405,-3.448172356002033e-05
8,94,182,314,-0.003928561229258776
8,95,182,302,0.003611993044614792
8,96,182,303,-0.00013071608555037528
8,97,182,304,-5.6101420341292396e-05
8,98,182,408,-2.451550608384423e-05
8,99,182,307,-7.403641939163208e-05
8,100,182,320,-8.071346383076161e-05
8,101,182,404,7.435354200424626e-05
8,102,182,315,0.00810691062361002
8,103,182,268,-0.00024467508774250746
8,104,182,271,-0.0002656853466760367
8,105,182,272,3.9395588828483596e-05
8,106,182,325,-0.00010138005018234253
8,107,182,319,-0.0001505206892034039
8,108,182,403,-7.227351306937635e-05
8,109,182,316,-0.0007098859641700983
8,110,182,312,-0.0003449285577517003
8,111,182,311,-0.0002759008202701807
8,112,182,310,-0.0004178564122412354
8,113,182,415,1.905464387164102e-06
8,114,182,308,0.00015403362340293825
8,115,182,324,-0.00013863053754903376
8,116,182,318,-0.0001195456861751154
8,117,182,402,-0.0017237788997590542
8,118,182,317,-0.0013175413478165865
9,10,83,18,-0.0005637439899146557
9,11,83,200,-0.0002540638961363584
9,12,83,201,-0.00013528985437005758
9,13,83,194,7.067827391438186e-05
9,14,83,204,-0.0001237378892255947
9,15,83,202,-0.00013301096623763442
9,16,83,212,-0.00011826367699541152
9,17,83,216,9.581261838320643e-05
9,18,83,206,0.035238876938819885
9,19,83,203,0.043191082775592804
9,20,83,207,0.013457338325679302
9,21,83,205,-0.0003621900104917586
9,22,83,98,0.04524572566151619
9,23,83,97,0.0001419367763446644
9,24,83,393,-0.00022129119315650314
9,25,83,391,0.0001080978981917724
9,26,83,322,0.00019284931477159262
9,27,83,410,0.00016796578711364418
9,28,83,287,-9.74583817878738e-05
9,29,83,273,-1.557789437356405e-05
9,30,83,335,-0.00010937850311165676
9,31,83,406,-0.00046020204899832606
9,32,83,313,-7.538797217421234e-05
9,33,83,421,-0.0003043680335395038
9,34,83,418,-0.00017986481543630362
9,35,83,424,-3.2025996915763244e-05
9,36,83,422,0.00031054593273438513
9,37,83,432,7.798989827279001e-05
9,38,83,436,-4.531649756245315e-05
9,39,83,426,-0.00021164256031624973
9,40,83,423,0.00021773041225969791
9,41,83,427,1.4406420632440131e-05
9,42,83,425,0.00016692532517481595
9,43,83,327,-0.00019375667034182698
9,44,83,326,6.770071922801435e-05
9,45,83,0,-8.339617488672957e-05
9,46,83,37,-0.0002053069620160386
9,47,83,39,2.552964178903494e-05
9,48,83,40,-0.00022468461247626692
9,49,83,185,-3.981967529398389e-05
9,50,83,61,4.728709882328985e-06
9,51,83,146,-0.0004053937445860356
9,52,83,91,-4.5343600504565984e-05
9,53,83,181,0.00022140999499242753
9,54,83,84,-7.549396832473576e-05
9,55,83,17,-0.0005248827510513365
9,56,83,11,5.062183481641114e-05
9,57,83,72,-4.3491368160175625e-06
9,58,83,73,-0.0001300106814596802
9,59,83,74,-0.00022238657402340323
9,60,83,184,-6.973189010750502e-05
9,61,83,77,-0.00020522209524642676
9,62,83,90,-4.860132321482524e-05
9,63,83,180,0.00017099553951993585
9,64,83,85,-0.00015181582421064377
9,65,83,16,-0.0004028184339404106
9,66,83,12,-0.00010318070417270064
9,67,83,38,-2.8332049168966478e-06
9,68,83,41,8.791361324256286e-05
9,69,83,42,-0.00035263190511614084
9,70,83,96,-3.264697079430334e-05
9,71,83,89,-3.709336306201294e-05
9,72,83,179,-9.912582754623145e-06
9,73,83,86,-0.0001396250881953165
9,74,83,15,-0.000717832357622683
9,75,83,13,0.0001140119566116482
9,76,83,82,5.465530921355821e-05
9,77,83,81,-0.00025123244267888367
9,78,83,80,-0.0001564935373608023
9,79,83,191,-0.0001144468187703751
9,80,83,78,3.508389909256948e-06
9,81,83,95,-0.00014493467460852116
9,82,83,88,6.981835758779198e-05
9,83,83,178,1.666285788815003e-05
9,84,83,87,-0.00013984476390760392
9,85,83,14,-3.1977546314010397e-05
9,86,83,267,-8.302382047986612e-05
9,87,83,269,-0.00017745255900081247
9,88,83,270,0.000146931764902547
9,89,83,409,-0.00017104962898883969
9,90,83,291,-3.640582144726068e-05
9,91,83,375,5.827145650982857e-05
9,92,83,321,-3.8891066651558504e-05
9,93,83,405,-0.0005173378740437329
9,94,83,314,-5.3688319894718006e-05
9,95,83,302,-4.1488699935143813e-05
9,96,83,303,-2.0999350454076193e-05
9,97,83,304,-1.7349651670883759e-06
9,98,83,408,-1.2610294106707443e-05
9,99,83,307,-0.0003794570511672646
9,100,83,320,-0.00017256873252335936
9,101,83,404,-0.0003342264681123197
9,102,83,315,-0.00011082108539994806
9,103,83,268,0.00010004547220887616
9,104,83,271,-0.00010545233817538247
9,105,83,272,-0.00010148946603294462
9,106,83,325,-0.0003609822888392955
9,107,83,319,-0.00037452526157721877
9,108,83,403,-0.0005211871466599405
9,109,83,316,-9.50189569266513e-05
9,110,83,312,-1.8547860236139968e-05
9,111,83,311,-0.00027782039251178503
9,112,83,310,-0.00021195353474467993
9,113,83,415,-0.0002980210701934993
9,114,83,308,6.645581015618518e-05
9,115,83,324,6.14938689977862e-05
9,116,83,318,2.676698386494536e-05
9,117,83,402,-0.0001573513145558536
9,118,83,317,-0.00037030273233540356
10,11,18,200,2.092329850711394e-05
10,12,18,201,-0.00010951594595098868
10,13,18,194,-0.0006466573104262352
10,14,18,204,-0.00032651476794853806
10,15,18,202,-3.339552495162934e-05
10,16,18,212,0.00018572527915239334
10,17,18,216,-0.00023933779448270798
10,18,18,206,0.00011036796786356717
10,19,18,203,0.01315909344702959
10,20,18,207,-0.00019125938706565648
10,21,18,205,-0.0002954448282252997
10,22,18,98,0.006083893124014139
10,23,18,97,-0.000320486695272848
10,24,18,393,6.65069137539831e-06
10,25,18,391,-7.675351662328467e-05
10,26,18,322,2.000867243623361e-05
10,27,18,410,-0.0005141940200701356
10,28,18,287,0.0001387439260724932
10,29,18,273,7.735694816801697e-05
10,30,18,335,-9.631297143641859e-05
10,31,18,406,-5.887358929612674e-05
10,32,18,313,9.002324804896489e-05
10,33,18,421,8.22754082037136e-05
10,34,18,418,3.167167233186774e-05
10,35,18,424,0.00020314335415605456
10,36,18,422,0.00011932527559110895
10,37,18,432,-0.00010712583753047511
10,38,18,436,-0.0001303544413531199
10,39,18,426,-0.0002668482484295964
10,40,18,423,-3.435319376876578e-05
10,41,18,427,0.00026217789854854345
10,42,18,425,0.00021008957992307842
10,43,18,327,-0.00012214379967190325
10,44,18,326,-0.0002523632429074496
10,45,18,0,-0.00010707700130296871
10,46,18,37,-0.0004221355193294585
10,47,18,39,-0.0004556554486043751
10,48,18,40,-0.00042033131467178464
10,49,18,185,-4.2856456275330856e-05
10,50,18,61,-0.0001011382119031623
10,51,18,146,-0.00018715889018494636
10,52,18,91,3.344292417750694e-05
10,53,18,181,-0.00010019245382864028
10,54,18,84,-3.202598463758477e-06
10,55,18,17,-0.0001815148862078786
10,56,18,11,8.464549318887293e-05
10,57,18,72,-0.00014815738541074097
10,58,18,73,-0.0007644892320968211
10,59,18,74,-0.0003894566325470805
10,60,18,184,-0.0002949828340206295
10,61,18,77,9.223645611200482e-05
10,62,18,90,-0.00041563986451365054
10,63,18,180,-2.1006275346735492e-05
10,64,18,85,2.2932466890779324e-05
10,65,18,16,-3.4115724702132866e-05
10,66,18,12,-1.2614335901162121e-05
10,67,18,38,-0.0002944668522104621
10,68,18,41,-0.0003445598413236439
10,69,18,42,-0.0004991436726413667
10,70,18,96,0.00021086414926685393
10,71,18,89,-0.00021930506045464426
10,72,18,179,7.974413892952725e-05
10,73,18,86,6.512344407383353e-05
10,74,18,15,9.359622345073149e-05
10,75,18,13,-0.0003675218322314322
10,76,18,82,-0.0003153701836708933
10,77,18,81,-0.0006763552082702518
10,78,18,80,-0.0002667837543413043
10,79,18,191,7.978759822435677e-05
10,80,18,78,3.7966350646456704e-05
10,81,18,95,-3.244127219659276e-05
10,82,18,88,-0.0002079331170534715
10,83,18,178,-9.176696767099202e-05
10,84,18,87,8.046651782933623e-05
10,85,18,14,1.0095283869304694e-05
10,86,18,267,0.0001674245431786403
10,87,18,269,-4.843948408961296e-05
10,88,18,270,-0.00010164063860429451
10,89,18,409,5.8451652876101434e-05
10,90,18,291,8.807433914626017e-05
10,91,18,375,-0.0003169463016092777
10,92,18,321,-0.00041940409573726356
10,93,18,405,-0.011033689603209496
10,94,18,314,-0.03559130057692528
10,95,18,302,0.00024154518905561417
10,96,18,303,0.00022972337319515646
10,97,18,304,0.0001621432020328939
10,98,18,408,-8.955078374128789e-05
10,99,18,307,-0.00022181634267326444
10,100,18,320,-0.00024489068891853094
10,101,18,404,-0.017377592623233795
10,102,18,315,-0.043789081275463104
10,103,18,268,-3.372108767507598e-05
10,104,18,271,-9.205089008901268e-05
10,105,18,272,-2.4816794393700548e-05
10,106,18,325,-0.0005763234221376479
10,107,18,319,-1.6962625295491307e-06
10,108,18,403,-0.00016213174967560917
10,109,18,316,-0.00023653058451600373
10,110,18,312,-5.773241718998179e-05
10,111,18,311,9.881692676572129e-06
10,112,18,310,-8.68199931574054e-05
10,113,18,415,0.00010758299322333187
10,114,18,308,-5.147980118636042e-05
10,115,18,324,-1.3105023754178546e-05
10,116,18,318,-1.924177740875166e-05
10,117,18,402,6.120603939052671e-05
10,118,18,317,-0.0003117522574029863
11,12,200,201,-0.0002049436152447015
11,13,200,194,-0.0008435107883997262
11,14,200,204,6.411726644728333e-06
11,15,200,202,9.517048601992428e-05
11,16,200,212,-0.0001258392003364861
11,17,200,216,-0.00017252859834115952
11,18,200,206,0.04643234238028526
11,19,200,203,0.05914364382624626
11,20,200,207,0.021598396822810173
11,21,200,205,-0.0011118738912045956
11,22,200,98,0.040977176278829575
11,23,200,97,-0.0003815343079622835
11,24,200,393,-6.626878894167021e-05
11,25,200,391,-0.00042951092473231256
11,26,200,322,-0.0004900341737084091
11,27,200,410,-0.0006495112902484834
11,28,200,287,1.6245500944478408e-07
11,29,200,273,-5.453991434478667e-06
11,30,200,335,-0.00015195536252576858
11,31,200,406,-1.210582581734343e-06
11,32,200,313,-2.4769889932940714e-05
11,33,200,421,0.0001452449942007661
11,34,200,418,0.00010262103751301765
11,35,200,424,8.644265471957624e-05
11,36,200,422,-0.0002690099354367703
11,37,200,432,-3.096004729741253e-05
11,38,200,436,-0.0003637595509644598
11,39,200,426,-0.00030658007017336786
11,40,200,423,-0.00011695125431288034
11,41,200,427,0.00014054022904019803
11,42,200,425,0.00014305052172858268
11,43,200,327,6.3118408434093e-05
11,44,200,326,7.258530240505934e-05
11,45,200,0,2.3647287889616564e-05
11,46,200,37,-0.00010803787154145539
11,47,200,39,-0.00041549906018190086
11,48,200,40,-0.0001963691902346909
11,49,200,185,1.8321486550121335e-06
11,50,200,61,-0.00024078701972030103
11,51,200,146,0.00010085007670568302
11,52,200,91,-0.00011806474503828213
11,53,200,181,-4.379436722956598e-05
11,54,200,84,1.7091326299123466e-05
11,55,200,17,-7.45601937524043e-05
11,56,200,11,-2.1572279365500435e-05
11,57,200,72,-0.00024185527581721544
11,58,200,73,-4.207643723930232e-05
11,59,200,74,0.0003569644468370825
11,60,200,184,5.566082472796552e-05
11,61,200,77,4.43486642325297e-05
11,62,200,90,-0.00021808153542224318
11,63,200,180,-6.898414721945301e-05
11,64,200,85,0.00015028181951493025
11,65,200,16,-1.834290560509544e-05
11,66,200,12,4.957306737196632e-05
11,67,200,38,-0.0004645584267564118
11,68,200,41,-0.0002522905124351382
11,69,200,42,-0.00027523309108801186
11,70,200,96,-0.0002515832311473787
11,71,200,89,-0.00015856731624808162
11,72,200,179,-6.814488006057218e-05
11,73,200,86,0.00015750303282402456
11,74,200,15,-1.0529659448366147e-05
11,75,200,13,2.125353603332769e-06
11,76,200,82,2.0238121578586288e-05
11,77,200,81,-4.965636253473349e-05
11,78,200,80,-0.0001857000170275569
11,79,200,191,-0.00015839841216802597
11,80,200,78,-0.00010621046385494992
11,81,200,95,-0.00020273332484066486
11,82,200,88,-0.00021012790966778994
11,83,200,178,-2.5147113774437457e-05
11,84,200,87,9.890837100101635e-05
11,85,200,14,0.00021031519281677902
11,86,200,267,-0.00019758744747377932
11,87,200,269,3.350533006596379e-05
11,88,200,270,-2.287322422489524e-05
11,89,200,409,1.886089376057498e-05
11,90,200,291,-0.0001251806679647416
11,91,200,375,-0.0002272992132930085
11,92,200,321,-0.006853152997791767
11,93,200,405,-0.000515117309987545
11,94,200,314,-0.0001231764763360843
11,95,200,302,2.237617263745051e-05
11,96,200,303,-5.234614945948124e-05
11,97,200,304,-0.0002548956254031509
11,98,200,408,-0.00028213445330038667
11,99,200,307,-0.0004654079966712743
11,100,200,320,-0.01811191625893116
11,101,200,404,-0.00018136123253498226
11,102,200,315,-0.00026092666666954756
11,103,200,268,-1.1844535038108006e-05
11,104,200,271,2.5402954634046182e-05
11,105,200,272,-6.303260306594893e-05
11,106,200,325,-0.00020351444254629314
11,107,200,319,-6.192756700329483e-05
11,108,200,403,-0.0001628364116186276
11,109,200,316,-0.0001526057458249852
11,110,200,312,-4.286291732569225e-05
11,111,200,311,0.0001308355713263154
11,112,200,310,9.658328053774312e-05
11,113,200,415,-7.539938815170899e-05
11,114,200,308,-0.0004447242827154696
11,115,200,324,-5.823100309498841e-06
11,116,200,318,-0.00027151883114129305
11,117,200,402,-0.0003218888596165925
11,118,200,317,-0.0004317175189498812
12,13,201,194,-0.00014035457570571452
12,14,201,204,-0.00011395830370020121
12,15,201,202,-0.00043669386650435627
12,16,201,212,-8.415510092163458e-05
12,17,201,216,-6.80383964208886e-05
12,18,201,206,-0.00196232832968235
12,19,201,203,0.0631987676024437
12,20,201,207,-0.00013953304733149707
12,21,201,205,0.004225980956107378
12,22,201,98,-0.00014623576134908944
12,23,201,97,2.1297641069395468e-05
12,24,201,393,9.323822450824082e-05
12,25,201,391,-0.0001221278216689825
12,26,201,322,5.7449393352726474e-05
12,27,201,410,8.886585419531912e-05
12,28,201,287,3.1509339351032395e-06
12,29,201,273,2.6136194719583727e-06
12,30,201,335,-5.1160350267309695e-05
12,31,201,406,-0.00045307123218663037
12,32,201,313,-9.09780283109285e-05
12,33,201,421,-0.0002289579570060596
12,34,201,418,6.970401955186389e-06
12,35,201,424,-0.00017532968195155263
12,36,201,422,-1.101828911487246e-05
12,37,201,432,5.5790958867873996e-05
12,38,201,436,-3.785588705795817e-05
12,39,201,426,-1.9266521121608093e-05
12,40,201,423,0.00010055102757178247
12,41,201,427,-0.00020300409232731909
12,42,201,425,-0.00012773461639881134
12,43,201,327,1.738109676807653e-05
12,44,201,326,-0.00011001192615367472
12,45,201,0,9.547588706482202e-05
12,46,201,37,-4.976839409209788e-05
12,47,201,39,8.844259718898684e-05
12,48,201,40,-0.00018436386017128825
12,49,201,185,-0.00024593615671619773
12,50,201,61,-7.06485388946021e-06
12,51,201,146,-0.000142761564347893
12,52,201,91,5.695232903235592e-05
12,53,201,181,0.00015046300541143864
12,54,201,84,6.4609048422425985e-06
12,55,201,17,-0.00026600240380503237
12,56,201,11,-9.804753972275648e-06
12,57,201,72,3.062435644096695e-05
12,58,201,73,-6.587804364244221e-06
12,59,201,74,-0.0006436177063733339
12,60,201,184,-0.00020985912124160677
12,61,201,77,-0.00019898406753782183
12,62,201,90,-5.1774917665170506e-05
12,63,201,180,0.00028932373970746994
12,64,201,85,-0.00045616229181177914
12,65,201,16,-0.00029178030672483146
12,66,201,12,2.6820218408829533e-05
12,67,201,38,-0.00014033018669579178
12,68,201,41,-0.00031961966305971146
12,69,201,42,-0.00030780816450715065
12,70,201,96,-0.00013421170297078788
12,71,201,89,-1.490040358476108e-05
12,72,201,179,1.3421998119156342e-05
12,73,201,86,-8.329743286594748e-05
12,74,201,15,8.371637704840396e-06
12,75,201,13,4.175603680778295e-05
12,76,201,82,5.155305188964121e-05
12,77,201,81,5.077102468931116e-05
12,78,201,80,-0.00017110865155700594
12,79,201,191,-0.0003263172984588891
12,80,201,78,-0.00030965032055974007
12,81,201,95,-0.00016342141316272318
12,82,201,88,-3.880140502587892e-05
12,83,201,178,7.286595064215362e-05
12,84,201,87,-0.00024815849610604346
12,85,201,14,-0.02044657990336418
12,86,201,267,0.004877868574112654
12,87,201,269,0.004426850005984306
12,88,201,270,-0.00010544215911068022
12,89,201,409,-0.00013354761176742613
12,90,201,291,0.00010049514094134793
12,91,201,375,-0.014973926357924938
12,92,201,321,-0.0001962916285265237
12,93,201,405,-2.7490819775266573e-05
12,94,201,314,-0.00019601812527980655
12,95,201,302,3.5105276765534654e-06
12,96,201,303,-0.00030715492903254926
12,97,201,304,-4.726263432530686e-05
12,98,201,408,-9.764691640157253e-05
12,99,201,307,-0.000546125287655741
12,100,201,320,-0.009332242421805859
12,101,201,404,-0.0003218750352971256
12,102,201,315,-4.571937824948691e-05
12,103,201,268,2.334732926101424e-06
12,104,201,271,9.698420035419986e-05
12,105,201,272,-1.7921456674230285e-05
12,106,201,325,2.9358454412431456e-05
12,107,201,319,-7.826426008250564e-05
12,108,201,403,-0.0001372875995002687
12,109,201,316,-4.1253191739087924e-05
12,110,201,312,0.00011944078869419172
12,111,201,311,-5.5521555623272434e-05
12,112,201,310,7.210790499811992e-05
12,113,201,415,-0.00015831858036108315
12,114,201,308,-0.00013471030979417264
12,115,201,324,-0.00042670374386943877
12,116,201,318,2.513263325454318e-06
12,117,201,402,-0.0002575250982772559
12,118,201,317,-0.0003207982226740569
13,14,194,204,-0.0002238099550595507
13,15,194,202,-0.0005239140009507537
13,16,194,212,-0.0003533117414917797
13,17,194,216,0.0037659797817468643
13,18,194,206,0.010758147574961185
13,19,194,203,-0.04328633099794388
13,20,194,207,0.0036973513197153807
13,21,194,205,0.04588530212640762
13,22,194,98,-0.016203228384256363
13,23,194,97,8.815666660666466e-05
13,24,194,393,-0.00025375717086717486
13,25,194,391,-0.00022707079187966883
13,26,194,322,5.836569471284747e-06
13,27,194,410,-0.0001319051079917699
13,28,194,287,-6.687630229862407e-05
13,29,194,273,7.697543333051726e-05
13,30,194,335,-0.000307825073832646
13,31,194,406,-0.001298764138482511
13,32,194,313,-6.947992369532585e-05
13,33,194,421,-0.0002581020526122302
13,34,194,418,-0.00038126521394588053
13,35,194,424,6.097162622609176e-05
13,36,194,422,-4.6847471821820363e-05
13,37,194,432,-0.00010810073581524193
13,38,194,436,4.6752589696552604e-05
13,39,194,426,7.969914440764114e-05
13,40,194,423,-9.589361980033573e-06
13,41,194,427,-5.200451778364368e-05
13,42,194,425,-7.060301868477836e-05
13,43,194,327,1.1465817806310952e-05
13,44,194,326,2.2010204702382907e-05
13,45,194,0,6.381785351550207e-05
13,46,194,37,-8.558064291719347e-05
13,47,194,39,-0.0003619462950155139
13,48,194,40,6.06526700721588e-05
13,49,194,185,-7.597710646223277e-05
13,50,194,61,-4.437342795426957e-05
13,51,194,146,-5.8306759456172585e-05
13,52,194,91,4.4723283281200565e-06
13,53,194,181,-8.62435408635065e-05
13,54,194,84,1.1062306839448866e-05
13,55,194,17,-0.0003046230413019657
13,56,194,11,-0.0004253998340573162
13,57,194,72,-0.00011688473750837147
13,58,194,73,-6.720946839777753e-05
13,59,194,74,-6.2510221141565125e-06
13,60,194,184,-0.0002667566295713186
13,61,194,77,6.3463489823334385e-06
13,62,194,90,-1.0139209734916221e-05
13,63,194,180,-0.0001301050215261057
13,64,194,85,-0.000127209146739915
13,65,194,16,3.50825248460751e-05
13,66,194,12,2.300732012372464e-05
13,67,194,38,-0.00025369596551172435
13,68,194,41,0.00022166810231283307
13,69,194,42,5.7935780205298215e-05
13,70,194,96,-0.00010618726082611829
13,71,194,89,-0.00020907724683638662
13,72,194,179,-1.6136353224283084e-05
13,73,194,86,-0.00024102861061692238
13,74,194,15,-0.00024094342370517552
13,75,194,13,-4.508120036916807e-05
13,76,194,82,-0.00029433247982524335
13,77,194,81,0.00022797998099122196
13,78,194,80,-2.9173631332923833e-07
13,79,194,191,6.418033444788307e-05
13,80,194,78,0.00012007622717646882
13,81,194,95,-8.201702257792931e-06
13,82,194,88,0.00012999442697037011
13,83,194,178,6.0880127421114594e-05
13,84,194,87,-0.00027507252525538206
13,85,194,14,-0.07471661269664764
13,86,194,267,4.935095785185695e-05
13,87,194,269,8.354856981895864e-05
13,88,194,270,-0.0004708488122560084
13,89,194,409,-6.998543540248647e-05
13,90,194,291,7.877428288338706e-05
13,91,194,375,7.545039261458442e-05
13,92,194,321,-1.3510297321772669e-05
13,93,194,405,-0.0001213914729305543
13,94,194,314,-0.0009326057625003159
13,95,194,302,7.855355943320319e-05
13,96,194,303,-0.00012248364510014653
13,97,194,304,-0.00015959540905896574
13,98,194,408,-0.00023890900774858892
13,99,194,307,-0.00014967021706979722
13,100,194,320,-0.00011010200250893831
13,101,194,404,-9.369551844429225e-05
13,102,194,315,-0.0015665331156924367
13,103,194,268,0.00016887344827409834
13,104,194,271,0.0001085977564798668
13,105,194,272,-0.0002525111776776612
13,106,194,325,-2.7268901249044575e-05
13,107,194,319,6.950963870622218e-05
13,108,194,403,-0.00018530030502006412
13,109,194,316,-0.001130736549384892
13,110,194,312,-3.258234210079536e-05
13,111,194,311,7.40673640393652e-05
13,112,194,310,-9.037825657287613e-05
13,113,194,415,-0.00010109182767337188
13,114,194,308,-3.811818532994948e-05
13,115,194,324,9.668403072282672e-05
13,116,194,318,-0.00028370445943437517
13,117,194,402,-0.00011634414113359526
13,118,194,317,-0.0001733508106553927
14,15,204,202,-0.00045792220043949783
14,16,204,212,-0.00020753304124809802
14,17,204,216,-0.00048734815209172666
14,18,204,206,-0.037880826741456985
14,19,204,203,-0.01913329027593136
14,20,204,207,0.0001424752117600292
14,21,204,205,0.02437710016965866
14,22,204,98,0.00015445947065018117
14,23,204,97,4.1706978663569316e-05
14,24,204,393,-5.362567026168108e-05
14,25,204,391,-8.626589988125488e-05
14,26,204,322,-0.0003311781620141119
14,27,204,410,-0.0003018988645635545
14,28,204,287,-0.00023436993069481105
14,29,204,273,5.749579941038974e-06
14,30,204,335,-0.0002082168939523399
14,31,204,406,-0.0004950656439177692
14,32,204,313,-0.0008304754155687988
14,33,204,421,0.0001560930541018024
14,34,204,418,-8.812402666080743e-05
14,35,204,424,-0.0001484222593717277
14,36,204,422,-1.1695366083586123e-05
14,37,204,432,0.00013790019147563726
14,38,204,436,-0.00020241565653122962
14,39,204,426,7.980605005286634e-05
14,40,204,423,-8.033141057239845e-05
14,41,204,427,0.00010730887152021751
14,42,204,425,-6.914266577950912e-06
14,43,204,327,-0.0001366363576380536
14,44,204,326,-0.00020775747543666512
14,45,204,0,-8.994073868962005e-05
14,46,204,37,4.423281643539667e-05
14,47,204,39,-2.3934733690111898e-05
14,48,204,40,5.869623782928102e-05
14,49,204,185,4.625204746844247e-05
14,50,204,61,0.00017452034808229655
14,51,204,146,0.00010512009612284601
14,52,204,91,-0.0001190386465168558
14,53,204,181,-0.00035293170367367566
14,54,204,84,-0.00016956195759121329
14,55,204,17,-0.0005377036868594587
14,56,204,11,3.930778257199563e-05
14,57,204,72,-9.262587991543114e-05
14,58,204,73,-0.0001374163548462093
14,59,204,74,0.0001309307262999937
14,60,204,184,-6.651970761595294e-05
14,61,204,77,0.00011131297651445493
14,62,204,90,-6.736702925991267e-05
14,63,204,180,-0.0002602770982775837
14,64,204,85,-0.00027440543635748327
14,65,204,16,-0.00035218021366745234
14,66,204,12,-0.00023645964392926544
14,67,204,38,-0.00010273599036736414
14,68,204,41,-9.116098954109475e-05
14,69,204,42,3.850493158097379e-06
14,70,204,96,-0.00014870957238599658
14,71,204,89,-9.65056024142541e-05
14,72,204,179,-0.00014901890244800597
14,73,204,86,-0.00038223370211198926
14,74,204,15,0.000672563910484314
14,75,204,13,-6.248319550650194e-05
14,76,204,82,-0.00028967339312657714
14,77,204,81,2.1276002371450886e-05
14,78,204,80,-5.2333389248815365e-06
14,79,204,191,-1.6939506167545915e-05
14,80,204,78,-2.6267411158187315e-05
14,81,204,95,-1.7658989236224443e-05
14,82,204,88,2.21752306970302e-05
14,83,204,178,-0.000251221121288836
14,84,204,87,-0.0001465240929974243
14,85,204,14,-0.00016346611664630473
14,86,204,267,2.9888535209465772e-05
14,87,204,269,-0.00031680837855674326
14,88,204,270,-0.0002697365125641227
14,89,204,409,-8.147240805556066e-06
14,90,204,291,-0.00019948372209910303
14,91,204,375,-0.00020562956342473626
14,92,204,321,-0.000234536113566719
14,93,204,405,-0.0005143400048837066
14,94,204,314,-0.00020638928981497884
14,95,204,302,-0.00022312231885734946
14,96,204,303,-0.00046732882037758827
14,97,204,304,-0.00011538089893292636
14,98,204,408,-0.00026394720771349967
14,99,204,307,-6.960151949897408e-05
14,100,204,320,1.8070233636535704e-05
14,101,204,404,-8.22693073132541e-06
14,102,204,315,-0.0002458876697346568
14,103,204,268,-0.00033787856227718294
14,104,204,271,-0.0004542200767900795
14,105,204,272,-0.00030226362287066877
14,106,204,325,-0.00022956162865739316
14,107,204,319,3.1899955502012745e-05
14,108,204,403,-7.141949026845396e-05
14,109,204,316,-0.0006911372765898705
14,110,204,312,-0.00022325199097394943
14,111,204,311,-0.0001596151851117611
14,112,204,310,-9.32339535211213e-05
14,113,204,415,-4.953100869897753e-05
14,114,204,308,4.320518928579986e-05
14,115,204,324,-0.00010772933455882594
14,116,204,318,0.00018415343947708607
14,117,204,402,-5.8866964536719024e-05
14,118,204,317,-0.00027659800252877176
15,16,202,212,-0.0002815774059854448
15,17,202,216,-0.00023072709154803306
15,18,202,206,4.124189945287071e-05
15,19,202,203,1.5886660548858345e-05
15,20,202,207,-0.00012278332724235952
15,21,202,205,-8.211321255657822e-05
15,22,202,98,0.00013168300210963935
15,23,202,97,-0.00010046818351838738
15,24,202,393,5.586196857620962e-05
15,25,202,391,-0.00019197909568902105
15,26,202,322,-3.059187292819843e-05
15,27,202,410,8.695486030774191e-05
15,28,202,287,-0.00019306490139570087
15,29,202,273,-9.62781923590228e-05
15,30,202,335,-0.0001289945503231138
15,31,202,406,8.283409260911867e-05
15,32,202,313,-4.456590977497399e-05
15,33,202,421,-0.0001373240811517462
15,34,202,418,-0.00024184235371649265
15,35,202,424,-0.0003638151683844626
15,36,202,422,-0.0002365239051869139
15,37,202,432,-0.00011027916480088606
15,38,202,436,0.00015954257105477154
15,39,202,426,6.419442797778174e-05
15,40,202,423,-4.634157085092738e-05
15,41,202,427,5.7823839597404e-05
15,42,202,425,0.00010550331353442743
15,43,202,327,-0.00012177276221336797
15,44,202,326,-0.00012985104694962502
15,45,202,0,-0.00017124984879046679
15,46,202,37,4.461891876417212e-05
15,47,202,39,-0.00016120039799716324
15,48,202,40,-0.00021390531037468463
15,49,202,185,5.7626355555839837e-05
15,50,202,61,-0.00022976774198468775
15,51,202,146,-9.733298793435097e-05
15,52,202,91,-0.00018545359489507973
15,53,202,181,-0.00020282965851947665
15,54,202,84,-0.0001477190526202321
15,55,202,17,-0.0004477084439713508
15,56,202,11,-0.0005113090737722814
15,57,202,72,-0.0003685399133246392
15,58,202,73,-7.212131458800286e-05
15,59,202,74,1.2630537639779504e-05
15,60,202,184,1.329483166045975e-05
15,61,202,77,-0.00018483820895198733
15,62,202,90,-0.00014767081302125007
15,63,202,180,-0.00033081453875638545
15,64,202,85,-0.0007012179121375084
15,65,202,16,-0.00019735678506549448
15,66,202,12,-0.00016854543355293572
15,67,202,38,-0.00026798664475791156
15,68,202,41,-4.333898687036708e-05
15,69,202,42,-9.117864101426676e-05
15,70,202,96,1.5514762708335184e-05
15,71,202,89,-8.441672252956778e-05
15,72,202,179,-0.00025350466603413224
15,73,202,86,-0.00043631732114590704
15,74,202,15,-0.0008710193214938045
15,75,202,13,-0.00034802843583747745
15,76,202,82,-0.0006748869200237095
15,77,202,81,-0.00023699943267274648
15,78,202,80,0.000150461244629696
15,79,202,191,-6.564093200722709e-05
15,80,202,78,9.99836265691556e-05
15,81,202,95,-0.00031949777621775866
15,82,202,88,-6.6881507336802315e-06
15,83,202,178,-0.0002769752172753215
15,84,202,87,-0.0001541284582344815
15,85,202,14,-0.0003332029446028173
15,86,202,267,-2.6992744096787646e-05
15,87,202,269,-6.431392830563709e-05
15,88,202,270,-7.437335443682969e-05
15,89,202,409,-0.00019749731291085482
15,90,202,291,0.000114049093099311
15,91,202,375,-0.0003245701373089105
15,92,202,321,-0.0008577040280215442
15,93,202,405,-0.00018128930241800845
15,94,202,314,-0.0009245023829862475
15,95,202,302,-0.00022442438057623804
15,96,202,303,0.00018243385420646518
15,97,202,304,-0.00015517554129473865
15,98,202,408,-0.00017560816195327789
15,99,202,307,-0.0008362563676200807
15,100,202,320,-0.00035958897206000984
15,101,202,404,-0.00045230655814521015
15,102,202,315,-0.00017647678032517433
15,103,202,268,-0.00023267728101927787
15,104,202,271,0.0001255696261068806
15,105,202,272,-0.0002683765487745404
15,106,202,325,-0.000420879281591624
15,107,202,319,-0.0008493043715134263
15,108,202,403,-0.00018771601025946438
15,109,202,316,-0.0007383686606772244
15,110,202,312,-0.0003999664622824639
15,111,202,311,-0.0003678235225379467
15,112,202,310,-0.0001851732231443748
15,113,202,415,-4.83885123685468e-05
15,114,202,308,0.0037508560344576836
15,115,202,324,-0.0002737208269536495
15,116,202,318,-0.00020268904336262494
15,117,202,402,-8.807569247437641e-05
15,118,202,317,-1.8805712898029014e-05
16,17,212,216,4.234946572978515e-06
16,18,212,206,2.828233618856757e-06
16,19,212,203,-2.7415129807195626e-05
16,20,212,207,-2.637224315549247e-05
16,21,212,205,-0.00020677526481449604
16,22,212,98,4.657409590436146e-05
16,23,212,97,9.724086567075574e-07
16,24,212,393,-9.413042425876483e-05
16,25,212,391,-0.00027742728707380593
16,26,212,322,0.007239165250211954
16,27,212,410,-0.001457176054827869
16,28,212,287,0.0026437954511493444
16,29,212,273,-0.0032542303670197725
16,30,212,335,-0.000392849906347692
16,31,212,406,0.00021752217435277998
16,32,212,313,-0.00014385752729140222
16,33,212,421,-0.00016754672105889767
16,34,212,418,-0.0003615150635596365
16,35,212,424,-0.00011650079977698624
16,36,212,422,-0.0024303896352648735
16,37,212,432,0.0001448438997613266
16,38,212,436,-0.00021856086095795035
16,39,212,426,-0.001702199224382639
16,40,212,423,-0.0004809478123206645
16,41,212,427,-0.00022598975920118392
16,42,212,425,-0.0002680850448086858
16,43,212,327,-5.261325713945553e-05
16,44,212,326,-0.000494041945785284
16,45,212,0,-0.0006152917630970478
16,46,212,37,-0.00048281767521984875
16,47,212,39,-3.9903894503368065e-05
16,48,212,40,0.00017775998276192695
16,49,212,185,5.8922654716297984e-05
16,50,212,61,0.002842671237885952
16,51,212,146,0.018659815192222595
16,52,212,91,-6.593398575205356e-05
16,53,212,181,-0.0001950477308128029
16,54,212,84,-0.00018256572366226465
16,55,212,17,-0.00015408590843435377
16,56,212,11,-0.00043631225707940757
16,57,212,72,-0.00021471723448485136
16,58,212,73,-0.00010305518662789837
16,59,212,74,0.00014340617053676397
16,60,212,184,2.944434709206689e-05
16,61,212,77,0.030218670144677162
16,62,212,90,3.216651748516597e-05
16,63,212,180,-6.714781920891255e-05
16,64,212,85,-0.0002575565886218101
16,65,212,16,-8.018837252166122e-05
16,66,212,12,-0.0002358475176151842
16,67,212,38,-0.00028200517408549786
16,68,212,41,9.314442286267877e-05
16,69,212,42,0.00022849459492135793
16,70,212,96,-0.00012890515790786594
16,71,212,89,-0.00027461154968477786
16,72,212,179,-4.81597198813688e-05
16,73,212,86,-8.939584949985147e-05
16,74,212,15,-8.034484926611185e-05
16,75,212,13,-4.760265801451169e-05
16,76,212,82,-0.0007214201614260674
16,77,212,81,-0.00013046413369011134
16,78,212,80,2.7457926989882253e-05
16,79,212,191,-0.00013740376743953675
16,80,212,78,-0.0002861127140931785
16,81,212,95,-0.0002318658953299746
16,82,212,88,-0.00013796395796816796
16,83,212,178,-2.7853549909195863e-05
16,84,212,87,-0.00015066585910972208
16,85,212,14,-6.549360841745511e-05
16,86,212,267,-0.00011359108611941338
16,87,212,269,-5.451580727822147e-05
16,88,212,270,-0.00023636070545762777
16,89,212,409,-0.00024446824681945145
16,90,212,291,-0.00015163415810093284
16,91,212,375,-0.0011126394383609295
16,92,212,321,-0.00021557047148235142
16,93,212,405,7.80146656325087e-05
16,94,212,314,-0.0002783080271910876
16,95,212,302,-0.00010351003584219143
16,96,212,303,-0.00016019200847949833
16,97,212,304,-2.8888902306789532e-05
16,98,212,408,-0.0003906134224962443
16,99,212,307,-0.001403439906425774
16,100,212,320,-0.0008109660120680928
16,101,212,404,6.44456158624962e-05
16,102,212,315,0.0001867781684268266
16,103,212,268,-0.000445733341621235
16,104,212,271,7.835214091755915e-06
16,105,212,272,-4.1287505155196413e-05
16,106,212,325,-0.0006340868421830237
16,107,212,319,-0.0013604209525510669
16,108,212,403,-0.0009086696663871408
16,109,212,316,-0.001116109313443303
16,110,212,312,-7.459319022018462e-05
16,111,212,311,-0.00016419087478425354
16,112,212,310,-0.0002611036761663854
16,113,212,415,-0.0004139377851970494
16,114,212,308,-0.00021449381893035024
16,115,212,324,-0.00045847304863855243
16,116,212,318,-0.0006510659586638212
16,117,212,402,-0.001341306371614337
16,118,212,317,-0.0004880734486505389
17,18,216,206,4.728699059342034e-05
17,19,216,203,-0.00015483000606764108
17,20,216,207,-0.0003388003970030695
17,21,216,205,-9.348228923045099e-05
17,22,216,98,-6.369705806719139e-05
17,23,216,97,-0.00023241853341460228
17,24,216,393,-0.0014949835604056716
17,25,216,391,0.024971093982458115
17,26,216,322,0.045676782727241516
17,27,216,410,0.020232170820236206
17,28,216,287,0.020573506131768227
17,29,216,273,-0.0002995864488184452
17,30,216,335,-0.000143057870445773
17,31,216,406,-9.766589937498793e-05
17,32,216,313,-0.0004191472544334829
17,33,216,421,-0.00038882874650880694
17,34,216,418,-0.0006485048215836287
17,35,216,424,0.03683105856180191
17,36,216,422,0.01684398762881756
17,37,216,432,0.004767979495227337
17,38,216,436,0.012960042804479599
17,39,216,426,0.041400689631700516
17,40,216,423,-0.00017114123329520226
17,41,216,427,0.03709486126899719
17,42,216,425,0.028890477493405342
17,43,216,327,-0.0008948325412347913
17,44,216,326,0.02271118387579918
17,45,216,0,-0.00027639814652502537
17,46,216,37,-0.00029392485157586634
17,47,216,39,-0.0005928786704316735
17,48,216,40,-0.0006699658697471023
17,49,216,185,0.002339515369385481
17,50,216,61,0.025245146825909615
17,51,216,146,0.0073195574805140495
17,52,216,91,-0.00011984423326794058
17,53,216,181,-0.0002854110498446971
17,54,216,84,-0.0003284956328570843
17,55,216,17,-0.00018056127009913325
17,56,216,11,-0.0005528812762349844
17,57,216,72,-0.0004965299740433693
17,58,216,73,0.009989026002585888
17,59,216,74,0.014192490838468075
17,60,216,184,0.039991602301597595
17,61,216,77,0.0036706968676298857
17,62,216,90,-8.249894744949415e-05
17,63,216,180,-0.00046912371180951595
17,64,216,85,-0.0002559269778430462
17,65,216,16,-0.0001384836941724643
17,66,216,12,-0.0003175766905769706
17,67,216,38,-0.00018291528976988047
17,68,216,41,-0.00016505896928720176
17,69,216,42,0.00014956785889808089
17,70,216,96,-0.0003076987050008029
17,71,216,89,-0.00029599235858768225
17,72,216,179,-0.00017176267283502966
17,73,216,86,-0.0004704228776972741
17,74,216,15,0.0001110704688471742
17,75,216,13,-0.00026507829898037016
17,76,216,82,-0.00038418834446929395
17,77,216,81,-0.0004149454762227833
17,78,216,80,-0.0002218451554654166
17,79,216,191,0.03025490790605545
17,80,216,78,0.02600780501961708
17,81,216,95,-0.000939803896471858
17,82,216,88,-0.00011006938439095393
17,83,216,178,-9.492667595623061e-05
17,84,216,87,-0.0005901453550904989
17,85,216,14,-1.7124791611422552e-06
17,86,216,267,-0.0005136539693921804
17,87,216,269,0.00010313402162864804
17,88,216,270,-5.066733865533024e-05
17,89,216,409,-2.4166181901819073e-05
17,90,216,291,0.00012741200043819845
17,91,216,375,-0.0010034447768703103
17,92,216,321,-0.00021379231475293636
17,93,216,405,-5.2044175390619785e-05
17,94,216,314,-0.00023215654073283076
17,95,216,302,-0.00046992095303721726
17,96,216,303,0.00017137429676949978
17,97,216,304,-0.0001295275433221832
17,98,216,408,-0.000651196634862572
17,99,216,307,-0.0002408829313935712
17,100,216,320,-0.0013741342118009925
17,101,216,404,2.102456710417755e-05
17,102,216,315,-0.00015283454558812082
17,103,216,268,-0.0003315826179459691
17,104,216,271,-0.00012990168761461973
17,105,216,272,-0.00037487203371711075
17,106,216,325,-0.00018786833970807493
17,107,216,319,-0.001071618520654738
17,108,216,403,-0.0004658611142076552
17,109,216,316,-0.00013302132720127702
17,110,216,312,-0.0008462719852104783
17,111,216,311,-0.0004106205014977604
17,112,216,310,0.009263827465474606
17,113,216,415,-0.00021898321574553847
17,114,216,308,-0.00045541697181761265
17,115,216,324,0.004232512321323156
17,116,216,318,-0.0007967939018271863
17,117,216,402,-0.0005060068215243518
17,118,216,317,-0.0006991443806327879
18,19,206,203,-0.00018233316950500011
18,20,206,207,-0.0005175423575565219
18,21,206,205,-7.857765012886375e-06
18,22,206,98,2.6104382413905114e-05
18,23,206,97,-0.0003559451433829963
18,24,206,393,-0.0005066495505161583
18,25,206,391,-0.0001582617114763707
18,26,206,322,0.04364921897649765
18,27,206,410,0.0548364482820034
18,28,206,287,0.04082826152443886
18,29,206,273,0.061972104012966156
18,30,206,335,0.059229493141174316
18,31,206,406,0.008845653384923935
18,32,206,313,-0.0001815297728171572
18,33,206,421,0.0159843061119318
18,34,206,418,0.04269582778215408
18,35,206,424,0.06442440301179886
18,36,206,422,0.05530967190861702
18,37,206,432,0.05187239497900009
18,38,206,436,0.03852604702115059
18,39,206,426,0.019017664715647697
18,40,206,423,-0.00036971416557207704
18,41,206,427,0.04168475419282913
18,42,206,425,0.014254066161811352
18,43,206,327,-0.0002606008492875844
18,44,206,326,-0.0005465841968543828
18,45,206,0,-0.0006868451600894332
18,46,206,37,-0.00020286931248847395
18,47,206,39,-0.00042967338231392205
18,48,206,40,-0.0005738947074860334
18,49,206,185,0.046528853476047516
18,50,206,61,0.06219654902815819
18,51,206,146,0.046803854405879974
18,52,206,91,0.052848175168037415
18,53,206,181,0.03785635903477669
18,54,206,84,-0.0016449199756607413
18,55,206,17,4.729513238999061e-05
18,56,206,11,-0.00035826582461595535
18,57,206,72,0.006154009141027927
18,58,206,73,-0.00010337901039747521
18,59,206,74,-0.00015690764121245593
18,60,206,184,0.040335480123758316
18,61,206,77,0.07468138635158539
18,62,206,90,0.027437973767518997
18,63,206,180,-6.28164125373587e-05
18,64,206,85,-3.258894867030904e-05
18,65,206,16,-8.01103378762491e-05
18,66,206,12,0.024622755125164986
18,67,206,38,0.011260244064033031
18,68,206,41,0.02658269926905632
18,69,206,42,0.041288841515779495
18,70,206,96,0.06381772458553314
18,71,206,89,0.0017015133053064346
18,72,206,179,-0.00025873244157992303
18,73,206,86,-0.00039016379741951823
18,74,206,15,-0.00027879138360731304
18,75,206,13,0.0013932675356045365
18,76,206,82,0.014967435970902443
18,77,206,81,0.026062950491905212
18,78,206,80,0.03759730979800224
18,79,206,191,0.05864693224430084
18,80,206,78,0.06793827563524246
18,81,206,95,0.05535583943128586
18,82,206,88,-8.58024213812314e-05
18,83,206,178,-0.00012922567839268595
18,84,206,87,-0.0003011138178408146
18,85,206,14,-0.0005092816427350044
18,86,206,267,-0.00039500370621681213
18,87,206,269,-0.000232751524890773
18,88,206,270,-0.00025663644191809
18,89,206,409,-4.8624886403558776e-05
18,90,206,291,-0.00015290726150851697
18,91,206,375,-0.0007856435840949416
18,92,206,321,-0.0013859750470146537
18,93,206,405,0.0002830332377925515
18,94,206,314,-0.0002312896103831008
18,95,206,302,-3.744825880858116e-05
18,96,206,303,-0.00031759985722601414
18,97,206,304,8.171516128641088e-06
18,98,206,408,-0.00017406707047484815
18,99,206,307,-0.00038654255331493914
18,100,206,320,-0.0003145587397739291
18,101,206,404,-0.0014727768721058965
18,102,206,315,-2.1401128833531402e-05
18,103,206,268,-0.0003035339177586138
18,104,206,271,-4.319955041864887e-05
18,105,206,272,-0.0004959753714501858
18,106,206,325,-0.0003378093824721873
18,107,206,319,-0.0010689416667446494
18,108,206,403,-9.929484076565132e-05
18,109,206,316,-0.0010505119571462274
18,110,206,312,-0.00038882673834450543
18,111,206,311,-0.0002911111223511398
18,112,206,310,-0.0004326676717028022
18,113,206,415,-0.0008852016762830317
18,114,206,308,-0.00038276673876680434
18,115,206,324,-0.000361218728357926
18,116,206,318,-0.00015848672774154693
18,117,206,402,-0.00017386366380378604
18,118,206,317,-0.00018794284551404417
19,20,203,207,-1.0467057109053712e-05
19,21,203,205,-0.000275747268460691
19,22,203,98,-3.171297794324346e-05
19,23,203,97,-0.00010423049388919026
19,24,203,393,-9.431516082258895e-05
19,25,203,391,-0.0004828531527891755
19,26,203,322,0.03349827975034714
19,27,203,410,0.04756970703601837
19,28,203,287,0.05168229714035988
19,29,203,273,0.05445960909128189
19,30,203,335,0.06293309479951859
19,31,203,406,0.03209805116057396
19,32,203,313,-0.0003650143335107714
19,33,203,421,0.011320537887513638
19,34,203,418,0.01396152749657631
19,35,203,424,0.058953139930963516
19,36,203,422,0.05448894202709198
19,37,203,432,0.047466084361076355
19,38,203,436,0.04594779014587402
19,39,203,426,0.02721431665122509
19,40,203,423,-0.0005980692221783102
19,41,203,427,0.025695141404867172
19,42,203,425,-0.0008933255448937416
19,43,203,327,-0.00013576901983469725
19,44,203,326,-0.00021018531697336584
19,45,203,0,-0.0006081383908167481
19,46,203,37,-0.0004050178686156869
19,47,203,39,0.009362236596643925
19,48,203,40,0.06055097654461861
19,49,203,185,-0.0278024785220623
19,50,203,61,-0.010627763345837593
19,51,203,146,-6.273437611525878e-05
19,52,203,91,0.035629574209451675
19,53,203,181,0.01490489300340414
19,54,203,84,-0.0013725545722991228
19,55,203,17,-0.0003653803141787648
19,56,203,11,-0.000930176058318466
19,57,203,72,-0.0005048075108788908
19,58,203,73,0.011036195792257786
19,59,203,74,0.03776220604777336
19,60,203,184,-8.633777179056779e-05
19,61,203,77,-1.2612228601938114e-05
19,62,203,90,0.03624338656663895
19,63,203,180,0.005987980868667364
19,64,203,85,-0.0002466484147589654
19,65,203,16,-0.00030574522679671645
19,66,203,12,-0.0012347479350864887
19,67,203,38,-6.016447878209874e-05
19,68,203,41,0.014926237985491753
19,69,203,42,0.04950810968875885
19,70,203,96,0.03093436360359192
19,71,203,89,0.018253326416015625
19,72,203,179,-0.00042474697693251073
19,73,203,86,-0.000123724908917211
19,74,203,15,-0.0009713570470921695
19,75,203,13,-0.002057078294456005
19,76,203,82,0.007632580120116472
19,77,203,81,0.02242419682443142
19,78,203,80,0.032977424561977386
19,79,203,191,0.06212543323636055
19,80,203,78,-0.0002722100471146405
19,81,203,95,0.031169509515166283
19,82,203,88,0.018442809581756592
19,83,203,178,-0.00018530803208705038
19,84,203,87,-8.939619874581695e-05
19,85,203,14,-0.0008993094088509679
19,86,203,267,-0.0002966983010992408
19,87,203,269,-0.0005824070540256798
19,88,203,270,3.826859392574988e-05
19,89,203,409,-0.00031119780032895505
19,90,203,291,-0.0001553665060782805
19,91,203,375,6.232601299416274e-05
19,92,203,321,-0.0001980137312784791
19,93,203,405,-0.0006735528004355729
19,94,203,314,-2.1866067982045934e-05
19,95,203,302,-0.000405251223128289
19,96,203,303,-7.478227780666202e-05
19,97,203,304,-0.0003348431782796979
19,98,203,408,0.00015378282114397734
19,99,203,307,-0.00010072733130073175
19,100,203,320,-0.0002516529057174921
19,101,203,404,-0.0009822583524510264
19,102,203,315,-0.0008654941921122372
19,103,203,268,-0.00032290263334289193
19,104,203,271,-0.0002785579126793891
19,105,203,272,-0.00021725126134697348
19,106,203,325,8.538970723748207e-05
19,107,203,319,-0.0006216138717718422
19,108,203,403,-0.0005939173861406744
19,109,203,316,-0.0004868611868005246
19,110,203,312,-0.0003874263202305883
19,111,203,311,-4.567533778754296e-06
19,112,203,310,2.8009535526507534e-05
19,113,203,415,-0.00022639836242888123
19,114,203,308,-0.0009921654127538204
19,115,203,324,-0.000483554758829996
19,116,203,318,-0.00038818776374682784
19,117,203,402,0.00015730899758636951
19,118,203,317,-0.0005042735720053315
20,21,207,205,5.940417759120464e-05
20,22,207,98,-0.00014877879584673792
20,23,207,97,9.088870865525678e-05
20,24,207,393,0.03820090740919113
20,25,207,391,0.029749518260359764
20,26,207,322,0.008957194164395332
20,27,207,410,0.04719054326415062
20,28,207,287,0.06725488603115082
20,29,207,273,0.032072048634290695
20,30,207,335,-0.00025468377862125635
20,31,207,406,-0.0006285508861765265
20,32,207,313,-0.0005237324512563646
20,33,207,421,0.006174021866172552
20,34,207,418,-0.00042813827167265117
20,35,207,424,-0.0003279675729572773
20,36,207,422,0.05602341890335083
20,37,207,432,0.051651760935783386
20,38,207,436,0.034195318818092346
20,39,207,426,0.05081415921449661
20,40,207,423,0.024479424580931664
20,41,207,427,0.041371993720531464
20,42,207,425,-0.0017034144839271903
20,43,207,327,0.0547855980694294
20,44,207,326,0.03973477706313133
20,45,207,0,-0.0002888738235924393
20,46,207,37,-6.548514647874981e-05
20,47,207,39,0.03749912232160568
20,48,207,40,0.05290399119257927
20,49,207,185,0.0614202506840229
20,50,207,61,0.049125202000141144
20,51,207,146,0.06753556430339813
20,52,207,91,0.03473048284649849
20,53,207,181,-0.0002321135252714157
20,54,207,84,-0.0006487477221526206
20,55,207,17,-0.0005245318752713501
20,56,207,11,-0.0001751388917909935
20,57,207,72,-0.00019661719852592796
20,58,207,73,-0.0001356659340672195
20,59,207,74,0.06582339107990265
20,60,207,184,0.04694143310189247
20,61,207,77,0.06021936982870102
20,62,207,90,0.054639097303152084
20,63,207,180,-0.0005094781517982483
20,64,207,85,-0.0001811751862987876
20,65,207,16,-0.0003861506993416697
20,66,207,12,-0.00013606491847895086
20,67,207,38,-0.00026950714527629316
20,68,207,41,0.029652994126081467
20,69,207,42,2.0708337615360506e-05
20,70,207,96,0.013604797422885895
20,71,207,89,-3.452235978329554e-05
20,72,207,179,-0.00047222929424606264
20,73,207,86,0.00010822025797097012
20,74,207,15,-0.0003197749028913677
20,75,207,13,-0.00032575949444435537
20,76,207,82,-0.00012329391029197723
20,77,207,81,0.03429468721151352
20,78,207,80,4.217323294142261e-05
20,79,207,191,0.016199780628085136
20,80,207,78,0.014036687090992928
20,81,207,95,0.06259486079216003
20,82,207,88,-0.000606758811045438
20,83,207,178,-0.0004600549291353673
20,84,207,87,-0.0003603193908929825
20,85,207,14,-0.0002957593242172152
20,86,207,267,-0.0004538989160209894
20,87,207,269,9.578062599757686e-05
20,88,207,270,-0.00021178039605729282
20,89,207,409,0.000510913145262748
20,90,207,291,-7.173691847128794e-05
20,91,207,375,0.0006717218202538788
20,92,207,321,-0.0005161748849786818
20,93,207,405,-0.0005969874910078943
20,94,207,314,-0.00027465407038107514
20,95,207,302,-0.00011968472972512245
20,96,207,303,5.2196970500517637e-05
20,97,207,304,-0.00014930247562006116
20,98,207,408,0.00034617455094121397
20,99,207,307,-0.00016108850832097232
20,100,207,320,-0.0006189042469486594
20,101,207,404,-0.00047759016160853207
20,102,207,315,-0.0003804592415690422
20,103,207,268,-0.0005239574238657951
20,104,207,271,1.845833867264446e-05
20,105,207,272,-0.00025668417220003903
20,106,207,325,0.007898463867604733
20,107,207,319,0.00018595346773508936
20,108,207,403,-0.0002223038609372452
20,109,207,316,-0.0003806681779678911
20,110,207,312,-0.0002151650987798348
20,111,207,311,-0.0001866797829279676
20,112,207,310,0.04792121425271034
20,113,207,415,0.030056603252887726
20,114,207,308,0.006762297824025154
20,115,207,324,0.00948495976626873
20,116,207,318,0.0030675134621560574
20,117,207,402,-0.0002831536694429815
20,118,207,317,-0.0005972448852844536
21,22,205,98,-0.00045774635509587824
21,23,205,97,-0.0001611297338968143
21,24,205,393,0.05600813403725624
21,25,205,391,0.0456567108631134
21,26,205,322,0.06358244270086288
21,27,205,410,0.0502278096973896
21,28,205,287,0.0690617635846138
21,29,205,273,0.06016261503100395
21,30,205,335,0.010769746266305447
21,31,205,406,-0.0005519809783436358
21,32,205,313,-0.000687632302287966
21,33,205,421,-0.003018556395545602
21,34,205,418,-0.0002913858916144818
21,35,205,424,-2.0220693841110915e-05
21,36,205,422,0.050862547010183334
21,37,205,432,0.05747520551085472
21,38,205,436,0.035334713757038116
21,39,205,426,0.05739583075046539
21,40,205,423,0.034113697707653046
21,41,205,427,0.0540357381105423
21,42,205,425,0.049118492752313614
21,43,205,327,0.019868019968271255
21,44,205,326,0.05100575089454651
21,45,205,0,-0.0009324671700596809
21,46,205,37,-5.301605779095553e-05
21,47,205,39,-0.0002316696336492896
21,48,205,40,0.034764695912599564
21,49,205,185,0.06744938343763351
21,50,205,61,0.016208678483963013
21,51,205,146,0.0512896291911602
21,52,205,91,0.0329715795814991
21,53,205,181,0.009783955290913582
21,54,205,84,-0.00017642245802562684
21,55,205,17,-2.242811387986876e-05
21,56,205,11,-0.0019437021110206842
21,57,205,72,-3.2508905860595405e-05
21,58,205,73,-6.674239557469264e-05
21,59,205,74,0.00035200981074012816
21,60,205,184,0.01697125844657421
21,61,205,77,0.05014002323150635
21,62,205,90,0.020200302824378014
21,63,205,180,-0.0003129732212983072
21,64,205,85,-0.00011190519580850378
21,65,205,16,-0.0001150141833932139
21,66,205,12,-0.0021093874238431454
21,67,205,38,-0.000466513738501817
21,68,205,41,-0.0005084984004497528
21,69,205,42,0.00016802604659460485
21,70,205,96,0.03886304423213005
21,71,205,89,7.386348443105817e-05
21,72,205,179,-0.00032374291913583875
21,73,205,86,-1.5787305528647266e-05
21,74,205,15,-5.4540661949431524e-05
21,75,205,13,-0.002234232611954212
21,76,205,82,-0.0003916427376680076
21,77,205,81,0.0003198336926288903
21,78,205,80,0.0036897235549986362
21,79,205,191,-0.000741107331123203
21,80,205,78,0.014218658208847046
21,81,205,95,0.040686823427677155
21,82,205,88,-4.8011897888500243e-05
21,83,205,178,-0.00011098932736786082
21,84,205,87,-0.00018282323435414582
21,85,205,14,-9.858339035417885e-05
21,86,205,267,-0.00015255379548761994
21,87,205,269,2.899431092373561e-05
21,88,205,270,8.393231109948829e-05
21,89,205,409,-0.00024524363107047975
21,90,205,291,3.8314815355988685e-06
21,91,205,375,-0.00312373461201787
21,92,205,321,-0.0002009308518609032
21,93,205,405,-9.404101001564413e-05
21,94,205,314,-0.0002322919899597764
21,95,205,302,-0.00016931339632719755
21,96,205,303,0.0004662343126256019
21,97,205,304,3.658172136056237e-05
21,98,205,408,-0.00010735615069279447
21,99,205,307,0.03413018211722374
21,100,205,320,-0.0001425434893462807
21,101,205,404,-0.0003807060420513153
21,102,205,315,-0.00013243212015368044
21,103,205,268,-0.0002116076648235321
21,104,205,271,-0.00023321407206822187
21,105,205,272,-0.00013719656271860003
21,106,205,325,-0.0018525568302720785
21,107,205,319,-0.0006886836490593851
21,108,205,403,-7.596933573950082e-05
21,109,205,316,-7.963014650158584e-05
21,110,205,312,-0.0003158778417855501
21,111,205,311,-0.0002711680135689676
21,112,205,310,0.007278091739863157
21,113,205,415,0.03923831880092621
21,114,205,308,0.0245199017226696
21,115,205,324,-0.0005414682673290372
21,116,205,318,-0.0003594325389713049
21,117,205,402,-0.0006145623046904802
21,118,205,317,5.06009891978465e-05
22,23,98,97,-0.00011374158930266276
22,24,98,393,-0.00048487732419744134
22,25,98,391,-7.786171772750095e-05
22,26,98,322,0.006404080428183079
22,27,98,410,0.03456304967403412
22,28,98,287,0.02250947244465351
22,29,98,273,0.03592749685049057
22,30,98,335,0.03539130091667175
22,31,98,406,0.03406407684087753
22,32,98,313,-0.001302275457419455
22,33,98,421,0.009875127114355564
22,34,98,418,0.02703370712697506
22,35,98,424,0.04596078768372536
22,36,98,422,0.025942610576748848
22,37,98,432,0.037374868988990784
22,38,98,436,0.016701815649867058
22,39,98,426,0.029781728982925415
22,40,98,423,2.7747522835852578e-05
22,41,98,427,-0.00021359948732424527
22,42,98,425,-3.1723015126772225e-05
22,43,98,327,6.302034762484254e-06
22,44,98,326,-0.00015231358702294528
22,45,98,0,-7.438214379362762e-05
22,46,98,37,-0.00023869371216278523
22,47,98,39,-0.023046059533953667
22,48,98,40,-0.008288677781820297
22,49,98,185,-0.02514171041548252
22,50,98,61,-0.05115396901965141
22,51,98,146,-0.023443106561899185
22,52,98,91,-5.794544631498866e-05
22,53,98,181,0.00024158113228622824
22,54,98,84,-0.0006658704369328916
22,55,98,17,-0.0015568353701382875
22,56,98,11,-0.00024282324011437595
22,57,98,72,-0.0002708503161557019
22,58,98,73,-0.00011128775804536417
22,59,98,74,-0.01632109470665455
22,60,98,184,-0.038896337151527405
22,61,98,77,-0.021342836320400238
22,62,98,90,-0.00011389997962396592
22,63,98,180,-9.011931979330257e-05
22,64,98,85,-0.00025208096485584974
22,65,98,16,-0.001125440699979663
22,66,98,12,-0.00014012547035235912
22,67,98,38,-0.0002368692512391135
22,68,98,41,-0.00016074892482720315
22,69,98,42,0.0002596608246676624
22,70,98,96,-0.046714842319488525
22,71,98,89,-4.5614859118359163e-05
22,72,98,179,-0.00015056991833262146
22,73,98,86,-0.00023890130978543311
22,74,98,15,-0.00102095992770046
22,75,98,13,-0.0007405228679999709
22,76,98,82,-0.00026194582460448146
22,77,98,81,0.01562701351940632
22,78,98,80,-0.0002259791363030672
22,79,98,191,-0.014454450458288193
22,80,98,78,-0.046301115304231644
22,81,98,95,-0.0011137282708659768
22,82,98,88,-3.29103168041911e-05
22,83,98,178,-0.0003548728709574789
22,84,98,87,-0.0001379739842377603
22,85,98,14,-0.00042953298543579876
22,86,98,267,-0.00014485642896033823
22,87,98,269,-0.00012493011308833957
22,88,98,270,-8.067685121204704e-05
22,89,98,409,-6.395460513886064e-05
22,90,98,291,-0.0005814137984998524
22,91,98,375,3.9815993659431115e-05
22,92,98,321,-0.00022208041627891362
22,93,98,405,-2.3274569684872404e-05
22,94,98,314,-0.00022640754468739033
22,95,98,302,-0.0002152951929019764
22,96,98,303,-0.00014933457714505494
22,97,98,304,-6.300616223597899e-05
22,98,98,408,-2.9876626285840757e-05
22,99,98,307,-6.111150287324563e-05
22,100,98,320,-0.00011785513925133273
22,101,98,404,-0.0002131177025148645
22,102,98,315,-0.0005624244222417474
22,103,98,268,-0.00031834887340664864
22,104,98,271,-0.0003097723238170147
22,105,98,272,0.0002815060142893344
22,106,98,325,0.00022817844001110643
22,107,98,319,-0.00045007740845903754
22,108,98,403,-0.0008828597492538393
22,109,98,316,-0.0002858369261957705
22,110,98,312,-8.951111522037536e-05
22,111,98,311,-0.0003441183944232762
22,112,98,310,-5.7076900702668354e-05
22,113,98,415,0.0002977806725539267
22,114,98,308,-0.0023639623541384935
22,115,98,324,-8.133604569593444e-05
22,116,98,318,0.0002109531924361363
22,117,98,402,-9.58883756538853e-05
22,118,98,317,-0.0004259166889823973
23,24,97,393,5.628485723718768e-06
23,25,97,391,-6.458730058511719e-05
23,26,97,322,-5.0656086386879906e-05
23,27,97,410,-5.802207306260243e-05
23,28,97,287,0.014619244262576103
23,29,97,273,-0.002650067675858736
23,30,97,335,-0.0008363056113012135
23,31,97,406,-0.0004226523160468787
23,32,97,313,-0.00021974903938826174
23,33,97,421,-0.0003517062577884644
23,34,97,418,-0.0001891098072519526
23,35,97,424,-0.0002299371553817764
23,36,97,422,-4.0874267142498866e-05
23,37,97,432,1.6083804439404048e-05
23,38,97,436,-6.637504702666774e-05
23,39,97,426,0.00014837534399703145
23,40,97,423,2.9157013159419876e-06
23,41,97,427,-0.00021008127077948302
23,42,97,425,1.4434541299124248e-05
23,43,97,327,4.7404420911334455e-05
23,44,97,326,7.811021350789815e-05
23,45,97,0,-0.00011243626795476303
23,46,97,37,-0.0001847256935434416
23,47,97,39,-2.143313395208679e-05
23,48,97,40,6.000132270855829e-05
23,49,97,185,-0.00018403306603431702
23,50,97,61,-0.00023480175877921283
23,51,97,146,9.833462536334991e-05
23,52,97,91,-0.0001350891252513975
23,53,97,181,3.817563265329227e-05
23,54,97,84,-2.049883369181771e-05
23,55,97,17,-0.0001450263080187142
23,56,97,11,-0.0003517175791785121
23,57,97,72,9.090024832403287e-05
23,58,97,73,8.648094080854207e-05
23,59,97,74,-4.6493936679326e-05
23,60,97,184,-0.00011091615306213498
23,61,97,77,-4.1230388887925074e-05
23,62,97,90,1.5837445971556008e-05
23,63,97,180,0.0001488387497374788
23,64,97,85,-0.00030235026497393847
23,65,97,16,-0.0005058294045738876
23,66,97,12,-0.0001296913978876546
23,67,97,38,-0.019319284707307816
23,68,97,41,-9.383123688166961e-05
23,69,97,42,-0.00018214267038274556
23,70,97,96,-0.0001757181016728282
23,71,97,89,-1.565704405948054e-05
23,72,97,179,6.473644316429272e-05
23,73,97,86,-0.00012922612950205803
23,74,97,15,-0.00017469184240326285
23,75,97,13,-0.00024494322133250535
23,76,97,82,-0.04254025220870972
23,77,97,81,0.00029614221421070397
23,78,97,80,-0.00013499316992238164
23,79,97,191,4.200304829282686e-05
23,80,97,78,0.00028885528445243835
23,81,97,95,-8.604407048551366e-05
23,82,97,88,7.741189619991928e-05
23,83,97,178,0.00012349961616564542
23,84,97,87,-9.909328946378082e-05
23,85,97,14,-0.00014625499898102134
23,86,97,267,-0.0004582817782647908
23,87,97,269,0.00024027838662732393
23,88,97,270,-0.0005195172852836549
23,89,97,409,-0.00032602300052531064
23,90,97,291,-0.00023201761359814554
23,91,97,375,-4.300503496779129e-05
23,92,97,321,-0.0001878631446743384
23,93,97,405,-0.00023419300850946456
23,94,97,314,-0.0005114980158396065
23,95,97,302,-0.00026984253781847656
23,96,97,303,4.1812592826317996e-05
23,97,97,304,-0.0006286543211899698
23,98,97,408,-0.0001468628761358559
23,99,97,307,-0.00038112429319880903
23,100,97,320,-0.001079973648302257
23,101,97,404,-0.001504827057942748
23,102,97,315,-0.0003475512203294784
23,103,97,268,-0.0007060915813781321
23,104,97,271,-0.00022229111345950514
23,105,97,272,0.0007653884822502732
23,106,97,325,-0.00041201990097761154
23,107,97,319,-0.00040104202344082296
23,108,97,403,-0.0002407229330856353
23,109,97,316,-0.001068037236109376
23,110,97,312,-0.00038501122617162764
23,111,97,311,-8.068620809353888e-05
23,112,97,310,9.312164911534637e-05
23,113,97,415,-0.0005989079363644123
23,114,97,308,-0.000212604965781793
23,115,97,324,-0.0003101385955233127
23,116,97,318,-0.00036330727743916214
23,117,97,402,-0.0006344777648337185
23,118,97,317,-0.00015148497186601162
24,25,393,391,0.000186461751582101
24,26,393,322,0.00014374249440152198
24,27,393,410,9.662488082540222e-06
24,28,393,287,-0.00011065323633374646
24,29,393,273,-0.00012092190445400774
24,30,393,335,-0.000146501261042431
24,31,393,406,-0.00021464934980031103
24,32,393,313,-1.8486922272131778e-05
24,33,393,421,-0.00040644698310643435
24,34,393,418,-0.000520265253726393
24,35,393,424,-0.00015225775132421404
24,36,393,422,-6.071481038816273e-05
24,37,393,432,-7.079191709635779e-05
24,38,393,436,9.09382724785246e-05
24,39,393,426,0.00022646540310233831
24,40,393,423,-6.618553015869111e-05
24,41,393,427,4.204648939776234e-05
24,42,393,425,-6.798063986934721e-05
24,43,393,327,7.5054049375467e-05
24,44,393,326,-0.00016482282080687582
24,45,393,0,0.00020248672808520496
24,46,393,37,0.00024690665304660797
24,47,393,39,3.677389395306818e-05
24,48,393,40,-0.00012744894775096327
24,49,393,185,4.153664121986367e-05
24,50,393,61,0.0002014157216763124
24,51,393,146,-3.178920815116726e-05
24,52,393,91,-5.04106683365535e-05
24,53,393,181,5.009421147406101e-05
24,54,393,84,6.63388054817915e-05
24,55,393,17,0.0006180927739478648
24,56,393,11,0.0002482681011315435
24,57,393,72,9.375890658702701e-05
24,58,393,73,-0.00020730207324959338
24,59,393,74,-8.331490789714735e-06
24,60,393,184,-7.094519332895288e-06
24,61,393,77,2.8434706109692343e-05
24,62,393,90,0.0001215191587107256
24,63,393,180,-4.0765491576166824e-05
24,64,393,85,2.732755456236191e-05
24,65,393,16,8.14679660834372e-05
24,66,393,12,5.692054037353955e-05
24,67,393,38,0.00012934616825077683
24,68,393,41,-5.1213002734584734e-05
24,69,393,42,-3.970241596107371e-05
24,70,393,96,0.0006727743311785161
24,71,393,89,-0.00013352981477510184
24,72,393,179,0.00027343916008248925
24,73,393,86,-8.320483175339177e-05
24,74,393,15,0.00016410983516834676
24,75,393,13,0.00019141555821988732
24,76,393,82,4.766214988194406e-05
24,77,393,81,0.00016376364510506392
24,78,393,80,0.00018062016170006245
24,79,393,191,-0.00018540477321948856
24,80,393,78,-0.00015285456902347505
24,81,393,95,1.4752427887287922e-05
24,82,393,88,-4.576705032377504e-05
24,83,393,178,9.921866148943081e-05
24,84,393,87,-6.48935601930134e-05
24,85,393,14,2.610075898701325e-05
24,86,393,267,-0.00015027722110971808
24,87,393,269,-0.00010058101906906813
24,88,393,270,-0.0002789343416225165
24,89,393,409,7.379721500910819e-05
24,90,393,291,-3.993725113105029e-05
24,91,393,375,-0.00033817713847383857
24,92,393,321,-0.004074582364410162
24,93,393,405,-0.0002161477750632912
24,94,393,314,-0.0005658701411448419
24,95,393,302,0.00013784340990241617
24,96,393,303,4.347335925558582e-05
24,97,393,304,-5.7566252507967874e-05
24,98,393,408,-0.0001876594324130565
24,99,393,307,-8.061930566327646e-05
24,100,393,320,-0.0004356489807832986
24,101,393,404,-0.00024208311515394598
24,102,393,315,0.00010583795665297657
24,103,393,268,-0.00012924178736284375
24,104,393,271,-0.00017324613872915506
24,105,393,272,-0.0001740267762215808
24,106,393,325,0.00018559544696472585
24,107,393,319,-8.046971197472885e-05
24,108,393,403,-5.625385892926715e-05
24,109,393,316,0.0005006741848774254
24,110,393,312,9.771983604878187e-05
24,111,393,311,-2.6605086532072164e-05
24,112,393,310,6.639853381784633e-05
24,113,393,415,-5.0353632104815915e-05
24,114,393,308,6.0628368373727426e-05
24,115,393,324,-0.00013376744755078107
24,116,393,318,-7.262435974553227e-05
24,117,393,402,-0.0011880405945703387
24,118,393,317,7.37771624699235e-05
25,26,391,322,-1.4173255294736009e-05
25,27,391,410,-0.00010135475167771801
25,28,391,287,0.0001880666532088071
25,29,391,273,-9.315045463154092e-05
25,30,391,335,-2.39247819990851e-05
25,31,391,406,6.550508987857029e-05
25,32,391,313,-0.0005502455169335008
25,33,391,421,-0.00038453537854366004
25,34,391,418,0.00014815141912549734
25,35,391,424,-2.1708923668484204e-05
25,36,391,422,0.00010069437848869711
25,37,391,432,-0.0003039975417777896
25,38,391,436,0.0003380164853297174
25,39,391,426,-2.3063086700858548e-05
25,40,391,423,-9.903458703774959e-05
25,41,391,427,0.00011034993076464161
25,42,391,425,-5.7118104450637475e-05
25,43,391,327,1.4629486031481065e-05
25,44,391,326,1.0816816029546317e-05
25,45,391,0,-0.00010778701835079119
25,46,391,37,-4.665278174798004e-05
25,47,391,39,-3.453905810602009e-05
25,48,391,40,6.51213267701678e-05
25,49,391,185,-5.8325103964307345e-06
25,50,391,61,-0.00020505968132056296
25,51,391,146,-3.132569690933451e-05
25,52,391,91,0.00011781930516008288
25,53,391,181,3.005923645105213e-06
25,54,391,84,8.86771667865105e-05
25,55,391,17,0.00023592809156980366
25,56,391,11,2.270669756399002e-05
25,57,391,72,1.7634160030866042e-05
25,58,391,73,-0.0002016907383222133
25,59,391,74,7.126501441234723e-05
25,60,391,184,-0.0003628467384260148
25,61,391,77,0.00013854762073606253
25,62,391,90,0.00012928417709190398
25,63,391,180,6.923286855453625e-05
25,64,391,85,7.101007213350385e-05
25,65,391,16,0.000505470612552017
25,66,391,12,-0.00018156494479626417
25,67,391,38,3.743826164281927e-05
25,68,391,41,-0.00016555064939893782
25,69,391,42,-0.0001855146256275475
25,70,391,96,0.0008100349805317819
25,71,391,89,7.554350304417312e-05
25,72,391,179,4.008744508610107e-05
25,73,391,86,7.759362779324874e-05
25,74,391,15,0.0002944950247183442
25,75,391,13,3.4364452403679024e-06
25,76,391,82,-0.00017044032574631274
25,77,391,81,3.449471478234045e-05
25,78,391,80,7.075929897837341e-05
25,79,391,191,-9.543089981889352e-05
25,80,391,78,0.00027245236560702324
25,81,391,95,-4.406608786666766e-05
25,82,391,88,-2.7248644983046688e-05
25,83,391,178,0.00017421941447537392
25,84,391,87,0.0002658222510945052
25,85,391,14,0.0006172865396365523
25,86,391,267,-3.7125857488717884e-05
25,87,391,269,0.00021107473003212363
25,88,391,270,0.00015240882930811495
25,89,391,409,-0.00011499536776682362
25,90,391,291,1.3708075130125508e-05
25,91,391,375,0.00012506308848969638
25,92,391,321,9.991492697736248e-05
25,93,391,405,0.0009359490941278636
25,94,391,314,0.0011276787845417857
25,95,391,302,0.00011784918024204671
25,96,391,303,6.712485628668219e-05
25,97,391,304,0.00019473019347060472
25,98,391,408,-0.00029253767570480704
25,99,391,307,-9.236921323463321e-05
25,100,391,320,-0.0006158818141557276
25,101,391,404,0.0010870036203414202
25,102,391,315,0.0002035179641097784
25,103,391,268,-0.00021215828019194305
25,104,391,271,-8.840669761411846e-05
25,105,391,272,0.00015059219731483608
25,106,391,325,-5.982308721286245e-05
25,107,391,319,0.0010589305311441422
25,108,391,403,0.0010235331719741225
25,109,391,316,0.0003189602284692228
25,110,391,312,-9.697076893644407e-05
25,111,391,311,-4.426199302542955e-05
25,112,391,310,-6.367135210894048e-05
25,113,391,415,1.5881212675594725e-05
25,114,391,308,0.0002750098065007478
25,115,391,324,9.584128565620631e-05
25,116,391,318,4.9751059123082086e-05
25,117,391,402,0.00023843413509894162
25,118,391,317,0.00015022106526885182
26,27,322,410,0.00014373828889802098
26,28,322,287,0.00016573343600612134
26,29,322,273,-8.811157022137195e-05
26,30,322,335,9.88669489743188e-05
26,31,322,406,0.00039985106559470296
26,32,322,313,-3.372103674337268e-05
26,33,322,421,-0.00015945044287946075
26,34,322,418,-0.00013593847688753158
26,35,322,424,-0.00019074849842581898
26,36,322,422,-4.627577800420113e-05
26,37,322,432,-2.5734598239068873e-06
26,38,322,436,-9.683854295872152e-05
26,39,322,426,6.284133269218728e-05
26,40,322,423,8.765322490944527e-06
26,41,322,427,-9.472793317399919e-05
26,42,322,425,3.8894202589290217e-05
26,43,322,327,1.3635017239721492e-05
26,44,322,326,-4.7190078475978225e-05
26,45,322,0,-8.156802505254745e-05
26,46,322,37,7.758821448078379e-05
26,47,322,39,5.1196300773881376e-05
26,48,322,40,-6.222208321560174e-05
26,49,322,185,5.336564208846539e-05
26,50,322,61,0.0001990218588616699
26,51,322,146,-0.00029926729621365666
26,52,322,91,0.00011173140228493139
26,53,322,181,-7.990868471097201e-05
26,54,322,84,-2.721516284509562e-05
26,55,322,17,0.0002834675833582878
26,56,322,11,3.27645248034969e-05
26,57,322,72,-6.0986301832599565e-05
26,58,322,73,-7.065769409564382e-07
26,59,322,74,3.26440240314696e-05
26,60,322,184,-0.00018531644309405237
26,61,322,77,-6.45972031634301e-05
26,62,322,90,0.00027694134041666985
26,63,322,180,9.250173025066033e-05
26,64,322,85,3.808571636909619e-05
26,65,322,16,0.0006885812617838383
26,66,322,12,4.9341897465637885e-06
26,67,322,38,-0.0001161548207164742
26,68,322,41,-0.000257460109423846
26,69,322,42,-0.00013214879436418414
26,70,322,96,-0.00013523401867132634
26,71,322,89,0.00014553681830875576
26,72,322,179,7.382172952929977e-07
26,73,322,86,0.00011136250395793468
26,74,322,15,0.0002613940159790218
26,75,322,13,4.896379687124863e-05
26,76,322,82,-3.615871173678897e-05
26,77,322,81,-3.8234004023252055e-05
26,78,322,80,0.0001060397844412364
26,79,322,191,8.568907651351765e-05
26,80,322,78,-8.844749390846118e-05
26,81,322,95,0.00016726908506825566
26,82,322,88,0.0002565371978562325
26,83,322,178,0.00013427113299258053
26,84,322,87,0.00019835232524201274
26,85,322,14,5.271770351100713e-05
26,86,322,267,0.0004021269560325891
26,87,322,269,2.213650441262871e-05
26,88,322,270,-4.8454541683895513e-05
26,89,322,409,1.2226759054101421e-06
26,90,322,291,-0.00033414625795558095
26,91,322,375,0.00013153669715393335
26,92,322,321,2.857754225260578e-05
26,93,322,405,0.000890059513039887
26,94,322,314,0.03023179993033409
26,95,322,302,0.0003038363647647202
26,96,322,303,-3.359261609148234e-05
26,97,322,304,0.00010174854833167046
26,98,322,408,0.00019681916455738246
26,99,322,307,0.0001409902033628896
26,100,322,320,0.0010678526014089584
26,101,322,404,0.00044280692236498
26,102,322,315,0.010487755760550499
26,103,322,268,0.0002350254508201033
26,104,322,271,-0.00018546359206084162
26,105,322,272,2.4893629415601026e-06
26,106,322,325,-1.4257259863370564e-05
26,107,322,319,5.5314430937869474e-05
26,108,322,403,-3.539547833497636e-05
26,109,322,316,0.01561230793595314
26,110,322,312,-2.1139452655916102e-05
26,111,322,311,-0.00036287930561229587
26,112,322,310,0.0001896764588309452
26,113,322,415,0.00012224943202454597
26,114,322,308,0.00018521670426707715
26,115,322,324,1.0370069503551349e-05
26,116,322,318,-5.090346894576214e-05
26,117,322,402,-9.270817827200517e-05
26,118,322,317,0.00024452098296023905
27,28,410,287,-7.282050501089543e-05
27,29,410,273,-7.635574002051726e-05
27,30,410,335,0.00015755002095829695
27,31,410,406,8.376733603654429e-05
27,32,410,313,-2.2382966562872753e-05
27,33,410,421,-0.00023903476539999247
27,34,410,418,0.00024049822241067886
27,35,410,424,-0.00027976560522802174
27,36,410,422,0.00020434524049051106
27,37,410,432,0.0001704622118268162
27,38,410,436,8.474103378830478e-05
27,39,410,426,-3.921632014680654e-05
27,40,410,423,-0.00021692898008041084
27,41,410,427,0.00014904742420185357
27,42,410,425,-4.756922498927452e-05
27,43,410,327,-0.00011247070506215096
27,44,410,326,4.604482091963291e-05
27,45,410,0,-5.861403678864008e-06
27,46,410,37,-0.00026527518639340997
27,47,410,39,-1.5242586414387915e-05
27,48,410,40,-5.881422111997381e-06
27,49,410,185,-0.00017496681539341807
27,50,410,61,-0.0001894622400868684
27,51,410,146,-0.000490612699650228
27,52,410,91,-0.00015015382086858153
27,53,410,181,0.00017213875253219157
27,54,410,84,1.819161525418167e-06
27,55,410,17,0.00012607165263034403
27,56,410,11,3.4389527172606904e-06
27,57,410,72,-0.0001886508980533108
27,58,410,73,3.398730041226372e-05
27,59,410,74,-2.8831350391556043e-06
27,60,410,184,-6.478841532953084e-05
27,61,410,77,-6.607567047467455e-05
27,62,410,90,-0.00020933453924953938
27,63,410,180,-7.130228914320469e-05
27,64,410,85,8.848321158438921e-05
27,65,410,16,5.392713501350954e-05
27,66,410,12,0.00015758993686176836
27,67,410,38,-0.00012926562339998782
27,68,410,41,-0.0002617725695017725
27,69,410,42,-7.715278479736298e-05
27,70,410,96,2.424167178105563e-05
27,71,410,89,0.00018189434194937348
27,72,410,179,0.0002658978628460318
27,73,410,86,0.00012272274761926383
27,74,410,15,7.399458263535053e-05
27,75,410,13,-3.911291787517257e-05
27,76,410,82,8.298951797769405e-06
27,77,410,81,-5.1183829782530665e-05
27,78,410,80,1.315929512202274e-05
27,79,410,191,0.00017622087034396827
27,80,410,78,-4.190992331132293e-05
27,81,410,95,-5.334613160812296e-05
27,82,410,88,3.280672535765916e-05
27,83,410,178,0.00022783628082834184
27,84,410,87,-6.62014281260781e-05
27,85,410,14,9.433256491320208e-05
27,86,410,267,0.00012724011321552098
27,87,410,269,1.3464858966472093e-05
27,88,410,270,0.00019598488870542496
27,89,410,409,0.04848431423306465
27,90,410,291,0.04282011091709137
27,91,410,375,0.05924169346690178
27,92,410,321,0.04017006978392601
27,93,410,405,9.542192128719762e-05
27,94,410,314,0.000319092272548005
27,95,410,302,-6.832947838120162e-05
27,96,410,303,2.119073542417027e-05
27,97,410,304,0.0002570721844676882
27,98,410,408,0.04115845263004303
27,99,410,307,0.05155777186155319
27,100,410,320,0.04223154857754707
27,101,410,404,0.00016727231559343636
27,102,410,315,0.0032009982969611883
27,103,410,268,0.0002147346967831254
27,104,410,271,-3.398017361178063e-05
27,105,410,272,0.006459488999098539
27,106,410,325,0.05837519094347954
27,107,410,319,0.03509386256337166
27,108,410,403,0.0002021554537350312
27,109,410,316,0.000458379159681499
27,110,410,312,6.525066419271752e-05
27,111,410,311,0.008104400709271431
27,112,410,310,0.005602344870567322
27,113,410,415,0.013861210085451603
27,114,410,308,-2.143937672371976e-05
27,115,410,324,0.0022413241676986217
27,116,410,318,0.012834487482905388
27,117,410,402,5.745283488067798e-05
27,118,410,317,0.0005294668953865767
28,29,287,273,0.00035831076093018055
28,30,287,335,-0.00012312232865951955
28,31,287,406,-5.1514620281523094e-05
28,32,287,313,3.6489309422904626e-05
28,33,287,421,-5.532185605261475e-05
28,34,287,418,-0.0006132619455456734
28,35,287,424,-0.00011923565762117505
28,36,287,422,-2.583719469839707e-05
28,37,287,432,9.296408825321123e-05
28,38,287,436,-7.874603033997118e-05
28,39,287,426,7.175109203672037e-05
28,40,287,423,0.00013405774370767176
28,41,287,427,4.890909985988401e-05
28,42,287,425,0.0002470291801728308
28,43,287,327,-0.00020728394156321883
28,44,287,326,3.6989233194617555e-05
28,45,287,0,-6.895515070937108e-06
28,46,287,37,0.00010977858619298786
28,47,287,39,-0.00010120622027898207
28,48,287,40,7.529365393565968e-05
28,49,287,185,-8.91648160177283e-05
28,50,287,61,3.641307193902321e-05
28,51,287,146,0.0003090637328568846
28,52,287,91,-8.026249997783452e-05
28,53,287,181,3.784455839195289e-05
28,54,287,84,-4.553039980237372e-05
28,55,287,17,2.723749958022381e-06
28,56,287,11,9.207226685248315e-05
28,57,287,72,2.8184631446492858e-05
28,58,287,73,-9.27831933950074e-05
28,59,287,74,-7.37451046006754e-05
28,60,287,184,-0.00020611764921341091
28,61,287,77,0.00016971987497527152
28,62,287,90,-8.969134069047868e-05
28,63,287,180,-0.0001301248266827315
28,64,287,85,-6.484223558800295e-05
28,65,287,16,0.00047052334412001073
28,66,287,12,-4.7927333071129397e-05
28,67,287,38,-0.00039245266816578805
28,68,287,41,-0.00034101452911272645
28,69,287,42,-0.00016740872524678707
28,70,287,96,0.00019503793737385422
28,71,287,89,0.00023004705144558102
28,72,287,179,-0.00010935407044598833
28,73,287,86,-6.651725561823696e-05
28,74,287,15,0.028359854593873024
28,75,287,13,9.521914034849033e-05
28,76,287,82,-0.00028229414601810277
28,77,287,81,0.0002026669681072235
28,78,287,80,-9.755596693139523e-05
28,79,287,191,0.00021617465245071799
28,80,287,78,-5.370775033952668e-05
28,81,287,95,0.00021395371004473418
28,82,287,88,0.00031924821087159216
28,83,287,178,8.4002545918338e-05
28,84,287,87,4.530306250671856e-05
28,85,287,14,0.006734331138432026
28,86,287,267,-9.718561341287568e-05
28,87,287,269,-0.00017198972636833787
28,88,287,270,3.5999259125674143e-05
28,89,287,409,-6.451639637816697e-05
28,90,287,291,0.04482363536953926
28,91,287,375,0.056330714374780655
28,92,287,321,6.772919005015865e-05
28,93,287,405,0.009356427937746048
28,94,287,314,0.022191202268004417
28,95,287,302,0.0002001720858970657
28,96,287,303,-1.086767042579595e-05
28,97,287,304,-8.425497071584687e-05
28,98,287,408,0.04412322863936424
28,99,287,307,0.052850570529699326
28,100,287,320,0.0001618276146473363
28,101,287,404,0.0015815187944099307
28,102,287,315,0.02640826627612114
28,103,287,268,3.473227843642235e-05
28,104,287,271,0.00012360162509139627
28,105,287,272,-0.00035051695886068046
28,106,287,325,0.06186898425221443
28,107,287,319,0.0002245768700959161
28,108,287,403,8.898883970687166e-05
28,109,287,316,0.01729763112962246
28,110,287,312,0.00012150928523624316
28,111,287,311,2.2832095055491664e-05
28,112,287,310,0.01697293110191822
28,113,287,415,0.020986637100577354
28,114,287,308,0.030718505382537842
28,115,287,324,0.01729755289852619
28,116,287,318,7.229587208712474e-05
28,117,287,402,4.35111578553915e-05
28,118,287,317,0.015435002744197845
29,30,273,335,-0.0001430483825970441
29,31,273,406,-0.0001294442336075008
29,32,273,313,0.0002692693378776312
29,33,273,421,5.3842995839659125e-05
29,34,273,418,6.226653204066679e-05
29,35,273,424,-8.733919821679592e-05
29,36,273,422,-0.00012943039473611861
29,37,273,432,0.0005048312013968825
29,38,273,436,0.00030560154118575156
29,39,273,426,7.560821541119367e-05
29,40,273,423,-0.00035467572160996497
29,41,273,427,0.00022769829956814647
29,42,273,425,0.0004659841360989958
29,43,273,327,-0.0001667432370595634
29,44,273,326,-0.0002862825058400631
29,45,273,0,9.547133959131315e-05
29,46,273,37,-0.000288801355054602
29,47,273,39,-0.00018536203424446285
29,48,273,40,-8.359073399333283e-05
29,49,273,185,2.8044107239111327e-05
29,50,273,61,-0.00016484403749927878
29,51,273,146,-0.00027406177832745016
29,52,273,91,0.00044461555080488324
29,53,273,181,0.00014687077782582492
29,54,273,84,6.540217873407528e-05
29,55,273,17,4.96861212013755e-05
29,56,273,11,-1.7667449355940334e-05
29,57,273,72,-0.0003138652245979756
29,58,273,73,2.8176582418382168e-06
29,59,273,74,0.0001243686565430835
29,60,273,184,-8.539295959053561e-05
29,61,273,77,-9.648568084230646e-05
29,62,273,90,0.00034104572841897607
29,63,273,180,-1.3310634130903054e-05
29,64,273,85,-0.0002196978311985731
29,65,273,16,0.0004065410466864705
29,66,273,12,-0.00014339780318550766
29,67,273,38,-0.00029982157866470516
29,68,273,41,-0.00019401154713705182
29,69,273,42,-5.5914075346663594e-05
29,70,273,96,-0.00013852694246452302
29,71,273,89,-0.00010456584277562797
29,72,273,179,-0.00013902182399760932
29,73,273,86,7.891964196460322e-05
29,74,273,15,0.003598452778533101
29,75,273,13,-0.00013602508988697082
29,76,273,82,-0.00010517518239794299
29,77,273,81,-0.00016256567323580384
29,78,273,80,-0.00012115799472667277
29,79,273,191,-3.227105116820894e-05
29,80,273,78,-0.00010665115405572578
29,81,273,95,-3.335411020088941e-05
29,82,273,88,0.00012390485790092498
29,83,273,178,-4.378211451694369e-05
29,84,273,87,0.00027091745869256556
29,85,273,14,0.00010799254960147664
29,86,273,267,-0.00015611082199029624
29,87,273,269,-0.00014372632722370327
29,88,273,270,0.00014321124763228
29,89,273,409,0.034087859094142914
29,90,273,291,0.00011490468023112044
29,91,273,375,0.04166286811232567
29,92,273,321,5.122840593685396e-05
29,93,273,405,0.00012153466377640143
29,94,273,314,0.00017894340271595865
29,95,273,302,5.58515457669273e-05
29,96,273,303,-2.801886512315832e-05
29,97,273,304,5.8959092712029815e-05
29,98,273,408,0.011861597187817097
29,99,273,307,0.05260350555181503
29,100,273,320,0.02274281717836857
29,101,273,404,0.00014420787920244038
29,102,273,315,0.007617756258696318
29,103,273,268,-0.0001431102427886799
29,104,273,271,9.475463593844324e-05
29,105,273,272,0.00125725450925529
29,106,273,325,0.03399369493126869
29,107,273,319,0.015214858576655388
29,108,273,403,1.5225808056129608e-05
29,109,273,316,0.006264497060328722
29,110,273,312,-9.394092558068223e-06
29,111,273,311,-5.452688492368907e-05
29,112,273,310,0.00042133082752116024
29,113,273,415,0.004223763942718506
29,114,273,308,-0.0001603601995157078
29,115,273,324,0.00014096431550569832
29,116,273,318,-0.00011584007006604224
29,117,273,402,4.573670230456628e-05
29,118,273,317,0.008584273979067802
30,31,335,406,0.000260083528701216
30,32,335,313,3.92249203287065e-05
30,33,335,421,-0.00022309867199510336
30,34,335,418,-9.251506708096713e-05
30,35,335,424,-0.0002840775705408305
30,36,335,422,0.00030642159981653094
30,37,335,432,0.00029267783975228667
30,38,335,436,-6.469313120760489e-06
30,39,335,426,-3.758602906600572e-05
30,40,335,423,7.905864913482219e-05
30,41,335,427,0.0011708625825121999
30,42,335,425,0.00038229793426580727
30,43,335,327,0.00016976153710857034
30,44,335,326,-8.208555664168671e-05
30,45,335,0,-0.0003976307634729892
30,46,335,37,-0.0002881829859688878
30,47,335,39,-0.00011533828364918008
30,48,335,40,-0.0002427196450298652
30,49,335,185,-3.9836984797148034e-05
30,50,335,61,-0.00020640487491618842
30,51,335,146,-8.074661309365183e-05
30,52,335,91,-6.750762986484915e-05
30,53,335,181,-0.0001912114821607247
30,54,335,84,-5.919849354540929e-05
30,55,335,17,7.312062371056527e-05
30,56,335,11,-4.122791506233625e-05
30,57,335,72,2.1770723833469674e-05
30,58,335,73,6.896374543430284e-05
30,59,335,74,-0.0003565408114809543
30,60,335,184,-8.728263492230326e-05
30,61,335,77,5.5112057452788576e-05
30,62,335,90,-4.346549394540489e-05
30,63,335,180,0.00011132953659398481
30,64,335,85,0.00010594528430374339
30,65,335,16,0.00026469139265827835
30,66,335,12,-0.00016030891856644303
30,67,335,38,-0.00011992888175882399
30,68,335,41,-0.00028718155226670206
30,69,335,42,-0.0001094631661544554
30,70,335,96,-9.97764800558798e-05
30,71,335,89,-0.0002493678475730121
30,72,335,179,-6.3773499277886e-05
30,73,335,86,0.00010503197700018063
30,74,335,15,0.00026256463024765253
30,75,335,13,-0.00012322999828029424
30,76,335,82,-0.00013860806939192116
30,77,335,81,-2.500418668205384e-05
30,78,335,80,-4.158169394941069e-05
30,79,335,191,-0.0004000996414106339
30,80,335,78,-0.00012139945465605706
30,81,335,95,-4.7086854465305805e-05
30,82,335,88,4.129473745706491e-05
30,83,335,178,2.2241449187276885e-05
30,84,335,87,3.339735485496931e-05
30,85,335,14,8.510195766575634e-05
30,86,335,267,3.782931889872998e-05
30,87,335,269,1.7001819287543185e-05
30,88,335,270,-6.648438670708856e-07
30,89,335,409,-2.5960405764635652e-05
30,90,335,291,-0.00017661874881014228
30,91,335,375,-4.415038347360678e-05
30,92,335,321,0.00016926199896261096
30,93,335,405,4.286773764761165e-05
30,94,335,314,0.0003733472840394825
30,95,335,302,1.3977911294205114e-05
30,96,335,303,0.00019641275866888463
30,97,335,304,-0.0007325285696424544
30,98,335,408,-1.6052166756708175e-05
30,99,335,307,0.00012005252210656181
30,100,335,320,0.016208257526159286
30,101,335,404,0.017857424914836884
30,102,335,315,4.60912415292114e-05
30,103,335,268,-0.00010615093924570829
30,104,335,271,-8.444904233328998e-05
30,105,335,272,-0.00010353109973948449
30,106,335,325,-5.375280306907371e-05
30,107,335,319,0.020074691623449326
30,108,335,403,0.01714261993765831
30,109,335,316,0.0003243883256800473
30,110,335,312,-0.00023281460744328797
30,111,335,311,-0.000149443163536489
30,112,335,310,-0.0002219867892563343
30,113,335,415,9.010479698190466e-05
30,114,335,308,0.00013403630873654038
30,115,335,324,-0.00010246358579024673
30,116,335,318,-2.3420925572281703e-05
30,117,335,402,-2.8863207262475044e-05
30,118,335,317,-5.624501864076592e-05
31,32,406,313,0.00021367847512010485
31,33,406,421,-0.00022991540026850998
31,34,406,418,-0.000172950720298104
31,35,406,424,3.730023672687821e-05
31,36,406,422,0.00017373413720633835
31,37,406,432,0.00030877519748173654
31,38,406,436,0.00013530778232961893
31,39,406,426,0.0009051361121237278
31,40,406,423,0.00010908925469266251
31,41,406,427,0.00021343650587368757
31,42,406,425,0.00037453416734933853
31,43,406,327,-0.00038058357313275337
31,44,406,326,-0.0003325880679767579
31,45,406,0,1.670709389145486e-05
31,46,406,37,-4.630861076293513e-05
31,47,406,39,-0.005910872016102076
31,48,406,40,-0.005222092382609844
31,49,406,185,-7.582814578199759e-05
31,50,406,61,5.249523383099586e-05
31,51,406,146,-3.6933943192707375e-05
31,52,406,91,-0.0001856988383224234
31,53,406,181,9.333261914434843e-07
31,54,406,84,7.559686491731554e-05
31,55,406,17,0.0003105846408288926
31,56,406,11,-6.049698276910931e-05
31,57,406,72,-2.878085433621891e-05
31,58,406,73,-0.002884801011532545
31,59,406,74,-0.00011359005293343216
31,60,406,184,-0.0001324406184721738
31,61,406,77,9.508783114142716e-05
31,62,406,90,-9.590572744855308e-07
31,63,406,180,-6.293466140050441e-05
31,64,406,85,0.00017704570200294256
31,65,406,16,0.00031778161064721644
31,66,406,12,-5.013372719986364e-05
31,67,406,38,-0.0001315529370913282
31,68,406,41,-6.250525620998815e-05
31,69,406,42,-0.00018185106455348432
31,70,406,96,2.0158617189736106e-05
31,71,406,89,-0.00023574940860271454
31,72,406,179,0.00016788278298918158
31,73,406,86,1.8766499124467373e-05
31,74,406,15,8.154439274221659e-05
31,75,406,13,-0.0002970844507217407
31,76,406,82,-0.0001469200651627034
31,77,406,81,-0.00012977495498489588
31,78,406,80,-0.0003520460450090468
31,79,406,191,1.1364441888872534e-05
31,80,406,78,-5.1790742872981355e-05
31,81,406,95,-6.460803706431761e-05
31,82,406,88,-1.3781676898361184e-05
31,83,406,178,7.047614053590223e-05
31,84,406,87,0.00018598540918901563
31,85,406,14,6.020046566845849e-05
31,86,406,267,9.872838563751429e-05
31,87,406,269,-0.0005165610346011817
31,88,406,270,-0.00013233773643150926
31,89,406,409,0.00017337688768748194
31,90,406,291,-0.0001056291293934919
31,91,406,375,-0.0002593884419184178
31,92,406,321,-2.8805270630982704e-05
31,93,406,405,0.003954904619604349
31,94,406,314,0.013142469339072704
31,95,406,302,-9.916936687659472e-05
31,96,406,303,-0.00012449549103621393
31,97,406,304,-9.994419087888673e-05
31,98,406,408,0.00017088244203478098
31,99,406,307,-3.2608841138426214e-05
31,100,406,320,-2.8008695153403096e-05
31,101,406,404,0.018678979948163033
31,102,406,315,0.01897783949971199
31,103,406,268,0.0003472010721452534
31,104,406,271,-7.916567847132683e-05
31,105,406,272,8.902863191906363e-05
31,106,406,325,-6.899821892147884e-05
31,107,406,319,-0.00014755762822460383
31,108,406,403,0.018558736890554428
31,109,406,316,9.66641164268367e-05
31,110,406,312,0.00010598706285236403
31,111,406,311,0.0001081568916561082
31,112,406,310,-0.00014850287698209286
31,113,406,415,-5.413741291704355e-06
31,114,406,308,0.00014731998089700937
31,115,406,324,1.2470291039790027e-05
31,116,406,318,-6.084069536882453e-05
31,117,406,402,0.0002865497372113168
31,118,406,317,0.00017782651411835104
32,33,313,421,-9.38328230404295e-05
32,34,313,418,-3.589314474083949e-06
32,35,313,424,-6.0037182265659794e-05
32,36,313,422,1.0481514436833095e-05
32,37,313,432,-0.00010943596134893596
32,38,313,436,-0.0003592133289203048
32,39,313,426,-0.00010337901767343283
32,40,313,423,-0.00033904900192283094
32,41,313,427,-3.888466835633153e-06
32,42,313,425,7.121583621483296e-05
32,43,313,327,3.263198959757574e-05
32,44,313,326,-0.0002968258922919631
32,45,313,0,-0.00022139234351925552
32,46,313,37,-0.0001160092797363177
32,47,313,39,-0.00021214172011241317
32,48,313,40,-0.00023711536778137088
32,49,313,185,-8.849868027027696e-05
32,50,313,61,0.00018075827392749488
32,51,313,146,-0.00010246065357932821
32,52,313,91,-9.318820229964331e-05
32,53,313,181,5.9125075495103374e-05
32,54,313,84,3.217932317056693e-05
32,55,313,17,7.34890199964866e-05
32,56,313,11,-0.00031701044645160437
32,57,313,72,-0.0003338019596412778
32,58,313,73,-0.00013699360715691
32,59,313,74,0.00022888267994858325
32,60,313,184,-0.00014988891780376434
32,61,313,77,-0.00014665581693407148
32,62,313,90,-0.0001312649983447045
32,63,313,180,0.00011471354082459584
32,64,313,85,8.430035086348653e-05
32,65,313,16,0.00010876974556595087
32,66,313,12,-0.0006693597533740103
32,67,313,38,-0.0002243672643089667
32,68,313,41,-0.00027944077737629414
32,69,313,42,-7.64371975492395e-07
32,70,313,96,-0.00043595474562607706
32,71,313,89,-4.4308992073638365e-05
32,72,313,179,0.0002671442343853414
32,73,313,86,5.808365676784888e-05
32,74,313,15,-0.00016957944899331778
32,75,313,13,-4.373838601168245e-05
32,76,313,82,1.2707369023701176e-05
32,77,313,81,-0.00029752677073702216
32,78,313,80,-0.0002536122046876699
32,79,313,191,-6.087759538786486e-05
32,80,313,78,-0.00031106473761610687
32,81,313,95,-0.00012394197983667254
32,82,313,88,-4.412322959979065e-05
32,83,313,178,-0.0003200623323209584
32,84,313,87,-6.49561989121139e-05
32,85,313,14,0.00027889307239092886
32,86,313,267,-8.234431334130932e-06
32,87,313,269,0.00018227752298116684
32,88,313,270,1.2084320587746333e-05
32,89,313,409,-9.47529697441496e-05
32,90,313,291,5.942523057456128e-05
32,91,313,375,-0.00029952358454465866
32,92,313,321,-0.0001472469448344782
32,93,313,405,-0.000375315168639645
32,94,313,314,-0.00014107734023127705
32,95,313,302,-0.00010113915050169453
32,96,313,303,-3.747002483578399e-05
32,97,313,304,-0.0002620138111524284
32,98,313,408,-0.000155953413923271
32,99,313,307,-0.0003848579654004425
32,100,313,320,2.280539774801582e-05
32,101,313,404,-0.00031985362875275314
32,102,313,315,-0.00011871824244735762
32,103,313,268,0.0002757585607469082
32,104,313,271,-0.0003180165949743241
32,105,313,272,-1.4113971701590344e-05
32,106,313,325,5.22728732903488e-05
32,107,313,319,-0.00027397205121815205
32,108,313,403,-2.5795281544560567e-05
32,109,313,316,-0.00014063900744076818
32,110,313,312,-0.00014767619722988456
32,111,313,311,-9.122434857999906e-05
32,112,313,310,-0.0003533818817231804
32,113,313,415,-0.0004272169026080519
32,114,313,308,7.210119656519964e-05
32,115,313,324,-0.00038878145278431475
32,116,313,318,-8.435456402366981e-05
32,117,313,402,6.664887041551992e-05
32,118,313,317,0.00038539853994734585
33,34,421,418,0.00015870390052441508
33,35,421,424,0.0001253394439117983
33,36,421,422,3.821185964625329e-05
33,37,421,432,-0.0005014789057895541
33,38,421,436,9.491096716374159e-05
33,39,421,426,-0.0003670250589493662
33,40,421,423,-0.00046433063107542694
33,41,421,427,-0.0001212039715028368
33,42,421,425,-5.931631676503457e-05
33,43,421,327,-0.0002238458691863343
33,44,421,326,-7.535739860031754e-05
33,45,421,0,0.0002478889364283532
33,46,421,37,-0.0001024123776005581
33,47,421,39,0.00025958174956031144
33,48,421,40,-8.345561946043745e-05
33,49,421,185,-0.0001263722515432164
33,50,421,61,-0.00016374372353311628
33,51,421,146,-0.00013865508663002402
33,52,421,91,-9.755877545103431e-05
33,53,421,181,8.80962033988908e-05
33,54,421,84,8.481103577651083e-06
33,55,421,17,3.3360956877004355e-05
33,56,421,11,-2.398846481810324e-05
33,57,421,72,-0.00032981406548060477
33,58,421,73,0.00022198661463335156
33,59,421,74,0.00024523655883967876
33,60,421,184,0.0002106290776282549
33,61,421,77,-0.00036106433253735304
33,62,421,90,-2.326365574845113e-05
33,63,421,180,-2.3260925445356406e-05
33,64,421,85,-3.895614281645976e-05
33,65,421,16,0.00010762818419607356
33,66,421,12,0.00020122600835748017
33,67,421,38,-7.403665222227573e-05
33,68,421,41,3.0458868423011154e-05
33,69,421,42,-4.1414306906517595e-05
33,70,421,96,-0.0001470038841944188
33,71,421,89,8.093046199064702e-05
33,72,421,179,-0.00016420309839304537
33,73,421,86,-1.3797583960695192e-05
33,74,421,15,0.00036335561890155077
33,75,421,13,3.076637221965939e-05
33,76,421,82,2.998140553245321e-05
33,77,421,81,-0.0002906557056121528
33,78,421,80,-0.00022455418366007507
33,79,421,191,-0.00021050620125606656
33,80,421,78,-0.0001609668106539175
33,81,421,95,-0.00010251577623421326
33,82,421,88,-2.6944742785417475e-05
33,83,421,178,6.995480362093076e-05
33,84,421,87,-0.00015134125715121627
33,85,421,14,-0.00023483003315050155
33,86,421,267,-0.00013041759666521102
33,87,421,269,1.89375950867543e-05
33,88,421,270,0.00021862190624233335
33,89,421,409,-0.0002729468105826527
33,90,421,291,-0.00012697631609626114
33,91,421,375,-0.00034530850825831294
33,92,421,321,-8.385325782001019e-05
33,93,421,405,-0.00027717617922462523
33,94,421,314,0.015850350260734558
33,95,421,302,-3.0105515179457143e-05
33,96,421,303,-2.8335345632513054e-05
33,97,421,304,-4.6432222006842494e-05
33,98,421,408,8.67472990648821e-05
33,99,421,307,-9.730803139973432e-05
33,100,421,320,-0.00018406083108857274
33,101,421,404,-0.00012332249025348574
33,102,421,315,0.023699840530753136
33,103,421,268,-0.00016139491344802082
33,104,421,271,1.2637672625714913e-05
33,105,421,272,-0.00044773315312340856
33,106,421,325,3.129563992843032e-05
33,107,421,319,-0.0003494701231829822
33,108,421,403,-5.920187322772108e-05
33,109,421,316,0.002658453304320574
33,110,421,312,0.00022963728406466544
33,111,421,311,-0.0003513304400257766
33,112,421,310,0.00014944611757528037
33,113,421,415,-0.00019523114315234125
33,114,421,308,-3.047951940970961e-05
33,115,421,324,-0.0005369415739551187
33,116,421,318,4.197367888991721e-05
33,117,421,402,-0.00024245174427051097
33,118,421,317,0.001510286470875144
34,35,418,424,0.0002574235259089619
34,36,418,422,-0.00013268721522763371
34,37,418,432,0.00019370310474187136
34,38,418,436,-0.0001223188010044396
34,39,418,426,-0.00036860621185041964
34,40,418,423,-0.0002688868553377688
34,41,418,427,5.646040881401859e-05
34,42,418,425,-0.00019234720093663782
34,43,418,327,6.194784509716555e-05
34,44,418,326,-1.7256370483664796e-05
34,45,418,0,7.725848990958184e-05
34,46,418,37,-0.00015081660239957273
34,47,418,39,-8.569911733502522e-05
34,48,418,40,0.00013179401867091656
34,49,418,185,-7.622190605616197e-05
34,50,418,61,-6.446622865041718e-05
34,51,418,146,4.520126458373852e-05
34,52,418,91,-0.0001871901476988569
34,53,418,181,-0.00010149159061256796
34,54,418,84,6.781161937396973e-05
34,55,418,17,2.8418906367733143e-05
34,56,418,11,2.782291812764015e-05
34,57,418,72,-0.00011450811143731698
34,58,418,73,-0.0002803591778501868
34,59,418,74,-0.00018077947606798261
34,60,418,184,1.7826047042035498e-05
34,61,418,77,-4.331774471211247e-05
34,62,418,90,0.00011014804476872087
34,63,418,180,5.651661467709346e-06
34,64,418,85,-0.0003303205012343824
34,65,418,16,6.32653827778995e-05
34,66,418,12,1.1759146218537353e-05
34,67,418,38,-0.00030924228485673666
34,68,418,41,-0.00024555696290917695
34,69,418,42,-0.0002230271784355864
34,70,418,96,-1.8829823602573015e-05
34,71,418,89,2.3251310267369263e-05
34,72,418,179,0.0002320427302038297
34,73,418,86,2.1228828700259328e-05
34,74,418,15,8.887263538781554e-05
34,75,418,13,-4.084963438799605e-05
34,76,418,82,-0.0002907526504714042
34,77,418,81,-0.00030013828654773533
34,78,418,80,-0.0001385553041473031
34,79,418,191,-0.0001629988692002371
34,80,418,78,-8.91940071596764e-05
34,81,418,95,-7.764385372865945e-05
34,82,418,88,0.00024096693960018456
34,83,418,178,-0.00021857589308638126
34,84,418,87,9.031433000927791e-05
34,85,418,14,0.00016694841906428337
34,86,418,267,-0.00022389415244106203
34,87,418,269,-0.0001123703841585666
34,88,418,270,1.3241444321465679e-05
34,89,418,409,3.257005664636381e-05
34,90,418,291,-0.0002454592031426728
34,91,418,375,-0.00017304305220022798
34,92,418,321,-0.0002947429893538356
34,93,418,405,0.00017025951819960028
34,94,418,314,0.0001733656827127561
34,95,418,302,-3.5487137211021036e-05
34,96,418,303,0.00023125199368223548
34,97,418,304,0.00028384444885887206
34,98,418,408,-0.00023598270490765572
34,99,418,307,-0.00031816092086955905
34,100,418,320,5.25966206623707e-05
34,101,418,404,0.0005297243478707969
34,102,418,315,-4.298115527490154e-05
34,103,418,268,5.708285607397556e-05
34,104,418,271,0.0003167860268149525
34,105,418,272,0.00011994167289230973
34,106,418,325,-0.00038035563193261623
34,107,418,319,0.011587935499846935
34,108,418,403,5.106653770781122e-05
34,109,418,316,0.00012288829020690173
34,110,418,312,-2.0988065443816595e-05
34,111,418,311,0.00027427347959019244
34,112,418,310,-6.756586117262486e-06
34,113,418,415,0.00036412442568689585
34,114,418,308,-0.00013843271881341934
34,115,418,324,-0.002677870448678732
34,116,418,318,0.0001191597621073015
34,117,418,402,0.00043115197331644595
34,118,418,317,1.8578904928290285e-05
35,36,424,422,-0.0002776590408757329
35,37,424,432,-3.451270458754152e-05
35,38,424,436,-0.0002452575135976076
35,39,424,426,-0.00018375918443780392
35,40,424,423,-9.40659228945151e-05
35,41,424,427,-2.092974682454951e-05
35,42,424,425,0.0002292726858286187
35,43,424,327,-5.027135557611473e-05
35,44,424,326,-9.89171676337719e-05
35,45,424,0,0.000126583909150213
35,46,424,37,1.5021082617749926e-05
35,47,424,39,4.028579860460013e-05
35,48,424,40,-0.0001049403435899876
35,49,424,185,0.000105600556707941
35,50,424,61,-5.514302756637335e-05
35,51,424,146,-3.5108052543364465e-05
35,52,424,91,-9.055712871486321e-05
35,53,424,181,0.00015321734827011824
35,54,424,84,-0.00014318617468234152
35,55,424,17,-0.00017024583939928561
35,56,424,11,0.0001813847484299913
35,57,424,72,-0.00044268195051699877
35,58,424,73,-0.00017588642367627472
35,59,424,74,-7.793169061187655e-05
35,60,424,184,-1.1654680065475986e-06
35,61,424,77,-4.55186418548692e-05
35,62,424,90,1.7616832337807864e-05
35,63,424,180,7.27188671589829e-05
35,64,424,85,-3.5621760616777465e-05
35,65,424,16,9.576051525073126e-05
35,66,424,12,-0.00012012527440674603
35,67,424,38,-4.9418558774050325e-05
35,68,424,41,-8.036301733227447e-05
35,69,424,42,1.2271813147890498e-06
35,70,424,96,-0.0002661456528585404
35,71,424,89,-3.7620800867443904e-05
35,72,424,179,-8.659385457576718e-06
35,73,424,86,0.00010883534559980035
35,74,424,15,0.0001959617657121271
35,75,424,13,5.3136009228182957e-05
35,76,424,82,-0.0001029264967655763
35,77,424,81,-4.580782388075022e-06
35,78,424,80,-2.0896948626614176e-05
35,79,424,191,-8.487167360726744e-05
35,80,424,78,-7.11127431713976e-05
35,81,424,95,-5.458971645566635e-05
35,82,424,88,-0.00011077566159656271
35,83,424,178,-3.81778545488487e-06
35,84,424,87,3.450102303759195e-05
35,85,424,14,-9.018406854011118e-05
35,86,424,267,-0.00018354965141043067
35,87,424,269,0.0001184759457828477
35,88,424,270,6.645245593972504e-05
35,89,424,409,0.009844918735325336
35,90,424,291,0.0005922020063735545
35,91,424,375,-0.00013717933325096965
35,92,424,321,0.0003429871576372534
35,93,424,405,8.658374281367287e-05
35,94,424,314,0.00022648205049335957
35,95,424,302,-0.00014152949734125286
35,96,424,303,-0.00011403250391595066
35,97,424,304,0.002852245233952999
35,98,424,408,0.014389722608029842
35,99,424,307,-3.1277093512471765e-05
35,100,424,320,0.0005690496764145792
35,101,424,404,0.00034736134693957865
35,102,424,315,1.988981239264831e-05
35,103,424,268,0.00010870887490455061
35,104,424,271,6.461881275754422e-05
35,105,424,272,0.010453960858285427
35,106,424,325,0.04895458742976189
35,107,424,319,0.036815207451581955
35,108,424,403,0.0002316373575013131
35,109,424,316,0.0004333462566137314
35,110,424,312,-0.0001295173860853538
35,111,424,311,9.640026109991595e-05
35,112,424,310,-4.3817701225634664e-05
35,113,424,415,2.115506686095614e-05
35,114,424,308,0.0001489228889113292
35,115,424,324,0.00033937228727154434
35,116,424,318,0.027940189465880394
35,117,424,402,0.0005926979938521981
35,118,424,317,0.00029548569000326097
36,37,422,432,-0.0002726654929574579
36,38,422,436,-0.00013951103028375655
36,39,422,426,7.72899657022208e-05
36,40,422,423,0.0001125101771322079
36,41,422,427,0.0005255519645288587
36,42,422,425,7.377077417913824e-05
36,43,422,327,-0.000235233994317241
36,44,422,326,-6.784201104892418e-05
36,45,422,0,0.00023635296383872628
36,46,422,37,-0.00011694177374010906
36,47,422,39,-3.804488869718625e-06
36,48,422,40,-4.5526820031227544e-05
36,49,422,185,-1.354436608380638e-05
36,50,422,61,-1.0431164810142945e-05
36,51,422,146,-3.9136004488682374e-05
36,52,422,91,5.436430365080014e-05
36,53,422,181,0.00012534850975498557
36,54,422,84,0.000397150288335979
36,55,422,17,0.0005156624829396605
36,56,422,11,0.00017405106336809695
36,57,422,72,-0.00020507397130131721
36,58,422,73,4.78245829071966e-06
36,59,422,74,-7.590075256302953e-05
36,60,422,184,-4.744474063045345e-05
36,61,422,77,4.549754521576688e-05
36,62,422,90,-0.00014909898163750768
36,63,422,180,-0.00016107149713207036
36,64,422,85,0.00031539329211227596
36,65,422,16,0.0003298487572465092
36,66,422,12,5.019998934585601e-05
36,67,422,38,0.00027830127510242164
36,68,422,41,-1.963335853361059e-05
36,69,422,42,-5.3012347052572295e-05
36,70,422,96,3.1445533750229515e-06
36,71,422,89,6.03997159487335e-06
36,72,422,179,0.00010173485497944057
36,73,422,86,-7.877936150180176e-05
36,74,422,15,0.0006290930905379355
36,75,422,13,4.2470492189750075e-05
36,76,422,82,-3.3769865694921464e-05
36,77,422,81,-6.812308129156008e-05
36,78,422,80,-1.4885989685353707e-06
36,79,422,191,1.2108418559364509e-05
36,80,422,78,2.0698586013168097e-05
36,81,422,95,2.365395994274877e-05
36,82,422,88,0.0001736628037178889
36,83,422,178,0.0001143930057878606
36,84,422,87,-0.0005088422331027687
36,85,422,14,0.00015427616017404944
36,86,422,267,-0.00012229163257870823
36,87,422,269,0.000239529152167961
36,88,422,270,0.00013595419295597821
36,89,422,409,0.035611677914857864
36,90,422,291,0.026751622557640076
36,91,422,375,0.0001735850382829085
36,92,422,321,0.00010220201511401683
36,93,422,405,0.00011676610301947221
36,94,422,314,0.00023957710072863847
36,95,422,302,-0.0002756960457190871
36,96,422,303,-0.0001348053920082748
36,97,422,304,9.434294770471752e-05
36,98,422,408,0.04294180870056152
36,99,422,307,0.0278171356767416
36,100,422,320,0.020376428961753845
36,101,422,404,4.4889598939334974e-05
36,102,422,315,0.0036781441885977983
36,103,422,268,-0.00026777549646794796
36,104,422,271,0.00012457690900191665
36,105,422,272,0.03892629221081734
36,106,422,325,0.043410249054431915
36,107,422,319,0.043336160480976105
36,108,422,403,0.00017379214114043862
36,109,422,316,0.00018617784371599555
36,110,422,312,0.00014601832663174719
36,111,422,311,0.001882619340904057
36,112,422,310,2.5660518076620065e-05
36,113,422,415,0.054247960448265076
36,114,422,308,0.0001659603149164468
36,115,422,324,0.0002882324915844947
36,116,422,318,0.00015777522639837116
36,117,422,402,0.00020558631513267756
36,118,422,317,0.0008108698530122638
37,38,432,436,8.923426503315568e-05
37,39,432,426,2.3392296498059295e-05
37,40,432,423,-0.0002995399700012058
37,41,432,427,0.00014924585411790758
37,42,432,425,0.00021492692758329213
37,43,432,327,0.00018601023475639522
37,44,432,326,-8.873684419086203e-05
37,45,432,0,8.205295307561755e-05
37,46,432,37,6.583373033208773e-05
37,47,432,39,-0.00010293361992808059
37,48,432,40,8.865299605531618e-05
37,49,432,185,-9.731544196256436e-06
37,50,432,61,-0.00012081309250788763
37,51,432,146,5.135958417668007e-05
37,52,432,91,6.295790808508173e-05
37,53,432,181,0.00013227474119048566
37,54,432,84,0.00026195921236649156
37,55,432,17,0.00040715234354138374
37,56,432,11,-0.0001915919710882008
37,57,432,72,7.920781354187056e-05
37,58,432,73,-7.738431304460391e-05
37,59,432,74,4.089140929863788e-05
37,60,432,184,-8.146816253429279e-05
37,61,432,77,-6.061135536583606e-06
37,62,432,90,8.668719965498894e-05
37,63,432,180,3.024873512913473e-05
37,64,432,85,0.00010317672422388569
37,65,432,16,0.00048380004591308534
37,66,432,12,6.681898230453953e-05
37,67,432,38,-8.477913797833025e-05
37,68,432,41,2.7260328351985663e-05
37,69,432,42,-5.157791019883007e-05
37,70,432,96,7.434401049977168e-05
37,71,432,89,0.0002504820586182177
37,72,432,179,-0.0006588567630387843
37,73,432,86,0.00021037019905634224
37,74,432,15,0.0003888941428158432
37,75,432,13,0.00011917999654542655
37,76,432,82,5.253463677945547e-05
37,77,432,81,7.680925045860931e-05
37,78,432,80,5.441046960186213e-05
37,79,432,191,2.480098555679433e-05
37,80,432,78,4.913298107567243e-05
37,81,432,95,0.00021466813632287085
37,82,432,88,2.118743577739224e-05
37,83,432,178,-8.398926729569212e-05
37,84,432,87,0.0001524078252259642
37,85,432,14,0.00030797571525909007
37,86,432,267,0.00013267008762340993
37,87,432,269,0.00021169130923226476
37,88,432,270,9.91301640169695e-05
37,89,432,409,0.03943835571408272
37,90,432,291,0.041277870535850525
37,91,432,375,0.047902911901474
37,92,432,321,0.005343979224562645
37,93,432,405,0.0003140090557280928
37,94,432,314,0.009130595251917839
37,95,432,302,9.90450062090531e-05
37,96,432,303,-0.00012153638817835599
37,97,432,304,0.013265096582472324
37,98,432,408,0.03838777542114258
37,99,432,307,0.04237983003258705
37,100,432,320,0.02648596465587616
37,101,432,404,0.0004280551220290363
37,102,432,315,0.013427169993519783
37,103,432,268,7.144912524381652e-05
37,104,432,271,0.00016024697106331587
37,105,432,272,0.021806130185723305
37,106,432,325,0.03833076357841492
37,107,432,319,0.020168844610452652
37,108,432,403,0.00042909744661301374
37,109,432,316,0.015209591016173363
37,110,432,312,-7.822566840332001e-05
37,111,432,311,0.040596701204776764
37,112,432,310,0.03041129931807518
37,113,432,415,0.038735341280698776
37,114,432,308,0.058905404061079025
37,115,432,324,0.01256397645920515
37,116,432,318,0.036573950201272964
37,117,432,402,6.142925121821463e-05
37,118,432,317,0.01080496609210968
38,39,436,426,-0.0001619546819711104
38,40,436,423,-0.00016123698151204735
38,41,436,427,6.732880865456536e-05
38,42,436,425,-5.428020813269541e-05
38,43,436,327,-1.144666202890221e-05
38,44,436,326,0.00021193677093833685
38,45,436,0,-0.00013135727203916758
38,46,436,37,6.49775902274996e-05
38,47,436,39,3.989977267337963e-05
38,48,436,40,-5.665659409714863e-05
38,49,436,185,-4.390535832499154e-05
38,50,436,61,-0.0001774922857293859
38,51,436,146,4.451125278137624e-05
38,52,436,91,6.053584729670547e-05
38,53,436,181,0.0002596661797724664
38,54,436,84,0.00025574731989763677
38,55,436,17,0.00023219587455969304
38,56,436,11,2.936209421022795e-05
38,57,436,72,0.00014224692131392658
38,58,436,73,-4.425939550856128e-06
38,59,436,74,-4.757302667712793e-05
38,60,436,184,3.231913433410227e-05
38,61,436,77,2.8409529477357864e-05
38,62,436,90,0.0002248534729005769
38,63,436,180,0.0003169874253217131
38,64,436,85,0.0003110435209237039
38,65,436,16,0.00016648908786009997
38,66,436,12,0.00033623407944105566
38,67,436,38,7.0022746513132e-05
38,68,436,41,0.0002045134169748053
38,69,436,42,0.00021349560120142996
38,70,436,96,-6.939986633369699e-05
38,71,436,89,7.366937643382698e-05
38,72,436,179,-0.0001758730795700103
38,73,436,86,0.00041368009988218546
38,74,436,15,0.0003780372207984328
38,75,436,13,-2.7746411433327012e-05
38,76,436,82,-1.0620718740028678e-06
38,77,436,81,4.924712993670255e-05
38,78,436,80,-2.779567330435384e-05
38,79,436,191,2.3986633095773868e-05
38,80,436,78,1.8782047845888883e-05
38,81,436,95,-6.402187864296138e-05
38,82,436,88,0.00019987816631328315
38,83,436,178,-3.340647526783869e-05
38,84,436,87,-2.420748205622658e-05
38,85,436,14,0.00028905554790981114
38,86,436,267,-0.00014412328891921788
38,87,436,269,5.623502147500403e-05
38,88,436,270,0.00023822829825803638
38,89,436,409,0.01051549706608057
38,90,436,291,0.00030094326939433813
38,91,436,375,0.019914204254746437
38,92,436,321,0.00014654974802397192
38,93,436,405,-5.156693805474788e-05
38,94,436,314,0.00043728205491788685
38,95,436,302,-5.443305417429656e-05
38,96,436,303,0.0001377324078930542
38,97,436,304,8.181287557817996e-05
38,98,436,408,0.0005344942910596728
38,99,436,307,0.01865035854279995
38,100,436,320,0.018223118036985397
38,101,436,404,0.00019975607574451715
38,102,436,315,0.0033848171588033438
38,103,436,268,-2.5109060516115278e-05
38,104,436,271,0.00012512570538092405
38,105,436,272,2.8185613700770773e-05
38,106,436,325,0.03846105933189392
38,107,436,319,0.00012273387983441353
38,108,436,403,0.00023260636953637004
38,109,436,316,0.00014936125080566853
38,110,436,312,-0.0001254699454875663
38,111,436,311,-6.815369124524295e-05
38,112,436,310,-8.062975393841043e-05
38,113,436,415,9.627699182601646e-05
38,114,436,308,-7.939564966363832e-05
38,115,436,324,0.000134962989250198
38,116,436,318,0.00019346625776961446
38,117,436,402,0.00027301706722937524
38,118,436,317,0.0003109944227617234
39,40,426,423,0.00021438513067550957
39,41,426,427,-0.0002728223043959588
39,42,426,425,7.575970812467858e-05
39,43,426,327,-0.0001592654880369082
39,44,426,326,0.0001542866521049291
39,45,426,0,6.67529966449365e-05
39,46,426,37,0.00019256622181273997
39,47,426,39,0.00012075577978976071
39,48,426,40,-5.709263859898783e-05
39,49,426,185,4.956636985298246e-05
39,50,426,61,8.760570926824585e-05
39,51,426,146,0.00015216173778753728
39,52,426,91,0.00012122502084821463
39,53,426,181,-8.954845543485135e-05
39,54,426,84,5.606114791589789e-05
39,55,426,17,0.007974333129823208
39,56,426,11,2.8042248231940903e-05
39,57,426,72,6.45726831862703e-05
39,58,426,73,4.679072389990324e-06
39,59,426,74,0.00013563752872869372
39,60,426,184,9.358753595734015e-05
39,61,426,77,0.0002012797922361642
39,62,426,90,0.0001363092742394656
39,63,426,180,0.00019480347691569477
39,64,426,85,0.0005820030928589404
39,65,426,16,0.019135942682623863
39,66,426,12,0.00016724296438042074
39,67,426,38,-2.3130691261030734e-05
39,68,426,41,-9.248471906175837e-05
39,69,426,42,-0.0004292192461434752
39,70,426,96,2.9001212169532664e-05
39,71,426,89,5.5578359024366364e-05
39,72,426,179,4.633667049347423e-05
39,73,426,86,0.0005633530090562999
39,74,426,15,0.011364770121872425
39,75,426,13,-7.108702266123146e-05
39,76,426,82,-4.270327553967945e-05
39,77,426,81,3.795033262576908e-05
39,78,426,80,4.568740041577257e-05
39,79,426,191,1.1163078852405306e-05
39,80,426,78,1.6309068087139167e-05
39,81,426,95,0.00010168496373808011
39,82,426,88,0.00011127285688417032
39,83,426,178,0.0002427503204671666
39,84,426,87,7.035941234789789e-05
39,85,426,14,0.009474526159465313
39,86,426,267,-5.059605246060528e-05
39,87,426,269,-4.51673440693412e-05
39,88,426,270,1.8287686032181227e-07
39,89,426,409,0.006680949125438929
39,90,426,291,0.0003924916672986001
39,91,426,375,0.00015620753401890397
39,92,426,321,0.0006093240226618946
39,93,426,405,0.010149599984288216
39,94,426,314,0.06106581911444664
39,95,426,302,4.306621121941134e-05
39,96,426,303,0.0003577125899028033
39,97,426,304,0.00031338384724222124
39,98,426,408,0.00023992038040887564
39,99,426,307,-9.778924868442118e-05
39,100,426,320,0.001621417934074998
39,101,426,404,0.00665742252022028
39,102,426,315,0.04088738560676575
39,103,426,268,-6.636940815951675e-05
39,104,426,271,0.00013999355724081397
39,105,426,272,5.367062476580031e-05
39,106,426,325,-0.000151495638419874
39,107,426,319,6.182648940011859e-05
39,108,426,403,0.00020696333376690745
39,109,426,316,0.02485049143433571
39,110,426,312,0.0004304028698243201
39,111,426,311,-4.374131458462216e-05
39,112,426,310,4.204315337119624e-05
39,113,426,415,6.927260983502492e-05
39,114,426,308,0.00023543857969343662
39,115,426,324,-9.022743324749172e-05
39,116,426,318,0.0008305584196932614
39,117,426,402,0.0007698136614635587
39,118,426,317,0.010418667457997799
40,41,423,427,5.4443302360596135e-05
40,42,423,425,-1.0586825737846084e-05
40,43,423,327,-5.052563938079402e-05
40,44,423,326,4.958229692419991e-05
40,45,423,0,0.00020607105398084968
40,46,423,37,0.0002062734420178458
40,47,423,39,-0.0001583160919835791
40,48,423,40,5.727220013795886e-06
40,49,423,185,-0.00023796352616045624
40,50,423,61,-0.00017426990962121636
40,51,423,146,4.4377004087436944e-05
40,52,423,91,-5.1825743867084384e-05
40,53,423,181,0.0004327583301346749
40,54,423,84,-0.00010237789683742449
40,55,423,17,0.00017993916117120534
40,56,423,11,0.00020160498388577253
40,57,423,72,0.00018323204130865633
40,58,423,73,-0.00019640893151517957
40,59,423,74,-9.146099910140038e-05
40,60,423,184,5.475731086335145e-05
40,61,423,77,-0.00017758450121618807
40,62,423,90,-9.734888408274855e-06
40,63,423,180,-0.00010141373059013858
40,64,423,85,-2.2907730453880504e-05
40,65,423,16,0.02602541819214821
40,66,423,12,0.00029651043587364256
40,67,423,38,-6.532776751555502e-06
40,68,423,41,3.819448102149181e-05
40,69,423,42,-2.0692779798991978e-05
40,70,423,96,6.433899397961795e-05
40,71,423,89,-0.00016311509534716606
40,72,423,179,0.00018697876657824963
40,73,423,86,-2.8432961698854342e-05
40,74,423,15,0.023442499339580536
40,75,423,13,0.00019357773999217898
40,76,423,82,-2.0959834728273563e-05
40,77,423,81,-6.108645902713761e-05
40,78,423,80,-0.000146266829688102
40,79,423,191,-2.6468960641068406e-05
40,80,423,78,-0.00012407766189426184
40,81,423,95,1.5109451851458289e-05
40,82,423,88,0.00013463175855576992
40,83,423,178,-3.9237453165696934e-05
40,84,423,87,6.39647405478172e-05
40,85,423,14,0.000737731228582561
40,86,423,267,0.00010572843166301027
40,87,423,269,0.00017792946891859174
40,88,423,270,0.00037805811734870076
40,89,423,409,-0.00038529752055183053
40,90,423,291,-0.00013585700071416795
40,91,423,375,-0.0003089160309173167
40,92,423,321,0.00030366252758540213
40,93,423,405,2.9511100365198217e-05
40,94,423,314,0.05622532591223717
40,95,423,302,-0.00021504324104171246
40,96,423,303,1.97113386093406e-05
40,97,423,304,0.00023047799186315387
40,98,423,408,5.582192534347996e-05
40,99,423,307,0.00029356611776165664
40,100,423,320,0.0012259178329259157
40,101,423,404,-9.589985711500049e-05
40,102,423,315,0.011186053976416588
40,103,423,268,0.00036501759313978255
40,104,423,271,4.8279449401888996e-05
40,105,423,272,0.00017469562590122223
40,106,423,325,0.0003134056751150638
40,107,423,319,2.2952965082367882e-05
40,108,423,403,0.0007497884798794985
40,109,423,316,0.0009075097623281181
40,110,423,312,-0.0002163361496059224
40,111,423,311,-0.00017664890037849545
40,112,423,310,-9.071802196558565e-05
40,113,423,415,9.73189453361556e-05
40,114,423,308,-1.5727996469649952e-06
40,115,423,324,0.00019804007024504244
40,116,423,318,0.0001297436247114092
40,117,423,402,0.00045085183228366077
40,118,423,317,0.016668861731886864
41,42,427,425,-0.00026934826746582985
41,43,427,327,6.43686653347686e-05
41,44,427,326,-0.00011824755347333848
41,45,427,0,0.00025712221395224333
41,46,427,37,0.00010801801545312628
41,47,427,39,-0.0003361433045938611
41,48,427,40,-7.051247666822746e-05
41,49,427,185,-5.432367106550373e-05
41,50,427,61,2.0066612705704756e-05
41,51,427,146,0.00024142923939507455
41,52,427,91,5.752542710979469e-05
41,53,427,181,-9.298712029703893e-06
41,54,427,84,0.0002373328898102045
41,55,427,17,0.00026294190320186317
41,56,427,11,0.0002741080825217068
41,57,427,72,1.0567765457381029e-05
41,58,427,73,2.9835422537871636e-05
41,59,427,74,-0.00010698766709538177
41,60,427,184,-0.0003252737515140325
41,61,427,77,-2.3359927581623197e-05
41,62,427,90,-0.00013071052671875805
41,63,427,180,-4.6281860704766586e-05
41,64,427,85,2.0430279619176872e-05
41,65,427,16,0.0007873429567553103
41,66,427,12,0.0002493037609383464
41,67,427,38,4.171955515630543e-05
41,68,427,41,-0.00010927575203822926
41,69,427,42,-0.0004444070509634912
41,70,427,96,0.00011734553845599294
41,71,427,89,0.00013394543202593923
41,72,427,179,0.0003450784715823829
41,73,427,86,0.0002652304829098284
41,74,427,15,0.0002505129959899932
41,75,427,13,1.4321209164336324e-05
41,76,427,82,0.0003541996702551842
41,77,427,81,-0.00010888087854254991
41,78,427,80,-0.00034014173434115946
41,79,427,191,-9.924513869918883e-05
41,80,427,78,2.1390440451796167e-05
41,81,427,95,3.2781441404949874e-05
41,82,427,88,-6.146902160253376e-05
41,83,427,178,9.759693057276309e-05
41,84,427,87,4.3704494601115584e-05
41,85,427,14,0.0002463095879647881
41,86,427,267,0.00017602149455342442
41,87,427,269,0.0002444774436298758
41,88,427,270,5.424013579613529e-05
41,89,427,409,0.00028102649957872927
41,90,427,291,0.00012738133955281228
41,91,427,375,0.0001957040512934327
41,92,427,321,2.138777381333057e-05
41,93,427,405,0.00026357779279351234
41,94,427,314,0.04299236088991165
41,95,427,302,0.0005443927948363125
41,96,427,303,-9.107673577091191e-06
41,97,427,304,0.0005384905962273479
41,98,427,408,0.00012957867875229567
41,99,427,307,8.523667929694057e-05
41,100,427,320,0.00039577519055455923
41,101,427,404,0.00032236732658930123
41,102,427,315,0.03374389559030533
41,103,427,268,0.000508794910274446
41,104,427,271,0.0012410617200657725
41,105,427,272,0.00014433432079385966
41,106,427,325,-2.4892968212952837e-05
41,107,427,319,0.00036032937350682914
41,108,427,403,0.0005483214044943452
41,109,427,316,0.006453792564570904
41,110,427,312,0.0015416140668094158
41,111,427,311,3.685589035740122e-05
41,112,427,310,-0.00011586822074605152
41,113,427,415,-0.00015359069220721722
41,114,427,308,0.00030782996327616274
41,115,427,324,0.000525165640283376
41,116,427,318,0.00010075784666696563
41,117,427,402,0.00029080588137730956
41,118,427,317,1.9413164409343153e-05
42,43,425,327,0.0002285992813995108
42,44,425,326,-2.68763742496958e-05
42,45,425,0,0.00031686824513599277
42,46,425,37,0.00016503705410286784
42,47,425,39,8.246828656410798e-05
42,48,425,40,-0.0001821948098950088
42,49,425,185,-0.0036507684271782637
42,50,425,61,9.656224574428052e-05
42,51,425,146,1.0782523531815968e-05
42,52,425,91,0.00018182292114943266
42,53,425,181,-5.087763929623179e-05
42,54,425,84,0.0001281796721741557
42,55,425,17,0.015043716877698898
42,56,425,11,-0.00015797938976902515
42,57,425,72,0.00014168793859425932
42,58,425,73,5.8588913816493005e-05
42,59,425,74,-0.000231178491958417
42,60,425,184,3.416898471186869e-05
42,61,425,77,0.00010672452481230721
42,62,425,90,4.663015261030523e-06
42,63,425,180,-8.387330126424786e-06
42,64,425,85,-5.51722951058764e-05
42,65,425,16,0.0029112864285707474
42,66,425,12,-8.608570351498201e-05
42,67,425,38,4.5063396100886166e-05
42,68,425,41,-0.0002876190410461277
42,69,425,42,-0.00011877585347974673
42,70,425,96,-0.00018081719463225454
42,71,425,89,0.000290181691525504
42,72,425,179,0.0001163801716757007
42,73,425,86,0.00020709676027763635
42,74,425,15,0.000320097547955811
42,75,425,13,-5.480534309754148e-05
42,76,425,82,0.00018579588504508138
42,77,425,81,5.965059244772419e-05
42,78,425,80,0.00017129302432294935
42,79,425,191,-7.526759145548567e-05
42,80,425,78,2.9486243874998763e-05
42,81,425,95,-2.502879942767322e-05
42,82,425,88,0.00015107887156773359
42,83,425,178,0.0001761085877660662
42,84,425,87,8.59719148138538e-05
42,85,425,14,0.00010443643986945972
42,86,425,267,3.7315930967452005e-05
42,87,425,269,2.9060513043077663e-05
42,88,425,270,-3.6640158214140683e-06
42,89,425,409,0.00033951280056498945
42,90,425,291,0.00011511475895531476
42,91,425,375,0.00027610748657025397
42,92,425,321,5.3826872317586094e-05
42,93,425,405,0.0002552442019805312
42,94,425,314,0.010081031359732151
42,95,425,302,0.0001336486602667719
42,96,425,303,0.00010911774734267965
42,97,425,304,-5.324788435245864e-05
42,98,425,408,0.0002514067164156586
42,99,425,307,0.0005522043793462217
42,100,425,320,0.0001439212792320177
42,101,425,404,0.000604397093411535
42,102,425,315,0.03263374790549278
42,103,425,268,8.113999683700968e-06
42,104,425,271,-7.102340896381065e-05
42,105,425,272,0.00010847226076293737
42,106,425,325,-0.0001720955187920481
42,107,425,319,0.00013030492118559778
42,108,425,403,0.0007619811221957207
42,109,425,316,0.015841199085116386
42,110,425,312,-1.1380985597497784e-05
42,111,425,311,-8.295336010633036e-05
42,112,425,310,-0.00011786013055825606
42,113,425,415,0.0004260148562025279
42,114,425,308,0.00031788472551852465
42,115,425,324,-6.276333442656323e-05
42,116,425,318,0.00018936110427603126
42,117,425,402,0.0008219373412430286
42,118,425,317,0.00033488389453850687
43,44,327,326,-0.00013381928147282451
43,45,327,0,-0.0003472345706541091
43,46,327,37,-0.00016891013365238905
43,47,327,39,0.00016813121328596026
43,48,327,40,-0.0002050000475719571
43,49,327,185,7.468458352377638e-05
43,50,327,61,0.00011055578215746209
43,51,327,146,0.00010217649833066389
43,52,327,91,0.00011235907732043415
43,53,327,181,-5.2294853958301246e-05
43,54,327,84,0.0004869226540904492
43,55,327,17,2.3311491531785578e-05
43,56,327,11,-3.666423071990721e-05
43,57,327,72,-1.0117739293491468e-05
43,58,327,73,-4.513894236879423e-05
43,59,327,74,-7.187967275967821e-05
43,60,327,184,6.520492752315477e-05
43,61,327,77,0.00014680702588520944
43,62,327,90,0.0001898115297080949
43,63,327,180,0.0002814680337905884
43,64,327,85,0.00023851313744671643
43,65,327,16,0.0002592092496342957
43,66,327,12,0.0002135440008714795
43,67,327,38,-1.2131006769777741e-05
43,68,327,41,0.00015318328223656863
43,69,327,42,-0.00015358946984633803
43,70,327,96,-7.376508438028395e-05
43,71,327,89,0.00041200625128112733
43,72,327,179,0.00027750551817007363
43,73,327,86,7.929302228149027e-05
43,74,327,15,0.00033110458753071725
43,75,327,13,0.00014189437206368893
43,76,327,82,-5.2088262236793526e-06
43,77,327,81,-9.881336154649034e-05
43,78,327,80,8.30708540888736e-06
43,79,327,191,7.014257425907999e-05
43,80,327,78,1.825504114094656e-05
43,81,327,95,6.528424273710698e-05
43,82,327,88,2.265946204715874e-05
43,83,327,178,-0.0001144999623647891
43,84,327,87,0.000327657355228439
43,85,327,14,-2.729775951593183e-05
43,86,327,267,-0.0001870300038717687
43,87,327,269,-5.210703602642752e-05
43,88,327,270,0.00027663048240356147
43,89,327,409,-2.6711722966865636e-05
43,90,327,291,5.894788773730397e-05
43,91,327,375,-0.00014044254203327
43,92,327,321,-0.00022341337171383202
43,93,327,405,0.0006125802756287158
43,94,327,314,-6.851137732155621e-05
43,95,327,302,0.0002721781493164599
43,96,327,303,6.014490281813778e-05
43,97,327,304,0.0001680179702816531
43,98,327,408,-0.00010106962872669101
43,99,327,307,-3.735493010026403e-05
43,100,327,320,-0.0003500171296764165
43,101,327,404,-0.00023192727530840784
43,102,327,315,0.0003315104404464364
43,103,327,268,-0.00014806754188612103
43,104,327,271,-7.057149923639372e-05
43,105,327,272,4.2614119593054056e-05
43,106,327,325,0.00016081120702438056
43,107,327,319,-0.00043096765875816345
43,108,327,403,0.00015019449347164482
43,109,327,316,-7.356393325608224e-05
43,110,327,312,-0.00017249476513825357
43,111,327,311,0.0002211012179031968
43,112,327,310,-0.0003300992539152503
43,113,327,415,4.183485361863859e-05
43,114,327,308,0.0001530977460788563
43,115,327,324,-0.00010366670176154003
43,116,327,318,-0.000971045286860317
43,117,327,402,0.00040655056363902986
43,118,327,317,0.0001254236267413944
44,45,326,0,0.00019875929865520447
44,46,326,37,8.930400508688763e-05
44,47,326,39,0.00023016358318272978
44,48,326,40,-4.047201946377754e-05
44,49,326,185,-0.00017905907589010894
44,50,326,61,0.0006839157431386411
44,51,326,146,-0.00017386316903866827
44,52,326,91,-7.330851803999394e-05
44,53,326,181,8.432749746134505e-05
44,54,326,84,7.660135452169925e-05
44,55,326,17,2.513021718186792e-05
44,56,326,11,-0.00016309687634930015
44,57,326,72,4.6745171857764944e-05
44,58,326,73,6.252869934542105e-05
44,59,326,74,-0.00018557003932073712
44,60,326,184,-6.594518345082179e-05
44,61,326,77,2.1390815163613297e-05
44,62,326,90,0.0001541574893053621
44,63,326,180,0.00025800615549087524
44,64,326,85,0.00010896511230384931
44,65,326,16,-1.1570681635930669e-05
44,66,326,12,6.960222526686266e-05
44,67,326,38,0.00015387471648864448
44,68,326,41,-6.131339887360809e-06
44,69,326,42,-0.0002666523214429617
44,70,326,96,0.0013828858500346541
44,71,326,89,6.280410889303312e-05
44,72,326,179,-4.180568430456333e-05
44,73,326,86,0.0001005903395707719
44,74,326,15,0.00016262286226265132
44,75,326,13,4.791926039615646e-05
44,76,326,82,0.00016936635074671358
44,77,326,81,-8.212465036194772e-05
44,78,326,80,9.101890464080498e-05
44,79,326,191,-0.00022858592274133116
44,80,326,78,0.00012085104390280321
44,81,326,95,-0.00026152675854973495
44,82,326,88,-6.78335054544732e-05
44,83,326,178,-8.912579505704343e-05
44,84,326,87,2.6442361559020355e-05
44,85,326,14,0.00027333060279488564
44,86,326,267,-3.627311161835678e-05
44,87,326,269,-0.00020197908452246338
44,88,326,270,-0.0001537865464342758
44,89,326,409,-8.882811380317435e-05
44,90,326,291,-4.4675729441223666e-05
44,91,326,375,-0.00030152848921716213
44,92,326,321,-8.925867587095127e-05
44,93,326,405,-0.0012584839714691043
44,94,326,314,-0.0003069907834287733
44,95,326,302,-2.85952501144493e-05
44,96,326,303,-0.00012376470840536058
44,97,326,304,-0.0001493395393481478
44,98,326,408,-0.00013752975792158395
44,99,326,307,-6.391643546521664e-05
44,100,326,320,-5.464782952913083e-05
44,101,326,404,-0.002152354922145605
44,102,326,315,-0.0003460250445641577
44,103,326,268,-0.00011745814117603004
44,104,326,271,-0.0002217053552158177
44,105,326,272,-0.0003652987361419946
44,106,326,325,-0.0002366668777540326
44,107,326,319,-0.00028532667784020305
44,108,326,403,-0.0005029474850744009
44,109,326,316,-0.00032775953877717257
44,110,326,312,0.0001400654873577878
44,111,326,311,-2.2182128304848447e-05
44,112,326,310,-0.00019062265346292406
44,113,326,415,-0.00029793407884426415
44,114,326,308,-0.0001207307432196103
44,115,326,324,-0.000286376423900947
44,116,326,318,-0.00017062175902538002
44,117,326,402,-0.00016347994096577168
44,118,326,317,4.946127228322439e-05
45,46,0,37,9.491350647294894e-05
45,47,0,39,-0.0001693361409706995
45,48,0,40,-0.00037057374720461667
45,49,0,185,-0.00019531024736352265
45,50,0,61,-0.00013664099969901145
45,51,0,146,-0.00015921576414257288
45,52,0,91,0.00021447593462653458
45,53,0,181,-6.767654122086242e-05
45,54,0,84,3.531547690727166e-06
45,55,0,17,-9.734796913107857e-05
45,56,0,11,0.00015074455586727709
45,57,0,72,-0.00013959720672573894
45,58,0,73,-0.00010281169670633972
45,59,0,74,-0.000441638141637668
45,60,0,184,-0.00027210102416574955
45,61,0,77,6.492415559478104e-05
45,62,0,90,-9.163860340777319e-06
45,63,0,180,8.863931725500152e-05
45,64,0,85,5.425356357591227e-05
45,65,0,16,-8.637922292109579e-05
45,66,0,12,0.00010674918303266168
45,67,0,38,7.795815326971933e-05
45,68,0,41,-0.00038410446722991765
45,69,0,42,-0.0001623269054107368
45,70,0,96,-0.0001394074351992458
45,71,0,89,6.326215952867642e-06
45,72,0,179,6.37789344182238e-05
45,73,0,86,5.0420116167515516e-05
45,74,0,15,-9.073395631276071e-05
45,75,0,13,3.923765689251013e-05
45,76,0,82,-3.873833702527918e-05
45,77,0,81,-0.0004101271915715188
45,78,0,80,-0.00014817614282947034
45,79,0,191,1.3130351362633519e-05
45,80,0,78,-0.00019432145927567035
45,81,0,95,1.0659587132977322e-05
45,82,0,88,-5.529234476853162e-05
45,83,0,178,0.00014098561950959265
45,84,0,87,8.906700531952083e-05
45,85,0,14,-2.0911113097099587e-05
45,86,0,267,5.613578105112538e-05
45,87,0,269,-2.8199096050229855e-05
45,88,0,270,-8.883010741556063e-05
45,89,0,409,-0.00907825492322445
45,90,0,291,-2.9384553272393532e-05
45,91,0,375,-0.020479001104831696
45,92,0,321,-0.00025126890977844596
45,93,0,405,-0.0005428355652838945
45,94,0,314,-0.0002712882123887539
45,95,0,302,-0.00011349016131134704
45,96,0,303,-0.00020401249639689922
45,97,0,304,4.0795111999614164e-05
45,98,0,408,5.780581705039367e-05
45,99,0,307,-0.00012567741214297712
45,100,0,320,-0.00022080242342781276
45,101,0,404,-0.00034272632910870016
45,102,0,315,-0.0008032115874812007
45,103,0,268,-0.00012375311052892357
45,104,0,271,-0.00027821556432172656
45,105,0,272,-0.00011692952830344439
45,106,0,325,-0.0002489444159436971
45,107,0,319,-0.0005530965863727033
45,108,0,403,2.9116878067725338e-05
45,109,0,316,5.9646310546668246e-05
45,110,0,312,9.244143438991159e-05
45,111,0,311,2.6611714929458685e-06
45,112,0,310,0.00023615456302650273
45,113,0,415,5.9365447668824345e-06
45,114,0,308,-1.8368327800999396e-05
45,115,0,324,-5.152790618012659e-05
45,116,0,318,-0.00020376089378260076
45,117,0,402,-3.983572605648078e-05
45,118,0,317,-0.0003407512267585844
46,47,37,39,-8.371628064196557e-05
46,48,37,40,-2.5008745296872803e-07
46,49,37,185,5.658182544721058e-06
46,50,37,61,-0.0003862307930830866
46,51,37,146,-3.2885378459468484e-05
46,52,37,91,-0.0002019359526457265
46,53,37,181,-1.585250902280677e-05
46,54,37,84,-3.4807384508894756e-05
46,55,37,17,-0.0008380303625017405
46,56,37,11,6.003582257108064e-06
46,57,37,72,1.989104475796921e-06
46,58,37,73,-4.1844043153105304e-05
46,59,37,74,-5.3115119953872636e-05
46,60,37,184,9.75475340965204e-05
46,61,37,77,-0.0002407250867690891
46,62,37,90,4.72793253720738e-05
46,63,37,180,0.00013183316332288086
46,64,37,85,2.4804623535601422e-05
46,65,37,16,-0.0003874034737236798
46,66,37,12,-1.722777778923046e-05
46,67,37,38,0.00032315863063558936
46,68,37,41,-6.770067557226866e-05
46,69,37,42,-0.0001946934062289074
46,70,37,96,-0.000267416937276721
46,71,37,89,-0.00022482970962300897
46,72,37,179,6.588128599105403e-05
46,73,37,86,-6.314573056442896e-06
46,74,37,15,-0.000646276748739183
46,75,37,13,-2.1332210963009857e-05
46,76,37,82,-0.0002462789707351476
46,77,37,81,-0.00013715533714275807
46,78,37,80,-0.0003073053085245192
46,79,37,191,1.6790101653896272e-05
46,80,37,78,-0.00021697299962397665
46,81,37,95,3.752427801373415e-05
46,82,37,88,-0.00016822856559883803
46,83,37,178,-0.00011166599142597988
46,84,37,87,3.6934405216015875e-05
46,85,37,14,-0.00021323582041077316
46,86,37,267,-0.00014846079284325242
46,87,37,269,-0.00010052568541141227
46,88,37,270,-4.323872781242244e-05
46,89,37,409,-0.00020510853209998459
46,90,37,291,0.00013600013335235417
46,91,37,375,-0.004976783879101276
46,92,37,321,2.7021569621865638e-06
46,93,37,405,-0.0002312792494194582
46,94,37,314,-3.0415178116527386e-05
46,95,37,302,-0.00020919293456245214
46,96,37,303,-0.00019968868582509458
46,97,37,304,-0.00021067674970254302
46,98,37,408,-8.053771307459101e-05
46,99,37,307,-0.010979380458593369
46,100,37,320,-0.00020586297614499927
46,101,37,404,-0.0009639667114242911
46,102,37,315,-0.00041647886973805726
46,103,37,268,-7.331139931920916e-05
46,104,37,271,-0.00015768196317367256
46,105,37,272,-5.1915092626586556e-05
46,106,37,325,5.140919893165119e-05
46,107,37,319,-0.0002749091072473675
46,108,37,403,-0.00030763191170990467
46,109,37,316,4.58222275483422e-05
46,110,37,312,4.780055314768106e-05
46,111,37,311,-0.0002517115499358624
46,112,37,310,-0.0002002768451347947
46,113,37,415,-1.2396143574733287e-05
46,114,37,308,-9.870872600004077e-05
46,115,37,324,-0.0001385474024573341
46,116,37,318,-0.00034737412352114916
46,117,37,402,-0.00036271518911235034
46,118,37,317,-0.00047170912148430943
47,48,39,40,-0.00014326427481137216
47,49,39,185,-0.00013964809477329254
47,50,39,61,-0.0004389382083900273
47,51,39,146,-0.00022212202020455152
47,52,39,91,-3.834185190498829e-05
47,53,39,181,2.9258753784233704e-05
47,54,39,84,-0.0003057713038288057
47,55,39,17,-0.000788084464147687
47,56,39,11,-0.00014063736307434738
47,57,39,72,2.3322591005126014e-05
47,58,39,73,0.00034598828642629087
47,59,39,74,-8.89618240762502e-05
47,60,39,184,-0.00013191514881327748
47,61,39,77,9.08576294023078e-06
47,62,39,90,0.00011140690185129642
47,63,39,180,-2.9803806683048606e-05
47,64,39,85,-0.00016855921421665698
47,65,39,16,-0.0005183801404200494
47,66,39,12,-0.00040049932431429625
47,67,39,38,-0.0003415440151002258
47,68,39,41,0.00023277333821170032
47,69,39,42,-0.0002595651021692902
47,70,39,96,-0.0002718706673476845
47,71,39,89,0.00015939133299980313
47,72,39,179,-0.00010370492236688733
47,73,39,86,-0.00042211037361994386
47,74,39,15,-0.0003467296774033457
47,75,39,13,-0.00028949324041604996
47,76,39,82,-0.0001767222856869921
47,77,39,81,4.0670573071110994e-05
47,78,39,80,-9.157706699625123e-06
47,79,39,191,7.715010724496096e-05
47,80,39,78,-2.3437238269252703e-05
47,81,39,95,-9.053711255546659e-05
47,82,39,88,-5.095121650811052e-06
47,83,39,178,-0.0004461258358787745
47,84,39,87,-0.0001879968331195414
47,85,39,14,-0.0010799653828144073
47,86,39,267,-5.413516555563547e-05
47,87,39,269,-3.896977432304993e-06
47,88,39,270,4.1029205021914095e-05
47,89,39,409,-0.00020550898625515401
47,90,39,291,-0.004076141398400068
47,91,39,375,-3.054381159017794e-05
47,92,39,321,-2.2088410332798958e-05
47,93,39,405,-1.8587921658763662e-05
47,94,39,314,-0.00017163302982226014
47,95,39,302,-0.0003050123923458159
47,96,39,303,-9.188295371131971e-05
47,97,39,304,-3.177756298100576e-05
47,98,39,408,-3.2291998650180176e-05
47,99,39,307,-0.00014144057058729231
47,100,39,320,-8.378682832699269e-05
47,101,39,404,-0.00016133318422362208
47,102,39,315,-0.0003516621654853225
47,103,39,268,-0.0003758202656172216
47,104,39,271,-0.0002475967921782285
47,105,39,272,-3.6670353438239545e-05
47,106,39,325,-8.783191879047081e-05
47,107,39,319,0.00010492024011909962
47,108,39,403,-5.9817972214659676e-05
47,109,39,316,-0.000247829535510391
47,110,39,312,-0.0003150684933643788
47,111,39,311,-4.392243135953322e-05
47,112,39,310,-0.00023611557844560593
47,113,39,415,-4.900919157080352e-05
47,114,39,308,-0.00018762709805741906
47,115,39,324,-5.655283166561276e-05
47,116,39,318,-4.766940764966421e-05
47,117,39,402,-0.000139979412779212
47,118,39,317,-0.0006659443024545908
48,49,40,185,-4.197628368274309e-05
48,50,40,61,-0.0004182676784694195
48,51,40,146,-1.014968984236475e-05
48,52,40,91,-2.3359305487247184e-05
48,53,40,181,1.953088394657243e-05
48,54,40,84,-0.0005727435927838087
48,55,40,17,-0.0013254836667329073
48,56,40,11,-0.00022399108274839818
48,57,40,72,-0.0001608149759704247
48,58,40,73,0.00012129604874644428
48,59,40,74,-0.00011517950042616576
48,60,40,184,-0.00014192362141329795
48,61,40,77,-2.3682285245740786e-05
48,62,40,90,0.0001850925909820944
48,63,40,180,-0.00011647927021840587
48,64,40,85,-0.0005459414096549153
48,65,40,16,-0.0006090574315749109
48,66,40,12,-0.00024267427215818316
48,67,40,38,-0.00018915299733635038
48,68,40,41,-4.392082701087929e-05
48,69,40,42,2.479986142134294e-05
48,70,40,96,0.00011502947745611891
48,71,40,89,2.1472214939421974e-05
48,72,40,179,-0.00012337877706158906
48,73,40,86,-0.000931787770241499
48,74,40,15,-0.0007437248132191598
48,75,40,13,-0.0001608212332939729
48,76,40,82,-0.00014122948050498962
48,77,40,81,-0.00014797037874814123
48,78,40,80,-3.379646659595892e-05
48,79,40,191,-0.00014261683099903166
48,80,40,78,-2.36655178014189e-05
48,81,40,95,1.1579426427488215e-05
48,82,40,88,-0.0003587515093386173
48,83,40,178,-0.0002618780417833477
48,84,40,87,-0.0019193256739526987
48,85,40,14,-0.0007308084750548005
48,86,40,267,-0.00010106704576173797
48,87,40,269,-0.00010916405881289393
48,88,40,270,-0.00020660474547185004
48,89,40,409,3.973141429014504e-05
48,90,40,291,-1.1821877706097439e-05
48,91,40,375,-0.00029651145450770855
48,92,40,321,-0.0002465537691023201
48,93,40,405,-0.0004726960323750973
48,94,40,314,-0.0003051344829145819
48,95,40,302,-0.00026601707213558257
48,96,40,303,-0.00010274818487232551
48,97,40,304,-9.162107016891241e-05
48,98,40,408,-5.921273441344965e-06
48,99,40,307,-0.0001506815169705078
48,100,40,320,-0.0002746566024143249
48,101,40,404,-0.000491588783916086
48,102,40,315,-0.0009019417339004576
48,103,40,268,-0.0002173499669879675
48,104,40,271,-0.00017722688789945096
48,105,40,272,-0.00010656016820576042
48,106,40,325,-1.2193369002488907e-05
48,107,40,319,-0.00011933624045923352
48,108,40,403,-0.00017116463277488947
48,109,40,316,-0.0007253536023199558
48,110,40,312,-0.00013278317055664957
48,111,40,311,-0.00019421092292759567
48,112,40,310,-1.0156490134249907e-05
48,113,40,415,-4.9012542149284855e-05
48,114,40,308,-1.8107348296325654e-05
48,115,40,324,-0.00012127391528338194
48,116,40,318,-0.0002502105198800564
48,117,40,402,-0.00027608429081737995
48,118,40,317,-0.0003451353113632649
49,50,185,61,-8.218736911658198e-05
49,51,185,146,-0.0002727838000282645
49,52,185,91,-0.0002471933257766068
49,53,185,181,-0.00019304320449009538
49,54,185,84,-0.00029470951994881034
49,55,185,17,-0.0010923492955043912
49,56,185,11,-0.0001677996915532276
49,57,185,72,-0.00012424986925907433
49,58,185,73,-6.162931822473183e-05
49,59,185,74,2.2590867956751026e-05
49,60,185,184,-4.43005956185516e-06
49,61,185,77,-4.006297967862338e-05
49,62,185,90,4.1566192521713674e-05
49,63,185,180,-0.000389072229154408
49,64,185,85,-0.00016390946984756738
49,65,185,16,-0.0002425900602247566
49,66,185,12,7.703928713453934e-05
49,67,185,38,-6.123699131421745e-05
49,68,185,41,-0.0003344623255543411
49,69,185,42,6.311226024990901e-05
49,70,185,96,-0.00010615058272378519
49,71,185,89,9.248671267414466e-05
49,72,185,179,-0.0002508563920855522
49,73,185,86,-0.0005471773911267519
49,74,185,15,-0.0005733485450036824
49,75,185,13,-0.0005946732126176357
49,76,185,82,-0.00013668891915585846
49,77,185,81,-0.00020420843793544918
49,78,185,80,-0.00014167964400257915
49,79,185,191,7.65640361350961e-05
49,80,185,78,0.00016076867177616805
49,81,185,95,0.00010411414405098185
49,82,185,88,-0.0002377635973971337
49,83,185,178,-0.00010292453953297809
49,84,185,87,-0.0005316921742632985
49,85,185,14,-0.04529878869652748
49,86,185,267,-0.0001795069983927533
49,87,185,269,-6.621401553275064e-05
49,88,185,270,1.2233454071974847e-05
49,89,185,409,0.00016201294783968478
49,90,185,291,-0.00011037678632419556
49,91,185,375,-0.0001985290291486308
49,92,185,321,-0.00046573695726692677
49,93,185,405,-0.0003422536829020828
49,94,185,314,-0.019209418445825577
49,95,185,302,-0.0003757718368433416
49,96,185,303,-0.00012997382145840675
49,97,185,304,-0.00019983128004241735
49,98,185,408,-0.00026951718609780073
49,99,185,307,-9.276407217839733e-05
49,100,185,320,-0.0003225972468499094
49,101,185,404,-0.0002856609644368291
49,102,185,315,-0.03060903400182724
49,103,185,268,-0.00011810762225650251
49,104,185,271,3.6885644476569723e-06
49,105,185,272,-0.00011871341848745942
49,106,185,325,-0.0007022441714070737
49,107,185,319,-0.00024445561575703323
49,108,185,403,-0.0003025851328857243
49,109,185,316,-0.0008034853381104767
49,110,185,312,0.00015207739488687366
49,111,185,311,-0.0001649038604227826
49,112,185,310,-0.00024646922247484326
49,113,185,415,-0.00010492107685422525
49,114,185,308,4.319770596339367e-05
49,115,185,324,-0.00022436532890424132
49,116,185,318,-0.00021444408048409969
49,117,185,402,-0.00010631916666170582
49,118,185,317,-0.0006180322379805148
50,51,61,146,2.646609937073663e-05
50,52,61,91,-0.0003542977792676538
50,53,61,181,-0.0007568206056021154
50,54,61,84,-0.018654840067029
50,55,61,17,-9.379944458487444e-06
50,56,61,11,4.245264790370129e-06
50,57,61,72,-0.00022553592862095684
50,58,61,73,-8.551887003704906e-05
50,59,61,74,-0.0003145340015180409
50,60,61,184,-4.92411018058192e-05
50,61,61,77,0.00010552994353929535
50,62,61,90,0.0001478509948356077
50,63,61,180,-0.006762948352843523
50,64,61,85,-0.046825699508190155
50,65,61,16,-0.000687720428686589
50,66,61,12,-0.0001297035487368703
50,67,61,38,-0.0002520771522540599
50,68,61,41,-9.743506961967796e-05
50,69,61,42,-0.00021814934734720737
50,70,61,96,8.560650167055428e-05
50,71,61,89,-0.00014869900769554079
50,72,61,179,-0.0003700085508171469
50,73,61,86,-0.0006775255315005779
50,74,61,15,-0.0006873466190882027
50,75,61,13,-0.00015876756515353918
50,76,61,82,-0.0002483309363014996
50,77,61,81,-0.00019779147987719625
50,78,61,80,-6.815189863118576e-06
50,79,61,191,-0.0002323550870642066
50,80,61,78,6.839771958766505e-05
50,81,61,95,-0.00024820311227813363
50,82,61,88,0.00011668051593005657
50,83,61,178,-7.608866872033104e-05
50,84,61,87,-0.0004195727233309299
50,85,61,14,-0.0007436282467097044
50,86,61,267,-1.365717707813019e-05
50,87,61,269,-1.9135295588057488e-05
50,88,61,270,-4.22194461862091e-05
50,89,61,409,-0.00011253616685280576
50,90,61,291,0.00027390976902097464
50,91,61,375,-2.4190678232116625e-05
50,92,61,321,-0.00022844906197860837
50,93,61,405,5.048326784162782e-05
50,94,61,314,-0.05787711590528488
50,95,61,302,2.048457281489391e-05
50,96,61,303,0.00012364496069494635
50,97,61,304,-0.00024686497636139393
50,98,61,408,-0.00197192607447505
50,99,61,307,-6.0552742070285603e-05
50,100,61,320,-0.0003160668129567057
50,101,61,404,-0.0174807608127594
50,102,61,315,-0.029599804431200027
50,103,61,268,-3.4127220715163276e-05
50,104,61,271,-7.358958828262985e-05
50,105,61,272,-9.209647396346554e-05
50,106,61,325,-0.0005956282839179039
50,107,61,319,-0.0003898821887560189
50,108,61,403,-0.0001659764238866046
50,109,61,316,-0.04703841358423233
50,110,61,312,-0.0001406250084983185
50,111,61,311,-0.000247348565608263
50,112,61,310,0.0005595388938672841
50,113,61,415,-0.02625151164829731
50,114,61,308,0.00047372400877065957
50,115,61,324,4.000317130703479e-05
50,116,61,318,-0.011967777274549007
50,117,61,402,-0.0002332356380065903
50,118,61,317,1.734639226924628e-05
51,52,146,91,6.840736659796676e-06
51,53,146,181,-0.00013390896492637694
51,54,146,84,-0.00014228280633687973
51,55,146,17,-0.017616018652915955
51,56,146,11,-8.636224083602428e-05
51,57,146,72,-0.0003847986226901412
51,58,146,73,-0.0002300353517057374
51,59,146,74,-0.00021711700537707657
51,60,146,184,-3.7371230519056553e-06
51,61,146,77,0.0004142102843616158
51,62,146,90,7.207290036603808e-05
51,63,146,180,-7.449182885466143e-05
51,64,146,85,-0.001062278519384563
51,65,146,16,-0.02922770567238331
51,66,146,12,-1.9062146748183295e-05
51,67,146,38,-1.801739927032031e-05
51,68,146,41,-0.0002722341159824282
51,69,146,42,-8.47519186208956e-05
51,70,146,96,-8.08291370049119e-05
51,71,146,89,0.00013326572661753744
51,72,146,179,-0.00019852106925100088
51,73,146,86,-0.0030494763050228357
51,74,146,15,-0.0005280623445287347
51,75,146,13,-0.00019994191825389862
51,76,146,82,-3.3284557048318675e-06
51,77,146,81,7.4041254265466705e-06
51,78,146,80,3.7037700622022385e-06
51,79,146,191,0.00019188289297744632
51,80,146,78,-0.00042590065277181566
51,81,146,95,-0.00012716840137727559
51,82,146,88,6.130330439191312e-05
51,83,146,178,-0.00012359402899164706
51,84,146,87,-0.0004276762483641505
51,85,146,14,-0.00012587437231559306
51,86,146,267,5.087551835458726e-05
51,87,146,269,8.008794247871265e-05
51,88,146,270,2.131227302015759e-05
51,89,146,409,5.607024650089443e-05
51,90,146,291,2.4675950044183992e-05
51,91,146,375,-0.0004093047173228115
51,92,146,321,8.625930058769882e-05
51,93,146,405,-0.00022410867677535862
51,94,146,314,-0.021829402074217796
51,95,146,302,0.00019397636060602963
51,96,146,303,-2.9991474548296537e-06
51,97,146,304,-0.00015370854816865176
51,98,146,408,-6.56935153529048e-05
51,99,146,307,-0.00015827265451662242
51,100,146,320,-0.00018329225713387132
51,101,146,404,-0.0001367361401207745
51,102,146,315,-0.043595559895038605
51,103,146,268,-9.872182999970391e-05
51,104,146,271,-0.00031250083702616394
51,105,146,272,-6.314060010481626e-05
51,106,146,325,2.1999636373948306e-05
51,107,146,319,7.9820238170214e-05
51,108,146,403,-0.0002893525524996221
51,109,146,316,-0.0002592477248981595
51,110,146,312,-0.00017308845417574048
51,111,146,311,-0.0005820276564918458
51,112,146,310,-0.00019080245692748576
51,113,146,415,-0.00011741214257199317
51,114,146,308,0.00013458177272696048
51,115,146,324,-5.254479401628487e-05
51,116,146,318,-0.00012978432641830295
51,117,146,402,-0.0006303744739852846
51,118,146,317,-0.0005605528713203967
52,53,91,181,-0.00017263773770537227
52,54,91,84,9.621647041058168e-05
52,55,91,17,-0.0003848380583804101
52,56,91,11,-2.6904375772573985e-05
52,57,91,72,-0.00012551684631034732
52,58,91,73,-7.800775347277522e-05
52,59,91,74,-7.570040179416537e-05
52,60,91,184,-0.0004938175552524626
52,61,91,77,-0.0004403265775181353
52,62,91,90,-8.2931321230717e-05
52,63,91,180,0.00012270854495000094
52,64,91,85,-0.0006625672685913742
52,65,91,16,-0.00027938903076574206
52,66,91,12,5.126141695654951e-05
52,67,91,38,3.693458666020888e-06
52,68,91,41,-4.646430170396343e-05
52,69,91,42,-5.180862353881821e-05
52,70,91,96,-0.0001912087172968313
52,71,91,89,0.0003396929823793471
52,72,91,179,-9.546060937282164e-06
52,73,91,86,-0.00022532524599228054
52,74,91,15,-0.00010633403871906921
52,75,91,13,6.927805225132033e-05
52,76,91,82,3.540597390383482e-05
52,77,91,81,-5.1255330618005246e-05
52,78,91,80,0.00015100467135198414
52,79,91,191,9.689572380011668e-07
52,80,91,78,-4.8431273171445355e-05
52,81,91,95,-0.0001784884079825133
52,82,91,88,0.00027484894962981343
52,83,91,178,0.00020102891721762717
52,84,91,87,-8.949486800702289e-05
52,85,91,14,-0.0005201724707148969
52,86,91,267,8.765747224970255e-06
52,87,91,269,0.00011395158799132332
52,88,91,270,-0.00013651758490595967
52,89,91,409,8.808715210761875e-05
52,90,91,291,-5.757525286753662e-06
52,91,91,375,-0.0003443851019255817
52,92,91,321,3.248111897846684e-05
52,93,91,405,-9.397115354659036e-05
52,94,91,314,-8.608258940512314e-05
52,95,91,302,-3.419923586989171e-06
52,96,91,303,0.0001794071722542867
52,97,91,304,-2.8208423827891238e-05
52,98,91,408,-0.00011713784624589607
52,99,91,307,-0.00014604476746171713
52,100,91,320,8.577334483561572e-06
52,101,91,404,-0.0001405587390763685
52,102,91,315,-0.00030540491570718586
52,103,91,268,-8.13006226962898e-06
52,104,91,271,0.00010095175093738362
52,105,91,272,-0.00012162741768406704
52,106,91,325,0.00013133723405189812
52,107,91,319,1.1851311683130916e-05
52,108,91,403,-0.0002174376859329641
52,109,91,316,-0.00011243593326071277
52,110,91,312,-0.0001677796826697886
52,111,91,311,1.3742080227530096e-05
52,112,91,310,8.929394971346483e-05
52,113,91,415,-5.496273297467269e-05
52,114,91,308,0.0001391972618876025
52,115,91,324,2.3256045096786693e-05
52,116,91,318,2.6609739506966434e-05
52,117,91,402,-0.0003017168492078781
52,118,91,317,-0.0002511836646590382
53,54,181,84,-0.0001510702568339184
53,55,181,17,-7.085541437845677e-05
53,56,181,11,-0.00022133807942736894
53,57,181,72,-2.5034454665728845e-05
53,58,181,73,-0.00036253672442398965
53,59,181,74,-0.00012749453890137374
53,60,181,184,-0.0012068548239767551
53,61,181,77,-0.00013043505896348506
53,62,181,90,2.3274702471098863e-05
53,63,181,180,0.0003620082279667258
53,64,181,85,-0.0003562791971489787
53,65,181,16,-0.0002958141267299652
53,66,181,12,0.000216419663047418
53,67,181,38,7.452326099155471e-05
53,68,181,41,2.9638233172590844e-05
53,69,181,42,-0.00016760616563260555
53,70,181,96,1.3771687918051612e-05
53,71,181,89,-0.0002375309995841235
53,72,181,179,0.00022490648552775383
53,73,181,86,1.5047112356114667e-05
53,74,181,15,-0.00024493213277310133
53,75,181,13,-0.00015351641923189163
53,76,181,82,-2.1365600332501344e-05
53,77,181,81,0.000251170655246824
53,78,181,80,2.3350934498012066e-05
53,79,181,191,-4.9979266805166844e-06
53,80,181,78,-3.5263087738712784e-06
53,81,181,95,6.467362254625186e-05
53,82,181,88,-0.00010661276610335335
53,83,181,178,0.0003055054694414139
53,84,181,87,-0.00017589163326192647
53,85,181,14,-0.00012078002328053117
53,86,181,267,-3.384320734767243e-05
53,87,181,269,3.6105295293964446e-05
53,88,181,270,-3.652490340755321e-05
53,89,181,409,-1.9172841348336078e-05
53,90,181,291,-0.00036553831887431443
53,91,181,375,-0.008044474758207798
53,92,181,321,2.381030390097294e-05
53,93,181,405,-0.00012422321015037596
53,94,181,314,-7.390396785922348e-05
53,95,181,302,1.924006028275471e-06
53,96,181,303,1.3294500604388304e-05
53,97,181,304,0.000230450154049322
53,98,181,408,-0.00010400601604487747
53,99,181,307,-0.006535007618367672
53,100,181,320,0.0001407479721819982
53,101,181,404,1.8014343368122354e-05
53,102,181,315,-0.00020832111476920545
53,103,181,268,8.967628673417494e-05
53,104,181,271,6.264749390538782e-05
53,105,181,272,0.0004679927078541368
53,106,181,325,-0.0002377509226789698
53,107,181,319,0.00013725590542890131
53,108,181,403,-0.00019031863484997302
53,109,181,316,-0.0003320898103993386
53,110,181,312,1.268227060791105e-05
53,111,181,311,0.00015952529793139547
53,112,181,310,-1.2085154594387859e-05
53,113,181,415,-1.9292678189231083e-05
53,114,181,308,8.593821985414252e-05
53,115,181,324,0.000913270516321063
53,116,181,318,0.0004353945842012763
53,117,181,402,-0.00022817675198893994
53,118,181,317,-1.004906152957119e-05
54,55,84,17,-0.00017881562234833837
54,56,84,11,3.8554910133825615e-05
54,57,84,72,-0.00044472573790699244
54,58,84,73,-0.00031067113741301
54,59,84,74,1.560235432407353e-05
54,60,84,184,-0.000648913555778563
54,61,84,77,-0.0005478172097355127
54,62,84,90,-0.0005107445176690817
54,63,84,180,-9.572067210683599e-05
54,64,84,85,0.0002470254839863628
54,65,84,16,-0.00040789227932691574
54,66,84,12,8.370525756618008e-05
54,67,84,38,-3.793412179220468e-05
54,68,84,41,-9.791021147975698e-05
54,69,84,42,-0.00012733253242913634
54,70,84,96,-0.0005943110445514321
54,71,84,89,-0.0003541801415849477
54,72,84,179,-6.010715151205659e-05
54,73,84,86,0.00020835665054619312
54,74,84,15,-0.00022665035794489086
54,75,84,13,-7.522487067035399e-06
54,76,84,82,-8.579474524594843e-05
54,77,84,81,-0.00013619039964396507
54,78,84,80,-9.141856571659446e-05
54,79,84,191,-0.0006279983790591359
54,80,84,78,-0.0006922395550645888
54,81,84,95,-0.0003445006441324949
54,82,84,88,-0.00023307446099352092
54,83,84,178,-0.00040043098852038383
54,84,84,87,0.00022964691743254662
54,85,84,14,-0.0002858045627363026
54,86,84,267,-5.302797490003286e-06
54,87,84,269,0.00023316382430493832
54,88,84,270,0.0001424895745003596
54,89,84,409,0.00026670133229345083
54,90,84,291,0.00011364631063770503
54,91,84,375,-0.011947895400226116
54,92,84,321,2.9341939807636663e-05
54,93,84,405,-0.00017323059728369117
54,94,84,314,8.835087646730244e-05
54,95,84,302,8.577275002608076e-05
54,96,84,303,-5.90595809626393e-05
54,97,84,304,0.00011217344581382349
54,98,84,408,9.921209129970521e-05
54,99,84,307,-0.011659502051770687
54,100,84,320,4.596813232637942e-05
54,101,84,404,-2.3289845557883382e-05
54,102,84,315,-0.00019627096480689943
54,103,84,268,4.1852061258396134e-05
54,104,84,271,0.00023743126075714827
54,105,84,272,0.00034087561652995646
54,106,84,325,8.13739316072315e-05
54,107,84,319,-8.050950418692082e-05
54,108,84,403,-1.8741246094577946e-05
54,109,84,316,-0.00025624435511417687
54,110,84,312,0.00011839732178486884
54,111,84,311,0.00026105629513040185
54,112,84,310,0.00010920755448751152
54,113,84,415,-0.00018657221517059952
54,114,84,308,-3.542423655744642e-05
54,115,84,324,0.0002485329459886998
54,116,84,318,-4.485999670578167e-05
54,117,84,402,-3.565531869753613e-06
54,118,84,317,-0.00010353786638006568
55,56,17,11,-0.00019039031758438796
55,57,17,72,-0.00014735243166796863
55,58,17,73,-0.0001833150745369494
55,59,17,74,-0.0013088718988001347
55,60,17,184,-0.0005925438599660993
55,61,17,77,-0.00021521994494833052
55,62,17,90,-0.0012358904350548983
55,63,17,180,-0.00029081074171699584
55,64,17,85,-0.00010923267836915329
55,65,17,16,0.000623695261310786
55,66,17,12,0.0001086998890968971
55,67,17,38,-0.0003868251806125045
55,68,17,41,-0.00014717283193022013
55,69,17,42,-0.0005937666865065694
55,70,17,96,-0.0007811044342815876
55,71,17,89,-0.00038213073275983334
55,72,17,179,-0.0004635075747501105
55,73,17,86,-0.0002734178851824254
55,74,17,15,-1.908110425574705e-05
55,75,17,13,3.675728166285808e-08
55,76,17,82,-0.0007826926303096116
55,77,17,81,-0.000619350525084883
55,78,17,80,-0.0007504572859033942
55,79,17,191,-0.0005704999202862382
55,80,17,78,-0.00854796264320612
55,81,17,95,-0.00020528478489723057
55,82,17,88,-0.00013361306628212333
55,83,17,178,-0.00043043112964369357
55,84,17,87,3.56264972651843e-05
55,85,17,14,-5.53808749828022e-05
55,86,17,267,0.00029525754507631063
55,87,17,269,9.710199265100528e-06
55,88,17,270,-0.00013974167814012617
55,89,17,409,4.055077170050936e-06
55,90,17,291,-7.205013844213681e-06
55,91,17,375,-0.015766292810440063
55,92,17,321,0.0003501826140563935
55,93,17,405,-0.0001045705284923315
55,94,17,314,1.9530469216988422e-05
55,95,17,302,0.00010799361916724592
55,96,17,303,0.0003167245304211974
55,97,17,304,-8.296791202155873e-05
55,98,17,408,-0.00022093889128882438
55,99,17,307,0.00017234744154848158
55,100,17,320,0.0002583788591437042
55,101,17,404,4.4664073357125744e-05
55,102,17,315,2.5511262720101513e-05
55,103,17,268,0.00028298329561948776
55,104,17,271,9.464425966143608e-05
55,105,17,272,0.00010657098755473271
55,106,17,325,-0.00017004487744998187
55,107,17,319,0.00030222415807656944
55,108,17,403,6.653863965766504e-05
55,109,17,316,1.638862727304513e-06
55,110,17,312,0.0001390850666211918
55,111,17,311,1.1379685020074248e-05
55,112,17,310,0.00028903959901072085
55,113,17,415,-0.0002936158562079072
55,114,17,308,-4.4833591346105095e-06
55,115,17,324,-0.00011402054951759055
55,116,17,318,-8.33894737297669e-05
55,117,17,402,0.0001641664857743308
55,118,17,317,7.344170444412157e-05
56,57,11,72,-7.723221642663702e-05
56,58,11,73,-0.00017134635709226131
56,59,11,74,-0.0004463068034965545
56,60,11,184,-0.0003822141152340919
56,61,11,77,0.0001492107257945463
56,62,11,90,7.727161573711783e-05
56,63,11,180,-0.0002589303767308593
56,64,11,85,3.3239932236028835e-05
56,65,11,16,-0.0001377947482978925
56,66,11,12,-0.00031041912734508514
56,67,11,38,2.235999818367418e-05
56,68,11,41,-0.00018182255735155195
56,69,11,42,-5.769679046352394e-05
56,70,11,96,-1.326022083958378e-05
56,71,11,89,9.695558401290327e-05
56,72,11,179,-0.00015935236297082156
56,73,11,86,1.2007807526970282e-05
56,74,11,15,-3.296716749900952e-05
56,75,11,13,-0.00037716556107625365
56,76,11,82,4.374282798380591e-05
56,77,11,81,-6.216108158696443e-05
56,78,11,80,-4.042091313749552e-05
56,79,11,191,6.671270239166915e-05
56,80,11,78,-1.8228600310976617e-05
56,81,11,95,1.406356295774458e-05
56,82,11,88,-0.00014412312884815037
56,83,11,178,-0.0001403744099661708
56,84,11,87,5.5905344197526574e-05
56,85,11,14,-6.4496221057197545e-06
56,86,11,267,0.0002328908594790846
56,87,11,269,0.00012288875586818904
56,88,11,270,-1.746881753206253e-05
56,89,11,409,-0.0045221238397061825
56,90,11,291,0.00022015215654391795
56,91,11,375,-0.01956685073673725
56,92,11,321,-0.00020402630616445094
56,93,11,405,-0.00021207923418842256
56,94,11,314,-0.00019558316853363067
56,95,11,302,0.00033481072750873864
56,96,11,303,0.00016154746117535979
56,97,11,304,-0.00012604851508513093
56,98,11,408,6.300039240159094e-05
56,99,11,307,-0.0002444718556944281
56,100,11,320,6.483496690634638e-05
56,101,11,404,-0.0005365656688809395
56,102,11,315,-0.00016015574510674924
56,103,11,268,0.0001774419069988653
56,104,11,271,-0.00018361580441705883
56,105,11,272,-8.132404036587104e-05
56,106,11,325,-0.00011145283497171476
56,107,11,319,-6.820574344601482e-05
56,108,11,403,-9.70205437624827e-05
56,109,11,316,-0.00012464735482353717
56,110,11,312,0.0001112605823436752
56,111,11,311,-7.953232125146315e-05
56,112,11,310,0.0013848174130544066
56,113,11,415,-0.00013824902998749167
56,114,11,308,-9.019215212902054e-05
56,115,11,324,0.00011797498882515356
56,116,11,318,-0.00010731800284702331
56,117,11,402,-0.0003315370704513043
56,118,11,317,-8.568435441702604e-05
57,58,72,73,-7.707111944910139e-05
57,59,72,74,-0.00032382490462623537
57,60,72,184,-0.0001335649867542088
57,61,72,77,-0.0003519976744428277
57,62,72,90,5.42154157301411e-05
57,63,72,180,0.00022285719751380384
57,64,72,85,8.275324216810986e-05
57,65,72,16,-4.1317012801300734e-05
57,66,72,12,-0.00015184942458290607
57,67,72,38,-4.7391935368068516e-05
57,68,72,41,1.3277534890221432e-05
57,69,72,42,-0.00016883268835954368
57,70,72,96,-2.8812597520300187e-05
57,71,72,89,0.00012479255383368582
57,72,72,179,-5.0432237912900746e-05
57,73,72,86,-0.00022122501104604453
57,74,72,15,-0.0004431997367646545
57,75,72,13,0.000123836740385741
57,76,72,82,-0.0003229196008760482
57,77,72,81,1.6910127669689246e-05
57,78,72,80,-2.0983967260690406e-05
57,79,72,191,-9.29873131099157e-05
57,80,72,78,-0.00010871613631024957
57,81,72,95,4.697039912571199e-05
57,82,72,88,-0.00014974888472352177
57,83,72,178,-0.00018478528363630176
57,84,72,87,-2.7706280889105983e-05
57,85,72,14,-0.0001701101427897811
57,86,72,267,4.6209548600018024e-05
57,87,72,269,-0.00011277131852693856
57,88,72,270,-0.00018624760559760034
57,89,72,409,-0.00020552254864014685
57,90,72,291,0.00016293482622131705
57,91,72,375,-0.00022869523672852665
57,92,72,321,-0.00018706016999203712
57,93,72,405,3.3673382858978584e-05
57,94,72,314,-0.00025287995231337845
57,95,72,302,-0.0002667918452061713
57,96,72,303,-5.993030208628625e-05
57,97,72,304,-6.393971852958202e-05
57,98,72,408,-0.00018133009143639356
57,99,72,307,-0.0002712890855036676
57,100,72,320,-0.00025587636628188193
57,101,72,404,-0.0002840468368958682
57,102,72,315,-0.00012946443166583776
57,103,72,268,-4.067209010827355e-05
57,104,72,271,-7.70012047723867e-05
57,105,72,272,-0.00011535523663042113
57,106,72,325,-0.00024004119040910155
57,107,72,319,1.915192842716351e-05
57,108,72,403,-8.050639007706195e-05
57,109,72,316,-0.00018785131396725774
57,110,72,312,1.0054049198515713e-05
57,111,72,311,-0.00031579166534356773
57,112,72,310,-0.00024744871188886464
57,113,72,415,1.2089625670341775e-05
57,114,72,308,3.7055178836453706e-05
57,115,72,324,-1.642889401409775e-05
57,116,72,318,2.6165782401221804e-05
57,117,72,402,-0.0001159090461442247
57,118,72,317,-0.0004298152634873986
58,59,73,74,9.919297735905275e-05
58,60,73,184,-0.0002285936934640631
58,61,73,77,-0.0001547806605231017
58,62,73,90,-0.00014739020843990147
58,63,73,180,-2.5934030418284237e-05
58,64,73,85,-0.0002530129568185657
58,65,73,16,-0.0013481531059369445
58,66,73,12,-5.0848215323640034e-05
58,67,73,38,3.347005258547142e-05
58,68,73,41,-0.0002491871127858758
58,69,73,42,-0.00028860269230790436
58,70,73,96,-0.00027928725467063487
58,71,73,89,-9.176718594972044e-05
58,72,73,179,-0.00013213070633355528
58,73,73,86,-0.00015788657765369862
58,74,73,15,-0.0013001607730984688
58,75,73,13,-0.0001860121701611206
58,76,73,82,4.9397320253774524e-05
58,77,73,81,4.459587944438681e-05
58,78,73,80,-9.638242772780359e-05
58,79,73,191,-0.0004996284260414541
58,80,73,78,-0.0003542457125149667
58,81,73,95,9.508647963230032e-06
58,82,73,88,3.182790533173829e-05
58,83,73,178,-0.0008457520161755383
58,84,73,87,-8.135338248393964e-06
58,85,73,14,-0.004804152064025402
58,86,73,267,-0.000357319280738011
58,87,73,269,-7.063805242069066e-05
58,88,73,270,-0.0003213321615476161
58,89,73,409,-0.0001625523582333699
58,90,73,291,-0.005444481503218412
58,91,73,375,-6.744100119249197e-06
58,92,73,321,-3.23253043461591e-05
58,93,73,405,-0.00011188050120836124
58,94,73,314,-9.702142415335402e-05
58,95,73,302,-7.095737964846194e-05
58,96,73,303,-0.0002330551069462672
58,97,73,304,-4.616322985384613e-05
58,98,73,408,3.756123624043539e-05
58,99,73,307,3.172089418512769e-05
58,100,73,320,-0.0001375915016978979
58,101,73,404,-0.0004984475672245026
58,102,73,315,-0.00012611306738108397
58,103,73,268,-0.00013954109454061836
58,104,73,271,-0.0001778639416443184
58,105,73,272,-4.008805626654066e-05
58,106,73,325,-6.691144517390057e-05
58,107,73,319,4.70420163765084e-05
58,108,73,403,-0.000124237485579215
58,109,73,316,-0.001009683357551694
58,110,73,312,1.7959329852601513e-05
58,111,73,311,-0.0001832423295127228
58,112,73,310,-0.000135708978632465
58,113,73,415,-2.5355988327646628e-05
58,114,73,308,-7.318120333366096e-05
58,115,73,324,-0.0002296545571880415
58,116,73,318,-7.1900208240549546e-06
58,117,73,402,-7.589862798340619e-05
58,118,73,317,-0.0010224755387753248
59,60,74,184,-0.00029010933940298855
59,61,74,77,2.284883157699369e-05
59,62,74,90,-0.00027749521541409194
59,63,74,180,-0.00044268753845244646
59,64,74,85,-0.00035552564077079296
59,65,74,16,-0.0014258773298934102
59,66,74,12,-5.057929956819862e-05
59,67,74,38,-0.0004306115151848644
59,68,74,41,-1.5371417248388752e-05
59,69,74,42,-2.897964986914303e-05
59,70,74,96,3.135999941150658e-05
59,71,74,89,0.00022996716143097728
59,72,74,179,-9.462302114116028e-05
59,73,74,86,-0.0005118881817907095
59,74,74,15,-0.0010842819465324283
59,75,74,13,-0.00012364341819193214
59,76,74,82,-0.00026534422067925334
59,77,74,81,-2.6986028387909755e-05
59,78,74,80,0.00018503399041946977
59,79,74,191,-0.00012373975187074393
59,80,74,78,-0.00015250600699800998
59,81,74,95,4.556515705189668e-06
59,82,74,88,4.068429916515015e-05
59,83,74,178,-1.0775605915114284e-05
59,84,74,87,-0.00015962784527800977
59,85,74,14,-0.0008568389457650483
59,86,74,267,-5.948003308731131e-05
59,87,74,269,-0.0001704452297417447
59,88,74,270,2.9219023417681456e-05
59,89,74,409,-6.028468305885326e-06
59,90,74,291,-0.0002515699598006904
59,91,74,375,-4.223376890877262e-05
59,92,74,321,-0.00024962337920442224
59,93,74,405,-0.0004978077486157417
59,94,74,314,-0.0001963952963706106
59,95,74,302,-0.00034213403705507517
59,96,74,303,2.6606971005094238e-05
59,97,74,304,-6.864224269520491e-05
59,98,74,408,-3.942092735087499e-05
59,99,74,307,-0.0002885935828089714
59,100,74,320,-0.00014409254072234035
59,101,74,404,-9.226342081092298e-05
59,102,74,315,-0.0002452398475725204
59,103,74,268,-0.00030882592545822263
59,104,74,271,-7.462553912773728e-05
59,105,74,272,-0.00014969089534133673
59,106,74,325,-0.00016979628708213568
59,107,74,319,-0.000229397090151906
59,108,74,403,-0.00018294288020115346
59,109,74,316,-0.000317516882205382
59,110,74,312,-0.00014502450358122587
59,111,74,311,3.3659434848232195e-05
59,112,74,310,8.693899872014299e-05
59,113,74,415,9.351956396130845e-05
59,114,74,308,-6.378845864674076e-05
59,115,74,324,-0.0001419544714735821
59,116,74,318,-0.00022938202891964465
59,117,74,402,-3.1592018785886467e-05
59,118,74,317,-0.0008743237121962011
60,61,184,77,5.735853119404055e-05
60,62,184,90,0.0002191453822888434
60,63,184,180,-0.0001732543605612591
60,64,184,85,-0.00035327606019563973
60,65,184,16,-0.0009927268838509917
60,66,184,12,-0.000166306781466119
60,67,184,38,-0.0001746698544593528
60,68,184,41,-0.0003064295742660761
60,69,184,42,-0.00011543896835064515
60,70,184,96,0.00014347049000207335
60,71,184,89,-4.283209273125976e-05
60,72,184,179,-0.0002326826797798276
60,73,184,86,-0.000642215833067894
60,74,184,15,-0.0005282469792291522
60,75,184,13,-0.0002084746229229495
60,76,184,82,-0.00026004764367826283
60,77,184,81,-0.00012897318811155856
60,78,184,80,4.0225877455668524e-05
60,79,184,191,-8.719066681805998e-05
60,80,184,78,-0.0003507502842694521
60,81,184,95,0.0001280685974052176
60,82,184,88,-0.00016325153410434723
60,83,184,178,-8.344191883224994e-05
60,84,184,87,-0.00029850457212887704
60,85,184,14,-0.00044550298480316997
60,86,184,267,-0.000340571190463379
60,87,184,269,-2.9401133360806853e-05
60,88,184,270,-0.000209867037483491
60,89,184,409,-0.00017600243154447526
60,90,184,291,0.00010929740528808907
60,91,184,375,-0.0001726491464069113
60,92,184,321,-0.00015875192184466869
60,93,184,405,0.00013742095325142145
60,94,184,314,1.619557588128373e-05
60,95,184,302,-3.98668744310271e-05
60,96,184,303,-8.399719081353396e-05
60,97,184,304,-0.00014269424718804657
60,98,184,408,-9.902820602292195e-05
60,99,184,307,-4.39124160038773e-05
60,100,184,320,-5.840783705934882e-05
60,101,184,404,-0.00017998482508119196
60,102,184,315,-0.0009066826896741986
60,103,184,268,-0.0001560280070407316
60,104,184,271,-6.726144783897325e-05
60,105,184,272,-0.00019917829195037484
60,106,184,325,-0.0001886788959382102
60,107,184,319,-0.0004481805954128504
60,108,184,403,-0.0001850959233706817
60,109,184,316,-0.000656304182484746
60,110,184,312,-0.00035082516842521727
60,111,184,311,-0.0005033172201365232
60,112,184,310,-0.00021354762429837137
60,113,184,415,-5.0870244194811676e-06
60,114,184,308,5.97771504544653e-05
60,115,184,324,-0.0002782148658297956
60,116,184,318,-3.209142232662998e-05
60,117,184,402,-0.00022744158923160285
60,118,184,317,-0.00027587549993768334
61,62,77,90,0.00011384687240934
61,63,77,180,-0.0006809629267081618
61,64,77,85,-0.0006109990645200014
61,65,77,16,-0.001006429665721953
61,66,77,12,-2.0327483980508987e-06
61,67,77,38,-9.365942241856828e-05
61,68,77,41,-0.00025335545069538057
61,69,77,42,-0.00031502172350883484
61,70,77,96,0.00025834949337877333
61,71,77,89,0.0002174275869037956
61,72,77,179,-0.0002579686406534165
61,73,77,86,-0.0007916858303360641
61,74,77,15,-0.0009044491453096271
61,75,77,13,-0.00016871349362190813
61,76,77,82,-0.00019715819507837296
61,77,77,81,-7.251268107211217e-05
61,78,77,80,-5.7502191339153796e-05
61,79,77,191,-5.4524625738849863e-05
61,80,77,78,-3.062839823542163e-05
61,81,77,95,0.00025401098537258804
61,82,77,88,-0.00011382377124391496
61,83,77,178,-0.00012178084580227733
61,84,77,87,-0.00042048387695103884
61,85,77,14,-0.00014902099792379886
61,86,77,267,-0.00010792716784635559
61,87,77,269,6.0954218497499824e-05
61,88,77,270,-3.755470606847666e-05
61,89,77,409,5.8999859902542084e-05
61,90,77,291,-0.00024850317277014256
61,91,77,375,0.00016130424046423286
61,92,77,321,-8.759622141951695e-05
61,93,77,405,-0.0004446186649147421
61,94,77,314,-0.01977532170712948
61,95,77,302,-2.1647512767231092e-05
61,96,77,303,9.93814246612601e-05
61,97,77,304,-0.0001888932310976088
61,98,77,408,1.6955182218225673e-05
61,99,77,307,-0.00017039371596183628
61,100,77,320,-9.52679110923782e-05
61,101,77,404,-9.262589446734637e-05
61,102,77,315,-0.00012405273446347564
61,103,77,268,-0.00020288181258365512
61,104,77,271,-0.0001149360541603528
61,105,77,272,-0.00034372630761936307
61,106,77,325,-0.00025297567481175065
61,107,77,319,-0.0005471999756991863
61,108,77,403,-0.000598014157731086
61,109,77,316,-0.0004988241125829518
61,110,77,312,-0.00022484525106847286
61,111,77,311,-0.00012400475679896772
61,112,77,310,5.3744923206977546e-05
61,113,77,415,7.163718692027032e-05
61,114,77,308,0.00010795298294397071
61,115,77,324,-0.0002876199723687023
61,116,77,318,-0.00020701056928373873
61,117,77,402,-0.00019987227278761566
61,118,77,317,-0.0004736260452773422
62,63,90,180,9.638567280489951e-05
62,64,90,85,-0.0006167874671518803
62,65,90,16,-0.00015792471822351217
62,66,90,12,0.000199623653315939
62,67,90,38,-0.00015413903747685254
62,68,90,41,-1.7745804143487476e-05
62,69,90,42,2.9146875021979213e-05
62,70,90,96,7.79121182858944e-05
62,71,90,89,0.00023198721464723349
62,72,90,179,-0.00014096264203544706
62,73,90,86,-0.0003303192788735032
62,74,90,15,-0.00018152395205106586
62,75,90,13,-1.7755808585206978e-05
62,76,90,82,-0.00015108060324564576
62,77,90,81,5.0078309868695214e-05
62,78,90,80,0.0002454767527524382
62,79,90,191,-0.0001310019288212061
62,80,90,78,-4.057887053932063e-06
62,81,90,95,-6.32884111837484e-05
62,82,90,88,0.0006324847927317023
62,83,90,178,-7.31452610125416e-06
62,84,90,87,3.459697472862899e-05
62,85,90,14,-0.00039933380321599543
62,86,90,267,0.00015731151506770402
62,87,90,269,-1.5196397725958377e-05
62,88,90,270,5.854996561538428e-05
62,89,90,409,0.00015343562699854374
62,90,90,291,0.00010440291225677356
62,91,90,375,2.8400050723575987e-05
62,92,90,321,-0.00012508375220932066
62,93,90,405,-0.00024019827833399177
62,94,90,314,-7.561797247035429e-05
62,95,90,302,0.00026121281553059816
62,96,90,303,0.00019036165031138808
62,97,90,304,-3.0953986424719915e-05
62,98,90,408,0.00026229515788145363
62,99,90,307,-0.0001365856296615675
62,100,90,320,-0.00017154804663732648
62,101,90,404,-0.00011992551299044862
62,102,90,315,-2.990747452713549e-05
62,103,90,268,0.00013379473239183426
62,104,90,271,0.00012165094813099131
62,105,90,272,-5.740987398894504e-05
62,106,90,325,-0.00030097999842837453
62,107,90,319,-0.0001295657129958272
62,108,90,403,-0.00041566643631085753
62,109,90,316,-0.000204620897420682
62,110,90,312,-0.00011336739407852292
62,111,90,311,-8.284000068670139e-05
62,112,90,310,0.00011387087579350919
62,113,90,415,-2.596224658191204e-05
62,114,90,308,0.00029141828417778015
62,115,90,324,7.130471931304783e-05
62,116,90,318,-0.00016043055802583694
62,117,90,402,-5.425732160801999e-05
62,118,90,317,-0.00045632035471498966
63,64,180,85,-0.00016079923079814762
63,65,180,16,-0.0003288358566351235
63,66,180,12,0.00015433671069331467
63,67,180,38,3.944549462175928e-05
63,68,180,41,-1.6590216546319425e-05
63,69,180,42,-5.642516407533549e-05
63,70,180,96,-0.00021213333820924163
63,71,180,89,-4.4313757825875655e-05
63,72,180,179,0.0003045696357730776
63,73,180,86,-3.473801552900113e-05
63,74,180,15,-0.0005319478223100305
63,75,180,13,-2.3340371626545675e-06
63,76,180,82,0.0002484557044226676
63,77,180,81,0.0003188001865055412
63,78,180,80,-9.498979125055484e-06
63,79,180,191,-0.00022761155560147017
63,80,180,78,-0.00020578864496201277
63,81,180,95,2.9966407964820974e-05
63,82,180,88,-0.0002619532751850784
63,83,180,178,0.0004606279544532299
63,84,180,87,-0.00012103596236556768
63,85,180,14,-0.00013066380051895976
63,86,180,267,0.00010562164970906451
63,87,180,269,0.00015969472588039935
63,88,180,270,5.506818706635386e-05
63,89,180,409,0.0002562908921390772
63,90,180,291,-0.00022134577739052474
63,91,180,375,-0.0001694512611720711
63,92,180,321,-8.327335672220215e-05
63,93,180,405,-7.082051160978153e-05
63,94,180,314,-0.0001624112919671461
63,95,180,302,9.549813694320619e-05
63,96,180,303,0.00018072352395392954
63,97,180,304,6.157007010187954e-05
63,98,180,408,1.6064293959061615e-05
63,99,180,307,-0.0004336763231549412
63,100,180,320,0.0001287785271415487
63,101,180,404,-6.503480108221993e-05
63,102,180,315,-0.000402960431529209
63,103,180,268,0.0002456003276165575
63,104,180,271,9.446878539165482e-05
63,105,180,272,0.00028428464429453015
63,106,180,325,-5.418872387963347e-05
63,107,180,319,0.00027200437034480274
63,108,180,403,-0.00015294690092559904
63,109,180,316,-0.00025509169790893793
63,110,180,312,0.00013822790060658008
63,111,180,311,0.00026775241713039577
63,112,180,310,-3.949367965105921e-05
63,113,180,415,4.013206489617005e-05
63,114,180,308,0.00013994178152643144
63,115,180,324,-0.00016965254326350987
63,116,180,318,-0.0003081705654039979
63,117,180,402,4.506505865720101e-05
63,118,180,317,2.0987465177313425e-05
64,65,85,16,-0.00026364909717813134
64,66,85,12,-3.544463879734394e-06
64,67,85,38,-0.00020123111607972533
64,68,85,41,-0.00021390682377386838
64,69,85,42,-5.1372528105275705e-05
64,70,85,96,-0.00063910341123119
64,71,85,89,-0.0008732423884794116
64,72,85,179,-7.761169399600476e-05
64,73,85,86,0.000259095017099753
64,74,85,15,-0.00039323593955487013
64,75,85,13,-6.948345981072634e-05
64,76,85,82,-3.440744330873713e-05
64,77,85,81,-0.0002560803259257227
64,78,85,80,-0.0007536722696386278
64,79,85,191,-0.00029204439488239586
64,80,85,78,-0.0007857066811993718
64,81,85,95,-0.00031020931783132255
64,82,85,88,-0.00018983955669682473
64,83,85,178,-7.536118937423453e-05
64,84,85,87,0.00021453567023854703
64,85,85,14,-0.00011208576324861497
64,86,85,267,4.186172373010777e-05
64,87,85,269,9.197535291605163e-06
64,88,85,270,0.00012391756172291934
64,89,85,409,-0.00015197893662843853
64,90,85,291,8.144304592860863e-05
64,91,85,375,-0.00019560284272301942
64,92,85,321,5.639533628709614e-05
64,93,85,405,0.00011174369137734175
64,94,85,314,-0.00021758316142950207
64,95,85,302,-0.00013026176020503044
64,96,85,303,0.0003498794394545257
64,97,85,304,0.0002088796900352463
64,98,85,408,6.489318911917508e-05
64,99,85,307,-0.010912785306572914
64,100,85,320,0.0001755437406245619
64,101,85,404,-0.00013077810581307858
64,102,85,315,4.38550123362802e-05
64,103,85,268,1.3808623407385312e-05
64,104,85,271,0.00024375134671572596
64,105,85,272,0.00018737850768957287
64,106,85,325,0.0002436440991004929
64,107,85,319,-2.5670933609944768e-05
64,108,85,403,-9.72315319813788e-05
64,109,85,316,-3.9796705095795915e-05
64,110,85,312,0.0001182139603770338
64,111,85,311,0.00025964505039155483
64,112,85,310,0.00033800405799411237
64,113,85,415,0.00015986166545189917
64,114,85,308,7.455960439983755e-05
64,115,85,324,0.0010299925925210118
64,116,85,318,3.624855526140891e-05
64,117,85,402,0.00011205134069314227
64,118,85,317,-0.0002137877745553851
65,66,16,12,-9.386768942931667e-05
65,67,16,38,-2.539939305279404e-05
65,68,16,41,-0.00026271396200172603
65,69,16,42,-0.00025132595328614116
65,70,16,96,-0.0001749057264532894
65,71,16,89,-0.0007551902090199292
65,72,16,179,-0.0003723525151144713
65,73,16,86,-0.00025238163652829826
65,74,16,15,0.00010417024896014482
65,75,16,13,3.654630927485414e-05
65,76,16,82,-0.0005531329661607742
65,77,16,81,-0.0006558760069310665
65,78,16,80,-0.00015819013060536236
65,79,16,191,-0.0008628661744296551
65,80,16,78,-0.0007184320711530745
65,81,16,95,-0.00024245934037026018
65,82,16,88,-0.0005288795800879598
65,83,16,178,-0.00015175585576798767
65,84,16,87,-0.00010783845937112346
65,85,16,14,0.00034243895788677037
65,86,16,267,5.0725964683806524e-05
65,87,16,269,0.00010023050708696246
65,88,16,270,6.408113404177129e-05
65,89,16,409,-0.004470047075301409
65,90,16,291,-0.00042598744039423764
65,91,16,375,-0.004189596977084875
65,92,16,321,-2.1539151930483058e-05
65,93,16,405,-4.9725778808351606e-05
65,94,16,314,-5.5805172451073304e-05
65,95,16,302,5.662168041453697e-05
65,96,16,303,0.00028378237038850784
65,97,16,304,-6.4352748267992865e-06
65,98,16,408,-0.0018000052077695727
65,99,16,307,-0.0013128052232787013
65,100,16,320,3.054533954127692e-05
65,101,16,404,4.798300869879313e-05
65,102,16,315,7.397382432827726e-05
65,103,16,268,0.0002581715816631913
65,104,16,271,-0.00014782967627979815
65,105,16,272,9.27811925066635e-05
65,106,16,325,0.00013950953143648803
65,107,16,319,6.079508602852002e-05
65,108,16,403,8.116662502288818e-05
65,109,16,316,7.096627086866647e-05
65,110,16,312,0.00010645003931131214
65,111,16,311,-5.556041651288979e-05
65,112,16,310,6.699340883642435e-05
65,113,16,415,-0.00010210856271442026
65,114,16,308,-8.630591764813289e-05
65,115,16,324,-0.0002897363738156855
65,116,16,318,8.033196354517713e-05
65,117,16,402,-3.0414488719543442e-05
65,118,16,317,-4.44963552581612e-05
66,67,12,38,5.304362275637686e-05
66,68,12,41,-0.0002029270544881001
66,69,12,42,-0.0005001400713808835
66,70,12,96,7.928444392746314e-05
66,71,12,89,1.2917113053845242e-05
66,72,12,179,0.0001113410689868033
66,73,12,86,3.288349398644641e-05
66,74,12,15,-0.00032821641070768237
66,75,12,13,0.00011846917914226651
66,76,12,82,-2.7080064683104865e-05
66,77,12,81,-0.0002615904377307743
66,78,12,80,-1.186978920486581e-06
66,79,12,191,-3.067231227760203e-05
66,80,12,78,-0.00015272661403287202
66,81,12,95,1.4614118299505208e-05
66,82,12,88,0.00014803829253651202
66,83,12,178,-6.405083695426583e-05
66,84,12,87,0.0001174608914880082
66,85,12,14,0.00016013617278076708
66,86,12,267,-4.2581799789331853e-05
66,87,12,269,1.863819852587767e-05
66,88,12,270,-7.86216405685991e-05
66,89,12,409,-4.353298936621286e-05
66,90,12,291,-0.00015227519907057285
66,91,12,375,-0.01439466793090105
66,92,12,321,-0.00014579655544366688
66,93,12,405,-0.00022039478062652051
66,94,12,314,-0.00018164439825341105
66,95,12,302,0.00035289008519612253
66,96,12,303,1.778871228452772e-05
66,97,12,304,-0.00019352720119059086
66,98,12,408,-6.112700066296384e-05
66,99,12,307,-0.007204413879662752
66,100,12,320,-8.620970766060054e-05
66,101,12,404,-0.0005898925592191517
66,102,12,315,-0.0005287451203912497
66,103,12,268,0.00010005051444750279
66,104,12,271,0.00026763606001622975
66,105,12,272,-0.00020228004723321646
66,106,12,325,-0.0006104499334469438
66,107,12,319,-0.0001684952585492283
66,108,12,403,-0.00013057170144747943
66,109,12,316,-0.00017440311785321683
66,110,12,312,0.00019981537479907274
66,111,12,311,-1.7884476619656198e-05
66,112,12,310,-0.0002652113325893879
66,113,12,415,1.406691262673121e-05
66,114,12,308,7.510304567404091e-05
66,115,12,324,-6.723518163198605e-05
66,116,12,318,-0.00034650834277272224
66,117,12,402,-0.0003584542719181627
66,118,12,317,8.250553037214559e-06
67,68,38,41,-5.797358971904032e-05
67,69,38,42,-0.00019010242249350995
67,70,38,96,-0.0004065434040967375
67,71,38,89,-5.985062671243213e-05
67,72,38,179,7.06600330886431e-05
67,73,38,86,3.5090954042971134e-05
67,74,38,15,-0.00011987701145699248
67,75,38,13,6.515568384202197e-05
67,76,38,82,2.412885623925831e-05
67,77,38,81,0.00015175195585470647
67,78,38,80,-0.0003369180194567889
67,79,38,191,-0.00023105955915525556
67,80,38,78,-0.00015289275324903429
67,81,38,95,-8.665266068419442e-05
67,82,38,88,0.00010170724272029474
67,83,38,178,-0.00013347614731173962
67,84,38,87,-1.8621611161506735e-05
67,85,38,14,-0.000588316295761615
67,86,38,267,-7.029746484477073e-05
67,87,38,269,-9.859514830168337e-05
67,88,38,270,-9.630338900024071e-05
67,89,38,409,-0.00010909640695899725
67,90,38,291,-2.4553413823014125e-05
67,91,38,375,-0.00016278313705697656
67,92,38,321,-0.0001495665783295408
67,93,38,405,4.1330786189064384e-05
67,94,38,314,-1.5823286958038807e-05
67,95,38,302,-0.0002206141798524186
67,96,38,303,-0.00014544112491421402
67,97,38,304,-0.00021215653396211565
67,98,38,408,-2.0924768250552006e-05
67,99,38,307,-0.000171486142789945
67,100,38,320,3.454991019680165e-05
67,101,38,404,-0.0009554026764817536
67,102,38,315,-0.00013504899106919765
67,103,38,268,0.0002122902515111491
67,104,38,271,6.826450407970697e-05
67,105,38,272,-0.0003394184750504792
67,106,38,325,-3.576876406441443e-05
67,107,38,319,-0.0003140168555546552
67,108,38,403,-0.00019669289758894593
67,109,38,316,-0.00035503890831023455
67,110,38,312,-0.00014741532504558563
67,111,38,311,-2.3269854864338413e-05
67,112,38,310,-7.493665907531977e-05
67,113,38,415,-0.0001270723732886836
67,114,38,308,-6.91318346071057e-05
67,115,38,324,-7.762396853649989e-05
67,116,38,318,-8.580725989304483e-05
67,117,38,402,4.4309555960353464e-05
67,118,38,317,-8.538230031263083e-05
68,69,41,42,4.388816887512803e-05
68,70,41,96,-0.0002931685303337872
68,71,41,89,-0.0001371028774883598
68,72,41,179,-0.00045562669401988387
68,73,41,86,9.425495227333158e-05
68,74,41,15,-0.0003303339472040534
68,75,41,13,-0.00016351879457943141
68,76,41,82,0.00013085028331261128
68,77,41,81,-0.00014376349281519651
68,78,41,80,-0.0001294229441555217
68,79,41,191,6.641969230258837e-05
68,80,41,78,-0.000148149803862907
68,81,41,95,-0.00013532706361729652
68,82,41,88,-0.00012458316632546484
68,83,41,178,-4.733322202810086e-05
68,84,41,87,1.9114522729068995e-05
68,85,41,14,-0.0008038415107876062
68,86,41,267,-0.00024123188632074744
68,87,41,269,-0.00025187883875332773
68,88,41,270,2.6952488042297773e-05
68,89,41,409,8.245829667430371e-05
68,90,41,291,-8.24615199235268e-05
68,91,41,375,-8.056282240431756e-05
68,92,41,321,-0.0002837875799741596
68,93,41,405,-6.334693898679689e-05
68,94,41,314,-0.00020868342835456133
68,95,41,302,-0.0003424270253162831
68,96,41,303,-0.00030792522011324763
68,97,41,304,-0.00016179696831386536
68,98,41,408,-0.00026780011830851436
68,99,41,307,-0.00011950268526561558
68,100,41,320,-0.00023948753369040787
68,101,41,404,-0.00026618249830789864
68,102,41,315,-0.0005113260122016072
68,103,41,268,-0.00034022124600596726
68,104,41,271,-9.44643616094254e-05
68,105,41,272,-0.0003353178617544472
68,106,41,325,-0.0001830144174164161
68,107,41,319,7.231915787997423e-06
68,108,41,403,7.840595935704187e-05
68,109,41,316,-0.00037398937274701893
68,110,41,312,-0.00026015989715233445
68,111,41,311,-0.00014894531341269612
68,112,41,310,-0.00012423592852428555
68,113,41,415,4.1555958887329325e-05
68,114,41,308,0.000780109316110611
68,115,41,324,-9.280556696467102e-06
68,116,41,318,-0.00033020650153048337
68,117,41,402,-0.00031078344909474254
68,118,41,317,-0.00014415752957575023
69,70,42,96,-7.72150669945404e-05
69,71,42,89,7.439255568897352e-05
69,72,42,179,7.197081868071109e-05
69,73,42,86,-0.0003307319129817188
69,74,42,15,-0.00022661566617898643
69,75,42,13,-0.0003976235748268664
69,76,42,82,-0.00042753672460094094
69,77,42,81,-0.00016818239237181842
69,78,42,80,-0.00020988521282561123
69,79,42,191,-0.00022217865625862032
69,80,42,78,2.2905154764885083e-05
69,81,42,95,4.371143950265832e-05
69,82,42,88,9.563057392369956e-05
69,83,42,178,7.305865437956527e-05
69,84,42,87,-0.0013450667029246688
69,85,42,14,-0.0008684542845003307
69,86,42,267,-0.00021630463015753776
69,87,42,269,1.74720844370313e-05
69,88,42,270,-5.129782221047208e-05
69,89,42,409,-5.025722930440679e-05
69,90,42,291,-0.0003029180516023189
69,91,42,375,-0.0001088147982954979
69,92,42,321,1.812667505873833e-05
69,93,42,405,-0.000281912594800815
69,94,42,314,-7.548910070909187e-05
69,95,42,302,-0.00013308839697856456
69,96,42,303,9.865610081760678e-06
69,97,42,304,-0.0001694566017249599
69,98,42,408,4.98546905873809e-05
69,99,42,307,-0.0003041368327103555
69,100,42,320,-0.00014197893324308097
69,101,42,404,-7.84015137469396e-05
69,102,42,315,-0.00017785109230317175
69,103,42,268,-4.297203850001097e-05
69,104,42,271,5.873225018149242e-05
69,105,42,272,-0.00016892222629394382
69,106,42,325,-0.00022471352713182569
69,107,42,319,-1.776944918674417e-05
69,108,42,403,-2.766392208286561e-05
69,109,42,316,-0.0005872684996575117
69,110,42,312,-0.00010099967039423063
69,111,42,311,-0.00019229693862143904
69,112,42,310,-4.781536063092062e-06
69,113,42,415,-2.4911349100875668e-05
69,114,42,308,0.0006108534289523959
69,115,42,324,-0.00021699558419641107
69,116,42,318,-8.205299673136324e-05
69,117,42,402,-0.0003085205389652401
69,118,42,317,-0.00011055960931116715
70,71,96,89,-0.00021115913114044815
70,72,96,179,-0.0007305468316189945
70,73,96,86,-0.0004314049438107759
70,74,96,15,-0.0002117750991601497
70,75,96,13,7.808494410710409e-05
70,76,96,82,-3.1577572372043505e-05
70,77,96,81,-2.837805550370831e-05
70,78,96,80,-0.0001352604740532115
70,79,96,191,-8.205445919884369e-05
70,80,96,78,6.888481038913596e-07
70,81,96,95,0.00019442889606580138
70,82,96,88,-0.00012127782247262076
70,83,96,178,-0.00046254676999524236
70,84,96,87,-0.00044081162195652723
70,85,96,14,-0.00010279236448695883
70,86,96,267,5.39121356268879e-05
70,87,96,269,0.00019322647131048143
70,88,96,270,-5.539323319680989e-05
70,89,96,409,7.903380901552737e-05
70,90,96,291,0.0001073620151146315
70,91,96,375,-0.00010440702317282557
70,92,96,321,-4.0236234781332314e-05
70,93,96,405,-0.00040618391358293593
70,94,96,314,-0.0006164586520753801
70,95,96,302,4.366546818346251e-06
70,96,96,303,0.00012617470929399133
70,97,96,304,-0.0001653055805945769
70,98,96,408,-6.790459156036377e-05
70,99,96,307,-0.00023361817875411361
70,100,96,320,6.579933688044548e-05
70,101,96,404,-0.0003077250439673662
70,102,96,315,-0.00029103996348567307
70,103,96,268,-9.363005665363744e-05
70,104,96,271,-4.637359597836621e-05
70,105,96,272,2.1863454094273038e-05
70,106,96,325,1.7285427020397037e-05
70,107,96,319,-0.0003509911766741425
70,108,96,403,-0.0002016499056480825
70,109,96,316,-0.00020118168322369456
70,110,96,312,-0.00012105409405194223
70,111,96,311,-5.457475708681159e-05
70,112,96,310,-3.4130498534068465e-05
70,113,96,415,0.0011976666282862425
70,114,96,308,0.00021315523190423846
70,115,96,324,-0.00010093258606502786
70,116,96,318,-0.00017224570910912007
70,117,96,402,-0.000181960582267493
70,118,96,317,-0.0003265971317887306
71,72,89,179,-7.558889774372801e-05
71,73,89,86,-0.0007066464750096202
71,74,89,15,-0.00014274890418164432
71,75,89,13,-3.016908340214286e-05
71,76,89,82,6.228768825167208e-07
71,77,89,81,4.786350837093778e-05
71,78,89,80,0.00010120441584149376
71,79,89,191,2.995333488797769e-05
71,80,89,78,0.0001547515275888145
71,81,89,95,-1.070522739610169e-05
71,82,89,88,0.0002070711925625801
71,83,89,178,6.579262117156759e-05
71,84,89,87,1.0278451554768253e-05
71,85,89,14,-0.0004886709502898157
71,86,89,267,0.00012798872194252908
71,87,89,269,-8.802411321084946e-05
71,88,89,270,-4.630831244867295e-05
71,89,89,409,-5.699468601960689e-05
71,90,89,291,-0.0001320817827945575
71,91,89,375,-0.00018727165297605097
71,92,89,321,-0.00039065873716026545
71,93,89,405,-0.00014670217933598906
71,94,89,314,-0.00022405089111998677
71,95,89,302,0.00026064732810482383
71,96,89,303,0.00013990383013151586
71,97,89,304,1.2656234503083397e-05
71,98,89,408,-0.00033917772816494107
71,99,89,307,0.00018329586600884795
71,100,89,320,-0.00018820501281879842
71,101,89,404,-0.00026900655939243734
71,102,89,315,-0.00019170835730619729
71,103,89,268,0.00018484389875084162
71,104,89,271,-3.963581912103109e-05
71,105,89,272,6.835053500253707e-05
71,106,89,325,-0.000123918303870596
71,107,89,319,-0.00012425704335328192
71,108,89,403,-0.00010775302507681772
71,109,89,316,-0.0005054169450886548
71,110,89,312,-1.0522670663704048e-06
71,111,89,311,4.829573299502954e-06
71,112,89,310,-0.0002024885907303542
71,113,89,415,0.0002028574381256476
71,114,89,308,8.397521742153913e-05
71,115,89,324,4.356214412837289e-05
71,116,89,318,-7.945154357003048e-05
71,117,89,402,0.00015393704234156758
71,118,89,317,-0.00033139940933324397
72,73,179,86,-0.0003090263344347477
72,74,179,15,-0.0003916695713996887
72,75,179,13,-9.412898361915722e-05
72,76,179,82,-4.477079710341059e-05
72,77,179,81,-9.531764226267114e-05
72,78,179,80,-0.00045731329009868205
72,79,179,191,-0.000451603380497545
72,80,179,78,-0.0009584669605828822
72,81,179,95,-0.00016255998343694955
72,82,179,88,3.4162509109592065e-05
72,83,179,178,0.0002380351215833798
72,84,179,87,-0.00012634825543500483
72,85,179,14,-0.000364641600754112
72,86,179,267,0.0001449744013370946
72,87,179,269,0.00028106957324780524
72,88,179,270,1.5078686374181416e-05
72,89,179,409,0.00025344910682179034
72,90,179,291,0.0002477270900271833
72,91,179,375,-9.121187031269073e-05
72,92,179,321,-0.000229299403144978
72,93,179,405,2.2678004825138487e-05
72,94,179,314,-9.07464709598571e-05
72,95,179,302,-6.765066063962877e-05
72,96,179,303,0.00023549194156657904
72,97,179,304,0.0001193870120914653
72,98,179,408,0.00019198314112145454
72,99,179,307,-3.443791138124652e-05
72,100,179,320,6.710712477797642e-05
72,101,179,404,-0.0002979978162329644
72,102,179,315,-0.00014195598487276584
72,103,179,268,6.0762667999370024e-05
72,104,179,271,7.971453305799514e-05
72,105,179,272,5.735485683544539e-05
72,106,179,325,-1.4755731172044761e-05
72,107,179,319,-0.00018296668713446707
72,108,179,403,-0.00013669773761648685
72,109,179,316,0.0001892451400635764
72,110,179,312,6.0541533457580954e-05
72,111,179,311,7.087063568178564e-05
72,112,179,310,0.0001198492172989063
72,113,179,415,-1.9021692423848435e-05
72,114,179,308,0.00021758924413006753
72,115,179,324,0.00010918937186943367
72,116,179,318,-4.9628972192294896e-05
72,117,179,402,-0.00014925321738701314
72,118,179,317,0.00014001467206981033
73,74,86,15,-0.000345889333402738
73,75,86,13,0.00016193563351407647
73,76,86,82,0.00017770801787264645
73,77,86,81,-0.0003880223666783422
73,78,86,80,-0.000661191064864397
73,79,86,191,-0.0007267025066539645
73,80,86,78,-0.0002433844201732427
73,81,86,95,-0.0004411224217619747
73,82,86,88,-0.0003559415927156806
73,83,86,178,-7.62854824643e-06
73,84,86,87,0.00022505331435240805
73,85,86,14,-0.00016803872131276876
73,86,86,267,-0.00023968747700564563
73,87,86,269,9.55040377448313e-05
73,88,86,270,0.00010641649714671075
73,89,86,409,-7.262753206305206e-05
73,90,86,291,9.101345494855195e-05
73,91,86,375,8.87923888512887e-05
73,92,86,321,4.350519520812668e-05
73,93,86,405,-8.956199599197134e-05
73,94,86,314,-1.3172257240512408e-05
73,95,86,302,0.00028079317416995764
73,96,86,303,0.00033451998024247587
73,97,86,304,0.00016704967129044235
73,98,86,408,2.6811474526766688e-05
73,99,86,307,-0.00011966050806222484
73,100,86,320,-0.00011823269596789032
73,101,86,404,-0.0001888119732029736
73,102,86,315,-2.8363878300297074e-05
73,103,86,268,8.071948832366616e-05
73,104,86,271,0.00031032052356749773
73,105,86,272,0.0003821755526587367
73,106,86,325,4.2394589399918914e-05
73,107,86,319,-6.043877874617465e-05
73,108,86,403,-1.18376574391732e-05
73,109,86,316,-0.0002670295361895114
73,110,86,312,0.00017217858112417161
73,111,86,311,7.912471482995898e-05
73,112,86,310,5.451453398563899e-05
73,113,86,415,-0.00023353299184236676
73,114,86,308,-4.881064160144888e-05
73,115,86,324,-0.00023992473143152893
73,116,86,318,0.0002303539658896625
73,117,86,402,-3.0516530387103558e-05
73,118,86,317,-0.00018246102263219655
74,75,15,13,-1.5513120388277457e-06
74,76,15,82,-0.00020214855612721294
74,77,15,81,-7.729067874606699e-05
74,78,15,80,-0.00018124119378626347
74,79,15,191,-0.0008027504081837833
74,80,15,78,-0.0003474018594715744
74,81,15,95,-1.1671352694975212e-05
74,82,15,88,-0.00017958518583327532
74,83,15,178,-2.380313708272297e-05
74,84,15,87,-0.0004887404502369463
74,85,15,14,1.21384755402687e-05
74,86,15,267,3.3447386158513837e-06
74,87,15,269,0.00011404888209654018
74,88,15,270,-7.892169378465042e-05
74,89,15,409,0.0003342699783388525
74,90,15,291,-0.0002997703559231013
74,91,15,375,-0.00014602091687265784
74,92,15,321,-1.697957850410603e-05
74,93,15,405,-2.9269589504110627e-05
74,94,15,314,2.6290155801689252e-05
74,95,15,302,0.00016021265764720738
74,96,15,303,-6.3647053138993215e-06
74,97,15,304,7.206502777989954e-05
74,98,15,408,-0.00047332284157164395
74,99,15,307,-0.000278233434073627
74,100,15,320,-0.000187733763596043
74,101,15,404,-9.349192259833217e-05
74,102,15,315,-0.00020800551283173263
74,103,15,268,0.00027036669780500233
74,104,15,271,-3.037778333236929e-05
74,105,15,272,0.00014685165660921484
74,106,15,325,-2.350363865843974e-05
74,107,15,319,1.30877633637283e-05
74,108,15,403,0.0001840313198044896
74,109,15,316,0.00014715375436935574
74,110,15,312,9.72511861618841e-06
74,111,15,311,0.0001600418909220025
74,112,15,310,0.0012055429397150874
74,113,15,415,-0.00040893940604291856
74,114,15,308,-0.00021409221517387778
74,115,15,324,0.00012463370512705296
74,116,15,318,0.00031097597093321383
74,117,15,402,2.399137883912772e-05
74,118,15,317,0.0004188017046544701
75,76,13,82,-0.00012639773194678128
75,77,13,81,-0.00013496060273610055
75,78,13,80,-7.342245226027444e-05
75,79,13,191,-0.0002328435512026772
75,80,13,78,-3.488413130980916e-05
75,81,13,95,8.789716230239719e-05
75,82,13,88,-0.00010043287329608575
75,83,13,178,0.00017431151354685426
75,84,13,87,5.408473589341156e-05
75,85,13,14,-4.461799835553393e-05
75,86,13,267,4.75120687042363e-05
75,87,13,269,-7.411077240249142e-05
75,88,13,270,2.2628300939686596e-05
75,89,13,409,-0.0002800574293360114
75,90,13,291,4.539397559710778e-05
75,91,13,375,-0.009701639413833618
75,92,13,321,-0.0002602357417345047
75,93,13,405,-0.0005634445114992559
75,94,13,314,-7.891491986811161e-05
75,95,13,302,8.820192078928812e-07
75,96,13,303,-2.6284413252142258e-05
75,97,13,304,-5.86162532272283e-05
75,98,13,408,4.738105781143531e-05
75,99,13,307,-0.004244636744260788
75,100,13,320,-0.0001167094087577425
75,101,13,404,-7.600344542879611e-05
75,102,13,315,-0.00037191694718785584
75,103,13,268,0.00018578277376946062
75,104,13,271,7.657319656573236e-05
75,105,13,272,-0.0002513456856831908
75,106,13,325,-0.005907689221203327
75,107,13,319,-4.5503002183977515e-06
75,108,13,403,-0.0001228907349286601
75,109,13,316,2.6382669602753595e-05
75,110,13,312,-7.046495011309162e-05
75,111,13,311,7.773381366860121e-05
75,112,13,310,-0.00022051806445233524
75,113,13,415,-9.927302016876638e-05
75,114,13,308,-0.000213889594306238
75,115,13,324,0.004369812086224556
75,116,13,318,-0.00023492315085604787
75,117,13,402,-0.0002501153212506324
75,118,13,317,-9.848638001130894e-05
76,77,82,81,-1.573306326463353e-05
76,78,82,80,-7.943642413010821e-05
76,79,82,191,-0.000438099930761382
76,80,82,78,-7.865366933401674e-05
76,81,82,95,-0.00016555222100578249
76,82,82,88,-4.335911216912791e-05
76,83,82,178,5.004729609936476e-05
76,84,82,87,-0.00015861490101087838
76,85,82,14,-4.831188198295422e-05
76,86,82,267,4.744679245050065e-06
76,87,82,269,-0.00024246297834906727
76,88,82,270,-0.00018708176503423601
76,89,82,409,8.110262569971383e-05
76,90,82,291,-1.3781051166006364e-05
76,91,82,375,7.163814007071778e-05
76,92,82,321,-9.722930553834885e-05
76,93,82,405,-0.00010668441245798022
76,94,82,314,-0.000706424645613879
76,95,82,302,-7.211796764750034e-05
76,96,82,303,-0.00012165024236310273
76,97,82,304,-0.00017448407015763223
76,98,82,408,-0.00010225188452750444
76,99,82,307,-0.009843779727816582
76,100,82,320,-0.000248956581344828
76,101,82,404,-0.0005344650126062334
76,102,82,315,-0.0007015880546532571
76,103,82,268,5.1436163630569354e-05
76,104,82,271,-0.000430700252763927
76,105,82,272,-0.0002918261743616313
76,106,82,325,-0.00016625905118416995
76,107,82,319,-0.0003865362668875605
76,108,82,403,-6.974337884457782e-05
76,109,82,316,-7.805053610354662e-05
76,110,82,312,-0.0004886046517640352
76,111,82,311,1.0409085916762706e-05
76,112,82,310,-5.7344630477018654e-05
76,113,82,415,-7.805154018569738e-05
76,114,82,308,-0.00022058290778659284
76,115,82,324,-9.50601024669595e-05
76,116,82,318,-8.760977652855217e-05
76,117,82,402,-0.00015979645831976086
76,118,82,317,2.3576018065796234e-05
77,78,81,80,-0.00014969463518355042
77,79,81,191,4.716675903182477e-05
77,80,81,78,-9.107982623390853e-05
77,81,81,95,-0.00019781840092036873
77,82,81,88,0.00014489299792330712
77,83,81,178,-0.0003355216176714748
77,84,81,87,-0.00017777677567210048
77,85,81,14,-0.001251429202966392
77,86,81,267,-3.266318890382536e-05
77,87,81,269,8.738615179026965e-06
77,88,81,270,-8.838916255626827e-05
77,89,81,409,-5.245263673714362e-05
77,90,81,291,-2.5273637220379896e-05
77,91,81,375,-9.578259050613269e-05
77,92,81,321,-0.00011181060108356178
77,93,81,405,-0.00021501495211850852
77,94,81,314,-0.001158475992269814
77,95,81,302,3.737119914148934e-05
77,96,81,303,-2.9966131478431635e-05
77,97,81,304,-0.00015045666077639908
77,98,81,408,4.286029070499353e-05
77,99,81,307,-0.00015344023995567113
77,100,81,320,-0.0001629994803806767
77,101,81,404,-0.00042683977517299354
77,102,81,315,-0.0012758562806993723
77,103,81,268,-0.00029816923779435456
77,104,81,271,-0.00027031413628719747
77,105,81,272,-0.00020358519395813346
77,106,81,325,-4.412962425703881e-06
77,107,81,319,-3.655987893580459e-05
77,108,81,403,-0.00026276701828464866
77,109,81,316,-0.0002959074336104095
77,110,81,312,-4.5585380803458975e-08
77,111,81,311,-0.0001905883545987308
77,112,81,310,-0.00014173382078297436
77,113,81,415,3.615617606556043e-05
77,114,81,308,-0.00016097821935545653
77,115,81,324,-0.0001222982391482219
77,116,81,318,-0.00011816078767878935
77,117,81,402,-0.00010262519936077297
77,118,81,317,-0.00013523247616831213
78,79,80,191,-0.00011314604489598423
78,80,80,78,-0.00018377648666501045
78,81,80,95,0.00010892475256696343
78,82,80,88,7.451050623785704e-05
78,83,80,178,7.500482024624944e-05
78,84,80,87,-0.0003427601186558604
78,85,80,14,-0.0009181543719023466
78,86,80,267,-9.224813402397558e-05
78,87,80,269,2.0392244550748728e-05
78,88,80,270,-7.521551015088335e-05
78,89,80,409,-0.00021370893227867782
78,90,80,291,-8.951352356234565e-05
78,91,80,375,-0.00016763992607593536
78,92,80,321,-0.0005996646359562874
78,93,80,405,-0.00018056259432341903
78,94,80,314,-0.0005643428303301334
78,95,80,302,-0.00025758714764378965
78,96,80,303,-3.588143954402767e-05
78,97,80,304,-5.1618106226669624e-05
78,98,80,408,7.361868483712897e-06
78,99,80,307,-0.00011021423415513709
78,100,80,320,-0.0003143140347674489
78,101,80,404,-1.0138351171917748e-05
78,102,80,315,-2.049192517006304e-05
78,103,80,268,-0.00020225746266078204
78,104,80,271,-3.5402350476942956e-05
78,105,80,272,-5.935831359238364e-05
78,106,80,325,-0.00027248021797277033
78,107,80,319,-7.278363773366436e-05
78,108,80,403,-0.0001262800069525838
78,109,80,316,-0.00012945427442900836
78,110,80,312,-0.0002447929873596877
78,111,80,311,-0.0005575728719122708
78,112,80,310,-0.00021351796749513596
78,113,80,415,-0.0001173587515950203
78,114,80,308,0.00012289111327845603
78,115,80,324,-0.00012498533760663122
78,116,80,318,1.8570421161712147e-05
78,117,80,402,-0.0002196474524680525
78,118,80,317,-0.0001661955757299438
79,80,191,78,0.00011810844443971291
79,81,191,95,4.3084910430479795e-05
79,82,191,88,9.990698890760541e-05
79,83,191,178,-0.00012682820670306683
79,84,191,87,-0.001011447748169303
79,85,191,14,-0.000811419275123626
79,86,191,267,-6.143335485830903e-05
79,87,191,269,0.00014021393144503236
79,88,191,270,-0.0002768982667475939
79,89,191,409,3.3695287129376084e-05
79,90,191,291,-2.385284642514307e-05
79,91,191,375,-0.0004505177785176784
79,92,191,321,-7.177064981078729e-05
79,93,191,405,-0.00013658558600582182
79,94,191,314,-2.557544212322682e-05
79,95,191,302,-5.450909156934358e-05
79,96,191,303,1.9831635654554702e-05
79,97,191,304,-0.00011867890134453773
79,98,191,408,-0.00042111266520805657
79,99,191,307,-5.07694021507632e-05
79,100,191,320,-0.0003077269357163459
79,101,191,404,-0.00011496392107801512
79,102,191,315,-0.00018883390293922275
79,103,191,268,8.984989835880697e-05
79,104,191,271,1.9564024114515632e-05
79,105,191,272,-0.00010448590182932094
79,106,191,325,4.050907227792777e-05
79,107,191,319,-0.00014379843196365982
79,108,191,403,-0.0004112677415832877
79,109,191,316,-0.0001576372014824301
79,110,191,312,-0.00014349196862895042
79,111,191,311,-0.00019078640616498888
79,112,191,310,-9.478166248300113e-06
79,113,191,415,-0.00019256729865446687
79,114,191,308,8.257185982074589e-05
79,115,191,324,1.3211940313340165e-05
79,116,191,318,-0.0001383945345878601
79,117,191,402,-0.0002122075529769063
79,118,191,317,-0.00014758163888473064
80,81,78,95,-5.165433685760945e-05
80,82,78,88,-5.6702978326939046e-05
80,83,78,178,-0.023557748645544052
80,84,78,87,-0.00023851492733228952
80,85,78,14,-0.00011441837705206126
80,86,78,267,4.4998501834925264e-05
80,87,78,269,3.962055779993534e-05
80,88,78,270,-0.0003348275786265731
80,89,78,409,-4.155288479523733e-05
80,90,78,291,-0.0003095845167990774
80,91,78,375,-0.0001508910208940506
80,92,78,321,-0.00036487801116891205
80,93,78,405,-0.027942869812250137
80,94,78,314,-0.059810761362314224
80,95,78,302,3.7886129575781524e-05
80,96,78,303,5.567928747041151e-05
80,97,78,304,-0.00010959176142932847
80,98,78,408,0.00018453519442118704
80,99,78,307,0.00017439086514059454
80,100,78,320,-0.00014128166367299855
80,101,78,404,-0.010080101899802685
80,102,78,315,-0.00018389181059319526
80,103,78,268,-0.00017387239495292306
80,104,78,271,-0.00010184719576500356
80,105,78,272,1.960640111065004e-05
80,106,78,325,-0.0002779073838610202
80,107,78,319,-0.0004192642227280885
80,108,78,403,-0.0002482463023625314
80,109,78,316,-0.00018090046069119126
80,110,78,312,-0.00016673699428793043
80,111,78,311,-9.853215306065977e-05
80,112,78,310,-0.00017860630759969354
80,113,78,415,-0.0011682831682264805
80,114,78,308,-0.007333382498472929
80,115,78,324,-0.0001924183452501893
80,116,78,318,-6.244886753847823e-05
80,117,78,402,-0.0004344457702245563
80,118,78,317,-0.00025436890427954495
81,82,95,88,0.00021326310525182635
81,83,95,178,-0.0004873177385888994
81,84,95,87,-0.0005010318127460778
81,85,95,14,-7.75311782490462e-05
81,86,95,267,-0.00028919806936755776
81,87,95,269,5.8588473621057346e-05
81,88,95,270,0.00022002820333000273
81,89,95,409,-3.906284109689295e-05
81,90,95,291,-9.02643587323837e-05
81,91,95,375,-3.541629121173173e-05
81,92,95,321,-0.0003261507081333548
81,93,95,405,-0.0001288565108552575
81,94,95,314,-0.00043433866812847555
81,95,95,302,-0.00033041086862795055
81,96,95,303,1.2072737263224553e-05
81,97,95,304,0.00011163272574776784
81,98,95,408,0.00017185921024065465
81,99,95,307,-0.0001493913441663608
81,100,95,320,-0.00033012093626894057
81,101,95,404,-0.00032774079591035843
81,102,95,315,-0.0005774687160737813
81,103,95,268,-5.582710946328007e-05
81,104,95,271,6.149069668026641e-05
81,105,95,272,-8.369304396182997e-07
81,106,95,325,-0.00016128024435602129
81,107,95,319,-0.0002301473286934197
81,108,95,403,-0.00019815949781332165
81,109,95,316,-0.00011520783300511539
81,110,95,312,-0.00022750688367523253
81,111,95,311,6.63533282931894e-05
81,112,95,310,-6.603387009818107e-05
81,113,95,415,0.006159019656479359
81,114,95,308,0.00034541351487860084
81,115,95,324,-0.0019869967363774776
81,116,95,318,-0.0001331928069703281
81,117,95,402,-0.00011597904813243076
81,118,95,317,-0.0006532422848977149
82,83,88,178,-2.9901797461207025e-05
82,84,88,87,-0.0004933071904815733
82,85,88,14,-9.232348384102806e-05
82,86,88,267,3.5335655411472544e-05
82,87,88,269,0.00015894694661255926
82,88,88,270,-0.00013730890350416303
82,89,88,409,1.2680407053267118e-06
82,90,88,291,-8.343453373527154e-05
82,91,88,375,-5.937633977737278e-05
82,92,88,321,-0.00011137211549794301
82,93,88,405,-0.00015119160525500774
82,94,88,314,-0.0004182391276117414
82,95,88,302,-0.0001621037081349641
82,96,88,303,-8.139073179336265e-05
82,97,88,304,6.854077946627513e-05
82,98,88,408,-1.578275259817019e-05
82,99,88,307,-4.428046668181196e-05
82,100,88,320,-0.00020315786241553724
82,101,88,404,-4.050344796269201e-05
82,102,88,315,-0.00021486887999344617
82,103,88,268,-7.213198114186525e-05
82,104,88,271,3.558751996024512e-05
82,105,88,272,-0.00016419104940723628
82,106,88,325,-0.0005172016099095345
82,107,88,319,-0.000228817094466649
82,108,88,403,-0.00014177597768139094
82,109,88,316,-0.00012056533159920946
82,110,88,312,4.09386120736599e-05
82,111,88,311,-2.0768793547176756e-05
82,112,88,310,0.00013317761477082968
82,113,88,415,0.00025012693367898464
82,114,88,308,0.0006450124201364815
82,115,88,324,0.00010230624320684001
82,116,88,318,-0.00022285572777036577
82,117,88,402,-0.00025382143212482333
82,118,88,317,-0.00019824787159450352
83,84,178,87,-5.084149233880453e-05
83,85,178,14,-0.00019016522855963558
83,86,178,267,0.0002328478585695848
83,87,178,269,-5.8866389736067504e-05
83,88,178,270,0.0003117833402939141
83,89,178,409,5.830167719977908e-05
83,90,178,291,5.17805074196076e-06
83,91,178,375,2.4224596018029843e-06
83,92,178,321,-0.00018704542890191078
83,93,178,405,-5.0681206630542874e-05
83,94,178,314,-0.00019218535453546792
83,95,178,302,-6.485813355538994e-05
83,96,178,303,-1.3342000784177799e-05
83,97,178,304,-5.1871200412278995e-05
83,98,178,408,9.435828542336822e-05
83,99,178,307,7.43641285225749e-05
83,100,178,320,-0.00022044881188776344
83,101,178,404,-0.0002558911219239235
83,102,178,315,-0.0003058530273847282
83,103,178,268,0.00014574186934623867
83,104,178,271,-1.0418004421808291e-05
83,105,178,272,9.050056542037055e-05
83,106,178,325,0.0001144130656030029
83,107,178,319,1.254673861694755e-05
83,108,178,403,-0.0002334529854124412
83,109,178,316,-0.00047273121890611947
83,110,178,312,6.689252040814608e-05
83,111,178,311,0.0001553649053676054
83,112,178,310,7.976139022503048e-05
83,113,178,415,-5.844078987138346e-05
83,114,178,308,-1.7560887499712408e-05
83,115,178,324,2.1654368538293056e-05
83,116,178,318,-0.00020519722602330148
83,117,178,402,-0.0002189885126426816
83,118,178,317,-0.00028958101756870747
84,85,87,14,-0.00018193203140981495
84,86,87,267,-8.444883860647678e-05
84,87,87,269,3.926680074073374e-05
84,88,87,270,0.00016690671327523887
84,89,87,409,0.0002491929626557976
84,90,87,291,7.42744086892344e-05
84,91,87,375,-0.0001223388680955395
84,92,87,321,6.611446588067338e-05
84,93,87,405,-7.45593206374906e-05
84,94,87,314,-0.0002648469526320696
84,95,87,302,8.780306961853057e-05
84,96,87,303,7.151884346967563e-05
84,97,87,304,0.0001697351544862613
84,98,87,408,6.507152284029871e-05
84,99,87,307,2.9133045245544054e-05
84,100,87,320,7.267986075021327e-05
84,101,87,404,-0.0004365070490166545
84,102,87,315,-6.667093839496374e-05
84,103,87,268,0.00021445390302687883
84,104,87,271,0.00025009014643728733
84,105,87,272,0.0001422042987542227
84,106,87,325,0.00020316326117608696
84,107,87,319,2.5062736312975176e-05
84,108,87,403,-0.00028455082792788744
84,109,87,316,-0.00010673222277546301
84,110,87,312,-5.7687189837452024e-05
84,111,87,311,-5.43827009096276e-05
84,112,87,310,0.00014035595813766122
84,113,87,415,0.0013283506268635392
84,114,87,308,-4.4254204112803563e-05
84,115,87,324,0.0018111681565642357
84,116,87,318,-7.44921708246693e-05
84,117,87,402,-1.854918991739396e-05
84,118,87,317,4.9403937737224624e-05
85,86,14,267,0.00016023470379877836
85,87,14,269,-0.00013986010162625462
85,88,14,270,8.5100342403166e-05
85,89,14,409,-0.009801685810089111
85,90,14,291,0.0005181077285669744
85,91,14,375,-0.0007443036884069443
85,92,14,321,9.489487274549901e-05
85,93,14,405,-0.0001663167349761352
85,94,14,314,-0.00010142245446331799
85,95,14,302,-7.661473500775173e-05
85,96,14,303,7.600134267704561e-05
85,97,14,304,-0.00012606482778210193
85,98,14,408,8.275466097984463e-05
85,99,14,307,0.00012806743325199932
85,100,14,320,2.8397895221132785e-05
85,101,14,404,-7.178729720180854e-05
85,102,14,315,-4.066508336109109e-05
85,103,14,268,0.0001436738093616441
85,104,14,271,-9.576255251886323e-05
85,105,14,272,8.473693014821038e-05
85,106,14,325,3.791884228121489e-05
85,107,14,319,-0.00022855422866996378
85,108,14,403,3.531018228386529e-05
85,109,14,316,0.00010479144111741334
85,110,14,312,0.00026362267090007663
85,111,14,311,5.6795310229063034e-05
85,112,14,310,0.00015304687258321792
85,113,14,415,9.45147912716493e-05
85,114,14,308,-4.0460683521814644e-05
85,115,14,324,-0.0002836314379237592
85,116,14,318,9.123393283516634e-06
85,117,14,402,-1.6370133380405605e-05
85,118,14,317,-0.00010623298294376582
86,87,267,269,-2.2566218831343576e-05
86,88,267,270,-2.6902327590505593e-05
86,89,267,409,-0.00029650074429810047
86,90,267,291,7.172347977757454e-05
86,91,267,375,-0.00337603990919888
86,92,267,321,2.6699015506892465e-05
86,93,267,405,0.00013291880895849317
86,94,267,314,-0.00014457984070759267
86,95,267,302,2.543349182815291e-05
86,96,267,303,6.391060014721006e-05
86,97,267,304,0.00013725223834626377
86,98,267,408,-4.3473854020703584e-05
86,99,267,307,-0.0001543464750284329
86,100,267,320,-7.891924178693444e-05
86,101,267,404,-0.000165725767146796
86,102,267,315,-7.293940871022642e-05
86,103,267,268,1.672437065280974e-05
86,104,267,271,0.00039151738747023046
86,105,267,272,-2.866908471332863e-05
86,106,267,325,-5.649265949614346e-05
86,107,267,319,6.707441207254305e-05
86,108,267,403,4.734194226330146e-05
86,109,267,316,0.00014027762517798692
86,110,267,312,0.00011701056791935116
86,111,267,311,-0.0002973153896164149
86,112,267,310,7.2234142862726e-05
86,113,267,415,-1.326372967014322e-05
86,114,267,308,-0.00010933922749245539
86,115,267,324,-0.00032227401970885694
86,116,267,318,0.0001339086884399876
86,117,267,402,0.0001620597904548049
86,118,267,317,0.0002614131954032928
87,88,269,270,0.0001738167047733441
87,89,269,409,-0.00042388439760543406
87,90,269,291,-0.00016726175090298057
87,91,269,375,6.089575254009105e-05
87,92,269,321,-0.0005923762219026685
87,93,269,405,0.0001314000110141933
87,94,269,314,0.00024553679395467043
87,95,269,302,4.2389485315652564e-05
87,96,269,303,-0.0002626734785735607
87,97,269,304,5.8313387853559107e-05
87,98,269,408,-8.716440061107278e-05
87,99,269,307,-0.00018774463387671858
87,100,269,320,9.89329710137099e-05
87,101,269,404,-5.1142902520950884e-05
87,102,269,315,-0.00018746580462902784
87,103,269,268,0.00021335687779355794
87,104,269,271,-3.565692895790562e-05
87,105,269,272,-5.566346226260066e-05
87,106,269,325,-0.0003226156113669276
87,107,269,319,0.0001379697205265984
87,108,269,403,0.00018607349193189293
87,109,269,316,-3.005725739058107e-05
87,110,269,312,-1.21985078749276e-06
87,111,269,311,3.1443814805243164e-05
87,112,269,310,-0.00022829347290098667
87,113,269,415,0.00017169475904665887
87,114,269,308,3.541872138157487e-05
87,115,269,324,7.126368291210383e-05
87,116,269,318,-0.000302658649161458
87,117,269,402,6.362710701068863e-05
87,118,269,317,-0.00018067614291794598
88,89,270,409,-3.7075256841490045e-05
88,90,270,291,0.0002718709874898195
88,91,270,375,0.00011277198063908145
88,92,270,321,0.00031606145785190165
88,93,270,405,-6.215424946276471e-05
88,94,270,314,-0.0002519159170333296
88,95,270,302,-8.024103408388328e-06
88,96,270,303,0.0002505145384930074
88,97,270,304,0.00014442525571212173
88,98,270,408,-2.1180861949687824e-05
88,99,270,307,7.394583008135669e-06
88,100,270,320,-0.00010106961417477578
88,101,270,404,-0.00019956304458901286
88,102,270,315,0.0004200465918984264
88,103,270,268,-0.00016051402781158686
88,104,270,271,-5.8697052736533806e-05
88,105,270,272,0.000149317376781255
88,106,270,325,-0.00014541062409989536
88,107,270,319,-7.293379894690588e-05
88,108,270,403,0.00030340428929775953
88,109,270,316,-0.00022575528419110924
88,110,270,312,-7.141326204873621e-05
88,111,270,311,9.947351031769358e-08
88,112,270,310,-8.863089169608429e-05
88,113,270,415,-0.0003483918553683907
88,114,270,308,-6.076462523196824e-05
88,115,270,324,0.00016985402908176184
88,116,270,318,0.0003918120637536049
88,117,270,402,0.000655449228361249
88,118,270,317,-3.3415308280382305e-05
89,90,409,291,-2.2929660190129653e-05
89,91,409,375,4.38510651292745e-05
89,92,409,321,0.00017314331489615142
89,93,409,405,-2.2473232093034312e-05
89,94,409,314,-0.000131295106257312
89,95,409,302,-9.346545994048938e-05
89,96,409,303,-0.0005021276301704347
89,97,409,304,-8.248502854257822e-05
89,98,409,408,8.255029388237745e-05
89,99,409,307,9.466076880926266e-05
89,100,409,320,-3.3320789952995256e-05
89,101,409,404,0.00025576777989044785
89,102,409,315,0.00011804850510088727
89,103,409,268,2.65264643530827e-05
89,104,409,271,-3.7904930650256574e-05
89,105,409,272,0.0001999803789658472
89,106,409,325,-5.3050087444717064e-05
89,107,409,319,0.00019046897068619728
89,108,409,403,0.000273580604698509
89,109,409,316,0.00027114234399050474
89,110,409,312,-2.2479060135083273e-05
89,111,409,311,0.00024398177629336715
89,112,409,310,-7.993984763743356e-05
89,113,409,415,0.000175904220668599
89,114,409,308,0.0002885574649553746
89,115,409,324,1.1884076229762286e-05
89,116,409,318,0.0001531476154923439
89,117,409,402,0.00014421578089240938
89,118,409,317,0.00028049026150256395
90,91,291,375,-0.00015820167027413845
90,92,291,321,0.0002993325178977102
90,93,291,405,0.0004482395015656948
90,94,291,314,0.0007129938458092511
90,95,291,302,6.218512135092169e-05
90,96,291,303,6.759919051546603e-05
90,97,291,304,0.0001562078105052933
90,98,291,408,0.00024934776592999697
90,99,291,307,-5.185197733226232e-05
90,100,291,320,0.0004985824925825
90,101,291,404,9.620818309485912e-05
90,102,291,315,1.6150399460457265e-05
90,103,291,268,3.5087938158540055e-05
90,104,291,271,-0.00026216779951937497
90,105,291,272,-0.00023596348182763904
90,106,291,325,-7.736346742603928e-05
90,107,291,319,-0.00022572169837076217
90,108,291,403,0.00033557848655618727
90,109,291,316,0.00016597998910583556
90,110,291,312,-0.0001363413903163746
90,111,291,311,-0.00016205006977543235
90,112,291,310,-6.738174124620855e-05
90,113,291,415,-3.801712591666728e-05
90,114,291,308,-7.638703391421586e-05
90,115,291,324,0.00019601121312007308
90,116,291,318,0.00026840902864933014
90,117,291,402,0.00026530848117545247
90,118,291,317,0.0005120902205817401
91,92,375,321,-0.00015664806414861232
91,93,375,405,-0.00016646688163746148
91,94,375,314,-0.0026638146955519915
91,95,375,302,-0.009129796177148819
91,96,375,303,-7.920134521555156e-05
91,97,375,304,7.990940503077582e-05
91,98,375,408,-3.0484077797154896e-05
91,99,375,307,-4.206947323837085e-06
91,100,375,320,0.0003359313413966447
91,101,375,404,-8.948826143750921e-05
91,102,375,315,-0.0017241075402125716
91,103,375,268,-5.732038334826939e-05
91,104,375,271,-0.00013254451914690435
91,105,375,272,-0.00022984103998169303
91,106,375,325,-3.2150321203516796e-05
91,107,375,319,6.651673174928874e-05
91,108,375,403,0.00021671295689884573
91,109,375,316,-0.0006954666459932923
91,110,375,312,-0.00029690255178138614
91,111,375,311,0.00010568794095888734
91,112,375,310,-0.00011950691987294704
91,113,375,415,-0.0003350529295857996
91,114,375,308,5.079709444544278e-05
91,115,375,324,-1.5062538295751438e-05
91,116,375,318,6.736525648420866e-08
91,117,375,402,-0.00019233547209296376
91,118,375,317,-0.004495804663747549
92,93,321,405,0.00013251372729428113
92,94,321,314,5.19579480169341e-05
92,95,321,302,-1.7189651771332137e-05
92,96,321,303,2.219249654444866e-05
92,97,321,304,-0.00020051498722750694
92,98,321,408,-1.3620179970530444e-06
92,99,321,307,-0.0002399939257884398
92,100,321,320,2.5768569685169496e-05
92,101,321,404,9.535295976093039e-05
92,102,321,315,5.0714541430352256e-05
92,103,321,268,-0.00019408897787798196
92,104,321,271,-0.0009208384435623884
92,105,321,272,-9.631087596062571e-05
92,106,321,325,0.00021430490596685559
92,107,321,319,-0.00016345939366146922
92,108,321,403,-5.806608169223182e-05
92,109,321,316,-9.046639024745673e-05
92,110,321,312,-0.000245961855398491
92,111,321,311,-0.00035800228943116963
92,112,321,310,-0.00017719229799695313
92,113,321,415,-0.000368371867807582
92,114,321,308,0.000435814872616902
92,115,321,324,-7.8536533692386e-05
92,116,321,318,-0.00037592361331917346
92,117,321,402,-0.0003920898598153144
92,118,321,317,-0.0001253513473784551
93,94,405,314,0.00028868805384263396
93,95,405,302,-4.386243017506786e-05
93,96,405,303,5.071249324828386e-05
93,97,405,304,0.00014734621800016612
93,98,405,408,3.518936864566058e-05
93,99,405,307,-0.00028493747231550515
93,100,405,320,-0.00010002093040384352
93,101,405,404,0.0001387263328069821
93,102,405,315,2.3373355361400172e-05
93,103,405,268,-0.00029140859260223806
93,104,405,271,-0.00012737620272673666
93,105,405,272,0.0001693421945674345
93,106,405,325,0.00023301526380237192
93,107,405,319,0.00023159720876719803
93,108,405,403,2.3476868591387756e-06
93,109,405,316,-0.00016474362928420305
93,110,405,312,-0.0004586386785376817
93,111,405,311,-0.0004194664943497628
93,112,405,310,0.00018981755420099944
93,113,405,415,0.0003195658209733665
93,114,405,308,0.00028683251002803445
93,115,405,324,6.174420559545979e-05
93,116,405,318,-0.00018755510973278433
93,117,405,402,-0.0001281819277210161
93,118,405,317,-6.370124901877716e-05
94,95,314,302,-0.00012632035941351205
94,96,314,303,-6.346661393763497e-05
94,97,314,304,-9.154734289040789e-05
94,98,314,408,0.0002393092872807756
94,99,314,307,7.225340232253075e-05
94,100,314,320,-0.00021942539024166763
94,101,314,404,0.0004444470105227083
94,102,314,315,-8.007819269550964e-05
94,103,314,268,6.738624506397173e-05
94,104,314,271,0.00017589775961823761
94,105,314,272,3.921536699635908e-05
94,106,314,325,3.686027048388496e-05
94,107,314,319,-5.358886028261622e-06
94,108,314,403,-4.007890311186202e-05
94,109,314,316,-7.644092693226412e-05
94,110,314,312,-0.00037130588316358626
94,111,314,311,-8.777619950706139e-05
94,112,314,310,0.0002317453472642228
94,113,314,415,-7.094164175214246e-05
94,114,314,308,-4.125254781683907e-05
94,115,314,324,5.917204180150293e-05
94,116,314,318,6.810885679442436e-05
94,117,314,402,-5.9518821217352524e-05
94,118,314,317,-1.1329834705975372e-05
95,96,302,303,-6.386544555425644e-05
95,97,302,304,-7.712756996625103e-06
95,98,302,408,-7.356684363912791e-05
95,99,302,307,-0.004295581020414829
95,100,302,320,-4.887188697466627e-05
95,101,302,404,-0.0001790897367754951
95,102,302,315,-9.229333227267489e-05
95,103,302,268,-3.5034274333156645e-05
95,104,302,271,0.00012274121399968863
95,105,302,272,1.8618271496961825e-05
95,106,302,325,-0.0001863073412096128
95,107,302,319,-0.00010014833969762549
95,108,302,403,0.00017666045459918678
95,109,302,316,6.995548028498888e-05
95,110,302,312,-0.0004482904332689941
95,111,302,311,-0.0003319933020975441
95,112,302,310,5.76862548768986e-05
95,113,302,415,-0.00013912994472775608
95,114,302,308,-0.0002476820081938058
95,115,302,324,-0.00040063788765110075
95,116,302,318,-0.00011443981929915026
95,117,302,402,0.00012913077080156654
95,118,302,317,2.559480208219611e-06
96,97,303,304,0.00017768025281839073
96,98,303,408,3.9155329432105646e-05
96,99,303,307,8.321338827954605e-05
96,100,303,320,0.0001439100014977157
96,101,303,404,0.00011184837785549462
96,102,303,315,0.00019687693566083908
96,103,303,268,8.592401718487963e-05
96,104,303,271,3.323961209389381e-05
96,105,303,272,8.133144729072228e-05
96,106,303,325,1.955702100531198e-05
96,107,303,319,-0.00021633569849655032
96,108,303,403,-9.243474050890654e-05
96,109,303,316,0.00027656243764795363
96,110,303,312,4.990825254935771e-05
96,111,303,311,1.0635329090291634e-05
96,112,303,310,0.00012790976325049996
96,113,303,415,-8.901641558622941e-05
96,114,303,308,1.5952422472764738e-05
96,115,303,324,-0.00017226184718310833
96,116,303,318,-8.52453667903319e-05
96,117,303,402,5.7565612223697826e-05
96,118,303,317,0.00024468248011544347
97,98,304,408,-8.607592462794855e-05
97,99,304,307,0.00016229906759690493
97,100,304,320,0.00010306030162610114
97,101,304,404,4.311642260290682e-05
97,102,304,315,0.00023095437791198492
97,103,304,268,-0.00010022685455624014
97,104,304,271,0.0002136441762559116
97,105,304,272,0.00017161236610263586
97,106,304,325,-6.5272455685772e-05
97,107,304,319,-1.1395161891414318e-05
97,108,304,403,0.0001824061619117856
97,109,304,316,8.95888024388114e-06
97,110,304,312,7.875987648731098e-05
97,111,304,311,0.0001382225746056065
97,112,304,310,-0.00022515113232657313
97,113,304,415,4.3726045987568796e-05
97,114,304,308,2.7340391170582734e-05
97,115,304,324,-0.0001871607091743499
97,116,304,318,0.00013364737969823182
97,117,304,402,8.544730371795595e-05
97,118,304,317,9.669672726886347e-05
98,99,408,307,0.0003922161122318357
98,100,408,320,-0.00010062500223284587
98,101,408,404,0.00013967933773528785
98,102,408,315,-1.8956905478262343e-05
98,103,408,268,-8.315010200021788e-05
98,104,408,271,-6.725942512275651e-05
98,105,408,272,0.00013950062566436827
98,106,408,325,-9.139885514741763e-05
98,107,408,319,-2.202434370701667e-05
98,108,408,403,0.0001644868461880833
98,109,408,316,0.00017413895693607628
98,110,408,312,0.00014857474889140576
98,111,408,311,-9.688397403806448e-05
98,112,408,310,-3.2138628739630803e-05
98,113,408,415,-4.7293855459429324e-05
98,114,408,308,9.750630852067843e-05
98,115,408,324,8.974732190836221e-05
98,116,408,318,7.314934191526845e-05
98,117,408,402,0.0003521254693623632
98,118,408,317,-1.4832805391051807e-05
99,100,307,320,3.388565528439358e-05
99,101,307,404,-0.00010048603871837258
99,102,307,315,-1.9865976810251595e-06
99,103,307,268,-0.0025958919432014227
99,104,307,271,-0.00012601794151123613
99,105,307,272,0.00014486783766187727
99,106,307,325,0.0002548877673689276
99,107,307,319,-2.5644916604505852e-05
99,108,307,403,-5.037811570218764e-05
99,109,307,316,-0.00011421595263527706
99,110,307,312,-0.00029996587545610964
99,111,307,311,-0.00033867641468532383
99,112,307,310,-0.00011819048813777044
99,113,307,415,-0.0001735753903631121
99,114,307,308,0.00015732910833321512
99,115,307,324,0.00018321916286367923
99,116,307,318,-0.00014087038289289922
99,117,307,402,4.320245807321044e-06
99,118,307,317,-1.7905686036101542e-05
100,101,320,404,0.0001034001907100901
100,102,320,315,5.957727262284607e-05
100,103,320,268,-0.00012263827375136316
100,104,320,271,-0.0010157707147300243
100,105,320,272,-5.9800637245643884e-05
100,106,320,325,-0.00022432183322962373
100,107,320,319,-8.534766675438732e-05
100,108,320,403,8.785267709754407e-05
100,109,320,316,5.586752013186924e-05
100,110,320,312,-2.0167573893559165e-05
100,111,320,311,-0.00025606268900446594
100,112,320,310,-0.00039655083674006164
100,113,320,415,0.0003942990442737937
100,114,320,308,0.0002839461376424879
100,115,320,324,0.00024403221323154867
100,116,320,318,-0.0004315067199058831
100,117,320,402,-0.00032157826353795826
100,118,320,317,-0.0002365116379223764
101,102,404,315,0.00013628805754706264
101,103,404,268,-0.0003739665844477713
101,104,404,271,-3.9877850213088095e-05
101,105,404,272,1.7524941995361587e-06
101,106,404,325,3.7396578136394965e-06
101,107,404,319,0.00015988165978342295
101,108,404,403,-5.599035648629069e-05
101,109,404,316,-4.803020146937342e-06
101,110,404,312,9.772486373549327e-05
101,111,404,311,-2.307141403434798e-05
101,112,404,310,0.00010822854528669268
101,113,404,415,0.000602605112362653
101,114,404,308,0.0005825437838211656
101,115,404,324,7.261510290845763e-06
101,116,404,318,-3.5241573641542345e-05
101,117,404,402,-6.455689344875282e-06
101,118,404,317,-4.938547499477863e-05
102,103,315,268,-3.1294632208300754e-05
102,104,315,271,8.945492299972102e-05
102,105,315,272,8.802907541394234e-05
102,106,315,325,0.000338865997036919
102,107,315,319,4.7818906750762835e-05
102,108,315,403,0.0003252918249927461
102,109,315,316,-5.169992164155701e-06
102,110,315,312,-9.64807713899063e-06
102,111,315,311,-7.112355524441227e-05
102,112,315,310,0.0004661280254367739
102,113,315,415,9.706535638542846e-05
102,114,315,308,0.00025360813015140593
102,115,315,324,-4.943094972986728e-05
102,116,315,318,-6.922962347744033e-05
102,117,315,402,-0.00010046491661341861
102,118,315,317,-0.00012538497685454786
103,104,268,271,-2.7339205189491622e-05
103,105,268,272,-0.00021916347031947225
103,106,268,325,-0.0037664747796952724
103,107,268,319,-0.00035069999285042286
103,108,268,403,0.00011496669321786612
103,109,268,316,-0.00043343554716557264
103,110,268,312,-0.00013782759197056293
103,111,268,311,0.0003783953143283725
103,112,268,310,-4.9648722779238597e-05
103,113,268,415,-3.227630440960638e-05
103,114,268,308,1.716410588414874e-05
103,115,268,324,2.9038317734375596e-05
103,116,268,318,-0.00016971990407910198
103,117,268,402,-0.0006003498565405607
103,118,268,317,0.0001050081555149518
104,105,271,272,0.0001459487684769556
104,106,271,325,-0.00023754037101753056
104,107,271,319,4.660133708966896e-05
104,108,271,403,3.16164041578304e-05
104,109,271,316,0.00017402463709004223
104,110,271,312,0.0006156605668365955
104,111,271,311,-0.00013358502474147826
104,112,271,310,-9.369566396344453e-05
104,113,271,415,-8.179464202839881e-05
104,114,271,308,0.0003883905883412808
104,115,271,324,-0.0002568076888564974
104,116,271,318,-9.747916919877753e-05
104,117,271,402,6.46294711259543e-06
104,118,271,317,0.0001326423225691542
105,106,272,325,-1.611301559023559e-05
105,107,272,319,0.00013534397294279188
105,108,272,403,0.00017749276594258845
105,109,272,316,0.0002448930172249675
105,110,272,312,-6.203162047313526e-05
105,111,272,311,0.00018325625569559634
105,112,272,310,0.00026335916481912136
105,113,272,415,0.0001844690414145589
105,114,272,308,-0.00011934862413909286
105,115,272,324,-9.753082849783823e-05
105,116,272,318,9.09507434698753e-05
105,117,272,402,9.556796430842951e-05
105,118,272,317,-6.051254240446724e-05
106,107,325,319,0.0002685027720872313
106,108,325,403,9.839595804805867e-06
106,109,325,316,-9.987392331822775e-06
106,110,325,312,-0.00011649724910967052
106,111,325,311,-0.00038717867573723197
106,112,325,310,9.097181646211538e-06
106,113,325,415,-0.00043799725244753063
106,114,325,308,-0.00013807968934997916
106,115,325,324,-2.9905988412792794e-05
106,116,325,318,0.0001618188398424536
106,117,325,402,-9.207697985402774e-06
106,118,325,317,2.5303390430053696e-05
107,108,319,403,0.0003018586430698633
107,109,319,316,2.545720235502813e-05
107,110,319,312,-0.00022926325618755072
107,111,319,311,-3.464711699052714e-05
107,112,319,310,-0.0001596143119968474
107,113,319,415,-6.364942964864895e-05
107,114,319,308,-9.071510430658236e-05
107,115,319,324,-1.260567114513833e-05
107,116,319,318,0.0002003790286835283
107,117,319,402,-4.525720942183398e-05
107,118,319,317,-0.00011190482473466545
108,109,403,316,2.887231130443979e-05
108,110,403,312,0.0001478113845223561
108,111,403,311,-7.477172039216384e-05
108,112,403,310,-4.602107219398022e-05
108,113,403,415,-0.00017503915296401829
108,114,403,308,0.00021951516100671142
108,115,403,324,-0.00011743108188966289
108,116,403,318,6.932767428224906e-05
108,117,403,402,0.00016827601939439774
108,118,403,317,0.00010262390424031764
109,110,316,312,-0.00012718640209641308
109,111,316,311,4.6604105591541156e-05
109,112,316,310,-4.2850579120568e-06
109,113,316,415,0.00020637077977880836
109,114,316,308,-0.00012642880028579384
109,115,316,324,4.2479859985178337e-05
109,116,316,318,0.00017188284255098552
109,117,316,402,2.8820235456805676e-05
109,118,316,317,2.0789624613826163e-05
110,111,312,311,5.752645301981829e-05
110,112,312,310,0.00023805331147741526
110,113,312,415,-1.6945477909757756e-05
110,114,312,308,0.005456189159303904
110,115,312,324,-7.655245281057432e-05
110,116,312,318,-8.036742656258866e-05
110,117,312,402,-5.329166742740199e-05
110,118,312,317,-0.00013206822040956467
111,112,311,310,7.14277193765156e-05
111,113,311,415,8.941662963479757e-05
111,114,311,308,-0.00017226627096533775
111,115,311,324,6.891151133459061e-05
111,116,311,318,-0.000125663194921799
111,117,311,402,2.2379614165402018e-05
111,118,311,317,0.00018139032181352377
112,113,310,415,-0.00020313022832851857
112,114,310,308,6.539304013131186e-05
112,115,310,324,1.1387907761672977e-05
112,116,310,318,-0.00012631087156478316
112,117,310,402,-7.663401629542932e-05
112,118,310,317,0.0002254632709082216
113,114,415,308,3.0253816021286184e-06
113,115,415,324,6.92548474034993e-06
113,116,415,318,4.623764107236639e-05
113,117,415,402,0.00013159979425836354
113,118,415,317,1.9453595086815767e-05
114,115,308,324,-0.0003653790336102247
114,116,308,318,-0.00012792274355888367
114,117,308,402,5.430899364000652e-06
114,118,308,317,0.0003497687866911292
115,116,324,318,-7.803631160641089e-05
115,117,324,402,9.172881982522085e-05
115,118,324,317,-0.0001838131429394707
116,117,318,402,-7.3805740612442605e-06
116,118,318,317,8.21851208456792e-05
117,118,402,317,0.0003886247577611357
