i,j,point_id_i,point_id_j,value
0,1,164,167,0.0402323342859745
0,2,164,165,0.1091400533914566
0,3,164,92,0.12879937887191772
0,4,164,186,0.13519138097763062
0,5,164,57,0.10932596772909164
0,6,164,43,0.10096322745084763
0,7,164,106,0.07729049026966095
0,8,164,182,0.04837747663259506
0,9,164,83,0.0018881335854530334
0,10,164,18,0.03352460265159607
0,11,164,200,0.033148542046546936
0,12,164,201,-0.003928419202566147
0,13,164,194,0.047784194350242615
0,14,164,204,0.06677940487861633
0,15,164,202,0.07808804512023926
0,16,164,212,0.10688786208629608
0,17,164,216,0.10782133787870407
0,18,164,206,0.12787851691246033
0,19,164,203,0.11526363343000412
0,20,164,207,0.08191770315170288
0,21,164,205,0.09843678772449493
0,22,164,98,0.08131539821624756
0,23,164,97,0.04595116153359413
0,24,164,393,0.021346038207411766
0,25,164,391,0.030839966610074043
0,26,164,322,0.037514884024858475
0,27,164,410,0.041228361427783966
0,28,164,287,0.059774573892354965
0,29,164,273,0.10541700571775436
0,30,164,335,0.09564892947673798
0,31,164,406,0.10524658113718033
0,32,164,313,0.09540526568889618
0,33,164,421,0.06927400827407837
0,34,164,418,0.07232627272605896
0,35,164,424,0.06204070895910263
0,36,164,422,0.04419552907347679
0,37,164,432,0.027038050815463066
0,38,164,436,0.0008110776543617249
0,39,164,426,0.0020371507853269577
0,40,164,423,0.018636485561728477
0,41,164,427,-0.018593691289424896
0,42,164,425,0.006016600877046585
0,43,164,327,0.020866475999355316
0,44,164,326,0.012084676884114742
0,45,164,0,0.017755255103111267
0,46,164,37,0.018188532441854477
0,47,164,39,0.054012998938560486
0,48,164,40,0.08528588712215424
0,49,164,185,0.0837332010269165
0,50,164,61,0.06660798192024231
0,51,164,146,0.05752598121762276
0,52,164,91,0.03921857848763466
0,53,164,181,-0.001204371452331543
0,54,164,84,-0.05521348863840103
0,55,164,17,0.05577051639556885
0,56,164,11,0.01811741106212139
0,57,164,72,0.010556168854236603
0,58,164,73,0.0542459562420845
0,59,164,74,0.07978091388940811
0,60,164,184,0.08021551370620728
0,61,164,77,0.05167657881975174
0,62,164,90,0.04070846363902092
0,63,164,180,-0.008027665317058563
0,64,164,85,-0.0683889389038086
0,65,164,16,0.060645803809165955
0,66,164,12,0.01977442391216755
0,67,164,38,0.00953608751296997
0,68,164,41,0.04248969256877899
0,69,164,42,0.06659127026796341
0,70,164,96,0.05198260769248009
0,71,164,89,0.027757039293646812
0,72,164,179,-0.0061623714864254
0,73,164,86,-0.06022052466869354
0,74,164,15,0.05963585525751114
0,75,164,13,0.01611785590648651
0,76,164,82,0.023229161277413368
0,77,164,81,0.0385482981801033
0,78,164,80,0.050467878580093384
0,79,164,191,0.05672653019428253
0,80,164,78,0.06287924945354462
0,81,164,95,0.03602171689271927
0,82,164,88,0.03270856663584709
0,83,164,178,-0.004832994192838669
0,84,164,87,-0.0485561266541481
0,85,164,14,0.04671384394168854
0,86,164,267,0.06853555887937546
0,87,164,269,0.10001177340745926
0,88,164,270,0.10460235178470612
0,89,164,409,0.0880967378616333
0,90,164,291,0.06648370623588562
0,91,164,375,0.11159680783748627
0,92,164,321,0.19723203778266907
0,93,164,405,0.1898682564496994
0,94,164,314,0.1531125009059906
0,95,164,302,0.07497956603765488
0,96,164,303,0.10269740223884583
0,97,164,304,0.11769376695156097
0,98,164,408,0.09275345504283905
0,99,164,307,0.11249837279319763
0,100,164,320,0.14023929834365845
0,101,164,404,0.17752021551132202
0,102,164,315,0.14616277813911438
0,103,164,268,0.07023299485445023
0,104,164,271,0.10056185722351074
0,105,164,272,0.10759486258029938
0,106,164,325,0.10580019652843475
0,107,164,319,0.13790510594844818
0,108,164,403,0.15787674486637115
0,109,164,316,0.13698700070381165
0,110,164,312,0.06332534551620483
0,111,164,311,0.08875884115695953
0,112,164,310,0.08081503212451935
0,113,164,415,0.08271507918834686
0,114,164,308,0.06661009788513184
0,115,164,324,0.0992240458726883
0,116,164,318,0.13527321815490723
0,117,164,402,0.12309859693050385
0,118,164,317,0.13080334663391113
1,2,167,165,0.04378586262464523
1,3,167,92,0.07608257979154587
1,4,167,186,0.08381254971027374
1,5,167,57,0.0666467547416687
1,6,167,43,0.06337925791740417
1,7,167,106,0.04267822578549385
1,8,167,182,0.011359205469489098
1,9,167,83,0.011386614292860031
1,10,167,18,0.10111288726329803
1,11,167,200,0.09764080494642258
1,12,167,201,-0.03662050887942314
1,13,167,194,0.009880296885967255
1,14,167,204,0.02316015213727951
1,15,167,202,0.042313989251852036
1,16,167,212,0.06138698011636734
1,17,167,216,0.06825268268585205
1,18,167,206,0.06224841997027397
1,19,167,203,0.0590963177382946
1,20,167,207,0.05579293146729469
1,21,167,205,0.06378781795501709
1,22,167,98,0.01900015026330948
1,23,167,97,-0.004349294118583202
1,24,167,393,0.06109466776251793
1,25,167,391,0.06909634172916412
1,26,167,322,0.06811818480491638
1,27,167,410,0.06897057592868805
1,28,167,287,0.07937080413103104
1,29,167,273,0.11244042217731476
1,30,167,335,0.12570004165172577
1,31,167,406,0.1252133548259735
1,32,167,313,0.12150396406650543
1,33,167,421,0.10434766858816147
1,34,167,418,0.09660093486309052
1,35,167,424,0.0934348925948143
1,36,167,422,0.07259190082550049
1,37,167,432,0.04633484035730362
1,38,167,436,0.034795116633176804
1,39,167,426,0.039308786392211914
1,40,167,423,0.036088742315769196
1,41,167,427,0.009532507508993149
1,42,167,425,0.027442017570137978
1,43,167,327,0.027788493782281876
1,44,167,326,0.04271039739251137
1,45,167,0,0.06313265860080719
1,46,167,37,0.015163484960794449
1,47,167,39,0.029166854918003082
1,48,167,40,0.05521809682250023
1,49,167,185,0.06990140676498413
1,50,167,61,0.04872285947203636
1,51,167,146,0.043559055775403976
1,52,167,91,0.02986140176653862
1,53,167,181,-0.03774287551641464
1,54,167,84,0.06769991666078568
1,55,167,17,0.13521897792816162
1,56,167,11,0.06362667679786682
1,57,167,72,0.00803021527826786
1,58,167,73,0.024439923465251923
1,59,167,74,0.04710981994867325
1,60,167,184,0.05828004330396652
1,61,167,77,0.04131545498967171
1,62,167,90,0.015564404428005219
1,63,167,180,-0.027191031724214554
1,64,167,85,0.07479836791753769
1,65,167,16,0.14990976452827454
1,66,167,12,0.06990386545658112
1,67,167,38,0.017032738775014877
1,68,167,41,0.01351020485162735
1,69,167,42,0.0404898039996624
1,70,167,96,0.03686687350273132
1,71,167,89,0.010071661323308945
1,72,167,179,-0.03692736476659775
1,73,167,86,0.08314654976129532
1,74,167,15,0.14410515129566193
1,75,167,13,0.0663195475935936
1,76,167,82,0.02378484606742859
1,77,167,81,0.02522783726453781
1,78,167,80,0.03438996151089668
1,79,167,191,0.0425831563770771
1,80,167,78,0.04784809425473213
1,81,167,95,0.029461996629834175
1,82,167,88,0.005899570882320404
1,83,167,178,-0.03088078647851944
1,84,167,87,0.09216785430908203
1,85,167,14,0.13785530626773834
1,86,167,267,0.10240540653467178
1,87,167,269,0.09743501991033554
1,88,167,270,0.10410954058170319
1,89,167,409,0.11579670011997223
1,90,167,291,0.09830150753259659
1,91,167,375,0.16095925867557526
1,92,167,321,0.173561692237854
1,93,167,405,0.1887250542640686
1,94,167,314,0.17451250553131104
1,95,167,302,0.10202416032552719
1,96,167,303,0.09872254729270935
1,97,167,304,0.11614450812339783
1,98,167,408,0.11062268912792206
1,99,167,307,0.14743313193321228
1,100,167,320,0.1745690405368805
1,101,167,404,0.1963280737400055
1,102,167,315,0.1767977625131607
1,103,167,268,0.10165941715240479
1,104,167,271,0.10475598275661469
1,105,167,272,0.12320469319820404
1,106,167,325,0.14759092032909393
1,107,167,319,0.17160868644714355
1,108,167,403,0.17813867330551147
1,109,167,316,0.17428414523601532
1,110,167,312,0.10174009203910828
1,111,167,311,0.1260165125131607
1,112,167,310,0.13877223432064056
1,113,167,415,0.013242237269878387
1,114,167,308,0.08388836681842804
1,115,167,324,0.12171890586614609
1,116,167,318,0.15684552490711212
1,117,167,402,0.1530873030424118
1,118,167,317,0.16522109508514404
2,3,165,92,0.027072183787822723
2,4,165,186,0.04901060461997986
2,5,165,57,0.04037347435951233
2,6,165,43,0.02568182907998562
2,7,165,106,0.008112423121929169
2,8,165,182,0.0363522469997406
2,9,165,83,0.06136847287416458
2,10,165,18,0.13650932908058167
2,11,165,200,0.12656494975090027
2,12,165,201,0.06838934123516083
2,13,165,194,0.0027654115110635757
2,14,165,204,0.006245327182114124
2,15,165,202,0.006289699114859104
2,16,165,212,0.007247868925333023
2,17,165,216,0.017252277582883835
2,18,165,206,0.008421789854764938
2,19,165,203,0.011011533439159393
2,20,165,207,-0.00414957944303751
2,21,165,205,0.019724778831005096
2,22,165,98,0.013079499825835228
2,23,165,97,0.035470299422740936
2,24,165,393,0.12087762355804443
2,25,165,391,0.12208832800388336
2,26,165,322,0.09381689131259918
2,27,165,410,0.08410002291202545
2,28,165,287,0.09513004124164581
2,29,165,273,0.12114566564559937
2,30,165,335,0.14319799840450287
2,31,165,406,0.15335866808891296
2,32,165,313,0.16659215092658997
2,33,165,421,0.1340312957763672
2,34,165,418,0.12144849449396133
2,35,165,424,0.11026938259601593
2,36,165,422,0.09584787487983704
2,37,165,432,0.07104994356632233
2,38,165,436,0.05672510713338852
2,39,165,426,0.08267082273960114
2,40,165,423,0.057570476084947586
2,41,165,427,0.04244827851653099
2,42,165,425,0.07858534157276154
2,43,165,327,0.05254240334033966
2,44,165,326,0.0775512307882309
2,45,165,0,0.10452394187450409
2,46,165,37,0.05731835216283798
2,47,165,39,0.011762270703911781
2,48,165,40,0.024532636627554893
2,49,165,185,0.03431112319231033
2,50,165,61,0.023719629272818565
2,51,165,146,0.024502404034137726
2,52,165,91,-0.006722771562635899
2,53,165,181,0.06544940173625946
2,54,165,84,0.11601869016885757
2,55,165,17,0.18828797340393066
2,56,165,11,0.09941233694553375
2,57,165,72,0.06573603302240372
2,58,165,73,0.012830179184675217
2,59,165,74,0.0015826663002371788
2,60,165,184,0.03097189962863922
2,61,165,77,0.01278984546661377
2,62,165,90,0.006651048548519611
2,63,165,180,0.07446141541004181
2,64,165,85,0.1214447095990181
2,65,165,16,0.192132368683815
2,66,165,12,0.09810026735067368
2,67,165,38,0.06821925938129425
2,68,165,41,0.01564262993633747
2,69,165,42,-0.01114328857511282
2,70,165,96,-0.001738470047712326
2,71,165,89,0.02304043434560299
2,72,165,179,0.06497634202241898
2,73,165,86,0.12474329769611359
2,74,165,15,0.176774263381958
2,75,165,13,0.10790479928255081
2,76,165,82,0.0663071796298027
2,77,165,81,0.02732757292687893
2,78,165,80,0.0032261088490486145
2,79,165,191,0.013187255710363388
2,80,165,78,0.013561364263296127
2,81,165,95,0.012928616255521774
2,82,165,88,0.05171514302492142
2,83,165,178,0.08530643582344055
2,84,165,87,0.12304525077342987
2,85,165,14,0.1837884932756424
2,86,165,267,0.11543937027454376
2,87,165,269,0.12003710120916367
2,88,165,270,0.11830328404903412
2,89,165,409,0.10545651614665985
2,90,165,291,0.1272820383310318
2,91,165,375,0.14631177484989166
2,92,165,321,0.1643853485584259
2,93,165,405,0.1506907343864441
2,94,165,314,0.2114286869764328
2,95,165,302,0.12214143574237823
2,96,165,303,0.1251145601272583
2,97,165,304,0.12200115621089935
2,98,165,408,0.11912786960601807
2,99,165,307,0.15853114426136017
2,100,165,320,0.16853854060173035
2,101,165,404,0.2137492448091507
2,102,165,315,0.2091294676065445
2,103,165,268,0.12007219344377518
2,104,165,271,0.13150185346603394
2,105,165,272,0.1280089020729065
2,106,165,325,0.15735666453838348
2,107,165,319,0.17119260132312775
2,108,165,403,0.19737203419208527
2,109,165,316,0.20334824919700623
2,110,165,312,0.12814822793006897
2,111,165,311,0.12254010885953903
2,112,165,310,0.12972323596477509
2,113,165,415,0.11781623959541321
2,114,165,308,0.1293807178735733
2,115,165,324,0.146877259016037
2,116,165,318,0.16282683610916138
2,117,165,402,0.19023995101451874
2,118,165,317,0.1957390457391739
3,4,92,186,0.014729158021509647
3,5,92,57,0.020478464663028717
3,6,92,43,0.013815196231007576
3,7,92,106,0.01905941218137741
3,8,92,182,0.04324430972337723
3,9,92,83,0.08577702939510345
3,10,92,18,0.17063197493553162
3,11,92,200,0.14725644886493683
3,12,92,201,0.0897519513964653
3,13,92,194,0.05233462527394295
3,14,92,204,-0.021137597039341927
3,15,92,202,-0.008171251974999905
3,16,92,212,-0.004366986453533173
3,17,92,216,0.00369111355394125
3,18,92,206,-0.004872748628258705
3,19,92,203,-0.0011383011005818844
3,20,92,207,-0.006858492270112038
3,21,92,205,0.0014231447130441666
3,22,92,98,0.03883785754442215
3,23,92,97,0.051611170172691345
3,24,92,393,0.1276785284280777
3,25,92,391,0.12577132880687714
3,26,92,322,0.10301651060581207
3,27,92,410,0.09274185448884964
3,28,92,287,0.07619898021221161
3,29,92,273,0.11333097517490387
3,30,92,335,0.15692713856697083
3,31,92,406,0.178892582654953
3,32,92,313,0.17264437675476074
3,33,92,421,0.15270699560642242
3,34,92,418,0.13388460874557495
3,35,92,424,0.11022451519966125
3,36,92,422,0.0942593365907669
3,37,92,432,0.07254025340080261
3,38,92,436,0.06079903617501259
3,39,92,426,0.07787242531776428
3,40,92,423,0.06710144877433777
3,41,92,427,0.04074566811323166
3,42,92,425,0.07110446691513062
3,43,92,327,0.06741632521152496
3,44,92,326,0.11237016320228577
3,45,92,0,0.1383110135793686
3,46,92,37,0.06455058604478836
3,47,92,39,0.03254666179418564
3,48,92,40,0.003787543624639511
3,49,92,185,-0.021497879177331924
3,50,92,61,0.013054829090833664
3,51,92,146,-0.012150786817073822
3,52,92,91,0.028950460255146027
3,53,92,181,0.08197428286075592
3,54,92,84,0.11939077824354172
3,55,92,17,0.20661316812038422
3,56,92,11,0.13502506911754608
3,57,92,72,0.07395785301923752
3,58,92,73,0.03469161316752434
3,59,92,74,0.00359899178147316
3,60,92,184,-0.01345734391361475
3,61,92,77,-0.0010013021528720856
3,62,92,90,0.04084343463182449
3,63,92,180,0.09970489144325256
3,64,92,85,0.12880776822566986
3,65,92,16,0.2134605348110199
3,66,92,12,0.12594376504421234
3,67,92,38,0.09566774219274521
3,68,92,41,0.04520951211452484
3,69,92,42,0.006544033065438271
3,70,92,96,0.015917807817459106
3,71,92,89,0.037437550723552704
3,72,92,179,0.0933799222111702
3,73,92,86,0.13878555595874786
3,74,92,15,0.18873907625675201
3,75,92,13,0.1361435353755951
3,76,92,82,0.07906319946050644
3,77,92,81,0.05089292675256729
3,78,92,80,0.01799618825316429
3,79,92,191,-0.006555031985044479
3,80,92,78,0.002644040621817112
3,81,92,95,0.03260740265250206
3,82,92,88,0.04832100123167038
3,83,92,178,0.09570164978504181
3,84,92,87,0.14848829805850983
3,85,92,14,0.17801205813884735
3,86,92,267,0.12741391360759735
3,87,92,269,-0.07772703468799591
3,88,92,270,0.12845376133918762
3,89,92,409,0.10151369124650955
3,90,92,291,0.11249028146266937
3,91,92,375,0.1447211056947708
3,92,92,321,0.14527852833271027
3,93,92,405,0.18231189250946045
3,94,92,314,0.22991250455379486
3,95,92,302,0.13744357228279114
3,96,92,303,0.13110147416591644
3,97,92,304,0.12908925116062164
3,98,92,408,0.11825332790613174
3,99,92,307,0.15426675975322723
3,100,92,320,0.17157910764217377
3,101,92,404,0.2154124677181244
3,102,92,315,0.21609406173229218
3,103,92,268,0.13231691718101501
3,104,92,271,0.13605321943759918
3,105,92,272,0.1190282553434372
3,106,92,325,0.15247851610183716
3,107,92,319,0.1707853078842163
3,108,92,403,0.21767356991767883
3,109,92,316,0.21499791741371155
3,110,92,312,0.1348256766796112
3,111,92,311,0.13571888208389282
3,112,92,310,0.13683730363845825
3,113,92,415,0.12005500495433807
3,114,92,308,0.10538965463638306
3,115,92,324,0.14810284972190857
3,116,92,318,0.1730140596628189
3,117,92,402,0.20278917253017426
3,118,92,317,0.19838295876979828
4,5,186,57,0.008543788455426693
4,6,186,43,-0.012184754014015198
4,7,186,106,0.022509600967168808
4,8,186,182,0.05377872288227081
4,9,186,83,0.0960460975766182
4,10,186,18,0.16965146362781525
4,11,186,200,0.15068084001541138
4,12,186,201,0.10569613426923752
4,13,186,194,0.05587342008948326
4,14,186,204,0.027914850041270256
4,15,186,202,-0.023514125496149063
4,16,186,212,-0.018376098945736885
4,17,186,216,-0.013142958283424377
4,18,186,206,-0.008349920623004436
4,19,186,203,0.025579601526260376
4,20,186,207,-0.018327059224247932
4,21,186,205,-0.010043453425168991
4,22,186,98,0.04598262906074524
4,23,186,97,0.06767401844263077
4,24,186,393,0.11892193555831909
4,25,186,391,0.10856316983699799
4,26,186,322,0.09689753502607346
4,27,186,410,0.08540911972522736
4,28,186,287,0.08539097011089325
4,29,186,273,0.12454472482204437
4,30,186,335,0.14820533990859985
4,31,186,406,0.16299347579479218
4,32,186,313,0.18197885155677795
4,33,186,421,0.15640044212341309
4,34,186,418,0.1324017345905304
4,35,186,424,0.10717255622148514
4,36,186,422,0.09285697340965271
4,37,186,432,0.06596201658248901
4,38,186,436,0.06128993257880211
4,39,186,426,0.06757302582263947
4,40,186,423,0.07018295675516129
4,41,186,427,0.042999498546123505
4,42,186,425,0.052452847361564636
4,43,186,327,0.06521224975585938
4,44,186,326,0.1036318689584732
4,45,186,0,0.1449858844280243
4,46,186,37,0.08907115459442139
4,47,186,39,0.04313936084508896
4,48,186,40,0.010377254337072372
4,49,186,185,-0.012258008122444153
4,50,186,61,-0.01806771010160446
4,51,186,146,-0.0008674394339323044
4,52,186,91,0.03676027059555054
4,53,186,181,0.08447491377592087
4,54,186,84,0.13110703229904175
4,55,186,17,0.1992276906967163
4,56,186,11,0.14876389503479004
4,57,186,72,0.09914161264896393
4,58,186,73,0.04821133613586426
4,59,186,74,0.01570981927216053
4,60,186,184,-0.00775378942489624
4,61,186,77,0.0031165610998868942
4,62,186,90,0.04588966816663742
4,63,186,180,0.09592543542385101
4,64,186,85,0.1450451761484146
4,65,186,16,0.20938582718372345
4,66,186,12,0.13880670070648193
4,67,186,38,0.09973791241645813
4,68,186,41,0.05269017815589905
4,69,186,42,0.024847157299518585
4,70,186,96,0.022600900381803513
4,71,186,89,0.06190146505832672
4,72,186,179,0.10921904444694519
4,73,186,86,0.14821992814540863
4,74,186,15,0.20404498279094696
4,75,186,13,0.14598429203033447
4,76,186,82,0.1027737557888031
4,77,186,81,0.059641528874635696
4,78,186,80,0.034576110541820526
4,79,186,191,0.0018864031881093979
4,80,186,78,0.0070684514939785
4,81,186,95,0.035277076065540314
4,82,186,88,0.0643264576792717
4,83,186,178,0.1087619811296463
4,84,186,87,0.1519954949617386
4,85,186,14,0.19872364401817322
4,86,186,267,0.12857729196548462
4,87,186,269,0.19558396935462952
4,88,186,270,0.11401563137769699
4,89,186,409,0.12069784104824066
4,90,186,291,0.10788610577583313
4,91,186,375,0.1549796760082245
4,92,186,321,0.18452322483062744
4,93,186,405,0.04565729573369026
4,94,186,314,0.2421669363975525
4,95,186,302,0.1360788196325302
4,96,186,303,0.13617093861103058
4,97,186,304,0.12098038196563721
4,98,186,408,0.12314558029174805
4,99,186,307,0.16145363450050354
4,100,186,320,0.18360073864459991
4,101,186,404,0.20107339322566986
4,102,186,315,0.23329155147075653
4,103,186,268,0.14292821288108826
4,104,186,271,0.1465798169374466
4,105,186,272,0.13654859364032745
4,106,186,325,0.14539587497711182
4,107,186,319,0.18486559391021729
4,108,186,403,0.21082788705825806
4,109,186,316,0.2211218774318695
4,110,186,312,0.13871949911117554
4,111,186,311,0.1518016755580902
4,112,186,310,0.13802780210971832
4,113,186,415,0.11861790716648102
4,114,186,308,0.09907735139131546
4,115,186,324,0.1461229920387268
4,116,186,318,0.1683967262506485
4,117,186,402,0.20375141501426697
4,118,186,317,0.2153702825307846
5,6,57,43,0.009245047345757484
5,7,57,106,0.026787005364894867
5,8,57,182,0.05812821537256241
5,9,57,83,0.10802479088306427
5,10,57,18,0.17316246032714844
5,11,57,200,0.15272659063339233
5,12,57,201,0.11102858930826187
5,13,57,194,0.07501477003097534
5,14,57,204,0.04634396731853485
5,15,57,202,-0.03683100640773773
5,16,57,212,-0.024241622537374496
5,17,57,216,-0.017752189189195633
5,18,57,206,0.02136099338531494
5,19,57,203,0.023421259596943855
5,20,57,207,-0.018009290099143982
5,21,57,205,-0.013685015961527824
5,22,57,98,0.04629582166671753
5,23,57,97,0.05973932892084122
5,24,57,393,0.11557841300964355
5,25,57,391,0.0935959592461586
5,26,57,322,0.09819571673870087
5,27,57,410,0.07744059711694717
5,28,57,287,0.0761270523071289
5,29,57,273,0.11962446570396423
5,30,57,335,0.13155844807624817
5,31,57,406,0.14830437302589417
5,32,57,313,0.17194697260856628
5,33,57,421,0.15352237224578857
5,34,57,418,0.13144516944885254
5,35,57,424,0.09661543369293213
5,36,57,422,0.08585625141859055
5,37,57,432,0.06556408852338791
5,38,57,436,0.06020515412092209
5,39,57,426,0.0726933628320694
5,40,57,423,0.07117249816656113
5,41,57,427,0.051457419991493225
5,42,57,425,0.05032968893647194
5,43,57,327,0.06764194369316101
5,44,57,326,0.09030406177043915
5,45,57,0,0.13339611887931824
5,46,57,37,0.09285364300012589
5,47,57,39,0.04357452690601349
5,48,57,40,0.016808297485113144
5,49,57,185,0.002357618883252144
5,50,57,61,-0.0072397757321596146
5,51,57,146,0.00725647434592247
5,52,57,91,0.045144859701395035
5,53,57,181,0.08240551501512527
5,54,57,84,0.1422681361436844
5,55,57,17,0.19269154965877533
5,56,57,11,0.12485431879758835
5,57,57,72,0.09408316761255264
5,58,57,73,0.057471536099910736
5,59,57,74,0.021672766655683517
5,60,57,184,-0.0006295423954725266
5,61,57,77,0.018031710758805275
5,62,57,90,0.037221815437078476
5,63,57,180,0.09108605235815048
5,64,57,85,0.15725620090961456
5,65,57,16,0.19169025123119354
5,66,57,12,0.13045626878738403
5,67,57,38,0.08803331106901169
5,68,57,41,0.058304645121097565
5,69,57,42,0.03631496801972389
5,70,57,96,0.029085882008075714
5,71,57,89,0.05345238745212555
5,72,57,179,0.11214921623468399
5,73,57,86,0.16304217278957367
5,74,57,15,0.18939022719860077
5,75,57,13,0.13547839224338531
5,76,57,82,0.1034606397151947
5,77,57,81,0.06755179911851883
5,78,57,80,0.036000292748212814
5,79,57,191,0.00903361476957798
5,80,57,78,0.016225026920437813
5,81,57,95,0.040005795657634735
5,82,57,88,0.07023291289806366
5,83,57,178,0.11470554769039154
5,84,57,87,0.16272960603237152
5,85,57,14,0.19812805950641632
5,86,57,267,0.11061322689056396
5,87,57,269,0.12789243459701538
5,88,57,270,0.11619289219379425
5,89,57,409,0.11629607528448105
5,90,57,291,0.10312885046005249
5,91,57,375,0.1345142424106598
5,92,57,321,0.17462225258350372
5,93,57,405,0.10036331415176392
5,94,57,314,0.2291874885559082
5,95,57,302,0.13586415350437164
5,96,57,303,0.13349245488643646
5,97,57,304,0.12116053700447083
5,98,57,408,0.12055422365665436
5,99,57,307,0.15026600658893585
5,100,57,320,0.1797269582748413
5,101,57,404,0.1692693829536438
5,102,57,315,0.20841386914253235
5,103,57,268,0.13320091366767883
5,104,57,271,0.1395544558763504
5,105,57,272,0.13622316718101501
5,106,57,325,0.14404696226119995
5,107,57,319,0.18238882720470428
5,108,57,403,0.20756569504737854
5,109,57,316,0.22428420186042786
5,110,57,312,0.13363145291805267
5,111,57,311,0.14424103498458862
5,112,57,310,0.12991927564144135
5,113,57,415,0.11472266912460327
5,114,57,308,0.09609069675207138
5,115,57,324,0.12895314395427704
5,116,57,318,0.1796574592590332
5,117,57,402,0.2152744084596634
5,118,57,317,0.21359485387802124
6,7,43,106,0.027954094111919403
6,8,43,182,0.061313726007938385
6,9,43,83,0.11193884164094925
6,10,43,18,0.1791963279247284
6,11,43,200,0.15622879564762115
6,12,43,201,0.11078553646802902
6,13,43,194,0.06561242043972015
6,14,43,204,0.014604220166802406
6,15,43,202,-0.023718608543276787
6,16,43,212,-0.013366268016397953
6,17,43,216,-0.0033754464238882065
6,18,43,206,-0.011501776054501534
6,19,43,203,0.008771320804953575
6,20,43,207,-0.0021450892090797424
6,21,43,205,0.004157166928052902
6,22,43,98,0.02747384086251259
6,23,43,97,0.05459057167172432
6,24,43,393,0.10468161106109619
6,25,43,391,0.08325297385454178
6,26,43,322,0.08042918890714645
6,27,43,410,0.07893214374780655
6,28,43,287,0.07616527378559113
6,29,43,273,0.09690416604280472
6,30,43,335,0.12538963556289673
6,31,43,406,0.14969219267368317
6,32,43,313,0.17197000980377197
6,33,43,421,0.1455472707748413
6,34,43,418,0.10780440270900726
6,35,43,424,0.08952656388282776
6,36,43,422,0.07076799124479294
6,37,43,432,0.05486215278506279
6,38,43,436,0.05323439836502075
6,39,43,426,0.05305803567171097
6,40,43,423,0.058572784066200256
6,41,43,427,0.03668178245425224
6,42,43,425,0.04894864186644554
6,43,43,327,0.06295045465230942
6,44,43,326,0.08095763623714447
6,45,43,0,-0.0220310278236866
6,46,43,37,0.07459533214569092
6,47,43,39,0.0384104885160923
6,48,43,40,0.008011525496840477
6,49,43,185,-0.021628722548484802
6,50,43,61,-0.021820325404405594
6,51,43,146,-0.006955714896321297
6,52,43,91,0.03393092751502991
6,53,43,181,0.0844738632440567
6,54,43,84,0.13042299449443817
6,55,43,17,0.2127409726381302
6,56,43,11,-0.020736906677484512
6,57,43,72,0.08212780207395554
6,58,43,73,0.043117646127939224
6,59,43,74,0.015419782139360905
6,60,43,184,-0.014090923592448235
6,61,43,77,-0.0014489442110061646
6,62,43,90,0.03400794416666031
6,63,43,180,0.08274085819721222
6,64,43,85,0.1372283548116684
6,65,43,16,0.029949408024549484
6,66,43,12,0.011752467602491379
6,67,43,38,0.074118971824646
6,68,43,41,0.04276903718709946
6,69,43,42,0.026138806715607643
6,70,43,96,0.014981500804424286
6,71,43,89,0.048030272126197815
6,72,43,179,0.09969035536050797
6,73,43,86,0.1439695954322815
6,74,43,15,0.012033585458993912
6,75,43,13,0.12540578842163086
6,76,43,82,0.07639690488576889
6,77,43,81,0.0444943830370903
6,78,43,80,0.03274574875831604
6,79,43,191,-0.0008217664435505867
6,80,43,78,-0.0015117209404706955
6,81,43,95,0.019948750734329224
6,82,43,88,0.05396724492311478
6,83,43,178,0.09229167550802231
6,84,43,87,0.15344677865505219
6,85,43,14,0.18566840887069702
6,86,43,267,-0.07842110097408295
6,87,43,269,-0.11724171042442322
6,88,43,270,0.11195702850818634
6,89,43,409,0.10173700749874115
6,90,43,291,0.09247904270887375
6,91,43,375,0.12888933718204498
6,92,43,321,0.07191862165927887
6,93,43,405,0.17210865020751953
6,94,43,314,0.15975366532802582
6,95,43,302,0.11842017620801926
6,96,43,303,0.11214672029018402
6,97,43,304,0.10728533565998077
6,98,43,408,0.10656926780939102
6,99,43,307,0.12296772003173828
6,100,43,320,0.17445091903209686
6,101,43,404,0.17340630292892456
6,102,43,315,0.15447157621383667
6,103,43,268,0.12211381644010544
6,104,43,271,0.12535682320594788
6,105,43,272,0.12201084196567535
6,106,43,325,0.12514780461788177
6,107,43,319,0.16673055291175842
6,108,43,403,0.1591643989086151
6,109,43,316,0.10143481194972992
6,110,43,312,0.11962004005908966
6,111,43,311,0.12773321568965912
6,112,43,310,0.12109626829624176
6,113,43,415,0.10510919988155365
6,114,43,308,0.09238486737012863
6,115,43,324,0.11420783400535583
6,116,43,318,0.15104615688323975
6,117,43,402,0.18475216627120972
6,118,43,317,-0.02009662799537182
7,8,106,182,0.03974628448486328
7,9,106,83,0.10137299448251724
7,10,106,18,0.17326423525810242
7,11,106,200,0.15226992964744568
7,12,106,201,0.10074732452630997
7,13,106,194,0.058537423610687256
7,14,106,204,-0.026790114119648933
7,15,106,202,-0.010146196000277996
7,16,106,212,0.01350812241435051
7,17,106,216,0.027935391291975975
7,18,106,206,0.015930267050862312
7,19,106,203,0.023764386773109436
7,20,106,207,0.019874539226293564
7,21,106,205,0.027870062738656998
7,22,106,98,0.016991514712572098
7,23,106,97,0.029712839052081108
7,24,106,393,0.07314193993806839
7,25,106,391,0.054750267416238785
7,26,106,322,0.06015496328473091
7,27,106,410,0.06212592124938965
7,28,106,287,0.06555813550949097
7,29,106,273,0.07540425658226013
7,30,106,335,0.10809491574764252
7,31,106,406,0.1363339126110077
7,32,106,313,0.1537301391363144
7,33,106,421,0.12733027338981628
7,34,106,418,0.10322707891464233
7,35,106,424,0.07941252738237381
7,36,106,422,0.0600847490131855
7,37,106,432,0.04022674262523651
7,38,106,436,0.04270843416452408
7,39,106,426,0.03960821405053139
7,40,106,423,0.0453655868768692
7,41,106,427,0.02650689147412777
7,42,106,425,0.034729812294244766
7,43,106,327,0.04182726889848709
7,44,106,326,0.05792926251888275
7,45,106,0,-0.0012992806732654572
7,46,106,37,0.0544670931994915
7,47,106,39,0.025467101484537125
7,48,106,40,-0.012509506195783615
7,49,106,185,0.03633413091301918
7,50,106,61,0.03488679975271225
7,51,106,146,0.013928784057497978
7,52,106,91,0.011669959872961044
7,53,106,181,0.06823784112930298
7,54,106,84,0.11813777685165405
7,55,106,17,0.06270796060562134
7,56,106,11,-0.0026769861578941345
7,57,106,72,0.061049822717905045
7,58,106,73,0.0325155183672905
7,59,106,74,0.0008799368515610695
7,60,106,184,0.016645919531583786
7,61,106,77,-0.005348422098904848
7,62,106,90,0.01092320866882801
7,63,106,180,0.07178603112697601
7,64,106,85,0.12163320928812027
7,65,106,16,0.04466208815574646
7,66,106,12,-0.00045044347643852234
7,67,106,38,0.06595224142074585
7,68,106,41,0.03639288246631622
7,69,106,42,0.004869387485086918
7,70,106,96,0.002703193575143814
7,71,106,89,0.03176712244749069
7,72,106,179,0.08068296313285828
7,73,106,86,0.12721951305866241
7,74,106,15,0.07601019740104675
7,75,106,13,-0.0009385235607624054
7,76,106,82,0.05694642663002014
7,77,106,81,0.03791017085313797
7,78,106,80,0.010165738873183727
7,79,106,191,-0.007745505776256323
7,80,106,78,0.020073946565389633
7,81,106,95,0.019952701404690742
7,82,106,88,0.036160681396722794
7,83,106,178,0.08543390035629272
7,84,106,87,0.14456424117088318
7,85,106,14,0.1889856457710266
7,86,106,267,-0.05173780769109726
7,87,106,269,0.10677529871463776
7,88,106,270,0.09196159243583679
7,89,106,409,0.09306630492210388
7,90,106,291,0.07854210585355759
7,91,106,375,0.11158500611782074
7,92,106,321,0.06949819624423981
7,93,106,405,0.16131167113780975
7,94,106,314,0.21826864778995514
7,95,106,302,-0.0748392790555954
7,96,106,303,0.4830634295940399
7,97,106,304,0.10296984761953354
7,98,106,408,0.09802865982055664
7,99,106,307,0.120509073138237
7,100,106,320,0.15914472937583923
7,101,106,404,0.18930542469024658
7,102,106,315,0.20912136137485504
7,103,106,268,0.0934741348028183
7,104,106,271,0.10577581822872162
7,105,106,272,0.10763923823833466
7,106,106,325,0.11952251195907593
7,107,106,319,0.16412682831287384
7,108,106,403,0.1651705801486969
7,109,106,316,0.17567972838878632
7,110,106,312,0.10192009061574936
7,111,106,311,0.1161760464310646
7,112,106,310,0.10425611585378647
7,113,106,415,0.09811931848526001
7,114,106,308,0.07359436899423599
7,115,106,324,0.10727335512638092
7,116,106,318,0.15713781118392944
7,117,106,402,0.18548201024532318
7,118,106,317,0.09236662089824677
8,9,182,83,0.07292786985635757
8,10,182,18,0.13564029335975647
8,11,182,200,0.12703534960746765
8,12,182,201,0.06677593290805817
8,13,182,194,-0.01995682530105114
8,14,182,204,0.00675494410097599
8,15,182,202,0.028621258214116096
8,16,182,212,0.04751425236463547
8,17,182,216,0.0631738156080246
8,18,182,206,0.056658077985048294
8,19,182,203,0.036827825009822845
8,20,182,207,0.05333506688475609
8,21,182,205,0.06429420411586761
8,22,182,98,0.017316769808530807
8,23,182,97,0.007672121748328209
8,24,182,393,0.04776594787836075
8,25,182,391,0.041806209832429886
8,26,182,322,0.044802241027355194
8,27,182,410,0.04841698333621025
8,28,182,287,0.049040745943784714
8,29,182,273,0.05985055863857269
8,30,182,335,0.08729557693004608
8,31,182,406,0.12261949479579926
8,32,182,313,0.12582312524318695
8,33,182,421,0.11016532778739929
8,34,182,418,0.073417067527771
8,35,182,424,0.06214544177055359
8,36,182,422,0.0421409085392952
8,37,182,432,0.028324831277132034
8,38,182,436,0.029709111899137497
8,39,182,426,0.027752378955483437
8,40,182,423,0.02109524793922901
8,41,182,427,0.011706691235303879
8,42,182,425,0.016040928661823273
8,43,182,327,0.03097853995859623
8,44,182,326,0.03577665239572525
8,45,182,0,0.06813663989305496
8,46,182,37,0.03232124075293541
8,47,182,39,0.005203781183809042
8,48,182,40,0.04173440486192703
8,49,182,185,0.05197246000170708
8,50,182,61,0.053774796426296234
8,51,182,146,0.05359065532684326
8,52,182,91,0.02594682201743126
8,53,182,181,0.04503807798027992
8,54,182,84,0.10304350405931473
8,55,182,17,0.1841464340686798
8,56,182,11,0.027810581028461456
8,57,182,72,0.03413988649845123
8,58,182,73,0.010968434624373913
8,59,182,74,0.029718773439526558
8,60,182,184,0.05621875822544098
8,61,182,77,0.04087374731898308
8,62,182,90,0.008224060758948326
8,63,182,180,0.04961549863219261
8,64,182,85,0.10131581872701645
8,65,182,16,0.08969733864068985
8,66,182,12,-0.012679245322942734
8,67,182,38,0.04863005504012108
8,68,182,41,0.004902984946966171
8,69,182,42,0.008739974349737167
8,70,182,96,0.029822690412402153
8,71,182,89,-0.00011151283979415894
8,72,182,179,0.05166272446513176
8,73,182,86,0.09818235784769058
8,74,182,15,0.1413671374320984
8,75,182,13,-0.037512052804231644
8,76,182,82,0.04133951663970947
8,77,182,81,0.009906701743602753
8,78,182,80,0.007325521670281887
8,79,182,191,0.037073150277137756
8,80,182,78,0.02690332941710949
8,81,182,95,0.013558531180024147
8,82,182,88,0.00792253389954567
8,83,182,178,0.057081930339336395
8,84,182,87,0.10240282863378525
8,85,182,14,0.1582219898700714
8,86,182,267,-0.05421746149659157
8,87,182,269,0.08768995106220245
8,88,182,270,0.06194771081209183
8,89,182,409,0.06407633423805237
8,90,182,291,0.05986642464995384
8,91,182,375,0.08965510129928589
8,92,182,321,0.08158719539642334
8,93,182,405,0.14894342422485352
8,94,182,314,0.28450846672058105
8,95,182,302,-0.06656713038682938
8,96,182,303,0.08844427764415741
8,97,182,304,0.08118999004364014
8,98,182,408,0.0768493041396141
8,99,182,307,0.09401221573352814
8,100,182,320,0.12278704345226288
8,101,182,404,0.1620490700006485
8,102,182,315,0.0028658881783485413
8,103,182,268,0.06475913524627686
8,104,182,271,0.08401132375001907
8,105,182,272,0.07731162756681442
8,106,182,325,0.09819953143596649
8,107,182,319,0.12415555864572525
8,108,182,403,0.16680938005447388
8,109,182,316,0.18361344933509827
8,110,182,312,0.07645292580127716
8,111,182,311,0.08368688821792603
8,112,182,310,0.0906488448381424
8,113,182,415,0.07259868830442429
8,114,182,308,0.06500110775232315
8,115,182,324,0.09194415807723999
8,116,182,318,0.11775247752666473
8,117,182,402,0.15040692687034607
8,118,182,317,0.17039170861244202
9,10,83,18,0.08751032501459122
9,11,83,200,0.06444849818944931
9,12,83,201,-0.011554239317774773
9,13,83,194,0.033190518617630005
9,14,83,204,0.05658119171857834
9,15,83,202,0.07830187678337097
9,16,83,212,0.08762995898723602
9,17,83,216,0.1009485274553299
9,18,83,206,0.07529162615537643
9,19,83,203,0.07152912765741348
9,20,83,207,0.09328316897153854
9,21,83,205,0.11943161487579346
9,22,83,98,0.06317263096570969
9,23,83,97,0.0065121129155159
9,24,83,393,0.014799412339925766
9,25,83,391,0.0076411813497543335
9,26,83,322,0.013869021087884903
9,27,83,410,0.025372959673404694
9,28,83,287,0.0306968092918396
9,29,83,273,0.052217453718185425
9,30,83,335,0.06274311244487762
9,31,83,406,0.085250124335289
9,32,83,313,0.09286365658044815
9,33,83,421,0.08068865537643433
9,34,83,418,0.047643158584833145
9,35,83,424,0.02996009588241577
9,36,83,422,0.015940824523568153
9,37,83,432,-0.0028835907578468323
9,38,83,436,-0.004429228603839874
9,39,83,426,-0.010221295058727264
9,40,83,423,-0.015234988182783127
9,41,83,427,-0.024362847208976746
9,42,83,425,-0.023103244602680206
9,43,83,327,-0.009887028485536575
9,44,83,326,0.0016483627259731293
9,45,83,0,0.03250955045223236
9,46,83,37,0.003524903440847993
9,47,83,39,0.05378279089927673
9,48,83,40,0.09126339852809906
9,49,83,185,0.09621270000934601
9,50,83,61,0.10405939817428589
9,51,83,146,0.09595760703086853
9,52,83,91,0.06598362326622009
9,53,83,181,0.01415332406759262
9,54,83,84,0.024194512516260147
9,55,83,17,0.1094554215669632
9,56,83,11,0.03540309518575668
9,57,83,72,-0.004964534193277359
9,58,83,73,0.04944480210542679
9,59,83,74,0.07362471520900726
9,60,83,184,0.09498098492622375
9,61,83,77,0.09199340641498566
9,62,83,90,0.05044754594564438
9,63,83,180,0.012449735775589943
9,64,83,85,0.028222158551216125
9,65,83,16,0.11589419096708298
9,66,83,12,0.03768182545900345
9,67,83,38,-0.013749751262366772
9,68,83,41,0.0548715740442276
9,69,83,42,0.07639467716217041
9,70,83,96,0.08518949896097183
9,71,83,89,0.04289117082953453
9,72,83,179,0.004955306649208069
9,73,83,86,0.040121518075466156
9,74,83,15,0.12539373338222504
9,75,83,13,0.03775012493133545
9,76,83,82,-0.00856010615825653
9,77,83,81,0.038547758013010025
9,78,83,80,0.07209445536136627
9,79,83,191,0.0849854052066803
9,80,83,78,0.07984843105077744
9,81,83,95,0.05674416571855545
9,82,83,88,0.0354405902326107
9,83,83,178,-0.006381304934620857
9,84,83,87,0.039803266525268555
9,85,83,14,0.11449970304965973
9,86,83,267,0.03903011977672577
9,87,83,269,0.045862168073654175
9,88,83,270,0.04828532040119171
9,89,83,409,0.056721217930316925
9,90,83,291,0.049782149493694305
9,91,83,375,0.0789690911769867
9,92,83,321,0.09073654562234879
9,93,83,405,0.13900263607501984
9,94,83,314,0.14507406949996948
9,95,83,302,0.039708126336336136
9,96,83,303,0.05515469238162041
9,97,83,304,0.05132753774523735
9,98,83,408,0.057473473250865936
9,99,83,307,0.08137035369873047
9,100,83,320,0.0992325097322464
9,101,83,404,0.13898733258247375
9,102,83,315,0.15451306104660034
9,103,83,268,0.04520971328020096
9,104,83,271,0.052327293902635574
9,105,83,272,0.06155712530016899
9,106,83,325,0.08511817455291748
9,107,83,319,0.10338123142719269
9,108,83,403,0.13152256608009338
9,109,83,316,0.14572519063949585
9,110,83,312,0.04237332567572594
9,111,83,311,0.06796859204769135
9,112,83,310,0.057171426713466644
9,113,83,415,0.052345264703035355
9,114,83,308,0.057409871369600296
9,115,83,324,0.07668203115463257
9,116,83,318,0.08595775067806244
9,117,83,402,0.12001557648181915
9,118,83,317,0.13783176243305206
10,11,18,200,-0.0004697868134826422
10,12,18,201,0.06455770134925842
10,13,18,194,0.1146589070558548
10,14,18,204,0.13772879540920258
10,15,18,202,0.13398993015289307
10,16,18,212,0.13849614560604095
10,17,18,216,0.1570725291967392
10,18,18,206,0.15354792773723602
10,19,18,203,0.1546678990125656
10,20,18,207,0.1597948670387268
10,21,18,205,0.1658175140619278
10,22,18,98,0.12071116268634796
10,23,18,97,0.11334419250488281
10,24,18,393,-0.044951505959033966
10,25,18,391,-0.04662149399518967
10,26,18,322,-0.030295148491859436
10,27,18,410,-0.019469965249300003
10,28,18,287,-0.01499178633093834
10,29,18,273,0.01930665597319603
10,30,18,335,0.031335655599832535
10,31,18,406,0.04223039373755455
10,32,18,313,0.03613024204969406
10,33,18,421,0.022669654339551926
10,34,18,418,0.010879360139369965
10,35,18,424,-0.002949777990579605
10,36,18,422,-0.022457677870988846
10,37,18,432,-0.053182318806648254
10,38,18,436,-0.06273163855075836
10,39,18,426,-0.06453929841518402
10,40,18,423,-0.0647660493850708
10,41,18,427,-0.08650097250938416
10,42,18,425,-0.07615303993225098
10,43,18,327,-0.06317485868930817
10,44,18,326,-0.07408691942691803
10,45,18,0,0.01755213923752308
10,46,18,37,0.06938928365707397
10,47,18,39,0.10943843424320221
10,48,18,40,0.13782012462615967
10,49,18,185,0.14191780984401703
10,50,18,61,0.1233540028333664
10,51,18,146,0.12208852916955948
10,52,18,91,0.08695285767316818
10,53,18,181,0.03815623000264168
10,54,18,84,0.01883421465754509
10,55,18,17,0.018138675019145012
10,56,18,11,0.014152821153402328
10,57,18,72,0.07805467396974564
10,58,18,73,0.12462954223155975
10,59,18,74,0.1356322467327118
10,60,18,184,0.1373680830001831
10,61,18,77,0.1129332184791565
10,62,18,90,0.08858512341976166
10,63,18,180,0.04410108923912048
10,64,18,85,0.00720762275159359
10,65,18,16,0.02149737812578678
10,66,18,12,0.01180635392665863
10,67,18,38,0.07534978538751602
10,68,18,41,0.12440840899944305
10,69,18,42,0.13766320049762726
10,70,18,96,0.1110222190618515
10,71,18,89,0.09792261570692062
10,72,18,179,0.050916887819767
10,73,18,86,0.010274956002831459
10,74,18,15,0.009826340712606907
10,75,18,13,0.023878837004303932
10,76,18,82,0.08535101264715195
10,77,18,81,0.12014548480510712
10,78,18,80,0.11781159043312073
10,79,18,191,0.12750715017318726
10,80,18,78,0.11550051718950272
10,81,18,95,0.10261532664299011
10,82,18,88,0.08452410995960236
10,83,18,178,0.05869129300117493
10,84,18,87,0.03337332233786583
10,85,18,14,0.01220188569277525
10,86,18,267,-0.008433626964688301
10,87,18,269,0.003928951919078827
10,88,18,270,0.02124864235520363
10,89,18,409,0.02040378749370575
10,90,18,291,0.015175025910139084
10,91,18,375,0.07278099656105042
10,92,18,321,0.10571801662445068
10,93,18,405,0.10936838388442993
10,94,18,314,0.09247174859046936
10,95,18,302,-0.00373181514441967
10,96,18,303,0.014241049066185951
10,97,18,304,0.025079920887947083
10,98,18,408,0.03119909204542637
10,99,18,307,0.07919110357761383
10,100,18,320,0.09914572536945343
10,101,18,404,0.11173105239868164
10,102,18,315,0.09403882175683975
10,103,18,268,0.0078019918873906136
10,104,18,271,0.016026774421334267
10,105,18,272,0.022829685360193253
10,106,18,325,0.05486002936959267
10,107,18,319,0.070675328373909
10,108,18,403,0.09230172634124756
10,109,18,316,0.08204109966754913
10,110,18,312,-0.0018096249550580978
10,111,18,311,0.012129997834563255
10,112,18,310,0.010622773319482803
10,113,18,415,0.025324571877717972
10,114,18,308,0.007602140307426453
10,115,18,324,0.04454455152153969
10,116,18,318,0.05900747328996658
10,117,18,402,0.07321552187204361
10,118,18,317,0.07285445183515549
11,12,200,201,0.07388368993997574
11,13,200,194,0.11504161357879639
11,14,200,204,0.1335761398077011
11,15,200,202,0.12772811949253082
11,16,200,212,0.1483040153980255
11,17,200,216,0.16598565876483917
11,18,200,206,0.12963765859603882
11,19,200,203,0.12447139620780945
11,20,200,207,0.14132417738437653
11,21,200,205,0.1503896266222
11,22,200,98,0.10684231668710709
11,23,200,97,0.09861268103122711
11,24,200,393,-0.02201446145772934
11,25,200,391,-0.03233442083001137
11,26,200,322,-0.02455352619290352
11,27,200,410,-0.0140509232878685
11,28,200,287,-0.00327170267701149
11,29,200,273,0.03748661279678345
11,30,200,335,0.04095582664012909
11,31,200,406,0.05571504682302475
11,32,200,313,0.04577736556529999
11,33,200,421,0.023931801319122314
11,34,200,418,0.015730133280158043
11,35,200,424,0.00015909969806671143
11,36,200,422,-0.019494060426950455
11,37,200,432,-0.03801238536834717
11,38,200,436,-0.050928521901369095
11,39,200,426,-0.06838192045688629
11,40,200,423,-0.054436348378658295
11,41,200,427,-0.07195654511451721
11,42,200,425,-0.06875300407409668
11,43,200,327,-0.048684075474739075
11,44,200,326,-0.041945114731788635
11,45,200,0,0.02117856591939926
11,46,200,37,0.07281500101089478
11,47,200,39,0.08662575483322144
11,48,200,40,0.10251998901367188
11,49,200,185,0.11870643496513367
11,50,200,61,0.1151386946439743
11,51,200,146,0.10600677877664566
11,52,200,91,0.06845935434103012
11,53,200,181,0.04291503503918648
11,54,200,84,0.016788145527243614
11,55,200,17,0.008083374239504337
11,56,200,11,0.015288539230823517
11,57,200,72,0.07347866892814636
11,58,200,73,0.09239879250526428
11,59,200,74,0.11009220778942108
11,60,200,184,0.11217883229255676
11,61,200,77,0.10285913199186325
11,62,200,90,0.07190018892288208
11,63,200,180,0.04246172308921814
11,64,200,85,0.015050103887915611
11,65,200,16,0.00751145975664258
11,66,200,12,0.02135924994945526
11,67,200,38,0.07072025537490845
11,68,200,41,0.11820724606513977
11,69,200,42,0.11572375893592834
11,70,200,96,0.09768915176391602
11,71,200,89,0.08299635350704193
11,72,200,179,0.043852709233760834
11,73,200,86,0.02011621743440628
11,74,200,15,0.013343846425414085
11,75,200,13,0.0242569912225008
11,76,200,82,0.0757640078663826
11,77,200,81,0.10192108154296875
11,78,200,80,0.10876006633043289
11,79,200,191,0.1110515147447586
11,80,200,78,0.10443943738937378
11,81,200,95,0.09117218852043152
11,82,200,88,0.08981341123580933
11,83,200,178,0.05336645990610123
11,84,200,87,0.022766776382923126
11,85,200,14,0.009607759304344654
11,86,200,267,-0.006512358784675598
11,87,200,269,0.017568357288837433
11,88,200,270,0.02693808823823929
11,89,200,409,0.053169600665569305
11,90,200,291,0.045954011380672455
11,91,200,375,0.08021348714828491
11,92,200,321,0.10280266404151917
11,93,200,405,0.12246441096067429
11,94,200,314,0.0990913137793541
11,95,200,302,0.002647656947374344
11,96,200,303,0.015132546424865723
11,97,200,304,0.028521675616502762
11,98,200,408,0.04199972003698349
11,99,200,307,0.08597429096698761
11,100,200,320,0.10315385460853577
11,101,200,404,0.12690967321395874
11,102,200,315,0.10208363085985184
11,103,200,268,0.015102289617061615
11,104,200,271,0.02163471281528473
11,105,200,272,0.02770237997174263
11,106,200,325,0.05287875235080719
11,107,200,319,0.08504889905452728
11,108,200,403,0.08327361941337585
11,109,200,316,0.09481015056371689
11,110,200,312,0.007248229347169399
11,111,200,311,0.017524510622024536
11,112,200,310,0.019955120980739594
11,113,200,415,0.028140831738710403
11,114,200,308,0.020057402551174164
11,115,200,324,0.03800058364868164
11,116,200,318,0.06042865663766861
11,117,200,402,0.07384133338928223
11,118,200,317,0.07881053537130356
12,13,201,194,0.058643292635679245
12,14,201,204,0.07271309196949005
12,15,201,202,0.08020465821027756
12,16,201,212,0.08614948391914368
12,17,201,216,0.10732007026672363
12,18,201,206,0.09252538532018661
12,19,201,203,0.09107634425163269
12,20,201,207,0.09440825879573822
12,21,201,205,0.1285010427236557
12,22,201,98,0.06969884037971497
12,23,201,97,-0.03898148983716965
12,24,201,393,0.018409911543130875
12,25,201,391,0.004018567502498627
12,26,201,322,0.015867803245782852
12,27,201,410,0.027827398851513863
12,28,201,287,0.040250834077596664
12,29,201,273,0.05182565003633499
12,30,201,335,0.07032523304224014
12,31,201,406,0.08963088691234589
12,32,201,313,0.09996002912521362
12,33,201,421,0.06612502038478851
12,34,201,418,0.045827336609363556
12,35,201,424,0.04026338458061218
12,36,201,422,0.023798547685146332
12,37,201,432,0.001635577529668808
12,38,201,436,-0.016383390873670578
12,39,201,426,-0.011995591223239899
12,40,201,423,-0.023212149739265442
12,41,201,427,-0.03346406668424606
12,42,201,425,-0.04127837345004082
12,43,201,327,-0.011064980179071426
12,44,201,326,-0.0018743500113487244
12,45,201,0,0.03850008174777031
12,46,201,37,-0.010713229887187481
12,47,201,39,0.04936179518699646
12,48,201,40,0.08924150466918945
12,49,201,185,0.09475104510784149
12,50,201,61,0.09835831075906754
12,51,201,146,0.08096481114625931
12,52,201,91,0.04447832703590393
12,53,201,181,0.01706126146018505
12,54,201,84,0.01390860415995121
12,55,201,17,0.11683081090450287
12,56,201,11,0.041577622294425964
12,57,201,72,-0.013237474486231804
12,58,201,73,0.057263389229774475
12,59,201,74,0.07876775413751602
12,60,201,184,0.09677186608314514
12,61,201,77,0.07855260372161865
12,62,201,90,0.045672252774238586
12,63,201,180,0.005738694220781326
12,64,201,85,0.006736455485224724
12,65,201,16,0.11282314360141754
12,66,201,12,0.03499678149819374
12,67,201,38,-0.00818011723458767
12,68,201,41,0.047119252383708954
12,69,201,42,0.06953713297843933
12,70,201,96,0.0752188190817833
12,71,201,89,0.03401981666684151
12,72,201,179,0.007498573511838913
12,73,201,86,0.0406162291765213
12,74,201,15,0.09570736438035965
12,75,201,13,0.033799685537815094
12,76,201,82,0.0034205648116767406
12,77,201,81,0.02350125089287758
12,78,201,80,0.06705292314291
12,79,201,191,0.0842793881893158
12,80,201,78,0.10039480030536652
12,81,201,95,0.06134270131587982
12,82,201,88,0.037310462445020676
12,83,201,178,0.015527310781180859
12,84,201,87,0.0372341051697731
12,85,201,14,0.08308674395084381
12,86,201,267,-0.05775369703769684
12,87,201,269,-0.08719372749328613
12,88,201,270,0.058052755892276764
12,89,201,409,0.06099265068769455
12,90,201,291,0.05603800714015961
12,91,201,375,0.07305114716291428
12,92,201,321,0.09266068786382675
12,93,201,405,0.13658615946769714
12,94,201,314,0.14147093892097473
12,95,201,302,0.05139700695872307
12,96,201,303,0.0565471425652504
12,97,201,304,0.06056198850274086
12,98,201,408,0.060702133923769
12,99,201,307,0.08649839460849762
12,100,201,320,0.11168444156646729
12,101,201,404,0.13386040925979614
12,102,201,315,0.1476154625415802
12,103,201,268,0.046652890741825104
12,104,201,271,0.06381836533546448
12,105,201,272,0.07094696164131165
12,106,201,325,0.09614591300487518
12,107,201,319,0.11464928090572357
12,108,201,403,0.12870819866657257
12,109,201,316,0.13973873853683472
12,110,201,312,0.04694325476884842
12,111,201,311,0.05663423612713814
12,112,201,310,0.0646049827337265
12,113,201,415,0.05697885528206825
12,114,201,308,0.05374617502093315
12,115,201,324,0.07318976521492004
12,116,201,318,0.08284097909927368
12,117,201,402,0.1164294108748436
12,118,201,317,0.12796208262443542
13,14,194,204,0.0286337248980999
13,15,194,202,0.03625142574310303
13,16,194,212,0.034942377358675
13,17,194,216,0.04993491992354393
13,18,194,206,0.05520929396152496
13,19,194,203,0.047577910125255585
13,20,194,207,0.04376374930143356
13,21,194,205,0.08898000419139862
13,22,194,98,-0.016259586438536644
13,23,194,97,0.0014752242714166641
13,24,194,393,0.049459006637334824
13,25,194,391,0.044586051255464554
13,26,194,322,0.04168190434575081
13,27,194,410,0.04257168620824814
13,28,194,287,0.05009419471025467
13,29,194,273,0.07953964173793793
13,30,194,335,0.09922546148300171
13,31,194,406,0.12445874512195587
13,32,194,313,0.13559763133525848
13,33,194,421,0.11470343917608261
13,34,194,418,0.08206452429294586
13,35,194,424,0.05863833799958229
13,36,194,422,0.03970668837428093
13,37,194,432,0.03255452960729599
13,38,194,436,0.029917430132627487
13,39,194,426,0.023539014160633087
13,40,194,423,0.019368313252925873
13,41,194,427,0.00724850594997406
13,42,194,425,0.0018017366528511047
13,43,194,327,0.022513754665851593
13,44,194,326,0.03255379945039749
13,45,194,0,0.06408440321683884
13,46,194,37,0.015927273780107498
13,47,194,39,-0.01851373352110386
13,48,194,40,0.03792066127061844
13,49,194,185,0.06450005620718002
13,50,194,61,0.06529419124126434
13,51,194,146,0.0524868443608284
13,52,194,91,-0.003989716526120901
13,53,194,181,0.017727293074131012
13,54,194,84,0.08231496065855026
13,55,194,17,0.14110501110553741
13,56,194,11,0.06693367660045624
13,57,194,72,0.026396801695227623
13,58,194,73,-0.0072952695190906525
13,59,194,74,-0.0062796142883598804
13,60,194,184,0.06375493854284286
13,61,194,77,0.03585025295615196
13,62,194,90,-0.017060520127415657
13,63,194,180,0.03574134036898613
13,64,194,85,0.08383893966674805
13,65,194,16,0.1030702143907547
13,66,194,12,0.027653474360704422
13,67,194,38,0.031007668003439903
13,68,194,41,-0.008554956875741482
13,69,194,42,-0.023002484813332558
13,70,194,96,0.027896691113710403
13,71,194,89,0.0035465992987155914
13,72,194,179,0.029670294374227524
13,73,194,86,0.09081989526748657
13,74,194,15,0.1174963042140007
13,75,194,13,0.06599309295415878
13,76,194,82,0.030775871127843857
13,77,194,81,-0.0010671056807041168
13,78,194,80,-0.013184258714318275
13,79,194,191,0.0164407417178154
13,80,194,78,0.04197809845209122
13,81,194,95,0.007897657342255116
13,82,194,88,0.006827542558312416
13,83,194,178,0.041485898196697235
13,84,194,87,0.08169222623109818
13,85,194,14,0.1198575422167778
13,86,194,267,0.02871561609208584
13,87,194,269,0.07309876382350922
13,88,194,270,0.07772864401340485
13,89,194,409,0.06610727310180664
13,90,194,291,0.07244666665792465
13,91,194,375,0.09753843396902084
13,92,194,321,0.12399495393037796
13,93,194,405,0.153911754488945
13,94,194,314,0.15844735503196716
13,95,194,302,0.07562116533517838
13,96,194,303,0.08556295931339264
13,97,194,304,0.07821275293827057
13,98,194,408,0.08347965776920319
13,99,194,307,0.10840588808059692
13,100,194,320,0.1258702576160431
13,101,194,404,0.15057669579982758
13,102,194,315,0.16846121847629547
13,103,194,268,0.07844963669776917
13,104,194,271,0.08111901581287384
13,105,194,272,0.08249776810407639
13,106,194,325,0.11130455881357193
13,107,194,319,0.12196275591850281
13,108,194,403,0.1490647792816162
13,109,194,316,0.1570892333984375
13,110,194,312,0.07321523129940033
13,111,194,311,0.0811823159456253
13,112,194,310,0.09442371875047684
13,113,194,415,0.08339627087116241
13,114,194,308,0.06721203029155731
13,115,194,324,0.09626549482345581
13,116,194,318,0.112839475274086
13,117,194,402,0.14010977745056152
13,118,194,317,0.15495645999908447
14,15,204,202,0.011647695675492287
14,16,204,212,0.02433992363512516
14,17,204,216,0.023165224120020866
14,18,204,206,0.034551095217466354
14,19,204,203,-0.01911398395895958
14,20,204,207,0.02826285921037197
14,21,204,205,0.04255574941635132
14,22,204,98,0.00033346936106681824
14,23,204,97,0.026387404650449753
14,24,204,393,0.07129492610692978
14,25,204,391,0.06922278553247452
14,26,204,322,0.06384965032339096
14,27,204,410,0.05891295149922371
14,28,204,287,0.07391861081123352
14,29,204,273,0.09238853305578232
14,30,204,335,0.11473038792610168
14,31,204,406,0.14825749397277832
14,32,204,313,0.162284716963768
14,33,204,421,0.12994509935379028
14,34,204,418,0.1003769040107727
14,35,204,424,0.0791531577706337
14,36,204,422,0.057223863899707794
14,37,204,432,0.0418756939470768
14,38,204,436,0.03988530486822128
14,39,204,426,0.042329467833042145
14,40,204,423,0.04030898958444595
14,41,204,427,0.026177283376455307
14,42,204,425,0.03600630164146423
14,43,204,327,0.04317030310630798
14,44,204,326,0.05119878053665161
14,45,204,0,0.09049049764871597
14,46,204,37,0.042024753987789154
14,47,204,39,0.006866953335702419
14,48,204,40,-0.019540922716259956
14,49,204,185,-0.0388682559132576
14,50,204,61,-0.02059752866625786
14,51,204,146,-0.02786606177687645
14,52,204,91,0.01383405551314354
14,53,204,181,0.031621381640434265
14,54,204,84,0.1043071448802948
14,55,204,17,0.15727895498275757
14,56,204,11,0.09171980619430542
14,57,204,72,0.045556530356407166
14,58,204,73,0.008268211968243122
14,59,204,74,-0.01019409578293562
14,60,204,184,-0.03559216484427452
14,61,204,77,-0.01837872341275215
14,62,204,90,0.019304879009723663
14,63,204,180,0.04603666067123413
14,64,204,85,0.10306741297245026
14,65,204,16,0.16701678931713104
14,66,204,12,0.09828969836235046
14,67,204,38,0.052111927419900894
14,68,204,41,0.02258438803255558
14,69,204,42,-0.012464667670428753
14,70,204,96,-0.008348571136593819
14,71,204,89,0.031229157000780106
14,72,204,179,0.050468530505895615
14,73,204,86,0.108940988779068
14,74,204,15,0.0793633908033371
14,75,204,13,0.09662173688411713
14,76,204,82,0.056327857077121735
14,77,204,81,0.02636837400496006
14,78,204,80,-0.007704359479248524
14,79,204,191,-0.024926258251070976
14,80,204,78,-0.024228405207395554
14,81,204,95,-0.0040816012769937515
14,82,204,88,0.036688946187496185
14,83,204,178,0.06455080956220627
14,84,204,87,0.10525405406951904
14,85,204,14,0.15223433077335358
14,86,204,267,0.09546583145856857
14,87,204,269,0.09770606458187103
14,88,204,270,0.09846937656402588
14,89,204,409,0.08296146988868713
14,90,204,291,0.10103259235620499
14,91,204,375,0.12015806138515472
14,92,204,321,0.14966975152492523
14,93,204,405,0.16781887412071228
14,94,204,314,0.17653942108154297
14,95,204,302,0.10586245357990265
14,96,204,303,0.1087288185954094
14,97,204,304,0.09698076546192169
14,98,204,408,0.09681609272956848
14,99,204,307,0.13549916446208954
14,100,204,320,0.1543385088443756
14,101,204,404,0.18055547773838043
14,102,204,315,0.17568671703338623
14,103,204,268,0.09671220183372498
14,104,204,271,0.11192800104618073
14,105,204,272,0.11146534979343414
14,106,204,325,0.13201302289962769
14,107,204,319,0.15345239639282227
14,108,204,403,0.16694045066833496
14,109,204,316,0.1748054176568985
14,110,204,312,0.094364233314991
14,111,204,311,0.10257647186517715
14,112,204,310,0.11602099984884262
14,113,204,415,0.10130762308835983
14,114,204,308,0.09961008280515671
14,115,204,324,0.12402155995368958
14,116,204,318,0.14258742332458496
14,117,204,402,0.16042619943618774
14,118,204,317,0.17290173470973969
15,16,202,212,0.011729045771062374
15,17,202,216,0.01205284520983696
15,18,202,206,-0.003618938848376274
15,19,202,203,0.002993403933942318
15,20,202,207,0.016840415075421333
15,21,202,205,0.01951054483652115
15,22,202,98,0.015777815133333206
15,23,202,97,0.029747601598501205
15,24,202,393,0.07737873494625092
15,25,202,391,0.09943921864032745
15,26,202,322,0.08637496829032898
15,27,202,410,0.09039339423179626
15,28,202,287,0.09382462501525879
15,29,202,273,0.12839531898498535
15,30,202,335,0.1380055844783783
15,31,202,406,0.15666329860687256
15,32,202,313,0.17724491655826569
15,33,202,421,0.15117794275283813
15,34,202,418,0.12376181036233902
15,35,202,424,0.11111587285995483
15,36,202,422,0.09360840171575546
15,37,202,432,0.07563193887472153
15,38,202,436,0.061911892145872116
15,39,202,426,0.06005153805017471
15,40,202,423,0.06149312108755112
15,41,202,427,0.03449281305074692
15,42,202,425,0.041195087134838104
15,43,202,327,0.04608023539185524
15,44,202,326,0.07069651037454605
15,45,202,0,0.10919032990932465
15,46,202,37,0.05715705454349518
15,47,202,39,0.016495967283844948
15,48,202,40,-0.014541102573275566
15,49,202,185,-0.0310220904648304
15,50,202,61,-0.030522959306836128
15,51,202,146,-0.012142281979322433
15,52,202,91,0.023541923612356186
15,53,202,181,0.0703819990158081
15,54,202,84,0.120365671813488
15,55,202,17,0.17895467579364777
15,56,202,11,0.11267993599176407
15,57,202,72,0.05450507253408432
15,58,202,73,0.013279834762215614
15,59,202,74,-0.010689354501664639
15,60,202,184,-0.023112740367650986
15,61,202,77,-0.011941662058234215
15,62,202,90,0.02733645588159561
15,63,202,180,0.07583414018154144
15,64,202,85,0.11811207234859467
15,65,202,16,0.1767825186252594
15,66,202,12,0.11271443217992783
15,67,202,38,0.05722501128911972
15,68,202,41,0.02009136974811554
15,69,202,42,0.005024850368499756
15,70,202,96,-0.0021667368710041046
15,71,202,89,0.032108038663864136
15,72,202,179,0.0724080502986908
15,73,202,86,0.12026955187320709
15,74,202,15,0.17235751450061798
15,75,202,13,0.11169593036174774
15,76,202,82,0.054322242736816406
15,77,202,81,0.028394009917974472
15,78,202,80,0.013196002691984177
15,79,202,191,-0.015659691765904427
15,80,202,78,-0.015785163268446922
15,81,202,95,0.011321701109409332
15,82,202,88,0.04124549403786659
15,83,202,178,0.0719677060842514
15,84,202,87,0.11349716782569885
15,85,202,14,0.1676141768693924
15,86,202,267,0.10765716433525085
15,87,202,269,0.1117541491985321
15,88,202,270,0.11093759536743164
15,89,202,409,0.10615710914134979
15,90,202,291,0.10560085624456406
15,91,202,375,0.1494966596364975
15,92,202,321,0.18823672831058502
15,93,202,405,0.21235881745815277
15,94,202,314,0.20214241743087769
15,95,202,302,0.11139455437660217
15,96,202,303,0.11634570360183716
15,97,202,304,0.12696808576583862
15,98,202,408,0.11529280245304108
15,99,202,307,0.15128794312477112
15,100,202,320,0.1956755816936493
15,101,202,404,0.21466408669948578
15,102,202,315,0.2139080911874771
15,103,202,268,0.10877518355846405
15,104,202,271,0.11580942571163177
15,105,202,272,0.12419462203979492
15,106,202,325,0.1500384658575058
15,107,202,319,0.18509550392627716
15,108,202,403,0.1997103989124298
15,109,202,316,0.2023829072713852
15,110,202,312,0.12248698621988297
15,111,202,311,0.13109689950942993
15,112,202,310,0.12447242438793182
15,113,202,415,0.11806883662939072
15,114,202,308,-0.18615004420280457
15,115,202,324,0.13988986611366272
15,116,202,318,0.1740037351846695
15,117,202,402,0.18473300337791443
15,118,202,317,0.19166073203086853
16,17,212,216,-0.003260065568611026
16,18,212,206,-0.0017622783780097961
16,19,212,203,0.005336817353963852
16,20,212,207,0.004652978852391243
16,21,212,205,-0.001361993607133627
16,22,212,98,0.031295210123062134
16,23,212,97,0.049407362937927246
16,24,212,393,0.11311846226453781
16,25,212,391,0.1208169087767601
16,26,212,322,0.09087494015693665
16,27,212,410,0.10188832134008408
16,28,212,287,0.08706820011138916
16,29,212,273,0.14136183261871338
16,30,212,335,0.1528875082731247
16,31,212,406,0.16421262919902802
16,32,212,313,0.1768982708454132
16,33,212,421,0.14923618733882904
16,34,212,418,0.14124545454978943
16,35,212,424,0.10978800058364868
16,36,212,422,0.11027222126722336
16,37,212,432,0.07564378529787064
16,38,212,436,0.06649482995271683
16,39,212,426,0.0649951845407486
16,40,212,423,0.07475540041923523
16,41,212,427,0.032110925763845444
16,42,212,425,0.04378297179937363
16,43,212,327,0.06789526343345642
16,44,212,326,0.08613989502191544
16,45,212,0,0.12539023160934448
16,46,212,37,0.06575074791908264
16,47,212,39,0.02521098032593727
16,48,212,40,0.010343456640839577
16,49,212,185,-0.02023068629205227
16,50,212,61,-0.017001748085021973
16,51,212,146,-0.0023748986423015594
16,52,212,91,0.04958245903253555
16,53,212,181,0.08494358509778976
16,54,212,84,0.12790623307228088
16,55,212,17,0.1842140108346939
16,56,212,11,0.13070961833000183
16,57,212,72,0.06935803592205048
16,58,212,73,0.026460658758878708
16,59,212,74,0.009249944239854813
16,60,212,184,-0.013187864795327187
16,61,212,77,-0.0013258084654808044
16,62,212,90,0.0483439639210701
16,63,212,180,0.0874670147895813
16,64,212,85,0.12988030910491943
16,65,212,16,0.18802498281002045
16,66,212,12,0.13247020542621613
16,67,212,38,0.06548260152339935
16,68,212,41,0.034344542771577835
16,69,212,42,0.022436723113059998
16,70,212,96,0.01564558409154415
16,71,212,89,0.0547836497426033
16,72,212,179,0.09549508988857269
16,73,212,86,0.13181355595588684
16,74,212,15,0.17824587225914001
16,75,212,13,0.1338413655757904
16,76,212,82,0.06905561685562134
16,77,212,81,0.03627728670835495
16,78,212,80,0.030412567779421806
16,79,212,191,0.009255928918719292
16,80,212,78,0.008233901113271713
16,81,212,95,0.02487781085073948
16,82,212,88,0.05885317921638489
16,83,212,178,0.08453623205423355
16,84,212,87,0.11884452402591705
16,85,212,14,0.17048101127147675
16,86,212,267,0.12675118446350098
16,87,212,269,0.12098731100559235
16,88,212,270,0.13414472341537476
16,89,212,409,0.12842994928359985
16,90,212,291,0.10710231959819794
16,91,212,375,0.1701550930738449
16,92,212,321,0.19469159841537476
16,93,212,405,0.21687020361423492
16,94,212,314,0.213001549243927
16,95,212,302,0.1225128248333931
16,96,212,303,0.12954725325107574
16,97,212,304,0.1340925246477127
16,98,212,408,0.129622220993042
16,99,212,307,0.17870819568634033
16,100,212,320,0.2044035792350769
16,101,212,404,0.23243801295757294
16,102,212,315,0.2273745983839035
16,103,212,268,0.14275774359703064
16,104,212,271,0.1402951031923294
16,105,212,272,0.14878371357917786
16,106,212,325,0.16092821955680847
16,107,212,319,0.19006940722465515
16,108,212,403,0.21753166615962982
16,109,212,316,0.20211419463157654
16,110,212,312,0.1421433687210083
16,111,212,311,0.1310768574476242
16,112,212,310,0.1354861706495285
16,113,212,415,0.11703186482191086
16,114,212,308,-0.0206446573138237
16,115,212,324,0.1547723412513733
16,116,212,318,0.18069933354854584
16,117,212,402,0.19738343358039856
16,118,212,317,0.19465036690235138
17,18,216,206,0.007980810478329659
17,19,216,203,0.014769382774829865
17,20,216,207,-0.0013728495687246323
17,21,216,205,0.002155294641852379
17,22,216,98,0.035419922322034836
17,23,216,97,0.05796186998486519
17,24,216,393,0.14325326681137085
17,25,216,391,0.10168957710266113
17,26,216,322,0.10053785145282745
17,27,216,410,0.10078577697277069
17,28,216,287,0.10101548582315445
17,29,216,273,0.1325417309999466
17,30,216,335,0.15973837673664093
17,31,216,406,0.18153709173202515
17,32,216,313,0.18150818347930908
17,33,216,421,0.17583245038986206
17,34,216,418,0.14369238913059235
17,35,216,424,0.1269603818655014
17,36,216,422,0.11449691653251648
17,37,216,432,0.07244335114955902
17,38,216,436,0.06348916888237
17,39,216,426,0.06475614011287689
17,40,216,423,0.08633531630039215
17,41,216,427,0.0435720756649971
17,42,216,425,0.06119043380022049
17,43,216,327,0.07088451832532883
17,44,216,326,0.1004738137125969
17,45,216,0,0.1310909390449524
17,46,216,37,0.07998154312372208
17,47,216,39,0.042555734515190125
17,48,216,40,0.016818881034851074
17,49,216,185,-0.013608526438474655
17,50,216,61,-0.006031511351466179
17,51,216,146,0.006690777838230133
17,52,216,91,0.06598968058824539
17,53,216,181,0.09674915671348572
17,54,216,84,0.13332819938659668
17,55,216,17,0.184871107339859
17,56,216,11,0.1335977017879486
17,57,216,72,0.08131107687950134
17,58,216,73,0.05622830614447594
17,59,216,74,0.015203308314085007
17,60,216,184,-0.006651557981967926
17,61,216,77,0.01906532421708107
17,62,216,90,0.06660197675228119
17,63,216,180,0.10249541699886322
17,64,216,85,0.1367887258529663
17,65,216,16,0.18376541137695312
17,66,216,12,0.13128316402435303
17,67,216,38,0.08098842948675156
17,68,216,41,0.052286114543676376
17,69,216,42,0.028525443747639656
17,70,216,96,0.028195267543196678
17,71,216,89,0.05780886858701706
17,72,216,179,0.10127055644989014
17,73,216,86,0.13585537672042847
17,74,216,15,0.18885734677314758
17,75,216,13,0.13707585632801056
17,76,216,82,0.078839510679245
17,77,216,81,0.05423741787672043
17,78,216,80,0.025780364871025085
17,79,216,191,0.01142900250852108
17,80,216,78,0.009499412029981613
17,81,216,95,0.03155782073736191
17,82,216,88,0.06964949518442154
17,83,216,178,0.10208900272846222
17,84,216,87,0.12992173433303833
17,85,216,14,0.1786465048789978
17,86,216,267,0.13060587644577026
17,87,216,269,0.13473577797412872
17,88,216,270,0.1382562667131424
17,89,216,409,0.1325458139181137
17,90,216,291,0.09594936668872833
17,91,216,375,0.13980674743652344
17,92,216,321,0.1346428096294403
17,93,216,405,0.2331191748380661
17,94,216,314,0.22486039996147156
17,95,216,302,0.14048942923545837
17,96,216,303,0.14664797484874725
17,97,216,304,0.1473715752363205
17,98,216,408,0.13618408143520355
17,99,216,307,0.17906343936920166
17,100,216,320,0.2071213722229004
17,101,216,404,0.24112266302108765
17,102,216,315,0.20871689915657043
17,103,216,268,0.14913001656532288
17,104,216,271,0.14123019576072693
17,105,216,272,0.14261914789676666
17,106,216,325,0.16303974390029907
17,107,216,319,0.20959113538265228
17,108,216,403,0.21918761730194092
17,109,216,316,0.2136106640100479
17,110,216,312,0.1541823148727417
17,111,216,311,0.15481071174144745
17,112,216,310,-0.023891687393188477
17,113,216,415,0.12474580109119415
17,114,216,308,0.10410244762897491
17,115,216,324,-0.006993552669882774
17,116,216,318,0.18831689655780792
17,117,216,402,0.20700256526470184
17,118,216,317,0.20343612134456635
18,19,206,203,0.008374975994229317
18,20,206,207,0.0021353508345782757
18,21,206,205,0.011206362396478653
18,22,206,98,0.027969548478722572
18,23,206,97,0.05056944862008095
18,24,206,393,0.14053121209144592
18,25,206,391,0.12325216829776764
18,26,206,322,0.10813920944929123
18,27,206,410,0.10156994313001633
18,28,206,287,0.10280023515224457
18,29,206,273,0.14177323877811432
18,30,206,335,0.1659446358680725
18,31,206,406,0.1731940656900406
18,32,206,313,0.18020254373550415
18,33,206,421,0.14402280747890472
18,34,206,418,0.13695363700389862
18,35,206,424,0.12535487115383148
18,36,206,422,0.09997755289077759
18,37,206,432,0.07973402738571167
18,38,206,436,0.0646146833896637
18,39,206,426,0.09776771068572998
18,40,206,423,0.10635112226009369
18,41,206,427,0.049355220049619675
18,42,206,425,0.058567874133586884
18,43,206,327,0.0942150130867958
18,44,206,326,0.1401224136352539
18,45,206,0,0.12549327313899994
18,46,206,37,0.06932216137647629
18,47,206,39,0.034307919442653656
18,48,206,40,0.009977862238883972
18,49,206,185,-0.006217442452907562
18,50,206,61,-0.01779274456202984
18,51,206,146,-0.0005631782114505768
18,52,206,91,0.03836030140519142
18,53,206,181,0.08800490200519562
18,54,206,84,0.13113874197006226
18,55,206,17,0.19065803289413452
18,56,206,11,0.1192484125494957
18,57,206,72,0.07249002903699875
18,58,206,73,0.03798873722553253
18,59,206,74,0.014017190784215927
18,60,206,184,-0.0019044727087020874
18,61,206,77,0.004930056631565094
18,62,206,90,0.052267249673604965
18,63,206,180,0.09433199465274811
18,64,206,85,0.13332945108413696
18,65,206,16,0.2066723257303238
18,66,206,12,0.12456236034631729
18,67,206,38,0.0780968964099884
18,68,206,41,0.04444827511906624
18,69,206,42,0.01606868952512741
18,70,206,96,0.02282392978668213
18,71,206,89,0.050335582345724106
18,72,206,179,0.0929519385099411
18,73,206,86,0.13597767055034637
18,74,206,15,0.1994727998971939
18,75,206,13,0.1250726282596588
18,76,206,82,0.08076740056276321
18,77,206,81,0.045044079422950745
18,78,206,80,0.023487553000450134
18,79,206,191,0.00817408412694931
18,80,206,78,0.007122822105884552
18,81,206,95,0.03785575553774834
18,82,206,88,0.05704498291015625
18,83,206,178,0.08359275013208389
18,84,206,87,0.1345430463552475
18,85,206,14,0.18549634516239166
18,86,206,267,0.13263697922229767
18,87,206,269,0.1237180158495903
18,88,206,270,0.13002213835716248
18,89,206,409,0.12414565682411194
18,90,206,291,0.11394955217838287
18,91,206,375,0.17117759585380554
18,92,206,321,0.1791829764842987
18,93,206,405,0.2207586020231247
18,94,206,314,0.2103320062160492
18,95,206,302,0.14032159745693207
18,96,206,303,0.1436031460762024
18,97,206,304,0.13456444442272186
18,98,206,408,0.12471730262041092
18,99,206,307,0.1774614155292511
18,100,206,320,0.21373192965984344
18,101,206,404,0.22676733136177063
18,102,206,315,0.20964305102825165
18,103,206,268,0.14347589015960693
18,104,206,271,0.13871394097805023
18,105,206,272,0.14742039144039154
18,106,206,325,0.17877978086471558
18,107,206,319,0.19234919548034668
18,108,206,403,0.2163362205028534
18,109,206,316,0.20424619317054749
18,110,206,312,0.14050155878067017
18,111,206,311,0.14883098006248474
18,112,206,310,0.14437563717365265
18,113,206,415,0.1469039022922516
18,114,206,308,0.10689092427492142
18,115,206,324,0.16957859694957733
18,116,206,318,0.18118631839752197
18,117,206,402,0.19970454275608063
18,118,206,317,0.20102375745773315
19,20,203,207,0.009494267404079437
19,21,203,205,0.01037558913230896
19,22,203,98,0.021688902750611305
19,23,203,97,0.05898638069629669
19,24,203,393,0.13352932035923004
19,25,203,391,0.14219292998313904
19,26,203,322,0.10014666616916656
19,27,203,410,0.10780204832553864
19,28,203,287,0.10742034018039703
19,29,203,273,0.14490856230258942
19,30,203,335,0.16224779188632965
19,31,203,406,0.16511821746826172
19,32,203,313,0.1683329939842224
19,33,203,421,0.13831421732902527
19,34,203,418,0.12936478853225708
19,35,203,424,0.12994688749313354
19,36,203,422,0.10341037809848785
19,37,203,432,0.08021344244480133
19,38,203,436,0.06232961267232895
19,39,203,426,0.09327950328588486
19,40,203,423,0.09983199834823608
19,41,203,427,0.0470757819712162
19,42,203,425,0.08956321328878403
19,43,203,327,0.07458753883838654
19,44,203,326,0.10706724971532822
19,45,203,0,0.10794335603713989
19,46,203,37,0.0634860023856163
19,47,203,39,0.02603721246123314
19,48,203,40,0.00813712552189827
19,49,203,185,-0.011188136413693428
19,50,203,61,0.000363420695066452
19,51,203,146,-0.011810962110757828
19,52,203,91,0.026111949235200882
19,53,203,181,0.0857926607131958
19,54,203,84,0.13044455647468567
19,55,203,17,0.19390147924423218
19,56,203,11,0.12130679935216904
19,57,203,72,0.07135824859142303
19,58,203,73,0.02288481965661049
19,59,203,74,-0.0009749904274940491
19,60,203,184,-0.012147041037678719
19,61,203,77,-0.0023488905280828476
19,62,203,90,0.028291814029216766
19,63,203,180,0.08717569708824158
19,64,203,85,0.1343628615140915
19,65,203,16,0.19438053667545319
19,66,203,12,0.11451905965805054
19,67,203,38,0.07362211495637894
19,68,203,41,0.03283996134996414
19,69,203,42,0.009145870804786682
19,70,203,96,0.006178606301546097
19,71,203,89,0.04164188727736473
19,72,203,179,0.08660933375358582
19,73,203,86,0.1322176158428192
19,74,203,15,0.18409103155136108
19,75,203,13,0.10856017470359802
19,76,203,82,0.07374569028615952
19,77,203,81,0.04549618810415268
19,78,203,80,0.018353145569562912
19,79,203,191,-0.00379214808344841
19,80,203,78,-0.008205908350646496
19,81,203,95,0.02890641987323761
19,82,203,88,0.052532922476530075
19,83,203,178,0.08292437344789505
19,84,203,87,0.1309373676776886
19,85,203,14,0.17570950090885162
19,86,203,267,0.1272314339876175
19,87,203,269,0.1225239634513855
19,88,203,270,0.13088291883468628
19,89,203,409,0.11975692212581635
19,90,203,291,0.1339292675256729
19,91,203,375,0.14178405702114105
19,92,203,321,0.1796661764383316
19,93,203,405,0.2119504064321518
19,94,203,314,0.20972704887390137
19,95,203,302,0.1314595341682434
19,96,203,303,0.13070864975452423
19,97,203,304,0.13335439562797546
19,98,203,408,0.11958467960357666
19,99,203,307,0.14498493075370789
19,100,203,320,0.1872909814119339
19,101,203,404,0.21974454820156097
19,102,203,315,0.21661098301410675
19,103,203,268,0.1397809535264969
19,104,203,271,0.120976023375988
19,105,203,272,0.1452842503786087
19,106,203,325,0.15065576136112213
19,107,203,319,0.18355399370193481
19,108,203,403,0.20667016506195068
19,109,203,316,0.1995067447423935
19,110,203,312,0.1292237490415573
19,111,203,311,0.1274663358926773
19,112,203,310,0.13021306693553925
19,113,203,415,0.15289096534252167
19,114,203,308,0.1307450234889984
19,115,203,324,0.13800328969955444
19,116,203,318,0.16593725979328156
19,117,203,402,0.19785836338996887
19,118,203,317,0.19451886415481567
20,21,207,205,-0.0002905444707721472
20,22,207,98,0.011732211336493492
20,23,207,97,0.04267247021198273
20,24,207,393,0.10992506891489029
20,25,207,391,0.10408005118370056
20,26,207,322,0.10680229961872101
20,27,207,410,0.10681217908859253
20,28,207,287,0.12074707448482513
20,29,207,273,0.1427767425775528
20,30,207,335,0.15819649398326874
20,31,207,406,0.17313122749328613
20,32,207,313,0.18396368622779846
20,33,207,421,0.16836275160312653
20,34,207,418,0.1569071263074875
20,35,207,424,0.141153484582901
20,36,207,422,0.11625595390796661
20,37,207,432,0.10529019683599472
20,38,207,436,0.0900861918926239
20,39,207,426,0.07210142910480499
20,40,207,423,0.09006273001432419
20,41,207,427,0.06579561531543732
20,42,207,425,0.06364573538303375
20,43,207,327,0.06148587912321091
20,44,207,326,0.09255573153495789
20,45,207,0,0.12363586574792862
20,46,207,37,0.08488388359546661
20,47,207,39,0.06452000141143799
20,48,207,40,0.04461010545492172
20,49,207,185,-0.0023013055324554443
20,50,207,61,-0.004260983318090439
20,51,207,146,0.023750945925712585
20,52,207,91,0.06605300307273865
20,53,207,181,0.11210614442825317
20,54,207,84,0.1462109386920929
20,55,207,17,0.1958743929862976
20,56,207,11,0.1253594160079956
20,57,207,72,0.07598619163036346
20,58,207,73,0.06301594525575638
20,59,207,74,0.02926725521683693
20,60,207,184,-0.004914026707410812
20,61,207,77,0.02157362923026085
20,62,207,90,0.06469742953777313
20,63,207,180,0.11151836067438126
20,64,207,85,0.15567395091056824
20,65,207,16,0.18754976987838745
20,66,207,12,0.1212887316942215
20,67,207,38,0.07714767009019852
20,68,207,41,0.0593893900513649
20,69,207,42,0.02611137181520462
20,70,207,96,0.022450048476457596
20,71,207,89,0.06172182410955429
20,72,207,179,0.10141140222549438
20,73,207,86,0.14540699124336243
20,74,207,15,0.17945073544979095
20,75,207,13,0.12791560590267181
20,76,207,82,0.081607885658741
20,77,207,81,0.06564437597990036
20,78,207,80,0.033610761165618896
20,79,207,191,0.013744436204433441
20,80,207,78,0.0017163977026939392
20,81,207,95,0.03644723445177078
20,82,207,88,0.06238001957535744
20,83,207,178,0.11066549271345139
20,84,207,87,0.14666606485843658
20,85,207,14,0.17396260797977448
20,86,207,267,0.13720303773880005
20,87,207,269,0.13931193947792053
20,88,207,270,0.15388500690460205
20,89,207,409,0.12778453528881073
20,90,207,291,0.10381583869457245
20,91,207,375,0.10001199692487717
20,92,207,321,0.09667277336120605
20,93,207,405,0.21358032524585724
20,94,207,314,0.22394467890262604
20,95,207,302,0.1388864666223526
20,96,207,303,0.14654603600502014
20,97,207,304,0.14584282040596008
20,98,207,408,0.1273348033428192
20,99,207,307,0.15309923887252808
20,100,207,320,0.12715181708335876
20,101,207,404,0.23196277022361755
20,102,207,315,0.21765069663524628
20,103,207,268,0.14873343706130981
20,104,207,271,0.13681720197200775
20,105,207,272,0.138480544090271
20,106,207,325,0.15526044368743896
20,107,207,319,0.09568416327238083
20,108,207,403,0.2193688452243805
20,109,207,316,0.21296721696853638
20,110,207,312,0.1665358543395996
20,111,207,311,0.1274525672197342
20,112,207,310,0.14035895466804504
20,113,207,415,0.13413742184638977
20,114,207,308,0.11269037425518036
20,115,207,324,0.1561364382505417
20,116,207,318,0.12852773070335388
20,117,207,402,0.2058882862329483
20,118,207,317,0.20067112147808075
21,22,205,98,0.035357922315597534
21,23,205,97,0.056039899587631226
21,24,205,393,0.11835730820894241
21,25,205,391,0.11154984682798386
21,26,205,322,0.10275162011384964
21,27,205,410,0.12010911107063293
21,28,205,287,0.12380403280258179
21,29,205,273,0.14805631339550018
21,30,205,335,0.15302802622318268
21,31,205,406,0.16689004004001617
21,32,205,313,0.1782018393278122
21,33,205,421,0.1622162014245987
21,34,205,418,0.14320208132266998
21,35,205,424,0.133027121424675
21,36,205,422,0.1236308366060257
21,37,205,432,0.09196428954601288
21,38,205,436,0.10578767210245132
21,39,205,426,0.07690256834030151
21,40,205,423,0.12164665758609772
21,41,205,427,0.055456578731536865
21,42,205,425,0.07706910371780396
21,43,205,327,0.11562919616699219
21,44,205,326,0.11021803319454193
21,45,205,0,0.11651702970266342
21,46,205,37,0.07925862073898315
21,47,205,39,0.05437096208333969
21,48,205,40,0.026485174894332886
21,49,205,185,0.0005133040249347687
21,50,205,61,-0.0038615353405475616
21,51,205,146,0.02940485253930092
21,52,205,91,0.07578356564044952
21,53,205,181,0.10025808215141296
21,54,205,84,0.1413964033126831
21,55,205,17,0.1846795231103897
21,56,205,11,0.1266683042049408
21,57,205,72,0.08984959870576859
21,58,205,73,0.05075478181242943
21,59,205,74,0.02391481027007103
21,60,205,184,-0.0009877681732177734
21,61,205,77,0.03037809580564499
21,62,205,90,0.06832291185855865
21,63,205,180,0.10726037621498108
21,64,205,85,0.14209935069084167
21,65,205,16,0.18178997933864594
21,66,205,12,0.12718816101551056
21,67,205,38,0.08792158961296082
21,68,205,41,0.061922188848257065
21,69,205,42,0.028626959770917892
21,70,205,96,0.03235333040356636
21,71,205,89,0.06361410766839981
21,72,205,179,0.10317680239677429
21,73,205,86,0.14328305423259735
21,74,205,15,0.17500077188014984
21,75,205,13,0.13235101103782654
21,76,205,82,0.07910474389791489
21,77,205,81,0.06479538232088089
21,78,205,80,0.0395209863781929
21,79,205,191,0.01863008365035057
21,80,205,78,0.009888485074043274
21,81,205,95,0.0460900254547596
21,82,205,88,0.06335391104221344
21,83,205,178,0.09555086493492126
21,84,205,87,0.14148041605949402
21,85,205,14,0.16861484944820404
21,86,205,267,0.12916810810565948
21,87,205,269,0.14156419038772583
21,88,205,270,0.15386943519115448
21,89,205,409,0.13897866010665894
21,90,205,291,0.12019804120063782
21,91,205,375,0.24079285562038422
21,92,205,321,0.15865783393383026
21,93,205,405,0.19759473204612732
21,94,205,314,0.2155516892671585
21,95,205,302,0.14369738101959229
21,96,205,303,0.15269576013088226
21,97,205,304,0.149990975856781
21,98,205,408,0.1432829350233078
21,99,205,307,0.41990041732788086
21,100,205,320,0.18090814352035522
21,101,205,404,0.22208288311958313
21,102,205,315,0.2145659625530243
21,103,205,268,0.14609666168689728
21,104,205,271,0.14765998721122742
21,105,205,272,0.14713314175605774
21,106,205,325,0.166160449385643
21,107,205,319,0.20266813039779663
21,108,205,403,0.22215613722801208
21,109,205,316,0.21466289460659027
21,110,205,312,0.1532938927412033
21,111,205,311,0.14333151280879974
21,112,205,310,0.15314337611198425
21,113,205,415,0.12450087070465088
21,114,205,308,0.11074188351631165
21,115,205,324,0.17601527273654938
21,116,205,318,0.19119352102279663
21,117,205,402,0.19895140826702118
21,118,205,317,0.2015809416770935
22,23,98,97,0.026215970516204834
22,24,98,393,0.09798860549926758
22,25,98,391,0.0893687903881073
22,26,98,322,0.08796244859695435
22,27,98,410,0.0869927853345871
22,28,98,287,0.09258034080266953
22,29,98,273,0.11993434280157089
22,30,98,335,0.1343431919813156
22,31,98,406,0.15566928684711456
22,32,98,313,0.1466480940580368
22,33,98,421,0.11316832900047302
22,34,98,418,0.11285607516765594
22,35,98,424,0.10557394474744797
22,36,98,422,0.08525869250297546
22,37,98,432,0.06058191508054733
22,38,98,436,0.052131347358226776
22,39,98,426,0.0651966780424118
22,40,98,423,0.051284629851579666
22,41,98,427,0.042876798659563065
22,42,98,425,0.048044558614492416
22,43,98,327,0.030773766338825226
22,44,98,326,0.06197420507669449
22,45,98,0,0.0875716283917427
22,46,98,37,0.05017729848623276
22,47,98,39,0.006995059084147215
22,48,98,40,0.029024960473179817
22,49,98,185,0.041790671646595
22,50,98,61,0.02438429929316044
22,51,98,146,0.03056296333670616
22,52,98,91,-0.03017827868461609
22,53,98,181,0.03586916998028755
22,54,98,84,0.11646856367588043
22,55,98,17,0.1581697165966034
22,56,98,11,0.0824328288435936
22,57,98,72,0.04247218370437622
22,58,98,73,0.014306942000985146
22,59,98,74,0.01033015362918377
22,60,98,184,0.031002825126051903
22,61,98,77,0.01872631162405014
22,62,98,90,-0.02096470072865486
22,63,98,180,0.049339719116687775
22,64,98,85,0.11479316651821136
22,65,98,16,0.168029323220253
22,66,98,12,0.0886743813753128
22,67,98,38,0.040595050901174545
22,68,98,41,0.011013448238372803
22,69,98,42,-0.007665175944566727
22,70,98,96,0.004058558493852615
22,71,98,89,-0.015988603234291077
22,72,98,179,0.06413166224956512
22,73,98,86,0.11541725695133209
22,74,98,15,0.1633695513010025
22,75,98,13,0.0929441899061203
22,76,98,82,0.04727402329444885
22,77,98,81,0.012971572577953339
22,78,98,80,-0.006503168027848005
22,79,98,191,0.022164583206176758
22,80,98,78,0.017449229955673218
22,81,98,95,-0.0071108900010585785
22,82,98,88,0.0026360945776104927
22,83,98,178,0.07682768255472183
22,84,98,87,0.1106838509440422
22,85,98,14,0.16282324492931366
22,86,98,267,0.11738543212413788
22,87,98,269,0.10396967828273773
22,88,98,270,0.11606036871671677
22,89,98,409,0.11046998202800751
22,90,98,291,0.13425056636333466
22,91,98,375,0.1245301142334938
22,92,98,321,0.1750226616859436
22,93,98,405,0.2049931436777115
22,94,98,314,0.17817802727222443
22,95,98,302,0.11190735548734665
22,96,98,303,0.10747839510440826
22,97,98,304,0.11968572437763214
22,98,98,408,0.1128687858581543
22,99,98,307,0.13013800978660583
22,100,98,320,0.17003361880779266
22,101,98,404,0.20250427722930908
22,102,98,315,0.1856529861688614
22,103,98,268,0.11029987037181854
22,104,98,271,0.10932037979364395
22,105,98,272,0.12073248624801636
22,106,98,325,0.1312650740146637
22,107,98,319,0.15887202322483063
22,108,98,403,0.17736440896987915
22,109,98,316,0.18717920780181885
22,110,98,312,0.1038965955376625
22,111,98,311,0.10947117209434509
22,112,98,310,0.10667763650417328
22,113,98,415,0.0967283621430397
22,114,98,308,0.11805345118045807
22,115,98,324,0.12120936810970306
22,116,98,318,0.1518867015838623
22,117,98,402,0.15755504369735718
22,118,98,317,0.2011275738477707
23,24,97,393,0.05493595451116562
23,25,97,391,0.07991600781679153
23,26,97,322,0.07255318760871887
23,27,97,410,0.09298233687877655
23,28,97,287,0.08524224162101746
23,29,97,273,0.11095300316810608
23,30,97,335,0.13082334399223328
23,31,97,406,0.12821301817893982
23,32,97,313,0.1248852014541626
23,33,97,421,0.09992969781160355
23,34,97,418,0.1074017584323883
23,35,97,424,0.09767197072505951
23,36,97,422,0.07705965638160706
23,37,97,432,0.039943862706422806
23,38,97,436,0.03908335044980049
23,39,97,426,0.03925539553165436
23,40,97,423,0.04654935747385025
23,41,97,427,0.009580446407198906
23,42,97,425,0.034147899597883224
23,43,97,327,0.027042562142014503
23,44,97,326,0.03281125798821449
23,45,97,0,0.06913826614618301
23,46,97,37,0.02538790926337242
23,47,97,39,0.025755973532795906
23,48,97,40,0.04570559412240982
23,49,97,185,0.05826422572135925
23,50,97,61,0.043495118618011475
23,51,97,146,0.03486926853656769
23,52,97,91,0.017302460968494415
23,53,97,181,-0.04108567163348198
23,54,97,84,0.021992236375808716
23,55,97,17,0.1429678350687027
23,56,97,11,0.0743865817785263
23,57,97,72,0.022913862019777298
23,58,97,73,0.02015017718076706
23,59,97,74,0.03577173501253128
23,60,97,184,0.04499933496117592
23,61,97,77,0.033346448093652725
23,62,97,90,0.006347227841615677
23,63,97,180,-0.03639691695570946
23,64,97,85,0.0720018595457077
23,65,97,16,0.14000281691551208
23,66,97,12,0.08117050677537918
23,67,97,38,0.014249232597649097
23,68,97,41,0.016927871853113174
23,69,97,42,0.03309555724263191
23,70,97,96,0.021136082708835602
23,71,97,89,-0.01375235989689827
23,72,97,179,-0.04854962229728699
23,73,97,86,0.059296105057001114
23,74,97,15,0.14068296551704407
23,75,97,13,0.07574615627527237
23,76,97,82,0.012903573922812939
23,77,97,81,0.015224205330014229
23,78,97,80,0.028633063659071922
23,79,97,191,0.02452525869011879
23,80,97,78,0.035605378448963165
23,81,97,95,0.016970640048384666
23,82,97,88,-0.017181921750307083
23,83,97,178,-0.046678900718688965
23,84,97,87,0.07506295293569565
23,85,97,14,0.136877179145813
23,86,97,267,0.09719003736972809
23,87,97,269,0.10495439171791077
23,88,97,270,0.12923896312713623
23,89,97,409,0.10979259014129639
23,90,97,291,0.09882814437150955
23,91,97,375,0.12618082761764526
23,92,97,321,0.1696084886789322
23,93,97,405,0.18853990733623505
23,94,97,314,0.17392466962337494
23,95,97,302,0.11543764919042587
23,96,97,303,0.10273630172014236
23,97,97,304,0.12164144217967987
23,98,97,408,0.11333007365465164
23,99,97,307,0.13900715112686157
23,100,97,320,0.1827814131975174
23,101,97,404,0.19446194171905518
23,102,97,315,0.17465806007385254
23,103,97,268,0.12859222292900085
23,104,97,271,0.13244052231311798
23,105,97,272,0.0007683597505092621
23,106,97,325,0.12855501472949982
23,107,97,319,0.16052144765853882
23,108,97,403,0.18681210279464722
23,109,97,316,0.1696341186761856
23,110,97,312,0.11860182881355286
23,111,97,311,0.10664155334234238
23,112,97,310,0.10289706289768219
23,113,97,415,0.09651172906160355
23,114,97,308,0.09300665557384491
23,115,97,324,0.12980470061302185
23,116,97,318,0.153004452586174
23,117,97,402,0.1616646647453308
23,118,97,317,0.15396462380886078
24,25,393,391,0.017335254698991776
24,26,393,322,0.021503686904907227
24,27,393,410,0.03508878871798515
24,28,393,287,0.03387143090367317
24,29,393,273,0.08502089232206345
24,30,393,335,0.0895574688911438
24,31,393,406,0.09075507521629333
24,32,393,313,0.03467308357357979
24,33,393,421,0.027902550995349884
24,34,393,418,0.037205424159765244
24,35,393,424,0.037130363285541534
24,36,393,422,0.015592757612466812
24,37,393,432,-0.004593465477228165
24,38,393,436,-0.011901337653398514
24,39,393,426,-0.006935428828001022
24,40,393,423,-0.004140876233577728
24,41,393,427,-0.042694199830293655
24,42,393,425,-0.018160123378038406
24,43,393,327,-0.015145236626267433
24,44,393,326,0.016787109896540642
24,45,393,0,-0.0012445338070392609
24,46,393,37,0.03422175720334053
24,47,393,39,0.04962386190891266
24,48,393,40,0.06820517033338547
24,49,393,185,0.07621727138757706
24,50,393,61,0.06893715262413025
24,51,393,146,0.058198992162942886
24,52,393,91,0.035317860543727875
24,53,393,181,-0.015071075409650803
24,54,393,84,-0.05626765638589859
24,55,393,17,-0.10037853568792343
24,56,393,11,-0.006427675485610962
24,57,393,72,0.03175150975584984
24,58,393,73,0.054891251027584076
24,59,393,74,0.060858603566884995
24,60,393,184,0.07709810137748718
24,61,393,77,0.05608799308538437
24,62,393,90,0.03615220636129379
24,63,393,180,-0.010483939200639725
24,64,393,85,-0.06539130210876465
24,65,393,16,-0.10172946751117706
24,66,393,12,-0.010187793523073196
24,67,393,38,0.030602991580963135
24,68,393,41,0.05288928002119064
24,69,393,42,0.048432573676109314
24,70,393,96,-0.09469582140445709
24,71,393,89,0.029454054310917854
24,72,393,179,-0.020647376775741577
24,73,393,86,-0.03884505480527878
24,74,393,15,-0.08939328789710999
24,75,393,13,-0.008099187165498734
24,76,393,82,0.036625318229198456
24,77,393,81,0.046009790152311325
24,78,393,80,0.052474409341812134
24,79,393,191,0.06599310785531998
24,80,393,78,0.04638681188225746
24,81,393,95,0.047656916081905365
24,82,393,88,0.03088519349694252
24,83,393,178,-0.009537842124700546
24,84,393,87,-0.04523161053657532
24,85,393,14,-0.07975906878709793
24,86,393,267,0.005477778613567352
24,87,393,269,0.08376283198595047
24,88,393,270,0.1009380966424942
24,89,393,409,0.08266201615333557
24,90,393,291,0.06341398507356644
24,91,393,375,0.10424115508794785
24,92,393,321,0.17918604612350464
24,93,393,405,0.1492941975593567
24,94,393,314,0.04937324672937393
24,95,393,302,-0.0034652899485081434
24,96,393,303,0.07621905207633972
24,97,393,304,0.08827470988035202
24,98,393,408,0.08603506535291672
24,99,393,307,0.09970337152481079
24,100,393,320,0.1441378891468048
24,101,393,404,0.13934732973575592
24,102,393,315,0.022241968661546707
24,103,393,268,-0.03456646949052811
24,104,393,271,0.0656265914440155
24,105,393,272,0.08093111962080002
24,106,393,325,0.1013648733496666
24,107,393,319,0.12002301216125488
24,108,393,403,0.1216583326458931
24,109,393,316,-0.022157832980155945
24,110,393,312,-0.03635701164603233
24,111,393,311,0.05391101539134979
24,112,393,310,0.06026002764701843
24,113,393,415,0.06860855966806412
24,114,393,308,0.05715642496943474
24,115,393,324,0.07962298393249512
24,116,393,318,0.09968072175979614
24,117,393,402,0.1054154708981514
24,118,393,317,-0.06510615348815918
25,26,391,322,0.01897907629609108
25,27,391,410,0.028847459703683853
25,28,391,287,0.025862939655780792
25,29,391,273,0.06538230180740356
25,30,391,335,0.07542550563812256
25,31,391,406,-0.06400132179260254
25,32,391,313,-0.0567944273352623
25,33,391,421,-0.0359041690826416
25,34,391,418,0.008341762237250805
25,35,391,424,0.008943334221839905
25,36,391,422,0.009880084544420242
25,37,391,432,-0.010140439495444298
25,38,391,436,-0.011535082012414932
25,39,391,426,-0.022710628807544708
25,40,391,423,-0.024383442476391792
25,41,391,427,-0.04693721607327461
25,42,391,425,-0.03556739538908005
25,43,391,327,0.03190455585718155
25,44,391,326,0.028793606907129288
25,45,391,0,0.012061657384037971
25,46,391,37,0.035167306661605835
25,47,391,39,0.04975438863039017
25,48,391,40,0.054487235844135284
25,49,391,185,0.07012761384248734
25,50,391,61,-0.333271861076355
25,51,391,146,0.051146235316991806
25,52,391,91,0.018048811703920364
25,53,391,181,-0.03742428123950958
25,54,391,84,-0.05932086706161499
25,55,391,17,-0.10273461788892746
25,56,391,11,0.006182681769132614
25,57,391,72,0.03429519757628441
25,58,391,73,0.052633002400398254
25,59,391,74,0.060594771057367325
25,60,391,184,0.06692808121442795
25,61,391,77,0.05641712248325348
25,62,391,90,0.012598976492881775
25,63,391,180,-0.030369102954864502
25,64,391,85,-0.05691967159509659
25,65,391,16,-0.09515894949436188
25,66,391,12,-0.002482850104570389
25,67,391,38,0.040490467101335526
25,68,391,41,0.051468946039676666
25,69,391,42,0.05544993281364441
25,70,391,96,-1.098327875137329
25,71,391,89,0.012532662600278854
25,72,391,179,-0.03600522130727768
25,73,391,86,-0.06295448541641235
25,74,391,15,-0.08949464559555054
25,75,391,13,0.0058491043746471405
25,76,391,82,0.03930031135678291
25,77,391,81,0.04926004633307457
25,78,391,80,0.054660771042108536
25,79,391,191,0.05876467376947403
25,80,391,78,-0.18991133570671082
25,81,391,95,0.047189079225063324
25,82,391,88,0.01427866518497467
25,83,391,178,-0.025787241756916046
25,84,391,87,-0.05017155408859253
25,85,391,14,-0.07314617931842804
25,86,391,267,-0.019780876114964485
25,87,391,269,-0.06390345096588135
25,88,391,270,0.09675873816013336
25,89,391,409,0.08922602981328964
25,90,391,291,0.07069175690412521
25,91,391,375,0.09081923961639404
25,92,391,321,0.08119921386241913
25,93,391,405,-0.11683524399995804
25,94,391,314,-0.11058342456817627
25,95,391,302,-0.018872687593102455
25,96,391,303,-0.060718972235918045
25,97,391,304,0.02508733607828617
25,98,391,408,0.08430735766887665
25,99,391,307,0.10859772562980652
25,100,391,320,-0.0026503317058086395
25,101,391,404,-0.12129818648099899
25,102,391,315,-0.10285806655883789
25,103,391,268,-0.010292964056134224
25,104,391,271,-0.044942695647478104
25,105,391,272,-0.05402026325464249
25,106,391,325,0.09617543965578079
25,107,391,319,-0.06536759436130524
25,108,391,403,-0.11944302916526794
25,109,391,316,-0.08816413581371307
25,110,391,312,-0.015352815389633179
25,111,391,311,-0.0342586375772953
25,112,391,310,-0.04676614701747894
25,113,391,415,0.0257243812084198
25,114,391,308,0.04752226173877716
25,115,391,324,0.04525697976350784
25,116,391,318,-0.07581517845392227
25,117,391,402,-0.10584641993045807
25,118,391,317,-0.09396111965179443
26,27,322,410,0.013840882107615471
26,28,322,287,0.024971432983875275
26,29,322,273,0.06897305697202682
26,30,322,335,-0.058726999908685684
26,31,322,406,-0.050888434052467346
26,32,322,313,-0.05502629280090332
26,33,322,421,-0.03280424699187279
26,34,322,418,-0.021396294236183167
26,35,322,424,0.012978737242519855
26,36,322,422,0.004814011510461569
26,37,322,432,-0.023980354890227318
26,38,322,436,-0.03878160938620567
26,39,322,426,-0.03279753401875496
26,40,322,423,0.035359349101781845
26,41,322,427,-0.06121143326163292
26,42,322,425,-0.04439204931259155
26,43,322,327,0.04661832004785538
26,44,322,326,0.04020616039633751
26,45,322,0,0.00984358973801136
26,46,322,37,0.03647621348500252
26,47,322,39,0.04257075488567352
26,48,322,40,0.05772492662072182
26,49,322,185,0.0629267618060112
26,50,322,61,0.06126300245523453
26,51,322,146,0.05040042847394943
26,52,322,91,0.026974081993103027
26,53,322,181,-0.01651811972260475
26,54,322,84,-0.04297320917248726
26,55,322,17,-0.08233824372291565
26,56,322,11,0.007300678640604019
26,57,322,72,0.03816039115190506
26,58,322,73,0.055644676089286804
26,59,322,74,0.05837613344192505
26,60,322,184,0.06444922089576721
26,61,322,77,0.04703114554286003
26,62,322,90,0.021012283861637115
26,63,322,180,-0.014760605990886688
26,64,322,85,-0.04479560628533363
26,65,322,16,-0.08812625706195831
26,66,322,12,0.0029840730130672455
26,67,322,38,0.03679313138127327
26,68,322,41,0.060476627200841904
26,69,322,42,0.058339446783065796
26,70,322,96,0.04485538974404335
26,71,322,89,0.028691701591014862
26,72,322,179,-0.012958414852619171
26,73,322,86,-0.046161338686943054
26,74,322,15,-0.08462348580360413
26,75,322,13,0.004855800420045853
26,76,322,82,0.03942282497882843
26,77,322,81,0.053417548537254333
26,78,322,80,0.053146012127399445
26,79,322,191,-0.07825303077697754
26,80,322,78,-0.06902956962585449
26,81,322,95,0.04464704170823097
26,82,322,88,0.018825050443410873
26,83,322,178,-0.0059070587158203125
26,84,322,87,-0.03584405407309532
26,85,322,14,-0.06419417262077332
26,86,322,267,-0.011624500155448914
26,87,322,269,-0.047070134431123734
26,88,322,270,-0.06918874382972717
26,89,322,409,-0.0009463794995099306
26,90,322,291,0.048312533646821976
26,91,322,375,-0.06375037133693695
26,92,322,321,-0.1011481061577797
26,93,322,405,-0.1265891194343567
26,94,322,314,-0.1012435257434845
26,95,322,302,-0.015514213591814041
26,96,322,303,-0.03881441429257393
26,97,322,304,-0.07224631309509277
26,98,322,408,-0.08065837621688843
26,99,322,307,-0.08220507204532623
26,100,322,320,-0.12328432500362396
26,101,322,404,-0.126931294798851
26,102,322,315,-0.10679014772176743
26,103,322,268,-0.01724192500114441
26,104,322,271,-0.0187149029225111
26,105,322,272,-0.05313454568386078
26,106,322,325,-0.10357194393873215
26,107,322,319,-0.09869850426912308
26,108,322,403,-0.0987718403339386
26,109,322,316,-0.09741982817649841
26,110,322,312,-0.014977026730775833
26,111,322,311,-0.012069610878825188
26,112,322,310,-0.04107207804918289
26,113,322,415,-0.05874919891357422
26,114,322,308,-0.05929798260331154
26,115,322,324,-0.07200722396373749
26,116,322,318,-0.0890129953622818
26,117,322,402,-0.08600272983312607
26,118,322,317,-0.08606714755296707
27,28,410,287,0.01709584891796112
27,29,410,273,-0.05325574800372124
27,30,410,335,-0.05169276148080826
27,31,410,406,-0.04672528803348541
27,32,410,313,-0.05391184985637665
27,33,410,421,-0.03076375648379326
27,34,410,418,-0.0268500167876482
27,35,410,424,-0.006075331941246986
27,36,410,422,-0.017757892608642578
27,37,410,432,-0.040481410920619965
27,38,410,436,-0.04905310645699501
27,39,410,426,-0.019087061285972595
27,40,410,423,0.03940220922231674
27,41,410,427,-0.06711739301681519
27,42,410,425,-0.05200514569878578
27,43,410,327,0.04406847059726715
27,44,410,326,0.04356592148542404
27,45,410,0,0.02525024488568306
27,46,410,37,0.047854095697402954
27,47,410,39,0.05085385963320732
27,48,410,40,0.060124531388282776
27,49,410,185,0.07131008803844452
27,50,410,61,0.06497443467378616
27,51,410,146,0.0630044937133789
27,52,410,91,0.028688516467809677
27,53,410,181,-0.0009376257658004761
27,54,410,84,-0.0288688987493515
27,55,410,17,-0.07041377574205399
27,56,410,11,0.016007021069526672
27,57,410,72,0.047049738466739655
27,58,410,73,0.050767432898283005
27,59,410,74,0.05923748388886452
27,60,410,184,0.06393774598836899
27,61,410,77,0.050213027745485306
27,62,410,90,0.030242465436458588
27,63,410,180,0.001897864043712616
27,64,410,85,-0.03154301643371582
27,65,410,16,-0.07412134110927582
27,66,410,12,0.014225240796804428
27,67,410,38,0.04734807088971138
27,68,410,41,0.06233830004930496
27,69,410,42,0.06107977777719498
27,70,410,96,0.04925169050693512
27,71,410,89,0.03176724165678024
27,72,410,179,0.00222894549369812
27,73,410,86,-0.03121206909418106
27,74,410,15,-0.07137485593557358
27,75,410,13,0.016979727894067764
27,76,410,82,0.053696949034929276
27,77,410,81,0.05833224952220917
27,78,410,80,0.06094253063201904
27,79,410,191,0.0641506016254425
27,80,410,78,0.0595293864607811
27,81,410,95,0.05503000691533089
27,82,410,88,0.030223380774259567
27,83,410,178,0.010921262204647064
27,84,410,87,-0.020688995718955994
27,85,410,14,-0.060578763484954834
27,86,410,267,0.01222301833331585
27,87,410,269,-0.032185230404138565
27,88,410,270,-0.05835513025522232
27,89,410,409,-0.0650000274181366
27,90,410,291,-0.09432793408632278
27,91,410,375,-0.10755818337202072
27,92,410,321,-0.10383401066064835
27,93,410,405,-0.1087394654750824
27,94,410,314,-0.09362944960594177
27,95,410,302,0.015892811119556427
27,96,410,303,-0.018823320046067238
27,97,410,304,-0.05164845287799835
27,98,410,408,-0.07393743097782135
27,99,410,307,-0.10081718862056732
27,100,410,320,-0.1036427691578865
27,101,410,404,-0.09851408004760742
27,102,410,315,-0.10056529939174652
27,103,410,268,-0.005497157573699951
27,104,410,271,-0.02730228751897812
27,105,410,272,-0.036433104425668716
27,106,410,325,-0.08035752922296524
27,107,410,319,-0.09118688106536865
27,108,410,403,-0.08725892752408981
27,109,410,316,-0.0871417224407196
27,110,410,312,0.007646914571523666
27,111,410,311,-0.011089809238910675
27,112,410,310,-0.024353697896003723
27,113,410,415,-0.051124077290296555
27,114,410,308,-0.047682326287031174
27,115,410,324,-0.06715533882379532
27,116,410,318,-0.07892096787691116
27,117,410,402,-0.07299315184354782
27,118,410,317,-0.06724361330270767
28,29,287,273,-0.03361935913562775
28,30,287,335,-0.033418186008930206
28,31,287,406,-0.04151847958564758
28,32,287,313,-0.03176999092102051
28,33,287,421,-0.00956253707408905
28,34,287,418,0.0011104084551334381
28,35,287,424,0.01895294152200222
28,36,287,422,-0.02641253173351288
28,37,287,432,-0.048065464943647385
28,38,287,436,-0.06230826675891876
28,39,287,426,0.06623892486095428
28,40,287,423,0.061344996094703674
28,41,287,427,-0.07230271399021149
28,42,287,425,-0.05779273062944412
28,43,287,327,0.04107683524489403
28,44,287,326,0.042273782193660736
28,45,287,0,0.027760416269302368
28,46,287,37,0.04452059417963028
28,47,287,39,0.04706094413995743
28,48,287,40,0.05999814718961716
28,49,287,185,0.06472644954919815
28,50,287,61,0.065912626683712
28,51,287,146,0.05031085014343262
28,52,287,91,0.020449452102184296
28,53,287,181,0.0020828917622566223
28,54,287,84,-0.030079469084739685
28,55,287,17,-0.07035502791404724
28,56,287,11,0.022002987563610077
28,57,287,72,0.04607276991009712
28,58,287,73,0.06188336759805679
28,59,287,74,0.06868364661931992
28,60,287,184,0.06935608386993408
28,61,287,77,0.044580720365047455
28,62,287,90,0.02084379643201828
28,63,287,180,0.005289293825626373
28,64,287,85,-0.03507513552904129
28,65,287,16,-0.07339779287576675
28,66,287,12,0.014174327254295349
28,67,287,38,0.057985905557870865
28,68,287,41,0.06250074505805969
28,69,287,42,0.062438495457172394
28,70,287,96,0.045400358736515045
28,71,287,89,0.03351534903049469
28,72,287,179,0.008430350571870804
28,73,287,86,-0.03276459127664566
28,74,287,15,-0.06021350622177124
28,75,287,13,0.014327775686979294
28,76,287,82,0.0583786703646183
28,77,287,81,0.05026208609342575
28,78,287,80,0.06090978905558586
28,79,287,191,0.05975973606109619
28,80,287,78,0.05827229842543602
28,81,287,95,0.041166748851537704
28,82,287,88,0.020693134516477585
28,83,287,178,0.01129135861992836
28,84,287,87,-0.023037366569042206
28,85,287,14,-0.053290702402591705
28,86,287,267,0.002561703324317932
28,87,287,269,-0.02822076342999935
28,88,287,270,-0.04589463397860527
28,89,287,409,-0.057658854871988297
28,90,287,291,-0.04280666261911392
28,91,287,375,-0.1014237031340599
28,92,287,321,-0.11494817584753036
28,93,287,405,-0.10953884571790695
28,94,287,314,-0.08946352452039719
28,95,287,302,-0.0018132217228412628
28,96,287,303,-0.021914726123213768
28,97,287,304,-0.036630891263484955
28,98,287,408,-0.05704312026500702
28,99,287,307,-0.09392991662025452
28,100,287,320,-0.10275682806968689
28,101,287,404,-0.09231650829315186
28,102,287,315,-0.08958566188812256
28,103,287,268,0.004938565194606781
28,104,287,271,-0.006075311452150345
28,105,287,272,-0.025167196989059448
28,106,287,325,-0.07029002904891968
28,107,287,319,-0.07337556034326553
28,108,287,403,-0.08766171336174011
28,109,287,316,-0.0650177001953125
28,110,287,312,0.009471185505390167
28,111,287,311,-0.007985133677721024
28,112,287,310,-0.008498942479491234
28,113,287,415,-0.04131454974412918
28,114,287,308,-0.03766988217830658
28,115,287,324,-0.0596122108399868
28,116,287,318,-0.05961732193827629
28,117,287,402,-0.06894423067569733
28,118,287,317,-0.06421060860157013
29,30,273,335,-0.008953399956226349
29,31,273,406,-0.005738627165555954
29,32,273,313,0.012449171394109726
29,33,273,421,0.03410745784640312
29,34,273,418,0.04863369092345238
29,35,273,424,0.006176190450787544
29,36,273,422,-0.07428064942359924
29,37,273,432,-0.08727780729532242
29,38,273,436,-0.09961726516485214
29,39,273,426,-0.07989531010389328
29,40,273,423,0.09199664741754532
29,41,273,427,-0.11074953526258469
29,42,273,425,-0.10401749610900879
29,43,273,327,0.05538107454776764
29,44,273,326,0.06905228644609451
29,45,273,0,0.0470576174557209
29,46,273,37,0.05843121558427811
29,47,273,39,0.061021871864795685
29,48,273,40,0.06655997782945633
29,49,273,185,0.0728984847664833
29,50,273,61,0.08161607384681702
29,51,273,146,0.07008657604455948
29,52,273,91,0.021876178681850433
29,53,273,181,0.0027819424867630005
29,54,273,84,-0.011357657611370087
29,55,273,17,-0.04553906247019768
29,56,273,11,0.046503644436597824
29,57,273,72,0.06367609649896622
29,58,273,73,0.06628087162971497
29,59,273,74,0.06433141976594925
29,60,273,184,0.07608471810817719
29,61,273,77,0.07510054856538773
29,62,273,90,0.04093708097934723
29,63,273,180,0.014390897005796432
29,64,273,85,-0.011463448405265808
29,65,273,16,-0.05177349969744682
29,66,273,12,0.05000954866409302
29,67,273,38,0.06623470783233643
29,68,273,41,0.08137993514537811
29,69,273,42,0.08353687822818756
29,70,273,96,0.07245883345603943
29,71,273,89,0.043994806706905365
29,72,273,179,0.021494999527931213
29,73,273,86,-0.005337253212928772
29,74,273,15,-0.03635723516345024
29,75,273,13,0.05254734307527542
29,76,273,82,0.06432105600833893
29,77,273,81,0.07954254746437073
29,78,273,80,0.07734877616167068
29,79,273,191,0.08131925016641617
29,80,273,78,0.08291453868150711
29,81,273,95,0.07194703072309494
29,82,273,88,0.05098620057106018
29,83,273,178,0.04161030799150467
29,84,273,87,0.009356893599033356
29,85,273,14,-0.02150624245405197
29,86,273,267,0.03600596264004707
29,87,273,269,0.00858722347766161
29,88,273,270,-0.012456659227609634
29,89,273,409,-0.02415814995765686
29,90,273,291,-0.017208877950906754
29,91,273,375,-0.0713183805346489
29,92,273,321,-0.09291939437389374
29,93,273,405,-0.07914754748344421
29,94,273,314,-0.055358435958623886
29,95,273,302,0.0298653244972229
29,96,273,303,0.011615904979407787
29,97,273,304,-0.012076284736394882
29,98,273,408,-0.021221503615379333
29,99,273,307,-0.05595674738287926
29,100,273,320,-0.06388148665428162
29,101,273,404,-0.06354938447475433
29,102,273,315,-0.05689422786235809
29,103,273,268,0.02709142491221428
29,104,273,271,0.012684173882007599
29,105,273,272,0.00759692071005702
29,106,273,325,-0.049069833010435104
29,107,273,319,-0.051186878234148026
29,108,273,403,-0.050232838839292526
29,109,273,316,-0.04965342581272125
29,110,273,312,0.039712633937597275
29,111,273,311,0.021557234227657318
29,112,273,310,0.010818833485245705
29,113,273,415,0.001999170985072851
29,114,273,308,-0.003277622163295746
29,115,273,324,-0.025130396708846092
29,116,273,318,-0.03242724388837814
29,117,273,402,-0.032506607472896576
29,118,273,317,-0.030402526259422302
30,31,335,406,0.008223269134759903
30,32,335,313,0.03250829875469208
30,33,335,421,0.05179416015744209
30,34,335,418,0.05976761877536774
30,35,335,424,-0.05558130517601967
30,36,335,422,-0.07795591652393341
30,37,335,432,-0.09499923884868622
30,38,335,436,-0.10023216158151627
30,39,335,426,-0.10597309470176697
30,40,335,423,-0.01905512809753418
30,41,335,427,-0.11550810933113098
30,42,335,425,-0.1130375862121582
30,43,335,327,0.05308079719543457
30,44,335,326,0.09117858111858368
30,45,335,0,0.06154591962695122
30,46,335,37,0.07714958488941193
30,47,335,39,0.12399411201477051
30,48,335,40,0.0905131995677948
30,49,335,185,0.08608052879571915
30,50,335,61,0.08260149508714676
30,51,335,146,0.07760553061962128
30,52,335,91,0.05673662945628166
30,53,335,181,0.014582280069589615
30,54,335,84,0.010293606668710709
30,55,335,17,-0.034939490258693695
30,56,335,11,0.056861452758312225
30,57,335,72,0.08023478090763092
30,58,335,73,0.09091781079769135
30,59,335,74,0.08982738107442856
30,60,335,184,0.09029467403888702
30,61,335,77,0.08019332587718964
30,62,335,90,0.056681450456380844
30,63,335,180,0.02390003204345703
30,64,335,85,0.0019161254167556763
30,65,335,16,-0.02496250346302986
30,66,335,12,0.05341247841715813
30,67,335,38,0.0582471638917923
30,68,335,41,0.08578285574913025
30,69,335,42,0.0887405276298523
30,70,335,96,0.07842832803726196
30,71,335,89,0.06483810395002365
30,72,335,179,0.042647652328014374
30,73,335,86,0.019305463880300522
30,74,335,15,-0.022854238748550415
30,75,335,13,0.05237772315740585
30,76,335,82,0.07087637484073639
30,77,335,81,0.09121596068143845
30,78,335,80,0.08592259138822556
30,79,335,191,0.07284210622310638
30,80,335,78,0.10098585486412048
30,81,335,95,0.0755750760436058
30,82,335,88,0.06724558770656586
30,83,335,178,0.05383959785103798
30,84,335,87,0.032400574535131454
30,85,335,14,-0.009306736290454865
30,86,335,267,0.04074665158987045
30,87,335,269,0.009462511166930199
30,88,335,270,0.0004991888999938965
30,89,335,409,0.015460674650967121
30,90,335,291,0.01189816277474165
30,91,335,375,0.04905499517917633
30,92,335,321,-0.08052084594964981
30,93,335,405,-0.05394063517451286
30,94,335,314,-0.04513728246092796
30,95,335,302,0.04178502410650253
30,96,335,303,0.017260802909731865
30,97,335,304,0.0054868049919605255
30,98,335,408,0.012540195137262344
30,99,335,307,-0.03856927156448364
30,100,335,320,-0.055962175130844116
30,101,335,404,-0.04805874824523926
30,102,335,315,-0.040334612131118774
30,103,335,268,0.04456501081585884
30,104,335,271,0.024577118456363678
30,105,335,272,0.009863320738077164
30,106,335,325,-0.03568612411618233
30,107,335,319,-0.04148469865322113
30,108,335,403,-0.04159224033355713
30,109,335,316,-0.03505129739642143
30,110,335,312,0.04942459240555763
30,111,335,311,0.025873247534036636
30,112,335,310,0.022436849772930145
30,113,335,415,-0.002593090757727623
30,114,335,308,0.014676966704428196
30,115,335,324,-0.019451960921287537
30,116,335,318,-0.029406586661934853
30,117,335,402,-0.017230190336704254
30,118,335,317,-0.019873633980751038
31,32,406,313,0.018916035071015358
31,33,406,421,0.05111481621861458
31,34,406,418,-0.04501448571681976
31,35,406,424,-0.05029604211449623
31,36,406,422,-0.07179836183786392
31,37,406,432,-0.08080559223890305
31,38,406,436,-0.08157582581043243
31,39,406,426,-0.1003311276435852
31,40,406,423,-0.09557466953992844
31,41,406,427,-0.10466769337654114
31,42,406,425,-0.11858806014060974
31,43,406,327,0.10416765511035919
31,44,406,326,0.09168360382318497
31,45,406,0,0.062331631779670715
31,46,406,37,0.07932935655117035
31,47,406,39,0.17573268711566925
31,48,406,40,0.19939285516738892
31,49,406,185,0.10102859884500504
31,50,406,61,0.0933416336774826
31,51,406,146,0.0951659083366394
31,52,406,91,0.05595558509230614
31,53,406,181,0.029438162222504616
31,54,406,84,0.013094671070575714
31,55,406,17,-0.025436095893383026
31,56,406,11,0.06542815268039703
31,57,406,72,0.10248444229364395
31,58,406,73,0.16336260735988617
31,59,406,74,0.10586779564619064
31,60,406,184,0.10259191691875458
31,61,406,77,0.07149079442024231
31,62,406,90,0.05910811945796013
31,63,406,180,0.042505357414484024
31,64,406,85,0.004517395049333572
31,65,406,16,-0.0296209417283535
31,66,406,12,0.05772295221686363
31,67,406,38,0.08884099125862122
31,68,406,41,0.1020563542842865
31,69,406,42,0.10759003460407257
31,70,406,96,0.078697070479393
31,71,406,89,0.06366205215454102
31,72,406,179,0.04797577112913132
31,73,406,86,0.01463252678513527
31,74,406,15,-0.01635606586933136
31,75,406,13,0.06447983533143997
31,76,406,82,0.08752363920211792
31,77,406,81,0.10369469225406647
31,78,406,80,0.10460370779037476
31,79,406,191,0.1130620613694191
31,80,406,78,0.10375729203224182
31,81,406,95,0.09141385555267334
31,82,406,88,0.0701514333486557
31,83,406,178,0.05563119798898697
31,84,406,87,0.03909424692392349
31,85,406,14,-0.0048515088856220245
31,86,406,267,0.046762898564338684
31,87,406,269,0.019544001668691635
31,88,406,270,-0.004393868148326874
31,89,406,409,0.026718150824308395
31,90,406,291,0.0021586287766695023
31,91,406,375,0.06225515156984329
31,92,406,321,0.08608934283256531
31,93,406,405,-0.059838466346263885
31,94,406,314,-0.038020990788936615
31,95,406,302,0.04314642399549484
31,96,406,303,0.010720668360590935
31,97,406,304,0.00046319887042045593
31,98,406,408,-0.006505046039819717
31,99,406,307,0.04815996065735817
31,100,406,320,0.0740315243601799
31,101,406,404,-0.05344996228814125
31,102,406,315,-0.03777994215488434
31,103,406,268,0.042082905769348145
31,104,406,271,0.024161027744412422
31,105,406,272,0.0004541529342532158
31,106,406,325,0.0369073748588562
31,107,406,319,0.03317207098007202
31,108,406,403,-0.04262668266892433
31,109,406,316,-0.0241561159491539
31,110,406,312,0.044913001358509064
31,111,406,311,0.037399981170892715
31,112,406,310,0.003297793213278055
31,113,406,415,-0.007654471322894096
31,114,406,308,-0.005977697670459747
31,115,406,324,0.020488470792770386
31,116,406,318,0.006951510440558195
31,117,406,402,-0.024101117625832558
31,118,406,317,-0.005878817290067673
32,33,313,421,-0.012738890014588833
32,34,313,418,-0.010945815593004227
32,35,313,424,-0.022664453834295273
32,36,313,422,-0.044441696256399155
32,37,313,432,-0.05860807001590729
32,38,313,436,-0.06631666421890259
32,39,313,426,-0.08924548327922821
32,40,313,423,-0.073765829205513
32,41,313,427,-0.0917137861251831
32,42,313,425,-0.09103557467460632
32,43,313,327,-0.06700097024440765
32,44,313,326,0.07665868103504181
32,45,313,0,0.05376807600259781
32,46,313,37,0.09170873463153839
32,47,313,39,0.11812858283519745
32,48,313,40,0.1263541281223297
32,49,313,185,0.13027557730674744
32,50,313,61,0.11590619385242462
32,51,313,146,0.10835900902748108
32,52,313,91,0.07570383697748184
32,53,313,181,0.03953602910041809
32,54,313,84,0.012260988354682922
32,55,313,17,-0.023133989423513412
32,56,313,11,0.05683443322777748
32,57,313,72,0.09488984197378159
32,58,313,73,0.10408645123243332
32,59,313,74,0.12002232670783997
32,60,313,184,0.12679633498191833
32,61,313,77,0.10972414165735245
32,62,313,90,0.06980220973491669
32,63,313,180,0.04119281470775604
32,64,313,85,0.015622256323695183
32,65,313,16,-0.018422406166791916
32,66,313,12,0.05498217046260834
32,67,313,38,0.0919446274638176
32,68,313,41,0.11032480746507645
32,69,313,42,0.12042488902807236
32,70,313,96,0.11423968523740768
32,71,313,89,0.08410438895225525
32,72,313,179,0.05020635575056076
32,73,313,86,0.03242964670062065
32,74,313,15,-0.00922790914773941
32,75,313,13,0.0646296814084053
32,76,313,82,0.09919578582048416
32,77,313,81,0.12430998682975769
32,78,313,80,0.11543634533882141
32,79,313,191,0.1225065290927887
32,80,313,78,0.1208052784204483
32,81,313,95,0.10325883328914642
32,82,313,88,0.09036655724048615
32,83,313,178,0.06458665430545807
32,84,313,87,0.045163147151470184
32,85,313,14,-0.0025130808353424072
32,86,313,267,0.01737641915678978
32,87,313,269,-0.02072591707110405
32,88,313,270,-0.0019199345260858536
32,89,313,409,0.01157362014055252
32,90,313,291,0.006513822823762894
32,91,313,375,0.07849255949258804
32,92,313,321,0.10697529464960098
32,93,313,405,0.10230591148138046
32,94,313,314,-0.018519891425967216
32,95,313,302,0.013487916439771652
32,96,313,303,-0.005462367087602615
32,97,313,304,0.011795738711953163
32,98,313,408,0.007015515118837357
32,99,313,307,0.06029995158314705
32,100,313,320,0.09415735304355621
32,101,313,404,0.09038231521844864
32,102,313,315,-0.01610632985830307
32,103,313,268,0.024239826947450638
32,104,313,271,-0.0016623549163341522
32,105,313,272,-0.004699390381574631
32,106,313,325,0.04195815324783325
32,107,313,319,0.06318845599889755
32,108,313,403,0.06677926331758499
32,109,313,316,-0.037297070026397705
32,110,313,312,0.02404407411813736
32,111,313,311,-0.010249292477965355
32,112,313,310,-0.018500175327062607
32,113,313,415,-0.0005585737526416779
32,114,313,308,-0.010971669107675552
32,115,313,324,0.025082508102059364
32,116,313,318,0.04723084717988968
32,117,313,402,0.04825896769762039
32,118,313,317,-0.03533974289894104
33,34,421,418,0.006781706586480141
33,35,421,424,-0.010639626532793045
33,36,421,422,-0.025833312422037125
33,37,421,432,-0.04233219474554062
33,38,421,436,-0.060991473495960236
33,39,421,426,-0.05043374001979828
33,40,421,423,-0.04938893020153046
33,41,421,427,-0.08237631618976593
33,42,421,425,-0.0701424777507782
33,43,421,327,-0.04170528054237366
33,44,421,326,0.04645221680402756
33,45,421,0,0.04043489322066307
33,46,421,37,0.07528543472290039
33,47,421,39,0.08434624969959259
33,48,421,40,0.10296186804771423
33,49,421,185,0.09646190702915192
33,50,421,61,0.09766807407140732
33,51,421,146,0.08043286949396133
33,52,421,91,0.06618307530879974
33,53,421,181,0.034406065940856934
33,54,421,84,0.006262950599193573
33,55,421,17,-0.027262836694717407
33,56,421,11,0.033387646079063416
33,57,421,72,0.08496756851673126
33,58,421,73,0.08745421469211578
33,59,421,74,0.0982041209936142
33,60,421,184,0.10058723390102386
33,61,421,77,0.08867937326431274
33,62,421,90,0.06211395189166069
33,63,421,180,0.037877120077610016
33,64,421,85,0.025962814688682556
33,65,421,16,-0.03107793629169464
33,66,421,12,0.022412845864892006
33,67,421,38,0.08607548475265503
33,68,421,41,0.10241395235061646
33,69,421,42,0.10625778138637543
33,70,421,96,0.09060155600309372
33,71,421,89,0.07059019804000854
33,72,421,179,0.0708651915192604
33,73,421,86,0.03649120777845383
33,74,421,15,-0.03624999150633812
33,75,421,13,0.026328392326831818
33,76,421,82,0.08824494481086731
33,77,421,81,0.11047683656215668
33,78,421,80,0.09986817836761475
33,79,421,191,0.09814901649951935
33,80,421,78,0.0965762510895729
33,81,421,95,0.08290083706378937
33,82,421,88,0.07628582417964935
33,83,421,178,0.05793286859989166
33,84,421,87,0.03484003245830536
33,85,421,14,-0.01286546140909195
33,86,421,267,0.032913342118263245
33,87,421,269,0.0012708920985460281
33,88,421,270,0.028181511908769608
33,89,421,409,0.042729370296001434
33,90,421,291,0.026200875639915466
33,91,421,375,0.09287525713443756
33,92,421,321,0.10632210224866867
33,93,421,405,0.12116387486457825
33,94,421,314,-0.06467406451702118
33,95,421,302,0.013910120353102684
33,96,421,303,0.010356159880757332
33,97,421,304,0.029289091005921364
33,98,421,408,0.048832837492227554
33,99,421,307,0.08777724206447601
33,100,421,320,0.10573609173297882
33,101,421,404,0.10409877449274063
33,102,421,315,-0.06833898276090622
33,103,421,268,0.005972052924335003
33,104,421,271,0.0023969486355781555
33,105,421,272,0.02404710091650486
33,106,421,325,0.06690886616706848
33,107,421,319,0.08121912181377411
33,108,421,403,0.0944523811340332
33,109,421,316,-0.07343379408121109
33,110,421,312,0.011853676289319992
33,111,421,311,0.0023290589451789856
33,112,421,310,0.01689576357603073
33,113,421,415,0.03502921387553215
33,114,421,308,0.03250395506620407
33,115,421,324,0.05349479988217354
33,116,421,318,0.047634318470954895
33,117,421,402,0.056705594062805176
33,118,421,317,-0.04960787296295166
34,35,418,424,0.002840247005224228
34,36,418,422,-0.013246912509202957
34,37,418,432,-0.03981173038482666
34,38,418,436,-0.038952816277742386
34,39,418,426,-0.04462751746177673
34,40,418,423,-0.05635256692767143
34,41,418,427,-0.07444988936185837
34,42,418,425,-0.0706101804971695
34,43,418,327,0.048457466065883636
34,44,418,326,0.05368874594569206
34,45,418,0,0.04314809665083885
34,46,418,37,0.060532182455062866
34,47,418,39,0.06787638366222382
34,48,418,40,0.08064070343971252
34,49,418,185,0.07389729470014572
34,50,418,61,0.08286385238170624
34,51,418,146,0.07301552593708038
34,52,418,91,0.04176997393369675
34,53,418,181,0.03418321907520294
34,54,418,84,0.005190733820199966
34,55,418,17,-0.03655659034848213
34,56,418,11,0.03942416235804558
34,57,418,72,0.060154691338539124
34,58,418,73,0.06834307312965393
34,59,418,74,0.08171728253364563
34,60,418,184,0.07784605026245117
34,61,418,77,0.07132543623447418
34,62,418,90,0.055029191076755524
34,63,418,180,0.03708473592996597
34,64,418,85,0.01104719564318657
34,65,418,16,-0.04818008095026016
34,66,418,12,0.04167267307639122
34,67,418,38,0.06271089613437653
34,68,418,41,0.07309640198945999
34,69,418,42,0.08578752726316452
34,70,418,96,0.07570303976535797
34,71,418,89,0.06337407976388931
34,72,418,179,0.044451333582401276
34,73,418,86,0.013044904917478561
34,74,418,15,-0.04443490877747536
34,75,418,13,0.03948153182864189
34,76,418,82,0.06664981693029404
34,77,418,81,0.08588800579309464
34,78,418,80,0.08316048234701157
34,79,418,191,0.08175717294216156
34,80,418,78,0.08098949491977692
34,81,418,95,0.07182581722736359
34,82,418,88,0.05618496239185333
34,83,418,178,0.052334077656269073
34,84,418,87,0.0311038289219141
34,85,418,14,-0.024740487337112427
34,86,418,267,-0.0020586084574460983
34,87,418,269,-0.019305165857076645
34,88,418,270,0.01761922985315323
34,89,418,409,0.03741367161273956
34,90,418,291,0.018491622060537338
34,91,418,375,0.09499852359294891
34,92,418,321,0.005498267710208893
34,93,418,405,-0.11682599782943726
34,94,418,314,-0.06588733196258545
34,95,418,302,-0.002277676947414875
34,96,418,303,-0.01751592941582203
34,97,418,304,-0.022950414568185806
34,98,418,408,0.03960372507572174
34,99,418,307,0.09265017509460449
34,100,418,320,-0.07515298575162888
34,101,418,404,-0.08510927855968475
34,102,418,315,-0.06609523296356201
34,103,418,268,0.0008797310292720795
34,104,418,271,-0.023317432031035423
34,105,418,272,-0.034745682030916214
34,106,418,325,0.023792700842022896
34,107,418,319,-0.08113051950931549
34,108,418,403,-0.07227473706007004
34,109,418,316,-0.06942784786224365
34,110,418,312,0.011504532769322395
34,111,418,311,-0.014701901003718376
34,112,418,310,-0.027386214584112167
34,113,418,415,-0.013436399400234222
34,114,418,308,0.03003006987273693
34,115,418,324,-0.036465346813201904
34,116,418,318,-0.06426644325256348
34,117,418,402,-0.05641195550560951
34,118,418,317,-0.051040440797805786
35,36,424,422,-0.011830759234726429
35,37,424,432,-0.038978077471256256
35,38,424,436,-0.041203077882528305
35,39,424,426,-0.04432060196995735
35,40,424,423,0.04870005324482918
35,41,424,427,-0.06331132352352142
35,42,424,425,-0.050423745065927505
35,43,424,327,0.04246626794338226
35,44,424,326,0.035623785108327866
35,45,424,0,0.03839901089668274
35,46,424,37,0.05153479054570198
35,47,424,39,0.054993677884340286
35,48,424,40,0.0645032599568367
35,49,424,185,0.07478456199169159
35,50,424,61,0.07650955021381378
35,51,424,146,0.06745848059654236
35,52,424,91,0.022557027637958527
35,53,424,181,0.00817473977804184
35,54,424,84,-0.020045850425958633
35,55,424,17,-0.048746924847364426
35,56,424,11,0.026362458243966103
35,57,424,72,0.04969152435660362
35,58,424,73,0.060949355363845825
35,59,424,74,0.06494350731372833
35,60,424,184,0.07074815034866333
35,61,424,77,0.06848427653312683
35,62,424,90,0.03504986688494682
35,63,424,180,0.017578400671482086
35,64,424,85,-0.021139997988939285
35,65,424,16,-0.05550229176878929
35,66,424,12,0.022983046248555183
35,67,424,38,0.05563059449195862
35,68,424,41,0.05266578868031502
35,69,424,42,0.07512584328651428
35,70,424,96,0.062346525490283966
35,71,424,89,0.04272519797086716
35,72,424,179,0.03559313714504242
35,73,424,86,-0.011145822703838348
35,74,424,15,-0.056067995727062225
35,75,424,13,0.030203256756067276
35,76,424,82,0.05053389072418213
35,77,424,81,0.06279352307319641
35,78,424,80,0.07233402878046036
35,79,424,191,0.0679907500743866
35,80,424,78,0.07418680191040039
35,81,424,95,0.06657806038856506
35,82,424,88,0.04917934536933899
35,83,424,178,0.03356566280126572
35,84,424,87,-0.0014494024217128754
35,85,424,14,-0.03263325244188309
35,86,424,267,-0.0011328402906656265
35,87,424,269,-0.029827216640114784
35,88,424,270,-0.042956192046403885
35,89,424,409,-0.04917984455823898
35,90,424,291,-0.06262162327766418
35,91,424,375,-0.10362454503774643
35,92,424,321,-0.12458916753530502
35,93,424,405,-0.11649958789348602
35,94,424,314,-0.07798062264919281
35,95,424,302,-0.0032932981848716736
35,96,424,303,-0.023278478533029556
35,97,424,304,-0.05873594433069229
35,98,424,408,-0.06308020651340485
35,99,424,307,-0.11189097166061401
35,100,424,320,-0.10683705657720566
35,101,424,404,-0.11097784340381622
35,102,424,315,-0.07663939148187637
35,103,424,268,0.004188483580946922
35,104,424,271,-0.02272399328649044
35,105,424,272,-0.046488262712955475
35,106,424,325,-0.06687736511230469
35,107,424,319,-0.0829787477850914
35,108,424,403,-0.07916232198476791
35,109,424,316,-0.08145307004451752
35,110,424,312,-0.004374882206320763
35,111,424,311,-0.021316921338438988
35,112,424,310,-0.037208348512649536
35,113,424,415,-0.04832223802804947
35,114,424,308,-0.034635886549949646
35,115,424,324,-0.0678943321108818
35,116,424,318,-0.06733458489179611
35,117,424,402,-0.06462336331605911
35,118,424,317,-0.06663856655359268
36,37,422,432,-0.015875430777668953
36,38,422,436,-0.018412046134471893
36,39,422,426,0.015809763222932816
36,40,422,423,0.02261831983923912
36,41,422,427,-0.053483203053474426
36,42,422,425,-0.03140708804130554
36,43,422,327,0.024267559871077538
36,44,422,326,0.023833559826016426
36,45,422,0,0.00416482612490654
36,46,422,37,0.03902225196361542
36,47,422,39,0.0431123785674572
36,48,422,40,0.05748569592833519
36,49,422,185,0.06424536556005478
36,50,422,61,0.06956296414136887
36,51,422,146,0.049796152859926224
36,52,422,91,0.008882630616426468
36,53,422,181,-0.007354065775871277
36,54,422,84,-0.046557486057281494
36,55,422,17,-0.06561262160539627
36,56,422,11,0.003481626510620117
36,57,422,72,0.03260062634944916
36,58,422,73,0.05505620315670967
36,59,422,74,0.05412503704428673
36,60,422,184,0.06792685389518738
36,61,422,77,0.04749463498592377
36,62,422,90,0.02371317520737648
36,63,422,180,-0.00846938043832779
36,64,422,85,-0.050222016870975494
36,65,422,16,-0.06528444588184357
36,66,422,12,0.004057694226503372
36,67,422,38,0.038427963852882385
36,68,422,41,0.06010834127664566
36,69,422,42,0.06341630965471268
36,70,422,96,0.057263098657131195
36,71,422,89,0.03307517245411873
36,72,422,179,0.006897643208503723
36,73,422,86,-0.04212430492043495
36,74,422,15,-0.07832510024309158
36,75,422,13,0.0045095086097717285
36,76,422,82,0.05120352655649185
36,77,422,81,0.06468594074249268
36,78,422,80,0.05987841635942459
36,79,422,191,0.06426151841878891
36,80,422,78,0.06406022608280182
36,81,422,95,0.05522926524281502
36,82,422,88,0.02355991303920746
36,83,422,178,0.013569824397563934
36,84,422,87,-0.017960865050554276
36,85,422,14,-0.06048395112156868
36,86,422,267,-0.019797176122665405
36,87,422,269,-0.04982398450374603
36,88,422,270,-0.07387715578079224
36,89,422,409,-0.07410642504692078
36,90,422,291,-0.08739762753248215
36,91,422,375,-0.1245785653591156
36,92,422,321,-0.13445259630680084
36,93,422,405,-0.11957646906375885
36,94,422,314,-0.1038433089852333
36,95,422,302,-0.029496418312191963
36,96,422,303,-0.04688379913568497
36,97,422,304,-0.05703939497470856
36,98,422,408,-0.07189244031906128
36,99,422,307,-0.12310729175806046
36,100,422,320,-0.13319268822669983
36,101,422,404,-0.09999074786901474
36,102,422,315,-0.0945795476436615
36,103,422,268,-0.019666200503706932
36,104,422,271,-0.04823903739452362
36,105,422,272,-0.06174156814813614
36,106,422,325,-0.1034848615527153
36,107,422,319,-0.10306590050458908
36,108,422,403,-0.09973268210887909
36,109,422,316,-0.0903836339712143
36,110,422,312,-0.013933802023530006
36,111,422,311,-0.026023458689451218
36,112,422,310,-0.05143757164478302
36,113,422,415,-0.06410813331604004
36,114,422,308,-0.07008631527423859
36,115,422,324,-0.08124735951423645
36,116,422,318,-0.0754089429974556
36,117,422,402,-0.07813398540019989
36,118,422,317,-0.07198427617549896
37,38,432,436,0.01298951730132103
37,39,432,426,0.01272326149046421
37,40,432,423,0.021292615681886673
37,41,432,427,-0.029763493686914444
37,42,432,425,0.0019166858401149511
37,43,432,327,0.014791112393140793
37,44,432,326,0.013696974143385887
37,45,432,0,-0.0021325014531612396
37,46,432,37,0.02562938816845417
37,47,432,39,0.04156893491744995
37,48,432,40,0.04844869673252106
37,49,432,185,0.0559500977396965
37,50,432,61,0.06354967504739761
37,51,432,146,0.04162275418639183
37,52,432,91,0.003808237612247467
37,53,432,181,-0.017224423587322235
37,54,432,84,-0.05896696448326111
37,55,432,17,-0.10080134868621826
37,56,432,11,-0.01754777505993843
37,57,432,72,0.027286184951663017
37,58,432,73,0.048710376024246216
37,59,432,74,0.041088566184043884
37,60,432,184,0.04631448909640312
37,61,432,77,0.0415409579873085
37,62,432,90,0.014742150902748108
37,63,432,180,-0.01448483020067215
37,64,432,85,-0.0637989193201065
37,65,432,16,-0.10667052865028381
37,66,432,12,-0.0054646991193294525
37,67,432,38,0.03565602004528046
37,68,432,41,0.044609688222408295
37,69,432,42,0.04602542519569397
37,70,432,96,0.03563405200839043
37,71,432,89,0.014107935130596161
37,72,432,179,-0.007322080433368683
37,73,432,86,-0.06290136277675629
37,74,432,15,-0.10130374133586884
37,75,432,13,-0.005791012197732925
37,76,432,82,0.036677390336990356
37,77,432,81,0.05201149359345436
37,78,432,80,0.05237933248281479
37,79,432,191,0.04960552603006363
37,80,432,78,0.05204198881983757
37,81,432,95,0.02835705503821373
37,82,432,88,0.008289501070976257
37,83,432,178,-0.014511242508888245
37,84,432,87,-0.04552854597568512
37,85,432,14,-0.08857119083404541
37,86,432,267,-0.03906518965959549
37,87,432,269,-0.0823097974061966
37,88,432,270,-0.07910293340682983
37,89,432,409,-0.09518399834632874
37,90,432,291,-0.10639934241771698
37,91,432,375,-0.1344980001449585
37,92,432,321,-0.1392192244529724
37,93,432,405,-0.1354074776172638
37,94,432,314,-0.12347060441970825
37,95,432,302,-0.048643242567777634
37,96,432,303,-0.06391298770904541
37,97,432,304,-0.08032890409231186
37,98,432,408,-0.09530460834503174
37,99,432,307,-0.1313750296831131
37,100,432,320,-0.13418495655059814
37,101,432,404,-0.11338813602924347
37,102,432,315,-0.12337431311607361
37,103,432,268,-0.04519110172986984
37,104,432,271,-0.05211717635393143
37,105,432,272,-0.08116713166236877
37,106,432,325,-0.1222640872001648
37,107,432,319,-0.10997629165649414
37,108,432,403,-0.10857152938842773
37,109,432,316,-0.11377467215061188
37,110,432,312,-0.044520583003759384
37,111,432,311,-0.0449599027633667
37,112,432,310,-0.0608208104968071
37,113,432,415,-0.07747906446456909
37,114,432,308,-0.0732932910323143
37,115,432,324,-0.09001730382442474
37,116,432,318,-0.08952699601650238
37,117,432,402,-0.10037484019994736
37,118,432,317,-0.09787853807210922
38,39,436,426,0.010411206632852554
38,40,436,423,0.004977826029062271
38,41,436,427,-0.015110171400010586
38,42,436,425,-0.0015278495848178864
38,43,436,327,0.0051915934309363365
38,44,436,326,0.003890102729201317
38,45,436,0,-0.010233327746391296
38,46,436,37,0.0012960098683834076
38,47,436,39,0.029079323634505272
38,48,436,40,0.044300418347120285
38,49,436,185,0.054550763219594955
38,50,436,61,0.060827694833278656
38,51,436,146,0.048267193138599396
38,52,436,91,0.013066574931144714
38,53,436,181,-0.023789241909980774
38,54,436,84,-0.06646732985973358
38,55,436,17,-0.10489833354949951
38,56,436,11,-0.017023734748363495
38,57,436,72,0.007243536412715912
38,58,436,73,0.0395958349108696
38,59,436,74,0.05274844542145729
38,60,436,184,0.052028216421604156
38,61,436,77,0.04535268619656563
38,62,436,90,0.013122215867042542
38,63,436,180,-0.024512939155101776
38,64,436,85,-0.0701698288321495
38,65,436,16,-0.10470638424158096
38,66,436,12,-0.01323193684220314
38,67,436,38,0.013180647045373917
38,68,436,41,0.0335860550403595
38,69,436,42,0.04701954871416092
38,70,436,96,0.042313940823078156
38,71,436,89,0.003869272768497467
38,72,436,179,-0.026770710945129395
38,73,436,86,-0.06471814960241318
38,74,436,15,-0.10082720220088959
38,75,436,13,-0.006892882287502289
38,76,436,82,0.0175773985683918
38,77,436,81,0.03534852713346481
38,78,436,80,0.05313391983509064
38,79,436,191,0.045081861317157745
38,80,436,78,0.0498872846364975
38,81,436,95,0.0381162129342556
38,82,436,88,0.013906113803386688
38,83,436,178,-0.02072804421186447
38,84,436,87,-0.05941954255104065
38,85,436,14,-0.10494696348905563
38,86,436,267,-0.050617389380931854
38,87,436,269,-0.07964442670345306
38,88,436,270,-0.09791587293148041
38,89,436,409,-0.1015789806842804
38,90,436,291,-0.12088004499673843
38,91,436,375,-0.13388675451278687
38,92,436,321,-0.1288011372089386
38,93,436,405,-0.14559660851955414
38,94,436,314,-0.11545506119728088
38,95,436,302,-0.051915328949689865
38,96,436,303,-0.0817386656999588
38,97,436,304,-0.09184572845697403
38,98,436,408,-0.10462485998868942
38,99,436,307,-0.13470113277435303
38,100,436,320,-0.13202494382858276
38,101,436,404,-0.12470927834510803
38,102,436,315,-0.12387696653604507
38,103,436,268,-0.04745306447148323
38,104,436,271,-0.05537513643503189
38,105,436,272,-0.08387477695941925
38,106,436,325,-0.13027773797512054
38,107,436,319,-0.13436758518218994
38,108,436,403,-0.12123961001634598
38,109,436,316,-0.11226630210876465
38,110,436,312,-0.04269848391413689
38,111,436,311,-0.05296003818511963
38,112,436,310,-0.07404087483882904
38,113,436,415,-0.09701818227767944
38,114,436,308,-0.09571406990289688
38,115,436,324,-0.10605098307132721
38,116,436,318,-0.10616593062877655
38,117,436,402,-0.10361624509096146
38,118,436,317,-0.10976025462150574
39,40,426,423,0.010723190382122993
39,41,426,427,-0.01440487802028656
39,42,426,425,-0.00032178498804569244
39,43,426,327,-0.0006964337080717087
39,44,426,326,0.00589328445494175
39,45,426,0,-0.013041656464338303
39,46,426,37,0.0082794688642025
39,47,426,39,0.030979134142398834
39,48,426,40,0.05389993637800217
39,49,426,185,0.05607205256819725
39,50,426,61,0.054597560316324234
39,51,426,146,0.03364897891879082
39,52,426,91,0.007040452212095261
39,53,426,181,-0.03961245343089104
39,54,426,84,-0.06703072786331177
39,55,426,17,-0.11263081431388855
39,56,426,11,-0.016533266752958298
39,57,426,72,0.002881057560443878
39,58,426,73,0.03544393181800842
39,59,426,74,0.0570252388715744
39,60,426,184,0.05661189556121826
39,61,426,77,0.028821654617786407
39,62,426,90,2.7630478143692017e-05
39,63,426,180,-0.040355194360017776
39,64,426,85,-0.061811428517103195
39,65,426,16,-0.10122919827699661
39,66,426,12,-0.016554635018110275
39,67,426,38,0.008058924227952957
39,68,426,41,0.03574170544743538
39,69,426,42,0.038470350205898285
39,70,426,96,0.0342266708612442
39,71,426,89,-0.0015116631984710693
39,72,426,179,-0.044707708060741425
39,73,426,86,-0.062333282083272934
39,74,426,15,-0.09843850135803223
39,75,426,13,-0.017503630369901657
39,76,426,82,0.014784164726734161
39,77,426,81,0.04085705801844597
39,78,426,80,0.03982154652476311
39,79,426,191,0.04355224594473839
39,80,426,78,0.05077981576323509
39,81,426,95,0.029248105362057686
39,82,426,88,-0.00593770295381546
39,83,426,178,-0.03872120380401611
39,84,426,87,-0.06381946802139282
39,85,426,14,-0.09091424942016602
39,86,426,267,-0.042011380195617676
39,87,426,269,-0.06854820996522903
39,88,426,270,-0.11286391317844391
39,89,426,409,-0.1231408342719078
39,90,426,291,-0.1195029616355896
39,91,426,375,-0.1305229514837265
39,92,426,321,-0.17103984951972961
39,93,426,405,-0.152601957321167
39,94,426,314,-0.13022471964359283
39,95,426,302,-0.05100126564502716
39,96,426,303,-0.0847749412059784
39,97,426,304,-0.10016663372516632
39,98,426,408,-0.11345739662647247
39,99,426,307,-0.12595409154891968
39,100,426,320,-0.16072463989257812
39,101,426,404,-0.1589204967021942
39,102,426,315,-0.12474092841148376
39,103,426,268,-0.05054732784628868
39,104,426,271,-0.06686930358409882
39,105,426,272,-0.08911575376987457
39,106,426,325,-0.1135762631893158
39,107,426,319,-0.1305326521396637
39,108,426,403,-0.14148055016994476
39,109,426,316,-0.1053328588604927
39,110,426,312,-0.041907694190740585
39,111,426,311,-0.06334532052278519
39,112,426,310,-0.07563246041536331
39,113,426,415,-0.09157123416662216
39,114,426,308,-0.09139293432235718
39,115,426,324,-0.09274786710739136
39,116,426,318,-0.11137808859348297
39,117,426,402,-0.11720847338438034
39,118,426,317,-0.111916184425354
40,41,423,427,-0.021278873085975647
40,42,423,425,0.0007699634879827499
40,43,423,327,0.013530058786273003
40,44,423,326,0.006324866786599159
40,45,423,0,-0.03476104140281677
40,46,423,37,0.0058637335896492004
40,47,423,39,0.036399368196725845
40,48,423,40,0.05691922456026077
40,49,423,185,0.0684368908405304
40,50,423,61,0.06405807286500931
40,51,423,146,0.03747996687889099
40,52,423,91,0.013876426964998245
40,53,423,181,-0.043717898428440094
40,54,423,84,-0.08043144643306732
40,55,423,17,-0.13016951084136963
40,56,423,11,-0.029149990528821945
40,57,423,72,0.009291652590036392
40,58,423,73,0.03260117024183273
40,59,423,74,0.050879593938589096
40,60,423,184,0.06055758148431778
40,61,423,77,0.03152379021048546
40,62,423,90,0.0002466961741447449
40,63,423,180,-0.03970549255609512
40,64,423,85,-0.08633305877447128
40,65,423,16,-0.12152537703514099
40,66,423,12,-0.03928609937429428
40,67,423,38,0.011948835104703903
40,68,423,41,0.03849638253450394
40,69,423,42,0.04979628697037697
40,70,423,96,0.02451801300048828
40,71,423,89,-0.005775943398475647
40,72,423,179,-0.039002709090709686
40,73,423,86,-0.0798044204711914
40,74,423,15,-0.11081218719482422
40,75,423,13,-0.03033670410513878
40,76,423,82,0.013380937278270721
40,77,423,81,0.03670286759734154
40,78,423,80,0.04674800485372543
40,79,423,191,0.05299791321158409
40,80,423,78,0.046617861837148666
40,81,423,95,0.023338954895734787
40,82,423,88,-0.006466679275035858
40,83,423,178,-0.04256264120340347
40,84,423,87,-0.06229013949632645
40,85,423,14,-0.10211746394634247
40,86,423,267,-0.03801384195685387
40,87,423,269,-0.07809098064899445
40,88,423,270,-0.10073943436145782
40,89,423,409,0.03471912443637848
40,90,423,291,0.06413386762142181
40,91,423,375,0.010292798280715942
40,92,423,321,-0.11725542694330215
40,93,423,405,-0.1439576894044876
40,94,423,314,-0.13813860714435577
40,95,423,302,-0.04039398580789566
40,96,423,303,-0.08128196746110916
40,97,423,304,-0.10190198570489883
40,98,423,408,-0.039981164038181305
40,99,423,307,-0.05524006858468056
40,100,423,320,-0.13150456547737122
40,101,423,404,-0.13153110444545746
40,102,423,315,-0.13147276639938354
40,103,423,268,-0.0379403717815876
40,104,423,271,-0.07476121932268143
40,105,423,272,-0.08189287036657333
40,106,423,325,-0.10391022264957428
40,107,423,319,-0.10267407447099686
40,108,423,403,-0.12356012314558029
40,109,423,316,-0.11432138085365295
40,110,423,312,-0.0303640216588974
40,111,423,311,-0.0669994056224823
40,112,423,310,-0.0757155567407608
40,113,423,415,-0.08273513615131378
40,114,423,308,-0.03613568842411041
40,115,423,324,-0.10466507822275162
40,116,423,318,-0.1067836582660675
40,117,423,402,-0.12201425433158875
40,118,423,317,-0.10740990936756134
41,42,427,425,-0.003529226640239358
41,43,427,327,-0.028141316026449203
41,44,427,326,-0.02526303194463253
41,45,427,0,-0.051106180995702744
41,46,427,37,-0.013485919684171677
41,47,427,39,0.016921352595090866
41,48,427,40,0.038196250796318054
41,49,427,185,0.04425853490829468
41,50,427,61,0.051410429179668427
41,51,427,146,0.028274815529584885
41,52,427,91,-0.0033120550215244293
41,53,427,181,-0.035657431930303574
41,54,427,84,-0.07289596647024155
41,55,427,17,-0.11347033083438873
41,56,427,11,-0.05255088955163956
41,57,427,72,-0.014573931694030762
41,58,427,73,0.0204770490527153
41,59,427,74,0.035415168851614
41,60,427,184,0.04517011344432831
41,61,427,77,0.023422379046678543
41,62,427,90,-0.0022295042872428894
41,63,427,180,-0.04172438010573387
41,64,427,85,-0.0724751204252243
41,65,427,16,-0.11724559962749481
41,66,427,12,-0.05358688905835152
41,67,427,38,-0.012018945068120956
41,68,427,41,0.017998550087213516
41,69,427,42,0.03347758576273918
41,70,427,96,0.021798353642225266
41,71,427,89,-0.003940951079130173
41,72,427,179,-0.04089413210749626
41,73,427,86,-0.07877898216247559
41,74,427,15,-0.1117001622915268
41,75,427,13,-0.05194411426782608
41,76,427,82,-0.010305866599082947
41,77,427,81,0.01053609699010849
41,78,427,80,0.02223912440240383
41,79,427,191,0.04730551317334175
41,80,427,78,0.028681214898824692
41,81,427,95,0.023389754816889763
41,82,427,88,-0.013063214719295502
41,83,427,178,-0.042311470955610275
41,84,427,87,-0.06964355707168579
41,85,427,14,-0.10658236593008041
41,86,427,267,-0.06380151212215424
41,87,427,269,-0.10611531138420105
41,88,427,270,-0.10272122174501419
41,89,427,409,-0.10956792533397675
41,90,427,291,-0.1091076135635376
41,91,427,375,-0.13875314593315125
41,92,427,321,-0.1381140798330307
41,93,427,405,-0.14329546689987183
41,94,427,314,-0.13256406784057617
41,95,427,302,-0.06816121190786362
41,96,427,303,-0.0753852128982544
41,97,427,304,-0.10565262287855148
41,98,427,408,-0.11513163149356842
41,99,427,307,-0.13945268094539642
41,100,427,320,-0.15078036487102509
41,101,427,404,-0.140018031001091
41,102,427,315,-0.13361631333827972
41,103,427,268,-0.06859307736158371
41,104,427,271,-0.08658504486083984
41,105,427,272,-0.11135794967412949
41,106,427,325,-0.147250235080719
41,107,427,319,-0.14855727553367615
41,108,427,403,-0.14097552001476288
41,109,427,316,-0.13347764313220978
41,110,427,312,-0.0582936629652977
41,111,427,311,-0.07744044810533524
41,112,427,310,-0.09251567721366882
41,113,427,415,-0.11433268338441849
41,114,427,308,-0.1107509657740593
41,115,427,324,-0.1429339051246643
41,116,427,318,-0.1301082968711853
41,117,427,402,-0.12190425395965576
41,118,427,317,-0.10630741715431213
42,43,425,327,-0.012087326496839523
42,44,425,326,-0.003457197919487953
42,45,425,0,-0.025870446115732193
42,46,425,37,-0.005664080381393433
42,47,425,39,0.043427690863609314
42,48,425,40,0.04763633757829666
42,49,425,185,0.04850734770298004
42,50,425,61,0.05066213756799698
42,51,425,146,0.033647410571575165
42,52,425,91,-0.006877116858959198
42,53,425,181,-0.04069957882165909
42,54,425,84,-0.08848808705806732
42,55,425,17,-0.1291128695011139
42,56,425,11,-0.03118571639060974
42,57,425,72,-0.008823007345199585
42,58,425,73,0.03189574182033539
42,59,425,74,0.05524340644478798
42,60,425,184,0.05251616984605789
42,61,425,77,0.02387763187289238
42,62,425,90,0.0014522373676300049
42,63,425,180,-0.044736236333847046
42,64,425,85,-0.08533114939928055
42,65,425,16,-0.1241150051355362
42,66,425,12,-0.03523694723844528
42,67,425,38,-0.012813746929168701
42,68,425,41,0.021731603890657425
42,69,425,42,0.0398455448448658
42,70,425,96,0.020455289632081985
42,71,425,89,-0.003928590565919876
42,72,425,179,-0.04263688251376152
42,73,425,86,-0.07948043942451477
42,74,425,15,-0.1187857985496521
42,75,425,13,-0.034908466041088104
42,76,425,82,-0.010899603366851807
42,77,425,81,0.015400350093841553
42,78,425,80,0.031072165817022324
42,79,425,191,0.060624219477176666
42,80,425,78,0.045841559767723083
42,81,425,95,0.03437808156013489
42,82,425,88,-0.006607219576835632
42,83,425,178,-0.04085787013173103
42,84,425,87,-0.06719984114170074
42,85,425,14,-0.11807677149772644
42,86,425,267,-0.049036040902137756
42,87,425,269,-0.08798033744096756
42,88,425,270,-0.1190139502286911
42,89,425,409,-0.1211080402135849
42,90,425,291,-0.09821201860904694
42,91,425,375,-0.14014819264411926
42,92,425,321,-0.1541374772787094
42,93,425,405,-0.16297730803489685
42,94,425,314,-0.13558007776737213
42,95,425,302,-0.0573853999376297
42,96,425,303,-0.08578019589185715
42,97,425,304,-0.11309044808149338
42,98,425,408,-0.12684620916843414
42,99,425,307,-0.14113138616085052
42,100,425,320,-0.1709248125553131
42,101,425,404,-0.154642716050148
42,102,425,315,-0.1365562528371811
42,103,425,268,-0.04988576099276543
42,104,425,271,-0.07975694537162781
42,105,425,272,-0.014932302758097649
42,106,425,325,-0.14327910542488098
42,107,425,319,-0.15126240253448486
42,108,425,403,-0.14628195762634277
42,109,425,316,-0.13253214955329895
42,110,425,312,-0.05843083932995796
42,111,425,311,-0.0683930441737175
42,112,425,310,-0.08620700985193253
42,113,425,415,-0.11028274893760681
42,114,425,308,-0.09513724595308304
42,115,425,324,-0.110150545835495
42,116,425,318,-0.13385938107967377
42,117,425,402,-0.12304440885782242
42,118,425,317,-0.1221502497792244
43,44,327,326,0.003596106544137001
43,45,327,0,-0.02207944542169571
43,46,327,37,0.011146891862154007
43,47,327,39,0.033682987093925476
43,48,327,40,0.051896460354328156
43,49,327,185,0.05181555822491646
43,50,327,61,0.05039442330598831
43,51,327,146,0.041030608117580414
43,52,327,91,0.0016716942191123962
43,53,327,181,-0.03381289169192314
43,54,327,84,-0.07220286130905151
43,55,327,17,-0.10406983643770218
43,56,327,11,-0.028914492577314377
43,57,327,72,0.015776271000504494
43,58,327,73,0.036484453827142715
43,59,327,74,0.049856409430503845
43,60,327,184,0.05555744841694832
43,61,327,77,0.03307817876338959
43,62,327,90,-0.0006658509373664856
43,63,327,180,-0.04210623726248741
43,64,327,85,-0.07365471124649048
43,65,327,16,-0.11084261536598206
43,66,327,12,-0.029137376695871353
43,67,327,38,0.015192229300737381
43,68,327,41,0.03627731651067734
43,69,327,42,0.0467851422727108
43,70,327,96,0.03026031143963337
43,71,327,89,-0.006120115518569946
43,72,327,179,-0.039667800068855286
43,73,327,86,-0.06532736867666245
43,74,327,15,-0.10136152803897858
43,75,327,13,-0.032518040388822556
43,76,327,82,0.01677343063056469
43,77,327,81,0.03543974086642265
43,78,327,80,0.03862278163433075
43,79,327,191,0.04813520982861519
43,80,327,78,0.042660653591156006
43,81,327,95,0.031499795615673065
43,82,327,88,-0.002566259354352951
43,83,327,178,-0.03057492896914482
43,84,327,87,-0.06327542662620544
43,85,327,14,-0.09434200823307037
43,86,327,267,-0.041162341833114624
43,87,327,269,0.024097280576825142
43,88,327,270,0.08902215212583542
43,89,327,409,0.06397871673107147
43,90,327,291,0.05909593775868416
43,91,327,375,0.09854821115732193
43,92,327,321,0.11233275383710861
43,93,327,405,-0.005920033901929855
43,94,327,314,-0.10008280724287033
43,95,327,302,-0.04873501509428024
43,96,327,303,-0.047089822590351105
43,97,327,304,0.07795345783233643
43,98,327,408,0.07087379693984985
43,99,327,307,0.09194302558898926
43,100,327,320,0.10267894715070724
43,101,327,404,-0.05583811551332474
43,102,327,315,-0.10724546760320663
43,103,327,268,-0.04895786941051483
43,104,327,271,-0.08562954515218735
43,105,327,272,0.07716713845729828
43,106,327,325,0.08324944227933884
43,107,327,319,0.11797331273555756
43,108,327,403,-0.07321223616600037
43,109,327,316,-0.10785608738660812
43,110,327,312,-0.04799165576696396
43,111,327,311,-0.05904542654752731
43,112,327,310,0.018316855654120445
43,113,327,415,0.06164860352873802
43,114,327,308,0.06614217907190323
43,115,327,324,0.07429221272468567
43,116,327,318,0.038381993770599365
43,117,327,402,-0.0970955416560173
43,118,327,317,-0.10717807710170746
44,45,326,0,-0.027065258473157883
44,46,326,37,0.023990118876099586
44,47,326,39,0.04238705337047577
44,48,326,40,0.049510132521390915
44,49,326,185,0.06218394264578819
44,50,326,61,-0.06870515644550323
44,51,326,146,0.05050986632704735
44,52,326,91,0.03680509328842163
44,53,326,181,-0.008291501551866531
44,54,326,84,-0.06913997232913971
44,55,326,17,-0.11401374638080597
44,56,326,11,-0.027360588312149048
44,57,326,72,0.016794715076684952
44,58,326,73,0.03743794560432434
44,59,326,74,0.04940631613135338
44,60,326,184,0.062218569219112396
44,61,326,77,0.05062209442257881
44,62,326,90,0.029873277992010117
44,63,326,180,-0.019185751676559448
44,64,326,85,-0.07005379348993301
44,65,326,16,-0.11006911098957062
44,66,326,12,-0.028079167008399963
44,67,326,38,0.01284664124250412
44,68,326,41,0.037919409573078156
44,69,326,42,0.04216708615422249
44,70,326,96,-0.22358189523220062
44,71,326,89,0.01799522340297699
44,72,326,179,-0.03334008529782295
44,73,326,86,-0.06998983025550842
44,74,326,15,-0.10460415482521057
44,75,326,13,-0.029358942061662674
44,76,326,82,0.015473635867238045
44,77,326,81,0.039581745862960815
44,78,326,80,0.03924764692783356
44,79,326,191,0.0568716898560524
44,80,326,78,0.009654408320784569
44,81,326,95,0.04034394770860672
44,82,326,88,0.02239302545785904
44,83,326,178,-0.01803622767329216
44,84,326,87,-0.06390552222728729
44,85,326,14,-0.09438708424568176
44,86,326,267,0.04219144582748413
44,87,326,269,0.09167234599590302
44,88,326,270,0.08987045288085938
44,89,326,409,0.0770091861486435
44,90,326,291,0.06084379181265831
44,91,326,375,0.10941565781831741
44,92,326,321,0.13454386591911316
44,93,326,405,0.15453606843948364
44,94,326,314,0.10722054541110992
44,95,326,302,0.04453109949827194
44,96,326,303,0.10047051310539246
44,97,326,304,0.08119189739227295
44,98,326,408,0.07307541370391846
44,99,326,307,0.10646602511405945
44,100,326,320,0.13673904538154602
44,101,326,404,0.16446925699710846
44,102,326,315,0.08841778337955475
44,103,326,268,0.019659770652651787
44,104,326,271,0.07850244641304016
44,105,326,272,0.08255879580974579
44,106,326,325,0.10684847831726074
44,107,326,319,0.1259828358888626
44,108,326,403,0.12731438875198364
44,109,326,316,0.07658186554908752
44,110,326,312,-0.024372851476073265
44,111,326,311,0.06246102228760719
44,112,326,310,0.07106786966323853
44,113,326,415,0.07626423239707947
44,114,326,308,0.05668707564473152
44,115,326,324,0.10101751238107681
44,116,326,318,0.11263340711593628
44,117,326,402,0.11636833101511002
44,118,326,317,-0.003924517426639795
45,46,0,37,0.058853767812252045
45,47,0,39,0.09653760492801666
45,48,0,40,0.11862816661596298
45,49,0,185,0.10465789586305618
45,50,0,61,0.08145952969789505
45,51,0,146,0.06706668436527252
45,52,0,91,0.03542899712920189
45,53,0,181,0.03430742770433426
45,54,0,84,-0.015257515013217926
45,55,0,17,0.04579877108335495
45,56,0,11,0.0024531646631658077
45,57,0,72,0.05207556486129761
45,58,0,73,0.09649699926376343
45,59,0,74,0.12442108988761902
45,60,0,184,0.09739232063293457
45,61,0,77,0.06742756068706512
45,62,0,90,0.0398997887969017
45,63,0,180,0.02708730474114418
45,64,0,85,-0.014357630163431168
45,65,0,16,0.04707754775881767
45,66,0,12,0.0013057217001914978
45,67,0,38,0.051784947514534
45,68,0,41,0.09570246934890747
45,69,0,42,0.10081405937671661
45,70,0,96,0.07022139430046082
45,71,0,89,0.04886934161186218
45,72,0,179,0.028857452794909477
45,73,0,86,-0.010589145123958588
45,74,0,15,0.037296395748853683
45,75,0,13,0.0024398239329457283
45,76,0,82,0.05803179368376732
45,77,0,81,0.09536155313253403
45,78,0,80,0.09182783961296082
45,79,0,191,0.09381058812141418
45,80,0,78,0.08121739327907562
45,81,0,95,0.06951408833265305
45,82,0,88,0.055881645530462265
45,83,0,178,0.027384895831346512
45,84,0,87,-0.007047874853014946
45,85,0,14,0.022206036373972893
45,86,0,267,0.03378523513674736
45,87,0,269,0.03980036452412605
45,88,0,270,0.07077156007289886
45,89,0,409,0.14519280195236206
45,90,0,291,0.05656299740076065
45,91,0,375,0.1457493007183075
45,92,0,321,0.10123153030872345
45,93,0,405,0.12945814430713654
45,94,0,314,0.10850606113672256
45,95,0,302,0.0379159152507782
45,96,0,303,0.058519329875707626
45,97,0,304,0.06397871673107147
45,98,0,408,0.056474123150110245
45,99,0,307,0.08984196186065674
45,100,0,320,0.10369454324245453
45,101,0,404,0.1254318803548813
45,102,0,315,0.12567059695720673
45,103,0,268,0.04741359129548073
45,104,0,271,0.062820665538311
45,105,0,272,0.0649566501379013
45,106,0,325,0.09052161127328873
45,107,0,319,0.1085164025425911
45,108,0,403,0.11366800218820572
45,109,0,316,0.10117604583501816
45,110,0,312,0.04010941460728645
45,111,0,311,0.05532510578632355
45,112,0,310,0.046890586614608765
45,113,0,415,0.05585993826389313
45,114,0,308,0.039971038699150085
45,115,0,324,0.06747321039438248
45,116,0,318,0.09146562218666077
45,117,0,402,0.0999019593000412
45,118,0,317,0.09382364153862
46,47,37,39,0.052956365048885345
46,48,37,40,0.09480424970388412
46,49,37,185,0.08942662924528122
46,50,37,61,0.08554895222187042
46,51,37,146,0.07175241410732269
46,52,37,91,0.03956526145339012
46,53,37,181,0.0016315802931785583
46,54,37,84,0.044472821056842804
46,55,37,17,0.13839536905288696
46,56,37,11,0.06389479339122772
46,57,37,72,-0.0030488907359540462
46,58,37,73,0.06195686012506485
46,59,37,74,0.09070248156785965
46,60,37,184,0.08037441968917847
46,61,37,77,0.06687919795513153
46,62,37,90,0.03769499436020851
46,63,37,180,0.0022116005420684814
46,64,37,85,0.05885343998670578
46,65,37,16,0.13215318322181702
46,66,37,12,0.0673912912607193
46,67,37,38,-0.0006874809041619301
46,68,37,41,0.053580690175294876
46,69,37,42,0.07396435737609863
46,70,37,96,0.05686541646718979
46,71,37,89,0.03729626163840294
46,72,37,179,0.002126650884747505
46,73,37,86,0.051505692303180695
46,74,37,15,0.12000826001167297
46,75,37,13,0.05970493704080582
46,76,37,82,-0.0006740565877407789
46,77,37,81,0.0446915403008461
46,78,37,80,0.06432289630174637
46,79,37,191,0.06273851543664932
46,80,37,78,0.05948024243116379
46,81,37,95,0.03125125914812088
46,82,37,88,0.0293852761387825
46,83,37,178,-0.0061364565044641495
46,84,37,87,0.04006056487560272
46,85,37,14,0.12847590446472168
46,86,37,267,0.07468126714229584
46,87,37,269,0.06668345630168915
46,88,37,270,0.05827401205897331
46,89,37,409,0.07059524953365326
46,90,37,291,0.05665375292301178
46,91,37,375,0.3105260133743286
46,92,37,321,0.11434309184551239
46,93,37,405,0.13503184914588928
46,94,37,314,0.15880349278450012
46,95,37,302,0.0736766904592514
46,96,37,303,0.08043637126684189
46,97,37,304,0.0680791586637497
46,98,37,408,0.06854774802923203
46,99,37,307,0.36340877413749695
46,100,37,320,0.12009590864181519
46,101,37,404,0.15273824334144592
46,102,37,315,0.15988577902317047
46,103,37,268,0.07760792970657349
46,104,37,271,0.0792822539806366
46,105,37,272,0.06052990257740021
46,106,37,325,0.08161196112632751
46,107,37,319,0.12482735514640808
46,108,37,403,0.1405709683895111
46,109,37,316,0.15012210607528687
46,110,37,312,0.08047515153884888
46,111,37,311,0.08486071228981018
46,112,37,310,0.06357474625110626
46,113,37,415,0.06329426914453506
46,114,37,308,0.05489982292056084
46,115,37,324,0.07437700778245926
46,116,37,318,0.1077868789434433
46,117,37,402,0.1283172070980072
46,118,37,317,0.1496628075838089
47,48,39,40,0.03782561421394348
47,49,39,185,0.07392866909503937
47,50,39,61,0.06914379447698593
47,51,39,146,0.05217472463846207
47,52,39,91,0.01929556019604206
47,53,39,181,0.03330261632800102
47,54,39,84,0.10468661785125732
47,55,39,17,0.18807873129844666
47,56,39,11,0.10030566155910492
47,57,39,72,0.05629028007388115
47,58,39,73,0.005405203439295292
47,59,39,74,0.04166116565465927
47,60,39,184,0.056844763457775116
47,61,39,77,0.03917120024561882
47,62,39,90,0.008562145754694939
47,63,39,180,0.045068174600601196
47,64,39,85,0.11123915761709213
47,65,39,16,0.18903997540473938
47,66,39,12,0.1028047651052475
47,67,39,38,0.06312721967697144
47,68,39,41,0.006419059820473194
47,69,39,42,0.025982964783906937
47,70,39,96,0.03694397211074829
47,71,39,89,-0.010544703342020512
47,72,39,179,0.054204247891902924
47,73,39,86,0.11442910879850388
47,74,39,15,0.18497006595134735
47,75,39,13,0.10604971647262573
47,76,39,82,0.06019064411520958
47,77,39,81,0.009142599999904633
47,78,39,80,0.0075051323510706425
47,79,39,191,0.04800841212272644
47,80,39,78,0.04550633952021599
47,81,39,95,0.012173437513411045
47,82,39,88,-0.008613500744104385
47,83,39,178,0.06491614878177643
47,84,39,87,0.10807473212480545
47,85,39,14,0.17357300221920013
47,86,39,267,0.08092654496431351
47,87,39,269,0.06636549532413483
47,88,39,270,0.06475692242383957
47,89,39,409,0.06161763519048691
47,90,39,291,0.46088728308677673
47,91,39,375,0.07613427191972733
47,92,39,321,0.09829604625701904
47,93,39,405,0.13605384528636932
47,94,39,314,0.18805907666683197
47,95,39,302,0.09385502338409424
47,96,39,303,0.0789932981133461
47,97,39,304,0.06892485916614532
47,98,39,408,0.06289447844028473
47,99,39,307,0.08354999870061874
47,100,39,320,0.10350397229194641
47,101,39,404,0.1425127387046814
47,102,39,315,0.19370883703231812
47,103,39,268,0.09702422469854355
47,104,39,271,0.09378321468830109
47,105,39,272,0.07360062748193741
47,106,39,325,0.08159049600362778
47,107,39,319,0.11274893581867218
47,108,39,403,0.1513194739818573
47,109,39,316,0.19458431005477905
47,110,39,312,0.1019732803106308
47,111,39,311,0.09830473363399506
47,112,39,310,0.07669258862733841
47,113,39,415,0.06874808669090271
47,114,39,308,0.06863348931074142
47,115,39,324,0.06943812966346741
47,116,39,318,0.10556289553642273
47,117,39,402,0.14702606201171875
47,118,39,317,0.1795947104692459
48,49,40,185,0.03140837699174881
48,50,40,61,0.028913628309965134
48,51,40,146,0.017662489786744118
48,52,40,91,0.00986622367054224
48,53,40,181,0.06397140026092529
48,54,40,84,0.12819288671016693
48,55,40,17,0.21925696730613708
48,56,40,11,0.13014687597751617
48,57,40,72,0.09716156125068665
48,58,40,73,0.053511571139097214
48,59,40,74,0.0060996925458312035
48,60,40,184,0.024797970429062843
48,61,40,77,0.00825494434684515
48,62,40,90,0.018432030454277992
48,63,40,180,0.0739486962556839
48,64,40,85,0.14397065341472626
48,65,40,16,0.2229403704404831
48,66,40,12,0.13309283554553986
48,67,40,38,0.09176967293024063
48,68,40,41,0.04843404144048691
48,69,40,42,0.01850413903594017
48,70,40,96,0.0008629267103970051
48,71,40,89,0.05089164152741432
48,72,40,179,0.09880237281322479
48,73,40,86,0.14802862703800201
48,74,40,15,0.22011949121952057
48,75,40,13,0.13208982348442078
48,76,40,82,0.09130211919546127
48,77,40,81,0.049970224499702454
48,78,40,80,0.012671188451349735
48,79,40,191,0.002148071536794305
48,80,40,78,0.011508680880069733
48,81,40,95,0.016695836558938026
48,82,40,88,0.05755835771560669
48,83,40,178,0.09668601304292679
48,84,40,87,0.1431368738412857
48,85,40,14,0.21653392910957336
48,86,40,267,0.11536899209022522
48,87,40,269,0.09313912689685822
48,88,40,270,0.06740619242191315
48,89,40,409,0.06541453301906586
48,90,40,291,0.07149530947208405
48,91,40,375,0.0820668488740921
48,92,40,321,0.07181490957736969
48,93,40,405,0.08369992673397064
48,94,40,314,0.20268282294273376
48,95,40,302,0.09763933718204498
48,96,40,303,0.09125722199678421
48,97,40,304,0.07350657880306244
48,98,40,408,0.06645218282938004
48,99,40,307,0.08673380315303802
48,100,40,320,0.1108892560005188
48,101,40,404,0.163906991481781
48,102,40,315,0.2123456746339798
48,103,40,268,0.10618086904287338
48,104,40,271,0.09811936318874359
48,105,40,272,0.08244694024324417
48,106,40,325,0.09062415361404419
48,107,40,319,0.12243464589118958
48,108,40,403,0.1637382060289383
48,109,40,316,0.20731301605701447
48,110,40,312,0.11344312131404877
48,111,40,311,0.09463921189308167
48,112,40,310,0.0881476178765297
48,113,40,415,0.07434646040201187
48,114,40,308,0.07130911946296692
48,115,40,324,0.07592827081680298
48,116,40,318,0.11646001040935516
48,117,40,402,0.1614128202199936
48,118,40,317,0.19392330944538116
49,50,185,61,0.0018801570404320955
49,51,185,146,0.0055879512801766396
49,52,185,91,0.045248448848724365
49,53,185,181,0.11558414250612259
49,54,185,84,0.16582031548023224
49,55,185,17,0.21553011238574982
49,56,185,11,0.10832482576370239
49,57,185,72,0.09045057743787766
49,58,185,73,0.0683298408985138
49,59,185,74,0.04393048956990242
49,60,185,184,0.008382023312151432
49,61,185,77,0.014678877778351307
49,62,185,90,0.05045361816883087
49,63,185,180,0.11855663359165192
49,64,185,85,0.17526991665363312
49,65,185,16,0.1886945366859436
49,66,185,12,0.10720477998256683
49,67,185,38,0.09538757801055908
49,68,185,41,0.07833947241306305
49,69,185,42,0.049905166029930115
49,70,185,96,0.03460463136434555
49,71,185,89,0.07809220999479294
49,72,185,179,0.12523099780082703
49,73,185,86,0.17974716424942017
49,74,185,15,0.21468336880207062
49,75,185,13,0.12024222314357758
49,76,185,82,0.09918981790542603
49,77,185,81,0.07547052204608917
49,78,185,80,0.04593596234917641
49,79,185,191,0.011181528680026531
49,80,185,78,0.01385008729994297
49,81,185,95,0.05112875998020172
49,82,185,88,0.07964503020048141
49,83,185,178,0.13960963487625122
49,84,185,87,0.17133109271526337
49,85,185,14,0.2921947240829468
49,86,185,267,0.09349802136421204
49,87,185,269,0.08072450011968613
49,88,185,270,0.08950235694646835
49,89,185,409,0.07145286351442337
49,90,185,291,0.06690952181816101
49,91,185,375,0.09297697991132736
49,92,185,321,0.08669055998325348
49,93,185,405,0.0915743038058281
49,94,185,314,0.1989939957857132
49,95,185,302,0.1008107140660286
49,96,185,303,0.08275966346263885
49,97,185,304,0.09609708935022354
49,98,185,408,0.08988357335329056
49,99,185,307,0.09687845408916473
49,100,185,320,0.08531351387500763
49,101,185,404,0.0953521877527237
49,102,185,315,0.19140997529029846
49,103,185,268,0.10538775473833084
49,104,185,271,0.09342613816261292
49,105,185,272,0.09485036134719849
49,106,185,325,0.09889169782400131
49,107,185,319,0.12173010408878326
49,108,185,403,0.1646823287010193
49,109,185,316,0.20835593342781067
49,110,185,312,0.10488149523735046
49,111,185,311,0.09360943734645844
49,112,185,310,0.09590668976306915
49,113,185,415,0.07027886807918549
49,114,185,308,0.06914088129997253
49,115,185,324,0.10255108028650284
49,116,185,318,0.08276671916246414
49,117,185,402,0.16359511017799377
49,118,185,317,0.18886561691761017
50,51,61,146,0.020879559218883514
50,52,61,91,0.06151659041643143
50,53,61,181,0.10177011042833328
50,54,61,84,0.1540229618549347
50,55,61,17,0.18053694069385529
50,56,61,11,0.08826550841331482
50,57,61,72,0.0866488441824913
50,58,61,73,0.06935398280620575
50,59,61,74,0.04606747627258301
50,60,61,184,0.01257060281932354
50,61,61,77,0.029506681486964226
50,62,61,90,0.06202085316181183
50,63,61,180,0.11647960543632507
50,64,61,85,0.1533212959766388
50,65,61,16,0.19515712559223175
50,66,61,12,0.0933578833937645
50,67,61,38,0.0709436684846878
50,68,61,41,0.07235874235630035
50,69,61,42,0.05670839548110962
50,70,61,96,0.04395389184355736
50,71,61,89,0.08115256577730179
50,72,61,179,0.1395653635263443
50,73,61,86,0.16271443665027618
50,74,61,15,0.1916314661502838
50,75,61,13,0.10113266110420227
50,76,61,82,0.0729919970035553
50,77,61,81,0.06688050925731659
50,78,61,80,0.05208481848239899
50,79,61,191,0.02630206197500229
50,80,61,78,0.019301407039165497
50,81,61,95,0.061274006962776184
50,82,61,88,0.08418573439121246
50,83,61,178,0.13145260512828827
50,84,61,87,0.16238145530223846
50,85,61,14,0.15259091556072235
50,86,61,267,0.07465781271457672
50,87,61,269,0.06717764586210251
50,88,61,270,0.07589974254369736
50,89,61,409,0.07631748914718628
50,90,61,291,0.06327982246875763
50,91,61,375,-0.021877899765968323
50,92,61,321,0.06796035915613174
50,93,61,405,0.09869970381259918
50,94,61,314,0.1386285424232483
50,95,61,302,0.07997787743806839
50,96,61,303,0.08158023655414581
50,97,61,304,0.09239150583744049
50,98,61,408,0.08479012548923492
50,99,61,307,0.10561493039131165
50,100,61,320,0.13758830726146698
50,101,61,404,0.1456432044506073
50,102,61,315,0.046469591557979584
50,103,61,268,0.08248384296894073
50,104,61,271,0.07774768769741058
50,105,61,272,0.09513264894485474
50,106,61,325,0.11215342581272125
50,107,61,319,0.14112161099910736
50,108,61,403,0.13179737329483032
50,109,61,316,0.09683537483215332
50,110,61,312,0.0974721759557724
50,111,61,311,0.09895865619182587
50,112,61,310,-0.0745667964220047
50,113,61,415,-0.9289039969444275
50,114,61,308,-1.0593878030776978
50,115,61,324,0.11876648664474487
50,116,61,318,0.12158897519111633
50,117,61,402,0.1420319378376007
50,118,61,317,0.1651981621980667
51,52,146,91,0.04391086846590042
51,53,146,181,0.10998059809207916
51,54,146,84,0.1496640294790268
51,55,146,17,0.20251677930355072
51,56,146,11,0.08128249645233154
51,57,146,72,0.07500022649765015
51,58,146,73,0.05860171467065811
51,59,146,74,0.028176050633192062
51,60,146,184,0.0032861786894500256
51,61,146,77,0.007030330132693052
51,62,146,90,0.049096088856458664
51,63,146,180,0.11318504810333252
51,64,146,85,0.17095261812210083
51,65,146,16,0.21012888848781586
51,66,146,12,0.07241277396678925
51,67,146,38,0.07067981362342834
51,68,146,41,0.056068409234285355
51,69,146,42,0.026695745065808296
51,70,146,96,0.01766171306371689
51,71,146,89,0.07112661004066467
51,72,146,179,0.1318865567445755
51,73,146,86,0.168657585978508
51,74,146,15,0.20644162595272064
51,75,146,13,0.08391006290912628
51,76,146,82,0.08074083179235458
51,77,146,81,0.05296478793025017
51,78,146,80,0.027259182184934616
51,79,146,191,0.004434864968061447
51,80,146,78,0.011711809784173965
51,81,146,95,0.0254689808934927
51,82,146,88,0.07764898240566254
51,83,146,178,0.13795526325702667
51,84,146,87,0.16341930627822876
51,85,146,14,0.19422054290771484
51,86,146,267,0.06351432204246521
51,87,146,269,0.06059807166457176
51,88,146,270,0.0804581344127655
51,89,146,409,0.07263095676898956
51,90,146,291,0.06789258122444153
51,91,146,375,0.04074638709425926
51,92,146,321,0.04650454968214035
51,93,146,405,0.13481387495994568
51,94,146,314,0.17353376746177673
51,95,146,302,0.06559009850025177
51,96,146,303,0.06315729022026062
51,97,146,304,0.07657834887504578
51,98,146,408,0.06542682647705078
51,99,146,307,0.06837618350982666
51,100,146,320,0.12738379836082458
51,101,146,404,0.1544492244720459
51,102,146,315,0.18024830520153046
51,103,146,268,0.08890938013792038
51,104,146,271,0.08060073107481003
51,105,146,272,0.07692356407642365
51,106,146,325,0.0801028311252594
51,107,146,319,0.11799339950084686
51,108,146,403,0.1578179895877838
51,109,146,316,0.16878794133663177
51,110,146,312,0.09209820628166199
51,111,146,311,0.08380955457687378
51,112,146,310,0.08161421865224838
51,113,146,415,0.06373469531536102
51,114,146,308,0.05206627398729324
51,115,146,324,0.07310467958450317
51,116,146,318,0.10725737363100052
51,117,146,402,0.13720263540744781
51,118,146,317,0.15959729254245758
52,53,91,181,0.06168128550052643
52,54,91,84,0.12910915911197662
52,55,91,17,0.18359684944152832
52,56,91,11,0.05426648631691933
52,57,91,72,0.036811117082834244
52,58,91,73,0.023657716810703278
52,59,91,74,0.007663397584110498
52,60,91,184,0.05854441225528717
52,61,91,77,0.042411088943481445
52,62,91,90,0.010784782469272614
52,63,91,180,0.06936558336019516
52,64,91,85,0.1441010981798172
52,65,91,16,0.188893124461174
52,66,91,12,0.05415312573313713
52,67,91,38,0.04961990565061569
52,68,91,41,0.020787298679351807
52,69,91,42,-0.010227495804429054
52,70,91,96,0.03154066205024719
52,71,91,89,0.015663277357816696
52,72,91,179,0.08306848257780075
52,73,91,86,0.1385297179222107
52,74,91,15,0.182124525308609
52,75,91,13,0.06244908645749092
52,76,91,82,0.041564978659152985
52,77,91,81,0.018788330256938934
52,78,91,80,-0.010488959029316902
52,79,91,191,0.02899021841585636
52,80,91,78,0.03354426473379135
52,81,91,95,0.005609048530459404
52,82,91,88,0.012826134450733662
52,83,91,178,0.07207776606082916
52,84,91,87,0.12455818057060242
52,85,91,14,0.16632698476314545
52,86,91,267,0.04246358945965767
52,87,91,269,0.04012064263224602
52,88,91,270,0.04505838826298714
52,89,91,409,0.01933204010128975
52,90,91,291,0.01772143691778183
52,91,91,375,0.07196222245693207
52,92,91,321,0.08451198786497116
52,93,91,405,0.13028426468372345
52,94,91,314,0.1558394432067871
52,95,91,302,0.04855211451649666
52,96,91,303,0.048441484570503235
52,97,91,304,0.04579407721757889
52,98,91,408,0.03730194643139839
52,99,91,307,0.06014286354184151
52,100,91,320,0.08226283639669418
52,101,91,404,0.1321069300174713
52,102,91,315,0.16295728087425232
52,103,91,268,0.04604873061180115
52,104,91,271,0.05835650488734245
52,105,91,272,0.05297284573316574
52,106,91,325,0.06532207876443863
52,107,91,319,0.08673099428415298
52,108,91,403,0.12031741440296173
52,109,91,316,0.14604640007019043
52,110,91,312,0.06707224994897842
52,111,91,311,0.05515281856060028
52,112,91,310,0.06024056300520897
52,113,91,415,0.03848308324813843
52,114,91,308,0.027213457971811295
52,115,91,324,0.054480042308568954
52,116,91,318,0.07622162252664566
52,117,91,402,0.10918233543634415
52,118,91,317,0.13374456763267517
53,54,181,84,0.0822293609380722
53,55,181,17,0.1414656788110733
53,56,181,11,0.031454913318157196
53,57,181,72,0.014326729811728
53,58,181,73,0.024681799113750458
53,59,181,74,0.06937602162361145
53,60,181,184,0.0937265157699585
53,61,181,77,0.09927726536989212
53,62,181,90,0.06058337539434433
53,63,181,180,0.010209448635578156
53,64,181,85,0.09159791469573975
53,65,181,16,0.1518436074256897
53,66,181,12,0.03437647223472595
53,67,181,38,0.00844082422554493
53,68,181,41,-0.02354632504284382
53,69,181,42,0.07014098018407822
53,70,181,96,0.0811225026845932
53,71,181,89,0.0453314371407032
53,72,181,179,0.007226601708680391
53,73,181,86,0.07803113013505936
53,74,181,15,0.14356312155723572
53,75,181,13,0.02980799600481987
53,76,181,82,-0.002040620893239975
53,77,181,81,-0.04152494668960571
53,78,181,80,0.06434247642755508
53,79,181,191,0.09006649255752563
53,80,181,78,0.08644264936447144
53,81,181,95,0.044956278055906296
53,82,181,88,0.03786216676235199
53,83,181,178,0.009915992617607117
53,84,181,87,0.06986008584499359
53,85,181,14,0.12227769941091537
53,86,181,267,0.022073470056056976
53,87,181,269,0.0236478541046381
53,88,181,270,0.015704825520515442
53,89,181,409,-0.0027129128575325012
53,90,181,291,-0.01571314036846161
53,91,181,375,0.4875701069831848
53,92,181,321,0.05929639935493469
53,93,181,405,0.07427904009819031
53,94,181,314,0.10569041967391968
53,95,181,302,0.032992467284202576
53,96,181,303,0.024725819006562233
53,97,181,304,0.004374474287033081
53,98,181,408,0.01369539275765419
53,99,181,307,0.812983512878418
53,100,181,320,0.06929798424243927
53,101,181,404,0.0818171352148056
53,102,181,315,0.11896438896656036
53,103,181,268,0.03459051251411438
53,104,181,271,0.022890489548444748
53,105,181,272,0.015077468007802963
53,106,181,325,0.033908914774656296
53,107,181,319,0.06322752684354782
53,108,181,403,0.08096632361412048
53,109,181,316,0.11604886502027512
53,110,181,312,0.03859779238700867
53,111,181,311,0.02200978994369507
53,112,181,310,0.017107762396335602
53,113,181,415,0.05495506897568703
53,114,181,308,-0.004608944058418274
53,115,181,324,-1.5119926929473877
53,116,181,318,0.059987470507621765
53,117,181,402,0.07122024148702621
53,118,181,317,0.09593510627746582
54,55,84,17,0.08977265655994415
54,56,84,11,-0.007265273481607437
54,57,84,72,0.03753156587481499
54,58,84,73,0.09784756600856781
54,59,84,74,0.13032123446464539
54,60,84,184,0.1743721216917038
54,61,84,77,0.14398729801177979
54,62,84,90,0.13279026746749878
54,63,84,180,0.07078991830348969
54,64,84,85,0.009454429149627686
54,65,84,16,0.09755712002515793
54,66,84,12,-0.005986833944916725
54,67,84,38,-0.005848175846040249
54,68,84,41,0.09687615185976028
54,69,84,42,0.12912997603416443
54,70,84,96,0.13508746027946472
54,71,84,89,0.11417988687753677
54,72,84,179,0.061039671301841736
54,73,84,86,0.012595966458320618
54,74,84,15,0.08435400575399399
54,75,84,13,-0.015967659652233124
54,76,84,82,-0.03169320896267891
54,77,84,81,0.0986456349492073
54,78,84,80,0.11295002698898315
54,79,84,191,0.1333474963903427
54,80,84,78,0.13933588564395905
54,81,84,95,0.11986212432384491
54,82,84,88,0.09699532389640808
54,83,84,178,0.05805094912648201
54,84,84,87,-0.0007828334346413612
54,85,84,14,0.06272236257791519
54,86,84,267,-0.0003055855631828308
54,87,84,269,-0.003948293626308441
54,88,84,270,-0.009322352707386017
54,89,84,409,-0.007294453680515289
54,90,84,291,-0.014803335070610046
54,91,84,375,0.3168836236000061
54,92,84,321,0.04270545393228531
54,93,84,405,0.05721035972237587
54,94,84,314,0.07842755317687988
54,95,84,302,-0.0007988922297954559
54,96,84,303,-0.0023987554013729095
54,97,84,304,-0.008704274892807007
54,98,84,408,-0.00011937320232391357
54,99,84,307,0.45773839950561523
54,100,84,320,0.045586101710796356
54,101,84,404,0.06489533185958862
54,102,84,315,0.09192362427711487
54,103,84,268,-0.0020159445703029633
54,104,84,271,-0.00524495542049408
54,105,84,272,-0.007380299270153046
54,106,84,325,0.011758346110582352
54,107,84,319,0.043069176375865936
54,108,84,403,0.057918302714824677
54,109,84,316,0.08138714730739594
54,110,84,312,-0.0030476413667201996
54,111,84,311,-0.014430772513151169
54,112,84,310,-0.013540677726268768
54,113,84,415,-0.0137566477060318
54,114,84,308,-0.007496349513530731
54,115,84,324,0.018772345036268234
54,116,84,318,0.03614456579089165
54,117,84,402,0.04690035805106163
54,118,84,317,0.056146033108234406
55,56,17,11,0.03662050887942314
55,57,17,72,0.13433502614498138
55,58,17,73,0.17766894400119781
55,59,17,74,0.22177055478096008
55,60,17,184,0.2065979391336441
55,61,17,77,0.1910150647163391
55,62,17,90,0.1937715709209442
55,63,17,180,0.14468663930892944
55,64,17,85,0.08650054037570953
55,65,17,16,0.012532399967312813
55,66,17,12,0.030206501483917236
55,67,17,38,0.1306452602148056
55,68,17,41,0.1706366091966629
55,69,17,42,0.19685295224189758
55,70,17,96,0.17967504262924194
55,71,17,89,0.17055611312389374
55,72,17,179,0.13465891778469086
55,73,17,86,0.08784475922584534
55,74,17,15,0.00031966972164809704
55,75,17,13,0.04298578202724457
55,76,17,82,0.12358390539884567
55,77,17,81,0.15637727081775665
55,78,17,80,0.1748061180114746
55,79,17,191,0.18403834104537964
55,80,17,78,0.18021853268146515
55,81,17,95,0.1573248654603958
55,82,17,88,0.16803498566150665
55,83,17,178,0.13950274884700775
55,84,17,87,0.08830031752586365
55,85,17,14,0.004940970800817013
55,86,17,267,-0.050800543278455734
55,87,17,269,-0.05929362028837204
55,88,17,270,-0.04923175647854805
55,89,17,409,-0.0457911342382431
55,90,17,291,-0.04057139903306961
55,91,17,375,0.10086362063884735
55,92,17,321,0.025137467309832573
55,93,17,405,0.037644751369953156
55,94,17,314,0.043155089020729065
55,95,17,302,-0.045047204941511154
55,96,17,303,-0.04676022380590439
55,97,17,304,-0.05819153040647507
55,98,17,408,-0.05053684115409851
55,99,17,307,-0.003601551055908203
55,100,17,320,0.018858924508094788
55,101,17,404,0.0453125536441803
55,102,17,315,0.04344021901488304
55,103,17,268,-0.04728318750858307
55,104,17,271,-0.05332775041460991
55,105,17,272,-0.048979923129081726
55,106,17,325,-0.0035761557519435883
55,107,17,319,0.01616344228386879
55,108,17,403,0.0290713869035244
55,109,17,316,0.029089253395795822
55,110,17,312,-0.058670032769441605
55,111,17,311,-0.05442105233669281
55,112,17,310,-0.05428607761859894
55,113,17,415,-0.05177111178636551
55,114,17,308,-0.04073357209563255
55,115,17,324,-0.027316004037857056
55,116,17,318,0.0019966475665569305
55,117,17,402,0.006361436098814011
55,118,17,317,0.01201782375574112
56,57,11,72,0.061105579137802124
56,58,11,73,0.10647553205490112
56,59,11,74,0.12314411997795105
56,60,11,184,0.10235950350761414
56,61,11,77,0.07723841071128845
56,62,11,90,0.05236157774925232
56,63,11,180,0.031069086864590645
56,64,11,85,-0.009703189134597778
56,65,11,16,0.04070506617426872
56,66,11,12,-0.001723538269288838
56,67,11,38,0.05841897428035736
56,68,11,41,0.10520952939987183
56,69,11,42,0.10834956169128418
56,70,11,96,0.07972580194473267
56,71,11,89,0.054212816059589386
56,72,11,179,0.03520805388689041
56,73,11,86,-0.005421247333288193
56,74,11,15,0.0195376705378294
56,75,11,13,0.0023685507476329803
56,76,11,82,0.0672706663608551
56,77,11,81,0.09740400314331055
56,78,11,80,0.09450983256101608
56,79,11,191,0.10362066328525543
56,80,11,78,0.08909822255373001
56,81,11,95,0.07656579464673996
56,82,11,88,0.06004208326339722
56,83,11,178,0.0346028134226799
56,84,11,87,0.007389277219772339
56,85,11,14,0.020278453826904297
56,86,11,267,0.030633633956313133
56,87,11,269,0.03880389779806137
56,88,11,270,0.05948241800069809
56,89,11,409,0.1516963392496109
56,90,11,291,0.05037630349397659
56,91,11,375,0.2801049053668976
56,92,11,321,0.09614596515893936
56,93,11,405,0.12327291071414948
56,94,11,314,0.10758261382579803
56,95,11,302,0.03236755356192589
56,96,11,303,0.048409298062324524
56,97,11,304,0.06185172498226166
56,98,11,408,0.04989945888519287
56,99,11,307,0.09503325819969177
56,100,11,320,0.10226690769195557
56,101,11,404,0.12209319323301315
56,102,11,315,0.11840134859085083
56,103,11,268,0.04161323606967926
56,104,11,271,0.054254867136478424
56,105,11,272,0.05482267215847969
56,106,11,325,0.08875499665737152
56,107,11,319,0.1000848263502121
56,108,11,403,0.10402961075305939
56,109,11,316,0.09667234867811203
56,110,11,312,0.04082150012254715
56,111,11,311,0.0497085303068161
56,112,11,310,0.046479303389787674
56,113,11,415,0.05420917645096779
56,114,11,308,0.036218397319316864
56,115,11,324,0.06137831509113312
56,116,11,318,0.08573809266090393
56,117,11,402,0.09682615846395493
56,118,11,317,0.08820246905088425
57,58,72,73,0.05283157154917717
57,59,72,74,0.09232411533594131
57,60,72,184,0.08555268496274948
57,61,72,77,0.07369977235794067
57,62,72,90,0.044007085263729095
57,63,72,180,0.007496234029531479
57,64,72,85,0.05535421520471573
57,65,72,16,0.1316514015197754
57,66,72,12,0.06024664640426636
57,67,72,38,0.001799371442757547
57,68,72,41,0.04687977954745293
57,69,72,42,0.07715348899364471
57,70,72,96,0.06488987803459167
57,71,72,89,0.03792804107069969
57,72,72,179,0.0012440048158168793
57,73,72,86,0.04920561984181404
57,74,72,15,0.13470564782619476
57,75,72,13,0.056304559111595154
57,76,72,82,0.011547381058335304
57,77,72,81,0.047471147030591965
57,78,72,80,0.07427959889173508
57,79,72,191,0.06666410714387894
57,80,72,78,0.07062124460935593
57,81,72,95,0.04849373176693916
57,82,72,88,0.030900444835424423
57,83,72,178,0.004241698421537876
57,84,72,87,0.0402473621070385
57,85,72,14,0.12325148284435272
57,86,72,267,0.06822258234024048
57,87,72,269,0.059637486934661865
57,88,72,270,0.05907442420721054
57,89,72,409,0.068268321454525
57,90,72,291,0.05228984355926514
57,91,72,375,0.09757418185472488
57,92,72,321,0.10594683885574341
57,93,72,405,0.13458742201328278
57,94,72,314,0.15831071138381958
57,95,72,302,0.06802041828632355
57,96,72,303,0.07703889906406403
57,97,72,304,0.06838791072368622
57,98,72,408,0.06687089055776596
57,99,72,307,0.09251571446657181
57,100,72,320,0.11539001762866974
57,101,72,404,0.14327296614646912
57,102,72,315,0.1592443883419037
57,103,72,268,0.07314176112413406
57,104,72,271,0.0757698342204094
57,105,72,272,0.06783019006252289
57,106,72,325,0.08741367608308792
57,107,72,319,0.12732067704200745
57,108,72,403,0.1405133455991745
57,109,72,316,0.14885325729846954
57,110,72,312,0.07926219701766968
57,111,72,311,0.0758952647447586
57,112,72,310,0.061615586280822754
57,113,72,415,0.056575991213321686
57,114,72,308,0.06128530576825142
57,115,72,324,0.06627705693244934
57,116,72,318,0.09768246114253998
57,117,72,402,0.13042771816253662
57,118,72,317,0.14566776156425476
58,59,73,74,0.03510390594601631
58,60,73,184,0.06465126574039459
58,61,73,77,0.040170811116695404
58,62,73,90,0.010237302631139755
58,63,73,180,0.03947550430893898
58,64,73,85,0.11264332383871078
58,65,73,16,0.18259967863559723
58,66,73,12,0.10375664383172989
58,67,73,38,0.05224776268005371
58,68,73,41,0.012331077829003334
58,69,73,42,0.03112630918622017
58,70,73,96,0.03751322627067566
58,71,73,89,-0.002623962238430977
58,72,73,179,0.04476604610681534
58,73,73,86,0.11899010092020035
58,74,73,15,0.17032364010810852
58,75,73,13,0.11307521164417267
58,76,73,82,0.05419687181711197
58,77,73,81,0.011508275754749775
58,78,73,80,0.02509348653256893
58,79,73,191,0.05182604119181633
58,80,73,78,0.05924651399254799
58,81,73,95,0.012969909235835075
58,82,73,88,-0.014754213392734528
58,83,73,178,0.04865514859557152
58,84,73,87,0.09577237814664841
58,85,73,14,0.16969610750675201
58,86,73,267,0.09010657668113708
58,87,73,269,0.06907348334789276
58,88,73,270,0.05776916444301605
58,89,73,409,0.0615788996219635
58,90,73,291,0.48278146982192993
58,91,73,375,0.08247160911560059
58,92,73,321,0.10126680880784988
58,93,73,405,0.14526516199111938
58,94,73,314,0.1901950240135193
58,95,73,302,0.086391881108284
58,96,73,303,0.08542705327272415
58,97,73,304,0.06780394911766052
58,98,73,408,0.07272651046514511
58,99,73,307,0.08519633114337921
58,100,73,320,0.10943272709846497
58,101,73,404,0.145694762468338
58,102,73,315,0.20011407136917114
58,103,73,268,0.08816364407539368
58,104,73,271,0.0899953693151474
58,105,73,272,0.0722350925207138
58,106,73,325,0.08249350637197495
58,107,73,319,0.11270787566900253
58,108,73,403,0.1532163918018341
58,109,73,316,0.19254177808761597
58,110,73,312,0.09652657806873322
58,111,73,311,0.08579585701227188
58,112,73,310,0.06852187216281891
58,113,73,415,0.07084067910909653
58,114,73,308,0.06851188093423843
58,115,73,324,0.07881582528352737
58,116,73,318,0.1047777384519577
58,117,73,402,0.15664637088775635
58,118,73,317,0.17623311281204224
59,60,74,184,0.03990520164370537
59,61,74,77,0.01299107726663351
59,62,74,90,0.016357118263840675
59,63,74,180,0.06963274627923965
59,64,74,85,0.14473684132099152
59,65,74,16,0.22000059485435486
59,66,74,12,0.1315527856349945
59,67,74,38,0.1003582626581192
59,68,74,41,0.04460359364748001
59,69,74,42,0.011975208297371864
59,70,74,96,0.0035102060064673424
59,71,74,89,0.0323745459318161
59,72,74,179,0.07984264194965363
59,73,74,86,0.14228405058383942
59,74,74,15,0.21232327818870544
59,75,74,13,0.12796516716480255
59,76,74,82,0.09837610274553299
59,77,74,81,0.04568932577967644
59,78,74,80,0.011196517385542393
59,79,74,191,0.00848641898483038
59,80,74,78,0.021462801843881607
59,81,74,95,-0.009417402558028698
59,82,74,88,0.04465917870402336
59,83,74,178,0.08783140778541565
59,84,74,87,0.13772596418857574
59,85,74,14,0.1993614137172699
59,86,74,267,0.09216088056564331
59,87,74,269,0.08948659896850586
59,88,74,270,0.07095753401517868
59,89,74,409,0.06784389913082123
59,90,74,291,0.06954695284366608
59,91,74,375,0.08728059381246567
59,92,74,321,0.07772906124591827
59,93,74,405,0.09872481971979141
59,94,74,314,0.2071424424648285
59,95,74,302,0.10434237122535706
59,96,74,303,0.08815529197454453
59,97,74,304,0.08121563494205475
59,98,74,408,0.07029833644628525
59,99,74,307,0.09551083296537399
59,100,74,320,0.11634620279073715
59,101,74,404,0.1749247908592224
59,102,74,315,0.21000009775161743
59,103,74,268,0.11314818263053894
59,104,74,271,0.09041950851678848
59,105,74,272,0.08099696040153503
59,106,74,325,0.08517967909574509
59,107,74,319,0.1204724907875061
59,108,74,403,0.1614239662885666
59,109,74,316,0.20910285413265228
59,110,74,312,0.1073703020811081
59,111,74,311,0.097034752368927
59,112,74,310,0.08245643973350525
59,113,74,415,0.07097092270851135
59,114,74,308,0.06763550639152527
59,115,74,324,0.08626621961593628
59,116,74,318,0.11488202214241028
59,117,74,402,0.15533053874969482
59,118,74,317,0.19682762026786804
60,61,184,77,0.010199390351772308
60,62,184,90,0.045728616416454315
60,63,184,180,0.12052816152572632
60,64,184,85,0.17898941040039062
60,65,184,16,0.21976931393146515
60,66,184,12,0.09935362637042999
60,67,184,38,0.08799583464860916
60,68,184,41,0.06810668110847473
60,69,184,42,0.04341968521475792
60,70,184,96,0.020572923123836517
60,71,184,89,0.07029982656240463
60,72,184,179,0.12136730551719666
60,73,184,86,0.17779086530208588
60,74,184,15,0.20828434824943542
60,75,184,13,0.11251874268054962
60,76,184,82,0.09584656357765198
60,77,184,81,0.07681720703840256
60,78,184,80,0.04576471820473671
60,79,184,191,0.010597383603453636
60,80,184,78,-0.004777601454406977
60,81,184,95,0.04694194346666336
60,82,184,88,0.07784353941679001
60,83,184,178,0.1184857115149498
60,84,184,87,0.17527084052562714
60,85,184,14,0.20665886998176575
60,86,184,267,0.09564919769763947
60,87,184,269,0.08083906769752502
60,88,184,270,0.08777796477079391
60,89,184,409,0.08473853766918182
60,90,184,291,0.06566662341356277
60,91,184,375,0.09674543887376785
60,92,184,321,0.0846434161067009
60,93,184,405,0.14076842367649078
60,94,184,314,0.2020111232995987
60,95,184,302,0.09141809493303299
60,96,184,303,0.08682358264923096
60,97,184,304,0.08846840262413025
60,98,184,408,0.08201321959495544
60,99,184,307,0.09450285136699677
60,100,184,320,0.1348804235458374
60,101,184,404,0.159359410405159
60,102,184,315,0.20146608352661133
60,103,184,268,0.09894908219575882
60,104,184,271,0.08453512191772461
60,105,184,272,0.09801854193210602
60,106,184,325,0.09718209505081177
60,107,184,319,0.1376056969165802
60,108,184,403,0.16763564944267273
60,109,184,316,0.19757983088493347
60,110,184,312,0.09936007857322693
60,111,184,311,0.10018061101436615
60,112,184,310,0.0877339094877243
60,113,184,415,0.07063987106084824
60,114,184,308,0.06868399679660797
60,115,184,324,0.09297916293144226
60,116,184,318,0.105928435921669
60,117,184,402,0.15218043327331543
60,118,184,317,0.18679898977279663
61,62,77,90,0.042714521288871765
61,63,77,180,0.11271223425865173
61,64,77,85,0.15019184350967407
61,65,77,16,0.198772132396698
61,66,77,12,0.08156220614910126
61,67,77,38,0.07149951159954071
61,68,77,41,0.04890715703368187
61,69,77,42,0.03095824085175991
61,70,77,96,0.011302679777145386
61,71,77,89,0.05654530227184296
61,72,77,179,0.11941792070865631
61,73,77,86,0.1677670180797577
61,74,77,15,0.19427815079689026
61,75,77,13,0.08542613685131073
61,76,77,82,0.061818718910217285
61,77,77,81,0.04707951098680496
61,78,77,80,0.02705952897667885
61,79,77,191,-0.002702130004763603
61,80,77,78,0.005644180811941624
61,81,77,95,0.02556556463241577
61,82,77,88,0.0679396465420723
61,83,77,178,0.1203768402338028
61,84,77,87,0.1613592952489853
61,85,77,14,0.17271021008491516
61,86,77,267,0.0647132396697998
61,87,77,269,0.06545951962471008
61,88,77,270,0.07287751138210297
61,89,77,409,0.07449322193861008
61,90,77,291,0.0618293359875679
61,91,77,375,0.07537779211997986
61,92,77,321,0.12222017347812653
61,93,77,405,0.15166550874710083
61,94,77,314,0.17434772849082947
61,95,77,302,0.07175973802804947
61,96,77,303,0.05598961561918259
61,97,77,304,0.07160692662000656
61,98,77,408,0.06871680170297623
61,99,77,307,0.06746670603752136
61,100,77,320,0.12197573482990265
61,101,77,404,0.16019293665885925
61,102,77,315,0.17610326409339905
61,103,77,268,0.08242104947566986
61,104,77,271,0.07996426522731781
61,105,77,272,0.07675180584192276
61,106,77,325,0.07844708114862442
61,107,77,319,0.11012353003025055
61,108,77,403,0.15447783470153809
61,109,77,316,0.1735909879207611
61,110,77,312,0.09130692481994629
61,111,77,311,0.08041610568761826
61,112,77,310,0.08423870801925659
61,113,77,415,0.068186454474926
61,114,77,308,0.03296755254268646
61,115,77,324,0.07834408432245255
61,116,77,318,0.113299660384655
61,117,77,402,0.13594581186771393
61,118,77,317,0.15430405735969543
62,63,90,180,0.06024932116270065
62,64,90,85,0.1391153782606125
62,65,90,16,0.1920703947544098
62,66,90,12,0.05703514441847801
62,67,90,38,0.032234691083431244
62,68,90,41,0.024522431194782257
62,69,90,42,-0.00932283140718937
62,70,90,96,0.034152526408433914
62,71,90,89,0.01563424989581108
62,72,90,179,0.0657375231385231
62,73,90,86,0.1254217028617859
62,74,90,15,0.1891448199748993
62,75,90,13,0.060017965734004974
62,76,90,82,0.04042075574398041
62,77,90,81,0.017808614298701286
62,78,90,80,-0.015191138722002506
62,79,90,191,0.04152841493487358
62,80,90,78,0.04438592866063118
62,81,90,95,0.023756198585033417
62,82,90,88,0.011147277429699898
62,83,90,178,0.07253186404705048
62,84,90,87,0.1284768134355545
62,85,90,14,0.17042352259159088
62,86,90,267,0.03777259588241577
62,87,90,269,0.04612456262111664
62,88,90,270,0.04800419136881828
62,89,90,409,0.03100515529513359
62,90,90,291,0.03195929899811745
62,91,90,375,0.06942099332809448
62,92,90,321,0.09783254563808441
62,93,90,405,0.11922191083431244
62,94,90,314,0.16717669367790222
62,95,90,302,0.04495774209499359
62,96,90,303,0.06062436103820801
62,97,90,304,0.058254558593034744
62,98,90,408,0.04698139429092407
62,99,90,307,0.06331105530261993
62,100,90,320,0.10544848442077637
62,101,90,404,0.13881561160087585
62,102,90,315,0.16879580914974213
62,103,90,268,0.04840661585330963
62,104,90,271,0.05602649971842766
62,105,90,272,0.06343048065900803
62,106,90,325,0.06775359809398651
62,107,90,319,0.09646840393543243
62,108,90,403,0.1347716748714447
62,109,90,316,0.15980848670005798
62,110,90,312,0.059489667415618896
62,111,90,311,0.05807360261678696
62,112,90,310,0.05667765811085701
62,113,90,415,0.04654737189412117
62,114,90,308,0.0254853256046772
62,115,90,324,0.06638612598180771
62,116,90,318,0.09172150492668152
62,117,90,402,0.10785304009914398
62,118,90,317,0.14236187934875488
63,64,180,85,0.07748918235301971
63,65,180,16,0.15641164779663086
63,66,180,12,0.03105545975267887
63,67,180,38,0.0016478784382343292
63,68,180,41,-0.004041878506541252
63,69,180,42,0.0756869837641716
63,70,180,96,0.08992891013622284
63,71,180,89,0.048866380006074905
63,72,180,179,0.009860895574092865
63,73,180,86,0.0788220763206482
63,74,180,15,0.14886656403541565
63,75,180,13,0.028163835406303406
63,76,180,82,-0.005288939923048019
63,77,180,81,-0.04056369513273239
63,78,180,80,0.07079197466373444
63,79,180,191,0.09483375400304794
63,80,180,78,0.09162948280572891
63,81,180,95,0.07056566327810287
63,82,180,88,0.044383592903614044
63,83,180,178,0.006035554222762585
63,84,180,87,0.06676720082759857
63,85,180,14,0.12573778629302979
63,86,180,267,0.02423756569623947
63,87,180,269,0.0232575424015522
63,88,180,270,0.01940971240401268
63,89,180,409,0.004696972668170929
63,90,180,291,-0.003851495683193207
63,91,180,375,0.04327909275889397
63,92,180,321,0.0659145787358284
63,93,180,405,0.08857550472021103
63,94,180,314,0.1181589663028717
63,95,180,302,0.025418099015951157
63,96,180,303,0.026249082759022713
63,97,180,304,0.018344689160585403
63,98,180,408,0.011527545750141144
63,99,180,307,0.053535234183073044
63,100,180,320,0.06633566319942474
63,101,180,404,0.0887204185128212
63,102,180,315,0.1356564313173294
63,103,180,268,0.02800247259438038
63,104,180,271,0.022472459822893143
63,105,180,272,0.032081231474876404
63,106,180,325,0.043386951088905334
63,107,180,319,0.06441506743431091
63,108,180,403,0.08571447432041168
63,109,180,316,0.12094737589359283
63,110,180,312,0.03229125589132309
63,111,180,311,0.021116361021995544
63,112,180,310,0.01386822760105133
63,113,180,415,0.016084514558315277
63,114,180,308,-0.004931338131427765
63,115,180,324,0.03952394425868988
63,116,180,318,0.05915394052863121
63,117,180,402,0.07669731229543686
63,118,180,317,0.10725829750299454
64,65,85,16,0.09129711240530014
64,66,85,12,-0.008927322924137115
64,67,85,38,0.013458210043609142
64,68,85,41,0.10816798359155655
64,69,85,42,0.12532950937747955
64,70,85,96,0.14319947361946106
64,71,85,89,0.12096287310123444
64,72,85,179,0.06696570664644241
64,73,85,86,0.011448369361460209
64,74,85,15,0.08150042593479156
64,75,85,13,-0.019125115126371384
64,76,85,82,-0.026661252602934837
64,77,85,81,0.10436408966779709
64,78,85,80,0.12205744534730911
64,79,85,191,0.15487809479236603
64,80,85,78,0.14398132264614105
64,81,85,95,0.12394560128450394
64,82,85,88,0.10507026314735413
64,83,85,178,0.07302557677030563
64,84,85,87,-0.00520743802189827
64,85,85,14,0.052968643605709076
64,86,85,267,-0.006172090768814087
64,87,85,269,-0.010028351098299026
64,88,85,270,-0.010212283581495285
64,89,85,409,-0.011190295219421387
64,90,85,291,-0.018052369356155396
64,91,85,375,0.028392422944307327
64,92,85,321,0.046624939888715744
64,93,85,405,0.05195327475667
64,94,85,314,0.07175681740045547
64,95,85,302,-0.002052154392004013
64,96,85,303,-0.006041523069143295
64,97,85,304,-0.012498237192630768
64,98,85,408,-0.009556613862514496
64,99,85,307,0.483592689037323
64,100,85,320,0.04655331373214722
64,101,85,404,0.05840419605374336
64,102,85,315,0.09093990921974182
64,103,85,268,-0.005092311650514603
64,104,85,271,-0.012493658810853958
64,105,85,272,-0.016827598214149475
64,106,85,325,0.010228686034679413
64,107,85,319,0.03655590862035751
64,108,85,403,0.05312260985374451
64,109,85,316,0.07904329150915146
64,110,85,312,-0.00559055432677269
64,111,85,311,-0.018548566848039627
64,112,85,310,-0.02251823991537094
64,113,85,415,-0.02102775126695633
64,114,85,308,-0.016590319573879242
64,115,85,324,-1.2984389066696167
64,116,85,318,0.03497639670968056
64,117,85,402,0.046667810529470444
64,118,85,317,0.05998401343822479
65,66,16,12,0.04298675060272217
65,67,16,38,0.13428117334842682
65,68,16,41,0.17486730217933655
65,69,16,42,0.20533397793769836
65,70,16,96,0.1811303198337555
65,71,16,89,0.18429340422153473
65,72,16,179,0.1401284784078598
65,73,16,86,0.10206742584705353
65,74,16,15,0.00010134745389223099
65,75,16,13,0.04786600545048714
65,76,16,82,0.12387745827436447
65,77,16,81,0.16657233238220215
65,78,16,80,0.18077915906906128
65,79,16,191,0.19523005187511444
65,80,16,78,0.17352087795734406
65,81,16,95,0.16846179962158203
65,82,16,88,0.1590254008769989
65,83,16,178,0.14138031005859375
65,84,16,87,0.09237699210643768
65,85,16,14,0.0168121587485075
65,86,16,267,-0.059701137244701385
65,87,16,269,-0.06014784798026085
65,88,16,270,-0.04914705455303192
65,89,16,409,0.012299545109272003
65,90,16,291,-0.04587670788168907
65,91,16,375,0.0765041634440422
65,92,16,321,0.025459950789809227
65,93,16,405,0.035828493535518646
65,94,16,314,0.032086893916130066
65,95,16,302,-0.05632443353533745
65,96,16,303,-0.05887509882450104
65,97,16,304,-0.06350588798522949
65,98,16,408,0.020608920603990555
65,99,16,307,0.07143458724021912
65,100,16,320,0.019897837191820145
65,101,16,404,0.03296532481908798
65,102,16,315,0.034681785851716995
65,103,16,268,-0.05706518143415451
65,104,16,271,-0.06287945806980133
65,105,16,272,-0.061288341879844666
65,106,16,325,-0.013769127428531647
65,107,16,319,0.008940674364566803
65,108,16,403,0.03222069889307022
65,109,16,316,0.022040927782654762
65,110,16,312,-0.061952605843544006
65,111,16,311,-0.06721001118421555
65,112,16,310,-0.06718941777944565
65,113,16,415,-0.0535392165184021
65,114,16,308,-0.046152688562870026
65,115,16,324,-0.03365549445152283
65,116,16,318,-0.014110859483480453
65,117,16,402,0.008880063891410828
65,118,16,317,0.009195713326334953
66,67,12,38,0.062315281480550766
66,68,12,41,0.10015466064214706
66,69,12,42,0.1133466511964798
66,70,12,96,0.08068498969078064
66,71,12,89,0.062116965651512146
66,72,12,179,0.03322049602866173
66,73,12,86,-0.0023721102625131607
66,74,12,15,0.01773831434547901
66,75,12,13,0.0033511335495859385
66,76,12,82,0.06094242259860039
66,77,12,81,0.10650257021188736
66,78,12,80,0.09142311662435532
66,79,12,191,0.10805022716522217
66,80,12,78,0.08413173258304596
66,81,12,95,0.07929647713899612
66,82,12,88,0.05985028296709061
66,83,12,178,0.03676633909344673
66,84,12,87,0.008748423308134079
66,85,12,14,0.00995172280818224
66,86,12,267,0.03108847327530384
66,87,12,269,0.046158503741025925
66,88,12,270,0.057047102600336075
66,89,12,409,0.06437792629003525
66,90,12,291,0.05845341831445694
66,91,12,375,0.27768272161483765
66,92,12,321,0.10221078991889954
66,93,12,405,0.12962880730628967
66,94,12,314,0.116634301841259
66,95,12,302,0.03086443990468979
66,96,12,303,0.0409032367169857
66,97,12,304,0.05560925602912903
66,98,12,408,0.05236842855811119
66,99,12,307,0.15666702389717102
66,100,12,320,0.11361497640609741
66,101,12,404,0.12277153134346008
66,102,12,315,0.11624226719141006
66,103,12,268,0.03874877467751503
66,104,12,271,0.04776051267981529
66,105,12,272,0.05697539821267128
66,106,12,325,0.11254872381687164
66,107,12,319,0.09822079539299011
66,108,12,403,0.1168820708990097
66,109,12,316,0.10140429437160492
66,110,12,312,0.03841615468263626
66,111,12,311,0.046177636831998825
66,112,12,310,0.057547226548194885
66,113,12,415,0.045534174889326096
66,114,12,308,0.036174457520246506
66,115,12,324,0.07546286284923553
66,116,12,318,0.08502496778964996
66,117,12,402,0.10118551552295685
66,118,12,317,0.08906088024377823
67,68,38,41,0.05272842198610306
67,69,38,42,0.08337609469890594
67,70,38,96,0.06996501237154007
67,71,38,89,0.03868517279624939
67,72,38,179,-0.006707018241286278
67,73,38,86,0.033956993371248245
67,74,38,15,0.12784157693386078
67,75,38,13,0.053204312920570374
67,76,38,82,0.003916723653674126
67,77,38,81,0.04960936680436134
67,78,38,80,0.07090552151203156
67,79,38,191,0.06960034370422363
67,80,38,78,0.07354855537414551
67,81,38,95,0.04604003578424454
67,82,38,88,0.03480936586856842
67,83,38,178,0.003245983272790909
67,84,38,87,0.03840704634785652
67,85,38,14,0.12079927325248718
67,86,38,267,0.06202945485711098
67,87,38,269,0.06697206944227219
67,88,38,270,0.06492110341787338
67,89,38,409,0.06985470652580261
67,90,38,291,0.05580815300345421
67,91,38,375,0.0959368348121643
67,92,38,321,0.11325348913669586
67,93,38,405,0.14785410463809967
67,94,38,314,0.16336558759212494
67,95,38,302,0.06751523911952972
67,96,38,303,0.07004578411579132
67,97,38,304,0.06794866919517517
67,98,38,408,0.0643053874373436
67,99,38,307,0.09617830067873001
67,100,38,320,0.10970056056976318
67,101,38,404,0.15867586433887482
67,102,38,315,0.16491125524044037
67,103,38,268,0.07044768333435059
67,104,38,271,0.07888542860746384
67,105,38,272,0.07151183485984802
67,106,38,325,0.08651931583881378
67,107,38,319,0.12854358553886414
67,108,38,403,0.14929701387882233
67,109,38,316,0.1570202261209488
67,110,38,312,0.07306663691997528
67,111,38,311,0.07480499893426895
67,112,38,310,0.060584522783756256
67,113,38,415,0.06439030170440674
67,114,38,308,0.05380672216415405
67,115,38,324,0.06672585010528564
67,116,38,318,0.1078794002532959
67,117,38,402,0.13026107847690582
67,118,38,317,0.15130378305912018
68,69,41,42,0.0321422815322876
68,70,41,96,0.0387532003223896
68,71,41,89,0.00666489452123642
68,72,41,179,0.03913908824324608
68,73,41,86,0.09831877052783966
68,74,41,15,0.16992250084877014
68,75,41,13,0.09087934345006943
68,76,41,82,0.04937434569001198
68,77,41,81,0.006573639810085297
68,78,41,80,0.024052128195762634
68,79,41,191,0.0592983141541481
68,80,41,78,0.05545075237751007
68,81,41,95,0.01511702686548233
68,82,41,88,-0.003307797946035862
68,83,41,178,0.040067486464977264
68,84,41,87,0.09686717391014099
68,85,41,14,0.1651327908039093
68,86,41,267,0.08843567967414856
68,87,41,269,0.07680541276931763
68,88,41,270,0.06917773932218552
68,89,41,409,0.07138627767562866
68,90,41,291,0.07044677436351776
68,91,41,375,0.08888496458530426
68,92,41,321,0.12153013795614243
68,93,41,405,0.15238717198371887
68,94,41,314,0.19968146085739136
68,95,41,302,0.0918661504983902
68,96,41,303,0.08321426063776016
68,97,41,304,0.07846815884113312
68,98,41,408,0.0704721212387085
68,99,41,307,0.09902842342853546
68,100,41,320,0.12714990973472595
68,101,41,404,0.16305270791053772
68,102,41,315,0.19700205326080322
68,103,41,268,0.09353868663311005
68,104,41,271,0.08342208713293076
68,105,41,272,0.07345694303512573
68,106,41,325,0.08249679952859879
68,107,41,319,0.12471115589141846
68,108,41,403,0.15857255458831787
68,109,41,316,0.18419139087200165
68,110,41,312,0.09357613325119019
68,111,41,311,0.08834198117256165
68,112,41,310,0.07588932663202286
68,113,41,415,0.06611818075180054
68,114,41,308,-1.5955157279968262
68,115,41,324,0.0835031121969223
68,116,41,318,0.1150805652141571
68,117,41,402,0.1428433060646057
68,118,41,317,0.17334258556365967
69,70,42,96,0.018701603636145592
69,71,42,89,0.014061979949474335
69,72,42,179,0.07931514084339142
69,73,42,86,0.1424659788608551
69,74,42,15,0.20113340020179749
69,75,42,13,0.12198234349489212
69,76,42,82,0.09917217493057251
69,77,42,81,0.03922892361879349
69,78,42,80,0.008610613644123077
69,79,42,191,0.032799407839775085
69,80,42,78,0.037644751369953156
69,81,42,95,-0.005745236296206713
69,82,42,88,0.026821119710803032
69,83,42,178,0.07862929254770279
69,84,42,87,0.13853959739208221
69,85,42,14,0.1909642219543457
69,86,42,267,0.09287715703248978
69,87,42,269,0.08606306463479996
69,88,42,270,0.07720298320055008
69,89,42,409,0.07372967898845673
69,90,42,291,0.07057124376296997
69,91,42,375,0.09377342462539673
69,92,42,321,0.13829660415649414
69,93,42,405,0.18070478737354279
69,94,42,314,0.21270033717155457
69,95,42,302,0.09805375337600708
69,96,42,303,0.07882571220397949
69,97,42,304,0.07216651737689972
69,98,42,408,0.06675909459590912
69,99,42,307,0.08886303007602692
69,100,42,320,0.142783984541893
69,101,42,404,0.16973081231117249
69,102,42,315,0.21367798745632172
69,103,42,268,0.10126426815986633
69,104,42,271,0.08612298220396042
69,105,42,272,0.08671227097511292
69,106,42,325,0.09272272139787674
69,107,42,319,0.13532905280590057
69,108,42,403,0.14831244945526123
69,109,42,316,0.19306161999702454
69,110,42,312,0.10924597084522247
69,111,42,311,0.0956365168094635
69,112,42,310,0.08181773871183395
69,113,42,415,0.07399171590805054
69,114,42,308,-1.713576316833496
69,115,42,324,0.08415211737155914
69,116,42,318,0.12260110676288605
69,117,42,402,0.1510540246963501
69,118,42,317,0.17697833478450775
70,71,96,89,0.040223367512226105
70,72,96,179,0.1054358035326004
70,73,96,86,0.14785781502723694
70,74,96,15,0.17888928949832916
70,75,96,13,0.07826393842697144
70,76,96,82,0.058602094650268555
70,77,96,81,0.04262879490852356
70,78,96,80,0.024897409602999687
70,79,96,191,-0.009646199643611908
70,80,96,78,0.014799568802118301
70,81,96,95,0.016673069447278976
70,82,96,88,0.052987515926361084
70,83,96,178,0.10821777582168579
70,84,96,87,0.1422749161720276
70,85,96,14,0.16933125257492065
70,86,96,267,0.06595532596111298
70,87,96,269,0.06033337488770485
70,88,96,270,0.07804367691278458
70,89,96,409,0.07504244148731232
70,90,96,291,0.06328295171260834
70,91,96,375,0.06674826890230179
70,92,96,321,0.12438952177762985
70,93,96,405,0.1625855565071106
70,94,96,314,0.18363535404205322
70,95,96,302,0.06805495917797089
70,96,96,303,0.06659696251153946
70,97,96,304,0.074836365878582
70,98,96,408,0.07200559228658676
70,99,96,307,0.08462459594011307
70,100,96,320,0.11805112659931183
70,101,96,404,0.16283205151557922
70,102,96,315,0.18449002504348755
70,103,96,268,0.08312301337718964
70,104,96,271,0.07106156647205353
70,105,96,272,0.07345542311668396
70,106,96,325,0.0909605473279953
70,107,96,319,0.11986516416072845
70,108,96,403,0.157538041472435
70,109,96,316,0.1768064945936203
70,110,96,312,0.08875136077404022
70,111,96,311,0.0791509747505188
70,112,96,310,0.07056380063295364
70,113,96,415,-1.763372540473938
70,114,96,308,-0.9269645810127258
70,115,96,324,0.07608753442764282
70,116,96,318,0.11049912869930267
70,117,96,402,0.14074622094631195
70,118,96,317,0.15355537831783295
71,72,89,179,0.05399404838681221
71,73,89,86,0.13062696158885956
71,74,89,15,0.18438589572906494
71,75,89,13,0.0633915364742279
71,76,89,82,0.03471921756863594
71,77,89,81,0.006851257756352425
71,78,89,80,-0.015543295070528984
71,79,89,191,0.05636816844344139
71,80,89,78,0.06057444587349892
71,81,89,95,0.027815647423267365
71,82,89,88,0.01084126252681017
71,83,89,178,0.06383607536554337
71,84,89,87,0.11973385512828827
71,85,89,14,0.16270817816257477
71,86,89,267,0.0439193919301033
71,87,89,269,0.05621334910392761
71,88,89,270,0.05894846469163895
71,89,89,409,0.045474596321582794
71,90,89,291,0.039933063089847565
71,91,89,375,0.07141563296318054
71,92,89,321,0.11188025772571564
71,93,89,405,0.14642666280269623
71,94,89,314,0.17645172774791718
71,95,89,302,0.049573883414268494
71,96,89,303,0.06185314059257507
71,97,89,304,0.06407322734594345
71,98,89,408,0.04865936189889908
71,99,89,307,0.06909485906362534
71,100,89,320,0.11434638500213623
71,101,89,404,0.15645460784435272
71,102,89,315,0.1816367506980896
71,103,89,268,0.05597911775112152
71,104,89,271,0.0565345473587513
71,105,89,272,0.059707362204790115
71,106,89,325,0.0657663568854332
71,107,89,319,0.10291412472724915
71,108,89,403,0.14445403218269348
71,109,89,316,0.16805340349674225
71,110,89,312,0.06932688504457474
71,111,89,311,0.058018069714307785
71,112,89,310,0.05294715613126755
71,113,89,415,0.030920125544071198
71,114,89,308,0.026508938521146774
71,115,89,324,0.06281739473342896
71,116,89,318,0.09644898772239685
71,117,89,402,0.11483142524957657
71,118,89,317,0.14386101067066193
72,73,179,86,0.07022319734096527
72,74,179,15,0.13251417875289917
72,75,179,13,0.03166293352842331
72,76,179,82,-0.007511395961046219
72,77,179,81,-0.01820172742009163
72,78,179,80,0.0783199593424797
72,79,179,191,0.11408806592226028
72,80,179,78,0.10450168699026108
72,81,179,95,0.0764193907380104
72,82,179,88,0.04318416118621826
72,83,179,178,0.006936419755220413
72,84,179,87,0.06361967325210571
72,85,179,14,0.11941487342119217
72,86,179,267,0.03815683722496033
72,87,179,269,0.021854061633348465
72,88,179,270,0.031440556049346924
72,89,179,409,0.01134948804974556
72,90,179,291,0.0074301064014434814
72,91,179,375,0.05358249321579933
72,92,179,321,0.08447275310754776
72,93,179,405,0.10013584792613983
72,94,179,314,0.13669243454933167
72,95,179,302,0.03951112926006317
72,96,179,303,0.027756288647651672
72,97,179,304,0.020911771804094315
72,98,179,408,0.02270868793129921
72,99,179,307,0.05905293673276901
72,100,179,320,0.08483225107192993
72,101,179,404,0.10708287358283997
72,102,179,315,0.14413173496723175
72,103,179,268,0.03862807899713516
72,104,179,271,0.03840445727109909
72,105,179,272,0.029115449637174606
72,106,179,325,0.05233349651098251
72,107,179,319,0.07420425862073898
72,108,179,403,0.10314404964447021
72,109,179,316,0.13382792472839355
72,110,179,312,0.03337907791137695
72,111,179,311,0.02764490805566311
72,112,179,310,0.022088076919317245
72,113,179,415,0.008385278284549713
72,114,179,308,0.0011292099952697754
72,115,179,324,0.042441945523023605
72,116,179,318,0.056835636496543884
72,117,179,402,0.08335167169570923
72,118,179,317,0.11490444839000702
73,74,86,15,0.09296153485774994
73,75,86,13,-0.007695209234952927
73,76,86,82,-0.008250847458839417
73,77,86,81,0.10119833052158356
73,78,86,80,0.12224131077528
73,79,86,191,0.1625181883573532
73,80,86,78,0.14658451080322266
73,81,86,95,0.12233690917491913
73,82,86,88,0.11114800721406937
73,83,86,178,0.06469428539276123
73,84,86,87,0.0038577886298298836
73,85,86,14,0.05448278784751892
73,86,86,267,-0.0007908232510089874
73,87,86,269,-0.007095698267221451
73,88,86,270,-0.004788760095834732
73,89,86,409,-0.006154343485832214
73,90,86,291,-0.011547684669494629
73,91,86,375,0.060872018337249756
73,92,86,321,0.045049943029880524
73,93,86,405,0.06866353750228882
73,94,86,314,0.09660352766513824
73,95,86,302,0.004684947431087494
73,96,86,303,-0.0037083886563777924
73,97,86,304,0.004213239997625351
73,98,86,408,-0.005493536591529846
73,99,86,307,0.03298280015587807
73,100,86,320,0.0604071244597435
73,101,86,404,0.07217603176832199
73,102,86,315,0.10005959868431091
73,103,86,268,0.00046623870730400085
73,104,86,271,-0.0036784596741199493
73,105,86,272,-0.007593028247356415
73,106,86,325,0.024271022528409958
73,107,86,319,0.04521176591515541
73,108,86,403,0.0748065710067749
73,109,86,316,0.08670978993177414
73,110,86,312,0.0022382549941539764
73,111,86,311,-0.006045185029506683
73,112,86,310,-0.019130825996398926
73,113,86,415,-0.018481962382793427
73,114,86,308,-0.015081420540809631
73,115,86,324,0.005670271813869476
73,116,86,318,0.04018239676952362
73,117,86,402,0.049006927758455276
73,118,86,317,0.06652439385652542
74,75,15,13,0.04937053099274635
74,76,15,82,0.12552250921726227
74,77,15,81,0.17704595625400543
74,78,15,80,0.18820950388908386
74,79,15,191,0.19592320919036865
74,80,15,78,0.17321409285068512
74,81,15,95,0.1680542528629303
74,82,15,88,0.16097916662693024
74,83,15,178,0.13885079324245453
74,84,15,87,0.095382921397686
74,85,15,14,0.0062781129963696
74,86,15,267,-0.05289538949728012
74,87,15,269,-0.05302594602108002
74,88,15,270,-0.04477167874574661
74,89,15,409,-0.043265484273433685
74,90,15,291,-0.041499342769384384
74,91,15,375,0.0634370744228363
74,92,15,321,0.035231903195381165
74,93,15,405,0.04434376582503319
74,94,15,314,0.055822476744651794
74,95,15,302,-0.04530269280076027
74,96,15,303,-0.0484841912984848
74,97,15,304,-0.05794712156057358
74,98,15,408,0.0043821074068546295
74,99,15,307,0.031058521941304207
74,100,15,320,0.02596581168472767
74,101,15,404,0.04142843186855316
74,102,15,315,0.04866364598274231
74,103,15,268,-0.05786661431193352
74,104,15,271,-0.05029432475566864
74,105,15,272,-0.059332601726055145
74,106,15,325,-0.0036829598248004913
74,107,15,319,0.01709296926856041
74,108,15,403,0.03182407468557358
74,109,15,316,0.027092117816209793
74,110,15,312,-0.06806203722953796
74,111,15,311,-0.06556551903486252
74,112,15,310,-0.04735485836863518
74,113,15,415,-0.044422030448913574
74,114,15,308,-0.04033263400197029
74,115,15,324,-0.02420073002576828
74,116,15,318,-0.015560898929834366
74,117,15,402,0.012259624898433685
74,118,15,317,0.01514359936118126
75,76,13,82,0.061738353222608566
75,77,13,81,0.09808003157377243
75,78,13,80,0.09289900958538055
75,79,13,191,0.10430611670017242
75,80,13,78,0.08522304147481918
75,81,13,95,0.07922248542308807
75,82,13,88,0.05801409110426903
75,83,13,178,0.034058570861816406
75,84,13,87,0.005528708919882774
75,85,13,14,0.03436883166432381
75,86,13,267,0.03022061288356781
75,87,13,269,0.044486477971076965
75,88,13,270,0.060020025819540024
75,89,13,409,0.07244271039962769
75,90,13,291,0.0619768463075161
75,91,13,375,0.1999765783548355
75,92,13,321,0.11455334722995758
75,93,13,405,0.13499073684215546
75,94,13,314,0.11879521608352661
75,95,13,302,0.0336584746837616
75,96,13,303,0.050379425287246704
75,97,13,304,0.051061950623989105
75,98,13,408,0.06145354360342026
75,99,13,307,0.1494203358888626
75,100,13,320,0.11603441834449768
75,101,13,404,0.13417360186576843
75,102,13,315,0.12317642569541931
75,103,13,268,0.04098225384950638
75,104,13,271,0.047755856066942215
75,105,13,272,0.05691918730735779
75,106,13,325,0.14991019666194916
75,107,13,319,0.10949542373418808
75,108,13,403,0.11681811511516571
75,109,13,316,0.1087213009595871
75,110,13,312,0.04044850543141365
75,111,13,311,0.04390675947070122
75,112,13,310,0.05082917585968971
75,113,13,415,0.05065307021141052
75,114,13,308,0.04015248641371727
75,115,13,324,0.07098478078842163
75,116,13,318,0.09408942610025406
75,117,13,402,0.10578929632902145
75,118,13,317,0.10466756671667099
76,77,82,81,0.041361138224601746
76,78,82,80,0.07286887615919113
76,79,82,191,0.0796847864985466
76,80,82,78,0.06665477156639099
76,81,82,95,0.04930736869573593
76,82,82,88,0.03128949925303459
76,83,82,178,-0.009307341650128365
76,84,82,87,0.015436079353094101
76,85,82,14,0.11954795569181442
76,86,82,267,0.0686231404542923
76,87,82,269,0.06743384897708893
76,88,82,270,0.07173679769039154
76,89,82,409,0.06855852156877518
76,90,82,291,0.05890728160738945
76,91,82,375,0.10611895471811295
76,92,82,321,0.12308163940906525
76,93,82,405,0.16192808747291565
76,94,82,314,0.1634928584098816
76,95,82,302,0.06700234115123749
76,96,82,303,0.07353819161653519
76,97,82,304,0.07365252822637558
76,98,82,408,0.0625387579202652
76,99,82,307,0.3372511565685272
76,100,82,320,0.12987083196640015
76,101,82,404,0.17013096809387207
76,102,82,315,0.1681850552558899
76,103,82,268,0.0839129239320755
76,104,82,271,0.0872320681810379
76,105,82,272,0.06925427913665771
76,106,82,325,0.09072637557983398
76,107,82,319,0.13321658968925476
76,108,82,403,0.14836592972278595
76,109,82,316,0.1555921584367752
76,110,82,312,0.08705857396125793
76,111,82,311,0.07989379018545151
76,112,82,310,0.06169816106557846
76,113,82,415,0.06057924032211304
76,114,82,308,0.057468220591545105
76,115,82,324,0.08789600431919098
76,116,82,318,0.1082155779004097
76,117,82,402,0.12587887048721313
76,118,82,317,0.13837264478206635
77,78,81,80,0.028150061145424843
77,79,81,191,0.057557977735996246
77,80,81,78,0.05233632028102875
77,81,81,95,0.03132613003253937
77,82,81,88,0.0004636477679014206
77,83,81,178,0.019987009465694427
77,84,81,87,0.08838491141796112
77,85,81,14,0.16764718294143677
77,86,81,267,0.08313478529453278
77,87,81,269,0.07806580513715744
77,88,81,270,0.08543045818805695
77,89,81,409,0.0649021565914154
77,90,81,291,0.05940994620323181
77,91,81,375,0.10493430495262146
77,92,81,321,0.1337270736694336
77,93,81,405,0.17079736292362213
77,94,81,314,0.19058029353618622
77,95,81,302,0.08799275755882263
77,96,81,303,0.08007563650608063
77,97,81,304,0.08089598268270493
77,98,81,408,0.06864026933908463
77,99,81,307,0.10132063925266266
77,100,81,320,0.14234940707683563
77,101,81,404,0.17384260892868042
77,102,81,315,0.19246214628219604
77,103,81,268,0.10571956634521484
77,104,81,271,0.09094082564115524
77,105,81,272,0.07757937163114548
77,106,81,325,0.09743475914001465
77,107,81,319,0.1383930742740631
77,108,81,403,0.16294287145137787
77,109,81,316,0.17010977864265442
77,110,81,312,0.0979575365781784
77,111,81,311,0.09801827371120453
77,112,81,310,0.07730014622211456
77,113,81,415,0.06475511938333511
77,114,81,308,-0.14490243792533875
77,115,81,324,0.09103134274482727
77,116,81,318,0.1295543909072876
77,117,81,402,0.15192317962646484
77,118,81,317,0.15843120217323303
78,79,80,191,0.035413339734077454
78,80,80,78,0.04862409830093384
78,81,80,95,0.008971557952463627
78,82,80,88,0.010259388945996761
78,83,80,178,0.07206954807043076
78,84,80,87,0.12748833000659943
78,85,80,14,0.17888548970222473
78,86,80,267,0.09822309017181396
78,87,80,269,0.07293210178613663
78,88,80,270,0.07631815969944
78,89,80,409,0.06624548882246017
78,90,80,291,0.06129491701722145
78,91,80,375,0.09828086197376251
78,92,80,321,0.14820942282676697
78,93,80,405,0.17936193943023682
78,94,80,314,0.19306239485740662
78,95,80,302,0.09718646854162216
78,96,80,303,0.086152583360672
78,97,80,304,0.08698902279138565
78,98,80,408,0.07014694809913635
78,99,80,307,0.10054893791675568
78,100,80,320,0.15024827420711517
78,101,80,404,0.17758488655090332
78,102,80,315,0.18877708911895752
78,103,80,268,0.09857572615146637
78,104,80,271,0.08959711343050003
78,105,80,272,0.07947691529989243
78,106,80,325,0.09734895825386047
78,107,80,319,0.14273938536643982
78,108,80,403,0.16901877522468567
78,109,80,316,0.1763489991426468
78,110,80,312,0.10291139781475067
78,111,80,311,0.09510660916566849
78,112,80,310,0.07768787443637848
78,113,80,415,0.06246768310666084
78,114,80,308,0.07392504811286926
78,115,80,324,0.0919533520936966
78,116,80,318,0.11989715695381165
78,117,80,402,0.1382083296775818
78,118,80,317,0.15757974982261658
79,80,191,78,5.1536597311496735e-05
79,81,191,95,0.024946965277194977
79,82,191,88,0.06281984597444534
79,83,191,178,0.1169193834066391
79,84,191,87,0.1648242473602295
79,85,191,14,0.18907542526721954
79,86,191,267,-0.022109899669885635
79,87,191,269,0.057715609669685364
79,88,191,270,0.06815750896930695
79,89,191,409,0.07484173774719238
79,90,191,291,0.06989704817533493
79,91,191,375,0.10229524224996567
79,92,191,321,0.13565713167190552
79,93,191,405,0.1562419831752777
79,94,191,314,0.19493651390075684
79,95,191,302,0.09319433569908142
79,96,191,303,0.0817539393901825
79,97,191,304,0.09335237741470337
79,98,191,408,0.0689707025885582
79,99,191,307,0.10711625963449478
79,100,191,320,0.14023342728614807
79,101,191,404,0.16286660730838776
79,102,191,315,0.20363794267177582
79,103,191,268,0.09949592500925064
79,104,191,271,0.08574888855218887
79,105,191,272,0.08815373480319977
79,106,191,325,0.10966800898313522
79,107,191,319,0.1333225965499878
79,108,191,403,0.15869024395942688
79,109,191,316,0.18938329815864563
79,110,191,312,0.10189282149076462
79,111,191,311,0.09982642531394958
79,112,191,310,0.09557237476110458
79,113,191,415,0.06749340146780014
79,114,191,308,0.06567222625017166
79,115,191,324,0.08932437002658844
79,116,191,318,0.12316811829805374
79,117,191,402,0.14942803978919983
79,118,191,317,0.17265719175338745
80,81,78,95,0.036111630499362946
80,82,78,88,0.07463354617357254
80,83,78,178,0.10721330344676971
80,84,78,87,0.14656099677085876
80,85,78,14,0.16913029551506042
80,86,78,267,0.08006526529788971
80,87,78,269,0.06736962497234344
80,88,78,270,0.08087657392024994
80,89,78,409,0.07520414888858795
80,90,78,291,-0.43381839990615845
80,91,78,375,0.11283606290817261
80,92,78,321,0.140730082988739
80,93,78,405,0.15912450850009918
80,94,78,314,0.1793203502893448
80,95,78,302,0.07760505378246307
80,96,78,303,0.0653727725148201
80,97,78,304,0.07844476401805878
80,98,78,408,0.0663074254989624
80,99,78,307,0.10881948471069336
80,100,78,320,0.14203539490699768
80,101,78,404,0.17827188968658447
80,102,78,315,0.1676124781370163
80,103,78,268,0.08255281299352646
80,104,78,271,0.09244056046009064
80,105,78,272,0.0981534942984581
80,106,78,325,0.10579399019479752
80,107,78,319,0.1342015564441681
80,108,78,403,0.1678299903869629
80,109,78,316,0.17906001210212708
80,110,78,312,0.08939426392316818
80,111,78,311,0.09722783416509628
80,112,78,310,-0.3228398561477661
80,113,78,415,-0.8502240180969238
80,114,78,308,-0.8849154114723206
80,115,78,324,0.09500151872634888
80,116,78,318,0.1208164244890213
80,117,78,402,0.14831122756004333
80,118,78,317,0.1662260740995407
81,82,95,88,0.03232277184724808
81,83,95,178,0.08697336167097092
81,84,95,87,0.11905977874994278
81,85,95,14,0.15621687471866608
81,86,95,267,0.061134908348321915
81,87,95,269,0.05228147655725479
81,88,95,270,0.0634765625
81,89,95,409,0.06790268421173096
81,90,95,291,0.05293283611536026
81,91,95,375,0.0941457748413086
81,92,95,321,0.12717941403388977
81,93,95,405,0.15838296711444855
81,94,95,314,0.17137397825717926
81,95,95,302,0.07104548811912537
81,96,95,303,0.059182628989219666
81,97,95,304,0.07476808875799179
81,98,95,408,0.06971079111099243
81,99,95,307,0.09292347729206085
81,100,95,320,0.12807856500148773
81,101,95,404,0.1566992700099945
81,102,95,315,0.182132288813591
81,103,95,268,0.07043756544589996
81,104,95,271,0.053832702338695526
81,105,95,272,0.08185677230358124
81,106,95,325,0.08865480124950409
81,107,95,319,0.12094170600175858
81,108,95,403,0.14390325546264648
81,109,95,316,0.1703263223171234
81,110,95,312,0.086419977247715
81,111,95,311,0.08389340341091156
81,112,95,310,0.07594704627990723
81,113,95,415,-0.17560741305351257
81,114,95,308,-1.0185855627059937
81,115,95,324,0.0813637375831604
81,116,95,318,0.10544790327548981
81,117,95,402,0.1285233199596405
81,118,95,317,0.14607952535152435
82,83,88,178,0.05271941050887108
82,84,88,87,0.10991103202104568
82,85,88,14,0.1486380398273468
82,86,88,267,0.048702340573072433
82,87,88,269,0.059700094163417816
82,88,88,270,0.05870046839118004
82,89,88,409,0.049636125564575195
82,90,88,291,0.04125606641173363
82,91,88,375,0.07277576625347137
82,92,88,321,0.11590109765529633
82,93,88,405,0.16277867555618286
82,94,88,314,0.17363086342811584
82,95,88,302,0.06007770448923111
82,96,88,303,0.0583457425236702
82,97,88,304,0.062003426253795624
82,98,88,408,0.058120954781770706
82,99,88,307,0.08356662094593048
82,100,88,320,0.11627033352851868
82,101,88,404,0.153874009847641
82,102,88,315,0.1741713434457779
82,103,88,268,0.06835870444774628
82,104,88,271,0.061048723757267
82,105,88,272,0.0605832003057003
82,106,88,325,0.08166102319955826
82,107,88,319,0.11248055100440979
82,108,88,403,0.13359200954437256
82,109,88,316,0.15675079822540283
82,110,88,312,0.0749579519033432
82,111,88,311,0.06407449394464493
82,112,88,310,0.05499918758869171
82,113,88,415,0.03802768886089325
82,114,88,308,-0.24294964969158173
82,115,88,324,0.06396523863077164
82,116,88,318,0.0976056158542633
82,117,88,402,0.12431775778532028
82,118,88,317,0.12877173721790314
83,84,178,87,0.06018509715795517
83,85,178,14,0.11607711017131805
83,86,178,267,0.03617140278220177
83,87,178,269,0.041477881371974945
83,88,178,270,0.040402673184871674
83,89,178,409,0.029299847781658173
83,90,178,291,0.01435321569442749
83,91,178,375,0.0658172219991684
83,92,178,321,0.10302892327308655
83,93,178,405,0.12620532512664795
83,94,178,314,0.14567279815673828
83,95,178,302,0.03937451168894768
83,96,178,303,0.04470181092619896
83,97,178,304,0.04077658802270889
83,98,178,408,0.03545220568776131
83,99,178,307,0.06475614011287689
83,100,178,320,0.09642945975065231
83,101,178,404,0.12782272696495056
83,102,178,315,0.1475290060043335
83,103,178,268,0.04081068933010101
83,104,178,271,0.04666857421398163
83,105,178,272,0.031336355954408646
83,106,178,325,0.06367738544940948
83,107,178,319,0.08634280413389206
83,108,178,403,0.12211021780967712
83,109,178,316,0.14545173943042755
83,110,178,312,0.038985494524240494
83,111,178,311,0.03761613741517067
83,112,178,310,0.02617007866501808
83,113,178,415,0.04036473482847214
83,114,178,308,0.007899843156337738
83,115,178,324,0.04906729236245155
83,116,178,318,0.05937376990914345
83,117,178,402,0.09959560632705688
83,118,178,317,0.11702798306941986
84,85,87,14,0.07551669329404831
84,86,87,267,0.004399985074996948
84,87,87,269,-0.0008739978075027466
84,88,87,270,0.0047186799347400665
84,89,87,409,0.005535446107387543
84,90,87,291,0.005688522011041641
84,91,87,375,0.06427672505378723
84,92,87,321,0.06599044054746628
84,93,87,405,0.09220722317695618
84,94,87,314,0.11470606178045273
84,95,87,302,0.015897588804364204
84,96,87,303,0.01131482794880867
84,97,87,304,0.011560272425413132
84,98,87,408,0.0075867921113967896
84,99,87,307,0.03861948847770691
84,100,87,320,0.06402848660945892
84,101,87,404,0.10403020679950714
84,102,87,315,0.11912240833044052
84,103,87,268,0.01922665908932686
84,104,87,271,0.006509911268949509
84,105,87,272,0.005380973219871521
84,106,87,325,0.033808641135692596
84,107,87,319,0.05790548026561737
84,108,87,403,0.09188127517700195
84,109,87,316,0.10835352540016174
84,110,87,312,0.01083783432841301
84,111,87,311,0.0015989206731319427
84,112,87,310,-0.003295488655567169
84,113,87,415,-1.5393427610397339
84,114,87,308,-0.0026197731494903564
84,115,87,324,-0.15306703746318817
84,116,87,318,0.05293547362089157
84,117,87,402,0.07905978709459305
84,118,87,317,0.08591505140066147
85,86,14,267,-0.033306337893009186
85,87,14,269,-0.03636942803859711
85,88,14,270,-0.02775520458817482
85,89,14,409,0.04638824239373207
85,90,14,291,-0.03286532312631607
85,91,14,375,0.07481774687767029
85,92,14,321,0.04371315613389015
85,93,14,405,0.060451243072748184
85,94,14,314,0.06408968567848206
85,95,14,302,-0.029824502766132355
85,96,14,303,-0.04053056240081787
85,97,14,304,-0.03356649726629257
85,98,14,408,-0.021521486341953278
85,99,14,307,0.019776806235313416
85,100,14,320,0.03489214554429054
85,101,14,404,0.06348270177841187
85,102,14,315,0.0655200406908989
85,103,14,268,-0.03654643893241882
85,104,14,271,-0.034956127405166626
85,105,14,272,-0.03977351635694504
85,106,14,325,0.009807523339986801
85,107,14,319,0.0398482084274292
85,108,14,403,0.045800674706697464
85,109,14,316,0.052079860121011734
85,110,14,312,-0.044123098254203796
85,111,14,311,-0.05092670023441315
85,112,14,310,-0.04001744091510773
85,113,14,415,-0.04171033203601837
85,114,14,308,-0.025534287095069885
85,115,14,324,-0.006217934191226959
85,116,14,318,0.013443700969219208
85,117,14,402,0.03599865734577179
85,118,14,317,0.026013895869255066
86,87,267,269,0.04088916629552841
86,88,267,270,0.04404870793223381
86,89,267,409,0.06155731901526451
86,90,267,291,0.03628493845462799
86,91,267,375,0.11833562701940536
86,92,267,321,0.0859384536743164
86,93,267,405,0.10245692729949951
86,94,267,314,0.035407889634370804
86,95,267,302,-0.004085290711373091
86,96,267,303,0.036475829780101776
86,97,267,304,0.05459126830101013
86,98,267,408,0.04497936740517616
86,99,267,307,0.0603955015540123
86,100,267,320,0.09522078186273575
86,101,267,404,0.09805777668952942
86,102,267,315,0.013616233132779598
86,103,267,268,0.0004961468512192369
86,104,267,271,0.034194376319646835
86,105,267,272,0.0396173857152462
86,106,267,325,0.06484580785036087
86,107,267,319,0.07787967473268509
86,108,267,403,0.07228527963161469
86,109,267,316,-0.016236577183008194
86,110,267,312,0.0026180539280176163
86,111,267,311,0.02025272697210312
86,112,267,310,0.022739756852388382
86,113,267,415,0.04596313089132309
86,114,267,308,0.0321991965174675
86,115,267,324,0.03780491650104523
86,116,267,318,0.05279383808374405
86,117,267,402,0.056331172585487366
86,118,267,317,-0.03953177481889725
87,88,269,270,0.02528955042362213
87,89,269,409,0.02172265201807022
87,90,269,291,0.023309417068958282
87,91,269,375,0.060796525329351425
87,92,269,321,0.08653297275304794
87,93,269,405,-0.04060594365000725
87,94,269,314,-0.06331729888916016
87,95,269,302,0.030447915196418762
87,96,269,303,0.0027784404810518026
87,97,269,304,0.028112012892961502
87,98,269,408,0.019225049763917923
87,99,269,307,0.059789739549160004
87,100,269,320,0.06910984218120575
87,101,269,404,-0.04686350002884865
87,102,269,315,-0.06719943881034851
87,103,269,268,0.0360318198800087
87,104,269,271,0.009719104506075382
87,105,269,272,0.006341680884361267
87,106,269,325,0.033475611358881
87,107,269,319,0.045042335987091064
87,108,269,403,-0.04991952329874039
87,109,269,316,-0.055801570415496826
87,110,269,312,0.028097370639443398
87,111,269,311,0.014942562207579613
87,112,269,310,-0.0068868612870574
87,113,269,415,0.0050937216728925705
87,114,269,308,0.004199661314487457
87,115,269,324,0.012278759852051735
87,116,269,318,0.025024915114045143
87,117,269,402,-0.032645367085933685
87,118,269,317,-0.039623189717531204
88,89,270,409,0.012609312310814857
88,90,270,291,0.012974198907613754
88,91,270,375,0.056006595492362976
88,92,270,321,-0.03433592990040779
88,93,270,405,-0.0560997873544693
88,94,270,314,-0.05237821862101555
88,95,270,302,0.04343004897236824
88,96,270,303,0.023922428488731384
88,97,270,304,0.005676472559571266
88,98,270,408,0.006397910416126251
88,99,270,307,0.04753126576542854
88,100,270,320,-0.05310829356312752
88,101,270,404,-0.05219263583421707
88,102,270,315,-0.06598688662052155
88,103,270,268,0.04540560767054558
88,104,270,271,0.023038357496261597
88,105,270,272,0.01290337648242712
88,106,270,325,-0.00034452148247510195
88,107,270,319,-0.031919755041599274
88,108,270,403,-0.0378321036696434
88,109,270,316,-0.037601910531520844
88,110,270,312,0.04040621966123581
88,111,270,311,0.030173711478710175
88,112,270,310,0.026378117501735687
88,113,270,415,0.010849356651306152
88,114,270,308,-0.02743038348853588
88,115,270,324,-0.0019076098687946796
88,116,270,318,-0.02233201265335083
88,117,270,402,-0.03399268910288811
88,118,270,317,-0.01995779573917389
89,90,409,291,0.0039950404316186905
89,91,409,375,-0.03651803359389305
89,92,409,321,-0.05849325656890869
89,93,409,405,-0.056757859885692596
89,94,409,314,-0.05584023892879486
89,95,409,302,0.05226817727088928
89,96,409,303,0.0292980819940567
89,97,409,304,0.015424922108650208
89,98,409,408,0.007226126734167337
89,99,409,307,-0.040942057967185974
89,100,409,320,-0.04265257343649864
89,101,409,404,-0.05311569571495056
89,102,409,315,-0.06177397072315216
89,103,409,268,0.05193860083818436
89,104,409,271,0.043075449764728546
89,105,409,272,0.028205066919326782
89,106,409,325,-0.021219056099653244
89,107,409,319,-0.023927057161927223
89,108,409,403,-0.04446442425251007
89,109,409,316,-0.056254930794239044
89,110,409,312,0.054521963000297546
89,111,409,311,0.037634313106536865
89,112,409,310,0.02827650122344494
89,113,409,415,0.01329079270362854
89,114,409,308,0.016095289960503578
89,115,409,324,0.005627620033919811
89,116,409,318,-0.00942227989435196
89,117,409,402,-0.019580181688070297
89,118,409,317,-0.0405268669128418
90,91,291,375,-0.04093184322118759
90,92,291,321,-0.06617386639118195
90,93,291,405,-0.06395497918128967
90,94,291,314,-0.054613105952739716
90,95,291,302,0.037006571888923645
90,96,291,303,0.02564680203795433
90,97,291,304,0.0103981364518404
90,98,291,408,0.013630908913910389
90,99,291,307,-0.031833257526159286
90,100,291,320,-0.0376313179731369
90,101,291,404,-0.05927411839365959
90,102,291,315,-0.058323439210653305
90,103,291,268,0.048692893236875534
90,104,291,271,0.027826473116874695
90,105,291,272,0.0270782969892025
90,106,291,325,-0.013081727549433708
90,107,291,319,-0.022838428616523743
90,108,291,403,-0.0676049143075943
90,109,291,316,-0.05504680424928665
90,110,291,312,0.09320415556430817
90,111,291,311,0.04377194494009018
90,112,291,310,0.03696833923459053
90,113,291,415,0.02142924629151821
90,114,291,308,0.017709553241729736
90,115,291,324,0.007863461971282959
90,116,291,318,-0.006465207785367966
90,117,291,402,-0.03732863813638687
90,118,291,317,-0.0361788384616375
91,92,375,321,-0.0025783106684684753
91,93,375,405,-0.000842362642288208
91,94,375,314,0.012007299810647964
91,95,375,302,0.07113295793533325
91,96,375,303,0.057808198034763336
91,97,375,304,0.05975668132305145
91,98,375,408,0.04921839386224747
91,99,375,307,0.012848914600908756
91,100,375,320,0.008742943406105042
91,101,375,404,0.0010997280478477478
91,102,375,315,0.061226725578308105
91,103,375,268,0.06222746521234512
91,104,375,271,0.07114500552415848
91,105,375,272,0.07103808969259262
91,106,375,325,0.03525828197598457
91,107,375,319,0.026257667690515518
91,108,375,403,0.011804495006799698
91,109,375,316,0.06690792739391327
91,110,375,312,0.07744131982326508
91,111,375,311,0.0853995680809021
91,112,375,310,0.06696479767560959
91,113,375,415,0.06387773901224136
91,114,375,308,0.036015834659338
91,115,375,324,0.05293453857302666
91,116,375,318,0.03479708358645439
91,117,375,402,0.03161909058690071
91,118,375,317,0.0626421868801117
92,93,321,405,0.026561375707387924
92,94,321,314,0.032970380038022995
92,95,321,302,0.08840739727020264
92,96,321,303,0.09508486092090607
92,97,321,304,0.06240086257457733
92,98,321,408,-0.039999157190322876
92,99,321,307,-0.011763324961066246
92,100,321,320,0.018316734582185745
92,101,321,404,0.030098481103777885
92,102,321,315,0.029870692640542984
92,103,321,268,0.09552298486232758
92,104,321,271,0.08745872974395752
92,105,321,272,0.08784162253141403
92,106,321,325,-0.036938101053237915
92,107,321,319,0.04288492351770401
92,108,321,403,0.04316059127449989
92,109,321,316,0.0390046127140522
92,110,321,312,0.10612131655216217
92,111,321,311,0.09490793943405151
92,112,321,310,0.10549993067979813
92,113,321,415,0.04559469595551491
92,114,321,308,-0.08761471509933472
92,115,321,324,0.015616588294506073
92,116,321,318,0.064871646463871
92,117,321,402,0.062155190855264664
92,118,321,317,0.04873492196202278
93,94,405,314,0.03371211141347885
93,95,405,302,0.0911189615726471
93,96,405,303,0.03557877987623215
93,97,405,304,-0.06416139006614685
93,98,405,408,-0.06495838612318039
93,99,405,307,-0.016603581607341766
93,100,405,320,0.005660612136125565
93,101,405,404,0.00874883309006691
93,102,405,315,0.0283549465239048
93,103,405,268,0.09953035414218903
93,104,405,271,0.08188053965568542
93,105,405,272,-0.05891134962439537
93,106,405,325,-0.03691910579800606
93,107,405,319,-0.024117758497595787
93,108,405,403,0.028235308825969696
93,109,405,316,0.043955057859420776
93,110,405,312,0.1081748828291893
93,111,405,311,0.09337414056062698
93,112,405,310,-0.047538816928863525
93,113,405,415,-0.09121918678283691
93,114,405,308,-0.09037335962057114
93,115,405,324,-0.047737207263708115
93,116,405,318,-0.046535637229681015
93,117,405,402,0.045999810099601746
93,118,405,317,0.06351277232170105
94,95,314,302,0.031923554837703705
94,96,314,303,-0.06391997635364532
94,97,314,304,-0.06531693786382675
94,98,314,408,-0.06528288871049881
94,99,314,307,0.012339577078819275
94,100,314,320,0.025287289172410965
94,101,314,404,0.025257181376218796
94,102,314,315,-0.0005915653891861439
94,103,314,268,0.04917505010962486
94,104,314,271,-0.057927317917346954
94,105,314,272,-0.06452276557683945
94,106,314,325,-0.01589462161064148
94,107,314,319,0.009291954338550568
94,108,314,403,0.009918726980686188
94,109,314,316,0.010724212974309921
94,110,314,312,0.077844999730587
94,111,314,311,-0.07058621942996979
94,112,314,310,-0.07865063846111298
94,113,314,415,-0.05335581675171852
94,114,314,308,-0.052547603845596313
94,115,314,324,-0.02459818497300148
94,116,314,318,-0.0184626467525959
94,117,314,402,-0.007446520030498505
94,118,314,317,0.02397870644927025
95,96,302,303,0.03664305433630943
95,97,302,304,0.04874544218182564
95,98,302,408,0.053309839218854904
95,99,302,307,0.11454533040523529
95,100,302,320,0.08449047803878784
95,101,302,404,0.0898163691163063
95,102,302,315,0.022514566779136658
95,103,302,268,0.006812018807977438
95,104,302,271,0.031960684806108475
95,105,302,272,0.036044150590896606
95,106,302,325,0.09767872095108032
95,107,302,319,0.06901231408119202
95,108,302,403,0.07308347523212433
95,109,302,316,-0.00429181195795536
95,110,302,312,0.005446042865514755
95,111,302,311,0.0123299490660429
95,112,302,310,0.028865650296211243
95,113,302,415,0.03778693452477455
95,114,302,308,0.03223220258951187
95,115,302,324,0.07499732822179794
95,116,302,318,0.04747798293828964
95,117,302,402,0.04899761080741882
95,118,302,317,-0.023722875863313675
96,97,303,304,0.021652299910783768
96,98,303,408,0.025363368913531303
96,99,303,307,0.0621957927942276
96,100,303,320,0.07219421118497849
96,101,303,404,-0.008536623790860176
96,102,303,315,-0.059475693851709366
96,103,303,268,0.03223356232047081
96,104,303,271,0.004091358743607998
96,105,303,272,0.01142089907079935
96,106,303,325,0.03707832098007202
96,107,303,319,0.04655991867184639
96,108,303,403,-0.03417474776506424
96,109,303,316,-0.05569290369749069
96,110,303,312,0.035460520535707474
96,111,303,311,0.012679824605584145
96,112,303,310,-0.009439367800951004
96,113,303,415,0.015862252563238144
96,114,303,308,0.009454082697629929
96,115,303,324,0.008983751758933067
96,116,303,318,0.022979825735092163
96,117,303,402,-0.03369807451963425
96,118,303,317,-0.0434865839779377
97,98,304,408,0.014909125864505768
97,99,304,307,0.05143748223781586
97,100,304,320,-0.015633944422006607
97,101,304,404,-0.047608960419893265
97,102,304,315,-0.06782807409763336
97,103,304,268,0.045406486839056015
97,104,304,271,0.026629028841853142
97,105,304,272,0.008643798530101776
97,106,304,325,0.021238811314105988
97,107,304,319,-0.02932117134332657
97,108,304,403,-0.0407366119325161
97,109,304,316,-0.05688083916902542
97,110,304,312,0.04224490374326706
97,111,304,311,0.032421745359897614
97,112,304,310,0.024860959500074387
97,113,304,415,0.006803060881793499
97,114,304,308,-0.015034399926662445
97,115,304,324,0.003985845483839512
97,116,304,318,-0.017998524010181427
97,117,304,402,-0.022346362471580505
97,118,304,317,-0.03236320614814758
98,99,408,307,-0.023035943508148193
98,100,408,320,-0.04210343211889267
98,101,408,404,-0.0596865713596344
98,102,408,315,-0.07008418440818787
98,103,408,268,0.04655136168003082
98,104,408,271,0.03298712894320488
98,105,408,272,0.02203046903014183
98,106,408,325,-0.02398277446627617
98,107,408,319,-0.020805541425943375
98,108,408,403,-0.03849653899669647
98,109,408,316,-0.00880337879061699
98,110,408,312,0.05092833936214447
98,111,408,311,0.051515091210603714
98,112,408,310,0.0388774648308754
98,113,408,415,0.009411418810486794
98,114,408,308,-0.006061641499400139
98,115,408,324,0.006405973806977272
98,116,408,318,-0.010846801102161407
98,117,408,402,-0.02692049741744995
98,118,408,317,0.006906080991029739
99,100,307,320,0.00269896537065506
99,101,307,404,-0.0008697807788848877
99,102,307,315,-0.01197933778166771
99,103,307,268,0.07798183709383011
99,104,307,271,0.0564594529569149
99,105,307,272,0.06221155822277069
99,106,307,325,0.01883169636130333
99,107,307,319,0.025342080742120743
99,108,307,403,0.008067138493061066
99,109,307,316,-0.0032932646572589874
99,110,307,312,0.08774852752685547
99,111,307,311,0.07957755029201508
99,112,307,310,0.08283638209104538
99,113,307,415,0.06282231956720352
99,114,307,308,-0.05002088099718094
99,115,307,324,0.04554025083780289
99,116,307,318,0.040056150406599045
99,117,307,402,0.023561527952551842
99,118,307,317,0.01722840592265129
100,101,320,404,0.016290917992591858
100,102,320,315,0.023982027545571327
100,103,320,268,0.0899726152420044
100,104,320,271,0.08808058500289917
100,105,320,272,0.07533709704875946
100,106,320,325,-0.01428157091140747
100,107,320,319,0.025576084852218628
100,108,320,403,0.027902740985155106
100,109,320,316,0.03662347048521042
100,110,320,312,0.09765295684337616
100,111,320,311,0.0897398516535759
100,112,320,310,0.09783624112606049
100,113,320,415,-0.039967507123947144
100,114,320,308,-0.061086781322956085
100,115,320,324,-0.04141291230916977
100,116,320,318,0.04922597110271454
100,117,320,402,0.05185835808515549
100,118,320,317,0.05359205603599548
101,102,404,315,0.029749440029263496
101,103,404,268,0.09419924020767212
101,104,404,271,0.06562958657741547
101,105,404,272,-0.05691267549991608
101,106,404,325,-0.013008154928684235
101,107,404,319,-0.012974951416254044
101,108,404,403,0.02097337692975998
101,109,404,316,0.03476265072822571
101,110,404,312,0.10617123544216156
101,111,404,311,0.08604472130537033
101,112,404,310,-0.061803437769412994
101,113,404,415,-0.06857302784919739
101,114,404,308,-0.07798850536346436
101,115,404,324,-0.03782874718308449
101,116,404,318,-0.037194881588220596
101,117,404,402,0.036922749131917953
101,118,404,317,0.0510687530040741
102,103,315,268,0.04288886487483978
102,104,315,271,-0.06397446244955063
102,105,315,272,-0.06709671765565872
102,106,315,325,-0.02201615646481514
102,107,315,319,0.005853623151779175
102,108,315,403,0.0003134608268737793
102,109,315,316,0.007777121849358082
102,110,315,312,0.07893197238445282
102,111,315,311,-0.0752449631690979
102,112,315,310,-0.07742767035961151
102,113,315,415,-0.07134184241294861
102,114,315,308,-0.06360064446926117
102,115,315,324,-0.03834572061896324
102,116,315,318,-0.018109161406755447
102,117,315,402,-0.021525710821151733
102,118,315,317,0.026279011741280556
103,104,268,271,0.03222116082906723
103,105,268,272,0.04495147615671158
103,106,268,325,0.12244307994842529
103,107,268,319,0.07233452796936035
103,108,268,403,0.08057890832424164
103,109,268,316,0.023346396163105965
103,110,268,312,0.008587159216403961
103,111,268,311,0.018494900315999985
103,112,268,310,0.02568318508565426
103,113,268,415,0.039128925651311874
103,114,268,308,0.03791780024766922
103,115,268,324,0.04186325520277023
103,116,268,318,0.056629739701747894
103,117,268,402,0.053932804614305496
103,118,268,317,-0.002914469689130783
104,105,271,272,0.020461127161979675
104,106,271,325,0.057930249720811844
104,107,271,319,0.05648420751094818
104,108,271,403,0.010730440728366375
104,109,271,316,-0.057325560599565506
104,110,271,312,0.02803344465792179
104,111,271,311,0.009787875227630138
104,112,271,310,-0.0012321490794420242
104,113,271,415,0.023735905066132545
104,114,271,308,0.022038882598280907
104,115,271,324,0.021482933312654495
104,116,271,318,0.037958528846502304
104,117,271,402,-0.018676113337278366
104,118,271,317,-0.04622986167669296
105,106,272,325,0.04835045710206032
105,107,272,319,0.005133224185556173
105,108,272,403,-0.04987391456961632
105,109,272,316,-0.06684227287769318
105,110,272,312,0.0421164333820343
105,111,272,311,0.033021967858076096
105,112,272,310,0.009874319657683372
105,113,272,415,0.0014532934874296188
105,114,272,308,-0.003865281119942665
105,115,272,324,0.011891720816493034
105,116,272,318,-0.024522991850972176
105,117,272,402,-0.030748799443244934
105,118,272,317,-0.04283829778432846
106,107,325,319,0.0036462806165218353
106,108,325,403,-0.00399576872587204
106,109,325,316,-0.01597278192639351
106,110,325,312,0.06992188096046448
106,111,325,311,0.07047565281391144
106,112,325,310,0.06499724835157394
106,113,325,415,0.03267276659607887
106,114,325,308,-0.0387188121676445
106,115,325,324,0.023293891921639442
106,116,325,318,0.021096117794513702
106,117,325,402,0.018698817119002342
106,118,325,317,0.012345511466264725
107,108,319,403,0.011137682944536209
107,109,319,316,0.02100459113717079
107,110,319,312,0.09057074040174484
107,111,319,311,0.07873622328042984
107,112,319,310,0.06836290657520294
107,113,319,415,-0.03864393010735512
107,114,319,308,-0.033618051558732986
107,115,319,324,-0.025198116898536682
107,116,319,318,0.016528483480215073
107,117,319,402,0.02645556442439556
107,118,319,317,0.03269220143556595
108,109,403,316,0.019441036507487297
108,110,403,312,0.08232908695936203
108,111,403,311,0.05917220190167427
108,112,403,310,-0.05931258946657181
108,113,403,415,-0.042274512350559235
108,114,403,308,-0.05002877116203308
108,115,403,324,-0.02369847148656845
108,116,403,318,-0.009051371365785599
108,117,403,402,0.020794428884983063
108,118,403,317,0.04475962743163109
109,110,316,312,0.059835609048604965
109,111,316,311,-0.05878162756562233
109,112,316,310,-0.0579439252614975
109,113,316,415,-0.059930138289928436
109,114,316,308,-0.0546790286898613
109,115,316,324,-0.019259877502918243
109,116,316,318,-0.005291983485221863
109,117,316,402,-0.00729142501950264
109,118,316,317,0.01746283657848835
110,111,312,311,0.019785983487963676
110,112,312,310,0.023420605808496475
110,113,312,415,0.04850871115922928
110,114,312,308,0.03779533505439758
110,115,312,324,0.053603872656822205
110,116,312,318,0.068388432264328
110,117,312,402,0.06772956252098083
110,118,312,317,0.02571849897503853
111,112,311,310,0.020292386412620544
111,113,311,415,0.026788512244820595
111,114,311,308,0.03566548228263855
111,115,311,324,0.051984742283821106
111,116,311,318,0.05302392691373825
111,117,311,402,0.030218932777643204
111,118,311,317,-0.05377326160669327
112,113,310,415,0.029458340257406235
112,114,310,308,0.018109438940882683
112,115,310,324,0.03383273258805275
112,116,310,318,0.029835524037480354
112,117,310,402,-0.04340489208698273
112,118,310,317,-0.047842688858509064
113,114,415,308,0.003647773526608944
113,115,415,324,0.001946924952790141
113,116,415,318,-0.017467524856328964
113,117,415,402,-0.030652489513158798
113,118,415,317,-0.03873344510793686
114,115,308,324,-0.002002110704779625
114,116,308,318,-0.024777375161647797
114,117,308,402,-0.045744799077510834
114,118,308,317,-0.031513918191194534
115,116,324,318,0.002364484593272209
115,117,324,402,0.0012349225580692291
115,118,324,317,-0.003662794828414917
116,117,318,402,0.00801629014313221
116,118,318,317,0.01740921288728714
117,118,402,317,0.01072167232632637
