dataset_name,dataset_label,subject,group_id,group_frame_idx,window_idx,prev_window_idx,side_label,side_label_name,free_coeff_l0,free_decoded_index_l0,free_argmax_usage_index_l0,free_argmax_usage_global_b_l0,free_coeff_l1,free_decoded_index_l1,free_argmax_usage_index_l1,free_argmax_usage_global_b_l1,side_coeff,side_argmax_usage_index,basis_usage_b0,basis_activation_b0,basis_usage_b1,basis_activation_b1,basis_usage_b2,basis_activation_b2,basis_usage_b3,basis_activation_b3,basis_usage_b4,basis_activation_b4,basis_usage_b5,basis_activation_b5,basis_usage_b6,basis_activation_b6,basis_usage_b7,basis_activation_b7,basis_usage_b8,basis_activation_b8,basis_usage_b9,basis_activation_b9,basis_usage_b10,basis_activation_b10,start_frame,end_frame,side,score,label_5class,matrix_size,deleted_x,deleted_y
IMR,0,00102,IMR:00102:x:group000,0,2,1,1,Normal,-4.562546730041504,0,0,0,0.06250937283039093,4,4,6,-8.053269386291504,2,0.9961376786231995,-4.544924736022949,0.0038622920401394367,-0.01762188784778118,0.0,0.0,0.0,0.0,0.1703510880470276,0.010648539289832115,0.0,0.0,0.8296488523483276,0.05186082795262337,0.0,0.0,0.1105453222990036,-0.8902512788772583,0.41598641872406006,-3.350050687789917,0.47346827387809753,-3.812967538833618,40,60,-1,0,2,341,0,1
IMR,0,00102,IMR:00102:x:group000,1,3,2,1,Normal,-4.562546730041504,0,0,0,0.06250937283039093,4,4,6,-14.691863059997559,2,0.9961376786231995,-4.544924736022949,0.0038622920401394367,-0.01762188784778118,0.0,0.0,0.0,0.0,0.1703510880470276,0.010648539289832115,0.0,0.0,0.8296488523483276,0.05186082795262337,0.0,0.0,0.03217460215091705,-0.47270485758781433,0.402789831161499,-5.917733192443848,0.5650356411933899,-8.30142593383789,60,80,-1,0,2,341,0,0
IMR,0,00102,IMR:00102:x:group000,2,5,4,1,Normal,-0.014000579714775085,1,0,0,0.011544760316610336,3,3,5,-23.68044090270996,2,0.9510898590087891,-0.013315808959305286,0.04891015589237213,-0.0006847705226391554,0.0,0.0,0.0,0.0,0.17973925173282623,0.002075046533718705,0.8202607035636902,0.0094697130843997,0.0,0.0,0.0,0.0,0.006100653205066919,-0.14446616172790527,0.37656205892562866,-8.917155265808105,0.6173372864723206,-14.618819236755371,100,120,-1,0,2,341,0,0
IMR,0,00102,IMR:00102:x:group000,3,6,5,1,Normal,-4.562546730041504,0,0,0,0.06250937283039093,4,4,6,-13.373870849609375,2,0.9961376786231995,-4.544924736022949,0.0038622920401394367,-0.01762188784778118,0.0,0.0,0.0,0.0,0.1703510880470276,0.010648539289832115,0.0,0.0,0.8296488523483276,0.05186082795262337,0.0,0.0,0.03939652070403099,-0.5268839597702026,0.40244564414024353,-5.382256031036377,0.5581578016281128,-7.464730262756348,120,140,-1,0,2,341,0,1
IMR,0,00102,IMR:00102:x:group001,0,7,6,1,Normal,-4.562546730041504,0,0,0,0.06250937283039093,4,4,6,-16.402727127075195,2,0.9961376786231995,-4.544924736022949,0.0038622920401394367,-0.01762188784778118,0.0,0.0,0.0,0.0,0.1703510880470276,0.010648539289832115,0.0,0.0,0.8296488523483276,0.05186082795262337,0.0,0.0,0.023408733308315277,-0.3839670717716217,0.40814733505249023,-6.694729328155518,0.5684439539909363,-9.324030876159668,140,160,-1,0,2,341,0,0
IMR,0,00102,IMR:00102:x:group001,1,9,8,1,Normal,-0.014000579714775085,1,0,0,0.011544760316610336,3,3,5,-26.65700912475586,2,0.9510898590087891,-0.013315808959305286,0.04891015589237213,-0.0006847705226391554,0.0,0.0,0.0,0.0,0.17973925173282623,0.002075046533718705,0.8202607035636902,0.0094697130843997,0.0,0.0,0.0,0.0,0.003527749562636018,-0.09403925389051437,0.34573304653167725,-9.216209411621094,0.6507391929626465,-17.346759796142578,180,200,-1,0,2,341,0,0
IMR,0,00102,IMR:00102:x:group001,2,11,10,1,Normal,-4.562546730041504,0,0,0,0.06250937283039093,4,4,6,-12.738947868347168,2,0.9961376786231995,-4.544924736022949,0.0038622920401394367,-0.01762188784778118,0.0,0.0,0.0,0.0,0.1703510880470276,0.010648539289832115,0.0,0.0,0.8296488523483276,0.05186082795262337,0.0,0.0,0.0447479672729969,-0.5700420141220093,0.42867836356163025,-5.460911273956299,0.526573657989502,-6.70799446105957,220,240,-1,0,2,341,0,0
IMR,0,00102,IMR:00102:x:group001,3,13,12,1,Normal,-0.014000579714775085,1,0,0,0.011544760316610336,3,3,5,-29.152799606323242,2,0.9510898590087891,-0.013315808959305286,0.04891015589237213,-0.0006847705226391554,0.0,0.0,0.0,0.0,0.17973925173282623,0.002075046533718705,0.8202607035636902,0.0094697130843997,0.0,0.0,0.0,0.0,0.0021774163469672203,-0.0634777843952179,0.33290520310401917,-9.705119132995605,0.6649173498153687,-19.38420295715332,260,280,-1,0,2,341,0,0
IMR,0,00102,IMR:00102:x:group002,0,15,14,1,Normal,-4.562546730041504,0,0,0,0.06250937283039093,4,4,6,-12.121718406677246,2,0.9961376786231995,-4.544924736022949,0.0038622920401394367,-0.01762188784778118,0.0,0.0,0.0,0.0,0.1703510880470276,0.010648539289832115,0.0,0.0,0.8296488523483276,0.05186082795262337,0.0,0.0,0.05074605345726013,-0.6151293516159058,0.43504196405410767,-5.27345609664917,0.5142120122909546,-6.233133316040039,300,320,-1,0,2,341,0,0
IMR,0,00102,IMR:00102:x:group002,1,17,16,1,Normal,-0.014000579714775085,1,0,0,0.011544760316610336,3,3,5,-22.597959518432617,2,0.9510898590087891,-0.013315808959305286,0.04891015589237213,-0.0006847705226391554,0.0,0.0,0.0,0.0,0.17973925173282623,0.002075046533718705,0.8202607035636902,0.0094697130843997,0.0,0.0,0.0,0.0,0.007645506411790848,-0.1727728396654129,0.3507956862449646,-7.927266597747803,0.6415588855743408,-14.49792194366455,340,360,-1,0,2,341,0,0
IMR,0,00102,IMR:00102:x:group002,2,18,17,1,Normal,-0.014000579714775085,1,0,0,0.011544760316610336,3,3,5,-14.182904243469238,2,0.9510898590087891,-0.013315808959305286,0.04891015589237213,-0.0006847705226391554,0.0,0.0,0.0,0.0,0.17973925173282623,0.002075046533718705,0.8202607035636902,0.0094697130843997,0.0,0.0,0.0,0.0,0.03231649473309517,-0.4583417475223541,0.3928479850292206,-5.571725368499756,0.5748355388641357,-8.152837753295898,360,380,-1,0,2,341,0,0
IMR,0,00212,IMR:00212:x:group003,0,13,12,0,Left,-4.562546730041504,0,0,0,0.06250937283039093,4,4,6,18.504657745361328,2,0.9961376786231995,-4.544924736022949,0.0038622920401394367,-0.01762188784778118,0.0,0.0,0.0,0.0,0.1703510880470276,0.010648539289832115,0.0,0.0,0.8296488523483276,0.05186082795262337,0.0,0.0,3.449225187068805e-05,0.0006382673163898289,0.00025853037368506193,0.004784015938639641,0.9997069239616394,18.499235153198242,260,280,0,2,0,341,0,0
IMR,0,00212,IMR:00212:x:group003,1,14,13,0,Left,-4.562546730041504,0,0,0,0.06250937283039093,4,4,6,14.250163078308105,2,0.9961376786231995,-4.544924736022949,0.0038622920401394367,-0.01762188784778118,0.0,0.0,0.0,0.0,0.1703510880470276,0.010648539289832115,0.0,0.0,0.8296488523483276,0.05186082795262337,0.0,0.0,0.00034092465648427606,0.004858232103288174,0.0016498692566528916,0.023510906845331192,0.9980092644691467,14.221795082092285,280,300,0,2,0,341,0,0
IMR,0,00212,IMR:00212:x:group003,2,17,16,0,Left,-4.562546730041504,0,0,0,0.06250937283039093,4,4,6,16.384193420410156,2,0.9961376786231995,-4.544924736022949,0.0038622920401394367,-0.01762188784778118,0.0,0.0,0.0,0.0,0.1703510880470276,0.010648539289832115,0.0,0.0,0.8296488523483276,0.05186082795262337,0.0,0.0,0.0001093865284929052,0.0017922100378200412,0.0006534275598824024,0.010705883614718914,0.9992371797561646,16.371694564819336,340,360,0,2,0,341,0,1
IMR,0,00212,IMR:00212:x:group003,3,22,21,0,Left,-4.562546730041504,0,0,0,0.06250937283039093,4,4,6,-7.464808464050293,2,0.9961376786231995,-4.544924736022949,0.0038622920401394367,-0.01762188784778118,0.0,0.0,0.0,0.0,0.1703510880470276,0.010648539289832115,0.0,0.0,0.8296488523483276,0.05186082795262337,0.0,0.0,0.11013282090425491,-0.8221204280853271,0.381237655878067,-2.8458659648895264,0.5086295008659363,-3.7968218326568604,440,460,0,2,0,341,0,1
IMR,0,00212,IMR:00212:x:group004,0,28,27,0,Left,-0.014000579714775085,1,0,0,0.011544760316610336,3,3,5,-0.06853578984737396,2,0.9510898590087891,-0.013315808959305286,0.04891015589237213,-0.0006847705226391554,0.0,0.0,0.0,0.0,0.17973925173282623,0.002075046533718705,0.8202607035636902,0.0094697130843997,0.0,0.0,0.0,0.0,0.34785789251327515,-0.02384071610867977,0.29202571511268616,-0.020014213398098946,0.3601164221763611,-0.024680864065885544,560,580,0,2,0,341,0,0
IMR,0,00212,IMR:00212:x:group004,1,29,28,0,Left,-0.014000579714775085,1,0,0,0.011544760316610336,3,3,5,0.01833353191614151,2,0.9510898590087891,-0.013315808959305286,0.04891015589237213,-0.0006847705226391554,0.0,0.0,0.0,0.0,0.17973925173282623,0.002075046533718705,0.8202607035636902,0.0094697130843997,0.0,0.0,0.0,0.0,0.34688887000083923,0.006359698250889778,0.28715845942497253,0.005264628678560257,0.3659527003765106,0.006709205452352762,580,600,0,2,0,341,0,0
IMR,0,00228,IMR:00228:x:group005,0,5,4,1,Normal,-0.014000579714775085,1,0,0,0.011544760316610336,3,3,5,-15.76719856262207,2,0.9510898590087891,-0.013315808959305286,0.04891015589237213,-0.0006847705226391554,0.0,0.0,0.0,0.0,0.17973925173282623,0.002075046533718705,0.8202607035636902,0.0094697130843997,0.0,0.0,0.0,0.0,0.024433214217424393,-0.38524332642555237,0.37405073642730713,-5.897732257843018,0.60151606798172,-9.484223365783691,100,120,-1,0,2,341,0,0
IMR,0,00229,IMR:00229:x:group006,0,5,4,1,Normal,-0.014000579714775085,1,0,0,0.011544760316610336,3,3,5,-13.980097770690918,2,0.9510898590087891,-0.013315808959305286,0.04891015589237213,-0.0006847705226391554,0.0,0.0,0.0,0.0,0.17973925173282623,0.002075046533718705,0.8202607035636902,0.0094697130843997,0.0,0.0,0.0,0.0,0.03364107757806778,-0.47030556201934814,0.4451863169670105,-6.223748207092285,0.5211725831031799,-7.286043643951416,100,120,-1,0,2,341,0,0
IMR,0,00230,IMR:00230:x:group007,0,5,4,1,Normal,-0.014000579714775085,1,0,0,0.011544760316610336,3,3,5,-14.0778226852417,2,0.9510898590087891,-0.013315808959305286,0.04891015589237213,-0.0006847705226391554,0.0,0.0,0.0,0.0,0.17973925173282623,0.002075046533718705,0.8202607035636902,0.0094697130843997,0.0,0.0,0.0,0.0,0.034907277673482895,-0.4914184510707855,0.39524397253990173,-5.564174652099609,0.5698486566543579,-8.022228240966797,100,120,-1,0,2,341,0,0
IMR,0,00231,IMR:00231:x:group008,0,5,4,1,Normal,-0.014000579714775085,1,0,0,0.011544760316610336,3,3,5,-14.573141098022461,2,0.9510898590087891,-0.013315808959305286,0.04891015589237213,-0.0006847705226391554,0.0,0.0,0.0,0.0,0.17973925173282623,0.002075046533718705,0.8202607035636902,0.0094697130843997,0.0,0.0,0.0,0.0,0.031783998012542725,-0.4631927013397217,0.39997878670692444,-5.828947067260742,0.5682371854782104,-8.281001091003418,100,120,-1,0,2,341,0,0
IMR,0,00232,IMR:00232:x:group009,0,5,4,1,Normal,-0.014000579714775085,1,0,0,0.011544760316610336,3,3,5,-17.599655151367188,2,0.9510898590087891,-0.013315808959305286,0.04891015589237213,-0.0006847705226391554,0.0,0.0,0.0,0.0,0.17973925173282623,0.002075046533718705,0.8202607035636902,0.0094697130843997,0.0,0.0,0.0,0.0,0.018868904560804367,-0.3320862054824829,0.37544283270835876,-6.607664585113525,0.6056882739067078,-10.659904479980469,100,120,-1,0,2,341,0,0
IMR,0,00233,IMR:00233:x:group010,0,5,4,1,Normal,-0.014000579714775085,1,0,0,0.011544760316610336,3,3,5,-21.60434913635254,2,0.9510898590087891,-0.013315808959305286,0.04891015589237213,-0.0006847705226391554,0.0,0.0,0.0,0.0,0.17973925173282623,0.002075046533718705,0.8202607035636902,0.0094697130843997,0.0,0.0,0.0,0.0,0.00923327635973692,-0.19947892427444458,0.35453885793685913,-7.659581184387207,0.6362278461456299,-13.745288848876953,100,120,-1,0,2,341,0,0
IMR,0,00234,IMR:00234:x:group011,0,5,4,1,Normal,-0.014000579714775085,1,0,0,0.011544760316610336,3,3,5,-12.931931495666504,2,0.9510898590087891,-0.013315808959305286,0.04891015589237213,-0.0006847705226391554,0.0,0.0,0.0,0.0,0.17973925173282623,0.002075046533718705,0.8202607035636902,0.0094697130843997,0.0,0.0,0.0,0.0,0.042441610246896744,-0.5488519668579102,0.39831650257110596,-5.151001930236816,0.5592418909072876,-7.232077598571777,100,120,-1,0,2,341,0,0
IMR,0,00235,IMR:00235:x:group012,0,5,4,1,Normal,-0.014000579714775085,1,0,0,0.011544760316610336,3,3,5,-11.879844665527344,1,0.9510898590087891,-0.013315808959305286,0.04891015589237213,-0.0006847705226391554,0.0,0.0,0.0,0.0,0.17973925173282623,0.002075046533718705,0.8202607035636902,0.0094697130843997,0.0,0.0,0.0,0.0,0.045865923166275024,-0.5448800325393677,0.49884989857673645,-5.926259517669678,0.4552841782569885,-5.408705234527588,100,120,-1,0,2,341,0,0
IMR,0,00236,IMR:00236:x:group013,0,5,4,1,Normal,-0.014000579714775085,1,0,0,0.011544760316610336,3,3,5,-18.319135665893555,2,0.9510898590087891,-0.013315808959305286,0.04891015589237213,-0.0006847705226391554,0.0,0.0,0.0,0.0,0.17973925173282623,0.002075046533718705,0.8202607035636902,0.0094697130843997,0.0,0.0,0.0,0.0,0.016174687072634697,-0.2963062822818756,0.39409762620925903,-7.219527721405029,0.5897276401519775,-10.803300857543945,100,120,-1,0,2,341,0,0
IMR,0,00237,IMR:00237:x:group014,0,5,4,1,Normal,-0.014000579714775085,1,0,0,0.011544760316610336,3,3,5,-21.874929428100586,2,0.9510898590087891,-0.013315808959305286,0.04891015589237213,-0.0006847705226391554,0.0,0.0,0.0,0.0,0.17973925173282623,0.002075046533718705,0.8202607035636902,0.0094697130843997,0.0,0.0,0.0,0.0,0.008660254999995232,-0.1894424706697464,0.375637412071228,-8.217041969299316,0.6157023310661316,-13.46844482421875,100,120,-1,0,2,341,0,0
IMR,0,00238,IMR:00238:x:group015,0,5,4,1,Normal,-0.014000579714775085,1,0,0,0.011544760316610336,3,3,5,-21.093469619750977,2,0.9510898590087891,-0.013315808959305286,0.04891015589237213,-0.0006847705226391554,0.0,0.0,0.0,0.0,0.17973925173282623,0.002075046533718705,0.8202607035636902,0.0094697130843997,0.0,0.0,0.0,0.0,0.009289759211242199,-0.19595324993133545,0.3980555832386017,-8.396373748779297,0.5926547050476074,-12.501144409179688,100,120,-1,0,2,341,0,0
IMR,0,00239,IMR:00239:x:group016,0,5,4,1,Normal,-0.014000579714775085,1,0,0,0.011544760316610336,3,3,5,-20.634130477905273,2,0.9510898590087891,-0.013315808959305286,0.04891015589237213,-0.0006847705226391554,0.0,0.0,0.0,0.0,0.17973925173282623,0.002075046533718705,0.8202607035636902,0.0094697130843997,0.0,0.0,0.0,0.0,0.01025567390024662,-0.21161691844463348,0.42455336451530457,-8.760289192199707,0.5651910305023193,-11.662225723266602,100,120,-1,0,2,341,0,0
IMR,0,00240,IMR:00240:x:group017,0,5,4,1,Normal,-0.014000579714775085,1,0,0,0.011544760316610336,3,3,5,-19.368200302124023,2,0.9510898590087891,-0.013315808959305286,0.04891015589237213,-0.0006847705226391554,0.0,0.0,0.0,0.0,0.17973925173282623,0.002075046533718705,0.8202607035636902,0.0094697130843997,0.0,0.0,0.0,0.0,0.012632438912987709,-0.24466760456562042,0.36653873324394226,-7.09919548034668,0.6208288073539734,-12.024336814880371,100,120,-1,0,2,341,0,0
IMR,0,00241,IMR:00241:x:group018,0,5,4,1,Normal,-0.014000579714775085,1,0,0,0.011544760316610336,3,3,5,-0.9080607891082764,2,0.9510898590087891,-0.013315808959305286,0.04891015589237213,-0.0006847705226391554,0.0,0.0,0.0,0.0,0.17973925173282623,0.002075046533718705,0.8202607035636902,0.0094697130843997,0.0,0.0,0.0,0.0,0.3007018566131592,-0.2730555534362793,0.31430843472480774,-0.28541117906570435,0.3849896788597107,-0.34959402680397034,100,120,-1,0,2,341,0,0
IMR,0,00242,IMR:00242:x:group019,0,2,1,1,Normal,-0.014000579714775085,1,0,0,0.011544760316610336,3,3,5,6.677621841430664,2,0.9510898590087891,-0.013315808959305286,0.04891015589237213,-0.0006847705226391554,0.0,0.0,0.0,0.0,0.17973925173282623,0.002075046533718705,0.8202607035636902,0.0094697130843997,0.0,0.0,0.0,0.0,0.022836381569504738,0.1524927169084549,0.04718370735645294,0.31507495045661926,0.9299799799919128,6.210054397583008,40,60,-1,0,2,341,0,1
IMR,0,00242,IMR:00242:x:group019,1,5,4,1,Normal,-0.014000579714775085,1,0,0,0.011544760316610336,3,3,5,-9.33873462677002,2,0.9510898590087891,-0.013315808959305286,0.04891015589237213,-0.0006847705226391554,0.0,0.0,0.0,0.0,0.17973925173282623,0.002075046533718705,0.8202607035636902,0.0094697130843997,0.0,0.0,0.0,0.0,0.07503654062747955,-0.7007463574409485,0.39778241515159607,-3.7147843837738037,0.527181088924408,-4.92320442199707,100,120,-1,0,2,341,0,0
IMR,0,00243,IMR:00243:x:group020,0,5,4,1,Normal,-0.014000579714775085,1,0,0,0.011544760316610336,3,3,5,-14.888030052185059,2,0.9510898590087891,-0.013315808959305286,0.04891015589237213,-0.0006847705226391554,0.0,0.0,0.0,0.0,0.17973925173282623,0.002075046533718705,0.8202607035636902,0.0094697130843997,0.0,0.0,0.0,0.0,0.0303470641374588,-0.45180800557136536,0.3865791857242584,-5.755402565002441,0.5830737352371216,-8.680819511413574,100,120,-1,0,2,341,0,0
IMR,0,00244,IMR:00244:x:group021,0,5,4,1,Normal,-0.014000579714775085,1,0,0,0.011544760316610336,3,3,5,-14.664355278015137,2,0.9510898590087891,-0.013315808959305286,0.04891015589237213,-0.0006847705226391554,0.0,0.0,0.0,0.0,0.17973925173282623,0.002075046533718705,0.8202607035636902,0.0094697130843997,0.0,0.0,0.0,0.0,0.030120760202407837,-0.4417015314102173,0.41013872623443604,-6.014420032501221,0.5597404837608337,-8.208232879638672,100,120,-1,0,2,341,0,0
IMR,0,00245,IMR:00245:x:group022,0,5,4,1,Normal,-0.014000579714775085,1,0,0,0.011544760316610336,3,3,5,-21.383176803588867,2,0.9510898590087891,-0.013315808959305286,0.04891015589237213,-0.0006847705226391554,0.0,0.0,0.0,0.0,0.17973925173282623,0.002075046533718705,0.8202607035636902,0.0094697130843997,0.0,0.0,0.0,0.0,0.00906266551464796,-0.1937885731458664,0.36640238761901855,-7.8348469734191895,0.6245349049568176,-13.35453987121582,100,120,-1,0,2,341,0,0
IMR,0,00246,IMR:00246:x:group023,0,5,4,1,Normal,-0.014000579714775085,1,0,0,0.011544760316610336,3,3,5,-17.247220993041992,2,0.9510898590087891,-0.013315808959305286,0.04891015589237213,-0.0006847705226391554,0.0,0.0,0.0,0.0,0.17973925173282623,0.002075046533718705,0.8202607035636902,0.0094697130843997,0.0,0.0,0.0,0.0,0.018299244344234467,-0.3156111240386963,0.37838247418403625,-6.526046276092529,0.6033182144165039,-10.405562400817871,100,120,-1,0,2,341,0,0
IMR,0,00247,IMR:00247:x:group024,0,5,4,1,Normal,-0.014000579714775085,1,0,0,0.011544760316610336,3,3,5,-16.15824317932129,2,0.9510898590087891,-0.013315808959305286,0.04891015589237213,-0.0006847705226391554,0.0,0.0,0.0,0.0,0.17973925173282623,0.002075046533718705,0.8202607035636902,0.0094697130843997,0.0,0.0,0.0,0.0,0.022819848731160164,-0.3687286674976349,0.3989565968513489,-6.446437835693359,0.5782235860824585,-9.343077659606934,100,120,-1,0,2,341,0,0
IMR,0,00248,IMR:00248:x:group025,0,5,4,1,Normal,-0.014000579714775085,1,0,0,0.011544760316610336,3,3,5,-15.502150535583496,2,0.9510898590087891,-0.013315808959305286,0.04891015589237213,-0.0006847705226391554,0.0,0.0,0.0,0.0,0.17973925173282623,0.002075046533718705,0.8202607035636902,0.0094697130843997,0.0,0.0,0.0,0.0,0.025001205503940582,-0.38757243752479553,0.439113587141037,-6.807204723358154,0.535885214805603,-8.307373046875,100,120,-1,0,2,341,0,0
IMR,0,00249,IMR:00249:x:group026,0,5,4,1,Normal,-0.014000579714775085,1,0,0,0.011544760316610336,3,3,5,-23.719404220581055,2,0.9510898590087891,-0.013315808959305286,0.04891015589237213,-0.0006847705226391554,0.0,0.0,0.0,0.0,0.17973925173282623,0.002075046533718705,0.8202607035636902,0.0094697130843997,0.0,0.0,0.0,0.0,0.005520503968000412,-0.13094305992126465,0.3540806770324707,-8.398582458496094,0.6403988599777222,-15.189879417419434,100,120,-1,0,2,341,0,0
IMR,0,00250,IMR:00250:x:group027,0,5,4,1,Normal,-0.014000579714775085,1,0,0,0.011544760316610336,3,3,5,-22.627445220947266,2,0.9510898590087891,-0.013315808959305286,0.04891015589237213,-0.0006847705226391554,0.0,0.0,0.0,0.0,0.17973925173282623,0.002075046533718705,0.8202607035636902,0.0094697130843997,0.0,0.0,0.0,0.0,0.007047837600111961,-0.15947456657886505,0.3744364380836487,-8.472539901733398,0.61851567029953,-13.995429039001465,100,120,-1,0,2,341,0,0
IMR,0,00251,IMR:00251:x:group028,0,5,4,1,Normal,-0.014000579714775085,1,0,0,0.011544760316610336,3,3,5,-9.353472709655762,2,0.9510898590087891,-0.013315808959305286,0.04891015589237213,-0.0006847705226391554,0.0,0.0,0.0,0.0,0.17973925173282623,0.002075046533718705,0.8202607035636902,0.0094697130843997,0.0,0.0,0.0,0.0,0.08120251446962357,-0.7595254778862,0.415812224149704,-3.8892881870269775,0.5029852390289307,-4.704658508300781,100,120,-1,0,2,341,0,0
IMR,0,00252,IMR:00252:x:group029,0,5,4,1,Normal,-4.562546730041504,0,0,0,0.06250937283039093,4,4,6,-13.29913330078125,2,0.9961376786231995,-4.544924736022949,0.0038622920401394367,-0.01762188784778118,0.0,0.0,0.0,0.0,0.1703510880470276,0.010648539289832115,0.0,0.0,0.8296488523483276,0.05186082795262337,0.0,0.0,0.0391986146569252,-0.5213075876235962,0.4158185124397278,-5.530025959014893,0.5449828505516052,-7.247799396514893,100,120,0,0,2,341,0,0
IMR,0,00253,IMR:00253:x:group030,0,5,4,0,Left,-0.014000579714775085,1,0,0,0.011544760316610336,3,3,5,15.7693452835083,2,0.9510898590087891,-0.013315808959305286,0.04891015589237213,-0.0006847705226391554,0.0,0.0,0.0,0.0,0.17973925173282623,0.002075046533718705,0.8202607035636902,0.0094697130843997,0.0,0.0,0.0,0.0,0.00016260449774563313,0.0025641664396971464,0.0009124057251028717,0.014388040639460087,0.9989249110221863,15.752391815185547,100,120,0,1,1,341,0,0
IMR,0,00254,IMR:00254:x:group031,0,5,4,0,Left,-0.014000579714775085,1,0,0,0.011544760316610336,3,3,5,6.647091388702393,2,0.9510898590087891,-0.013315808959305286,0.04891015589237213,-0.0006847705226391554,0.0,0.0,0.0,0.0,0.17973925173282623,0.002075046533718705,0.8202607035636902,0.0094697130843997,0.0,0.0,0.0,0.0,0.024047184735536575,0.1598438322544098,0.04626142978668213,0.30750393867492676,0.9296913743019104,6.17974328994751,100,120,0,1,1,341,0,0
IMR,0,00255,IMR:00255:x:group032,0,5,4,0,Left,-0.014000579714775085,1,0,0,0.011544760316610336,3,3,5,8.666637420654297,2,0.9510898590087891,-0.013315808959305286,0.04891015589237213,-0.0006847705226391554,0.0,0.0,0.0,0.0,0.17973925173282623,0.002075046533718705,0.8202607035636902,0.0094697130843997,0.0,0.0,0.0,0.0,0.007411541882902384,0.06423314660787582,0.02011953853070736,0.1743687391281128,0.972468912601471,8.428035736083984,100,120,0,1,1,341,0,0
IMR,0,00256,IMR:00256:x:group033,0,5,4,1,Normal,-0.014000579714775085,1,0,0,0.011544760316610336,3,3,5,-19.517839431762695,2,0.9510898590087891,-0.013315808959305286,0.04891015589237213,-0.0006847705226391554,0.0,0.0,0.0,0.0,0.17973925173282623,0.002075046533718705,0.8202607035636902,0.0094697130843997,0.0,0.0,0.0,0.0,0.012836483307182789,-0.2505404055118561,0.40648138523101807,-7.933638572692871,0.580682098865509,-11.333660125732422,100,120,0,0,2,341,0,0
IMR,0,00257,IMR:00257:x:group034,0,5,4,1,Normal,-0.014000579714775085,1,0,0,0.011544760316610336,3,3,5,-26.4040584564209,2,0.9510898590087891,-0.013315808959305286,0.04891015589237213,-0.0006847705226391554,0.0,0.0,0.0,0.0,0.17973925173282623,0.002075046533718705,0.8202607035636902,0.0094697130843997,0.0,0.0,0.0,0.0,0.003206550842151046,-0.08466595411300659,0.42813923954963684,-11.30461311340332,0.5686542391777039,-15.014780044555664,100,120,0,0,2,341,0,0
IMR,0,00258,IMR:00258:x:group035,0,5,4,1,Normal,-0.014000579714775085,1,0,0,0.011544760316610336,3,3,5,-20.906431198120117,2,0.9510898590087891,-0.013315808959305286,0.04891015589237213,-0.0006847705226391554,0.0,0.0,0.0,0.0,0.17973925173282623,0.002075046533718705,0.8202607035636902,0.0094697130843997,0.0,0.0,0.0,0.0,0.008096018806099892,-0.16925886273384094,0.490230917930603,-10.248978614807129,0.50167316198349,-10.488195419311523,100,120,0,0,2,341,0,0
IMR,0,00259,IMR:00259:x:group036,0,5,4,1,Normal,-0.014000579714775085,1,0,0,0.011544760316610336,3,3,5,-17.944929122924805,2,0.9510898590087891,-0.013315808959305286,0.04891015589237213,-0.0006847705226391554,0.0,0.0,0.0,0.0,0.17973925173282623,0.002075046533718705,0.8202607035636902,0.0094697130843997,0.0,0.0,0.0,0.0,0.014295481145381927,-0.25653138756752014,0.4850410223007202,-8.70402717590332,0.5006634593009949,-8.984370231628418,100,120,0,0,2,341,0,0
IMR,0,00260,IMR:00260:x:group037,0,5,4,0,Left,-0.014000579714775085,1,0,0,0.011544760316610336,3,3,5,19.96997833251953,2,0.9510898590087891,-0.013315808959305286,0.04891015589237213,-0.0006847705226391554,0.0,0.0,0.0,0.0,0.17973925173282623,0.002075046533718705,0.8202607035636902,0.0094697130843997,0.0,0.0,0.0,0.0,1.7655744159128517e-05,0.00035258481511846185,0.0001606918522156775,0.003209012793377042,0.9998217225074768,19.96641731262207,100,120,0,1,1,341,0,0
IMR,0,00261,IMR:00261:x:group038,0,5,4,0,Left,-0.014000579714775085,1,0,0,0.011544760316610336,3,3,5,31.874059677124023,2,0.9510898590087891,-0.013315808959305286,0.04891015589237213,-0.0006847705226391554,0.0,0.0,0.0,0.0,0.17973925173282623,0.002075046533718705,0.8202607035636902,0.0094697130843997,0.0,0.0,0.0,0.0,2.6348619286409303e-08,8.398374689022603e-07,8.943191005528206e-07,2.8505581212812103e-05,0.9999990463256836,31.8740291595459,100,120,0,1,1,341,0,0
IMR,0,00262,IMR:00262:x:group039,0,5,4,0,Left,-0.014000579714775085,1,0,0,0.011544760316610336,3,3,5,11.15318489074707,2,0.9510898590087891,-0.013315808959305286,0.04891015589237213,-0.0006847705226391554,0.0,0.0,0.0,0.0,0.17973925173282623,0.002075046533718705,0.8202607035636902,0.0094697130843997,0.0,0.0,0.0,0.0,0.002109599532559514,0.023528752848505974,0.006820022128522396,0.07606496661901474,0.9910703897476196,11.05359172821045,100,120,0,1,1,341,0,0
IMR,0,00263,IMR:00263:x:group040,0,5,4,0,Left,-0.014000579714775085,1,0,0,0.011544760316610336,3,3,5,18.62253761291504,2,0.9510898590087891,-0.013315808959305286,0.04891015589237213,-0.0006847705226391554,0.0,0.0,0.0,0.0,0.17973925173282623,0.002075046533718705,0.8202607035636902,0.0094697130843997,0.0,0.0,0.0,0.0,3.7781210266985e-05,0.0007035820162855089,0.00028649342129938304,0.005335234571248293,0.9996757507324219,18.616498947143555,100,120,0,2,0,341,0,0
IMR,0,00264,IMR:00264:x:group041,0,5,4,0,Left,-0.014000579714775085,1,0,0,0.011544760316610336,3,3,5,16.059934616088867,2,0.9510898590087891,-0.013315808959305286,0.04891015589237213,-0.0006847705226391554,0.0,0.0,0.0,0.0,0.17973925173282623,0.002075046533718705,0.8202607035636902,0.0094697130843997,0.0,0.0,0.0,0.0,0.00014029443264007568,0.002253119368106127,0.0008217920549213886,0.013197926804423332,0.9990379810333252,16.044485092163086,100,120,0,1,1,341,0,0
IMR,0,00265,IMR:00265:x:group042,0,5,4,0,Left,-0.014000579714775085,1,0,0,0.011544760316610336,3,3,5,27.737871170043945,2,0.9510898590087891,-0.013315808959305286,0.04891015589237213,-0.0006847705226391554,0.0,0.0,0.0,0.0,0.17973925173282623,0.002075046533718705,0.8202607035636902,0.0094697130843997,0.0,0.0,0.0,0.0,2.298553312130025e-07,6.375697466864949e-06,5.034677997173276e-06,0.0001396512525388971,0.9999947547912598,27.73772621154785,100,120,0,1,1,341,0,0
IMR,0,00266,IMR:00266:x:group043,0,5,4,0,Left,-0.014000579714775085,1,0,0,0.011544760316610336,3,3,5,11.550898551940918,2,0.9510898590087891,-0.013315808959305286,0.04891015589237213,-0.0006847705226391554,0.0,0.0,0.0,0.0,0.17973925173282623,0.002075046533718705,0.8202607035636902,0.0094697130843997,0.0,0.0,0.0,0.0,0.0016845797654241323,0.019458409398794174,0.005955657921731472,0.06879319995641708,0.9923598170280457,11.462647438049316,100,120,0,1,1,341,0,0
IMR,0,00267,IMR:00267:x:group044,0,5,4,1,Normal,-0.014000579714775085,1,0,0,0.011544760316610336,3,3,5,-14.908906936645508,2,0.9510898590087891,-0.013315808959305286,0.04891015589237213,-0.0006847705226391554,0.0,0.0,0.0,0.0,0.17973925173282623,0.002075046533718705,0.8202607035636902,0.0094697130843997,0.0,0.0,0.0,0.0,0.02954891510307789,-0.4405420124530792,0.43433043360710144,-6.475391864776611,0.536120593547821,-7.992971897125244,100,120,0,0,2,341,0,0
IMR,0,00268,IMR:00268:x:group045,0,5,4,0,Left,-0.014000579714775085,1,0,0,0.011544760316610336,3,3,5,30.958412170410156,2,0.9510898590087891,-0.013315808959305286,0.04891015589237213,-0.0006847705226391554,0.0,0.0,0.0,0.0,0.17973925173282623,0.002075046533718705,0.8202607035636902,0.0094697130843997,0.0,0.0,0.0,0.0,3.971602779984096e-08,1.2295452052057954e-06,1.2239192983543035e-06,3.789059701375663e-05,0.9999986886978149,30.958372116088867,100,120,0,1,1,341,0,0
IMR,0,00269,IMR:00269:x:group046,0,5,4,0,Left,-0.014000579714775085,1,0,0,0.011544760316610336,3,3,5,27.923738479614258,2,0.9510898590087891,-0.013315808959305286,0.04891015589237213,-0.0006847705226391554,0.0,0.0,0.0,0.0,0.17973925173282623,0.002075046533718705,0.8202607035636902,0.0094697130843997,0.0,0.0,0.0,0.0,2.150262048417062e-07,6.004335318721132e-06,4.740318217955064e-06,0.0001323674077866599,0.9999949932098389,27.923599243164062,100,120,0,2,0,341,0,0
IMR,0,00270,IMR:00270:x:group047,0,5,4,0,Left,-0.014000579714775085,1,0,0,0.011544760316610336,3,3,5,22.223045349121094,2,0.9510898590087891,-0.013315808959305286,0.04891015589237213,-0.0006847705226391554,0.0,0.0,0.0,0.0,0.17973925173282623,0.002075046533718705,0.8202607035636902,0.0094697130843997,0.0,0.0,0.0,0.0,6.173215297167189e-06,0.00013718764239456505,7.011957495706156e-05,0.00155827053822577,0.9999237060546875,22.221349716186523,100,120,0,1,1,341,0,0
IMR,0,00271,IMR:00271:x:group048,0,5,4,1,Normal,-0.014000579714775085,1,0,0,0.011544760316610336,3,3,5,-19.200895309448242,2,0.9510898590087891,-0.013315808959305286,0.04891015589237213,-0.0006847705226391554,0.0,0.0,0.0,0.0,0.17973925173282623,0.002075046533718705,0.8202607035636902,0.0094697130843997,0.0,0.0,0.0,0.0,0.013399308547377586,-0.257278710603714,0.42860302329063416,-8.229561805725098,0.5579977035522461,-10.714055061340332,100,120,0,0,2,341,0,0
IMR,0,00272,IMR:00272:x:group049,0,5,4,0,Left,-0.014000579714775085,1,0,0,0.06250937283039093,4,4,6,14.935276985168457,2,0.9510898590087891,-0.013315808959305286,0.04891015589237213,-0.0006847705226391554,0.0,0.0,0.0,0.0,0.1703510880470276,0.010648539289832115,0.0,0.0,0.8296488523483276,0.05186082795262337,0.0,0.0,0.0002572708763182163,0.003842411795631051,0.0013009615940973163,0.019430221989750862,0.998441755771637,14.912004470825195,100,120,0,1,1,341,0,0
IMR,0,00273,IMR:00273:x:group050,0,5,4,0,Left,-0.014000579714775085,1,0,0,0.011544760316610336,3,3,5,28.26255989074707,2,0.9510898590087891,-0.013315808959305286,0.04891015589237213,-0.0006847705226391554,0.0,0.0,0.0,0.0,0.17973925173282623,0.002075046533718705,0.8202607035636902,0.0094697130843997,0.0,0.0,0.0,0.0,1.6760014887040597e-07,4.736809387395624e-06,3.8380981095542666e-06,0.00010847447993000969,0.9999959468841553,28.2624454498291,100,120,0,1,1,341,0,0
IMR,0,00274,IMR:00274:x:group051,0,5,4,0,Left,-0.014000579714775085,1,0,0,0.011544760316610336,3,3,5,24.0262508392334,2,0.9510898590087891,-0.013315808959305286,0.04891015589237213,-0.0006847705226391554,0.0,0.0,0.0,0.0,0.17973925173282623,0.002075046533718705,0.8202607035636902,0.0094697130843997,0.0,0.0,0.0,0.0,1.8438998949932284e-06,4.4301999878371134e-05,2.5900582841131836e-05,0.0006222939118742943,0.9999722242355347,24.025583267211914,100,120,0,1,1,341,0,0
IMR,0,00275,IMR:00275:x:group052,0,5,4,1,Normal,-0.014000579714775085,1,0,0,0.011544760316610336,3,3,5,-27.435178756713867,2,0.9510898590087891,-0.013315808959305286,0.04891015589237213,-0.0006847705226391554,0.0,0.0,0.0,0.0,0.17973925173282623,0.002075046533718705,0.8202607035636902,0.0094697130843997,0.0,0.0,0.0,0.0,0.002738025039434433,-0.07511820644140244,0.4122033417224884,-11.30887222290039,0.5850586295127869,-16.05118751525879,100,120,0,0,2,341,0,0
IMR,0,00276,IMR:00276:x:group053,0,5,4,2,Right,-0.014000579714775085,1,0,0,0.011544760316610336,3,3,5,-0.07242371886968613,2,0.9510898590087891,-0.013315808959305286,0.04891015589237213,-0.0006847705226391554,0.0,0.0,0.0,0.0,0.17973925173282623,0.002075046533718705,0.8202607035636902,0.0094697130843997,0.0,0.0,0.0,0.0,0.34337660670280457,-0.024868611246347427,0.2963806390762329,-0.021464988589286804,0.36024269461631775,-0.026090115308761597,100,120,1,2,4,341,0,0
IMR,0,00277,IMR:00277:x:group054,0,5,4,2,Right,-0.014000579714775085,1,0,0,0.011544760316610336,3,3,5,0.023680835962295532,2,0.9510898590087891,-0.013315808959305286,0.04891015589237213,-0.0006847705226391554,0.0,0.0,0.0,0.0,0.17973925173282623,0.002075046533718705,0.8202607035636902,0.0094697130843997,0.0,0.0,0.0,0.0,0.34120410680770874,0.008079998195171356,0.2854481041431427,0.006759649608284235,0.37334784865379333,0.008841189555823803,100,120,1,1,3,341,0,0
IMR,0,00278,IMR:00278:x:group055,0,5,4,2,Right,-0.014000579714775085,1,0,0,0.011544760316610336,3,3,5,-0.2574927508831024,2,0.9510898590087891,-0.013315808959305286,0.04891015589237213,-0.0006847705226391554,0.0,0.0,0.0,0.0,0.17973925173282623,0.002075046533718705,0.8202607035636902,0.0094697130843997,0.0,0.0,0.0,0.0,0.317702978849411,-0.08180621266365051,0.3082689940929413,-0.07937703281641006,0.3740280270576477,-0.09630950540304184,100,120,1,1,3,341,0,0
IMR,0,00279,IMR:00279:x:group056,0,5,4,2,Right,-0.014000579714775085,1,0,0,0.011544760316610336,3,3,5,-0.07822046428918839,2,0.9510898590087891,-0.013315808959305286,0.04891015589237213,-0.0006847705226391554,0.0,0.0,0.0,0.0,0.17973925173282623,0.002075046533718705,0.8202607035636902,0.0094697130843997,0.0,0.0,0.0,0.0,0.34184926748275757,-0.026739608496427536,0.29783353209495544,-0.023296676576137543,0.360317200422287,-0.028184179216623306,100,120,1,1,3,341,0,0
IMR,0,00280,IMR:00280:x:group057,0,5,4,2,Right,-0.014000579714775085,1,0,0,0.011544760316610336,3,3,5,-0.07528646290302277,0,0.9510898590087891,-0.013315808959305286,0.04891015589237213,-0.0006847705226391554,0.0,0.0,0.0,0.0,0.17973925173282623,0.002075046533718705,0.8202607035636902,0.0094697130843997,0.0,0.0,0.0,0.0,0.374119371175766,-0.02816612459719181,0.25761380791664124,-0.019394831731915474,0.3682668209075928,-0.02772550657391548,100,120,1,1,3,341,0,0
IMR,0,00281,IMR:00281:x:group058,0,5,4,2,Right,-0.014000579714775085,1,0,0,0.011544760316610336,3,3,5,-0.06843318045139313,0,0.9510898590087891,-0.013315808959305286,0.04891015589237213,-0.0006847705226391554,0.0,0.0,0.0,0.0,0.17973925173282623,0.002075046533718705,0.8202607035636902,0.0094697130843997,0.0,0.0,0.0,0.0,0.3694117069244385,-0.025280017405748367,0.26209449768066406,-0.01793595962226391,0.3684937357902527,-0.025217197835445404,100,120,1,1,3,341,0,0
IMR,0,00282,IMR:00282:x:group059,0,5,4,2,Right,-0.014000579714775085,1,0,0,0.011544760316610336,3,3,5,-0.07595190405845642,0,0.9510898590087891,-0.013315808959305286,0.04891015589237213,-0.0006847705226391554,0.0,0.0,0.0,0.0,0.17973925173282623,0.002075046533718705,0.8202607035636902,0.0094697130843997,0.0,0.0,0.0,0.0,0.37527996301651,-0.02850322797894478,0.2579135000705719,-0.019589021801948547,0.3668065071105957,-0.027859652414917946,100,120,1,1,3,341,0,0
IMR,0,00283,IMR:00283:x:group060,0,5,4,2,Right,-0.014000579714775085,1,0,0,0.011544760316610336,3,3,5,-0.07120755314826965,2,0.9510898590087891,-0.013315808959305286,0.04891015589237213,-0.0006847705226391554,0.0,0.0,0.0,0.0,0.17973925173282623,0.002075046533718705,0.8202607035636902,0.0094697130843997,0.0,0.0,0.0,0.0,0.36544209718704224,-0.026022236794233322,0.2665551006793976,-0.018980735912919044,0.3680028021335602,-0.026204578578472137,100,120,1,1,3,341,0,0
IMR,0,00284,IMR:00284:x:group061,0,5,4,2,Right,-0.014000579714775085,1,0,0,0.011544760316610336,3,3,5,-0.056791938841342926,0,0.9510898590087891,-0.013315808959305286,0.04891015589237213,-0.0006847705226391554,0.0,0.0,0.0,0.0,0.17973925173282623,0.002075046533718705,0.8202607035636902,0.0094697130843997,0.0,0.0,0.0,0.0,0.37947404384613037,-0.021551067009568214,0.25791385769844055,-0.014647427946329117,0.3626120984554291,-0.020593443885445595,100,120,1,2,4,341,0,0
IMR,0,00285,IMR:00285:x:group062,0,5,4,2,Right,-0.014000579714775085,1,0,0,0.011544760316610336,3,3,5,0.011318095028400421,2,0.9510898590087891,-0.013315808959305286,0.04891015589237213,-0.0006847705226391554,0.0,0.0,0.0,0.0,0.17973925173282623,0.002075046533718705,0.8202607035636902,0.0094697130843997,0.0,0.0,0.0,0.0,0.32830461859703064,0.003715782891958952,0.29504668712615967,0.0033393665216863155,0.3766486942768097,0.004262945614755154,100,120,1,1,3,341,0,0
IMR,0,00286,IMR:00286:x:group063,0,5,4,2,Right,-0.014000579714775085,1,0,0,0.011544760316610336,3,3,5,-0.0670403316617012,2,0.9510898590087891,-0.013315808959305286,0.04891015589237213,-0.0006847705226391554,0.0,0.0,0.0,0.0,0.17973925173282623,0.002075046533718705,0.8202607035636902,0.0094697130843997,0.0,0.0,0.0,0.0,0.36063894629478455,-0.02417735382914543,0.2710861563682556,-0.0181737057864666,0.36827483773231506,-0.024689266458153725,100,120,1,1,3,341,0,0
IMR,0,00287,IMR:00287:x:group064,0,5,4,2,Right,-0.014000579714775085,1,0,0,0.011544760316610336,3,3,5,-0.06696280837059021,0,0.9510898590087891,-0.013315808959305286,0.04891015589237213,-0.0006847705226391554,0.0,0.0,0.0,0.0,0.17973925173282623,0.002075046533718705,0.8202607035636902,0.0094697130843997,0.0,0.0,0.0,0.0,0.37950122356414795,-0.02541246823966503,0.25197815895080566,-0.01687316596508026,0.3685206174850464,-0.024677176028490067,100,120,1,1,3,341,0,0
IMR,0,00288,IMR:00288:x:group065,0,5,4,2,Right,-0.014000579714775085,1,0,0,0.011544760316610336,3,3,5,-0.05877266079187393,2,0.9510898590087891,-0.013315808959305286,0.04891015589237213,-0.0006847705226391554,0.0,0.0,0.0,0.0,0.17973925173282623,0.002075046533718705,0.8202607035636902,0.0094697130843997,0.0,0.0,0.0,0.0,0.3466125428676605,-0.020371342077851295,0.284047931432724,-0.01669425331056118,0.3693394958972931,-0.021707065403461456,100,120,1,2,4,341,0,0
IMR,0,00289,IMR:00289:x:group066,0,5,4,2,Right,-0.014000579714775085,1,0,0,0.011544760316610336,3,3,5,-0.028481321409344673,2,0.9510898590087891,-0.013315808959305286,0.04891015589237213,-0.0006847705226391554,0.0,0.0,0.0,0.0,0.17973925173282623,0.002075046533718705,0.8202607035636902,0.0094697130843997,0.0,0.0,0.0,0.0,0.32655203342437744,-0.00930063333362341,0.3055518567562103,-0.008702520281076431,0.36789610981941223,-0.010478167794644833,100,120,1,2,4,341,0,0
IMR,0,00290,IMR:00290:x:group067,0,5,4,2,Right,-0.014000579714775085,1,0,0,0.011544760316610336,3,3,5,-0.05109976977109909,0,0.9510898590087891,-0.013315808959305286,0.04891015589237213,-0.0006847705226391554,0.0,0.0,0.0,0.0,0.17973925173282623,0.002075046533718705,0.8202607035636902,0.0094697130843997,0.0,0.0,0.0,0.0,0.3816795349121094,-0.01950373686850071,0.2575472295284271,-0.013160604052245617,0.3607731759548187,-0.01843542605638504,100,120,1,2,4,341,0,0
IMR,0,00291,IMR:00291:x:group068,0,5,4,2,Right,-0.014000579714775085,1,0,0,0.011544760316610336,3,3,5,-0.07194359600543976,0,0.9510898590087891,-0.013315808959305286,0.04891015589237213,-0.0006847705226391554,0.0,0.0,0.0,0.0,0.17973925173282623,0.002075046533718705,0.8202607035636902,0.0094697130843997,0.0,0.0,0.0,0.0,0.3725946843624115,-0.026805801317095757,0.262103796005249,-0.01885668933391571,0.3653014898300171,-0.026281103491783142,100,120,1,1,3,341,0,0
IMR,0,00292,IMR:00292:x:group069,0,5,4,2,Right,-0.014000579714775085,1,0,0,0.011544760316610336,3,3,5,-0.05131157115101814,0,0.9510898590087891,-0.013315808959305286,0.04891015589237213,-0.0006847705226391554,0.0,0.0,0.0,0.0,0.17973925173282623,0.002075046533718705,0.8202607035636902,0.0094697130843997,0.0,0.0,0.0,0.0,0.3606175184249878,-0.01850385218858719,0.27897506952285767,-0.014314648695290089,0.36040744185447693,-0.01849307119846344,100,120,1,1,3,341,0,0
IMR,0,00293,IMR:00293:x:group070,0,5,4,2,Right,-0.014000579714775085,1,0,0,0.011544760316610336,3,3,5,-0.06527438759803772,0,0.9510898590087891,-0.013315808959305286,0.04891015589237213,-0.0006847705226391554,0.0,0.0,0.0,0.0,0.17973925173282623,0.002075046533718705,0.8202607035636902,0.0094697130843997,0.0,0.0,0.0,0.0,0.3755050301551819,-0.024510860443115234,0.2567094564437866,-0.016756553202867508,0.3677855432033539,-0.024006975814700127,100,120,1,1,3,341,0,0
IMR,0,00294,IMR:00294:x:group071,0,5,4,1,Normal,-0.014000579714775085,1,0,0,0.011544760316610336,3,3,5,-12.708282470703125,2,0.9510898590087891,-0.013315808959305286,0.04891015589237213,-0.0006847705226391554,0.0,0.0,0.0,0.0,0.17973925173282623,0.002075046533718705,0.8202607035636902,0.0094697130843997,0.0,0.0,0.0,0.0,0.042855404317379,-0.5446186065673828,0.3953348994255066,-5.024027347564697,0.5618096590042114,-7.139636039733887,100,120,1,0,2,341,0,0
IMR,0,00295,IMR:00295:x:group072,0,5,4,2,Right,-0.014000579714775085,1,0,0,0.011544760316610336,3,3,5,-0.07375572621822357,2,0.9510898590087891,-0.013315808959305286,0.04891015589237213,-0.0006847705226391554,0.0,0.0,0.0,0.0,0.17973925173282623,0.002075046533718705,0.8202607035636902,0.0094697130843997,0.0,0.0,0.0,0.0,0.3346763849258423,-0.024684300646185875,0.30365774035453796,-0.022396497428417206,0.361665815114975,-0.026674924418330193,100,120,1,2,4,341,0,0
IMR,0,00296,IMR:00296:x:group073,0,5,4,2,Right,-0.014000579714775085,1,0,0,0.011544760316610336,3,3,5,-0.06576763838529587,2,0.9510898590087891,-0.013315808959305286,0.04891015589237213,-0.0006847705226391554,0.0,0.0,0.0,0.0,0.17973925173282623,0.002075046533718705,0.8202607035636902,0.0094697130843997,0.0,0.0,0.0,0.0,0.359170526266098,-0.023621797561645508,0.272957980632782,-0.017951801419258118,0.3678715229034424,-0.02419404126703739,100,120,1,1,3,341,0,0
IMR,0,00297,IMR:00297:x:group074,0,5,4,2,Right,-0.014000579714775085,1,0,0,0.011544760316610336,3,3,5,-0.020443808287382126,2,0.9510898590087891,-0.013315808959305286,0.04891015589237213,-0.0006847705226391554,0.0,0.0,0.0,0.0,0.17973925173282623,0.002075046533718705,0.8202607035636902,0.0094697130843997,0.0,0.0,0.0,0.0,0.3381704092025757,-0.0069134910590946674,0.29630374908447266,-0.006057577207684517,0.3655258119106293,-0.007472739554941654,100,120,1,1,3,341,0,0
IMR,0,00298,IMR:00298:x:group075,0,5,4,2,Right,-4.562546730041504,0,0,0,0.06250937283039093,4,4,6,1.012699007987976,2,0.9961376786231995,-4.544924736022949,0.0038622920401394367,-0.01762188784778118,0.0,0.0,0.0,0.0,0.1703510880470276,0.010648539289832115,0.0,0.0,0.8296488523483276,0.05186082795262337,0.0,0.0,0.23998485505580902,0.24303242564201355,0.26063206791877747,0.26394182443618774,0.49938303232192993,0.5057247281074524,100,120,1,1,3,341,0,0
IMR,0,00299,IMR:00299:x:group076,0,5,4,2,Right,-0.014000579714775085,1,0,0,0.011544760316610336,3,3,5,-0.07238519191741943,2,0.9510898590087891,-0.013315808959305286,0.04891015589237213,-0.0006847705226391554,0.0,0.0,0.0,0.0,0.17973925173282623,0.002075046533718705,0.8202607035636902,0.0094697130843997,0.0,0.0,0.0,0.0,0.3495867848396301,-0.02530490607023239,0.29070761799812317,-0.021042926236987114,0.3597055971622467,-0.02603735961019993,100,120,1,2,4,341,0,0
IMR,0,00300,IMR:00300:x:group077,0,5,4,0,Left,-0.014000579714775085,1,0,0,0.011544760316610336,3,3,5,41.18928909301758,2,0.9510898590087891,-0.013315808959305286,0.04891015589237213,-0.0006847705226391554,0.0,0.0,0.0,0.0,0.17973925173282623,0.002075046533718705,0.8202607035636902,0.0094697130843997,0.0,0.0,0.0,0.0,1.8033120829930027e-10,7.427714443508648e-09,1.71721623587473e-08,7.073091410347843e-07,1.0,41.18928909301758,100,120,0,2,0,341,0,0
IMR,0,00301,IMR:00301:x:group078,0,5,4,0,Left,-0.014000579714775085,1,0,0,0.011544760316610336,3,3,5,27.002626419067383,2,0.9510898590087891,-0.013315808959305286,0.04891015589237213,-0.0006847705226391554,0.0,0.0,0.0,0.0,0.17973925173282623,0.002075046533718705,0.8202607035636902,0.0094697130843997,0.0,0.0,0.0,0.0,4.1692496210998797e-07,1.1258069207542576e-05,7.735089639027137e-06,0.00020886774291284382,0.9999918937683105,27.00240707397461,100,120,0,2,0,341,0,1
IMR,0,00302,IMR:00302:x:group079,0,5,4,0,Left,-0.014000579714775085,1,0,0,0.011544760316610336,3,3,5,31.152820587158203,2,0.9510898590087891,-0.013315808959305286,0.04891015589237213,-0.0006847705226391554,0.0,0.0,0.0,0.0,0.17973925173282623,0.002075046533718705,0.8202607035636902,0.0094697130843997,0.0,0.0,0.0,0.0,4.230451366993293e-08,1.3179048892197898e-06,1.303700514654338e-06,4.061394793097861e-05,0.9999986886978149,31.152780532836914,100,120,0,2,0,341,0,0
IMR,0,00303,IMR:00303:x:group080,0,5,4,0,Left,-0.014000579714775085,1,0,0,0.011544760316610336,3,3,5,28.75389289855957,2,0.9510898590087891,-0.013315808959305286,0.04891015589237213,-0.0006847705226391554,0.0,0.0,0.0,0.0,0.17973925173282623,0.002075046533718705,0.8202607035636902,0.0094697130843997,0.0,0.0,0.0,0.0,1.644329756800289e-07,4.7280882427003235e-06,3.70900329471624e-06,0.00010664828005246818,0.9999961853027344,28.753782272338867,100,120,0,2,0,341,0,0
IMR,0,00304,IMR:00304:x:group081,0,5,4,0,Left,-0.014000579714775085,1,0,0,0.011544760316610336,3,3,5,31.715744018554688,2,0.9510898590087891,-0.013315808959305286,0.04891015589237213,-0.0006847705226391554,0.0,0.0,0.0,0.0,0.17973925173282623,0.002075046533718705,0.8202607035636902,0.0094697130843997,0.0,0.0,0.0,0.0,3.297848394367975e-08,1.0459372106197407e-06,1.059835540218046e-06,3.36134726239834e-05,0.999998927116394,31.715709686279297,100,120,0,2,0,341,0,0
IMR,0,00305,IMR:00305:x:group082,0,5,4,0,Left,-0.014000579714775085,1,0,0,0.011544760316610336,3,3,5,25.73246955871582,2,0.9510898590087891,-0.013315808959305286,0.04891015589237213,-0.0006847705226391554,0.0,0.0,0.0,0.0,0.17973925173282623,0.002075046533718705,0.8202607035636902,0.0094697130843997,0.0,0.0,0.0,0.0,8.578448955631757e-07,2.207446777902078e-05,1.3461968592309859e-05,0.0003464097098913044,0.9999856948852539,25.732101440429688,100,120,0,2,0,341,0,0
IMR,0,00306,IMR:00306:x:group083,0,2,1,0,Left,-0.014000579714775085,1,0,0,0.011544760316610336,3,3,5,21.438575744628906,2,0.9510898590087891,-0.013315808959305286,0.04891015589237213,-0.0006847705226391554,0.0,0.0,0.0,0.0,0.17973925173282623,0.002075046533718705,0.8202607035636902,0.0094697130843997,0.0,0.0,0.0,0.0,7.132869541237596e-06,0.0001529185683466494,7.61190676712431e-05,0.0016318843699991703,0.9999167919158936,21.436792373657227,40,60,0,2,0,341,0,1
IMR,0,00306,IMR:00306:x:group083,1,5,4,0,Left,-0.014000579714775085,1,0,0,0.06250937283039093,4,4,6,21.38970184326172,2,0.9510898590087891,-0.013315808959305286,0.04891015589237213,-0.0006847705226391554,0.0,0.0,0.0,0.0,0.1703510880470276,0.010648539289832115,0.0,0.0,0.8296488523483276,0.05186082795262337,0.0,0.0,8.078162863967009e-06,0.0001727894996292889,7.982537499628961e-05,0.0017074409406632185,0.9999121427536011,21.3878231048584,100,120,0,2,0,341,0,0
IMR,0,00307,IMR:00307:x:group084,0,5,4,0,Left,-0.014000579714775085,1,0,0,0.011544760316610336,3,3,5,19.932443618774414,2,0.9510898590087891,-0.013315808959305286,0.04891015589237213,-0.0006847705226391554,0.0,0.0,0.0,0.0,0.17973925173282623,0.002075046533718705,0.8202607035636902,0.0094697130843997,0.0,0.0,0.0,0.0,1.9140095901093446e-05,0.0003815088712144643,0.00017299001046922058,0.00344811356626451,0.9998078942298889,19.928613662719727,100,120,0,1,1,341,0,0
IMR,0,00309,IMR:00309:x:group086,0,5,4,0,Left,-0.014000579714775085,1,0,0,0.011544760316610336,3,3,5,37.26752853393555,2,0.9510898590087891,-0.013315808959305286,0.04891015589237213,-0.0006847705226391554,0.0,0.0,0.0,0.0,0.17973925173282623,0.002075046533718705,0.8202607035636902,0.0094697130843997,0.0,0.0,0.0,0.0,1.5885974757878785e-09,5.920310286455788e-08,9.61870512128371e-08,3.5846537684847135e-06,0.9999998807907104,37.26752471923828,100,120,0,2,0,341,0,0
IMR,0,00310,IMR:00310:x:group087,0,5,4,0,Left,-0.014000579714775085,1,0,0,0.011544760316610336,3,3,5,28.04971694946289,2,0.9510898590087891,-0.013315808959305286,0.04891015589237213,-0.0006847705226391554,0.0,0.0,0.0,0.0,0.17973925173282623,0.002075046533718705,0.8202607035636902,0.0094697130843997,0.0,0.0,0.0,0.0,2.160613945534351e-07,6.0604611462622415e-06,4.785723376699025e-06,0.0001342381874565035,0.9999949932098389,28.049575805664062,100,120,0,2,0,341,0,1
IMR,0,00311,IMR:00311:x:group088,0,5,4,0,Left,-0.014000579714775085,1,0,0,0.011544760316610336,3,3,5,37.38528823852539,2,0.9510898590087891,-0.013315808959305286,0.04891015589237213,-0.0006847705226391554,0.0,0.0,0.0,0.0,0.17973925173282623,0.002075046533718705,0.8202607035636902,0.0094697130843997,0.0,0.0,0.0,0.0,1.4780804358238697e-09,5.525846447085314e-08,8.991271727154526e-08,3.3614128369663376e-06,0.9999998807907104,37.385284423828125,100,120,0,2,0,341,0,0
IMR,0,00312,IMR:00312:x:group089,0,5,4,0,Left,-0.014000579714775085,1,0,0,0.011544760316610336,3,3,5,33.44842529296875,2,0.9510898590087891,-0.013315808959305286,0.04891015589237213,-0.0006847705226391554,0.0,0.0,0.0,0.0,0.17973925173282623,0.002075046533718705,0.8202607035636902,0.0094697130843997,0.0,0.0,0.0,0.0,1.3997041747870753e-08,4.6817899601592217e-07,5.409324899119383e-07,1.8093340258928947e-05,0.9999994039535522,33.44840621948242,100,120,0,2,0,341,0,0
IMR,0,00313,IMR:00313:x:group090,0,5,4,0,Left,-0.014000579714775085,1,0,0,0.011544760316610336,3,3,5,37.00202560424805,2,0.9510898590087891,-0.013315808959305286,0.04891015589237213,-0.0006847705226391554,0.0,0.0,0.0,0.0,0.17973925173282623,0.002075046533718705,0.8202607035636902,0.0094697130843997,0.0,0.0,0.0,0.0,1.6847496731031697e-09,6.23391471776813e-08,1.0014048967832423e-07,3.7054010135761928e-06,0.9999998807907104,37.00202178955078,100,120,0,2,0,341,0,0
IMR,0,00314,IMR:00314:x:group091,0,5,4,0,Left,-0.014000579714775085,1,0,0,0.011544760316610336,3,3,5,38.95344161987305,2,0.9510898590087891,-0.013315808959305286,0.04891015589237213,-0.0006847705226391554,0.0,0.0,0.0,0.0,0.17973925173282623,0.002075046533718705,0.8202607035636902,0.0094697130843997,0.0,0.0,0.0,0.0,6.110540962112054e-10,2.3802659399052573e-08,4.5280518889967425e-08,1.7638320741752977e-06,1.0,38.95344161987305,100,120,0,2,0,341,0,0
IMR,0,00315,IMR:00315:x:group092,0,5,4,0,Left,-0.014000579714775085,1,0,0,0.011544760316610336,3,3,5,36.38846206665039,2,0.9510898590087891,-0.013315808959305286,0.04891015589237213,-0.0006847705226391554,0.0,0.0,0.0,0.0,0.17973925173282623,0.002075046533718705,0.8202607035636902,0.0094697130843997,0.0,0.0,0.0,0.0,2.4830315581425566e-09,9.035370140964005e-08,1.3806122467485693e-07,5.02383545608609e-06,0.9999998807907104,36.388458251953125,100,120,0,2,0,341,0,0
IMR,0,00316,IMR:00316:x:group093,0,2,1,0,Left,-4.562546730041504,0,0,0,0.06250937283039093,4,4,6,2.0557987689971924,2,0.9961376786231995,-4.544924736022949,0.0038622920401394367,-0.01762188784778118,0.0,0.0,0.0,0.0,0.1703510880470276,0.010648539289832115,0.0,0.0,0.8296488523483276,0.05186082795262337,0.0,0.0,0.18735039234161377,0.38515469431877136,0.216012641787529,0.4440785348415375,0.5966370105743408,1.2265655994415283,40,60,0,2,0,341,0,0
IMR,0,00316,IMR:00316:x:group093,1,5,4,0,Left,-0.014000579714775085,1,0,0,0.011544760316610336,3,3,5,39.55643844604492,2,0.9510898590087891,-0.013315808959305286,0.04891015589237213,-0.0006847705226391554,0.0,0.0,0.0,0.0,0.17973925173282623,0.002075046533718705,0.8202607035636902,0.0094697130843997,0.0,0.0,0.0,0.0,4.5719336649874265e-10,1.808494154431628e-08,3.589192232311689e-08,1.4197565860740724e-06,1.0,39.55643844604492,100,120,0,2,0,341,0,0
IMR,0,00317,IMR:00317:x:group094,0,5,4,0,Left,-0.014000579714775085,1,0,0,0.06250937283039093,4,4,6,25.113365173339844,2,0.9510898590087891,-0.013315808959305286,0.04891015589237213,-0.0006847705226391554,0.0,0.0,0.0,0.0,0.1703510880470276,0.010648539289832115,0.0,0.0,0.8296488523483276,0.05186082795262337,0.0,0.0,1.167369305221655e-06,2.9316572181414813e-05,1.860094016592484e-05,0.0004671321948990226,0.9999802112579346,25.11286735534668,100,120,0,2,0,341,0,0
IMR,0,00318,IMR:00318:x:group095,0,5,4,0,Left,-0.014000579714775085,1,0,0,0.011544760316610336,3,3,5,24.423372268676758,2,0.9510898590087891,-0.013315808959305286,0.04891015589237213,-0.0006847705226391554,0.0,0.0,0.0,0.0,0.17973925173282623,0.002075046533718705,0.8202607035636902,0.0094697130843997,0.0,0.0,0.0,0.0,1.8257754845762975e-06,4.4591593905352056e-05,2.581952139735222e-05,0.0006305997958406806,0.9999723434448242,24.422697067260742,100,120,0,2,0,341,0,0
IMR,0,00319,IMR:00319:x:group096,0,5,4,0,Left,-0.014000579714775085,1,0,0,0.06250937283039093,4,4,6,36.668670654296875,2,0.9510898590087891,-0.013315808959305286,0.04891015589237213,-0.0006847705226391554,0.0,0.0,0.0,0.0,0.1703510880470276,0.010648539289832115,0.0,0.0,0.8296488523483276,0.05186082795262337,0.0,0.0,2.0996824279251314e-09,7.699256343585148e-08,1.2049565611960134e-07,4.418415755935712e-06,0.9999998807907104,36.66866683959961,100,120,0,2,0,341,0,0
IMR,0,00320,IMR:00320:x:group097,0,5,4,0,Left,-0.014000579714775085,1,0,0,0.011544760316610336,3,3,5,30.051414489746094,2,0.9510898590087891,-0.013315808959305286,0.04891015589237213,-0.0006847705226391554,0.0,0.0,0.0,0.0,0.17973925173282623,0.002075046533718705,0.8202607035636902,0.0094697130843997,0.0,0.0,0.0,0.0,7.151970748964231e-08,2.1492683117685374e-06,1.8927410110336496e-06,5.6879543990362436e-05,0.9999980926513672,30.05135726928711,100,120,0,2,0,341,0,0
IMR,0,00321,IMR:00321:x:group098,0,5,4,0,Left,-0.014000579714775085,1,0,0,0.011544760316610336,3,3,5,35.9106559753418,2,0.9510898590087891,-0.013315808959305286,0.04891015589237213,-0.0006847705226391554,0.0,0.0,0.0,0.0,0.17973925173282623,0.002075046533718705,0.8202607035636902,0.0094697130843997,0.0,0.0,0.0,0.0,3.157092809402684e-09,1.133732752123251e-07,1.6930270874127018e-07,6.079771537770284e-06,0.9999998807907104,35.91065216064453,100,120,0,1,1,341,0,0
IMR,0,00322,IMR:00322:x:group099,0,1,0,0,Left,-4.562546730041504,0,0,0,0.06250937283039093,4,4,6,2.8356621265411377,2,0.9961376786231995,-4.544924736022949,0.0038622920401394367,-0.01762188784778118,0.0,0.0,0.0,0.0,0.1703510880470276,0.010648539289832115,0.0,0.0,0.8296488523483276,0.05186082795262337,0.0,0.0,0.1321970671415329,0.37486621737480164,0.17437684535980225,0.49447381496429443,0.6934260725975037,1.9663220643997192,20,40,0,2,0,341,0,0
IMR,0,00322,IMR:00322:x:group099,1,5,4,0,Left,-0.014000579714775085,1,0,0,0.011544760316610336,3,3,5,17.28572654724121,2,0.9510898590087891,-0.013315808959305286,0.04891015589237213,-0.0006847705226391554,0.0,0.0,0.0,0.0,0.17973925173282623,0.002075046533718705,0.8202607035636902,0.0094697130843997,0.0,0.0,0.0,0.0,9.005383617477491e-05,0.0015566459624096751,0.0005537360557354987,0.00957173015922308,0.999356210231781,17.274599075317383,100,120,0,2,0,341,0,0
IMR,0,00323,IMR:00323:x:group100,0,5,4,0,Left,-0.014000579714775085,1,0,0,0.011544760316610336,3,3,5,23.21232795715332,2,0.9510898590087891,-0.013315808959305286,0.04891015589237213,-0.0006847705226391554,0.0,0.0,0.0,0.0,0.17973925173282623,0.002075046533718705,0.8202607035636902,0.0094697130843997,0.0,0.0,0.0,0.0,3.136464329145383e-06,7.28046361473389e-05,3.8446269172709435e-05,0.0008924274006858468,0.9999583959579468,23.211362838745117,100,120,0,2,0,341,0,1
IMR,0,00324,IMR:00324:x:group101,0,5,4,2,Right,-0.014000579714775085,1,0,0,0.011544760316610336,3,3,5,1.4029279947280884,2,0.9510898590087891,-0.013315808959305286,0.04891015589237213,-0.0006847705226391554,0.0,0.0,0.0,0.0,0.17973925173282623,0.002075046533718705,0.8202607035636902,0.0094697130843997,0.0,0.0,0.0,0.0,0.2226904183626175,0.3124186098575592,0.23868344724178314,0.33485567569732666,0.5386261343955994,0.7556536793708801,100,120,1,2,4,341,0,0
IMR,0,00325,IMR:00325:x:group102,0,5,4,2,Right,-0.014000579714775085,1,0,0,0.011544760316610336,3,3,5,0.07741304486989975,2,0.9510898590087891,-0.013315808959305286,0.04891015589237213,-0.0006847705226391554,0.0,0.0,0.0,0.0,0.17973925173282623,0.002075046533718705,0.8202607035636902,0.0094697130843997,0.0,0.0,0.0,0.0,0.34370625019073486,0.026607347652316093,0.27625128626823425,0.021385453641414642,0.38004249334335327,0.029420247301459312,100,120,1,2,4,341,0,0
IMR,0,00326,IMR:00326:x:group103,0,5,4,2,Right,-0.014000579714775085,1,0,0,0.011544760316610336,3,3,5,-0.08111070096492767,0,0.9510898590087891,-0.013315808959305286,0.04891015589237213,-0.0006847705226391554,0.0,0.0,0.0,0.0,0.17973925173282623,0.002075046533718705,0.8202607035636902,0.0094697130843997,0.0,0.0,0.0,0.0,0.3741622865200043,-0.03034856542944908,0.2591739594936371,-0.021021781489253044,0.3666636645793915,-0.02974034659564495,100,120,1,2,4,341,0,0
IMR,0,00327,IMR:00327:x:group104,0,5,4,2,Right,-0.014000579714775085,1,0,0,0.011544760316610336,3,3,5,0.752143383026123,2,0.9510898590087891,-0.013315808959305286,0.04891015589237213,-0.0006847705226391554,0.0,0.0,0.0,0.0,0.17973925173282623,0.002075046533718705,0.8202607035636902,0.0094697130843997,0.0,0.0,0.0,0.0,0.27810609340667725,0.20917566120624542,0.2714763283729553,0.20418912172317505,0.4504176080226898,0.33877861499786377,100,120,1,2,4,341,0,0
IMR,0,00328,IMR:00328:x:group105,0,5,4,2,Right,-0.014000579714775085,1,0,0,0.011544760316610336,3,3,5,-0.09187302738428116,2,0.9510898590087891,-0.013315808959305286,0.04891015589237213,-0.0006847705226391554,0.0,0.0,0.0,0.0,0.17973925173282623,0.002075046533718705,0.8202607035636902,0.0094697130843997,0.0,0.0,0.0,0.0,0.3379856050014496,-0.0310517605394125,0.2970111072063446,-0.027287309989333153,0.3650032579898834,-0.03353395313024521,100,120,1,2,4,341,0,0
IMR,0,00329,IMR:00329:x:group106,0,5,4,2,Right,-0.014000579714775085,1,0,0,0.011544760316610336,3,3,5,-0.052174560725688934,2,0.9510898590087891,-0.013315808959305286,0.04891015589237213,-0.0006847705226391554,0.0,0.0,0.0,0.0,0.17973925173282623,0.002075046533718705,0.8202607035636902,0.0094697130843997,0.0,0.0,0.0,0.0,0.3593531847000122,-0.018749093636870384,0.2787000834941864,-0.014541054144501686,0.3619466722011566,-0.018884409219026566,100,120,1,2,4,341,0,0
IMR,0,00330,IMR:00330:x:group107,0,5,4,2,Right,-0.014000579714775085,1,0,0,0.011544760316610336,3,3,5,-0.05871208384633064,2,0.9510898590087891,-0.013315808959305286,0.04891015589237213,-0.0006847705226391554,0.0,0.0,0.0,0.0,0.17973925173282623,0.002075046533718705,0.8202607035636902,0.0094697130843997,0.0,0.0,0.0,0.0,0.3634873926639557,-0.021341102197766304,0.2725676894187927,-0.016003016382455826,0.3639448881149292,-0.021367963403463364,100,120,1,2,4,341,0,0
IMR,0,00331,IMR:00331:x:group108,0,5,4,2,Right,-0.014000579714775085,1,0,0,0.011544760316610336,3,3,5,-0.05835411697626114,2,0.9510898590087891,-0.013315808959305286,0.04891015589237213,-0.0006847705226391554,0.0,0.0,0.0,0.0,0.17973925173282623,0.002075046533718705,0.8202607035636902,0.0094697130843997,0.0,0.0,0.0,0.0,0.35957983136177063,-0.02098296396434307,0.2758878469467163,-0.016099192202091217,0.36453238129615784,-0.02127196453511715,100,120,1,2,4,341,0,0
IMR,0,00332,IMR:00332:x:group109,0,5,4,2,Right,-0.014000579714775085,1,0,0,0.011544760316610336,3,3,5,-0.04687322676181793,2,0.9510898590087891,-0.013315808959305286,0.04891015589237213,-0.0006847705226391554,0.0,0.0,0.0,0.0,0.17973925173282623,0.002075046533718705,0.8202607035636902,0.0094697130843997,0.0,0.0,0.0,0.0,0.35326939821243286,-0.016558876261115074,0.28507789969444275,-0.013362521305680275,0.36165276169776917,-0.016951831057667732,100,120,1,2,4,341,0,0
IMR,0,00333,IMR:00333:x:group110,0,3,2,2,Right,-4.562546730041504,0,0,0,0.06250937283039093,4,4,6,4.687929630279541,2,0.9961376786231995,-4.544924736022949,0.0038622920401394367,-0.01762188784778118,0.0,0.0,0.0,0.0,0.1703510880470276,0.010648539289832115,0.0,0.0,0.8296488523483276,0.05186082795262337,0.0,0.0,0.06675133109092712,0.3129255473613739,0.10058505833148956,0.47153568267822266,0.8326635956764221,3.903468370437622,60,80,1,2,4,341,0,1
IMR,0,00333,IMR:00333:x:group110,1,5,4,2,Right,-0.014000579714775085,1,0,0,0.011544760316610336,3,3,5,-0.05413968116044998,0,0.9510898590087891,-0.013315808959305286,0.04891015589237213,-0.0006847705226391554,0.0,0.0,0.0,0.0,0.17973925173282623,0.002075046533718705,0.8202607035636902,0.0094697130843997,0.0,0.0,0.0,0.0,0.3653653860092163,-0.01978076621890068,0.27132463455200195,-0.0146894296631217,0.3633100092411041,-0.019669488072395325,100,120,1,2,4,341,0,0
IMR,0,00334,IMR:00334:x:group111,0,3,2,2,Right,-0.014000579714775085,1,0,0,0.011544760316610336,3,3,5,-0.0314803421497345,2,0.9510898590087891,-0.013315808959305286,0.04891015589237213,-0.0006847705226391554,0.0,0.0,0.0,0.0,0.17973925173282623,0.002075046533718705,0.8202607035636902,0.0094697130843997,0.0,0.0,0.0,0.0,0.345908522605896,-0.010889318771660328,0.2942832410335541,-0.009264136664569378,0.3598082363605499,-0.011326886713504791,60,80,1,2,4,341,0,1
IMR,0,00334,IMR:00334:x:group111,1,5,4,2,Right,-0.014000579714775085,1,0,0,0.011544760316610336,3,3,5,-0.04707486927509308,2,0.9510898590087891,-0.013315808959305286,0.04891015589237213,-0.0006847705226391554,0.0,0.0,0.0,0.0,0.17973925173282623,0.002075046533718705,0.8202607035636902,0.0094697130843997,0.0,0.0,0.0,0.0,0.3574681878089905,-0.016827767714858055,0.28141170740127563,-0.013247419148683548,0.3611200749874115,-0.016999680548906326,100,120,1,2,4,341,0,0
IMR,0,00335,IMR:00335:x:group112,0,5,4,2,Right,-0.014000579714775085,1,0,0,0.011544760316610336,3,3,5,-0.05378420650959015,2,0.9510898590087891,-0.013315808959305286,0.04891015589237213,-0.0006847705226391554,0.0,0.0,0.0,0.0,0.17973925173282623,0.002075046533718705,0.8202607035636902,0.0094697130843997,0.0,0.0,0.0,0.0,0.3315081298351288,-0.017829902470111847,0.30508291721343994,-0.016408642753958702,0.36340898275375366,-0.01954566314816475,100,120,1,2,4,341,0,0
IMR,0,00336,IMR:00336:x:group113,0,5,4,2,Right,-0.014000579714775085,1,0,0,0.011544760316610336,3,3,5,0.32130494713783264,2,0.9510898590087891,-0.013315808959305286,0.04891015589237213,-0.0006847705226391554,0.0,0.0,0.0,0.0,0.17973925173282623,0.002075046533718705,0.8202607035636902,0.0094697130843997,0.0,0.0,0.0,0.0,0.3179161548614502,0.10214803367853165,0.2869596481323242,0.09220155328512192,0.395124226808548,0.12695537507534027,100,120,1,2,4,341,0,0
IMR,0,00337,IMR:00337:x:group114,0,5,4,2,Right,-0.014000579714775085,1,0,0,0.011544760316610336,3,3,5,-0.054363299161195755,2,0.9510898590087891,-0.013315808959305286,0.04891015589237213,-0.0006847705226391554,0.0,0.0,0.0,0.0,0.17973925173282623,0.002075046533718705,0.8202607035636902,0.0094697130843997,0.0,0.0,0.0,0.0,0.3488345742225647,-0.018963798880577087,0.290906697511673,-0.0158146470785141,0.36025869846343994,-0.01958485133945942,100,120,1,2,4,341,0,0
IMR,0,00338,IMR:00338:x:group115,0,5,4,2,Right,-0.014000579714775085,1,0,0,0.011544760316610336,3,3,5,-0.06694825738668442,2,0.9510898590087891,-0.013315808959305286,0.04891015589237213,-0.0006847705226391554,0.0,0.0,0.0,0.0,0.17973925173282623,0.002075046533718705,0.8202607035636902,0.0094697130843997,0.0,0.0,0.0,0.0,0.3337058424949646,-0.02234102413058281,0.30324748158454895,-0.02030188962817192,0.36304664611816406,-0.02430533990263939,100,120,1,2,4,341,0,0
IMR,0,00339,IMR:00339:x:group116,0,5,4,2,Right,-0.014000579714775085,1,0,0,0.011544760316610336,3,3,5,-0.06420140713453293,2,0.9510898590087891,-0.013315808959305286,0.04891015589237213,-0.0006847705226391554,0.0,0.0,0.0,0.0,0.17973925173282623,0.002075046533718705,0.8202607035636902,0.0094697130843997,0.0,0.0,0.0,0.0,0.36287638545036316,-0.023297173902392387,0.2712756395339966,-0.017416277900338173,0.36584797501564026,-0.023487955331802368,100,120,1,2,4,341,0,0
IMR,0,00340,IMR:00340:x:group117,0,5,4,2,Right,-0.014000579714775085,1,0,0,0.011544760316610336,3,3,5,-0.03609306737780571,2,0.9510898590087891,-0.013315808959305286,0.04891015589237213,-0.0006847705226391554,0.0,0.0,0.0,0.0,0.17973925173282623,0.002075046533718705,0.8202607035636902,0.0094697130843997,0.0,0.0,0.0,0.0,0.3371793329715729,-0.012169836089015007,0.30123838782310486,-0.010872617363929749,0.36158236861228943,-0.013050616718828678,100,120,1,2,4,341,0,0
IMR,0,00341,IMR:00341:x:group118,0,5,4,2,Right,-0.014000579714775085,1,0,0,0.011544760316610336,3,3,5,-0.05618125945329666,2,0.9510898590087891,-0.013315808959305286,0.04891015589237213,-0.0006847705226391554,0.0,0.0,0.0,0.0,0.17973925173282623,0.002075046533718705,0.8202607035636902,0.0094697130843997,0.0,0.0,0.0,0.0,0.36300161480903625,-0.020393887534737587,0.27187836170196533,-0.015274468809366226,0.36511996388435364,-0.02051289938390255,100,120,1,2,4,341,0,0
IMR,0,00342,IMR:00342:x:group119,0,5,4,2,Right,-0.014000579714775085,1,0,0,0.011544760316610336,3,3,5,0.034442879259586334,2,0.9510898590087891,-0.013315808959305286,0.04891015589237213,-0.0006847705226391554,0.0,0.0,0.0,0.0,0.17973925173282623,0.002075046533718705,0.8202607035636902,0.0094697130843997,0.0,0.0,0.0,0.0,0.33176809549331665,0.011427048593759537,0.29900896549224854,0.010298729874193668,0.36922287940979004,0.01271709892898798,100,120,1,2,4,341,0,0
IMR,0,00343,IMR:00343:x:group120,0,5,4,2,Right,-0.014000579714775085,1,0,0,0.011544760316610336,3,3,5,-0.06477221101522446,2,0.9510898590087891,-0.013315808959305286,0.04891015589237213,-0.0006847705226391554,0.0,0.0,0.0,0.0,0.17973925173282623,0.002075046533718705,0.8202607035636902,0.0094697130843997,0.0,0.0,0.0,0.0,0.34572768211364746,-0.022393546998500824,0.2951081395149231,-0.01911480724811554,0.35916417837142944,-0.023263858631253242,100,120,1,2,4,341,0,0
IMR,0,00344,IMR:00344:x:group121,0,5,4,2,Right,-0.014000579714775085,1,0,0,0.06250937283039093,4,4,6,-0.7284060120582581,2,0.9510898590087891,-0.013315808959305286,0.04891015589237213,-0.0006847705226391554,0.0,0.0,0.0,0.0,0.1703510880470276,0.010648539289832115,0.0,0.0,0.8296488523483276,0.05186082795262337,0.0,0.0,0.3006975054740906,-0.21902987360954285,0.3196503221988678,-0.23283521831035614,0.37965211272239685,-0.2765408754348755,100,120,1,2,4,341,0,0
IMR,0,00345,IMR:00345:x:group122,0,5,4,2,Right,-0.014000579714775085,1,0,0,0.011544760316610336,3,3,5,0.1941465139389038,2,0.9510898590087891,-0.013315808959305286,0.04891015589237213,-0.0006847705226391554,0.0,0.0,0.0,0.0,0.17973925173282623,0.002075046533718705,0.8202607035636902,0.0094697130843997,0.0,0.0,0.0,0.0,0.33014875650405884,0.06409723311662674,0.27367132902145386,0.05313233286142349,0.3961799144744873,0.07691694796085358,100,120,1,2,4,341,0,0
IMR,0,00346,IMR:00346:x:group123,0,5,4,2,Right,-0.014000579714775085,1,0,0,0.011544760316610336,3,3,5,-0.05746501684188843,2,0.9510898590087891,-0.013315808959305286,0.04891015589237213,-0.0006847705226391554,0.0,0.0,0.0,0.0,0.17973925173282623,0.002075046533718705,0.8202607035636902,0.0094697130843997,0.0,0.0,0.0,0.0,0.35650691390037537,-0.020486675202846527,0.2793397009372711,-0.016052260994911194,0.3641533851623535,-0.020926080644130707,100,120,1,2,4,341,0,0
IMR,0,00347,IMR:00347:x:group124,0,5,4,2,Right,-0.014000579714775085,1,0,0,0.011544760316610336,3,3,5,-0.05577274039387703,2,0.9510898590087891,-0.013315808959305286,0.04891015589237213,-0.0006847705226391554,0.0,0.0,0.0,0.0,0.17973925173282623,0.002075046533718705,0.8202607035636902,0.0094697130843997,0.0,0.0,0.0,0.0,0.3612077534198761,-0.02014554664492607,0.2760787606239319,-0.015397668816149235,0.3627135455608368,-0.020229527726769447,100,120,1,2,4,341,0,0
IMR,0,00348,IMR:00348:x:group125,0,5,4,1,Normal,-0.014000579714775085,1,0,0,0.011544760316610336,3,3,5,-13.618307113647461,2,0.9510898590087891,-0.013315808959305286,0.04891015589237213,-0.0006847705226391554,0.0,0.0,0.0,0.0,0.17973925173282623,0.002075046533718705,0.8202607035636902,0.0094697130843997,0.0,0.0,0.0,0.0,0.037525467574596405,-0.5110333561897278,0.41422396898269653,-5.641029357910156,0.5482506155967712,-7.466245174407959,100,120,-1,0,2,341,0,0
IMR,0,00349,IMR:00349:x:group126,0,5,4,1,Normal,-0.014000579714775085,1,0,0,0.011544760316610336,3,3,5,-19.26862907409668,2,0.9510898590087891,-0.013315808959305286,0.04891015589237213,-0.0006847705226391554,0.0,0.0,0.0,0.0,0.17973925173282623,0.002075046533718705,0.8202607035636902,0.0094697130843997,0.0,0.0,0.0,0.0,0.012668885290622711,-0.2441120445728302,0.4301952123641968,-8.28927230834961,0.5571358799934387,-10.735244750976562,100,120,-1,0,2,341,0,0
IMR,0,00350,IMR:00350:x:group127,0,5,4,1,Normal,-0.014000579714775085,1,0,0,0.011544760316610336,3,3,5,-7.732585906982422,2,0.9510898590087891,-0.013315808959305286,0.04891015589237213,-0.0006847705226391554,0.0,0.0,0.0,0.0,0.17973925173282623,0.002075046533718705,0.8202607035636902,0.0094697130843997,0.0,0.0,0.0,0.0,0.10423890501260757,-0.8060362935066223,0.40494081377983093,-3.131239652633667,0.4908201992511749,-3.79530930519104,100,120,-1,0,2,341,0,0
IMR,0,00351,IMR:00351:x:group128,0,5,4,1,Normal,-0.014000579714775085,1,0,0,0.011544760316610336,3,3,5,-0.4609570801258087,2,0.9510898590087891,-0.013315808959305286,0.04891015589237213,-0.0006847705226391554,0.0,0.0,0.0,0.0,0.17973925173282623,0.002075046533718705,0.8202607035636902,0.0094697130843997,0.0,0.0,0.0,0.0,0.2877945601940155,-0.13266094028949738,0.3406328856945038,-0.15701714158058167,0.3715725839138031,-0.17127901315689087,100,120,-1,0,2,341,0,0
IMR,0,00352,IMR:00352:x:group129,0,5,4,1,Normal,-0.014000579714775085,1,0,0,0.011544760316610336,3,3,5,-1.4305217266082764,2,0.9510898590087891,-0.013315808959305286,0.04891015589237213,-0.0006847705226391554,0.0,0.0,0.0,0.0,0.17973925173282623,0.002075046533718705,0.8202607035636902,0.0094697130843997,0.0,0.0,0.0,0.0,0.2552468776702881,-0.36513620615005493,0.3677283227443695,-0.5260433554649353,0.3770247995853424,-0.5393421649932861,100,120,-1,0,2,341,0,0
IMR,0,00353,IMR:00353:x:group130,0,5,4,1,Normal,-0.014000579714775085,1,0,0,0.011544760316610336,3,3,5,-18.464111328125,2,0.9510898590087891,-0.013315808959305286,0.04891015589237213,-0.0006847705226391554,0.0,0.0,0.0,0.0,0.17973925173282623,0.002075046533718705,0.8202607035636902,0.0094697130843997,0.0,0.0,0.0,0.0,0.015521206893026829,-0.2865853011608124,0.3779427409172058,-6.978376865386963,0.6065360307693481,-11.199149131774902,100,120,-1,0,2,341,0,0
IMR,0,00354,IMR:00354:x:group131,0,5,4,1,Normal,-0.014000579714775085,1,0,0,0.011544760316610336,3,3,5,-15.317521095275879,2,0.9510898590087891,-0.013315808959305286,0.04891015589237213,-0.0006847705226391554,0.0,0.0,0.0,0.0,0.17973925173282623,0.002075046533718705,0.8202607035636902,0.0094697130843997,0.0,0.0,0.0,0.0,0.02801588922739029,-0.42913398146629333,0.3727799952030182,-5.7100653648376465,0.5992040634155273,-9.17832088470459,100,120,-1,0,2,341,0,0
IMR,0,00355,IMR:00355:x:group132,0,5,4,1,Normal,-0.014000579714775085,1,0,0,0.011544760316610336,3,3,5,-8.834953308105469,2,0.9510898590087891,-0.013315808959305286,0.04891015589237213,-0.0006847705226391554,0.0,0.0,0.0,0.0,0.17973925173282623,0.002075046533718705,0.8202607035636902,0.0094697130843997,0.0,0.0,0.0,0.0,0.09150900691747665,-0.8084778189659119,0.38315513730049133,-3.385157823562622,0.5253358483314514,-4.641317844390869,100,120,-1,0,2,341,0,0
IMR,0,00356,IMR:00356:x:group133,0,5,4,1,Normal,-0.014000579714775085,1,0,0,0.011544760316610336,3,3,5,-20.228307723999023,2,0.9510898590087891,-0.013315808959305286,0.04891015589237213,-0.0006847705226391554,0.0,0.0,0.0,0.0,0.17973925173282623,0.002075046533718705,0.8202607035636902,0.0094697130843997,0.0,0.0,0.0,0.0,0.011285729706287384,-0.22829121351242065,0.3988930284976959,-8.068930625915527,0.5898212194442749,-11.931085586547852,100,120,-1,0,2,341,0,0
IMR,0,00357,IMR:00357:x:group134,0,5,4,1,Normal,-0.014000579714775085,1,0,0,0.011544760316610336,3,3,5,-24.93918800354004,2,0.9510898590087891,-0.013315808959305286,0.04891015589237213,-0.0006847705226391554,0.0,0.0,0.0,0.0,0.17973925173282623,0.002075046533718705,0.8202607035636902,0.0094697130843997,0.0,0.0,0.0,0.0,0.004240886308252811,-0.10576426237821579,0.43467190861701965,-10.840364456176758,0.5610872507095337,-13.993060111999512,100,120,-1,0,2,341,0,0
IMR,0,00358,IMR:00358:x:group135,0,5,4,0,Left,-0.014000579714775085,1,0,0,0.011544760316610336,3,3,5,14.844279289245605,2,0.9510898590087891,-0.013315808959305286,0.04891015589237213,-0.0006847705226391554,0.0,0.0,0.0,0.0,0.17973925173282623,0.002075046533718705,0.8202607035636902,0.0094697130843997,0.0,0.0,0.0,0.0,0.00029377886676229537,0.004360935650765896,0.001477966201491654,0.021939342841506004,0.9982282519340515,14.817978858947754,100,120,0,1,1,341,0,0
IMR,0,00359,IMR:00359:x:group136,0,5,4,0,Left,-0.014000579714775085,1,0,0,0.011544760316610336,3,3,5,13.943812370300293,2,0.9510898590087891,-0.013315808959305286,0.04891015589237213,-0.0006847705226391554,0.0,0.0,0.0,0.0,0.17973925173282623,0.002075046533718705,0.8202607035636902,0.0094697130843997,0.0,0.0,0.0,0.0,0.00045463055721484125,0.0063392831943929195,0.002193552441895008,0.0305864829570055,0.9973517656326294,13.906886100769043,100,120,0,1,1,341,0,0
IMR,0,00360,IMR:00360:x:group137,0,5,4,0,Left,-0.014000579714775085,1,0,0,0.011544760316610336,3,3,5,10.633489608764648,2,0.9510898590087891,-0.013315808959305286,0.04891015589237213,-0.0006847705226391554,0.0,0.0,0.0,0.0,0.17973925173282623,0.002075046533718705,0.8202607035636902,0.0094697130843997,0.0,0.0,0.0,0.0,0.002588314237073064,0.02752281166613102,0.008342116139829159,0.08870580792427063,0.9890696406364441,10.517261505126953,100,120,0,1,1,341,0,0
IMR,0,00361,IMR:00361:x:group138,0,5,4,1,Normal,-0.014000579714775085,1,0,0,0.011544760316610336,3,3,5,-22.8997745513916,2,0.9510898590087891,-0.013315808959305286,0.04891015589237213,-0.0006847705226391554,0.0,0.0,0.0,0.0,0.17973925173282623,0.002075046533718705,0.8202607035636902,0.0094697130843997,0.0,0.0,0.0,0.0,0.006461805664002895,-0.147973895072937,0.4121676981449127,-9.438547134399414,0.5813704133033752,-13.313251495361328,100,120,0,0,2,341,0,0
IMR,0,00362,IMR:00362:x:group139,0,5,4,0,Left,-0.014000579714775085,1,0,0,0.011544760316610336,3,3,5,14.967665672302246,2,0.9510898590087891,-0.013315808959305286,0.04891015589237213,-0.0006847705226391554,0.0,0.0,0.0,0.0,0.17973925173282623,0.002075046533718705,0.8202607035636902,0.0094697130843997,0.0,0.0,0.0,0.0,0.000259648630162701,0.0038863338995724916,0.0013312677619978786,0.01992597058415413,0.9984090924263,14.943853378295898,100,120,0,1,1,341,0,0
IMR,0,00363,IMR:00363:x:group140,0,5,4,2,Right,-0.014000579714775085,1,0,0,0.011544760316610336,3,3,5,-0.3202129006385803,2,0.9510898590087891,-0.013315808959305286,0.04891015589237213,-0.0006847705226391554,0.0,0.0,0.0,0.0,0.17973925173282623,0.002075046533718705,0.8202607035636902,0.0094697130843997,0.0,0.0,0.0,0.0,0.3277277648448944,-0.10494265705347061,0.3024561107158661,-0.09685035049915314,0.3698161244392395,-0.11841989308595657,100,120,1,1,3,341,0,0
IMR,0,00364,IMR:00364:x:group141,0,5,4,2,Right,-0.014000579714775085,1,0,0,0.011544760316610336,3,3,5,-0.9683657884597778,2,0.9510898590087891,-0.013315808959305286,0.04891015589237213,-0.0006847705226391554,0.0,0.0,0.0,0.0,0.17973925173282623,0.002075046533718705,0.8202607035636902,0.0094697130843997,0.0,0.0,0.0,0.0,0.2986988425254822,-0.2892497479915619,0.325885146856308,-0.3155760169029236,0.37541598081588745,-0.36353999376296997,100,120,1,1,3,341,0,0
IMR,0,00365,IMR:00365:x:group142,0,5,4,2,Right,-0.014000579714775085,1,0,0,0.011544760316610336,3,3,5,-0.10947542637586594,2,0.9510898590087891,-0.013315808959305286,0.04891015589237213,-0.0006847705226391554,0.0,0.0,0.0,0.0,0.17973925173282623,0.002075046533718705,0.8202607035636902,0.0094697130843997,0.0,0.0,0.0,0.0,0.350402295589447,-0.038360439240932465,0.28341802954673767,-0.031027309596538544,0.3661797046661377,-0.04008767753839493,100,120,1,1,3,341,0,0
IMR,0,00366,IMR:00366:x:group143,0,5,4,2,Right,-0.014000579714775085,1,0,0,0.011544760316610336,3,3,5,-0.06248098611831665,0,0.9510898590087891,-0.013315808959305286,0.04891015589237213,-0.0006847705226391554,0.0,0.0,0.0,0.0,0.17973925173282623,0.002075046533718705,0.8202607035636902,0.0094697130843997,0.0,0.0,0.0,0.0,0.3718760013580322,-0.023235179483890533,0.2625552713871002,-0.016404712572693825,0.36556872725486755,-0.022841094061732292,100,120,1,1,3,341,0,0
IMR,0,00368,IMR:00368:x:group144,0,5,4,0,Left,-0.014000579714775085,1,0,0,0.06250937283039093,4,4,6,14.224600791931152,2,0.9510898590087891,-0.013315808959305286,0.04891015589237213,-0.0006847705226391554,0.0,0.0,0.0,0.0,0.1703510880470276,0.010648539289832115,0.0,0.0,0.8296488523483276,0.05186082795262337,0.0,0.0,0.0003922772011719644,0.005579986609518528,0.0018888756167143583,0.02686850167810917,0.997718870639801,14.192152976989746,100,120,0,2,0,341,0,0
IMR,0,00369,IMR:00369:x:group145,0,5,4,0,Left,-0.014000579714775085,1,0,0,0.06250937283039093,4,4,6,15.453017234802246,2,0.9510898590087891,-0.013315808959305286,0.04891015589237213,-0.0006847705226391554,0.0,0.0,0.0,0.0,0.1703510880470276,0.010648539289832115,0.0,0.0,0.8296488523483276,0.05186082795262337,0.0,0.0,0.00022957210603635758,0.003547581611201167,0.0011989001650363207,0.018526624888181686,0.998571515083313,15.43094253540039,100,120,0,2,0,341,0,0
IMR,0,00370,IMR:00370:x:group146,0,5,4,0,Left,-0.014000579714775085,1,0,0,0.011544760316610336,3,3,5,31.953144073486328,2,0.9510898590087891,-0.013315808959305286,0.04891015589237213,-0.0006847705226391554,0.0,0.0,0.0,0.0,0.17973925173282623,0.002075046533718705,0.8202607035636902,0.0094697130843997,0.0,0.0,0.0,0.0,2.6980510270391278e-08,8.621121310170565e-07,9.020479296850681e-07,2.8823267712141387e-05,0.9999990463256836,31.953113555908203,100,120,0,2,0,341,0,0
IMR,0,00371,IMR:00371:x:group147,0,5,4,0,Left,-0.014000579714775085,1,0,0,0.011544760316610336,3,3,5,32.53670120239258,2,0.9510898590087891,-0.013315808959305286,0.04891015589237213,-0.0006847705226391554,0.0,0.0,0.0,0.0,0.17973925173282623,0.002075046533718705,0.8202607035636902,0.0094697130843997,0.0,0.0,0.0,0.0,1.8326927531120418e-08,5.962977525086899e-07,6.643748520218651e-07,2.1616566300508566e-05,0.9999992847442627,32.536678314208984,100,120,0,2,0,341,0,0
IMR,0,00372,IMR:00372:x:group148,0,5,4,0,Left,-0.014000579714775085,1,0,0,0.011544760316610336,3,3,5,24.77606964111328,2,0.9510898590087891,-0.013315808959305286,0.04891015589237213,-0.0006847705226391554,0.0,0.0,0.0,0.0,0.17973925173282623,0.002075046533718705,0.8202607035636902,0.0094697130843997,0.0,0.0,0.0,0.0,1.4256884242058732e-06,3.532295522745699e-05,2.0766279703821056e-05,0.0005145067698322237,0.9999778270721436,24.77552032470703,100,120,0,2,0,341,0,0
IMR,0,00373,IMR:00373:x:group149,0,5,4,2,Right,-0.014000579714775085,1,0,0,0.011544760316610336,3,3,5,-0.005622155964374542,2,0.9510898590087891,-0.013315808959305286,0.04891015589237213,-0.0006847705226391554,0.0,0.0,0.0,0.0,0.17973925173282623,0.002075046533718705,0.8202607035636902,0.0094697130843997,0.0,0.0,0.0,0.0,0.3541153073310852,-0.0019908915273845196,0.2783757448196411,-0.001565071870572865,0.3675089478492737,-0.0020661926828324795,100,120,1,2,4,341,0,0
IMR,0,00374,IMR:00374:x:group150,0,1,0,2,Right,-0.014000579714775085,1,0,0,0.011544760316610336,3,3,5,-1.0033015012741089,2,0.9510898590087891,-0.013315808959305286,0.04891015589237213,-0.0006847705226391554,0.0,0.0,0.0,0.0,0.17973925173282623,0.002075046533718705,0.8202607035636902,0.0094697130843997,0.0,0.0,0.0,0.0,0.2965868413448334,-0.2975660264492035,0.34107208251953125,-0.34219813346862793,0.36234110593795776,-0.36353737115859985,20,40,1,2,4,341,0,1
IMR,0,00374,IMR:00374:x:group150,1,5,4,2,Right,-0.014000579714775085,1,0,0,0.06250937283039093,4,4,6,0.8850231170654297,2,0.9510898590087891,-0.013315808959305286,0.04891015589237213,-0.0006847705226391554,0.0,0.0,0.0,0.0,0.1703510880470276,0.010648539289832115,0.0,0.0,0.8296488523483276,0.05186082795262337,0.0,0.0,0.2700513005256653,0.23900164663791656,0.2636753022670746,0.2333587408065796,0.46627339720726013,0.4126627445220947,100,120,1,2,4,341,0,0
IMR,0,00375,IMR:00375:x:group151,0,5,4,2,Right,-0.014000579714775085,1,0,0,0.011544760316610336,3,3,5,0.020509667694568634,2,0.9510898590087891,-0.013315808959305286,0.04891015589237213,-0.0006847705226391554,0.0,0.0,0.0,0.0,0.17973925173282623,0.002075046533718705,0.8202607035636902,0.0094697130843997,0.0,0.0,0.0,0.0,0.35117533802986145,0.007202489301562309,0.2759592533111572,0.005659832619130611,0.3728654086589813,0.007647345773875713,100,120,1,2,4,341,0,0
IMR,0,00377,IMR:00377:x:group152,0,5,4,2,Right,-0.014000579714775085,1,0,0,0.011544760316610336,3,3,5,0.006936334073543549,2,0.9510898590087891,-0.013315808959305286,0.04891015589237213,-0.0006847705226391554,0.0,0.0,0.0,0.0,0.17973925173282623,0.002075046533718705,0.8202607035636902,0.0094697130843997,0.0,0.0,0.0,0.0,0.3414393961429596,0.002368337707594037,0.2943135201931,0.002041456988081336,0.36424705386161804,0.002526539145037532,100,120,1,2,4,341,0,0
IMR,0,00378,IMR:00378:x:group153,0,5,4,1,Normal,-0.014000579714775085,1,0,0,0.011544760316610336,3,3,5,-18.532224655151367,2,0.9510898590087891,-0.013315808959305286,0.04891015589237213,-0.0006847705226391554,0.0,0.0,0.0,0.0,0.17973925173282623,0.002075046533718705,0.8202607035636902,0.0094697130843997,0.0,0.0,0.0,0.0,0.015429463237524033,-0.28594228625297546,0.3756011128425598,-6.960724353790283,0.6089694499969482,-11.285558700561523,100,120,-1,0,2,341,0,0
IMR,0,00379,IMR:00379:x:group154,0,5,4,1,Normal,-0.014000579714775085,1,0,0,0.011544760316610336,3,3,5,-18.944807052612305,2,0.9510898590087891,-0.013315808959305286,0.04891015589237213,-0.0006847705226391554,0.0,0.0,0.0,0.0,0.17973925173282623,0.002075046533718705,0.8202607035636902,0.0094697130843997,0.0,0.0,0.0,0.0,0.013540616258978844,-0.25652435421943665,0.4050731062889099,-7.674031734466553,0.5813863277435303,-11.014251708984375,100,120,-1,0,2,341,0,0
IMR,0,00380,IMR:00380:x:group155,0,5,4,1,Normal,-0.014000579714775085,1,0,0,0.011544760316610336,3,3,5,-20.228700637817383,2,0.9510898590087891,-0.013315808959305286,0.04891015589237213,-0.0006847705226391554,0.0,0.0,0.0,0.0,0.17973925173282623,0.002075046533718705,0.8202607035636902,0.0094697130843997,0.0,0.0,0.0,0.0,0.011401458643376827,-0.23063670098781586,0.3723195195198059,-7.5315399169921875,0.6162790656089783,-12.466525077819824,100,120,-1,0,2,341,0,0
IMR,0,00381,IMR:00381:x:group156,0,5,4,1,Normal,-4.562546730041504,0,0,0,0.06250937283039093,4,4,6,3.04337215423584,2,0.9961376786231995,-4.544924736022949,0.0038622920401394367,-0.01762188784778118,0.0,0.0,0.0,0.0,0.1703510880470276,0.010648539289832115,0.0,0.0,0.8296488523483276,0.05186082795262337,0.0,0.0,0.0749601498246193,0.22813163697719574,0.13593965768814087,0.4137149751186371,0.789100170135498,2.4015254974365234,100,120,-1,0,2,341,0,0
IMR,0,00382,IMR:00382:x:group157,0,5,4,0,Left,-0.014000579714775085,1,0,0,0.011544760316610336,3,3,5,4.917235374450684,2,0.9510898590087891,-0.013315808959305286,0.04891015589237213,-0.0006847705226391554,0.0,0.0,0.0,0.0,0.17973925173282623,0.002075046533718705,0.8202607035636902,0.0094697130843997,0.0,0.0,0.0,0.0,0.05058275908231735,0.24872733652591705,0.08870112150907516,0.4361642897129059,0.8607161045074463,4.232343673706055,100,120,-1,1,1,341,0,0
IMR,0,00383,IMR:00383:x:group158,0,5,4,1,Normal,-0.014000579714775085,1,0,0,0.011544760316610336,3,3,5,-18.413040161132812,2,0.9510898590087891,-0.013315808959305286,0.04891015589237213,-0.0006847705226391554,0.0,0.0,0.0,0.0,0.17973925173282623,0.002075046533718705,0.8202607035636902,0.0094697130843997,0.0,0.0,0.0,0.0,0.0149688096717,-0.27562129497528076,0.44038841128349304,-8.10888957977295,0.5446428060531616,-10.02853012084961,100,120,-1,0,2,341,0,0
IMR,0,00384,IMR:00384:x:group159,0,5,4,1,Normal,-0.014000579714775085,1,0,0,0.011544760316610336,3,3,5,-14.944910049438477,2,0.9510898590087891,-0.013315808959305286,0.04891015589237213,-0.0006847705226391554,0.0,0.0,0.0,0.0,0.17973925173282623,0.002075046533718705,0.8202607035636902,0.0094697130843997,0.0,0.0,0.0,0.0,0.027419406920671463,-0.4097805619239807,0.46446314454078674,-6.941359996795654,0.5081174373626709,-7.593769550323486,100,120,0,0,2,341,0,0
IMR,0,00385,IMR:00385:x:group160,0,5,4,0,Left,-0.014000579714775085,1,0,0,0.011544760316610336,3,3,5,12.120800971984863,2,0.9510898590087891,-0.013315808959305286,0.04891015589237213,-0.0006847705226391554,0.0,0.0,0.0,0.0,0.17973925173282623,0.002075046533718705,0.8202607035636902,0.0094697130843997,0.0,0.0,0.0,0.0,0.0012612531427294016,0.015287398360669613,0.004836763720959425,0.05862545222043991,0.9939019680023193,12.04688835144043,100,120,0,1,1,341,0,0
IMR,0,00386,IMR:00386:x:group161,0,5,4,0,Left,-0.014000579714775085,1,0,0,0.011544760316610336,3,3,5,14.327054023742676,2,0.9510898590087891,-0.013315808959305286,0.04891015589237213,-0.0006847705226391554,0.0,0.0,0.0,0.0,0.17973925173282623,0.002075046533718705,0.8202607035636902,0.0094697130843997,0.0,0.0,0.0,0.0,0.00035945590934716165,0.005149944219738245,0.001732479315251112,0.0248213242739439,0.9979081153869629,14.297083854675293,100,120,0,1,1,341,0,0
IMR,0,00387,IMR:00387:x:group162,0,5,4,0,Left,-0.014000579714775085,1,0,0,0.06250937283039093,4,4,6,27.20379066467285,2,0.9510898590087891,-0.013315808959305286,0.04891015589237213,-0.0006847705226391554,0.0,0.0,0.0,0.0,0.1703510880470276,0.010648539289832115,0.0,0.0,0.8296488523483276,0.05186082795262337,0.0,0.0,3.7155490417717374e-07,1.0107702109962702e-05,7.711667421972379e-06,0.00020978657994419336,0.9999918937683105,27.203569412231445,100,120,0,1,1,341,0,0
IMR,0,00388,IMR:00388:x:group163,0,5,4,2,Right,-0.014000579714775085,1,0,0,0.011544760316610336,3,3,5,-1.7603280544281006,2,0.9510898590087891,-0.013315808959305286,0.04891015589237213,-0.0006847705226391554,0.0,0.0,0.0,0.0,0.17973925173282623,0.002075046533718705,0.8202607035636902,0.0094697130843997,0.0,0.0,0.0,0.0,0.20996937155723572,-0.36961498856544495,0.3454928696155548,-0.6081807613372803,0.4445376992225647,-0.7825321555137634,100,120,1,1,3,341,0,0
IMR,0,00389,IMR:00389:x:group164,0,5,4,2,Right,-0.014000579714775085,1,0,0,0.011544760316610336,3,3,5,-0.05899771302938461,0,0.9510898590087891,-0.013315808959305286,0.04891015589237213,-0.0006847705226391554,0.0,0.0,0.0,0.0,0.17973925173282623,0.002075046533718705,0.8202607035636902,0.0094697130843997,0.0,0.0,0.0,0.0,0.36675965785980225,-0.02163798175752163,0.2700441777706146,-0.0159319881349802,0.3631962239742279,-0.02142774686217308,100,120,1,2,4,341,0,0
IMR,0,00390,IMR:00390:x:group165,0,5,4,2,Right,-0.014000579714775085,1,0,0,0.011544760316610336,3,3,5,0.03629688173532486,2,0.9510898590087891,-0.013315808959305286,0.04891015589237213,-0.0006847705226391554,0.0,0.0,0.0,0.0,0.17973925173282623,0.002075046533718705,0.8202607035636902,0.0094697130843997,0.0,0.0,0.0,0.0,0.34360837936401367,0.012471912428736687,0.2831670343875885,0.010278080590069294,0.37322455644607544,0.013546887785196304,100,120,1,2,4,341,0,0
IMR,0,00391,IMR:00391:x:group166,0,5,4,0,Left,-0.014000579714775085,1,0,0,0.06250937283039093,4,4,6,37.55153274536133,2,0.9510898590087891,-0.013315808959305286,0.04891015589237213,-0.0006847705226391554,0.0,0.0,0.0,0.0,0.1703510880470276,0.010648539289832115,0.0,0.0,0.8296488523483276,0.05186082795262337,0.0,0.0,1.347765121728628e-09,5.061064456413078e-08,8.421584851703301e-08,3.1624342682334827e-06,0.9999998807907104,37.55152893066406,100,120,0,2,0,341,0,0
IMR,0,00392,IMR:00392:x:group167,0,5,4,0,Left,-0.014000579714775085,1,0,0,0.011544760316610336,3,3,5,25.134225845336914,2,0.9510898590087891,-0.013315808959305286,0.04891015589237213,-0.0006847705226391554,0.0,0.0,0.0,0.0,0.17973925173282623,0.002075046533718705,0.8202607035636902,0.0094697130843997,0.0,0.0,0.0,0.0,1.0315131930838106e-06,2.592628516140394e-05,1.6918427718337625e-05,0.0004252315848134458,0.9999819993972778,25.133773803710938,100,120,0,2,0,341,0,0
IMR,0,00393,IMR:00393:x:group168,0,5,4,0,Left,-0.014000579714775085,1,0,0,0.011544760316610336,3,3,5,25.986366271972656,2,0.9510898590087891,-0.013315808959305286,0.04891015589237213,-0.0006847705226391554,0.0,0.0,0.0,0.0,0.17973925173282623,0.002075046533718705,0.8202607035636902,0.0094697130843997,0.0,0.0,0.0,0.0,6.797345690756629e-07,1.7663831386016682e-05,1.1371003893145826e-05,0.00029549107421189547,0.9999879598617554,25.986053466796875,100,120,0,2,0,341,0,1
IMR,0,00395,IMR:00395:x:group169,0,5,4,2,Right,-0.014000579714775085,1,0,0,0.011544760316610336,3,3,5,-0.024393286556005478,2,0.9510898590087891,-0.013315808959305286,0.04891015589237213,-0.0006847705226391554,0.0,0.0,0.0,0.0,0.17973925173282623,0.002075046533718705,0.8202607035636902,0.0094697130843997,0.0,0.0,0.0,0.0,0.3536611795425415,-0.008626958355307579,0.28487324714660645,-0.006948994938284159,0.36146557331085205,-0.008817333728075027,100,120,1,2,4,341,0,0
IMR,0,00396,IMR:00396:x:group170,0,5,4,2,Right,-0.014000579714775085,1,0,0,0.011544760316610336,3,3,5,-0.046945929527282715,0,0.9510898590087891,-0.013315808959305286,0.04891015589237213,-0.0006847705226391554,0.0,0.0,0.0,0.0,0.17973925173282623,0.002075046533718705,0.8202607035636902,0.0094697130843997,0.0,0.0,0.0,0.0,0.3642233908176422,-0.01709880493581295,0.27575594186782837,-0.012945619411766529,0.3600206971168518,-0.01690150611102581,100,120,1,2,4,341,0,0
IMR,0,00397,IMR:00397:x:group171,0,5,4,1,Normal,-0.014000579714775085,1,0,0,0.011544760316610336,3,3,5,-19.99750328063965,2,0.9510898590087891,-0.013315808959305286,0.04891015589237213,-0.0006847705226391554,0.0,0.0,0.0,0.0,0.17973925173282623,0.002075046533718705,0.8202607035636902,0.0094697130843997,0.0,0.0,0.0,0.0,0.011996942572295666,-0.23990890383720398,0.388254314661026,-7.7641167640686035,0.5997487902641296,-11.993478775024414,100,120,-1,0,2,341,0,0
IMR,0,00398,IMR:00398:x:group172,0,5,4,1,Normal,-0.014000579714775085,1,0,0,0.011544760316610336,3,3,5,-13.29702091217041,2,0.9510898590087891,-0.013315808959305286,0.04891015589237213,-0.0006847705226391554,0.0,0.0,0.0,0.0,0.17973925173282623,0.002075046533718705,0.8202607035636902,0.0094697130843997,0.0,0.0,0.0,0.0,0.04083440080285072,-0.542975902557373,0.43026435375213623,-5.721234321594238,0.5289012789726257,-7.032811164855957,100,120,-1,0,2,341,0,0
IMR,0,00399,IMR:00399:x:group173,0,5,4,1,Normal,-0.014000579714775085,1,0,0,0.011544760316610336,3,3,5,-28.775278091430664,2,0.9510898590087891,-0.013315808959305286,0.04891015589237213,-0.0006847705226391554,0.0,0.0,0.0,0.0,0.17973925173282623,0.002075046533718705,0.8202607035636902,0.0094697130843997,0.0,0.0,0.0,0.0,0.0022277196403592825,-0.06410325318574905,0.3355444371700287,-9.655384063720703,0.6622278094291687,-19.055789947509766,100,120,-1,0,2,341,0,0
IMR,0,00400,IMR:00400:x:group174,0,5,4,1,Normal,-0.014000579714775085,1,0,0,0.011544760316610336,3,3,5,-13.872766494750977,2,0.9510898590087891,-0.013315808959305286,0.04891015589237213,-0.0006847705226391554,0.0,0.0,0.0,0.0,0.17973925173282623,0.002075046533718705,0.8202607035636902,0.0094697130843997,0.0,0.0,0.0,0.0,0.03883146867156029,-0.5386999249458313,0.42284461855888367,-5.866024494171143,0.5383239388465881,-7.468042373657227,100,120,-1,0,2,341,0,0
IMR,0,00401,IMR:00401:x:group175,0,5,4,1,Normal,-0.014000579714775085,1,0,0,0.011544760316610336,3,3,5,-15.972249031066895,1,0.9510898590087891,-0.013315808959305286,0.04891015589237213,-0.0006847705226391554,0.0,0.0,0.0,0.0,0.17973925173282623,0.002075046533718705,0.8202607035636902,0.0094697130843997,0.0,0.0,0.0,0.0,0.021968036890029907,-0.3508789539337158,0.5051981210708618,-8.0691499710083,0.47283387184143066,-7.552220344543457,100,120,-1,0,2,341,0,0
IMR,0,00402,IMR:00402:x:group176,0,5,4,0,Left,-0.014000579714775085,1,0,0,0.011544760316610336,3,3,5,22.200674057006836,2,0.9510898590087891,-0.013315808959305286,0.04891015589237213,-0.0006847705226391554,0.0,0.0,0.0,0.0,0.17973925173282623,0.002075046533718705,0.8202607035636902,0.0094697130843997,0.0,0.0,0.0,0.0,5.348482773115393e-06,0.00011873992480104789,6.046495400369167e-05,0.0013423627242445946,0.999934196472168,22.1992130279541,100,120,0,2,0,341,0,0
IMR,0,00403,IMR:00403:x:group177,0,5,4,0,Left,-0.014000579714775085,1,0,0,0.011544760316610336,3,3,5,19.742116928100586,2,0.9510898590087891,-0.013315808959305286,0.04891015589237213,-0.0006847705226391554,0.0,0.0,0.0,0.0,0.17973925173282623,0.002075046533718705,0.8202607035636902,0.0094697130843997,0.0,0.0,0.0,0.0,2.1005609596613795e-05,0.0004146952123846859,0.0001827253436204046,0.003607385093346238,0.9997963309288025,19.738096237182617,100,120,0,2,0,341,0,0
IMR,0,00404,IMR:00404:x:group178,0,5,4,0,Left,-0.014000579714775085,1,0,0,0.06250937283039093,4,4,6,17.45838737487793,2,0.9510898590087891,-0.013315808959305286,0.04891015589237213,-0.0006847705226391554,0.0,0.0,0.0,0.0,0.1703510880470276,0.010648539289832115,0.0,0.0,0.8296488523483276,0.05186082795262337,0.0,0.0,8.310239354614168e-05,0.0014508337480947375,0.0005268898676149547,0.009198646992444992,0.9993900060653687,17.447738647460938,100,120,0,2,0,341,0,0
IMR,0,00406,IMR:00406:x:group179,0,5,4,2,Right,-0.014000579714775085,1,0,0,0.011544760316610336,3,3,5,2.4449875354766846,2,0.9510898590087891,-0.013315808959305286,0.04891015589237213,-0.0006847705226391554,0.0,0.0,0.0,0.0,0.17973925173282623,0.002075046533718705,0.8202607035636902,0.0094697130843997,0.0,0.0,0.0,0.0,0.15648195147514343,0.3825964331626892,0.1899360865354538,0.4643913507461548,0.653581976890564,1.5979998111724854,100,120,1,2,4,341,0,0
IMR,0,00407,IMR:00407:x:group180,0,5,4,0,Left,-0.014000579714775085,1,0,0,0.011544760316610336,3,3,5,27.891103744506836,2,0.9510898590087891,-0.013315808959305286,0.04891015589237213,-0.0006847705226391554,0.0,0.0,0.0,0.0,0.17973925173282623,0.002075046533718705,0.8202607035636902,0.0094697130843997,0.0,0.0,0.0,0.0,2.7327129714649345e-07,7.62183799452032e-06,5.671378858096432e-06,0.0001581810211064294,0.9999940395355225,27.89093780517578,100,120,0,2,0,341,0,0
IMR,0,00408,IMR:00408:x:group181,0,3,2,0,Left,-0.014000579714775085,1,0,0,0.011544760316610336,3,3,5,17.814733505249023,2,0.9510898590087891,-0.013315808959305286,0.04891015589237213,-0.0006847705226391554,0.0,0.0,0.0,0.0,0.17973925173282623,0.002075046533718705,0.8202607035636902,0.0094697130843997,0.0,0.0,0.0,0.0,6.835979729657993e-05,0.0012178116012364626,0.0004358180158305913,0.007763981819152832,0.9994958639144897,17.80575180053711,60,80,0,2,0,341,0,0
IMR,0,00408,IMR:00408:x:group181,1,5,4,0,Left,-0.014000579714775085,1,0,0,0.06250937283039093,4,4,6,9.22247314453125,2,0.9510898590087891,-0.013315808959305286,0.04891015589237213,-0.0006847705226391554,0.0,0.0,0.0,0.0,0.1703510880470276,0.010648539289832115,0.0,0.0,0.8296488523483276,0.05186082795262337,0.0,0.0,0.00624254671856761,0.05757172033190727,0.016686322167515755,0.15388916432857513,0.9770711064338684,9.011012077331543,100,120,0,2,0,341,0,0
IMR,0,00409,IMR:00409:x:group182,0,5,4,2,Right,-0.014000579714775085,1,0,0,0.06250937283039093,4,4,6,-0.011180991306900978,2,0.9510898590087891,-0.013315808959305286,0.04891015589237213,-0.0006847705226391554,0.0,0.0,0.0,0.0,0.1703510880470276,0.010648539289832115,0.0,0.0,0.8296488523483276,0.05186082795262337,0.0,0.0,0.3552562892436981,-0.003972117323428392,0.2833333909511566,-0.003167948219925165,0.36141031980514526,-0.0040409257635474205,100,120,1,2,4,341,0,0
IMR,0,00410,IMR:00410:x:group183,0,5,4,2,Right,-0.014000579714775085,1,0,0,0.011544760316610336,3,3,5,-0.01454009860754013,2,0.9510898590087891,-0.013315808959305286,0.04891015589237213,-0.0006847705226391554,0.0,0.0,0.0,0.0,0.17973925173282623,0.002075046533718705,0.8202607035636902,0.0094697130843997,0.0,0.0,0.0,0.0,0.344021737575531,-0.005002109799534082,0.2946842908859253,-0.004284738563001156,0.3612940013408661,-0.005253250245004892,100,120,1,2,4,341,0,0
IMR,0,00411,IMR:00411:x:group184,0,5,4,1,Normal,-0.014000579714775085,1,0,0,0.011544760316610336,3,3,5,-23.23187255859375,2,0.9510898590087891,-0.013315808959305286,0.04891015589237213,-0.0006847705226391554,0.0,0.0,0.0,0.0,0.17973925173282623,0.002075046533718705,0.8202607035636902,0.0094697130843997,0.0,0.0,0.0,0.0,0.006010162644088268,-0.1396273374557495,0.3638225495815277,-8.452279090881348,0.6301673054695129,-14.63996696472168,100,120,-1,0,2,341,0,0
IMR,0,00412,IMR:00412:x:group185,0,5,4,1,Normal,-0.014000579714775085,1,0,0,0.011544760316610336,3,3,5,-7.392707824707031,1,0.9510898590087891,-0.013315808959305286,0.04891015589237213,-0.0006847705226391554,0.0,0.0,0.0,0.0,0.17973925173282623,0.002075046533718705,0.8202607035636902,0.0094697130843997,0.0,0.0,0.0,0.0,0.09224770963191986,-0.6819603443145752,0.48243585228919983,-3.566507339477539,0.42531636357307434,-3.144239664077759,100,120,-1,0,2,341,0,0
IMR,0,00413,IMR:00413:x:group186,0,5,4,1,Normal,-0.014000579714775085,1,0,0,0.011544760316610336,3,3,5,-10.904193878173828,2,0.9510898590087891,-0.013315808959305286,0.04891015589237213,-0.0006847705226391554,0.0,0.0,0.0,0.0,0.17973925173282623,0.002075046533718705,0.8202607035636902,0.0094697130843997,0.0,0.0,0.0,0.0,0.05990499630570412,-0.6532157063484192,0.39702364802360535,-4.329222679138184,0.5430713891983032,-5.921755790710449,100,120,-1,0,2,341,0,0
IMR,0,00414,IMR:00414:x:group187,0,5,4,1,Normal,-0.014000579714775085,1,0,0,0.011544760316610336,3,3,5,-23.88985252380371,2,0.9510898590087891,-0.013315808959305286,0.04891015589237213,-0.0006847705226391554,0.0,0.0,0.0,0.0,0.17973925173282623,0.002075046533718705,0.8202607035636902,0.0094697130843997,0.0,0.0,0.0,0.0,0.005624442361295223,-0.13436709344387054,0.3570469319820404,-8.52979850769043,0.6373286247253418,-15.225687026977539,100,120,-1,0,2,341,0,0
IMR,0,00415,IMR:00415:x:group188,0,5,4,0,Left,-0.014000579714775085,1,0,0,0.011544760316610336,3,3,5,20.938539505004883,2,0.9510898590087891,-0.013315808959305286,0.04891015589237213,-0.0006847705226391554,0.0,0.0,0.0,0.0,0.17973925173282623,0.002075046533718705,0.8202607035636902,0.0094697130843997,0.0,0.0,0.0,0.0,9.922847311827354e-06,0.0002077699318761006,0.00010044588998425752,0.0021031901706010103,0.999889612197876,20.936227798461914,100,120,0,1,1,341,0,0
IMR,0,00416,IMR:00416:x:group189,0,3,2,1,Normal,-0.014000579714775085,1,0,0,0.06250937283039093,4,4,6,-26.612613677978516,2,0.9510898590087891,-0.013315808959305286,0.04891015589237213,-0.0006847705226391554,0.0,0.0,0.0,0.0,0.1703510880470276,0.010648539289832115,0.0,0.0,0.8296488523483276,0.05186082795262337,0.0,0.0,0.0044472296722233295,-0.11835240572690964,0.28009769320487976,-7.454131603240967,0.7154551148414612,-19.040130615234375,60,80,0,0,2,341,0,0
IMR,0,00416,IMR:00416:x:group189,1,4,3,1,Normal,-0.014000579714775085,1,0,0,0.06250937283039093,4,4,6,-38.12968063354492,2,0.9510898590087891,-0.013315808959305286,0.04891015589237213,-0.0006847705226391554,0.0,0.0,0.0,0.0,0.1703510880470276,0.010648539289832115,0.0,0.0,0.8296488523483276,0.05186082795262337,0.0,0.0,0.00047509907744824886,-0.018115375190973282,0.20698821544647217,-7.892394542694092,0.792536735534668,-30.219173431396484,80,100,0,0,2,341,0,1
IMR,0,00416,IMR:00416:x:group189,2,5,4,1,Normal,-0.014000579714775085,1,0,0,0.011544760316610336,3,3,5,23.526281356811523,2,0.9510898590087891,-0.013315808959305286,0.04891015589237213,-0.0006847705226391554,0.0,0.0,0.0,0.0,0.17973925173282623,0.002075046533718705,0.8202607035636902,0.0094697130843997,0.0,0.0,0.0,0.0,2.8632675821427256e-06,6.736203795298934e-05,3.639053102233447e-05,0.0008561338763684034,0.9999607801437378,23.525358200073242,100,120,0,0,2,341,0,0
IMR,0,00417,IMR:00417:x:group190,0,5,4,2,Right,-0.014000579714775085,1,0,0,0.011544760316610336,3,3,5,-0.05450901389122009,0,0.9510898590087891,-0.013315808959305286,0.04891015589237213,-0.0006847705226391554,0.0,0.0,0.0,0.0,0.17973925173282623,0.002075046533718705,0.8202607035636902,0.0094697130843997,0.0,0.0,0.0,0.0,0.3714825510978699,-0.020249146968126297,0.2643270790576935,-0.014408208429813385,0.36419031023979187,-0.019851654767990112,100,120,1,1,3,341,0,0
IMR,0,00418,IMR:00418:x:group191,0,5,4,2,Right,-0.014000579714775085,1,0,0,0.011544760316610336,3,3,5,-0.017021864652633667,2,0.9510898590087891,-0.013315808959305286,0.04891015589237213,-0.0006847705226391554,0.0,0.0,0.0,0.0,0.17973925173282623,0.002075046533718705,0.8202607035636902,0.0094697130843997,0.0,0.0,0.0,0.0,0.35132312774658203,-0.005980174522846937,0.28635698556900024,-0.004874330013990402,0.3623199462890625,-0.006167361047118902,100,120,1,1,3,341,0,0
IMR,0,00419,IMR:00419:x:group192,0,5,4,0,Left,-0.014000579714775085,1,0,0,0.011544760316610336,3,3,5,23.5306453704834,2,0.9510898590087891,-0.013315808959305286,0.04891015589237213,-0.0006847705226391554,0.0,0.0,0.0,0.0,0.17973925173282623,0.002075046533718705,0.8202607035636902,0.0094697130843997,0.0,0.0,0.0,0.0,2.998018544531078e-06,7.054531306494027e-05,3.718577863764949e-05,0.0008750053821131587,0.9999598264694214,23.529699325561523,100,120,0,2,0,341,0,0
IMR,0,00420,IMR:00420:x:group193,0,5,4,2,Right,-0.014000579714775085,1,0,0,0.011544760316610336,3,3,5,-0.05383177101612091,0,0.9510898590087891,-0.013315808959305286,0.04891015589237213,-0.0006847705226391554,0.0,0.0,0.0,0.0,0.17973925173282623,0.002075046533718705,0.8202607035636902,0.0094697130843997,0.0,0.0,0.0,0.0,0.36446014046669006,-0.01961953565478325,0.2722126245498657,-0.014653687365353107,0.3633272051811218,-0.01955854706466198,100,120,1,2,4,341,0,0
IMR,0,00511,IMR:00511:x:group194,0,5,4,2,Right,-0.014000579714775085,1,0,0,0.011544760316610336,3,3,5,-0.06491793692111969,2,0.9510898590087891,-0.013315808959305286,0.04891015589237213,-0.0006847705226391554,0.0,0.0,0.0,0.0,0.17973925173282623,0.002075046533718705,0.8202607035636902,0.0094697130843997,0.0,0.0,0.0,0.0,0.3296792209148407,-0.02140209451317787,0.30599328875541687,-0.019864453002810478,0.36432746052742004,-0.02365138754248619,100,120,1,2,4,341,0,0
IMR,0,00512,IMR:00512:x:group195,0,5,4,2,Right,-0.014000579714775085,1,0,0,0.011544760316610336,3,3,5,-0.06779137253761292,2,0.9510898590087891,-0.013315808959305286,0.04891015589237213,-0.0006847705226391554,0.0,0.0,0.0,0.0,0.17973925173282623,0.002075046533718705,0.8202607035636902,0.0094697130843997,0.0,0.0,0.0,0.0,0.33864036202430725,-0.02295689471065998,0.3011823892593384,-0.02041756734251976,0.360177218914032,-0.024416908621788025,100,120,1,2,4,341,0,0
IMR,0,00513,IMR:00513:x:group196,0,5,4,2,Right,-0.014000579714775085,1,0,0,0.06250937283039093,4,4,6,-0.2731131911277771,2,0.9510898590087891,-0.013315808959305286,0.04891015589237213,-0.0006847705226391554,0.0,0.0,0.0,0.0,0.1703510880470276,0.010648539289832115,0.0,0.0,0.8296488523483276,0.05186082795262337,0.0,0.0,0.31422555446624756,-0.08581914752721786,0.31394749879837036,-0.08574320375919342,0.3718268871307373,-0.10155082494020462,100,120,1,2,4,341,0,0
IMR,0,00514,IMR:00514:x:group197,0,5,4,2,Right,-0.014000579714775085,1,0,0,0.011544760316610336,3,3,5,-0.3066328167915344,2,0.9510898590087891,-0.013315808959305286,0.04891015589237213,-0.0006847705226391554,0.0,0.0,0.0,0.0,0.17973925173282623,0.002075046533718705,0.8202607035636902,0.0094697130843997,0.0,0.0,0.0,0.0,0.3167184889316559,-0.09711628407239914,0.31473854184150696,-0.0965091660618782,0.36854293942451477,-0.11300735920667648,100,120,1,2,4,341,0,0
IMR,0,00515,IMR:00515:x:group198,0,5,4,2,Right,-0.014000579714775085,1,0,0,0.06250937283039093,4,4,6,-0.3521874248981476,2,0.9510898590087891,-0.013315808959305286,0.04891015589237213,-0.0006847705226391554,0.0,0.0,0.0,0.0,0.1703510880470276,0.010648539289832115,0.0,0.0,0.8296488523483276,0.05186082795262337,0.0,0.0,0.3123333156108856,-0.10999986529350281,0.315673291683197,-0.11117616295814514,0.37199342250823975,-0.13101141154766083,100,120,1,2,4,341,0,0
IMR,0,00516,IMR:00516:x:group199,0,5,4,2,Right,-0.014000579714775085,1,0,0,0.011544760316610336,3,3,5,-0.07540963590145111,0,0.9510898590087891,-0.013315808959305286,0.04891015589237213,-0.0006847705226391554,0.0,0.0,0.0,0.0,0.17973925173282623,0.002075046533718705,0.8202607035636902,0.0094697130843997,0.0,0.0,0.0,0.0,0.37531569600105286,-0.028302419930696487,0.25609856843948364,-0.0193122997879982,0.3685857951641083,-0.027794919908046722,100,120,1,2,4,341,0,0
IMR,0,00517,IMR:00517:x:group200,0,5,4,2,Right,-0.014000579714775085,1,0,0,0.011544760316610336,3,3,5,-0.048720527440309525,2,0.9510898590087891,-0.013315808959305286,0.04891015589237213,-0.0006847705226391554,0.0,0.0,0.0,0.0,0.17973925173282623,0.002075046533718705,0.8202607035636902,0.0094697130843997,0.0,0.0,0.0,0.0,0.35127922892570496,-0.017114508897066116,0.28515616059303284,-0.013892958872020245,0.3635645806789398,-0.01771305873990059,100,120,1,2,4,341,0,0
IMR,0,00518,IMR:00518:x:group201,0,5,4,2,Right,-0.014000579714775085,1,0,0,0.011544760316610336,3,3,5,-0.06213540583848953,0,0.9510898590087891,-0.013315808959305286,0.04891015589237213,-0.0006847705226391554,0.0,0.0,0.0,0.0,0.17973925173282623,0.002075046533718705,0.8202607035636902,0.0094697130843997,0.0,0.0,0.0,0.0,0.3691582977771759,-0.022937800735235214,0.2661297917366028,-0.016536083072423935,0.36471185088157654,-0.022661518305540085,100,120,1,2,4,341,0,0
IMR,0,00519,IMR:00519:x:group202,0,5,4,2,Right,-0.014000579714775085,1,0,0,0.011544760316610336,3,3,5,-0.05871777981519699,0,0.9510898590087891,-0.013315808959305286,0.04891015589237213,-0.0006847705226391554,0.0,0.0,0.0,0.0,0.17973925173282623,0.002075046533718705,0.8202607035636902,0.0094697130843997,0.0,0.0,0.0,0.0,0.3666497468948364,-0.021528858691453934,0.2696533203125,-0.015833444893360138,0.3636969327926636,-0.02135547623038292,100,120,1,1,3,341,0,0
IMR,0,00520,IMR:00520:x:group203,0,5,4,2,Right,-0.014000579714775085,1,0,0,0.011544760316610336,3,3,5,-0.013830181211233139,2,0.9510898590087891,-0.013315808959305286,0.04891015589237213,-0.0006847705226391554,0.0,0.0,0.0,0.0,0.17973925173282623,0.002075046533718705,0.8202607035636902,0.0094697130843997,0.0,0.0,0.0,0.0,0.3457784056663513,-0.004782177973538637,0.28811267018318176,-0.00398465059697628,0.36610886454582214,-0.005063351709395647,100,120,1,2,4,341,0,0
IMR,0,00521,IMR:00521:x:group204,0,5,4,2,Right,-0.014000579714775085,1,0,0,0.011544760316610336,3,3,5,-0.06260819733142853,0,0.9510898590087891,-0.013315808959305286,0.04891015589237213,-0.0006847705226391554,0.0,0.0,0.0,0.0,0.17973925173282623,0.002075046533718705,0.8202607035636902,0.0094697130843997,0.0,0.0,0.0,0.0,0.37810325622558594,-0.02367236278951168,0.25693055987358093,-0.01608595997095108,0.3649662137031555,-0.022849876433610916,100,120,1,1,3,341,0,0
IMR,0,00522,IMR:00522:x:group205,0,5,4,2,Right,-0.014000579714775085,1,0,0,0.011544760316610336,3,3,5,-0.06577840447425842,0,0.9510898590087891,-0.013315808959305286,0.04891015589237213,-0.0006847705226391554,0.0,0.0,0.0,0.0,0.17973925173282623,0.002075046533718705,0.8202607035636902,0.0094697130843997,0.0,0.0,0.0,0.0,0.37093719840049744,-0.024399656802415848,0.26338717341423035,-0.017325187101960182,0.3656756579875946,-0.024053560569882393,100,120,1,2,4,341,0,0
IMR,0,00523,IMR:00523:x:group206,0,5,4,2,Right,-0.014000579714775085,1,0,0,0.011544760316610336,3,3,5,-0.0634201169013977,0,0.9510898590087891,-0.013315808959305286,0.04891015589237213,-0.0006847705226391554,0.0,0.0,0.0,0.0,0.17973925173282623,0.002075046533718705,0.8202607035636902,0.0094697130843997,0.0,0.0,0.0,0.0,0.37245842814445496,-0.02362135797739029,0.26274949312210083,-0.016663603484630585,0.3647920489311218,-0.023135153576731682,100,120,1,2,4,341,0,0
IMR,0,00524,IMR:00524:x:group207,0,5,4,2,Right,-0.014000579714775085,1,0,0,0.011544760316610336,3,3,5,-0.06322994828224182,0,0.9510898590087891,-0.013315808959305286,0.04891015589237213,-0.0006847705226391554,0.0,0.0,0.0,0.0,0.17973925173282623,0.002075046533718705,0.8202607035636902,0.0094697130843997,0.0,0.0,0.0,0.0,0.37174615263938904,-0.02350549027323723,0.265544056892395,-0.01679033786058426,0.36270979046821594,-0.022934122011065483,100,120,1,2,4,341,0,0
IMR,0,00525,IMR:00525:x:group208,0,5,4,2,Right,-0.014000579714775085,1,0,0,0.011544760316610336,3,3,5,-0.05925370752811432,0,0.9510898590087891,-0.013315808959305286,0.04891015589237213,-0.0006847705226391554,0.0,0.0,0.0,0.0,0.17973925173282623,0.002075046533718705,0.8202607035636902,0.0094697130843997,0.0,0.0,0.0,0.0,0.3669942021369934,-0.021745767444372177,0.26895570755004883,-0.01593662239611149,0.3640500605106354,-0.021571315824985504,100,120,1,2,4,341,0,0
IMR,0,00526,IMR:00526:x:group209,0,5,4,0,Left,-0.014000579714775085,1,0,0,0.011544760316610336,3,3,5,19.400392532348633,2,0.9510898590087891,-0.013315808959305286,0.04891015589237213,-0.0006847705226391554,0.0,0.0,0.0,0.0,0.17973925173282623,0.002075046533718705,0.8202607035636902,0.0094697130843997,0.0,0.0,0.0,0.0,2.6582449208945036e-05,0.000515709922183305,0.00021190516417846084,0.004111043177545071,0.9997615218162537,19.39576530456543,100,120,0,1,1,341,0,0
IMR,0,00527,IMR:00527:x:group210,0,5,4,0,Left,-0.014000579714775085,1,0,0,0.011544760316610336,3,3,5,20.208311080932617,2,0.9510898590087891,-0.013315808959305286,0.04891015589237213,-0.0006847705226391554,0.0,0.0,0.0,0.0,0.17973925173282623,0.002075046533718705,0.8202607035636902,0.0094697130843997,0.0,0.0,0.0,0.0,1.6666072042426094e-05,0.0003367931640241295,0.0001465495297452435,0.0029615184757858515,0.999836802482605,20.205013275146484,100,120,0,1,1,341,0,0
IMR,0,00528,IMR:00528:x:group211,0,5,4,0,Left,-0.014000579714775085,1,0,0,0.011544760316610336,3,3,5,26.2453670501709,2,0.9510898590087891,-0.013315808959305286,0.04891015589237213,-0.0006847705226391554,0.0,0.0,0.0,0.0,0.17973925173282623,0.002075046533718705,0.8202607035636902,0.0094697130843997,0.0,0.0,0.0,0.0,6.111409334152995e-07,1.6039617548813112e-05,1.0456646123202518e-05,0.0002744385274127126,0.9999889135360718,26.245075225830078,100,120,0,1,1,341,0,0
IMR,0,00529,IMR:00529:x:group212,0,5,4,0,Left,-0.014000579714775085,1,0,0,0.011544760316610336,3,3,5,13.31476879119873,2,0.9510898590087891,-0.013315808959305286,0.04891015589237213,-0.0006847705226391554,0.0,0.0,0.0,0.0,0.17973925173282623,0.002075046533718705,0.8202607035636902,0.0094697130843997,0.0,0.0,0.0,0.0,0.0007115445914678276,0.009474052116274834,0.0029370661359280348,0.03910635784268379,0.9963513612747192,13.26618766784668,100,120,0,1,1,341,0,0
IMR,0,00530,IMR:00530:x:group213,0,5,4,0,Left,-0.014000579714775085,1,0,0,0.06250937283039093,4,4,6,21.04731559753418,2,0.9510898590087891,-0.013315808959305286,0.04891015589237213,-0.0006847705226391554,0.0,0.0,0.0,0.0,0.1703510880470276,0.010648539289832115,0.0,0.0,0.8296488523483276,0.05186082795262337,0.0,0.0,8.939257895690389e-06,0.0001881473872344941,8.914998034015298e-05,0.0018763677217066288,0.9999018907546997,21.045249938964844,100,120,0,1,1,341,0,0
IMR,0,00531,IMR:00531:x:group214,0,5,4,1,Normal,-0.014000579714775085,1,0,0,0.011544760316610336,3,3,5,-21.136741638183594,2,0.9510898590087891,-0.013315808959305286,0.04891015589237213,-0.0006847705226391554,0.0,0.0,0.0,0.0,0.17973925173282623,0.002075046533718705,0.8202607035636902,0.0094697130843997,0.0,0.0,0.0,0.0,0.009601814672350883,-0.2029510736465454,0.36975204944610596,-7.8153533935546875,0.6206461191177368,-13.118436813354492,100,120,-1,0,2,341,0,0
IMR,0,00532,IMR:00532:x:group215,0,5,4,1,Normal,-0.014000579714775085,1,0,0,0.011544760316610336,3,3,5,-18.673416137695312,2,0.9510898590087891,-0.013315808959305286,0.04891015589237213,-0.0006847705226391554,0.0,0.0,0.0,0.0,0.17973925173282623,0.002075046533718705,0.8202607035636902,0.0094697130843997,0.0,0.0,0.0,0.0,0.01513262465596199,-0.282577782869339,0.36634454131126404,-6.840904235839844,0.6185228824615479,-11.549935340881348,100,120,-1,0,2,341,0,0
IMR,0,00533,IMR:00533:x:group216,0,5,4,1,Normal,-0.014000579714775085,1,0,0,0.011544760316610336,3,3,5,-22.290189743041992,2,0.9510898590087891,-0.013315808959305286,0.04891015589237213,-0.0006847705226391554,0.0,0.0,0.0,0.0,0.17973925173282623,0.002075046533718705,0.8202607035636902,0.0094697130843997,0.0,0.0,0.0,0.0,0.008131097070872784,-0.18124370276927948,0.35487204790115356,-7.910165309906006,0.6369968056678772,-14.198780059814453,100,120,-1,0,2,341,0,0
IMR,0,00534,IMR:00534:x:group217,0,5,4,1,Normal,-0.014000579714775085,1,0,0,0.011544760316610336,3,3,5,-20.105741500854492,2,0.9510898590087891,-0.013315808959305286,0.04891015589237213,-0.0006847705226391554,0.0,0.0,0.0,0.0,0.17973925173282623,0.002075046533718705,0.8202607035636902,0.0094697130843997,0.0,0.0,0.0,0.0,0.01157556101679802,-0.23273523151874542,0.37511003017425537,-7.541865348815918,0.6133144497871399,-12.331141471862793,100,120,-1,0,2,341,0,0
IMR,0,00535,IMR:00535:x:group218,0,5,4,1,Normal,-0.014000579714775085,1,0,0,0.011544760316610336,3,3,5,-22.976186752319336,2,0.9510898590087891,-0.013315808959305286,0.04891015589237213,-0.0006847705226391554,0.0,0.0,0.0,0.0,0.17973925173282623,0.002075046533718705,0.8202607035636902,0.0094697130843997,0.0,0.0,0.0,0.0,0.00689668208360672,-0.15845945477485657,0.3839361071586609,-8.82138729095459,0.609167218208313,-13.996339797973633,100,120,-1,0,2,341,0,0
IMR,0,00537,IMR:00537:x:group220,0,4,3,2,Right,-0.014000579714775085,1,0,0,0.011544760316610336,3,3,5,-0.06165284663438797,0,0.9510898590087891,-0.013315808959305286,0.04891015589237213,-0.0006847705226391554,0.0,0.0,0.0,0.0,0.17973925173282623,0.002075046533718705,0.8202607035636902,0.0094697130843997,0.0,0.0,0.0,0.0,0.3651042580604553,-0.02250971645116806,0.27170976996421814,-0.01675168052315712,0.3631860017776489,-0.02239145152270794,80,100,1,1,3,341,0,0
IMR,0,00538,IMR:00538:x:group221,0,4,3,2,Right,-0.014000579714775085,1,0,0,0.011544760316610336,3,3,5,-0.051071085035800934,2,0.9510898590087891,-0.013315808959305286,0.04891015589237213,-0.0006847705226391554,0.0,0.0,0.0,0.0,0.17973925173282623,0.002075046533718705,0.8202607035636902,0.0094697130843997,0.0,0.0,0.0,0.0,0.3610660135746002,-0.01844003237783909,0.27061930298805237,-0.013820821419358253,0.3683146834373474,-0.018810231238603592,80,100,1,2,4,341,0,0
IMR,0,00539,IMR:00539:x:group222,0,4,3,2,Right,-0.014000579714775085,1,0,0,0.06250937283039093,4,4,6,-0.0938233956694603,2,0.9510898590087891,-0.013315808959305286,0.04891015589237213,-0.0006847705226391554,0.0,0.0,0.0,0.0,0.1703510880470276,0.010648539289832115,0.0,0.0,0.8296488523483276,0.05186082795262337,0.0,0.0,0.3255614638328552,-0.030545281246304512,0.30805137753486633,-0.02890242636203766,0.36638712882995605,-0.03437568619847298,80,100,1,2,4,341,0,0
IMR,0,00540,IMR:00540:x:group223,0,4,3,2,Right,-0.014000579714775085,1,0,0,0.011544760316610336,3,3,5,-0.06828177720308304,2,0.9510898590087891,-0.013315808959305286,0.04891015589237213,-0.0006847705226391554,0.0,0.0,0.0,0.0,0.17973925173282623,0.002075046533718705,0.8202607035636902,0.0094697130843997,0.0,0.0,0.0,0.0,0.34869977831840515,-0.02380984090268612,0.2917189598083496,-0.01991908811032772,0.3595812916755676,-0.024552850052714348,80,100,1,2,4,341,0,0
IMR,0,00541,IMR:00541:x:group224,0,4,3,2,Right,-0.014000579714775085,1,0,0,0.011544760316610336,3,3,5,-0.0563296340405941,2,0.9510898590087891,-0.013315808959305286,0.04891015589237213,-0.0006847705226391554,0.0,0.0,0.0,0.0,0.17973925173282623,0.002075046533718705,0.8202607035636902,0.0094697130843997,0.0,0.0,0.0,0.0,0.33931097388267517,-0.019113263115286827,0.30009204149246216,-0.0169040746986866,0.3605969548225403,-0.020312294363975525,80,100,1,2,4,341,0,1
IMR,0,00548,IMR:00548:x:group225,0,4,3,1,Normal,-0.014000579714775085,1,0,0,0.011544760316610336,3,3,5,-15.50358772277832,2,0.9510898590087891,-0.013315808959305286,0.04891015589237213,-0.0006847705226391554,0.0,0.0,0.0,0.0,0.17973925173282623,0.002075046533718705,0.8202607035636902,0.0094697130843997,0.0,0.0,0.0,0.0,0.02487437054514885,-0.38564199209213257,0.4662385582923889,-7.228370189666748,0.5088871121406555,-7.889575958251953,80,100,-1,0,2,341,0,0
IMR,0,00549,IMR:00549:x:group226,0,4,3,1,Normal,-0.014000579714775085,1,0,0,0.011544760316610336,3,3,5,-18.23326301574707,2,0.9510898590087891,-0.013315808959305286,0.04891015589237213,-0.0006847705226391554,0.0,0.0,0.0,0.0,0.17973925173282623,0.002075046533718705,0.8202607035636902,0.0094697130843997,0.0,0.0,0.0,0.0,0.014765458181500435,-0.2692224681377411,0.4431110620498657,-8.079360961914062,0.5421234965324402,-9.88468074798584,80,100,-1,0,2,341,0,0
IMR,0,00550,IMR:00550:x:group227,0,4,3,1,Normal,-0.014000579714775085,1,0,0,0.011544760316610336,3,3,5,-13.464526176452637,2,0.9510898590087891,-0.013315808959305286,0.04891015589237213,-0.0006847705226391554,0.0,0.0,0.0,0.0,0.17973925173282623,0.002075046533718705,0.8202607035636902,0.0094697130843997,0.0,0.0,0.0,0.0,0.041129760444164276,-0.5537927150726318,0.3909386694431305,-5.263803958892822,0.5679315328598022,-7.646928787231445,80,100,-1,0,2,341,0,0
IMR,0,00551,IMR:00551:x:group228,0,4,3,1,Normal,-0.014000579714775085,1,0,0,0.011544760316610336,3,3,5,-18.85803985595703,2,0.9510898590087891,-0.013315808959305286,0.04891015589237213,-0.0006847705226391554,0.0,0.0,0.0,0.0,0.17973925173282623,0.002075046533718705,0.8202607035636902,0.0094697130843997,0.0,0.0,0.0,0.0,0.013828465715050697,-0.2607777714729309,0.38531234860420227,-7.266235828399658,0.6008592247962952,-11.331027030944824,80,100,-1,0,2,341,0,0
IMR,0,00552,IMR:00552:x:group229,0,4,3,1,Normal,-0.014000579714775085,1,0,0,0.011544760316610336,3,3,5,-23.1944580078125,2,0.9510898590087891,-0.013315808959305286,0.04891015589237213,-0.0006847705226391554,0.0,0.0,0.0,0.0,0.17973925173282623,0.002075046533718705,0.8202607035636902,0.0094697130843997,0.0,0.0,0.0,0.0,0.006185994017869234,-0.14348077774047852,0.37614065408706665,-8.72437858581543,0.6176733374595642,-14.326598167419434,80,100,-1,0,2,341,0,0
TT,1,497749,TT:497749:x:group000,0,1,0,0,Left,-4.562546730041504,0,0,0,0.06250937283039093,4,4,6,11.582598686218262,2,0.9961376786231995,-4.544924736022949,0.0038622920401394367,-0.01762188784778118,0.0,0.0,0.0,0.0,0.1703510880470276,0.010648539289832115,0.0,0.0,0.8296488523483276,0.05186082795262337,0.0,0.0,0.0016844874480739236,0.019510742276906967,0.005355000961571932,0.06202482804656029,0.992960512638092,11.501063346862793,20,40,0,1,1,341,0,0
TT,1,497749,TT:497749:x:group000,1,2,1,0,Left,-4.562546730041504,0,0,0,0.06250937283039093,4,4,6,5.231328964233398,2,0.9961376786231995,-4.544924736022949,0.0038622920401394367,-0.01762188784778118,0.0,0.0,0.0,0.0,0.1703510880470276,0.010648539289832115,0.0,0.0,0.8296488523483276,0.05186082795262337,0.0,0.0,0.05364203453063965,0.2806191146373749,0.0837017372250557,0.4378713369369507,0.8626562356948853,4.512838363647461,40,60,0,1,1,341,0,0
TT,1,497749,TT:497749:x:group000,2,3,2,0,Left,-4.562546730041504,0,0,0,0.06250937283039093,4,4,6,7.6822829246521,2,0.9961376786231995,-4.544924736022949,0.0038622920401394367,-0.01762188784778118,0.0,0.0,0.0,0.0,0.1703510880470276,0.010648539289832115,0.0,0.0,0.8296488523483276,0.05186082795262337,0.0,0.0,0.01451201643794775,0.11148541420698166,0.03153672069311142,0.24227401614189148,0.9539512991905212,7.328523635864258,60,80,0,1,1,341,0,1
TT,1,497749,TT:497749:x:group000,3,4,3,0,Left,-0.014000579714775085,1,0,0,0.011544760316610336,3,3,5,8.402862548828125,2,0.9510898590087891,-0.013315808959305286,0.04891015589237213,-0.0006847705226391554,0.0,0.0,0.0,0.0,0.17973925173282623,0.002075046533718705,0.8202607035636902,0.0094697130843997,0.0,0.0,0.0,0.0,0.010462550446391106,0.08791537582874298,0.02347533591091633,0.1972600221633911,0.9660621285438538,8.117687225341797,80,100,0,1,1,341,0,0
TT,1,497749,TT:497749:x:group001,0,6,5,0,Left,-0.014000579714775085,1,0,0,0.011544760316610336,3,3,5,9.020691871643066,2,0.9510898590087891,-0.013315808959305286,0.04891015589237213,-0.0006847705226391554,0.0,0.0,0.0,0.0,0.17973925173282623,0.002075046533718705,0.8202607035636902,0.0094697130843997,0.0,0.0,0.0,0.0,0.006882671732455492,0.06208645924925804,0.01757826842367649,0.1585681438446045,0.9755390882492065,8.800037384033203,120,140,0,1,1,341,0,0
TT,1,497749,TT:497749:x:group001,1,7,6,0,Left,-0.014000579714775085,1,0,0,0.06250937283039093,4,4,6,3.125391721725464,2,0.9510898590087891,-0.013315808959305286,0.04891015589237213,-0.0006847705226391554,0.0,0.0,0.0,0.0,0.1703510880470276,0.010648539289832115,0.0,0.0,0.8296488523483276,0.05186082795262337,0.0,0.0,0.13240444660186768,0.41381576657295227,0.1629447340965271,0.5092661380767822,0.7046508193016052,2.2023098468780518,140,160,0,1,1,341,0,0
TT,1,497749,TT:497749:x:group001,2,8,7,0,Left,-4.562546730041504,0,0,0,0.06250937283039093,4,4,6,7.224889755249023,2,0.9961376786231995,-4.544924736022949,0.0038622920401394367,-0.01762188784778118,0.0,0.0,0.0,0.0,0.1703510880470276,0.010648539289832115,0.0,0.0,0.8296488523483276,0.05186082795262337,0.0,0.0,0.017936300486326218,0.1295877993106842,0.0350017324090004,0.2528836727142334,0.9470619559288025,6.842418193817139,160,180,0,1,1,341,0,0
TT,1,581892,TT:581892:x:group002,0,12,11,2,Right,-0.014000579714775085,1,0,0,0.06250937283039093,4,4,6,6.443089485168457,2,0.9510898590087891,-0.013315808959305286,0.04891015589237213,-0.0006847705226391554,0.0,0.0,0.0,0.0,0.1703510880470276,0.010648539289832115,0.0,0.0,0.8296488523483276,0.05186082795262337,0.0,0.0,0.027454476803541183,0.17689165472984314,0.04969753324985504,0.3202056586742401,0.9228479862213135,5.9459919929504395,240,260,1,2,4,341,0,0
TT,1,581892,TT:581892:x:group002,1,13,12,2,Right,-0.014000579714775085,1,0,0,0.06250937283039093,4,4,6,-14.059920310974121,2,0.9510898590087891,-0.013315808959305286,0.04891015589237213,-0.0006847705226391554,0.0,0.0,0.0,0.0,0.1703510880470276,0.010648539289832115,0.0,0.0,0.8296488523483276,0.05186082795262337,0.0,0.0,0.03848780319094658,-0.5411354303359985,0.39439842104911804,-5.545210361480713,0.5671137571334839,-7.973574161529541,260,280,1,2,4,341,0,0
TT,1,581892,TT:581892:x:group002,2,24,23,2,Right,-0.014000579714775085,1,0,0,0.011544760316610336,3,3,5,3.505415678024292,2,0.9510898590087891,-0.013315808959305286,0.04891015589237213,-0.0006847705226391554,0.0,0.0,0.0,0.0,0.17973925173282623,0.002075046533718705,0.8202607035636902,0.0094697130843997,0.0,0.0,0.0,0.0,0.10667236894369125,0.37393099069595337,0.1486491709947586,0.5210771560668945,0.7446784973144531,2.610407590866089,480,500,1,2,4,341,0,0
TT,1,581892,TT:581892:x:group002,3,25,24,2,Right,-0.014000579714775085,1,0,0,0.011544760316610336,3,3,5,4.420193195343018,2,0.9510898590087891,-0.013315808959305286,0.04891015589237213,-0.0006847705226391554,0.0,0.0,0.0,0.0,0.17973925173282623,0.002075046533718705,0.8202607035636902,0.0094697130843997,0.0,0.0,0.0,0.0,0.07510305941104889,0.3319700360298157,0.10744061321020126,0.4749082624912262,0.8174563646316528,3.6133151054382324,500,520,1,2,4,341,0,0
TT,1,581892,TT:581892:x:group003,0,27,26,2,Right,-0.014000579714775085,1,0,0,0.011544760316610336,3,3,5,-3.071354627609253,2,0.9510898590087891,-0.013315808959305286,0.04891015589237213,-0.0006847705226391554,0.0,0.0,0.0,0.0,0.17973925173282623,0.002075046533718705,0.8202607035636902,0.0094697130843997,0.0,0.0,0.0,0.0,0.1434953510761261,-0.4407251179218292,0.40387290716171265,-1.2404369115829468,0.45263171195983887,-1.3901925086975098,540,560,1,2,4,341,0,0
TT,1,581892,TT:581892:x:group003,1,31,30,2,Right,-4.562546730041504,0,0,0,0.06250937283039093,4,4,6,-7.49622917175293,2,0.9961376786231995,-4.544924736022949,0.0038622920401394367,-0.01762188784778118,0.0,0.0,0.0,0.0,0.1703510880470276,0.010648539289832115,0.0,0.0,0.8296488523483276,0.05186082795262337,0.0,0.0,0.11607101559638977,-0.8700949549674988,0.3789706826210022,-2.840851068496704,0.5049583315849304,-3.785283327102661,620,640,1,2,4,341,0,0
TT,1,581892,TT:581892:x:group003,2,33,32,2,Right,-0.014000579714775085,1,0,0,0.06250937283039093,4,4,6,14.213061332702637,2,0.9510898590087891,-0.013315808959305286,0.04891015589237213,-0.0006847705226391554,0.0,0.0,0.0,0.0,0.1703510880470276,0.010648539289832115,0.0,0.0,0.8296488523483276,0.05186082795262337,0.0,0.0,0.0004924122476950288,0.0069986856542527676,0.0020825734827667475,0.029599744826555252,0.9974250793457031,14.176464080810547,660,680,1,2,4,341,0,0
TT,1,581892,TT:581892:x:group003,3,34,33,2,Right,-0.014000579714775085,1,0,0,0.011544760316610336,3,3,5,-1.1753100156784058,2,0.9510898590087891,-0.013315808959305286,0.04891015589237213,-0.0006847705226391554,0.0,0.0,0.0,0.0,0.17973925173282623,0.002075046533718705,0.8202607035636902,0.0094697130843997,0.0,0.0,0.0,0.0,0.2901558578014374,-0.3410230875015259,0.3389345407485962,-0.3983531594276428,0.37090960144996643,-0.43593376874923706,680,700,1,2,4,341,0,0
TT,1,581892,TT:581892:x:group004,0,35,34,2,Right,-4.562546730041504,0,0,0,0.06250937283039093,4,4,6,0.1924402117729187,2,0.9961376786231995,-4.544924736022949,0.0038622920401394367,-0.01762188784778118,0.0,0.0,0.0,0.0,0.1703510880470276,0.010648539289832115,0.0,0.0,0.8296488523483276,0.05186082795262337,0.0,0.0,0.30038022994995117,0.05780523642897606,0.2969127595424652,0.057137954980134964,0.4027070105075836,0.07749702036380768,700,720,1,2,4,341,0,0
TT,1,675976,TT:675976:x:group005,0,1,0,1,Normal,-4.562546730041504,0,0,0,0.06250937283039093,4,4,6,-21.152772903442383,2,0.9961376786231995,-4.544924736022949,0.0038622920401394367,-0.01762188784778118,0.0,0.0,0.0,0.0,0.1703510880470276,0.010648539289832115,0.0,0.0,0.8296488523483276,0.05186082795262337,0.0,0.0,0.009968421421945095,-0.2108597606420517,0.36701133847236633,-7.763307571411133,0.6230201721191406,-13.178604125976562,20,40,1,0,2,341,0,0
TT,1,675976,TT:675976:x:group005,1,2,1,1,Normal,-4.562546730041504,0,0,0,0.06250937283039093,4,4,6,-4.1733198165893555,2,0.9961376786231995,-4.544924736022949,0.0038622920401394367,-0.01762188784778118,0.0,0.0,0.0,0.0,0.1703510880470276,0.010648539289832115,0.0,0.0,0.8296488523483276,0.05186082795262337,0.0,0.0,0.1646268516778946,-0.6870405077934265,0.3531435430049896,-1.4737809896469116,0.482229620218277,-2.012498378753662,40,60,1,0,2,341,0,0
TT,1,675976,TT:675976:x:group005,2,5,4,1,Normal,-0.014000579714775085,1,0,0,0.06250937283039093,4,4,6,-13.83613395690918,2,0.9510898590087891,-0.013315808959305286,0.04891015589237213,-0.0006847705226391554,0.0,0.0,0.0,0.0,0.1703510880470276,0.010648539289832115,0.0,0.0,0.8296488523483276,0.05186082795262337,0.0,0.0,0.041459571570158005,-0.5736401677131653,0.4652741551399231,-6.437595367431641,0.493266224861145,-6.824897766113281,100,120,1,0,2,341,0,0
TT,1,675976,TT:675976:x:group005,3,6,5,1,Normal,-0.014000579714775085,1,0,0,0.011544760316610336,3,3,5,-13.949949264526367,2,0.9510898590087891,-0.013315808959305286,0.04891015589237213,-0.0006847705226391554,0.0,0.0,0.0,0.0,0.17973925173282623,0.002075046533718705,0.8202607035636902,0.0094697130843997,0.0,0.0,0.0,0.0,0.03716699779033661,-0.518477737903595,0.3932117223739624,-5.485283374786377,0.5696213245391846,-7.946188449859619,120,140,1,0,2,341,0,0
TT,1,675976,TT:675976:x:group006,0,7,6,1,Normal,-0.014000579714775085,1,0,0,0.06250937283039093,4,4,6,-0.8487881422042847,2,0.9510898590087891,-0.013315808959305286,0.04891015589237213,-0.0006847705226391554,0.0,0.0,0.0,0.0,0.1703510880470276,0.010648539289832115,0.0,0.0,0.8296488523483276,0.05186082795262337,0.0,0.0,0.09159068763256073,-0.07774108648300171,0.22317533195018768,-0.18942858278751373,0.6852339506149292,-0.5816184282302856,140,160,1,0,2,341,0,0
TT,1,675976,TT:675976:x:group006,1,8,7,1,Normal,-0.014000579714775085,1,0,0,0.011544760316610336,3,3,5,-24.08979606628418,2,0.9510898590087891,-0.013315808959305286,0.04891015589237213,-0.0006847705226391554,0.0,0.0,0.0,0.0,0.17973925173282623,0.002075046533718705,0.8202607035636902,0.0094697130843997,0.0,0.0,0.0,0.0,0.006217416375875473,-0.14977629482746124,0.3435068726539612,-8.275010108947754,0.6502757668495178,-15.665010452270508,160,180,1,0,2,341,0,0
TT,1,707357,TT:707357:x:group007,0,1,0,1,Normal,-4.562546730041504,0,0,0,0.06250937283039093,4,4,6,-15.932404518127441,2,0.9961376786231995,-4.544924736022949,0.0038622920401394367,-0.01762188784778118,0.0,0.0,0.0,0.0,0.1703510880470276,0.010648539289832115,0.0,0.0,0.8296488523483276,0.05186082795262337,0.0,0.0,0.025733347982168198,-0.40999409556388855,0.4031769037246704,-6.423577308654785,0.5710897445678711,-9.098833084106445,20,40,-1,0,2,341,0,0
TT,1,707357,TT:707357:x:group007,1,3,2,1,Normal,-0.014000579714775085,1,0,0,0.011544760316610336,3,3,5,-21.940673828125,2,0.9510898590087891,-0.013315808959305286,0.04891015589237213,-0.0006847705226391554,0.0,0.0,0.0,0.0,0.17973925173282623,0.002075046533718705,0.8202607035636902,0.0094697130843997,0.0,0.0,0.0,0.0,0.007711254991590977,-0.16919012367725372,0.38948512077331543,-8.545565605163574,0.602803647518158,-13.22591781616211,60,80,-1,0,2,341,0,0
TT,1,740525,TT:740525:x:group008,0,1,0,1,Normal,-4.562546730041504,0,0,0,0.06250937283039093,4,4,6,-13.864289283752441,2,0.9961376786231995,-4.544924736022949,0.0038622920401394367,-0.01762188784778118,0.0,0.0,0.0,0.0,0.1703510880470276,0.010648539289832115,0.0,0.0,0.8296488523483276,0.05186082795262337,0.0,0.0,0.03727005049586296,-0.5167227387428284,0.41239187121391296,-5.717520236968994,0.550338089466095,-7.630046367645264,20,40,-1,0,2,341,0,0
TT,1,740525,TT:740525:x:group008,1,3,2,1,Normal,-4.562546730041504,0,0,0,0.06250937283039093,4,4,6,6.365842819213867,2,0.9961376786231995,-4.544924736022949,0.0038622920401394367,-0.01762188784778118,0.0,0.0,0.0,0.0,0.1703510880470276,0.010648539289832115,0.0,0.0,0.8296488523483276,0.05186082795262337,0.0,0.0,0.03254256024956703,0.2071608304977417,0.05760946869850159,0.3667328357696533,0.9098479747772217,5.791949272155762,60,80,-1,0,2,341,0,0
TT,1,740525,TT:740525:x:group008,2,6,5,1,Normal,-0.014000579714775085,1,0,0,0.011544760316610336,3,3,5,17.826313018798828,2,0.9510898590087891,-0.013315808959305286,0.04891015589237213,-0.0006847705226391554,0.0,0.0,0.0,0.0,0.17973925173282623,0.002075046533718705,0.8202607035636902,0.0094697130843997,0.0,0.0,0.0,0.0,6.248914723983034e-05,0.0011139510897919536,0.0004014205769635737,0.007155848667025566,0.9995361566543579,17.818044662475586,120,140,-1,0,2,341,0,1
TT,1,806694,TT:806694:x:group009,0,1,0,1,Normal,-4.562546730041504,0,0,0,0.06250937283039093,4,4,6,-4.134693622589111,2,0.9961376786231995,-4.544924736022949,0.0038622920401394367,-0.01762188784778118,0.0,0.0,0.0,0.0,0.1703510880470276,0.010648539289832115,0.0,0.0,0.8296488523483276,0.05186082795262337,0.0,0.0,0.16993510723114014,-0.7026296257972717,0.3918868601322174,-1.62033212184906,0.43817803263664246,-1.8117319345474243,20,40,-1,0,2,341,0,0
TT,1,806694,TT:806694:x:group009,1,3,2,1,Normal,-0.014000579714775085,1,0,0,0.06250937283039093,4,4,6,-3.787747621536255,1,0.9510898590087891,-0.013315808959305286,0.04891015589237213,-0.0006847705226391554,0.0,0.0,0.0,0.0,0.1703510880470276,0.010648539289832115,0.0,0.0,0.8296488523483276,0.05186082795262337,0.0,0.0,0.16538652777671814,-0.6264424324035645,0.42052948474884033,-1.5928595066070557,0.41408392786979675,-1.5684454441070557,60,80,-1,0,2,341,0,0
TT,1,806694,TT:806694:x:group009,2,4,3,1,Normal,-0.014000579714775085,1,0,0,0.06250937283039093,4,4,6,-23.447519302368164,2,0.9510898590087891,-0.013315808959305286,0.04891015589237213,-0.0006847705226391554,0.0,0.0,0.0,0.0,0.1703510880470276,0.010648539289832115,0.0,0.0,0.8296488523483276,0.05186082795262337,0.0,0.0,0.006694807671010494,-0.1569766253232956,0.3095918893814087,-7.259161949157715,0.6837132573127747,-16.03137969970703,80,100,-1,0,2,341,0,0
TT,1,840172,TT:840172:x:group010,0,1,0,1,Normal,-4.562546730041504,0,0,0,0.06250937283039093,4,4,6,-20.233686447143555,2,0.9961376786231995,-4.544924736022949,0.0038622920401394367,-0.01762188784778118,0.0,0.0,0.0,0.0,0.1703510880470276,0.010648539289832115,0.0,0.0,0.8296488523483276,0.05186082795262337,0.0,0.0,0.011804480105638504,-0.23884814977645874,0.38677412271499634,-7.825866222381592,0.6014213562011719,-12.168971061706543,20,40,-1,0,2,341,0,0
TT,1,840172,TT:840172:x:group010,1,2,1,1,Normal,-4.562546730041504,0,0,0,0.06250937283039093,4,4,6,-15.258402824401855,2,0.9961376786231995,-4.544924736022949,0.0038622920401394367,-0.01762188784778118,0.0,0.0,0.0,0.0,0.1703510880470276,0.010648539289832115,0.0,0.0,0.8296488523483276,0.05186082795262337,0.0,0.0,0.03161131963133812,-0.4823382496833801,0.36760807037353516,-5.609111785888672,0.6007806062698364,-9.166952133178711,40,60,-1,0,2,341,0,0
TT,1,844697,TT:844697:x:group011,0,1,0,1,Normal,-4.562546730041504,0,0,0,0.06250937283039093,4,4,6,-16.958646774291992,2,0.9961376786231995,-4.544924736022949,0.0038622920401394367,-0.01762188784778118,0.0,0.0,0.0,0.0,0.1703510880470276,0.010648539289832115,0.0,0.0,0.8296488523483276,0.05186082795262337,0.0,0.0,0.020694831386208534,-0.3509563207626343,0.4273349344730377,-7.2470221519470215,0.5519702434539795,-9.360668182373047,20,40,-1,0,2,341,0,0
TT,1,844697,TT:844697:x:group011,1,2,1,1,Normal,-4.562546730041504,0,0,0,0.06250937283039093,4,4,6,-17.841413497924805,2,0.9961376786231995,-4.544924736022949,0.0038622920401394367,-0.01762188784778118,0.0,0.0,0.0,0.0,0.1703510880470276,0.010648539289832115,0.0,0.0,0.8296488523483276,0.05186082795262337,0.0,0.0,0.02113383263349533,-0.37705743312835693,0.33187636733055115,-5.921143531799316,0.6469898223876953,-11.543212890625,40,60,-1,0,2,341,0,0
TT,1,844753,TT:844753:x:group012,0,1,0,1,Normal,-4.562546730041504,0,0,0,0.06250937283039093,4,4,6,-27.558504104614258,2,0.9961376786231995,-4.544924736022949,0.0038622920401394367,-0.01762188784778118,0.0,0.0,0.0,0.0,0.1703510880470276,0.010648539289832115,0.0,0.0,0.8296488523483276,0.05186082795262337,0.0,0.0,0.003037472954019904,-0.08370821177959442,0.33196544647216797,-9.148470878601074,0.6649971008300781,-18.326324462890625,20,40,-1,0,2,341,0,0
TT,1,844753,TT:844753:x:group012,1,2,1,1,Normal,-4.562546730041504,0,0,0,0.06250937283039093,4,4,6,-15.825688362121582,2,0.9961376786231995,-4.544924736022949,0.0038622920401394367,-0.01762188784778118,0.0,0.0,0.0,0.0,0.1703510880470276,0.010648539289832115,0.0,0.0,0.8296488523483276,0.05186082795262337,0.0,0.0,0.026846561580896378,-0.4248653054237366,0.40032967925071716,-6.3354926109313965,0.572823703289032,-9.065329551696777,40,60,-1,0,2,341,0,0
TT,1,844753,TT:844753:x:group012,2,6,5,1,Normal,-0.014000579714775085,1,0,0,0.011544760316610336,3,3,5,-8.286908149719238,2,0.9510898590087891,-0.013315808959305286,0.04891015589237213,-0.0006847705226391554,0.0,0.0,0.0,0.0,0.17973925173282623,0.002075046533718705,0.8202607035636902,0.0094697130843997,0.0,0.0,0.0,0.0,0.09788352251052856,-0.8111517429351807,0.4142061173915863,-3.432487964630127,0.4879103899002075,-4.04326868057251,120,140,-1,0,2,341,0,1
TT,1,845031,TT:845031:x:group013,0,1,0,1,Normal,-4.562546730041504,0,0,0,0.06250937283039093,4,4,6,-23.025362014770508,2,0.9961376786231995,-4.544924736022949,0.0038622920401394367,-0.01762188784778118,0.0,0.0,0.0,0.0,0.1703510880470276,0.010648539289832115,0.0,0.0,0.8296488523483276,0.05186082795262337,0.0,0.0,0.007261352613568306,-0.16719527542591095,0.3360684812068939,-7.738098621368408,0.6566701531410217,-15.120067596435547,20,40,-1,0,2,341,0,0
TT,1,845031,TT:845031:x:group013,1,2,1,1,Normal,-4.562546730041504,0,0,0,0.06250937283039093,4,4,6,-15.750515937805176,2,0.9961376786231995,-4.544924736022949,0.0038622920401394367,-0.01762188784778118,0.0,0.0,0.0,0.0,0.1703510880470276,0.010648539289832115,0.0,0.0,0.8296488523483276,0.05186082795262337,0.0,0.0,0.030688894912600517,-0.483365923166275,0.3495637774467468,-5.505809783935547,0.6197474002838135,-9.761341094970703,40,60,-1,0,2,341,0,0
TT,1,845031,TT:845031:x:group013,2,5,4,1,Normal,-4.562546730041504,0,0,0,0.06250937283039093,4,4,6,-25.811567306518555,2,0.9961376786231995,-4.544924736022949,0.0038622920401394367,-0.01762188784778118,0.0,0.0,0.0,0.0,0.1703510880470276,0.010648539289832115,0.0,0.0,0.8296488523483276,0.05186082795262337,0.0,0.0,0.004161887802183628,-0.10742484778165817,0.33533328771591187,-8.655477523803711,0.6605048179626465,-17.048664093017578,100,120,-1,0,2,341,0,0
TT,1,845031,TT:845031:x:group013,3,6,5,1,Normal,-0.014000579714775085,1,0,0,0.06250937283039093,4,4,6,-22.455244064331055,2,0.9510898590087891,-0.013315808959305286,0.04891015589237213,-0.0006847705226391554,0.0,0.0,0.0,0.0,0.1703510880470276,0.010648539289832115,0.0,0.0,0.8296488523483276,0.05186082795262337,0.0,0.0,0.008279138244688511,-0.18591007590293884,0.3377755880355835,-7.584833145141602,0.6539452075958252,-14.68449878692627,120,140,-1,0,2,341,0,0
TT,1,845031,TT:845031:x:group014,0,7,6,1,Normal,-0.014000579714775085,1,0,0,0.011544760316610336,3,3,5,1.5790987014770508,2,0.9510898590087891,-0.013315808959305286,0.04891015589237213,-0.0006847705226391554,0.0,0.0,0.0,0.0,0.17973925173282623,0.002075046533718705,0.8202607035636902,0.0094697130843997,0.0,0.0,0.0,0.0,0.2251533418893814,0.35553935170173645,0.24414269626140594,0.3855254054069519,0.5307039618492126,0.83803391456604,140,160,-1,0,2,341,0,0
TT,1,845031,TT:845031:x:group014,1,9,8,1,Normal,-0.014000579714775085,1,0,0,0.06250937283039093,4,4,6,-17.33363914489746,2,0.9510898590087891,-0.013315808959305286,0.04891015589237213,-0.0006847705226391554,0.0,0.0,0.0,0.0,0.1703510880470276,0.010648539289832115,0.0,0.0,0.8296488523483276,0.05186082795262337,0.0,0.0,0.016186799854040146,-0.2805761396884918,0.4828096330165863,-8.368847846984863,0.501003623008728,-8.684215545654297,180,200,-1,0,2,341,0,0
TT,1,845031,TT:845031:x:group014,2,10,9,1,Normal,-0.014000579714775085,1,0,0,0.011544760316610336,3,3,5,-11.275338172912598,2,0.9510898590087891,-0.013315808959305286,0.04891015589237213,-0.0006847705226391554,0.0,0.0,0.0,0.0,0.17973925173282623,0.002075046533718705,0.8202607035636902,0.0094697130843997,0.0,0.0,0.0,0.0,0.05542750656604767,-0.6249638795852661,0.44127392768859863,-4.975512981414795,0.5032985806465149,-5.674861907958984,200,220,-1,0,2,341,0,0
TT,1,845238,TT:845238:x:group015,0,1,0,2,Right,-4.562546730041504,0,0,0,0.06250937283039093,4,4,6,-5.023813247680664,2,0.9961376786231995,-4.544924736022949,0.0038622920401394367,-0.01762188784778118,0.0,0.0,0.0,0.0,0.1703510880470276,0.010648539289832115,0.0,0.0,0.8296488523483276,0.05186082795262337,0.0,0.0,0.1700214445590973,-0.854155957698822,0.4042121171951294,-2.030686140060425,0.4257664084434509,-2.1389708518981934,20,40,1,1,3,341,0,0
TT,1,845238,TT:845238:x:group015,1,2,1,2,Right,-4.562546730041504,0,0,0,0.06250937283039093,4,4,6,-0.17305079102516174,2,0.9961376786231995,-4.544924736022949,0.0038622920401394367,-0.01762188784778118,0.0,0.0,0.0,0.0,0.1703510880470276,0.010648539289832115,0.0,0.0,0.8296488523483276,0.05186082795262337,0.0,0.0,0.22455649077892303,-0.03885967656970024,0.27629753947257996,-0.04781350865960121,0.4991460144519806,-0.08637761324644089,40,60,1,1,3,341,0,1
TT,1,845238,TT:845238:x:group015,2,3,2,2,Right,-0.014000579714775085,1,0,0,0.011544760316610336,3,3,5,24.442052841186523,2,0.9510898590087891,-0.013315808959305286,0.04891015589237213,-0.0006847705226391554,0.0,0.0,0.0,0.0,0.17973925173282623,0.002075046533718705,0.8202607035636902,0.0094697130843997,0.0,0.0,0.0,0.0,1.7842287434177706e-06,4.3610212742350996e-05,2.4734559701755643e-05,0.0006045633926987648,0.9999735355377197,24.44140625,60,80,1,1,3,341,0,0
TT,1,845238,TT:845238:x:group015,3,4,3,2,Right,-4.562546730041504,0,0,0,0.06250937283039093,4,4,6,-16.793989181518555,2,0.9961376786231995,-4.544924736022949,0.0038622920401394367,-0.01762188784778118,0.0,0.0,0.0,0.0,0.1703510880470276,0.010648539289832115,0.0,0.0,0.8296488523483276,0.05186082795262337,0.0,0.0,0.022569114342331886,-0.3790254592895508,0.3755921423435211,-6.307690143585205,0.6018387675285339,-10.107274055480957,80,100,1,1,3,341,0,0
TT,1,845238,TT:845238:x:group016,0,6,5,2,Right,-4.562546730041504,0,0,0,0.06250937283039093,4,4,6,-5.3465118408203125,2,0.9961376786231995,-4.544924736022949,0.0038622920401394367,-0.01762188784778118,0.0,0.0,0.0,0.0,0.1703510880470276,0.010648539289832115,0.0,0.0,0.8296488523483276,0.05186082795262337,0.0,0.0,0.15383848547935486,-0.8224992752075195,0.4157625734806061,-2.222879409790039,0.43039900064468384,-2.301133394241333,120,140,1,1,3,341,0,0
TT,1,845238,TT:845238:x:group016,1,8,7,2,Right,-0.014000579714775085,1,0,0,0.011544760316610336,3,3,5,4.355758190155029,2,0.9510898590087891,-0.013315808959305286,0.04891015589237213,-0.0006847705226391554,0.0,0.0,0.0,0.0,0.17973925173282623,0.002075046533718705,0.8202607035636902,0.0094697130843997,0.0,0.0,0.0,0.0,0.06204691529273987,0.27026134729385376,0.11217508465051651,0.4886075556278229,0.8257780075073242,3.5968892574310303,160,180,1,1,3,341,0,0
TT,1,845372,TT:845372:x:group017,0,1,0,0,Left,-4.562546730041504,0,0,0,0.06250937283039093,4,4,6,6.624471664428711,2,0.9961376786231995,-4.544924736022949,0.0038622920401394367,-0.01762188784778118,0.0,0.0,0.0,0.0,0.1703510880470276,0.010648539289832115,0.0,0.0,0.8296488523483276,0.05186082795262337,0.0,0.0,0.027669483795762062,0.18329571187496185,0.05062605440616608,0.33537086844444275,0.9217044115066528,6.105804920196533,20,40,0,1,1,341,0,0
TT,1,845372,TT:845372:x:group017,1,4,3,0,Left,-0.014000579714775085,1,0,0,0.011544760316610336,3,3,5,5.3646392822265625,2,0.9510898590087891,-0.013315808959305286,0.04891015589237213,-0.0006847705226391554,0.0,0.0,0.0,0.0,0.17973925173282623,0.002075046533718705,0.8202607035636902,0.0094697130843997,0.0,0.0,0.0,0.0,0.05085556209087372,0.2728217542171478,0.08472233265638351,0.45450475811958313,0.864422082901001,4.637312889099121,80,100,0,1,1,341,0,0
TT,1,845372,TT:845372:x:group017,2,5,4,0,Left,-0.014000579714775085,1,0,0,0.011544760316610336,3,3,5,7.334755897521973,2,0.9510898590087891,-0.013315808959305286,0.04891015589237213,-0.0006847705226391554,0.0,0.0,0.0,0.0,0.17973925173282623,0.002075046533718705,0.8202607035636902,0.0094697130843997,0.0,0.0,0.0,0.0,0.018946630880236626,0.13896891474723816,0.03896117955446243,0.2857707440853119,0.9420921206474304,6.91001558303833,100,120,0,1,1,341,0,0
TT,1,845380,TT:845380:x:group018,0,1,0,2,Right,-4.562546730041504,0,0,0,0.06250937283039093,4,4,6,3.447082757949829,2,0.9961376786231995,-4.544924736022949,0.0038622920401394367,-0.01762188784778118,0.0,0.0,0.0,0.0,0.1703510880470276,0.010648539289832115,0.0,0.0,0.8296488523483276,0.05186082795262337,0.0,0.0,0.10947137326002121,0.3773568868637085,0.15352201461791992,0.5292031168937683,0.7370066046714783,2.540522813796997,20,40,1,1,3,341,0,0
TT,1,845380,TT:845380:x:group018,1,12,11,2,Right,-4.562546730041504,0,0,0,0.06250937283039093,4,4,6,-4.012913703918457,2,0.9961376786231995,-4.544924736022949,0.0038622920401394367,-0.01762188784778118,0.0,0.0,0.0,0.0,0.1703510880470276,0.010648539289832115,0.0,0.0,0.8296488523483276,0.05186082795262337,0.0,0.0,0.19936302304267883,-0.8000265955924988,0.3529784679412842,-1.41647207736969,0.4476584792137146,-1.796414852142334,240,260,1,1,3,341,0,0
TT,1,845380,TT:845380:x:group018,2,19,18,2,Right,-0.014000579714775085,1,0,0,0.011544760316610336,3,3,5,-4.513816833496094,1,0.9510898590087891,-0.013315808959305286,0.04891015589237213,-0.0006847705226391554,0.0,0.0,0.0,0.0,0.17973925173282623,0.002075046533718705,0.8202607035636902,0.0094697130843997,0.0,0.0,0.0,0.0,0.1366204023361206,-0.6166794896125793,0.44269150495529175,-1.9982283115386963,0.4206881523132324,-1.8989092111587524,380,400,1,1,3,341,0,0
TT,1,845408,TT:845408:x:group019,0,3,2,2,Right,-4.562546730041504,0,0,0,0.06250937283039093,4,4,6,-15.416253089904785,2,0.9961376786231995,-4.544924736022949,0.0038622920401394367,-0.01762188784778118,0.0,0.0,0.0,0.0,0.1703510880470276,0.010648539289832115,0.0,0.0,0.8296488523483276,0.05186082795262337,0.0,0.0,0.02752743288874626,-0.4243698716163635,0.43116453289985657,-6.646941661834717,0.5413081049919128,-8.344943046569824,60,80,1,1,3,341,0,0
TT,1,845408,TT:845408:x:group019,1,4,3,2,Right,-4.562546730041504,0,0,0,0.06250937283039093,4,4,6,-12.099453926086426,2,0.9961376786231995,-4.544924736022949,0.0038622920401394367,-0.01762188784778118,0.0,0.0,0.0,0.0,0.1703510880470276,0.010648539289832115,0.0,0.0,0.8296488523483276,0.05186082795262337,0.0,0.0,0.05226898565888405,-0.6324262022972107,0.4207478165626526,-5.090818881988525,0.5269832015037537,-6.376208782196045,80,100,1,1,3,341,0,0
TT,1,845408,TT:845408:x:group019,2,7,6,2,Right,-0.014000579714775085,1,0,0,0.011544760316610336,3,3,5,-7.861028671264648,2,0.9510898590087891,-0.013315808959305286,0.04891015589237213,-0.0006847705226391554,0.0,0.0,0.0,0.0,0.17973925173282623,0.002075046533718705,0.8202607035636902,0.0094697130843997,0.0,0.0,0.0,0.0,0.09996666759252548,-0.7858408689498901,0.44234171509742737,-3.4772608280181885,0.45769158005714417,-3.597926616668701,140,160,1,1,3,341,0,0
TT,1,845408,TT:845408:x:group019,3,8,7,2,Right,-0.014000579714775085,1,0,0,0.011544760316610336,3,3,5,0.737207293510437,2,0.9510898590087891,-0.013315808959305286,0.04891015589237213,-0.0006847705226391554,0.0,0.0,0.0,0.0,0.17973925173282623,0.002075046533718705,0.8202607035636902,0.0094697130843997,0.0,0.0,0.0,0.0,0.09388136118650436,0.06921002268791199,0.21634024381637573,0.15948760509490967,0.6897783875465393,0.508509635925293,160,180,1,1,3,341,0,0
TT,1,845492,TT:845492:x:group020,0,3,2,2,Right,-4.562546730041504,0,0,0,0.06250937283039093,4,4,6,-16.299592971801758,2,0.9961376786231995,-4.544924736022949,0.0038622920401394367,-0.01762188784778118,0.0,0.0,0.0,0.0,0.1703510880470276,0.010648539289832115,0.0,0.0,0.8296488523483276,0.05186082795262337,0.0,0.0,0.026141097769141197,-0.42608925700187683,0.3584652841091156,-5.842838287353516,0.6153936386108398,-10.030665397644043,60,80,1,2,4,341,0,0
TT,1,845492,TT:845492:x:group020,1,4,3,2,Right,-4.562546730041504,0,0,0,0.06250937283039093,4,4,6,-15.913082122802734,2,0.9961376786231995,-4.544924736022949,0.0038622920401394367,-0.01762188784778118,0.0,0.0,0.0,0.0,0.1703510880470276,0.010648539289832115,0.0,0.0,0.8296488523483276,0.05186082795262337,0.0,0.0,0.029421888291835785,-0.4681929349899292,0.34280067682266235,-5.455015182495117,0.6277773976325989,-9.989872932434082,80,100,1,2,4,341,0,0
TT,1,845492,TT:845492:x:group020,2,10,9,2,Right,-0.014000579714775085,1,0,0,0.011544760316610336,3,3,5,7.50464391708374,2,0.9510898590087891,-0.013315808959305286,0.04891015589237213,-0.0006847705226391554,0.0,0.0,0.0,0.0,0.17973925173282623,0.002075046533718705,0.8202607035636902,0.0094697130843997,0.0,0.0,0.0,0.0,0.015710152685642242,0.1178991049528122,0.03472655639052391,0.260610431432724,0.9495632648468018,7.126134395599365,200,220,1,2,4,341,0,0
TT,1,845492,TT:845492:x:group020,3,12,11,2,Right,-0.014000579714775085,1,0,0,0.011544760316610336,3,3,5,21.63761329650879,2,0.9510898590087891,-0.013315808959305286,0.04891015589237213,-0.0006847705226391554,0.0,0.0,0.0,0.0,0.17973925173282623,0.002075046533718705,0.8202607035636902,0.0094697130843997,0.0,0.0,0.0,0.0,6.5344388531229924e-06,0.00014138966798782349,7.262814324349165e-05,0.0015714996261522174,0.9999208450317383,21.635900497436523,240,260,1,2,4,341,0,0
TT,1,845492,TT:845492:x:group021,0,15,14,2,Right,-0.014000579714775085,1,0,0,0.011544760316610336,3,3,5,-1.7965012788772583,2,0.9510898590087891,-0.013315808959305286,0.04891015589237213,-0.0006847705226391554,0.0,0.0,0.0,0.0,0.17973925173282623,0.002075046533718705,0.8202607035636902,0.0094697130843997,0.0,0.0,0.0,0.0,0.2513451874256134,-0.4515419602394104,0.34628912806510925,-0.6221088767051697,0.4023657441139221,-0.7228505611419678,300,320,1,2,4,341,0,0
TT,1,846076,TT:846076:x:group022,0,2,1,2,Right,-4.562546730041504,0,0,0,0.06250937283039093,4,4,6,-0.6194231510162354,2,0.9961376786231995,-4.544924736022949,0.0038622920401394367,-0.01762188784778118,0.0,0.0,0.0,0.0,0.1703510880470276,0.010648539289832115,0.0,0.0,0.8296488523483276,0.05186082795262337,0.0,0.0,0.2218322604894638,-0.1374080330133438,0.2939338982105255,-0.18206946551799774,0.4842338263988495,-0.2999456524848938,40,60,1,1,3,341,0,0
TT,1,846076,TT:846076:x:group022,1,3,2,2,Right,-4.562546730041504,0,0,0,0.06250937283039093,4,4,6,-8.974644660949707,2,0.9961376786231995,-4.544924736022949,0.0038622920401394367,-0.01762188784778118,0.0,0.0,0.0,0.0,0.1703510880470276,0.010648539289832115,0.0,0.0,0.8296488523483276,0.05186082795262337,0.0,0.0,0.0956951379776001,-0.8588298559188843,0.3969435393810272,-3.562427282333374,0.5073613524436951,-4.553387641906738,60,80,1,1,3,341,0,0
TT,1,846076,TT:846076:x:group022,2,4,3,2,Right,-0.014000579714775085,1,0,0,0.06250937283039093,4,4,6,4.932469367980957,2,0.9510898590087891,-0.013315808959305286,0.04891015589237213,-0.0006847705226391554,0.0,0.0,0.0,0.0,0.1703510880470276,0.010648539289832115,0.0,0.0,0.8296488523483276,0.05186082795262337,0.0,0.0,0.06190681457519531,0.30535346269607544,0.09365000575780869,0.46192577481269836,0.844443142414093,4.165189743041992,80,100,1,1,3,341,0,0
TT,1,846076,TT:846076:x:group022,3,13,12,2,Right,-0.014000579714775085,1,0,0,0.011544760316610336,3,3,5,5.564181804656982,2,0.9510898590087891,-0.013315808959305286,0.04891015589237213,-0.0006847705226391554,0.0,0.0,0.0,0.0,0.17973925173282623,0.002075046533718705,0.8202607035636902,0.0094697130843997,0.0,0.0,0.0,0.0,0.04428673908114433,0.24641947448253632,0.07364396750926971,0.4097684323787689,0.8820692896842957,4.907993793487549,260,280,1,1,3,341,0,1
TT,1,846076,TT:846076:x:group023,0,14,13,2,Right,-4.562546730041504,0,0,0,0.06250937283039093,4,4,6,-0.5975484251976013,2,0.9961376786231995,-4.544924736022949,0.0038622920401394367,-0.01762188784778118,0.0,0.0,0.0,0.0,0.1703510880470276,0.010648539289832115,0.0,0.0,0.8296488523483276,0.05186082795262337,0.0,0.0,0.2641776204109192,-0.1578589230775833,0.3255093991756439,-0.1945076286792755,0.4103129506111145,-0.2451818585395813,280,300,1,1,3,341,0,1
TT,1,846076,TT:846076:x:group023,1,17,16,2,Right,-0.014000579714775085,1,0,0,0.011544760316610336,3,3,5,2.2000415325164795,2,0.9510898590087891,-0.013315808959305286,0.04891015589237213,-0.0006847705226391554,0.0,0.0,0.0,0.0,0.17973925173282623,0.002075046533718705,0.8202607035636902,0.0094697130843997,0.0,0.0,0.0,0.0,0.18920983374118805,0.4162694811820984,0.20700685679912567,0.4554236829280853,0.6037832498550415,1.3283482789993286,340,360,1,1,3,341,0,0
TT,1,846108,TT:846108:x:group024,0,1,0,1,Normal,-4.562546730041504,0,0,0,0.06250937283039093,4,4,6,-14.501019477844238,2,0.9961376786231995,-4.544924736022949,0.0038622920401394367,-0.01762188784778118,0.0,0.0,0.0,0.0,0.1703510880470276,0.010648539289832115,0.0,0.0,0.8296488523483276,0.05186082795262337,0.0,0.0,0.03424335643649101,-0.496563583612442,0.40011557936668396,-5.802083969116211,0.5656411051750183,-8.202372550964355,20,40,-1,0,2,341,0,1
TT,1,846108,TT:846108:x:group024,1,2,1,1,Normal,-4.562546730041504,0,0,0,0.06250937283039093,4,4,6,-6.323019027709961,2,0.9961376786231995,-4.544924736022949,0.0038622920401394367,-0.01762188784778118,0.0,0.0,0.0,0.0,0.1703510880470276,0.010648539289832115,0.0,0.0,0.8296488523483276,0.05186082795262337,0.0,0.0,0.14095354080200195,-0.8912519216537476,0.41378703713417053,-2.6163833141326904,0.44525936245918274,-2.8153834342956543,40,60,-1,0,2,341,0,0
TT,1,846108,TT:846108:x:group024,2,7,6,1,Normal,-0.014000579714775085,1,0,0,0.011544760316610336,3,3,5,-17.345882415771484,2,0.9510898590087891,-0.013315808959305286,0.04891015589237213,-0.0006847705226391554,0.0,0.0,0.0,0.0,0.17973925173282623,0.002075046533718705,0.8202607035636902,0.0094697130843997,0.0,0.0,0.0,0.0,0.019865691661834717,-0.34458795189857483,0.3645798861980438,-6.323959827423096,0.6155543923377991,-10.67733383178711,140,160,-1,0,2,341,0,0
TT,1,846184,TT:846184:x:group025,0,4,3,1,Normal,-4.562546730041504,0,0,0,0.06250937283039093,4,4,6,-13.115376472473145,2,0.9961376786231995,-4.544924736022949,0.0038622920401394367,-0.01762188784778118,0.0,0.0,0.0,0.0,0.1703510880470276,0.010648539289832115,0.0,0.0,0.8296488523483276,0.05186082795262337,0.0,0.0,0.04120435193181038,-0.540410578250885,0.4089391529560089,-5.363390922546387,0.5498565435409546,-7.211575508117676,80,100,1,0,2,341,0,0
TT,1,846184,TT:846184:x:group025,1,5,4,1,Normal,-4.562546730041504,0,0,0,0.06250937283039093,4,4,6,-20.631895065307617,2,0.9961376786231995,-4.544924736022949,0.0038622920401394367,-0.01762188784778118,0.0,0.0,0.0,0.0,0.1703510880470276,0.010648539289832115,0.0,0.0,0.8296488523483276,0.05186082795262337,0.0,0.0,0.0110509367659688,-0.22800177335739136,0.3828365206718445,-7.8986430168151855,0.606112539768219,-12.505249977111816,100,120,1,0,2,341,0,0
TT,1,846184,TT:846184:x:group025,2,6,5,1,Normal,-4.562546730041504,0,0,0,0.06250937283039093,4,4,6,-16.832366943359375,2,0.9961376786231995,-4.544924736022949,0.0038622920401394367,-0.01762188784778118,0.0,0.0,0.0,0.0,0.1703510880470276,0.010648539289832115,0.0,0.0,0.8296488523483276,0.05186082795262337,0.0,0.0,0.024521971121430397,-0.4127628207206726,0.33556902408599854,-5.648420810699463,0.6399089694023132,-10.771183013916016,120,140,1,0,2,341,0,0
TT,1,846184,TT:846184:x:group025,3,8,7,1,Normal,-4.562546730041504,0,0,0,0.06250937283039093,4,4,6,-5.46663761138916,2,0.9961376786231995,-4.544924736022949,0.0038622920401394367,-0.01762188784778118,0.0,0.0,0.0,0.0,0.1703510880470276,0.010648539289832115,0.0,0.0,0.8296488523483276,0.05186082795262337,0.0,0.0,0.16896896064281464,-0.9236920475959778,0.39854755997657776,-2.1787149906158447,0.432483434677124,-2.364230155944824,160,180,1,0,2,341,0,0
TT,1,846184,TT:846184:x:group026,0,10,9,1,Normal,-0.014000579714775085,1,0,0,0.011544760316610336,3,3,5,-20.670015335083008,2,0.9510898590087891,-0.013315808959305286,0.04891015589237213,-0.0006847705226391554,0.0,0.0,0.0,0.0,0.17973925173282623,0.002075046533718705,0.8202607035636902,0.0094697130843997,0.0,0.0,0.0,0.0,0.009557484649121761,-0.197553351521492,0.4436672031879425,-9.170607566833496,0.5467752814292908,-11.30185317993164,200,220,1,0,2,341,0,0
TT,1,846184,TT:846184:x:group026,1,12,11,1,Normal,-4.562546730041504,0,0,0,0.06250937283039093,4,4,6,-16.273427963256836,2,0.9961376786231995,-4.544924736022949,0.0038622920401394367,-0.01762188784778118,0.0,0.0,0.0,0.0,0.1703510880470276,0.010648539289832115,0.0,0.0,0.8296488523483276,0.05186082795262337,0.0,0.0,0.02700791507959366,-0.43951135873794556,0.392995685338974,-6.395387172698975,0.5799964070320129,-9.438529968261719,240,260,1,0,2,341,0,0
TT,1,846184,TT:846184:x:group026,2,17,16,1,Normal,-0.014000579714775085,1,0,0,0.011544760316610336,3,3,5,-2.7006587982177734,2,0.9510898590087891,-0.013315808959305286,0.04891015589237213,-0.0006847705226391554,0.0,0.0,0.0,0.0,0.17973925173282623,0.002075046533718705,0.8202607035636902,0.0094697130843997,0.0,0.0,0.0,0.0,0.2377200424671173,-0.6420007348060608,0.35961171984672546,-0.9711885452270508,0.40266820788383484,-1.087469458580017,340,360,1,0,2,341,0,0
TT,1,846184,TT:846184:x:group026,3,19,18,1,Normal,-4.562546730041504,0,0,0,0.06250937283039093,4,4,6,-13.98789119720459,2,0.9961376786231995,-4.544924736022949,0.0038622920401394367,-0.01762188784778118,0.0,0.0,0.0,0.0,0.1703510880470276,0.010648539289832115,0.0,0.0,0.8296488523483276,0.05186082795262337,0.0,0.0,0.038763221353292465,-0.5422157049179077,0.3716297149658203,-5.1983160972595215,0.5896070599555969,-8.247359275817871,380,400,1,0,2,341,0,1
TT,1,846900,TT:846900:x:group027,0,3,2,2,Right,-4.562546730041504,0,0,0,0.06250937283039093,4,4,6,5.78001594543457,2,0.9961376786231995,-4.544924736022949,0.0038622920401394367,-0.01762188784778118,0.0,0.0,0.0,0.0,0.1703510880470276,0.010648539289832115,0.0,0.0,0.8296488523483276,0.05186082795262337,0.0,0.0,0.042833101004362106,0.2475760132074356,0.06968795508146286,0.40279749035835266,0.8874789476394653,5.129642486572266,60,80,1,1,3,341,0,0
TT,1,846900,TT:846900:x:group027,1,7,6,2,Right,-0.014000579714775085,1,0,0,0.011544760316610336,3,3,5,4.248925685882568,2,0.9510898590087891,-0.013315808959305286,0.04891015589237213,-0.0006847705226391554,0.0,0.0,0.0,0.0,0.17973925173282623,0.002075046533718705,0.8202607035636902,0.0094697130843997,0.0,0.0,0.0,0.0,0.06338377296924591,0.26931294798851013,0.11046003550291061,0.46933647990226746,0.8261561989784241,3.5102763175964355,140,160,1,1,3,341,0,0
TT,1,846900,TT:846900:x:group027,2,8,7,2,Right,-0.014000579714775085,1,0,0,0.011544760316610336,3,3,5,-4.103690147399902,2,0.9510898590087891,-0.013315808959305286,0.04891015589237213,-0.0006847705226391554,0.0,0.0,0.0,0.0,0.17973925173282623,0.002075046533718705,0.8202607035636902,0.0094697130843997,0.0,0.0,0.0,0.0,0.18088233470916748,-0.7422850728034973,0.40495625138282776,-1.6618149280548096,0.41416135430336,-1.6995898485183716,160,180,1,1,3,341,0,0
TT,1,846900,TT:846900:x:group027,3,10,9,2,Right,-4.562546730041504,0,0,0,0.06250937283039093,4,4,6,-2.616604804992676,2,0.9961376786231995,-4.544924736022949,0.0038622920401394367,-0.01762188784778118,0.0,0.0,0.0,0.0,0.1703510880470276,0.010648539289832115,0.0,0.0,0.8296488523483276,0.05186082795262337,0.0,0.0,0.23414109647274017,-0.6126547455787659,0.35764941573143005,-0.9358271956443787,0.4082094430923462,-1.0681227445602417,200,220,1,1,3,341,0,0
TT,1,847397,TT:847397:x:group028,0,1,0,0,Left,-0.014000579714775085,1,0,0,0.06250937283039093,4,4,6,8.674421310424805,2,0.9510898590087891,-0.013315808959305286,0.04891015589237213,-0.0006847705226391554,0.0,0.0,0.0,0.0,0.1703510880470276,0.010648539289832115,0.0,0.0,0.8296488523483276,0.05186082795262337,0.0,0.0,0.00957617349922657,0.08306775987148285,0.022155573591589928,0.19218677282333374,0.9682682156562805,8.399166107177734,20,40,0,1,1,341,0,1
TT,1,847397,TT:847397:x:group028,1,2,1,0,Left,-0.014000579714775085,1,0,0,0.011544760316610336,3,3,5,-6.262699604034424,2,0.9510898590087891,-0.013315808959305286,0.04891015589237213,-0.0006847705226391554,0.0,0.0,0.0,0.0,0.17973925173282623,0.002075046533718705,0.8202607035636902,0.0094697130843997,0.0,0.0,0.0,0.0,0.14309433102607727,-0.8961567878723145,0.3812793791294098,-2.387838125228882,0.4756262004375458,-2.9787039756774902,40,60,0,1,1,341,0,1
TT,1,847397,TT:847397:x:group028,2,4,3,0,Left,-4.562546730041504,0,0,0,0.06250937283039093,4,4,6,-8.517657279968262,2,0.9961376786231995,-4.544924736022949,0.0038622920401394367,-0.01762188784778118,0.0,0.0,0.0,0.0,0.1703510880470276,0.010648539289832115,0.0,0.0,0.8296488523483276,0.05186082795262337,0.0,0.0,0.09737680107355118,-0.8294222354888916,0.4375312030315399,-3.726740837097168,0.4650920033454895,-3.961494207382202,80,100,0,1,1,341,0,0
TT,1,847397,TT:847397:x:group028,3,5,4,0,Left,-4.562546730041504,0,0,0,0.06250937283039093,4,4,6,-14.791360855102539,2,0.9961376786231995,-4.544924736022949,0.0038622920401394367,-0.01762188784778118,0.0,0.0,0.0,0.0,0.1703510880470276,0.010648539289832115,0.0,0.0,0.8296488523483276,0.05186082795262337,0.0,0.0,0.031120868399739265,-0.46031999588012695,0.4018053710460663,-5.943248271942139,0.5670737624168396,-8.387792587280273,100,120,0,1,1,341,0,0
TT,1,847397,TT:847397:x:group029,0,7,6,0,Left,-0.014000579714775085,1,0,0,0.011544760316610336,3,3,5,-14.117020606994629,2,0.9510898590087891,-0.013315808959305286,0.04891015589237213,-0.0006847705226391554,0.0,0.0,0.0,0.0,0.17973925173282623,0.002075046533718705,0.8202607035636902,0.0094697130843997,0.0,0.0,0.0,0.0,0.03250917047262192,-0.45893263816833496,0.44398918747901917,-6.2678046226501465,0.5235016345977783,-7.390283584594727,140,160,0,1,1,341,0,0
TT,1,847666,TT:847666:x:group030,0,2,1,1,Normal,-4.562546730041504,0,0,0,0.06250937283039093,4,4,6,-14.403074264526367,2,0.9961376786231995,-4.544924736022949,0.0038622920401394367,-0.01762188784778118,0.0,0.0,0.0,0.0,0.1703510880470276,0.010648539289832115,0.0,0.0,0.8296488523483276,0.05186082795262337,0.0,0.0,0.03432493656873703,-0.49438461661338806,0.391628235578537,-5.640650749206543,0.5740469098091125,-8.268040657043457,40,60,0,0,2,341,0,1
TT,1,847666,TT:847666:x:group030,1,3,2,1,Normal,-4.562546730041504,0,0,0,0.06250937283039093,4,4,6,-8.690173149108887,2,0.9961376786231995,-4.544924736022949,0.0038622920401394367,-0.01762188784778118,0.0,0.0,0.0,0.0,0.1703510880470276,0.010648539289832115,0.0,0.0,0.8296488523483276,0.05186082795262337,0.0,0.0,0.09550173580646515,-0.829926609992981,0.40968018770217896,-3.5601918697357178,0.4948180019855499,-4.30005407333374,60,80,0,0,2,341,0,0
TT,1,847666,TT:847666:x:group030,2,4,3,1,Normal,-4.562546730041504,0,0,0,0.06250937283039093,4,4,6,-10.338766098022461,2,0.9961376786231995,-4.544924736022949,0.0038622920401394367,-0.01762188784778118,0.0,0.0,0.0,0.0,0.1703510880470276,0.010648539289832115,0.0,0.0,0.8296488523483276,0.05186082795262337,0.0,0.0,0.07248736172914505,-0.7494298815727234,0.4510626792907715,-4.663431644439697,0.47645002603530884,-4.925905227661133,80,100,0,0,2,341,0,0
TT,1,847666,TT:847666:x:group030,3,8,7,1,Normal,-4.562546730041504,0,0,0,0.06250937283039093,4,4,6,-10.010489463806152,2,0.9961376786231995,-4.544924736022949,0.0038622920401394367,-0.01762188784778118,0.0,0.0,0.0,0.0,0.1703510880470276,0.010648539289832115,0.0,0.0,0.8296488523483276,0.05186082795262337,0.0,0.0,0.07017114013433456,-0.7024474740028381,0.4165773391723633,-4.170143127441406,0.5132514834403992,-5.1378984451293945,160,180,0,0,2,341,0,0
TT,1,847666,TT:847666:x:group031,0,14,13,1,Normal,-4.562546730041504,0,0,0,0.06250937283039093,4,4,6,-34.39132308959961,2,0.9961376786231995,-4.544924736022949,0.0038622920401394367,-0.01762188784778118,0.0,0.0,0.0,0.0,0.1703510880470276,0.010648539289832115,0.0,0.0,0.8296488523483276,0.05186082795262337,0.0,0.0,0.0009904794860631227,-0.034063901752233505,0.27077192068099976,-9.312204360961914,0.7282375693321228,-25.045053482055664,280,300,0,0,2,341,0,0
TT,1,849652,TT:849652:x:group032,0,4,3,1,Normal,-4.562546730041504,0,0,0,0.06250937283039093,4,4,6,2.303661823272705,2,0.9961376786231995,-4.544924736022949,0.0038622920401394367,-0.01762188784778118,0.0,0.0,0.0,0.0,0.1703510880470276,0.010648539289832115,0.0,0.0,0.8296488523483276,0.05186082795262337,0.0,0.0,0.12693050503730774,0.2924049496650696,0.1828768253326416,0.42128637433052063,0.6901926398277283,1.5899704694747925,80,100,-1,0,2,341,0,0
TT,1,849652,TT:849652:x:group032,1,6,5,1,Normal,-0.014000579714775085,1,0,0,0.011544760316610336,3,3,5,-12.124423027038574,2,0.9510898590087891,-0.013315808959305286,0.04891015589237213,-0.0006847705226391554,0.0,0.0,0.0,0.0,0.17973925173282623,0.002075046533718705,0.8202607035636902,0.0094697130843997,0.0,0.0,0.0,0.0,0.04842362180352211,-0.5871084928512573,0.43042758107185364,-5.218686103820801,0.5211488008499146,-6.318628311157227,120,140,-1,0,2,341,0,0
TT,1,849652,TT:849652:x:group032,2,7,6,1,Normal,-0.014000579714775085,1,0,0,0.011544760316610336,3,3,5,-17.577110290527344,2,0.9510898590087891,-0.013315808959305286,0.04891015589237213,-0.0006847705226391554,0.0,0.0,0.0,0.0,0.17973925173282623,0.002075046533718705,0.8202607035636902,0.0094697130843997,0.0,0.0,0.0,0.0,0.017479967325925827,-0.3072473108768463,0.4045577645301819,-7.11095666885376,0.5779622793197632,-10.158906936645508,140,160,-1,0,2,341,0,0
TT,1,850238,TT:850238:x:group033,0,1,0,0,Left,-4.562546730041504,0,0,0,0.06250937283039093,4,4,6,3.651169538497925,2,0.9961376786231995,-4.544924736022949,0.0038622920401394367,-0.01762188784778118,0.0,0.0,0.0,0.0,0.1703510880470276,0.010648539289832115,0.0,0.0,0.8296488523483276,0.05186082795262337,0.0,0.0,0.10743104666471481,0.3922489583492279,0.1404835432767868,0.5129292607307434,0.7520853281021118,2.7459909915924072,20,40,0,1,1,341,0,0
TT,1,850238,TT:850238:x:group033,1,2,1,0,Left,-4.562546730041504,0,0,0,0.06250937283039093,4,4,6,5.799498558044434,2,0.9961376786231995,-4.544924736022949,0.0038622920401394367,-0.01762188784778118,0.0,0.0,0.0,0.0,0.1703510880470276,0.010648539289832115,0.0,0.0,0.8296488523483276,0.05186082795262337,0.0,0.0,0.04096263274550438,0.23756273090839386,0.06600693613290787,0.3828071355819702,0.8930304050445557,5.179128646850586,40,60,0,1,1,341,0,0
TT,1,850238,TT:850238:x:group033,2,3,2,0,Left,-4.562546730041504,0,0,0,0.06250937283039093,4,4,6,10.87154769897461,2,0.9961376786231995,-4.544924736022949,0.0038622920401394367,-0.01762188784778118,0.0,0.0,0.0,0.0,0.1703510880470276,0.010648539289832115,0.0,0.0,0.8296488523483276,0.05186082795262337,0.0,0.0,0.0028229225426912308,0.030689537525177002,0.008361085318028927,0.09089794009923935,0.9888160228729248,10.749960899353027,60,80,0,1,1,341,0,0
TT,1,850238,TT:850238:x:group033,3,5,4,0,Left,-0.014000579714775085,1,0,0,0.011544760316610336,3,3,5,6.885149955749512,2,0.9510898590087891,-0.013315808959305286,0.04891015589237213,-0.0006847705226391554,0.0,0.0,0.0,0.0,0.17973925173282623,0.002075046533718705,0.8202607035636902,0.0094697130843997,0.0,0.0,0.0,0.0,0.02081594243645668,0.14332088828086853,0.04145517572760582,0.2854250967502594,0.9377288222312927,6.456403732299805,100,120,0,1,1,341,0,0
TT,1,850238,TT:850238:x:group034,0,6,5,0,Left,-0.014000579714775085,1,0,0,0.011544760316610336,3,3,5,13.425761222839355,2,0.9510898590087891,-0.013315808959305286,0.04891015589237213,-0.0006847705226391554,0.0,0.0,0.0,0.0,0.17973925173282623,0.002075046533718705,0.8202607035636902,0.0094697130843997,0.0,0.0,0.0,0.0,0.0006432930822484195,0.008636699058115482,0.0026812520809471607,0.03599784895777702,0.9966754913330078,13.38112735748291,120,140,0,1,1,341,0,0
TT,1,850496,TT:850496:x:group035,0,1,0,1,Normal,-4.562546730041504,0,0,0,0.06250937283039093,4,4,6,-10.736042976379395,2,0.9961376786231995,-4.544924736022949,0.0038622920401394367,-0.01762188784778118,0.0,0.0,0.0,0.0,0.1703510880470276,0.010648539289832115,0.0,0.0,0.8296488523483276,0.05186082795262337,0.0,0.0,0.06996523588895798,-0.7511497735977173,0.413124680519104,-4.435324192047119,0.5169100165367126,-5.549568176269531,20,40,-1,0,2,341,0,0
TT,1,850496,TT:850496:x:group035,1,2,1,1,Normal,-4.562546730041504,0,0,0,0.06250937283039093,4,4,6,-15.598008155822754,2,0.9961376786231995,-4.544924736022949,0.0038622920401394367,-0.01762188784778118,0.0,0.0,0.0,0.0,0.1703510880470276,0.010648539289832115,0.0,0.0,0.8296488523483276,0.05186082795262337,0.0,0.0,0.029966307803988457,-0.4674147069454193,0.3621010184288025,-5.648054599761963,0.6079326868057251,-9.482539176940918,40,60,-1,0,2,341,0,0
TT,1,850496,TT:850496:x:group035,2,3,2,1,Normal,-0.014000579714775085,1,0,0,0.011544760316610336,3,3,5,-3.4821817874908447,1,0.9510898590087891,-0.013315808959305286,0.04891015589237213,-0.0006847705226391554,0.0,0.0,0.0,0.0,0.17973925173282623,0.002075046533718705,0.8202607035636902,0.0094697130843997,0.0,0.0,0.0,0.0,0.18261189758777618,-0.6358878016471863,0.43004798889160156,-1.4975053071975708,0.38734012842178345,-1.3487887382507324,60,80,-1,0,2,341,0,0
TT,1,850496,TT:850496:x:group035,3,4,3,1,Normal,-4.562546730041504,0,0,0,0.06250937283039093,4,4,6,-14.272786140441895,2,0.9961376786231995,-4.544924736022949,0.0038622920401394367,-0.01762188784778118,0.0,0.0,0.0,0.0,0.1703510880470276,0.010648539289832115,0.0,0.0,0.8296488523483276,0.05186082795262337,0.0,0.0,0.034622956067323685,-0.4941660463809967,0.4048076272010803,-5.777732849121094,0.5605694651603699,-8.000887870788574,80,100,-1,0,2,341,0,0
TT,1,850496,TT:850496:x:group036,0,5,4,1,Normal,-4.562546730041504,0,0,0,0.06250937283039093,4,4,6,-8.350953102111816,2,0.9961376786231995,-4.544924736022949,0.0038622920401394367,-0.01762188784778118,0.0,0.0,0.0,0.0,0.1703510880470276,0.010648539289832115,0.0,0.0,0.8296488523483276,0.05186082795262337,0.0,0.0,0.0978487953543663,-0.8171306848526001,0.4158642590045929,-3.472862958908081,0.4862869381904602,-4.060959339141846,100,120,-1,0,2,341,0,1
TT,1,850496,TT:850496:x:group036,1,6,5,1,Normal,-4.562546730041504,0,0,0,0.06250937283039093,4,4,6,-20.831132888793945,2,0.9961376786231995,-4.544924736022949,0.0038622920401394367,-0.01762188784778118,0.0,0.0,0.0,0.0,0.1703510880470276,0.010648539289832115,0.0,0.0,0.8296488523483276,0.05186082795262337,0.0,0.0,0.010438664816319942,-0.21744921803474426,0.3824637830257416,-7.967154026031494,0.6070975661277771,-12.646530151367188,120,140,-1,0,2,341,0,0
TT,1,850738,TT:850738:x:group037,0,2,1,0,Left,-4.562546730041504,0,0,0,0.06250937283039093,4,4,6,7.003530502319336,2,0.9961376786231995,-4.544924736022949,0.0038622920401394367,-0.01762188784778118,0.0,0.0,0.0,0.0,0.1703510880470276,0.010648539289832115,0.0,0.0,0.8296488523483276,0.05186082795262337,0.0,0.0,0.022690866142511368,0.158916175365448,0.04300777241587639,0.30120623111724854,0.9343013763427734,6.543408393859863,40,60,-1,1,1,341,0,0
TT,1,850738,TT:850738:x:group037,1,3,2,0,Left,-4.562546730041504,0,0,0,0.06250937283039093,4,4,6,-5.708744525909424,2,0.9961376786231995,-4.544924736022949,0.0038622920401394367,-0.01762188784778118,0.0,0.0,0.0,0.0,0.1703510880470276,0.010648539289832115,0.0,0.0,0.8296488523483276,0.05186082795262337,0.0,0.0,0.15269145369529724,-0.871676504611969,0.4103066921234131,-2.3423361778259277,0.43700188398361206,-2.494732141494751,60,80,-1,1,1,341,0,0
TT,1,850738,TT:850738:x:group037,2,4,3,0,Left,-4.562546730041504,0,0,0,0.06250937283039093,4,4,6,8.428775787353516,2,0.9961376786231995,-4.544924736022949,0.0038622920401394367,-0.01762188784778118,0.0,0.0,0.0,0.0,0.1703510880470276,0.010648539289832115,0.0,0.0,0.8296488523483276,0.05186082795262337,0.0,0.0,0.011041168123483658,0.09306353330612183,0.0248571690171957,0.2095154970884323,0.9641016721725464,8.12619686126709,80,100,-1,1,1,341,0,1
TT,1,850738,TT:850738:x:group037,3,7,6,0,Left,-0.014000579714775085,1,0,0,0.011544760316610336,3,3,5,9.35271167755127,2,0.9510898590087891,-0.013315808959305286,0.04891015589237213,-0.0006847705226391554,0.0,0.0,0.0,0.0,0.17973925173282623,0.002075046533718705,0.8202607035636902,0.0094697130843997,0.0,0.0,0.0,0.0,0.005445757415145636,0.05093259736895561,0.014571191743016243,0.1362801492214203,0.9799830913543701,9.165499687194824,140,160,-1,1,1,341,0,0
TT,1,850738,TT:850738:x:group038,0,8,7,0,Left,-0.014000579714775085,1,0,0,0.06250937283039093,4,4,6,15.175420761108398,2,0.9510898590087891,-0.013315808959305286,0.04891015589237213,-0.0006847705226391554,0.0,0.0,0.0,0.0,0.1703510880470276,0.010648539289832115,0.0,0.0,0.8296488523483276,0.05186082795262337,0.0,0.0,0.0002532298967707902,0.0038428702391684055,0.0012886716285720468,0.019556134939193726,0.9984581470489502,15.152022361755371,160,180,-1,1,1,341,0,0
TT,1,850823,TT:850823:x:group039,0,3,2,1,Normal,-4.562546730041504,0,0,0,0.06250937283039093,4,4,6,4.781346797943115,2,0.9961376786231995,-4.544924736022949,0.0038622920401394367,-0.01762188784778118,0.0,0.0,0.0,0.0,0.1703510880470276,0.010648539289832115,0.0,0.0,0.8296488523483276,0.05186082795262337,0.0,0.0,0.05577730014920235,0.26669061183929443,0.09375084936618805,0.448255330324173,0.8504718542098999,4.06640100479126,60,80,-1,0,2,341,0,0
TT,1,850823,TT:850823:x:group039,1,5,4,1,Normal,-4.562546730041504,0,0,0,0.06250937283039093,4,4,6,-29.13459014892578,2,0.9961376786231995,-4.544924736022949,0.0038622920401394367,-0.01762188784778118,0.0,0.0,0.0,0.0,0.1703510880470276,0.010648539289832115,0.0,0.0,0.8296488523483276,0.05186082795262337,0.0,0.0,0.0024278745986521244,-0.0707351341843605,0.274014413356781,-7.983297824859619,0.723557710647583,-21.080556869506836,100,120,-1,0,2,341,0,1
TT,1,850823,TT:850823:x:group039,2,10,9,1,Normal,-4.562546730041504,0,0,0,0.06250937283039093,4,4,6,-27.77281379699707,2,0.9961376786231995,-4.544924736022949,0.0038622920401394367,-0.01762188784778118,0.0,0.0,0.0,0.0,0.1703510880470276,0.010648539289832115,0.0,0.0,0.8296488523483276,0.05186082795262337,0.0,0.0,0.0031629852019250393,-0.08784499764442444,0.2777957618236542,-7.715169906616211,0.7190412878990173,-19.969799041748047,200,220,-1,0,2,341,0,1
TT,1,850830,TT:850830:x:group040,0,2,1,0,Left,-4.562546730041504,0,0,0,0.06250937283039093,4,4,6,-5.423189163208008,2,0.9961376786231995,-4.544924736022949,0.0038622920401394367,-0.01762188784778118,0.0,0.0,0.0,0.0,0.1703510880470276,0.010648539289832115,0.0,0.0,0.8296488523483276,0.05186082795262337,0.0,0.0,0.1619873046875,-0.878487765789032,0.37270933389663696,-2.021273136138916,0.46530336141586304,-2.523428201675415,40,60,0,1,1,341,0,1
TT,1,850830,TT:850830:x:group040,1,4,3,0,Left,-4.562546730041504,0,0,0,0.06250937283039093,4,4,6,9.03406047821045,2,0.9961376786231995,-4.544924736022949,0.0038622920401394367,-0.01762188784778118,0.0,0.0,0.0,0.0,0.1703510880470276,0.010648539289832115,0.0,0.0,0.8296488523483276,0.05186082795262337,0.0,0.0,0.007497284095734358,0.06773091852664948,0.017951780930161476,0.16217747330665588,0.9745509624481201,8.804152488708496,80,100,0,1,1,341,0,0
TT,1,851013,TT:851013:x:group041,0,2,1,1,Normal,-4.562546730041504,0,0,0,0.06250937283039093,4,4,6,-10.344808578491211,2,0.9961376786231995,-4.544924736022949,0.0038622920401394367,-0.01762188784778118,0.0,0.0,0.0,0.0,0.1703510880470276,0.010648539289832115,0.0,0.0,0.8296488523483276,0.05186082795262337,0.0,0.0,0.07308686524629593,-0.7560696601867676,0.4031970798969269,-4.17099666595459,0.5237160325050354,-5.4177422523498535,40,60,-1,0,2,341,0,0
TT,1,851013,TT:851013:x:group041,1,3,2,1,Normal,-4.562546730041504,0,0,0,0.06250937283039093,4,4,6,-12.500128746032715,2,0.9961376786231995,-4.544924736022949,0.0038622920401394367,-0.01762188784778118,0.0,0.0,0.0,0.0,0.1703510880470276,0.010648539289832115,0.0,0.0,0.8296488523483276,0.05186082795262337,0.0,0.0,0.05404519662261009,-0.6755719184875488,0.4313303232192993,-5.391684532165527,0.5146244764328003,-6.432872295379639,60,80,-1,0,2,341,0,0
TT,1,851013,TT:851013:x:group041,2,4,3,1,Normal,-0.014000579714775085,1,0,0,0.011544760316610336,3,3,5,-14.07862377166748,2,0.9510898590087891,-0.013315808959305286,0.04891015589237213,-0.0006847705226391554,0.0,0.0,0.0,0.0,0.17973925173282623,0.002075046533718705,0.8202607035636902,0.0094697130843997,0.0,0.0,0.0,0.0,0.034010421484708786,-0.47881993651390076,0.40229207277297974,-5.6637187004089355,0.5636973977088928,-7.936083793640137,80,100,-1,0,2,341,0,0
TT,1,851108,TT:851108:x:group042,0,1,0,2,Right,-4.562546730041504,0,0,0,0.06250937283039093,4,4,6,-6.290194511413574,2,0.9961376786231995,-4.544924736022949,0.0038622920401394367,-0.01762188784778118,0.0,0.0,0.0,0.0,0.1703510880470276,0.010648539289832115,0.0,0.0,0.8296488523483276,0.05186082795262337,0.0,0.0,0.150064617395401,-0.9439356327056885,0.39442113041877747,-2.480985641479492,0.4555142819881439,-2.8652734756469727,20,40,1,1,3,341,0,0
TT,1,851108,TT:851108:x:group042,1,5,4,2,Right,-4.562546730041504,0,0,0,0.06250937283039093,4,4,6,4.351905345916748,2,0.9961376786231995,-4.544924736022949,0.0038622920401394367,-0.01762188784778118,0.0,0.0,0.0,0.0,0.1703510880470276,0.010648539289832115,0.0,0.0,0.8296488523483276,0.05186082795262337,0.0,0.0,0.08129420876502991,0.3537847101688385,0.11248760670423508,0.4895354211330414,0.806218147277832,3.508584976196289,100,120,1,1,3,341,0,0
TT,1,851367,TT:851367:x:group043,0,1,0,0,Left,-0.014000579714775085,1,0,0,0.011544760316610336,3,3,5,0.38191136717796326,2,0.9510898590087891,-0.013315808959305286,0.04891015589237213,-0.0006847705226391554,0.0,0.0,0.0,0.0,0.17973925173282623,0.002075046533718705,0.8202607035636902,0.0094697130843997,0.0,0.0,0.0,0.0,0.2801668643951416,0.10699891299009323,0.2964596450328827,0.11322131007909775,0.4233734607696533,0.16169114410877228,20,40,-1,1,1,341,0,1
TT,1,851367,TT:851367:x:group043,1,2,1,0,Left,-0.014000579714775085,1,0,0,0.06250937283039093,4,4,6,-14.70309066772461,2,0.9510898590087891,-0.013315808959305286,0.04891015589237213,-0.0006847705226391554,0.0,0.0,0.0,0.0,0.1703510880470276,0.010648539289832115,0.0,0.0,0.8296488523483276,0.05186082795262337,0.0,0.0,0.03304505720734596,-0.48586446046829224,0.3694014549255371,-5.431343078613281,0.5975534915924072,-8.785882949829102,40,60,-1,1,1,341,0,0
TT,1,851367,TT:851367:x:group043,2,4,3,0,Left,-0.014000579714775085,1,0,0,0.06250937283039093,4,4,6,12.582097053527832,2,0.9510898590087891,-0.013315808959305286,0.04891015589237213,-0.0006847705226391554,0.0,0.0,0.0,0.0,0.1703510880470276,0.010648539289832115,0.0,0.0,0.8296488523483276,0.05186082795262337,0.0,0.0,0.0011309077963232994,0.014229191467165947,0.0041611334308981895,0.05235578492283821,0.9947079420089722,12.515511512756348,80,100,-1,1,1,341,0,0
TT,1,851367,TT:851367:x:group043,3,7,6,0,Left,-0.014000579714775085,1,0,0,0.06250937283039093,4,4,6,9.55273151397705,2,0.9510898590087891,-0.013315808959305286,0.04891015589237213,-0.0006847705226391554,0.0,0.0,0.0,0.0,0.1703510880470276,0.010648539289832115,0.0,0.0,0.8296488523483276,0.05186082795262337,0.0,0.0,0.0054363468661904335,0.0519319623708725,0.013487836346030235,0.128845676779747,0.9810757637023926,9.371953010559082,140,160,-1,1,1,341,0,0
TT,1,851367,TT:851367:x:group044,0,10,9,0,Left,-4.562546730041504,0,0,0,0.06250937283039093,4,4,6,3.71427845954895,2,0.9961376786231995,-4.544924736022949,0.0038622920401394367,-0.01762188784778118,0.0,0.0,0.0,0.0,0.1703510880470276,0.010648539289832115,0.0,0.0,0.8296488523483276,0.05186082795262337,0.0,0.0,0.0713508352637291,0.2650168836116791,0.11580062657594681,0.4301157593727112,0.8128485083580017,3.0191457271575928,200,220,-1,1,1,341,0,0
TT,1,851367,TT:851367:x:group044,1,15,14,0,Left,-4.562546730041504,0,0,0,0.06250937283039093,4,4,6,-12.432893753051758,2,0.9961376786231995,-4.544924736022949,0.0038622920401394367,-0.01762188784778118,0.0,0.0,0.0,0.0,0.1703510880470276,0.010648539289832115,0.0,0.0,0.8296488523483276,0.05186082795262337,0.0,0.0,0.04845171421766281,-0.6023949980735779,0.428043007850647,-5.321813106536865,0.5235052704811096,-6.50868558883667,300,320,-1,1,1,341,0,0
TT,1,851367,TT:851367:x:group044,2,16,15,0,Left,-4.562546730041504,0,0,0,0.06250937283039093,4,4,6,-15.115461349487305,2,0.9961376786231995,-4.544924736022949,0.0038622920401394367,-0.01762188784778118,0.0,0.0,0.0,0.0,0.1703510880470276,0.010648539289832115,0.0,0.0,0.8296488523483276,0.05186082795262337,0.0,0.0,0.02779019996523857,-0.42006170749664307,0.426536500453949,-6.447296142578125,0.5456733703613281,-8.2481050491333,320,340,-1,1,1,341,0,0
TT,1,851367,TT:851367:x:group044,3,20,19,0,Left,-0.014000579714775085,1,0,0,0.011544760316610336,3,3,5,7.585500717163086,2,0.9510898590087891,-0.013315808959305286,0.04891015589237213,-0.0006847705226391554,0.0,0.0,0.0,0.0,0.17973925173282623,0.002075046533718705,0.8202607035636902,0.0094697130843997,0.0,0.0,0.0,0.0,0.014812137000262737,0.1123574748635292,0.03230106458067894,0.24501974880695343,0.9528867602348328,7.228123188018799,400,420,-1,1,1,341,0,0
TT,1,851367,TT:851367:x:group045,0,25,24,0,Left,-0.014000579714775085,1,0,0,0.011544760316610336,3,3,5,-8.5413179397583,2,0.9510898590087891,-0.013315808959305286,0.04891015589237213,-0.0006847705226391554,0.0,0.0,0.0,0.0,0.17973925173282623,0.002075046533718705,0.8202607035636902,0.0094697130843997,0.0,0.0,0.0,0.0,0.102244533598423,-0.8733030557632446,0.3684401512145996,-3.1469645500183105,0.5293152928352356,-4.521049976348877,500,520,-1,1,1,341,0,0
TT,1,851519,TT:851519:x:group046,0,1,0,1,Normal,-4.562546730041504,0,0,0,0.06250937283039093,4,4,6,-7.657565116882324,2,0.9961376786231995,-4.544924736022949,0.0038622920401394367,-0.01762188784778118,0.0,0.0,0.0,0.0,0.1703510880470276,0.010648539289832115,0.0,0.0,0.8296488523483276,0.05186082795262337,0.0,0.0,0.11420362442731857,-0.8745216727256775,0.3760700821876526,-2.8797812461853027,0.509726345539093,-3.9032626152038574,20,40,-1,0,2,341,0,0
TT,1,851519,TT:851519:x:group046,1,3,2,1,Normal,-0.014000579714775085,1,0,0,0.06250937283039093,4,4,6,-3.802873373031616,2,0.9510898590087891,-0.013315808959305286,0.04891015589237213,-0.0006847705226391554,0.0,0.0,0.0,0.0,0.1703510880470276,0.010648539289832115,0.0,0.0,0.8296488523483276,0.05186082795262337,0.0,0.0,0.19361290335655212,-0.7362853288650513,0.3906099200248718,-1.4854400157928467,0.41577717661857605,-1.5811479091644287,60,80,-1,0,2,341,0,0
TT,1,851519,TT:851519:x:group046,2,4,3,1,Normal,-0.014000579714775085,1,0,0,0.06250937283039093,4,4,6,4.769351005554199,2,0.9510898590087891,-0.013315808959305286,0.04891015589237213,-0.0006847705226391554,0.0,0.0,0.0,0.0,0.1703510880470276,0.010648539289832115,0.0,0.0,0.8296488523483276,0.05186082795262337,0.0,0.0,0.044976893812417984,0.21451058983802795,0.0886353924870491,0.4227333068847656,0.8663877844810486,4.132107257843018,80,100,-1,0,2,341,0,0
TT,1,851519,TT:851519:x:group046,3,5,4,1,Normal,-0.014000579714775085,1,0,0,0.06250937283039093,4,4,6,-18.084989547729492,2,0.9510898590087891,-0.013315808959305286,0.04891015589237213,-0.0006847705226391554,0.0,0.0,0.0,0.0,0.1703510880470276,0.010648539289832115,0.0,0.0,0.8296488523483276,0.05186082795262337,0.0,0.0,0.015954770147800446,-0.28854185342788696,0.43989622592926025,-7.95551872253418,0.5441489815711975,-9.84092903137207,100,120,-1,0,2,341,0,0
TT,1,851519,TT:851519:x:group047,0,6,5,1,Normal,-0.014000579714775085,1,0,0,0.06250937283039093,4,4,6,-13.025115013122559,2,0.9510898590087891,-0.013315808959305286,0.04891015589237213,-0.0006847705226391554,0.0,0.0,0.0,0.0,0.1703510880470276,0.010648539289832115,0.0,0.0,0.8296488523483276,0.05186082795262337,0.0,0.0,0.04303546994924545,-0.5605419278144836,0.3490561246871948,-4.546496391296387,0.6079083681106567,-7.918076515197754,120,140,-1,0,2,341,0,0
TT,1,851519,TT:851519:x:group047,1,7,6,1,Normal,-0.014000579714775085,1,0,0,0.011544760316610336,3,3,5,-13.354656219482422,2,0.9510898590087891,-0.013315808959305286,0.04891015589237213,-0.0006847705226391554,0.0,0.0,0.0,0.0,0.17973925173282623,0.002075046533718705,0.8202607035636902,0.0094697130843997,0.0,0.0,0.0,0.0,0.04639086499810219,-0.6195340752601624,0.39360061287879944,-5.256401062011719,0.5600085854530334,-7.478722095489502,140,160,-1,0,2,341,0,0
TT,1,851519,TT:851519:x:group047,2,9,8,1,Normal,-4.562546730041504,0,0,0,0.06250937283039093,4,4,6,-19.973665237426758,2,0.9961376786231995,-4.544924736022949,0.0038622920401394367,-0.01762188784778118,0.0,0.0,0.0,0.0,0.1703510880470276,0.010648539289832115,0.0,0.0,0.8296488523483276,0.05186082795262337,0.0,0.0,0.012394409626722336,-0.24756178259849548,0.3758386969566345,-7.506876468658447,0.6117668747901917,-12.219226837158203,180,200,-1,0,2,341,0,0
TT,1,851519,TT:851519:x:group047,3,10,9,1,Normal,-4.562546730041504,0,0,0,0.06250937283039093,4,4,6,-9.792476654052734,1,0.9961376786231995,-4.544924736022949,0.0038622920401394367,-0.01762188784778118,0.0,0.0,0.0,0.0,0.1703510880470276,0.010648539289832115,0.0,0.0,0.8296488523483276,0.05186082795262337,0.0,0.0,0.07248269021511078,-0.7097850441932678,0.47820374369621277,-4.682798862457275,0.44931355118751526,-4.399892330169678,200,220,-1,0,2,341,0,0
TT,1,851519,TT:851519:x:group048,0,13,12,1,Normal,-0.014000579714775085,1,0,0,0.06250937283039093,4,4,6,-10.18038272857666,2,0.9510898590087891,-0.013315808959305286,0.04891015589237213,-0.0006847705226391554,0.0,0.0,0.0,0.0,0.1703510880470276,0.010648539289832115,0.0,0.0,0.8296488523483276,0.05186082795262337,0.0,0.0,0.0633760467171669,-0.6451923847198486,0.4060184359550476,-4.1334228515625,0.5306054949760437,-5.401767253875732,260,280,-1,0,2,341,0,0
TT,1,851519,TT:851519:x:group048,1,16,15,1,Normal,-0.014000579714775085,1,0,0,0.011544760316610336,3,3,5,-21.747879028320312,2,0.9510898590087891,-0.013315808959305286,0.04891015589237213,-0.0006847705226391554,0.0,0.0,0.0,0.0,0.17973925173282623,0.002075046533718705,0.8202607035636902,0.0094697130843997,0.0,0.0,0.0,0.0,0.008527650497853756,-0.18545831739902496,0.3397785723209381,-7.389463424682617,0.6516937613487244,-14.172957420349121,320,340,-1,0,2,341,0,0
TT,1,851519,TT:851519:x:group048,2,17,16,1,Normal,-4.562546730041504,0,0,0,0.06250937283039093,4,4,6,7.882264137268066,2,0.9961376786231995,-4.544924736022949,0.0038622920401394367,-0.01762188784778118,0.0,0.0,0.0,0.0,0.1703510880470276,0.010648539289832115,0.0,0.0,0.8296488523483276,0.05186082795262337,0.0,0.0,0.014586302451789379,0.11497309058904648,0.030173426494002342,0.23783491551876068,0.9552403092384338,7.529456615447998,340,360,-1,0,2,341,0,0
TT,1,851519,TT:851519:x:group048,3,19,18,1,Normal,-0.014000579714775085,1,0,0,0.011544760316610336,3,3,5,-11.923300743103027,2,0.9510898590087891,-0.013315808959305286,0.04891015589237213,-0.0006847705226391554,0.0,0.0,0.0,0.0,0.17973925173282623,0.002075046533718705,0.8202607035636902,0.0094697130843997,0.0,0.0,0.0,0.0,0.056471094489097595,-0.6733218431472778,0.3786516785621643,-4.514777660369873,0.5648771524429321,-6.73520040512085,380,400,-1,0,2,341,0,0
TT,1,851519,TT:851519:x:group049,0,22,21,1,Normal,-0.014000579714775085,1,0,0,0.011544760316610336,3,3,5,-8.45771598815918,2,0.9510898590087891,-0.013315808959305286,0.04891015589237213,-0.0006847705226391554,0.0,0.0,0.0,0.0,0.17973925173282623,0.002075046533718705,0.8202607035636902,0.0094697130843997,0.0,0.0,0.0,0.0,0.1010313481092453,-0.8544944524765015,0.3855961859226227,-3.261263132095337,0.5133724808692932,-4.341958522796631,440,460,-1,0,2,341,0,0
TT,1,851519,TT:851519:x:group049,1,24,23,1,Normal,-0.014000579714775085,1,0,0,0.06250937283039093,4,4,6,-16.076223373413086,2,0.9510898590087891,-0.013315808959305286,0.04891015589237213,-0.0006847705226391554,0.0,0.0,0.0,0.0,0.1703510880470276,0.010648539289832115,0.0,0.0,0.8296488523483276,0.05186082795262337,0.0,0.0,0.026609528809785843,-0.42778071761131287,0.37997373938560486,-6.1085429191589355,0.5934167504310608,-9.539899826049805,480,500,-1,0,2,341,0,0
TT,1,851519,TT:851519:x:group049,2,28,27,1,Normal,-4.562546730041504,0,0,0,0.06250937283039093,4,4,6,-22.599088668823242,2,0.9961376786231995,-4.544924736022949,0.0038622920401394367,-0.01762188784778118,0.0,0.0,0.0,0.0,0.1703510880470276,0.010648539289832115,0.0,0.0,0.8296488523483276,0.05186082795262337,0.0,0.0,0.007453750818967819,-0.16844797134399414,0.3816772699356079,-8.625558853149414,0.6108689904212952,-13.805082321166992,560,580,-1,0,2,341,0,1
TT,1,851532,TT:851532:x:group050,0,1,0,1,Normal,-4.562546730041504,0,0,0,0.06250937283039093,4,4,6,-23.600431442260742,2,0.9961376786231995,-4.544924736022949,0.0038622920401394367,-0.01762188784778118,0.0,0.0,0.0,0.0,0.1703510880470276,0.010648539289832115,0.0,0.0,0.8296488523483276,0.05186082795262337,0.0,0.0,0.007015693932771683,-0.16557340323925018,0.3358946442604065,-7.927258491516113,0.6570897102355957,-15.507600784301758,20,40,1,0,2,341,0,0
TT,1,851532,TT:851532:x:group050,1,2,1,1,Normal,-4.562546730041504,0,0,0,0.06250937283039093,4,4,6,-15.503862380981445,2,0.9961376786231995,-4.544924736022949,0.0038622920401394367,-0.01762188784778118,0.0,0.0,0.0,0.0,0.1703510880470276,0.010648539289832115,0.0,0.0,0.8296488523483276,0.05186082795262337,0.0,0.0,0.026054557412862778,-0.40394628047943115,0.44290298223495483,-6.866706848144531,0.5310425162315369,-8.233210563659668,40,60,1,0,2,341,0,0
TT,1,851532,TT:851532:x:group050,2,3,2,1,Normal,-4.562546730041504,0,0,0,0.06250937283039093,4,4,6,-24.422773361206055,2,0.9961376786231995,-4.544924736022949,0.0038622920401394367,-0.01762188784778118,0.0,0.0,0.0,0.0,0.1703510880470276,0.010648539289832115,0.0,0.0,0.8296488523483276,0.05186082795262337,0.0,0.0,0.0062690493650734425,-0.15310756862163544,0.3004473149776459,-7.337756633758545,0.6932835578918457,-16.931907653808594,60,80,1,0,2,341,0,1
TT,1,851532,TT:851532:x:group050,3,5,4,1,Normal,-0.014000579714775085,1,0,0,0.06250937283039093,4,4,6,24.849966049194336,2,0.9510898590087891,-0.013315808959305286,0.04891015589237213,-0.0006847705226391554,0.0,0.0,0.0,0.0,0.1703510880470276,0.010648539289832115,0.0,0.0,0.8296488523483276,0.05186082795262337,0.0,0.0,1.3735594848185428e-06,3.413290687603876e-05,2.0526815205812454e-05,0.0005100906710140407,0.9999780654907227,24.84942054748535,100,120,1,0,2,341,0,0
TT,1,851843,TT:851843:x:group051,0,1,0,1,Normal,-4.562546730041504,0,0,0,0.06250937283039093,4,4,6,-14.611541748046875,2,0.9961376786231995,-4.544924736022949,0.0038622920401394367,-0.01762188784778118,0.0,0.0,0.0,0.0,0.1703510880470276,0.010648539289832115,0.0,0.0,0.8296488523483276,0.05186082795262337,0.0,0.0,0.03199828788638115,-0.4675443172454834,0.419558584690094,-6.130397796630859,0.548443078994751,-8.013599395751953,20,40,-1,0,2,341,0,0
TT,1,851843,TT:851843:x:group051,1,2,1,1,Normal,-4.562546730041504,0,0,0,0.06250937283039093,4,4,6,-21.11733055114746,2,0.9961376786231995,-4.544924736022949,0.0038622920401394367,-0.01762188784778118,0.0,0.0,0.0,0.0,0.1703510880470276,0.010648539289832115,0.0,0.0,0.8296488523483276,0.05186082795262337,0.0,0.0,0.010124759748578072,-0.21380789577960968,0.3806145191192627,-8.037562370300293,0.6092607378959656,-12.865960121154785,40,60,-1,0,2,341,0,0
TT,1,851843,TT:851843:x:group051,2,4,3,1,Normal,-0.014000579714775085,1,0,0,0.011544760316610336,3,3,5,-11.984354972839355,2,0.9510898590087891,-0.013315808959305286,0.04891015589237213,-0.0006847705226391554,0.0,0.0,0.0,0.0,0.17973925173282623,0.002075046533718705,0.8202607035636902,0.0094697130843997,0.0,0.0,0.0,0.0,0.04624861106276512,-0.5542597770690918,0.4577424228191376,-5.485747814178467,0.4960089921951294,-5.944347858428955,80,100,-1,0,2,341,0,0
TT,1,851843,TT:851843:x:group051,3,5,4,1,Normal,-0.014000579714775085,1,0,0,0.011544760316610336,3,3,5,-0.10474111884832382,2,0.9510898590087891,-0.013315808959305286,0.04891015589237213,-0.0006847705226391554,0.0,0.0,0.0,0.0,0.17973925173282623,0.002075046533718705,0.8202607035636902,0.0094697130843997,0.0,0.0,0.0,0.0,0.15750420093536377,-0.016497166827321053,0.2676880359649658,-0.028037944808602333,0.5748077630996704,-0.060206007212400436,100,120,-1,0,2,341,0,0
TT,1,859088,TT:859088:x:group052,0,1,0,1,Normal,-4.562546730041504,0,0,0,0.06250937283039093,4,4,6,-11.758805274963379,2,0.9961376786231995,-4.544924736022949,0.0038622920401394367,-0.01762188784778118,0.0,0.0,0.0,0.0,0.1703510880470276,0.010648539289832115,0.0,0.0,0.8296488523483276,0.05186082795262337,0.0,0.0,0.05539456009864807,-0.6513738632202148,0.4142279624938965,-4.87082576751709,0.5303774476051331,-6.236605167388916,20,40,1,0,2,341,0,0
TT,1,859088,TT:859088:x:group052,1,8,7,1,Normal,-0.014000579714775085,1,0,0,0.06250937283039093,4,4,6,-0.009101741015911102,2,0.9510898590087891,-0.013315808959305286,0.04891015589237213,-0.0006847705226391554,0.0,0.0,0.0,0.0,0.1703510880470276,0.010648539289832115,0.0,0.0,0.8296488523483276,0.05186082795262337,0.0,0.0,0.20240262150764465,-0.001842216239310801,0.28685182332992554,-0.00261085107922554,0.5107455849647522,-0.004648673813790083,160,180,1,0,2,341,0,0
TT,1,859088,TT:859088:x:group052,2,10,9,1,Normal,-4.562546730041504,0,0,0,0.06250937283039093,4,4,6,-26.967052459716797,2,0.9961376786231995,-4.544924736022949,0.0038622920401394367,-0.01762188784778118,0.0,0.0,0.0,0.0,0.1703510880470276,0.010648539289832115,0.0,0.0,0.8296488523483276,0.05186082795262337,0.0,0.0,0.004044651053845882,-0.10907232016324997,0.29414820671081543,-7.932310104370117,0.7018071413040161,-18.925670623779297,200,220,1,0,2,341,0,0
TT,1,859088,TT:859088:x:group052,3,12,11,1,Normal,-0.014000579714775085,1,0,0,0.011544760316610336,3,3,5,-10.098959922790527,1,0.9510898590087891,-0.013315808959305286,0.04891015589237213,-0.0006847705226391554,0.0,0.0,0.0,0.0,0.17973925173282623,0.002075046533718705,0.8202607035636902,0.0094697130843997,0.0,0.0,0.0,0.0,0.0669742003083229,-0.6763697862625122,0.4875885546207428,-4.924137115478516,0.4454371929168701,-4.498452186584473,240,260,1,0,2,341,0,0
TT,1,859913,TT:859913:x:group053,0,1,0,1,Normal,-4.562546730041504,0,0,0,0.06250937283039093,4,4,6,-25.240694046020508,2,0.9961376786231995,-4.544924736022949,0.0038622920401394367,-0.01762188784778118,0.0,0.0,0.0,0.0,0.1703510880470276,0.010648539289832115,0.0,0.0,0.8296488523483276,0.05186082795262337,0.0,0.0,0.004639604594558477,-0.1171068400144577,0.3449302911758423,-8.706279754638672,0.6504300832748413,-16.417306900024414,20,40,-1,0,2,341,0,0
TT,1,859913,TT:859913:x:group053,1,2,1,1,Normal,-4.562546730041504,0,0,0,0.06250937283039093,4,4,6,-17.6923885345459,2,0.9961376786231995,-4.544924736022949,0.0038622920401394367,-0.01762188784778118,0.0,0.0,0.0,0.0,0.1703510880470276,0.010648539289832115,0.0,0.0,0.8296488523483276,0.05186082795262337,0.0,0.0,0.019288577139377594,-0.34126099944114685,0.37210553884506226,-6.583435535430908,0.6086058616638184,-10.767691612243652,40,60,-1,0,2,341,0,0
TT,1,859913,TT:859913:x:group053,2,4,3,1,Normal,-4.562546730041504,0,0,0,0.06250937283039093,4,4,6,-11.056857109069824,2,0.9961376786231995,-4.544924736022949,0.0038622920401394367,-0.01762188784778118,0.0,0.0,0.0,0.0,0.1703510880470276,0.010648539289832115,0.0,0.0,0.8296488523483276,0.05186082795262337,0.0,0.0,0.06511249393224716,-0.7199395298957825,0.4004799425601959,-4.428049564361572,0.5344076156616211,-5.908868789672852,80,100,-1,0,2,341,0,0
TT,1,859913,TT:859913:x:group053,3,5,4,1,Normal,-4.562546730041504,0,0,0,0.06250937283039093,4,4,6,-23.22310447692871,2,0.9961376786231995,-4.544924736022949,0.0038622920401394367,-0.01762188784778118,0.0,0.0,0.0,0.0,0.1703510880470276,0.010648539289832115,0.0,0.0,0.8296488523483276,0.05186082795262337,0.0,0.0,0.00759234419092536,-0.17631779611110687,0.3332298994064331,-7.738632678985596,0.6591777801513672,-15.308154106140137,100,120,-1,0,2,341,0,0
TT,1,859913,TT:859913:x:group054,0,6,5,1,Normal,-0.014000579714775085,1,0,0,0.06250937283039093,4,4,6,-32.180294036865234,2,0.9510898590087891,-0.013315808959305286,0.04891015589237213,-0.0006847705226391554,0.0,0.0,0.0,0.0,0.1703510880470276,0.010648539289832115,0.0,0.0,0.8296488523483276,0.05186082795262337,0.0,0.0,0.0011578089324757457,-0.037258632481098175,0.31704890727996826,-10.202727317810059,0.6817932724952698,-21.9403076171875,120,140,-1,0,2,341,0,0
TT,1,859913,TT:859913:x:group054,1,7,6,1,Normal,-0.014000579714775085,1,0,0,0.011544760316610336,3,3,5,14.757835388183594,2,0.9510898590087891,-0.013315808959305286,0.04891015589237213,-0.0006847705226391554,0.0,0.0,0.0,0.0,0.17973925173282623,0.002075046533718705,0.8202607035636902,0.0094697130843997,0.0,0.0,0.0,0.0,0.00032162960269488394,0.004746556747704744,0.0016233938513323665,0.02395777963101864,0.9980549812316895,14.729130744934082,140,160,-1,0,2,341,0,0
TT,1,860387,TT:860387:x:group055,0,1,0,1,Normal,-0.014000579714775085,1,0,0,0.011544760316610336,3,3,5,3.0723888874053955,2,0.9510898590087891,-0.013315808959305286,0.04891015589237213,-0.0006847705226391554,0.0,0.0,0.0,0.0,0.17973925173282623,0.002075046533718705,0.8202607035636902,0.0094697130843997,0.0,0.0,0.0,0.0,0.09706111997365952,0.2982095181941986,0.1438688337802887,0.4420210123062134,0.759070098400116,2.3321585655212402,20,40,-1,0,2,341,0,0
TT,1,860387,TT:860387:x:group055,1,2,1,1,Normal,-4.562546730041504,0,0,0,0.06250937283039093,4,4,6,-10.731492042541504,2,0.9961376786231995,-4.544924736022949,0.0038622920401394367,-0.01762188784778118,0.0,0.0,0.0,0.0,0.1703510880470276,0.010648539289832115,0.0,0.0,0.8296488523483276,0.05186082795262337,0.0,0.0,0.06460684537887573,-0.6933278441429138,0.4205067753791809,-4.512665271759033,0.5148863792419434,-5.525498867034912,40,60,-1,0,2,341,0,1
TT,1,860387,TT:860387:x:group055,2,3,2,1,Normal,-4.562546730041504,0,0,0,0.06250937283039093,4,4,6,-0.9856652617454529,2,0.9961376786231995,-4.544924736022949,0.0038622920401394367,-0.01762188784778118,0.0,0.0,0.0,0.0,0.1703510880470276,0.010648539289832115,0.0,0.0,0.8296488523483276,0.05186082795262337,0.0,0.0,0.20563431084156036,-0.2026865929365158,0.29771578311920166,-0.2934480905532837,0.4966498613357544,-0.4895305037498474,60,80,-1,0,2,341,0,0
TT,1,860387,TT:860387:x:group055,3,6,5,1,Normal,-4.562546730041504,0,0,0,0.06250937283039093,4,4,6,-25.324308395385742,2,0.9961376786231995,-4.544924736022949,0.0038622920401394367,-0.01762188784778118,0.0,0.0,0.0,0.0,0.1703510880470276,0.010648539289832115,0.0,0.0,0.8296488523483276,0.05186082795262337,0.0,0.0,0.004635127726942301,-0.11738140136003494,0.34898465871810913,-8.83779525756836,0.6463801860809326,-16.369131088256836,120,140,-1,0,2,341,0,0
TT,1,860387,TT:860387:x:group056,0,12,11,1,Normal,-4.562546730041504,0,0,0,0.06250937283039093,4,4,6,-26.617982864379883,2,0.9961376786231995,-4.544924736022949,0.0038622920401394367,-0.01762188784778118,0.0,0.0,0.0,0.0,0.1703510880470276,0.010648539289832115,0.0,0.0,0.8296488523483276,0.05186082795262337,0.0,0.0,0.0035935528576374054,-0.09565313160419464,0.351086288690567,-9.345209121704102,0.6453201770782471,-17.177122116088867,240,260,-1,0,2,341,0,0
TT,1,860387,TT:860387:x:group056,1,15,14,1,Normal,-0.014000579714775085,1,0,0,0.011544760316610336,3,3,5,-13.10860824584961,2,0.9510898590087891,-0.013315808959305286,0.04891015589237213,-0.0006847705226391554,0.0,0.0,0.0,0.0,0.17973925173282623,0.002075046533718705,0.8202607035636902,0.0094697130843997,0.0,0.0,0.0,0.0,0.044104043394327164,-0.5781426429748535,0.3864974081516266,-5.066442966461182,0.5693985819816589,-7.464023113250732,300,320,-1,0,2,341,0,0
TT,1,860387,TT:860387:x:group056,2,17,16,1,Normal,-0.014000579714775085,1,0,0,0.011544760316610336,3,3,5,-3.9306836128234863,2,0.9510898590087891,-0.013315808959305286,0.04891015589237213,-0.0006847705226391554,0.0,0.0,0.0,0.0,0.17973925173282623,0.002075046533718705,0.8202607035636902,0.0094697130843997,0.0,0.0,0.0,0.0,0.1840820014476776,-0.7235680818557739,0.3763781189918518,-1.4794232845306396,0.4395398795604706,-1.7276922464370728,340,360,-1,0,2,341,0,1
TT,1,860662,TT:860662:x:group057,0,1,0,1,Normal,-4.562546730041504,0,0,0,0.06250937283039093,4,4,6,-22.7259464263916,2,0.9961376786231995,-4.544924736022949,0.0038622920401394367,-0.01762188784778118,0.0,0.0,0.0,0.0,0.1703510880470276,0.010648539289832115,0.0,0.0,0.8296488523483276,0.05186082795262337,0.0,0.0,0.007334230002015829,-0.1666773110628128,0.3579253554344177,-8.13419246673584,0.6347404718399048,-14.425078392028809,20,40,-1,0,2,341,0,0
TT,1,860662,TT:860662:x:group057,1,2,1,1,Normal,-4.562546730041504,0,0,0,0.06250937283039093,4,4,6,-26.791643142700195,2,0.9961376786231995,-4.544924736022949,0.0038622920401394367,-0.01762188784778118,0.0,0.0,0.0,0.0,0.1703510880470276,0.010648539289832115,0.0,0.0,0.8296488523483276,0.05186082795262337,0.0,0.0,0.0037444063927978277,-0.1003187969326973,0.284567654132843,-7.624034881591797,0.7116879820823669,-19.067291259765625,40,60,-1,0,2,341,0,0
TT,1,860662,TT:860662:x:group057,2,3,2,1,Normal,-4.562546730041504,0,0,0,0.06250937283039093,4,4,6,1.3502756357192993,2,0.9961376786231995,-4.544924736022949,0.0038622920401394367,-0.01762188784778118,0.0,0.0,0.0,0.0,0.1703510880470276,0.010648539289832115,0.0,0.0,0.8296488523483276,0.05186082795262337,0.0,0.0,0.06111285090446472,0.08251919597387314,0.16549868881702423,0.2234688401222229,0.7733884453773499,1.0442875623703003,60,80,-1,0,2,341,0,1
TT,1,860662,TT:860662:x:group057,3,5,4,1,Normal,-4.562546730041504,0,0,0,0.06250937283039093,4,4,6,-8.166597366333008,2,0.9961376786231995,-4.544924736022949,0.0038622920401394367,-0.01762188784778118,0.0,0.0,0.0,0.0,0.1703510880470276,0.010648539289832115,0.0,0.0,0.8296488523483276,0.05186082795262337,0.0,0.0,0.10163404047489166,-0.8300042748451233,0.3789142966270447,-3.094440460205078,0.5194516181945801,-4.242152214050293,100,120,-1,0,2,341,0,0
TT,1,861404,TT:861404:x:group058,0,1,0,1,Normal,-4.562546730041504,0,0,0,0.06250937283039093,4,4,6,-24.352787017822266,2,0.9961376786231995,-4.544924736022949,0.0038622920401394367,-0.01762188784778118,0.0,0.0,0.0,0.0,0.1703510880470276,0.010648539289832115,0.0,0.0,0.8296488523483276,0.05186082795262337,0.0,0.0,0.005442701280117035,-0.13254494965076447,0.3499945402145386,-8.52334213256836,0.6445627808570862,-15.696900367736816,20,40,-1,0,2,341,0,0
TT,1,861404,TT:861404:x:group058,1,3,2,1,Normal,-0.014000579714775085,1,0,0,0.011544760316610336,3,3,5,0.09119107574224472,2,0.9510898590087891,-0.013315808959305286,0.04891015589237213,-0.0006847705226391554,0.0,0.0,0.0,0.0,0.17973925173282623,0.002075046533718705,0.8202607035636902,0.0094697130843997,0.0,0.0,0.0,0.0,0.2518176734447479,0.022963523864746094,0.3133789896965027,0.028577366843819618,0.434803307056427,0.03965017944574356,60,80,-1,0,2,341,0,1
TT,1,861404,TT:861404:x:group058,2,4,3,1,Normal,-0.014000579714775085,1,0,0,0.011544760316610336,3,3,5,3.857382297515869,2,0.9510898590087891,-0.013315808959305286,0.04891015589237213,-0.0006847705226391554,0.0,0.0,0.0,0.0,0.17973925173282623,0.002075046533718705,0.8202607035636902,0.0094697130843997,0.0,0.0,0.0,0.0,0.02404242940247059,0.09274084120988846,0.07636592537164688,0.2945725619792938,0.8995916843414307,3.47006893157959,80,100,-1,0,2,341,0,0
TT,1,861404,TT:861404:x:group058,3,5,4,1,Normal,-4.562546730041504,0,0,0,0.06250937283039093,4,4,6,-25.185062408447266,2,0.9961376786231995,-4.544924736022949,0.0038622920401394367,-0.01762188784778118,0.0,0.0,0.0,0.0,0.1703510880470276,0.010648539289832115,0.0,0.0,0.8296488523483276,0.05186082795262337,0.0,0.0,0.0046396455727517605,-0.11684976518154144,0.33954548835754395,-8.551474571228027,0.6558148860931396,-16.516738891601562,100,120,-1,0,2,341,0,0
TT,1,861404,TT:861404:x:group059,0,6,5,1,Normal,-4.562546730041504,0,0,0,0.06250937283039093,4,4,6,-23.912172317504883,2,0.9961376786231995,-4.544924736022949,0.0038622920401394367,-0.01762188784778118,0.0,0.0,0.0,0.0,0.1703510880470276,0.010648539289832115,0.0,0.0,0.8296488523483276,0.05186082795262337,0.0,0.0,0.006454512942582369,-0.1543414294719696,0.3237496316432953,-7.7415571212768555,0.6697958111763,-16.016273498535156,120,140,-1,0,2,341,0,0
TT,1,861404,TT:861404:x:group059,1,7,6,1,Normal,-0.014000579714775085,1,0,0,0.06250937283039093,4,4,6,-5.9925642013549805,1,0.9510898590087891,-0.013315808959305286,0.04891015589237213,-0.0006847705226391554,0.0,0.0,0.0,0.0,0.1703510880470276,0.010648539289832115,0.0,0.0,0.8296488523483276,0.05186082795262337,0.0,0.0,0.11859823018312454,-0.7107074856758118,0.4778902232646942,-2.863787889480591,0.40351149439811707,-2.4180686473846436,140,160,-1,0,2,341,0,0
TT,1,861404,TT:861404:x:group059,2,8,7,1,Normal,-0.014000579714775085,1,0,0,0.011544760316610336,3,3,5,-12.295549392700195,1,0.9510898590087891,-0.013315808959305286,0.04891015589237213,-0.0006847705226391554,0.0,0.0,0.0,0.0,0.17973925173282623,0.002075046533718705,0.8202607035636902,0.0094697130843997,0.0,0.0,0.0,0.0,0.04002559557557106,-0.492136687040329,0.5209324955940247,-6.4051513671875,0.4390418827533722,-5.398261070251465,160,180,-1,0,2,341,0,0
TT,1,861636,TT:861636:x:group060,0,1,0,0,Left,-4.562546730041504,0,0,0,0.06250937283039093,4,4,6,6.987551689147949,2,0.9961376786231995,-4.544924736022949,0.0038622920401394367,-0.01762188784778118,0.0,0.0,0.0,0.0,0.1703510880470276,0.010648539289832115,0.0,0.0,0.8296488523483276,0.05186082795262337,0.0,0.0,0.021060289815068245,0.1471598595380783,0.040971629321575165,0.2862913906574249,0.9379680752754211,6.554100513458252,20,40,0,1,1,341,0,0
TT,1,861636,TT:861636:x:group060,1,2,1,0,Left,-4.562546730041504,0,0,0,0.06250937283039093,4,4,6,6.428062438964844,2,0.9961376786231995,-4.544924736022949,0.0038622920401394367,-0.01762188784778118,0.0,0.0,0.0,0.0,0.1703510880470276,0.010648539289832115,0.0,0.0,0.8296488523483276,0.05186082795262337,0.0,0.0,0.03034888207912445,0.19508451223373413,0.05433621630072594,0.349276602268219,0.9153148531913757,5.883700847625732,40,60,0,1,1,341,0,0
TT,1,861636,TT:861636:x:group060,2,5,4,0,Left,-0.014000579714775085,1,0,0,0.011544760316610336,3,3,5,3.840131998062134,2,0.9510898590087891,-0.013315808959305286,0.04891015589237213,-0.0006847705226391554,0.0,0.0,0.0,0.0,0.17973925173282623,0.002075046533718705,0.8202607035636902,0.0094697130843997,0.0,0.0,0.0,0.0,0.09837327897548676,0.37776637077331543,0.13137885928153992,0.5045121908187866,0.7702478766441345,2.9578535556793213,100,120,0,1,1,341,0,0
TT,1,861649,TT:861649:x:group061,0,1,0,1,Normal,-4.562546730041504,0,0,0,0.06250937283039093,4,4,6,-20.603017807006836,2,0.9961376786231995,-4.544924736022949,0.0038622920401394367,-0.01762188784778118,0.0,0.0,0.0,0.0,0.1703510880470276,0.010648539289832115,0.0,0.0,0.8296488523483276,0.05186082795262337,0.0,0.0,0.011647433042526245,-0.23997226357460022,0.3383945822715759,-6.971949577331543,0.6499580144882202,-13.391096115112305,20,40,-1,0,2,341,0,0
TT,1,861649,TT:861649:x:group061,1,2,1,1,Normal,-4.562546730041504,0,0,0,0.06250937283039093,4,4,6,-30.970949172973633,2,0.9961376786231995,-4.544924736022949,0.0038622920401394367,-0.01762188784778118,0.0,0.0,0.0,0.0,0.1703510880470276,0.010648539289832115,0.0,0.0,0.8296488523483276,0.05186082795262337,0.0,0.0,0.0017997081158682704,-0.0557386688888073,0.2775060832500458,-8.594626426696777,0.7206941843032837,-22.32058334350586,40,60,-1,0,2,341,0,0
TT,1,861649,TT:861649:x:group061,2,4,3,1,Normal,-0.014000579714775085,1,0,0,0.06250937283039093,4,4,6,14.95211124420166,2,0.9510898590087891,-0.013315808959305286,0.04891015589237213,-0.0006847705226391554,0.0,0.0,0.0,0.0,0.1703510880470276,0.010648539289832115,0.0,0.0,0.8296488523483276,0.05186082795262337,0.0,0.0,0.00025393106625415385,0.003796805627644062,0.0013475153828039765,0.020148199051618576,0.9983986020088196,14.928167343139648,80,100,-1,0,2,341,0,0
TT,1,861649,TT:861649:x:group061,3,9,8,1,Normal,-0.014000579714775085,1,0,0,0.011544760316610336,3,3,5,-13.87653636932373,2,0.9510898590087891,-0.013315808959305286,0.04891015589237213,-0.0006847705226391554,0.0,0.0,0.0,0.0,0.17973925173282623,0.002075046533718705,0.8202607035636902,0.0094697130843997,0.0,0.0,0.0,0.0,0.037753429263830185,-0.5238868594169617,0.3781953752040863,-5.248042106628418,0.5840511918067932,-8.104607582092285,180,200,-1,0,2,341,0,0
TT,1,861649,TT:861649:x:group062,0,11,10,1,Normal,-0.014000579714775085,1,0,0,0.06250937283039093,4,4,6,28.172189712524414,2,0.9510898590087891,-0.013315808959305286,0.04891015589237213,-0.0006847705226391554,0.0,0.0,0.0,0.0,0.1703510880470276,0.010648539289832115,0.0,0.0,0.8296488523483276,0.05186082795262337,0.0,0.0,2.1725152521412383e-07,6.120450962043833e-06,4.733532932732487e-06,0.00013335398398339748,0.9999949932098389,28.172048568725586,220,240,-1,0,2,341,0,0
TT,1,861649,TT:861649:x:group062,1,13,12,1,Normal,-0.014000579714775085,1,0,0,0.011544760316610336,3,3,5,4.603626728057861,2,0.9510898590087891,-0.013315808959305286,0.04891015589237213,-0.0006847705226391554,0.0,0.0,0.0,0.0,0.17973925173282623,0.002075046533718705,0.8202607035636902,0.0094697130843997,0.0,0.0,0.0,0.0,0.07172409445047379,0.3301909565925598,0.10303855687379837,0.47435104846954346,0.8252373933792114,3.7990849018096924,260,280,-1,0,2,341,0,0
TT,1,861670,TT:861670:x:group063,0,1,0,1,Normal,-4.562546730041504,0,0,0,0.06250937283039093,4,4,6,-12.852831840515137,2,0.9961376786231995,-4.544924736022949,0.0038622920401394367,-0.01762188784778118,0.0,0.0,0.0,0.0,0.1703510880470276,0.010648539289832115,0.0,0.0,0.8296488523483276,0.05186082795262337,0.0,0.0,0.043901652097702026,-0.5642605423927307,0.4116317629814148,-5.290633678436279,0.5444666147232056,-6.9979376792907715,20,40,-1,0,2,341,0,0
TT,1,861670,TT:861670:x:group063,1,2,1,1,Normal,-4.562546730041504,0,0,0,0.06250937283039093,4,4,6,-16.23352813720703,2,0.9961376786231995,-4.544924736022949,0.0038622920401394367,-0.01762188784778118,0.0,0.0,0.0,0.0,0.1703510880470276,0.010648539289832115,0.0,0.0,0.8296488523483276,0.05186082795262337,0.0,0.0,0.02510794624686241,-0.4075905382633209,0.3894544541835785,-6.3222198486328125,0.5854375958442688,-9.503717422485352,40,60,-1,0,2,341,0,0
TT,1,861670,TT:861670:x:group063,2,8,7,1,Normal,-0.014000579714775085,1,0,0,0.011544760316610336,3,3,5,-8.686208724975586,2,0.9510898590087891,-0.013315808959305286,0.04891015589237213,-0.0006847705226391554,0.0,0.0,0.0,0.0,0.17973925173282623,0.002075046533718705,0.8202607035636902,0.0094697130843997,0.0,0.0,0.0,0.0,0.08255021274089813,-0.7170484066009521,0.43939539790153503,-3.8166801929473877,0.478054404258728,-4.152480125427246,160,180,-1,0,2,341,0,0
TT,1,861844,TT:861844:x:group064,0,1,0,1,Normal,-4.562546730041504,0,0,0,0.06250937283039093,4,4,6,-18.4669246673584,2,0.9961376786231995,-4.544924736022949,0.0038622920401394367,-0.01762188784778118,0.0,0.0,0.0,0.0,0.1703510880470276,0.010648539289832115,0.0,0.0,0.8296488523483276,0.05186082795262337,0.0,0.0,0.016801025718450546,-0.3102632761001587,0.37468913197517395,-6.919355869293213,0.6085098385810852,-11.237305641174316,20,40,-1,0,2,341,0,0
TT,1,861844,TT:861844:x:group064,1,2,1,1,Normal,-4.562546730041504,0,0,0,0.06250937283039093,4,4,6,-23.39671516418457,2,0.9961376786231995,-4.544924736022949,0.0038622920401394367,-0.01762188784778118,0.0,0.0,0.0,0.0,0.1703510880470276,0.010648539289832115,0.0,0.0,0.8296488523483276,0.05186082795262337,0.0,0.0,0.006719530094414949,-0.1572149246931076,0.3460642397403717,-8.096766471862793,0.647216260433197,-15.14273452758789,40,60,-1,0,2,341,0,0
TT,1,861844,TT:861844:x:group064,2,6,5,1,Normal,-0.014000579714775085,1,0,0,0.011544760316610336,3,3,5,10.609313011169434,2,0.9510898590087891,-0.013315808959305286,0.04891015589237213,-0.0006847705226391554,0.0,0.0,0.0,0.0,0.17973925173282623,0.002075046533718705,0.8202607035636902,0.0094697130843997,0.0,0.0,0.0,0.0,0.0031327619217336178,0.03323645144701004,0.009270631708204746,0.09835503250360489,0.9875965714454651,10.477721214294434,120,140,-1,0,2,341,0,0
