i,j,point_id_i,point_id_j,value
0,1,164,167,-0.0021150691900402308
0,2,164,165,-0.007882200181484222
0,3,164,92,-0.008982216939330101
0,4,164,186,-0.010140594094991684
0,5,164,57,-0.008332355879247189
0,6,164,43,-0.006450253073126078
0,7,164,106,-0.005085301585495472
0,8,164,182,-0.0015959690790623426
0,9,164,83,0.00253484258428216
0,10,164,18,-0.0038443419616669416
0,11,164,200,-0.003680266672745347
0,12,164,201,0.0023990573827177286
0,13,164,194,-0.0021915107499808073
0,14,164,204,-0.004815822001546621
0,15,164,202,-0.006061843130737543
0,16,164,212,-0.008648863062262535
0,17,164,216,-0.009828289039433002
0,18,164,206,-0.010637078434228897
0,19,164,203,-0.009397086687386036
0,20,164,207,-0.008346227928996086
0,21,164,205,-0.00967685878276825
0,22,164,98,-0.007151319179683924
0,23,164,97,-0.003568810410797596
0,24,164,393,0.00014972261851653457
0,25,164,391,0.00047173877828754485
0,26,164,322,0.00040816018008627
0,27,164,410,0.00030667352257296443
0,28,164,287,-0.0013200242538005114
0,29,164,273,-0.008426240645349026
0,30,164,335,-0.006503358483314514
0,31,164,406,-0.008315234445035458
0,32,164,313,-0.008619544096291065
0,33,164,421,-0.006459806114435196
0,34,164,418,-0.006332123186439276
0,35,164,424,-0.004255136474967003
0,36,164,422,-0.00110170419793576
0,37,164,432,0.0020916813518851995
0,38,164,436,0.004419573582708836
0,39,164,426,0.003067586338147521
0,40,164,423,0.0015743181575089693
0,41,164,427,0.006981439422816038
0,42,164,425,0.0037847375497221947
0,43,164,327,0.0018621141789481044
0,44,164,326,0.0011911522597074509
0,45,164,0,-0.0019204755080863833
0,46,164,37,0.001830941066145897
0,47,164,39,-0.0008913969504646957
0,48,164,40,-0.0044248285703361034
0,49,164,185,-0.004344665911048651
0,50,164,61,-0.002920023165643215
0,51,164,146,-0.001416579820215702
0,52,164,91,0.0003471642266958952
0,53,164,181,0.004975924734026194
0,54,164,84,0.010991513729095459
0,55,164,17,-0.005008380860090256
0,56,164,11,-0.0016067333053797483
0,57,164,72,0.0028788356576114893
0,58,164,73,-0.0008384051034227014
0,59,164,74,-0.00398511765524745
0,60,164,184,-0.004032145254313946
0,61,164,77,-0.0008737427997402847
0,62,164,90,0.00042742170626297593
0,63,164,180,0.006078447215259075
0,64,164,85,0.012522994540631771
0,65,164,16,-0.005319359712302685
0,66,164,12,-0.0018589390674605966
0,67,164,38,0.0029557892121374607
0,68,164,41,0.00024375425709877163
0,69,164,42,-0.0027302056550979614
0,70,164,96,-0.0009201596840284765
0,71,164,89,0.0015379345277324319
0,72,164,179,0.005507339257746935
0,73,164,86,0.011692770756781101
0,74,164,15,-0.004880629014223814
0,75,164,13,-0.0016668898751959205
0,76,164,82,0.0010304349707439542
0,77,164,81,-0.00019410368986427784
0,78,164,80,-0.0010810487437993288
0,79,164,191,-0.0016839354066178203
0,80,164,78,-0.002168364357203245
0,81,164,95,0.0005393943865783513
0,82,164,88,0.000641448947135359
0,83,164,178,0.005332599394023418
0,84,164,87,0.009679211303591728
0,85,164,14,-0.004011120647192001
0,86,164,267,-0.005887198727577925
0,87,164,269,-0.007129055447876453
0,88,164,270,-0.007184716407209635
0,89,164,409,-0.00460975244641304
0,90,164,291,-0.002633503405377269
0,91,164,375,-0.007591150235384703
0,92,164,321,-0.02054593525826931
0,93,164,405,-0.019353698939085007
0,94,164,314,-0.017137175425887108
0,95,164,302,-0.006653958465903997
0,96,164,303,-0.007918656803667545
0,97,164,304,-0.007755875587463379
0,98,164,408,-0.004934926051646471
0,99,164,307,-0.007781748194247484
0,100,164,320,-0.011436610482633114
0,101,164,404,-0.017928699031472206
0,102,164,315,-0.01637144200503826
0,103,164,268,-0.006248896941542625
0,104,164,271,-0.007299627643078566
0,105,164,272,-0.006821461021900177
0,106,164,325,-0.007006579078733921
0,107,164,319,-0.011119413189589977
0,108,164,403,-0.01586436852812767
0,109,164,316,-0.015244689770042896
0,110,164,312,-0.004809744656085968
0,111,164,311,-0.0061183529905974865
0,112,164,310,-0.005217570811510086
0,113,164,415,-0.004160583019256592
0,114,164,308,-0.00278827385045588
0,115,164,324,-0.006553362589329481
0,116,164,318,-0.010898841544985771
0,117,164,402,-0.01180183608084917
0,118,164,317,-0.014166515320539474
1,2,167,165,-0.0035184496082365513
1,3,167,92,-0.005812716670334339
1,4,167,186,-0.006913536228239536
1,5,167,57,-0.0049806032329797745
1,6,167,43,-0.0035060723312199116
1,7,167,106,-0.0016496888129040599
1,8,167,182,0.0014962904388085008
1,9,167,83,-0.0008306455565616488
1,10,167,18,-0.010839706286787987
1,11,167,200,-0.01119709387421608
1,12,167,201,0.004963045474141836
1,13,167,194,0.0006133998977020383
1,14,167,204,-0.0011082421988248825
1,15,167,202,-0.0035169217735528946
1,16,167,212,-0.005172847304493189
1,17,167,216,-0.00580652616918087
1,18,167,206,-0.005725464783608913
1,19,167,203,-0.00629454106092453
1,20,167,207,-0.0054367403499782085
1,21,167,205,-0.005909538362175226
1,22,167,98,-0.002392200520262122
1,23,167,97,0.0018804905703291297
1,24,167,393,-0.0034110373817384243
1,25,167,391,-0.0029501032549887896
1,26,167,322,-0.002998542273417115
1,27,167,410,-0.002318955259397626
1,28,167,287,-0.0033703192602843046
1,29,167,273,-0.007815617136657238
1,30,167,335,-0.009765520691871643
1,31,167,406,-0.01054370403289795
1,32,167,313,-0.011229054071009159
1,33,167,421,-0.009517007507383823
1,34,167,418,-0.0070830099284648895
1,35,167,424,-0.005837931297719479
1,36,167,422,-0.0033442103303968906
1,37,167,432,-0.0002747360267676413
1,38,167,436,0.0010893970029428601
1,39,167,426,0.0001809982641134411
1,40,167,423,0.0009860723512247205
1,41,167,427,0.002403243910521269
1,42,167,425,0.0011077002855017781
1,43,167,327,0.0004575841303449124
1,44,167,326,-0.0007701545837335289
1,45,167,0,-0.006859696935862303
1,46,167,37,-0.000846323324367404
1,47,167,39,0.0011304595973342657
1,48,167,40,-0.001236934564076364
1,49,167,185,-0.0031405584886670113
1,50,167,61,-0.0015348016750067472
1,51,167,146,-0.00021894862584304065
1,52,167,91,0.0008719311445020139
1,53,167,181,0.007805342320352793
1,54,167,84,-0.00785235594958067
1,55,167,17,-0.016080431640148163
1,56,167,11,-0.006859475281089544
1,57,167,72,-0.0011262611951678991
1,58,167,73,0.001346931210719049
1,59,167,74,-0.0007142263930290937
1,60,167,184,-0.0020138556137681007
1,61,167,77,2.1713742171414196e-05
1,62,167,90,0.0022510450799018145
1,63,167,180,0.006607590708881617
1,64,167,85,-0.008477889932692051
1,65,167,16,-0.018270639702677727
1,66,167,12,-0.007377577014267445
1,67,167,38,-0.002912438241764903
1,68,167,41,0.0020556084346026182
1,69,167,42,-0.000252992584137246
1,70,167,96,0.00020920686074532568
1,71,167,89,0.003086001379415393
1,72,167,179,0.007685121148824692
1,73,167,86,-0.009542472660541534
1,74,167,15,-0.017737681046128273
1,75,167,13,-0.006860982161015272
1,76,167,82,-0.0044297222048044205
1,77,167,81,0.0006658321362920105
1,78,167,80,-0.00014503407874144614
1,79,167,191,-0.0007720659486949444
1,80,167,78,-0.0013535782927647233
1,81,167,95,0.0003601976204663515
1,82,167,88,0.0032853211741894484
1,83,167,178,0.00695105642080307
1,84,167,87,-0.011304248124361038
1,85,167,14,-0.016316698864102364
1,86,167,267,-0.009024281054735184
1,87,167,269,-0.006728882901370525
1,88,167,270,-0.007075806148350239
1,89,167,409,-0.007420957088470459
1,90,167,291,-0.0054742456413805485
1,91,167,375,-0.012801598757505417
1,92,167,321,-0.01528853178024292
1,93,167,405,-0.018093014135956764
1,94,167,314,-0.018647147342562675
1,95,167,302,-0.009282880462706089
1,96,167,303,-0.007294125389307737
1,97,167,304,-0.007785213645547628
1,98,167,408,-0.007025218103080988
1,99,167,307,-0.01133887842297554
1,100,167,320,-0.01500958576798439
1,101,167,404,-0.018650081008672714
1,102,167,315,-0.01881471462547779
1,103,167,268,-0.009329265914857388
1,104,167,271,-0.008243579417467117
1,105,167,272,-0.008318810723721981
1,106,167,325,-0.01191170234233141
1,107,167,319,-0.014808287844061852
1,108,167,403,-0.01668957620859146
1,109,167,316,-0.018526591360569
1,110,167,312,-0.008926652371883392
1,111,167,311,-0.009385447949171066
1,112,167,310,-0.009384416043758392
1,113,167,415,-0.004549026023596525
1,114,167,308,-0.0042047444730997086
1,115,167,324,-0.009059347212314606
1,116,167,318,-0.01315377838909626
1,117,167,402,-0.014753274619579315
1,118,167,317,-0.01732446625828743
2,3,165,92,-0.0009812433272600174
2,4,165,186,-0.003076364751905203
2,5,165,57,-0.0018503688042983413
2,6,165,43,-7.907709004939534e-06
2,7,165,106,0.0017892512260004878
2,8,165,182,-0.005557520315051079
2,9,165,83,-0.007440210785716772
2,10,165,18,-0.014389785006642342
2,11,165,200,-0.012970914132893085
2,12,165,201,-0.007865974679589272
2,13,165,194,-5.5341748520731926e-05
2,14,165,204,0.000378028373233974
2,15,165,202,0.00012136869190726429
2,16,165,212,-2.3287968360818923e-05
2,17,165,216,-0.0014190819347277284
2,18,165,206,-0.0019145430997014046
2,19,165,203,-0.0031388630159199238
2,20,165,207,-0.001078395638614893
2,21,165,205,-0.0032753446139395237
2,22,165,98,0.000750155420973897
2,23,165,97,-0.0013497028267011046
2,24,165,393,-0.007746125105768442
2,25,165,391,-0.006947601679712534
2,26,165,322,-0.0057499282993376255
2,27,165,410,-0.004182768519967794
2,28,165,287,-0.005251976195722818
2,29,165,273,-0.008558017201721668
2,30,165,335,-0.011339684948325157
2,31,165,406,-0.01353676151484251
2,32,165,313,-0.015777243301272392
2,33,165,421,-0.012476214207708836
2,34,165,418,-0.010197091847658157
2,35,165,424,-0.008254353888332844
2,36,165,422,-0.006203338038176298
2,37,165,432,-0.0034667823929339647
2,38,165,436,-0.001807820750400424
2,39,165,426,-0.0027663293294608593
2,40,165,423,-0.001910475199110806
2,41,165,427,4.499521310208365e-05
2,42,165,425,-0.0021655347663909197
2,43,165,327,-0.0020575583912432194
2,44,165,326,-0.004790057428181171
2,45,165,0,-0.010169420391321182
2,46,165,37,-0.00730044674128294
2,47,165,39,-0.004033163655549288
2,48,165,40,0.001033345703035593
2,49,165,185,-0.00037774594966322184
2,50,165,61,0.0010571667226031423
2,51,165,146,0.0014076774241402745
2,52,165,91,0.0020978522952646017
2,53,165,181,-0.010686522349715233
2,54,165,84,-0.015011347830295563
2,55,165,17,-0.021855581551790237
2,56,165,11,-0.010602741502225399
2,57,165,72,-0.00830693170428276
2,58,165,73,-0.004568930249661207
2,59,165,74,0.001788026886060834
2,60,165,184,0.00033204961800947785
2,61,165,77,0.0026468902360647917
2,62,165,90,-0.0006617004983127117
2,63,165,180,-0.011725014075636864
2,64,165,85,-0.016550274565815926
2,65,165,16,-0.022576823830604553
2,66,165,12,-0.010472942143678665
2,67,165,38,-0.00850116927176714
2,68,165,41,-0.004898329731076956
2,69,165,42,-0.0009168612887151539
2,70,165,96,0.0037831903900951147
2,71,165,89,-0.004636490251868963
2,72,165,179,-0.01137117575854063
2,73,165,86,-0.016141768544912338
2,74,165,15,-0.02050400711596012
2,75,165,13,-0.010769374668598175
2,76,165,82,-0.00797534640878439
2,77,165,81,-0.005497689358890057
2,78,165,80,-0.0033051571808755398
2,79,165,191,0.0017391863511875272
2,80,165,78,0.001850118045695126
2,81,165,95,0.0008822090458124876
2,82,165,88,-0.007874447852373123
2,83,165,178,-0.012312708422541618
2,84,165,87,-0.015799254179000854
2,85,165,14,-0.020081425085663795
2,86,165,267,-0.01050063781440258
2,87,165,269,-0.008700340054929256
2,88,165,270,-0.007998457178473473
2,89,165,409,-0.0063295490108430386
2,90,165,291,-0.007191935554146767
2,91,165,375,-0.010366800241172314
2,92,165,321,-0.013768904842436314
2,93,165,405,-0.00884561613202095
2,94,165,314,-0.022265303879976273
2,95,165,302,-0.01078769564628601
2,96,165,303,-0.009779664687812328
2,97,165,304,-0.008769427426159382
2,98,165,408,-0.006791057530790567
2,99,165,307,-0.012267133221030235
2,100,165,320,-0.01434601005166769
2,101,165,404,-0.020786453038454056
2,102,165,315,-0.021864071488380432
2,103,165,268,-0.011017736978828907
2,104,165,271,-0.010515921749174595
2,105,165,272,-0.00966253038495779
2,106,165,325,-0.012393264099955559
2,107,165,319,-0.0149772884324193
2,108,165,403,-0.01894678920507431
2,109,165,316,-0.020977547392249107
2,110,165,312,-0.012018641456961632
2,111,165,311,-0.010184968821704388
2,112,165,310,-0.009446781128644943
2,113,165,415,-0.007144223432987928
2,114,165,308,-0.007881072349846363
2,115,165,324,-0.010949334129691124
2,116,165,318,-0.014140965417027473
2,117,165,402,-0.018068309873342514
2,118,165,317,-0.019957059994339943
3,4,92,186,0.0002751688298303634
3,5,92,57,-0.0002064618020085618
3,6,92,43,0.0007846894441172481
3,7,92,106,-0.0027305837720632553
3,8,92,182,-0.005298022646456957
3,9,92,83,-0.009255267679691315
3,10,92,18,-0.016384651884436607
3,11,92,200,-0.013908402062952518
3,12,92,201,-0.009248502552509308
3,13,92,194,-0.0046999952755868435
3,14,92,204,0.002038531471043825
3,15,92,202,0.00017003259563352913
3,16,92,212,-0.0006330701289698482
3,17,92,216,-0.0012743879342451692
3,18,92,206,-0.001756141078658402
3,19,92,203,0.0009296376956626773
3,20,92,207,-0.0016109338030219078
3,21,92,205,-0.0023918391671031713
3,22,92,98,-0.0016741103027015924
3,23,92,97,-0.0030977590940892696
3,24,92,393,-0.007597622461616993
3,25,92,391,-0.00705825025215745
3,26,92,322,-0.005881830584257841
3,27,92,410,-0.0042991903610527515
3,28,92,287,-0.0023184651508927345
3,29,92,273,-0.007228858768939972
3,30,92,335,-0.011799508705735207
3,31,92,406,-0.014171615242958069
3,32,92,313,-0.01521859597414732
3,33,92,421,-0.013073662295937538
3,34,92,418,-0.010056978091597557
3,35,92,424,-0.007574346847832203
3,36,92,422,-0.005528398789465427
3,37,92,432,-0.0027920359279960394
3,38,92,436,-0.0015879099955782294
3,39,92,426,-0.0017302986234426498
3,40,92,423,-0.0022215519566088915
3,41,92,427,0.00019849289674311876
3,42,92,425,-0.0019390102243050933
3,43,92,327,-0.002590255346149206
3,44,92,326,-0.00627698702737689
3,45,92,0,-0.013001703657209873
3,46,92,37,-0.007634726818650961
3,47,92,39,-0.005162255372852087
3,48,92,40,-0.0033108785282820463
3,49,92,185,0.0021274674218147993
3,50,92,61,0.001863626530393958
3,51,92,146,-0.00045074537047185004
3,52,92,91,-0.006579594686627388
3,53,92,181,-0.012160032987594604
3,54,92,84,-0.01517172809690237
3,55,92,17,-0.02289455384016037
3,56,92,11,-0.013852096162736416
3,57,92,72,-0.008999151177704334
3,58,92,73,-0.006050887983292341
3,59,92,74,-0.0034463671036064625
3,60,92,184,-0.0007232935167849064
3,61,92,77,-0.002758703427389264
3,62,92,90,-0.007932518608868122
3,63,92,180,-0.013836544938385487
3,64,92,85,-0.015848565846681595
3,65,92,16,-0.022853771224617958
3,66,92,12,-0.013117524795234203
3,67,92,38,-0.0102936876937747
3,68,92,41,-0.00727617833763361
3,69,92,42,-0.0036352446768432856
3,70,92,96,-0.0047429995611310005
3,71,92,89,-0.0032187444157898426
3,72,92,179,-0.013143746182322502
3,73,92,86,-0.017456188797950745
3,74,92,15,-0.02131189964711666
3,75,92,13,-0.013378620147705078
3,76,92,82,-0.009105253964662552
3,77,92,81,-0.007144301198422909
3,78,92,80,-0.004547374323010445
3,79,92,191,-0.002167865401133895
3,80,92,78,-0.0015438221162185073
3,81,92,95,-0.00644510705024004
3,82,92,88,-0.005656851921230555
3,83,92,178,-0.013323601335287094
3,84,92,87,-0.017971096560359
3,85,92,14,-0.019939733669161797
3,86,92,267,-0.011241941712796688
3,87,92,269,0.013227472081780434
3,88,92,270,-0.00838241446763277
3,89,92,409,-0.00518962275236845
3,90,92,291,-0.005602813325822353
3,91,92,375,-0.009106346406042576
3,92,92,321,-0.009436087682843208
3,93,92,405,-0.01696690544486046
3,94,92,314,-0.023412395268678665
3,95,92,302,-0.011869896203279495
3,96,92,303,-0.009635289199650288
3,97,92,304,-0.009007246233522892
3,98,92,408,-0.006494912318885326
3,99,92,307,-0.010634669102728367
3,100,92,320,-0.014256115071475506
3,101,92,404,-0.020676637068390846
3,102,92,315,-0.02206280827522278
3,103,92,268,-0.011479504406452179
3,104,92,271,-0.010695616714656353
3,105,92,272,-0.007447301410138607
3,106,92,325,-0.010560632683336735
3,107,92,319,-0.013968309387564659
3,108,92,403,-0.020775238052010536
3,109,92,316,-0.021764304488897324
3,110,92,312,-0.011784135363996029
3,111,92,311,-0.011027147062122822
3,112,92,310,-0.009448859840631485
3,113,92,415,-0.006781500764191151
3,114,92,308,-0.005360445007681847
3,115,92,324,-0.01022106409072876
3,116,92,318,-0.014318650588393211
3,117,92,402,-0.018799517303705215
3,118,92,317,-0.020105669274926186
4,5,186,57,0.0004977888311259449
4,6,186,43,0.00041811587288975716
4,7,186,106,-0.0026806513778865337
4,8,186,182,-0.00564552191644907
4,9,186,83,-0.0095579344779253
4,10,186,18,-0.016380958259105682
4,11,186,200,-0.013780171982944012
4,12,186,201,-0.009751822799444199
4,13,186,194,-0.004361143335700035
4,14,186,204,-0.0009757115039974451
4,15,186,202,0.0008701211772859097
4,16,186,212,-6.090488750487566e-05
4,17,186,216,-0.00119195063598454
4,18,186,206,-6.434555689338595e-05
4,19,186,203,2.3624954337719828e-05
4,20,186,207,-0.0009450119105167687
4,21,186,205,-0.0016514693852514029
4,22,186,98,-0.0023605874739587307
4,23,186,97,-0.0045608896762132645
4,24,186,393,-0.007414345629513264
4,25,186,391,-0.006430927664041519
4,26,186,322,-0.004503499250859022
4,27,186,410,-0.0035177250392735004
4,28,186,287,-0.002800753340125084
4,29,186,273,-0.0069443900138139725
4,30,186,335,-0.010691595263779163
4,31,186,406,-0.012045398354530334
4,32,186,313,-0.015221846289932728
4,33,186,421,-0.01217909436672926
4,34,186,418,-0.008635643869638443
4,35,186,424,-0.006604832597076893
4,36,186,422,-0.00422403309494257
4,37,186,432,-0.0018352842889726162
4,38,186,436,-0.0013094076421111822
4,39,186,426,-0.0020614704117178917
4,40,186,423,-0.002058103447780013
4,41,186,427,3.9276303141377866e-05
4,42,186,425,-0.0004920330247841775
4,43,186,327,-0.002114765578880906
4,44,186,326,-0.0061438316479325294
4,45,186,0,-0.013101099990308285
4,46,186,37,-0.009885182604193687
4,47,186,39,-0.005306205712258816
4,48,186,40,-0.003707274328917265
4,49,186,185,-0.0013026880333200097
4,50,186,61,-0.0005408491706475616
4,51,186,146,-0.0032198268454521894
4,52,186,91,-0.007171886507421732
4,53,186,181,-0.011695994064211845
4,54,186,84,-0.015401431359350681
4,55,186,17,-0.021512871608138084
4,56,186,11,-0.014547429047524929
4,57,186,72,-0.010634643025696278
4,58,186,73,-0.006197093520313501
4,59,186,74,-0.003915988374501467
4,60,186,184,-0.0016247564926743507
4,61,186,77,-0.0035781413316726685
4,62,186,90,-0.007834329269826412
4,63,186,180,-0.012866596691310406
4,64,186,85,-0.01734420843422413
4,65,186,16,-0.02294241636991501
4,66,186,12,-0.01362004317343235
4,67,186,38,-0.010528316721320152
4,68,186,41,-0.0069513702765107155
4,69,186,42,-0.0047260671854019165
4,70,186,96,-0.005669544916599989
4,71,186,89,-0.009333113208413124
4,72,186,179,-0.013779408298432827
4,73,186,86,-0.017615539953112602
4,74,186,15,-0.02243819646537304
4,75,186,13,-0.013932931236922741
4,76,186,82,-0.010383260436356068
4,77,186,81,-0.007732819765806198
4,78,186,80,-0.00564925279468298
4,79,186,191,-0.002681941958144307
4,80,186,78,-0.003191162133589387
4,81,186,95,-0.006094364449381828
4,82,186,88,-0.009435710497200489
4,83,186,178,-0.013696741312742233
4,84,186,87,-0.017888061702251434
4,85,186,14,-0.022160742431879044
4,86,186,267,-0.01019981037825346
4,87,186,269,-0.011146304197609425
4,88,186,270,-0.0065659936517477036
4,89,186,409,-0.005882293451577425
4,90,186,291,-0.004648246802389622
4,91,186,375,-0.010094622150063515
4,92,186,321,-0.014166424050927162
4,93,186,405,0.006090736016631126
4,94,186,314,-0.024639183655381203
4,95,186,302,-0.011378302238881588
4,96,186,303,-0.00978255458176136
4,97,186,304,-0.007686647120863199
4,98,186,408,-0.006855457555502653
4,99,186,307,-0.011279239319264889
4,100,186,320,-0.014094380661845207
4,101,186,404,-0.018458737060427666
4,102,186,315,-0.0237081628292799
4,103,186,268,-0.012153586372733116
4,104,186,271,-0.011472390964627266
4,105,186,272,-0.008780178613960743
4,106,186,325,-0.009906413964927197
4,107,186,319,-0.014767578803002834
4,108,186,403,-0.01945464313030243
4,109,186,316,-0.022104768082499504
4,110,186,312,-0.012064937502145767
4,111,186,311,-0.01170552708208561
4,112,186,310,-0.009232203476130962
4,113,186,415,-0.006286362186074257
4,114,186,308,-0.0038843941874802113
4,115,186,324,-0.009556865319609642
4,116,186,318,-0.012544551864266396
4,117,186,402,-0.018486948683857918
4,118,186,317,-0.020581550896167755
5,6,57,43,-0.0016048731049522758
5,7,57,106,-0.0027513373643159866
5,8,57,182,-0.005662634503096342
5,9,57,83,-0.010328195989131927
5,10,57,18,-0.01616046205163002
5,11,57,200,-0.013853345066308975
5,12,57,201,-0.010243977420032024
5,13,57,194,-0.005705873481929302
5,14,57,204,-0.002692530630156398
5,15,57,202,0.001789950649254024
5,16,57,212,0.0002775685570668429
5,17,57,216,-0.0008016956271603703
5,18,57,206,0.0006644187960773706
5,19,57,203,0.0005664248019456863
5,20,57,207,-0.0009263282991014421
5,21,57,205,-0.0018198295729234815
5,22,57,98,-0.0021163125056773424
5,23,57,97,-0.003673120168969035
5,24,57,393,-0.007189485710114241
5,25,57,391,-0.005262627266347408
5,26,57,322,-0.004311468452215195
5,27,57,410,-0.0027027742471545935
5,28,57,287,-0.0019967101980000734
5,29,57,273,-0.006635402329266071
5,30,57,335,-0.008822069503366947
5,31,57,406,-0.010214019566774368
5,32,57,313,-0.01434245239943266
5,33,57,421,-0.01209673099219799
5,34,57,418,-0.008251303806900978
5,35,57,424,-0.005427007097750902
5,36,57,422,-0.003142435336485505
5,37,57,432,-0.0016644360730424523
5,38,57,436,-0.0011431872844696045
5,39,57,426,-0.0017951406771317124
5,40,57,423,-0.0023370650596916676
5,41,57,427,-0.00028361406293697655
5,42,57,425,-0.00025192619068548083
5,43,57,327,-0.0024358939845114946
5,44,57,326,-0.005390353966504335
5,45,57,0,-0.012216052040457726
5,46,57,37,-0.00965743325650692
5,47,57,39,-0.005153676029294729
5,48,57,40,-0.003488286631181836
5,49,57,185,-0.0020730348769575357
5,50,57,61,-0.0015532632824033499
5,51,57,146,-0.0041474848985672
5,52,57,91,-0.007945863530039787
5,53,57,181,-0.010857250541448593
5,54,57,84,-0.01650068908929825
5,55,57,17,-0.02080347016453743
5,56,57,11,-0.012084417976439
5,57,57,72,-0.009928192012012005
5,58,57,73,-0.00650652265176177
5,59,57,74,-0.0036264448426663876
5,60,57,184,-0.0020828815177083015
5,61,57,77,-0.00507506774738431
5,62,57,90,-0.006622212938964367
5,63,57,180,-0.012067125178873539
5,64,57,85,-0.017469650134444237
5,65,57,16,-0.02055431343615055
5,66,57,12,-0.012609207071363926
5,67,57,38,-0.009354187175631523
5,68,57,41,-0.006792349740862846
5,69,57,42,-0.00553467869758606
5,70,57,96,-0.005265763495117426
5,71,57,89,-0.007952390238642693
5,72,57,179,-0.013981734402477741
5,73,57,86,-0.01801583729684353
5,74,57,15,-0.019929084926843643
5,75,57,13,-0.01262771524488926
5,76,57,82,-0.010422153398394585
5,77,57,81,-0.0077520208433270454
5,78,57,80,-0.004922315012663603
5,79,57,191,-0.002828315133228898
5,80,57,78,-0.0036757064517587423
5,81,57,95,-0.006181930657476187
5,82,57,88,-0.009499534964561462
5,83,57,178,-0.013549743220210075
5,84,57,87,-0.01812105067074299
5,85,57,14,-0.020726682618260384
5,86,57,267,-0.007980662398040295
5,87,57,269,-0.009460357017815113
5,88,57,270,-0.006771296262741089
5,89,57,409,-0.005634661763906479
5,90,57,291,-0.004022542387247086
5,91,57,375,-0.00766884908080101
5,92,57,321,-0.012978028506040573
5,93,57,405,-0.005856257863342762
5,94,57,314,-0.022419653832912445
5,95,57,302,-0.01159805990755558
5,96,57,303,-0.009819036349654198
5,97,57,304,-0.007491729222238064
5,98,57,408,-0.0062755378894507885
5,99,57,307,-0.009935278445482254
5,100,57,320,-0.014051543548703194
5,101,57,404,-0.014324096962809563
5,102,57,315,-0.02045181579887867
5,103,57,268,-0.01121746189892292
5,104,57,271,-0.010738775134086609
5,105,57,272,-0.008589622564613819
5,106,57,325,-0.009513631463050842
5,107,57,319,-0.014660780318081379
5,108,57,403,-0.018916809931397438
5,109,57,316,-0.022196102887392044
5,110,57,312,-0.011242103762924671
5,111,57,311,-0.01094217598438263
5,112,57,310,-0.008632704615592957
5,113,57,415,-0.006207423750311136
5,114,57,308,-0.003509652568027377
5,115,57,324,-0.008134796284139156
5,116,57,318,-0.013864441774785519
5,117,57,402,-0.019864320755004883
5,118,57,317,-0.020935315638780594
6,7,43,106,-0.0014505541184917092
6,8,43,182,-0.005157337989658117
6,9,43,83,-0.010507337749004364
6,10,43,18,-0.016409095376729965
6,11,43,200,-0.01378993783146143
6,12,43,201,-0.009196487255394459
6,13,43,194,-0.004360535182058811
6,14,43,204,1.2240825526532717e-05
6,15,43,202,-1.8231503418064676e-05
6,16,43,212,-0.001168000278994441
6,17,43,216,-0.00236156745813787
6,18,43,206,-0.0010190530447289348
6,19,43,203,0.002233071019873023
6,20,43,207,-0.0025816389825195074
6,21,43,205,-0.0033920304849743843
6,22,43,98,0.00041196882375516
6,23,43,97,-0.0025814950931817293
6,24,43,393,-0.00570867070928216
6,25,43,391,-0.0038341458421200514
6,26,43,322,-0.0027397312223911285
6,27,43,410,-0.0025606066919863224
6,28,43,287,-0.0010741823352873325
6,29,43,273,-0.0048843808472156525
6,30,43,335,-0.008441031910479069
6,31,43,406,-0.011408599093556404
6,32,43,313,-0.014263435266911983
6,33,43,421,-0.010790926404297352
6,34,43,418,-0.0065064383670687675
6,35,43,424,-0.004134169314056635
6,36,43,422,-0.0023532984778285027
6,37,43,432,-0.00041705818148329854
6,38,43,436,-0.00023268238874152303
6,39,43,426,0.0009914326947182417
6,40,43,423,-0.0004569184093270451
6,41,43,427,0.0012305445270612836
6,42,43,425,0.0001481527870055288
6,43,43,327,-0.001639330293983221
6,44,43,326,-0.004686699714511633
6,45,43,0,0.00725805526599288
6,46,43,37,-0.0066603259183466434
6,47,43,39,-0.004004065413028002
6,48,43,40,-0.002247263677418232
6,49,43,185,0.0004692398360930383
6,50,43,61,0.00038216004031710327
6,51,43,146,-0.0025484974030405283
6,52,43,91,-0.006959227379411459
6,53,43,181,-0.011271016672253609
6,54,43,84,-0.01568487472832203
6,55,43,17,-0.022294960916042328
6,56,43,11,0.006304064299911261
6,57,43,72,-0.007105853874236345
6,58,43,73,-0.004563366528600454
6,59,43,74,-0.0026680841110646725
6,60,43,184,-0.00027379413950257003
6,61,43,77,-0.0027766891289502382
6,62,43,90,-0.006477631162852049
6,63,43,180,-0.011052092537283897
6,64,43,85,-0.016409307718276978
6,65,43,16,-0.001340413000434637
6,66,43,12,0.002013138262555003
6,67,43,38,-0.006841707043349743
6,68,43,41,-0.004784845281392336
6,69,43,42,-0.003868309548124671
6,70,43,96,-0.004318334627896547
6,71,43,89,-0.007471717428416014
6,72,43,179,-0.012271624058485031
6,73,43,86,-0.01615932211279869
6,74,43,15,0.0010339431464672089
6,75,43,13,-0.011581814847886562
6,76,43,82,-0.006966782733798027
6,77,43,81,-0.004671646747738123
6,78,43,80,-0.0038021448999643326
6,79,43,191,-0.0012185118393972516
6,80,43,78,-0.0015016988618299365
6,81,43,95,-0.004009336233139038
6,82,43,88,-0.00746588408946991
6,83,43,178,-0.01174965314567089
6,84,43,87,-0.016543995589017868
6,85,43,14,-0.018485277891159058
6,86,43,267,0.013246897608041763
6,87,43,269,0.017541704699397087
6,88,43,270,-0.006463709753006697
6,89,43,409,-0.003562476485967636
6,90,43,291,-0.002955067902803421
6,91,43,375,-0.00658496655523777
6,92,43,321,0.003736956510692835
6,93,43,405,-0.015288944356143475
6,94,43,314,-0.014101134613156319
6,95,43,302,-0.008772998116910458
6,96,43,303,-0.006794287823140621
6,97,43,304,-0.005836593918502331
6,98,43,408,-0.0041039795614778996
6,99,43,307,-0.0063282521441578865
6,100,43,320,-0.01255385484546423
6,101,43,404,-0.014495152048766613
6,102,43,315,-0.01247821282595396
6,103,43,268,-0.01004822552204132
6,104,43,271,-0.008627557195723057
6,105,43,272,-0.006705412641167641
6,106,43,325,-0.007031735964119434
6,107,43,319,-0.012251393869519234
6,108,43,403,-0.012763570062816143
6,109,43,316,-0.007712620310485363
6,110,43,312,-0.009808595292270184
6,111,43,311,-0.008559959940612316
6,112,43,310,-0.007050896994769573
6,113,43,415,-0.00454544834792614
6,114,43,308,-0.00284443493001163
6,115,43,324,-0.006164197344332933
6,116,43,318,-0.011641440913081169
6,117,43,402,-0.015873782336711884
6,118,43,317,-0.006160474382340908
7,8,106,182,-0.002714848145842552
7,9,106,83,-0.009357962757349014
7,10,106,18,-0.015640350058674812
7,11,106,200,-0.013127989135682583
7,12,106,201,-0.008775471709668636
7,13,106,194,-0.0035200088750571012
7,14,106,204,0.00014533469220623374
7,15,106,202,-0.001487781060859561
7,16,106,212,-0.0032956067007035017
7,17,106,216,-0.004195623565465212
7,18,106,206,-0.00482658576220274
7,19,106,203,-0.003812366398051381
7,20,106,207,-0.004889652598649263
7,21,106,205,-0.006482559721916914
7,22,106,98,0.0013929283013567328
7,23,106,97,-0.0001270395441679284
7,24,106,393,-0.0035509918816387653
7,25,106,391,-0.000598395592533052
7,26,106,322,-0.0010438021272420883
7,27,106,410,-0.0005556459072977304
7,28,106,287,-0.0003998993197456002
7,29,106,273,-0.002463220851495862
7,30,106,335,-0.006235817447304726
7,31,106,406,-0.00978532899171114
7,32,106,313,-0.012607120908796787
7,33,106,421,-0.009889251552522182
7,34,106,418,-0.006304864306002855
7,35,106,424,-0.003072430845350027
7,36,106,422,-0.0006314858328551054
7,37,106,432,0.0011571769136935472
7,38,106,436,0.0011911919573321939
7,39,106,426,0.0012728058500215411
7,40,106,423,0.0010285465978085995
7,41,106,427,0.002808064455166459
7,42,106,425,0.002251245314255357
7,43,106,327,0.00037044682539999485
7,44,106,326,-0.0019130755681544542
7,45,106,0,0.004464337136596441
7,46,106,37,-0.004690111149102449
7,47,106,39,-0.002860786160454154
7,48,106,40,-0.0002679939498193562
7,49,106,185,-0.001378880231641233
7,50,106,61,-0.001466728514060378
7,51,106,146,-0.0003925567725673318
7,52,106,91,-0.004442646633833647
7,53,106,181,-0.009339007548987865
7,54,106,84,-0.013476235792040825
7,55,106,17,-0.005447180476039648
7,56,106,11,0.004194744396954775
7,57,106,72,-0.005305114667862654
7,58,106,73,-0.003625325160101056
7,59,106,74,-0.0013383151963353157
7,60,106,184,-0.0004970618174411356
7,61,106,77,0.0005229979287832975
7,62,106,90,-0.004454854875802994
7,63,106,180,-0.009309032000601292
7,64,106,85,-0.013808652758598328
7,65,106,16,-0.0018042903393507004
7,66,106,12,0.003803792642429471
7,67,106,38,-0.006043714936822653
7,68,106,41,-0.003751107258722186
7,69,106,42,-0.002069005975499749
7,70,106,96,-0.0022572996094822884
7,71,106,89,-0.006047613453119993
7,72,106,179,-0.01016879640519619
7,73,106,86,-0.014221536926925182
7,74,106,15,-0.005956829525530338
7,75,106,13,0.004201918840408325
7,76,106,82,-0.005150505807250738
7,77,106,81,-0.003958149813115597
7,78,106,80,-0.0020248685032129288
7,79,106,191,-0.0002663509512785822
7,80,106,78,-0.000553811842110008
7,81,106,95,-0.002775375032797456
7,82,106,88,-0.005816464312374592
7,83,106,178,-0.010281958617269993
7,84,106,87,-0.014309662394225597
7,85,106,14,-0.020267684012651443
7,86,106,267,0.010298329405486584
7,87,106,269,-0.00663836719468236
7,88,106,270,-0.00448848120868206
7,89,106,409,-0.0027365493588149548
7,90,106,291,-0.001067601959221065
7,91,106,375,-0.005104938987642527
7,92,106,321,-0.00012919360597152263
7,93,106,405,-0.014334403909742832
7,94,106,314,-0.021242480725049973
7,95,106,302,0.012670212425291538
7,96,106,303,-0.009694038890302181
7,97,106,304,-0.005699124187231064
7,98,106,408,-0.0032562974374741316
7,99,106,307,-0.0059690834023058414
7,100,106,320,-0.010964011773467064
7,101,106,404,-0.017168283462524414
7,102,106,315,-0.019802777096629143
7,103,106,268,-0.0068151745945215225
7,104,106,271,-0.006957231089472771
7,105,106,272,-0.005171880125999451
7,106,106,325,-0.0064590852707624435
7,107,106,319,-0.011703846044838428
7,108,106,403,-0.012863937765359879
7,109,106,316,-0.01633300818502903
7,110,106,312,-0.007384974043816328
7,111,106,311,-0.007264913059771061
7,112,106,310,-0.005143103655427694
7,113,106,415,-0.0037575028836727142
7,114,106,308,-0.0007003911887295544
7,115,106,324,-0.005156291648745537
7,116,106,318,-0.011849534697830677
7,117,106,402,-0.015957802534103394
7,118,106,317,-0.006250536534935236
8,9,182,83,-0.005439254455268383
8,10,182,18,-0.012159728445112705
8,11,182,200,-0.010446731932461262
8,12,182,201,-0.004760766867548227
8,13,182,194,-6.168954860186204e-05
8,14,182,204,-0.002400422003120184
8,15,182,202,-0.003999209497123957
8,16,182,212,-0.006463564932346344
8,17,182,216,-0.00713098281994462
8,18,182,206,-0.00790218822658062
8,19,182,203,-0.006907563656568527
8,20,182,207,-0.0071573941968381405
8,21,182,205,-0.009201593697071075
8,22,182,98,-0.0014739972539246082
8,23,182,97,0.002291783457621932
8,24,182,393,-0.0007718622218817472
8,25,182,391,0.0008708378882147372
8,26,182,322,0.0010668877512216568
8,27,182,410,0.0009784149006009102
8,28,182,287,0.00033273090957663953
8,29,182,273,-0.0006319883977994323
8,30,182,335,-0.0038048196583986282
8,31,182,406,-0.007406064309179783
8,32,182,313,-0.009558913297951221
8,33,182,421,-0.008086045272648335
8,34,182,418,-0.0028946262318640947
8,35,182,424,-0.0014085867442190647
8,36,182,422,0.0010220467811450362
8,37,182,432,0.002476631896570325
8,38,182,436,0.0023431694135069847
8,39,182,426,0.002252696780487895
8,40,182,423,0.0031677773222327232
8,41,182,427,0.004378609824925661
8,42,182,425,0.003459576051682234
8,43,182,327,0.0015143161872401834
8,44,182,326,0.0005302573554217815
8,45,182,0,-0.005183315835893154
8,46,182,37,-0.0023275883868336678
8,47,182,39,-1.639776564843487e-05
8,48,182,40,-0.002442356664687395
8,49,182,185,-0.0035930739250034094
8,50,182,61,-0.003641510382294655
8,51,182,146,-0.0022454317659139633
8,52,182,91,0.0006951302639208734
8,53,182,181,-0.00743674673140049
8,54,182,84,-0.012855563312768936
8,55,182,17,-0.020482109859585762
8,56,182,11,0.00038405071245506406
8,57,182,72,-0.0029556038789451122
8,58,182,73,-0.0017567923059687018
8,59,182,74,-0.0005737565224990249
8,60,182,184,-0.0030166534706950188
8,61,182,77,-0.0014117236714810133
8,62,182,90,0.0021038034465163946
8,63,182,180,-0.008034729398787022
8,64,182,85,-0.012975300662219524
8,65,182,16,-0.006718835327774286
8,66,182,12,0.004384848289191723
8,67,182,38,-0.0040678768418729305
8,68,182,41,-0.001136141479946673
8,69,182,42,0.0008430640446022153
8,70,182,96,-0.00035940451198257506
8,71,182,89,0.002135481219738722
8,72,182,179,-0.007652714382857084
8,73,182,86,-0.012106155976653099
8,74,182,15,-0.013854311779141426
8,75,182,13,0.006706650834530592
8,76,182,82,-0.003333813976496458
8,77,182,81,-0.0013557913480326533
8,78,182,80,5.6520973885199055e-05
8,79,182,191,-0.0018772593466565013
8,80,182,78,-0.0009688292630016804
8,81,182,95,0.0005338688497431576
8,82,182,88,0.00042243493953719735
8,83,182,178,-0.007460224442183971
8,84,182,87,-0.011425572447478771
8,85,182,14,-0.01563294790685177
8,86,182,267,0.010621830821037292
8,87,182,269,-0.004357300233095884
8,88,182,270,-0.0010660093976184726
8,89,182,409,-0.0006766582373529673
8,90,182,291,0.0006041794549673796
8,91,182,375,-0.0027648145332932472
8,92,182,321,0.0018424245063215494
8,93,182,405,-0.013230361044406891
8,94,182,314,-0.018610885366797447
8,95,182,302,0.011263856664299965
8,96,182,303,-0.005547622684389353
8,97,182,304,-0.003321634838357568
8,98,182,408,-0.0010686705354601145
8,99,182,307,-0.0035217651166021824
8,100,182,320,-0.008276646956801414
8,101,182,404,-0.014460419304668903
8,102,182,315,0.0039667412638664246
8,103,182,268,-0.0032307999208569527
8,104,182,271,-0.004560194443911314
8,105,182,272,-0.002920004539191723
8,106,182,325,-0.004062459338456392
8,107,182,319,-0.008497548289597034
8,108,182,403,-0.014317385852336884
8,109,182,316,-0.017009682953357697
8,110,182,312,-0.0048469603061676025
8,111,182,311,-0.004630097653716803
8,112,182,310,-0.0038788917008787394
8,113,182,415,-0.0012087180512025952
8,114,182,308,-0.00010581995593383908
8,115,182,324,-0.0038093712646514177
8,116,182,318,-0.007266446482390165
8,117,182,402,-0.012241761200129986
8,118,182,317,-0.01564718410372734
9,10,83,18,-0.007255550939589739
9,11,83,200,-0.004836547188460827
9,12,83,201,-0.0007054692250676453
9,13,83,194,-0.0035930033773183823
9,14,83,204,-0.006378445774316788
9,15,83,202,-0.008680869825184345
9,16,83,212,-0.009907711297273636
9,17,83,216,-0.01085157971829176
9,18,83,206,-0.010073970071971416
9,19,83,203,-0.009510892443358898
9,20,83,207,-0.011193334124982357
9,21,83,205,-0.01295603346079588
9,22,83,98,-0.008378577418625355
9,23,83,97,0.00020316433801781386
9,24,83,393,0.0023531101178377867
9,25,83,391,0.004157959949225187
9,26,83,322,0.004022609442472458
9,27,83,410,0.002623456995934248
9,28,83,287,0.0024360893294215202
9,29,83,273,7.618938252562657e-05
9,30,83,335,-0.0014795856550335884
9,31,83,406,-0.004137860145419836
9,32,83,313,-0.006549348123371601
9,33,83,421,-0.004437810741364956
9,34,83,418,-0.000724442710634321
9,35,83,424,0.0016621298855170608
9,36,83,422,0.003283984027802944
9,37,83,432,0.005422548856586218
9,38,83,436,0.005823801271617413
9,39,83,426,0.00615322683006525
9,40,83,423,0.0067644002847373486
9,41,83,427,0.007867266424000263
9,42,83,425,0.007564133498817682
9,43,83,327,0.0053619625978171825
9,44,83,326,0.003773791715502739
9,45,83,0,-0.001450802432373166
9,46,83,37,0.00021673137962352484
9,47,83,39,-0.003599418792873621
9,48,83,40,-0.007112998049706221
9,49,83,185,-0.0077668484300374985
9,50,83,61,-0.008586665615439415
9,51,83,146,-0.006763101555407047
9,52,83,91,-0.0025517309550195932
9,53,83,181,0.0020379768684506416
9,54,83,84,-0.0036325622349977493
9,55,83,17,-0.011992691084742546
9,56,83,11,-0.002059393562376499
9,57,83,72,0.0013101022923365235
9,58,83,73,-0.0034465286880731583
9,59,83,74,-0.005223656073212624
9,60,83,184,-0.007862064056098461
9,61,83,77,-0.006051728036254644
9,62,83,90,-0.0012785695726051927
9,63,83,180,0.002743035787716508
9,64,83,85,-0.0039045345038175583
9,65,83,16,-0.012428827583789825
9,66,83,12,-0.002501008566468954
9,67,83,38,0.0014211534289643168
9,68,83,41,-0.003507437650114298
9,69,83,42,-0.005322224460542202
9,70,83,96,-0.005589224398136139
9,71,83,89,-0.0009804738219827414
9,72,83,179,0.0035063361283391714
9,73,83,86,-0.005514525808393955
9,74,83,15,-0.014525060541927814
9,75,83,13,-0.0023066047579050064
9,76,83,82,0.0005635909619741142
9,77,83,81,-0.0020933777559548616
9,78,83,80,-0.005049445666372776
9,79,83,191,-0.006339706480503082
9,80,83,78,-0.006058434024453163
9,81,83,95,-0.003163140732795
9,82,83,88,-0.0005325211095623672
9,83,83,178,0.00367144076153636
9,84,83,87,-0.005185041576623917
9,85,83,14,-0.011729761026799679
9,86,83,267,-0.001062434515915811
9,87,83,269,-0.00019742161384783685
9,88,83,270,0.00036196515429764986
9,89,83,409,0.00011191894736839458
9,90,83,291,0.0011516765225678682
9,91,83,375,-0.002334501128643751
9,92,83,321,-0.004724088590592146
9,93,83,405,-0.011840051971375942
9,94,83,314,-0.014418702572584152
9,95,83,302,-0.0012593469582498074
9,96,83,303,-0.0006692803581245244
9,97,83,304,-0.00043844160973094404
9,98,83,408,9.187552495859563e-05
9,99,83,307,-0.0025950607378035784
9,100,83,320,-0.004993002396076918
9,101,83,404,-0.011985373683273792
9,102,83,315,-0.014983286149799824
9,103,83,268,-0.0018667883705347776
9,104,83,271,-0.0013473546132445335
9,105,83,272,-0.0010969602735713124
9,106,83,325,-0.0034509683027863503
9,107,83,319,-0.005962258670479059
9,108,83,403,-0.010902456939220428
9,109,83,316,-0.013563253916800022
9,110,83,312,-0.0015088525833562016
9,111,83,311,-0.002576600993052125
9,112,83,310,-0.0006148096290417016
9,113,83,415,-0.0001320297014899552
9,114,83,308,-0.0006748957093805075
9,115,83,324,-0.0025784610770642757
9,116,83,318,-0.004763130564242601
9,117,83,402,-0.009136106818914413
9,118,83,317,-0.012052482925355434
10,11,18,200,0.0006333414348773658
10,12,18,201,-0.005579585675150156
10,13,18,194,-0.011596891097724438
10,14,18,204,-0.01424030214548111
10,15,18,202,-0.013689344748854637
10,16,18,212,-0.014089525677263737
10,17,18,216,-0.01565089263021946
10,18,18,206,-0.016642814502120018
10,19,18,203,-0.017696617171168327
10,20,18,207,-0.015790417790412903
10,21,18,205,-0.016629252582788467
10,22,18,98,-0.013677377253770828
10,23,18,97,-0.012613298371434212
10,24,18,393,0.008754512295126915
10,25,18,391,0.010816665366292
10,26,18,322,0.008657960221171379
10,27,18,410,0.007557414006441832
10,28,18,287,0.007546835578978062
10,29,18,273,0.0033517740666866302
10,30,18,335,0.0013547209091484547
10,31,18,406,-0.00022021074255462736
10,32,18,313,-0.0005353285232558846
10,33,18,421,0.0010754389222711325
10,34,18,418,0.003664774587377906
10,35,18,424,0.005292841698974371
10,36,18,422,0.008184386417269707
10,37,18,432,0.011412822641432285
10,38,18,436,0.012088015675544739
10,39,18,426,0.012031751684844494
10,40,18,423,0.012465373612940311
10,41,18,427,0.013095777481794357
10,42,18,425,0.012177705764770508
10,43,18,327,0.010759781114757061
10,44,18,326,0.011529768817126751
10,45,18,0,-0.0015627857064828277
10,46,18,37,-0.006057815160602331
10,47,18,39,-0.008990666829049587
10,48,18,40,-0.01049224752932787
10,49,18,185,-0.011340032331645489
10,50,18,61,-0.009455913677811623
10,51,18,146,-0.008721909485757351
10,52,18,91,-0.005202412139624357
10,53,18,181,-0.00017819581262301654
10,54,18,84,0.001211264869198203
10,55,18,17,-0.0011296181473881006
10,56,18,11,-0.0010492721339687705
10,57,18,72,-0.006476348731666803
10,58,18,73,-0.01032430399209261
10,59,18,74,-0.010648687370121479
10,60,18,184,-0.011070710606873035
10,61,18,77,-0.00816274993121624
10,62,18,90,-0.005212139338254929
10,63,18,180,-0.0007580262026749551
10,64,18,85,0.00221333303488791
10,65,18,16,-0.0015778078231960535
10,66,18,12,-0.0008947859168983996
10,67,18,38,-0.0061830440536141396
10,68,18,41,-0.01058355625718832
10,69,18,42,-0.010517444461584091
10,70,18,96,-0.008187839761376381
10,71,18,89,-0.0066011822782456875
10,72,18,179,-0.0016366912750527263
10,73,18,86,0.0017367411637678742
10,74,18,15,-0.00021072958770673722
10,75,18,13,-0.0016573794418945909
10,76,18,82,-0.006933586206287146
10,77,18,81,-0.009894104674458504
10,78,18,80,-0.009749813936650753
10,79,18,191,-0.010092967189848423
10,80,18,78,-0.009267706423997879
10,81,18,95,-0.0077553256414830685
10,82,18,88,-0.005598429124802351
10,83,18,178,-0.002493620151653886
10,84,18,87,0.0001248450280399993
10,85,18,14,-0.00032893495517782867
10,86,18,267,0.003429487580433488
10,87,18,269,0.0035884478129446507
10,88,18,270,0.0028178959619253874
10,89,18,409,0.003632711246609688
10,90,18,291,0.004093727562576532
10,91,18,375,-0.0031781625002622604
10,92,18,321,-0.006654553581029177
10,93,18,405,-0.008513311855494976
10,94,18,314,-0.008408479392528534
10,95,18,302,0.002868105424568057
10,96,18,303,0.002794344676658511
10,97,18,304,0.0025735809467732906
10,98,18,408,0.0023449286818504333
10,99,18,307,-0.003416258143261075
10,100,18,320,-0.005867706146091223
10,101,18,404,-0.00879775919020176
10,102,18,315,-0.008704464882612228
10,103,18,268,0.0017559835687279701
10,104,18,271,0.0022215277422219515
10,105,18,272,0.002501521958038211
10,106,18,325,-0.0014196739066392183
10,107,18,319,-0.0035325768403708935
10,108,18,403,-0.007058562245219946
10,109,18,316,-0.007453778758645058
10,110,18,312,0.002733903471380472
10,111,18,311,0.002793464809656143
10,112,18,310,0.003980722278356552
10,113,18,415,0.0021718929056078196
10,114,18,308,0.0043294671922922134
10,115,18,324,1.3522510926122777e-05
10,116,18,318,-0.0020310122054070234
10,117,18,402,-0.004914106801152229
10,118,18,317,-0.006125671323388815
11,12,200,201,-0.006239412352442741
11,13,200,194,-0.011441148817539215
11,14,200,204,-0.012923979200422764
11,15,200,202,-0.012629741802811623
11,16,200,212,-0.013740834780037403
11,17,200,216,-0.015283610671758652
11,18,200,206,-0.01369427889585495
11,19,200,203,-0.013839537277817726
11,20,200,207,-0.01416037417948246
11,21,200,205,-0.015221383422613144
11,22,200,98,-0.011995413340628147
11,23,200,97,-0.012165351770818233
11,24,200,393,0.005681643262505531
11,25,200,391,0.008430380374193192
11,26,200,322,0.007885964587330818
11,27,200,410,0.0062053147703409195
11,28,200,287,0.00568720418959856
11,29,200,273,0.000879656698089093
11,30,200,335,0.00024443870643153787
11,31,200,406,-0.0013887680834159255
11,32,200,313,-0.0015804347349330783
11,33,200,421,0.0006322035333141685
11,34,200,418,0.0023690233938395977
11,35,200,424,0.004335868638008833
11,36,200,422,0.006647099275141954
11,37,200,432,0.008543920703232288
11,38,200,436,0.010059187188744545
11,39,200,426,0.013205946423113346
11,40,200,423,0.010476997122168541
11,41,200,427,0.011475494131445885
11,42,200,425,0.011611818335950375
11,43,200,327,0.008716296404600143
11,44,200,326,0.007186467759311199
11,45,200,0,-0.0017132168868556619
11,46,200,37,-0.0053865364752709866
11,47,200,39,-0.006517200265079737
11,48,200,40,-0.007176707498729229
11,49,200,185,-0.008717728778719902
11,50,200,61,-0.008130695670843124
11,51,200,146,-0.006816131062805653
11,52,200,91,-0.00254847202450037
11,53,200,181,-2.598158062028233e-05
11,54,200,84,0.001882776035927236
11,55,200,17,-3.237316195736639e-05
11,56,200,11,-0.0011867331340909004
11,57,200,72,-0.0055411215871572495
11,58,200,73,-0.006929978262633085
11,59,200,74,-0.007888125255703926
11,60,200,184,-0.008063267916440964
11,61,200,77,-0.0065910229459404945
11,62,200,90,-0.0031046068761497736
11,63,200,180,-0.00030792661709710956
11,64,200,85,0.0018843678990378976
11,65,200,16,-0.00014149592607282102
11,66,200,12,-0.001565094804391265
11,67,200,38,-0.005285643972456455
11,68,200,41,-0.008603347465395927
11,69,200,42,-0.008124131709337234
11,70,200,96,-0.006288850214332342
11,71,200,89,-0.003760431194677949
11,72,200,179,-0.0003173230215907097
11,73,200,86,0.0019063426880165935
11,74,200,15,-0.00021841400302946568
11,75,200,13,-0.0016523486701771617
11,76,200,82,-0.005858981516212225
11,77,200,81,-0.007327893748879433
11,78,200,80,-0.00816876906901598
11,79,200,191,-0.008303881622850895
11,80,200,78,-0.007459145039319992
11,81,200,95,-0.005871685221791267
11,82,200,88,-0.004288832191377878
11,83,200,178,-0.0007084239041432738
11,84,200,87,0.0013382132165133953
11,85,200,14,-0.00028398854192346334
11,86,200,267,0.0030344785191118717
11,87,200,269,0.0023763873614370823
11,88,200,270,0.0018147426890209317
11,89,200,409,-0.0005354213062673807
11,90,200,291,-0.0003686490235850215
11,91,200,375,-0.004289869684726
11,92,200,321,-0.006560285110026598
11,93,200,405,-0.010750710032880306
11,94,200,314,-0.009517217054963112
11,95,200,302,0.0021419376134872437
11,96,200,303,0.0018852474167943
11,97,200,304,0.0012235757894814014
11,98,200,408,0.0006525438511744142
11,99,200,307,-0.005502463784068823
11,100,200,320,-0.0071250926703214645
11,101,200,404,-0.011383002623915672
11,102,200,315,-0.00985395535826683
11,103,200,268,0.0006646675756201148
11,104,200,271,0.0010214534122496843
11,105,200,272,0.0013549813302233815
11,106,200,325,-0.001605658675543964
11,107,200,319,-0.005820669233798981
11,108,200,403,-0.007085311692208052
11,109,200,316,-0.008681450970470905
11,110,200,312,0.0013340619625523686
11,111,200,311,0.0014955565566197038
11,112,200,310,0.0022660091053694487
11,113,200,415,0.0016898567555472255
11,114,200,308,0.0026232122909277678
11,115,200,324,-2.558512096584309e-05
11,116,200,318,-0.0034120860509574413
11,117,200,402,-0.0065439497120678425
11,118,200,317,-0.0070562888868153095
12,13,201,194,-0.005636054091155529
12,14,201,204,-0.007440606597810984
12,15,201,202,-0.008280827663838863
12,16,201,212,-0.008906842209398746
12,17,201,216,-0.01066315546631813
12,18,201,206,-0.010597702115774155
12,19,201,203,-0.01142809446901083
12,20,201,207,-0.010144472122192383
12,21,201,205,-0.013509129174053669
12,22,201,98,-0.007749432697892189
12,23,201,97,0.006176387891173363
12,24,201,393,0.00116575020365417
12,25,201,391,0.004080698825418949
12,26,201,322,0.003222476691007614
12,27,201,410,0.0022610656451433897
12,28,201,287,0.0010478721233084798
12,29,201,273,-0.000239058630540967
12,30,201,335,-0.002491046441718936
12,31,201,406,-0.005189088638871908
12,32,201,313,-0.007469857111573219
12,33,201,421,-0.004163085483014584
12,34,201,418,-0.000508953642565757
12,35,201,424,0.0004230817430652678
12,36,201,422,0.0021617086604237556
12,37,201,432,0.004510823171585798
12,38,201,436,0.006249335128813982
12,39,201,426,0.006258777808398008
12,40,201,423,0.006853458937257528
12,41,201,427,0.007774462923407555
12,42,201,425,0.007600696291774511
12,43,201,327,0.005038638599216938
12,44,201,326,0.0035809846594929695
12,45,201,0,-0.0026473181787878275
12,46,201,37,0.000501558359246701
12,47,201,39,-0.0031406928319483995
12,48,201,40,-0.006595549173653126
12,49,201,185,-0.0075157093815505505
12,50,201,61,-0.006896881852298975
12,51,201,146,-0.004633789882063866
12,52,201,91,-0.0007211128249764442
12,53,201,181,0.0017783887451514602
12,54,201,84,-0.003551466390490532
12,55,201,17,-0.012825468555092812
12,56,201,11,-0.003651340026408434
12,57,201,72,0.0001777452853275463
12,58,201,73,-0.0036422896664589643
12,59,201,74,-0.005674376152455807
12,60,201,184,-0.006996847223490477
12,61,201,77,-0.004515260457992554
12,62,201,90,-0.00013303830928634852
12,63,201,180,0.0033869706094264984
12,64,201,85,-0.003322495147585869
12,65,201,16,-0.012838257476687431
12,66,201,12,-0.002663028659299016
12,67,201,38,-0.000355237047187984
12,68,201,41,-0.002966957399621606
12,69,201,42,-0.004097332712262869
12,70,201,96,-0.004413386341184378
12,71,201,89,0.0002066975721390918
12,72,201,179,0.0026271017268300056
12,73,201,86,-0.006896262057125568
12,74,201,15,-0.010147711262106895
12,75,201,13,-0.0024519022554159164
12,76,201,82,-0.0009128538658842444
12,77,201,81,-0.0006034475518390536
12,78,201,80,-0.004255787935107946
12,79,201,191,-0.005905350670218468
12,80,201,78,-0.0076478952541947365
12,81,201,95,-0.003398869652301073
12,82,201,88,-0.0005453352350741625
12,83,201,178,0.0010676556266844273
12,84,201,87,-0.005959542468190193
12,85,201,14,-0.009520036168396473
12,86,201,267,0.01012344192713499
12,87,201,269,0.014522694051265717
12,88,201,270,-0.00093143864069134
12,89,201,409,-0.00043952008127234876
12,90,201,291,8.676934521645308e-05
12,91,201,375,-0.002058478770777583
12,92,201,321,-0.005744569469243288
12,93,201,405,-0.012005019932985306
12,94,201,314,-0.013830306008458138
12,95,201,302,-0.002730848966166377
12,96,201,303,-0.0016768204513937235
12,97,201,304,-0.0014117177342996001
12,98,201,408,-0.000518309127073735
12,99,201,307,-0.00403875857591629
12,100,201,320,-0.006870368495583534
12,101,201,404,-0.011533426120877266
12,102,201,315,-0.014576324261724949
12,103,201,268,-0.0022940963972359896
12,104,201,271,-0.0028403366450220346
12,105,201,272,-0.0025375750847160816
12,106,201,325,-0.004853155929595232
12,107,201,319,-0.007932891137897968
12,108,201,403,-0.01042158156633377
12,109,201,316,-0.013126889243721962
12,110,201,312,-0.00223260885104537
12,111,201,311,-0.002120350021868944
12,112,201,310,-0.0019082435173913836
12,113,201,415,-0.000899425707757473
12,114,201,308,-0.0009200896602123976
12,115,201,324,-0.0031890070531517267
12,116,201,318,-0.0051360600627958775
12,117,201,402,-0.009380933828651905
12,118,201,317,-0.011594302952289581
13,14,194,204,-0.002471453510224819
13,15,194,202,-0.0040947687812149525
13,16,194,212,-0.003977918531745672
13,17,194,216,-0.006162962876260281
13,18,194,206,-0.00691076647490263
13,19,194,203,-0.005463119596242905
13,20,194,207,-0.0053967745043337345
13,21,194,205,-0.010340169072151184
13,22,194,98,0.0038082997780293226
13,23,194,97,0.001603066106326878
13,24,194,393,-0.0021875917445868254
13,25,194,391,-0.0005240734899416566
13,26,194,322,0.0006757049122825265
13,27,194,410,0.0007376266294158995
13,28,194,287,0.0005767759284935892
13,29,194,273,-0.0033450645860284567
13,30,194,335,-0.005776703357696533
13,31,194,406,-0.009449901059269905
13,32,194,313,-0.011229833588004112
13,33,194,421,-0.009408596903085709
13,34,194,418,-0.004694988485425711
13,35,194,424,-0.0017384830862283707
13,36,194,422,0.00015733572945464402
13,37,194,432,0.0012592710554599762
13,38,194,436,0.0014483865816146135
13,39,194,426,0.0019706417806446552
13,40,194,423,0.002060063648968935
13,41,194,427,0.0036481451243162155
13,42,194,425,0.003648519515991211
13,43,194,327,0.001572484732605517
13,44,194,326,6.899135041749105e-05
13,45,194,0,-0.005781032145023346
13,46,194,37,-0.0014201996382325888
13,47,194,39,-0.0001157381193479523
13,48,194,40,-0.0020903469994664192
13,49,194,185,-0.0037770008202642202
13,50,194,61,-0.003904859535396099
13,51,194,146,-0.001685543917119503
13,52,194,91,0.0008130714413709939
13,53,194,181,-0.00551813468337059
13,54,194,84,-0.011185966432094574
13,55,194,17,-0.016006041318178177
13,56,194,11,-0.006167293060570955
13,57,194,72,-0.0035836680326610804
13,58,194,73,-0.0012376634404063225
13,59,194,74,0.0007383873453363776
13,60,194,184,-0.003481281688436866
13,61,194,77,-0.000559090287424624
13,62,194,90,0.0002594759571366012
13,63,194,180,-0.007773888763040304
13,64,194,85,-0.011349625885486603
13,65,194,16,-0.010550232604146004
13,66,194,12,-0.0013145213015377522
13,67,194,38,-0.0038465356919914484
13,68,194,41,-0.0008887316798791289
13,69,194,42,0.00037385683390311897
13,70,194,96,-0.0015275011537596583
13,71,194,89,-0.0032053396571427584
13,72,194,179,-0.007005590945482254
13,73,194,86,-0.010959110222756863
13,74,194,15,-0.01251867227256298
13,75,194,13,-0.006047180853784084
13,76,194,82,-0.003781720530241728
13,77,194,81,-0.0013740048743784428
13,78,194,80,-0.0006979309837333858
13,79,194,191,-0.0008560452843084931
13,80,194,78,-0.0016824302729219198
13,81,194,95,0.00010334458784200251
13,82,194,88,-0.0035470870789140463
13,83,194,178,-0.007497367449104786
13,84,194,87,-0.010082856751978397
13,85,194,14,-0.013538430444896221
13,86,194,267,1.8317094145459123e-05
13,87,194,269,-0.003786383429542184
13,88,194,270,-0.003631528466939926
13,89,194,409,-0.001557733747176826
13,90,194,291,-0.0013322370359674096
13,91,194,375,-0.004601276945322752
13,92,194,321,-0.009255594573915005
13,93,194,405,-0.013816564343869686
13,94,194,314,-0.016515061259269714
13,95,194,302,-0.005597457755357027
13,96,194,303,-0.00522691011428833
13,97,194,304,-0.0038038287311792374
13,98,194,408,-0.002568418625742197
13,99,194,307,-0.00563224870711565
13,100,194,320,-0.00947584118694067
13,101,194,404,-0.013953905552625656
13,102,194,315,-0.0172630213201046
13,103,194,268,-0.005684267729520798
13,104,194,271,-0.005102688446640968
13,105,194,272,-0.004392772912979126
13,106,194,325,-0.006306186318397522
13,107,194,319,-0.009251752868294716
13,108,194,403,-0.013452171348035336
13,109,194,316,-0.016165059059858322
13,110,194,312,-0.005565036553889513
13,111,194,311,-0.005366142839193344
13,112,194,310,-0.005071999970823526
13,113,194,415,-0.0034425791818648577
13,114,194,308,-0.0017159698763862252
13,115,194,324,-0.004812830593436956
13,116,194,318,-0.008176279254257679
13,117,194,402,-0.012194301001727581
13,118,194,317,-0.015735624358057976
14,15,204,202,-0.0016040368936955929
14,16,204,212,-0.0026225268375128508
14,17,204,216,-0.00300749228335917
14,18,204,206,-0.003528952831402421
14,19,204,203,0.003955898806452751
14,20,204,207,-0.0031938226893544197
14,21,204,205,-0.006617764942348003
14,22,204,98,0.0018792729824781418
14,23,204,97,-0.00019982265075668693
14,24,204,393,-0.004460733849555254
14,25,204,391,-0.0024796337820589542
14,26,204,322,-0.0017664636252447963
14,27,204,410,-0.0006898469291627407
14,28,204,287,-0.00215390557423234
14,29,204,273,-0.005266559775918722
14,30,204,335,-0.007582240737974644
14,31,204,406,-0.011987382546067238
14,32,204,313,-0.013994201086461544
14,33,204,421,-0.011274569667875767
14,34,204,418,-0.006909782532602549
14,35,204,424,-0.004109861794859171
14,36,204,422,-0.001640771166421473
14,37,204,432,5.76480379095301e-05
14,38,204,436,0.00025557228946127
14,39,204,426,0.00010565193224465474
14,40,204,423,3.562407800927758e-05
14,41,204,427,0.0016382781323045492
14,42,204,425,0.000614992983173579
14,43,204,327,-0.0006788146565668285
14,44,204,326,-0.0023239529691636562
14,45,204,0,-0.008430293761193752
14,46,204,37,-0.004703259561210871
14,47,204,39,-0.00214445311576128
14,48,204,40,-0.0007346958154812455
14,49,204,185,0.0011488932650536299
14,50,204,61,0.0007254736265167594
14,51,204,146,-0.0008639686275273561
14,52,204,91,-0.005501973908394575
14,53,204,181,-0.007410119287669659
14,54,204,84,-0.014111251570284367
14,55,204,17,-0.018287036567926407
14,56,204,11,-0.009275924414396286
14,57,204,72,-0.005451304838061333
14,58,204,73,-0.0021793947089463472
14,59,204,74,-0.0014428303111344576
14,60,204,184,0.0004017806495539844
14,61,204,77,-0.0013963466044515371
14,62,204,90,-0.005657376255840063
14,63,204,180,-0.009094737470149994
14,64,204,85,-0.014070103876292706
14,65,204,16,-0.01857287995517254
14,66,204,12,-0.009912722744047642
14,67,204,38,-0.006233881693333387
14,68,204,41,-0.00429185526445508
14,69,204,42,-0.00163354747928679
14,70,204,96,-0.0022468555252999067
14,71,204,89,-0.006886219140142202
14,72,204,179,-0.009400998242199421
14,73,204,86,-0.01391421165317297
14,74,204,15,-0.007123830262571573
14,75,204,13,-0.009485160000622272
14,76,204,82,-0.005822562612593174
14,77,204,81,-0.004371494520455599
14,78,204,80,-0.0016997057246044278
14,79,204,191,-6.573653809027746e-05
14,80,204,78,-5.25660470884759e-05
14,81,204,95,-0.0027313153259456158
14,82,204,88,-0.006876017898321152
14,83,204,178,-0.009856486693024635
14,84,204,87,-0.013232765719294548
14,85,204,14,-0.01658777892589569
14,86,204,267,-0.007787350565195084
14,87,204,269,-0.006957061123102903
14,88,204,270,-0.006138782482594252
14,89,204,409,-0.003379175439476967
14,90,204,291,-0.004110593814402819
14,91,204,375,-0.00702336011454463
14,92,204,321,-0.012321379967033863
14,93,204,405,-0.015540700405836105
14,94,204,314,-0.018030574545264244
14,95,204,302,-0.009329677559435368
14,96,204,303,-0.007581627462059259
14,97,204,304,-0.006086223758757114
14,98,204,408,-0.004568607546389103
14,99,204,307,-0.008934641256928444
14,100,204,320,-0.012667042203247547
14,101,204,404,-0.017358871176838875
14,102,204,315,-0.017893074080348015
14,103,204,268,-0.008252134546637535
14,104,204,271,-0.008356504142284393
14,105,204,272,-0.006893177516758442
14,106,204,325,-0.009183076210319996
14,107,204,319,-0.012963463552296162
14,108,204,403,-0.015740040689706802
14,109,204,316,-0.017932511866092682
14,110,204,312,-0.00807410478591919
14,111,204,311,-0.007890221662819386
14,112,204,310,-0.007918900810182095
14,113,204,415,-0.0051987967453897
14,114,204,308,-0.004359706770628691
14,115,204,324,-0.008274820633232594
14,116,204,318,-0.011611889116466045
14,117,204,402,-0.014553025364875793
14,118,204,317,-0.017972545698285103
15,16,202,212,-0.0013976127374917269
15,17,202,216,-0.0014091673074290156
15,18,202,206,0.0018817826639860868
15,19,202,203,0.0015332044567912817
15,20,202,207,-0.0029011548031121492
15,21,202,205,-0.0034431780222803354
15,22,202,98,0.00033919719862751663
15,23,202,97,-0.0014264157507568598
15,24,202,393,-0.00448197964578867
15,25,202,391,-0.005158321000635624
15,26,202,322,-0.004115005023777485
15,27,202,410,-0.004075453616678715
15,28,202,287,-0.0037604414392262697
15,29,202,273,-0.008546426892280579
15,30,202,335,-0.009994054213166237
15,31,202,406,-0.012923680245876312
15,32,202,313,-0.01556377112865448
15,33,202,421,-0.013304664753377438
15,34,202,418,-0.00939133856445551
15,35,202,424,-0.0076288944110274315
15,36,202,422,-0.005083254538476467
15,37,202,432,-0.0018703672103583813
15,38,202,436,-0.0011509686009958386
15,39,202,426,-0.0012988242087885737
15,40,202,423,-0.0019569105934351683
15,41,202,427,9.146271622739732e-05
15,42,202,425,-1.393226284562843e-05
15,43,202,327,-0.000934156181756407
15,44,202,326,-0.003985727671533823
15,45,202,0,-0.011211073026061058
15,46,202,37,-0.0065714395605027676
15,47,202,39,-0.003352625295519829
15,48,202,40,-0.0015657704789191484
15,49,202,185,-0.00016163586406037211
15,50,202,61,0.000618505000602454
15,51,202,146,-0.0021879978012293577
15,52,202,91,-0.0062087345868349075
15,53,202,181,-0.011221377179026604
15,54,202,84,-0.01434982568025589
15,55,202,17,-0.020419364795088768
15,56,202,11,-0.011645515449345112
15,57,202,72,-0.0062252371571958065
15,58,202,73,-0.0034044364001601934
15,59,202,74,-0.0018098249565809965
15,60,202,184,-0.0005574329989030957
15,61,202,77,-0.0024655647575855255
15,62,202,90,-0.006977991666644812
15,63,202,180,-0.010923460125923157
15,64,202,85,-0.015485682524740696
15,65,202,16,-0.019845880568027496
15,66,202,12,-0.01173865795135498
15,67,202,38,-0.006974805146455765
15,68,202,41,-0.00392475351691246
15,69,202,42,-0.003034422639757395
15,70,202,96,-0.0035342667251825333
15,71,202,89,-0.006888334173709154
15,72,202,179,-0.011166268028318882
15,73,202,86,-0.015622545033693314
15,74,202,15,-0.0196249857544899
15,75,202,13,-0.0115766366943717
15,76,202,82,-0.006372825242578983
15,77,202,81,-0.005088500678539276
15,78,202,80,-0.003823170205578208
15,79,202,191,-0.0010528579587116838
15,80,202,78,-0.0014899065718054771
15,81,202,95,-0.004265413153916597
15,82,202,88,-0.007590914145112038
15,83,202,178,-0.010507186874747276
15,84,202,87,-0.013976897113025188
15,85,202,14,-0.019113317131996155
15,86,202,267,-0.009682445786893368
15,87,202,269,-0.008386901579797268
15,88,202,270,-0.0074556139297783375
15,89,202,409,-0.005751189775764942
15,90,202,291,-0.005461323540657759
15,91,202,375,-0.010560565628111362
15,92,202,321,-0.015516150742769241
15,93,202,405,-0.020413987338542938
15,94,202,314,-0.021785490214824677
15,95,202,302,-0.010066396556794643
15,96,202,303,-0.009188015945255756
15,97,202,304,-0.008569438010454178
15,98,202,408,-0.006581529509276152
15,99,202,307,-0.011029508896172047
15,100,202,320,-0.016682131215929985
15,101,202,404,-0.020910196006298065
15,102,202,315,-0.022550199180841446
15,103,202,268,-0.009874222800135612
15,104,202,271,-0.009318038821220398
15,105,202,272,-0.008663982152938843
15,106,202,325,-0.011425966396927834
15,107,202,319,-0.016049498692154884
15,108,202,403,-0.019343674182891846
15,109,202,316,-0.021137157455086708
15,110,202,312,-0.010823659598827362
15,111,202,311,-0.010028660297393799
15,112,202,310,-0.008674856275320053
15,113,202,415,-0.007139311637729406
15,114,202,308,-0.004569691605865955
15,115,202,324,-0.010761073790490627
15,116,202,318,-0.014522620476782322
15,117,202,402,-0.01749211549758911
15,118,202,317,-0.0198537465184927
16,17,212,216,0.0007077240734361112
16,18,212,206,0.0014443688560277224
16,19,212,203,0.0012829508632421494
16,20,212,207,-0.002276007551699877
16,21,212,205,0.00013533914170693606
16,22,212,98,-0.0013107707491144538
16,23,212,97,-0.004111928399652243
16,24,212,393,-0.008455789647996426
16,25,212,391,-0.00675298972055316
16,26,212,322,-0.005541400983929634
16,27,212,410,-0.005086382385343313
16,28,212,287,-0.004535520914942026
16,29,212,273,-0.01048330869525671
16,30,212,335,-0.011819534935057163
16,31,212,406,-0.013566704466938972
16,32,212,313,-0.015949999913573265
16,33,212,421,-0.013043612241744995
16,34,212,418,-0.010991276241838932
16,35,212,424,-0.0077719478867948055
16,36,212,422,-0.006071905605494976
16,37,212,432,-0.002552920253947377
16,38,212,436,-0.0024098961148411036
16,39,212,426,-0.0025717192329466343
16,40,212,423,-0.0024679452180862427
16,41,212,427,4.610175164998509e-05
16,42,212,425,-0.0006290345336310565
16,43,212,327,-0.0025433911941945553
16,44,212,326,-0.005802956875413656
16,45,212,0,-0.012723087333142757
16,46,212,37,-0.007680630311369896
16,47,212,39,-0.00509282574057579
16,48,212,40,-0.004209605976939201
16,49,212,185,-0.0012471519876271486
16,50,212,61,-0.0009416010580025613
16,51,212,146,-0.00339390616863966
16,52,212,91,-0.008538060821592808
16,53,212,181,-0.011743017472326756
16,54,212,84,-0.015363919548690319
16,55,212,17,-0.020384542644023895
16,56,212,11,-0.013375875540077686
16,57,212,72,-0.008241740055382252
16,58,212,73,-0.0051208678632974625
16,59,212,74,-0.00408328277990222
16,60,212,184,-0.001603215467184782
16,61,212,77,-0.003969285171478987
16,62,212,90,-0.00825921818614006
16,63,212,180,-0.012038545683026314
16,64,212,85,-0.015491414815187454
16,65,212,16,-0.02121792361140251
16,66,212,12,-0.013818436302244663
16,67,212,38,-0.007809710223227739
16,68,212,41,-0.005307911429554224
16,69,212,42,-0.004788502119481564
16,70,212,96,-0.004519297741353512
16,71,212,89,-0.008819947019219398
16,72,212,179,-0.012492485344409943
16,73,212,86,-0.01528100110590458
16,74,212,15,-0.020341824740171432
16,75,212,13,-0.013265810906887054
16,76,212,82,-0.008502586744725704
16,77,212,81,-0.006032818928360939
16,78,212,80,-0.005504235625267029
16,79,212,191,-0.003429657081142068
16,80,212,78,-0.003174405312165618
16,81,212,95,-0.005326764192432165
16,82,212,88,-0.00888009276241064
16,83,212,178,-0.011429591104388237
16,84,212,87,-0.014823603443801403
16,85,212,14,-0.019530801102519035
16,86,212,267,-0.011529234237968922
16,87,212,269,-0.009465203620493412
16,88,212,270,-0.009506385773420334
16,89,212,409,-0.007674623280763626
16,90,212,291,-0.005588777828961611
16,91,212,375,-0.013824841007590294
16,92,212,321,-0.0169565137475729
16,93,212,405,-0.02008882351219654
16,94,212,314,-0.021777786314487457
16,95,212,302,-0.011566413566470146
16,96,212,303,-0.010577145963907242
16,97,212,304,-0.009638957679271698
16,98,212,408,-0.008378291502594948
16,99,212,307,-0.014440408907830715
16,100,212,320,-0.01828414388000965
16,101,212,404,-0.022109927609562874
16,102,212,315,-0.02374601550400257
16,103,212,268,-0.012901674024760723
16,104,212,271,-0.011059830896556377
16,105,212,272,-0.011251149699091911
16,106,212,325,-0.012907137162983418
16,107,212,319,-0.01715708151459694
16,108,212,403,-0.021032677963376045
16,109,212,316,-0.021608686074614525
16,110,212,312,-0.013049939647316933
16,111,212,311,-0.010966894216835499
16,112,212,310,-0.009966929443180561
16,113,212,415,-0.007309368811547756
16,114,212,308,-0.004971423652023077
16,115,212,324,-0.012128535658121109
16,116,212,318,-0.015553034842014313
16,117,212,402,-0.018528645858168602
16,118,212,317,-0.020139984786510468
17,18,216,206,0.0006423410959541798
17,19,216,203,4.22128796344623e-05
17,20,216,207,-0.0014212718233466148
17,21,216,205,-0.0017173030646517873
17,22,216,98,-0.002124112332239747
17,23,216,97,-0.0052194236777722836
17,24,216,393,-0.010734718292951584
17,25,216,391,-0.0060985810123384
17,26,216,322,-0.00667598657310009
17,27,216,410,-0.0062756771221756935
17,28,216,287,-0.005701226647943258
17,29,216,273,-0.009764120914041996
17,30,216,335,-0.012398829683661461
17,31,216,406,-0.014264770783483982
17,32,216,313,-0.01639932207763195
17,33,216,421,-0.014410853385925293
17,34,216,418,-0.010547583922743797
17,35,216,424,-0.009636826813220978
17,36,216,422,-0.007229119539260864
17,37,216,432,-0.0036258066538721323
17,38,216,436,-0.0021716454066336155
17,39,216,426,-0.0030947132036089897
17,40,216,423,-0.0032957615330815315
17,41,216,427,-0.0008831842569634318
17,42,216,425,-0.0021072591189295053
17,43,216,327,-0.0035653053782880306
17,44,216,326,-0.008053388446569443
17,45,216,0,-0.01346257422119379
17,46,216,37,-0.009352702647447586
17,47,216,39,-0.007194066420197487
17,48,216,40,-0.005665674339979887
17,49,216,185,-0.0026578553952276707
17,50,216,61,-0.002370367757976055
17,51,216,146,-0.0042581623420119286
17,52,216,91,-0.010302160866558552
17,53,216,181,-0.013291675597429276
17,54,216,84,-0.016132459044456482
17,55,216,17,-0.0205494724214077
17,56,216,11,-0.013682817108929157
17,57,216,72,-0.009429304860532284
17,58,216,73,-0.008769743144512177
17,59,216,74,-0.005318488925695419
17,60,216,184,-0.0029765779618173838
17,61,216,77,-0.005587064661085606
17,62,216,90,-0.010344248265028
17,63,216,180,-0.013809221796691418
17,64,216,85,-0.016606656834483147
17,65,216,16,-0.020562922582030296
17,66,216,12,-0.013700442388653755
17,67,216,38,-0.009429410099983215
17,68,216,41,-0.007775255013257265
17,69,216,42,-0.006144530139863491
17,70,216,96,-0.006126844324171543
17,71,216,89,-0.00963475089520216
17,72,216,179,-0.013977713882923126
17,73,216,86,-0.01632814109325409
17,74,216,15,-0.0214117132127285
17,75,216,13,-0.014255196787416935
17,76,216,82,-0.008869397453963757
17,77,216,81,-0.007607043720781803
17,78,216,80,-0.005748754367232323
17,79,216,191,-0.004044204019010067
17,80,216,78,-0.0033564274199306965
17,81,216,95,-0.006411929149180651
17,82,216,88,-0.01020857784897089
17,83,216,178,-0.013462799601256847
17,84,216,87,-0.015709081664681435
17,85,216,14,-0.020239612087607384
17,86,216,267,-0.012213539332151413
17,87,216,269,-0.011072381399571896
17,88,216,270,-0.009571325965225697
17,89,216,409,-0.00879625603556633
17,90,216,291,-0.004703224636614323
17,91,216,375,-0.0054252552799880505
17,92,216,321,-0.004427594132721424
17,93,216,405,-0.021847767755389214
17,94,216,314,-0.023229660466313362
17,95,216,302,-0.012775426730513573
17,96,216,303,-0.01249237172305584
17,97,216,304,-0.010818803682923317
17,98,216,408,-0.009129809215664864
17,99,216,307,-0.013876606710255146
17,100,216,320,-0.01865646429359913
17,101,216,404,-0.023339876905083656
17,102,216,315,-0.021908588707447052
17,103,216,268,-0.013805924914777279
17,104,216,271,-0.011602483689785004
17,105,216,272,-0.01109488308429718
17,106,216,325,-0.012150108814239502
17,107,216,319,-0.018803391605615616
17,108,216,403,-0.021347075700759888
17,109,216,316,-0.022212959825992584
17,110,216,312,-0.014671828597784042
17,111,216,311,-0.012397414073348045
17,112,216,310,0.009083668701350689
17,113,216,415,-0.007109352853149176
17,114,216,308,-0.00558514753356576
17,115,216,324,-0.01080056931823492
17,116,216,318,-0.017026163637638092
17,117,216,402,-0.019939526915550232
17,118,216,317,-0.021337561309337616
18,19,206,203,0.00012858833360951394
18,20,206,207,-0.0006854778039269149
18,21,206,205,-0.0016275632660835981
18,22,206,98,-0.001576012116856873
18,23,206,97,-0.0045908126048743725
18,24,206,393,-0.010728494264185429
18,25,206,391,-0.008608118630945683
18,26,206,322,-0.007220301311463118
18,27,206,410,-0.006543997209519148
18,28,206,287,-0.005904405377805233
18,29,206,273,-0.010831507854163647
18,30,206,335,-0.013908743858337402
18,31,206,406,-0.015234595164656639
18,32,206,313,-0.01730765402317047
18,33,206,421,-0.013677478767931461
18,34,206,418,-0.011687243357300758
18,35,206,424,-0.010335361585021019
18,36,206,422,-0.0072959051467478275
18,37,206,432,-0.00484229763969779
18,38,206,436,-0.0033310228027403355
18,39,206,426,-0.004642387852072716
18,40,206,423,-0.0035265712067484856
18,41,206,427,-0.0014469755114987493
18,42,206,425,-0.0025586718693375587
18,43,206,327,-0.004711794201284647
18,44,206,326,-0.008095412515103817
18,45,206,0,-0.013374138623476028
18,46,206,37,-0.009628449566662312
18,47,206,39,-0.006938360631465912
18,48,206,40,-0.0050061852671206
18,49,206,185,-0.0028554373420774937
18,50,206,61,-0.0017725974321365356
18,51,206,146,-0.004088460002094507
18,52,206,91,-0.00859132781624794
18,53,206,181,-0.014158233068883419
18,54,206,84,-0.01781344972550869
18,55,206,17,-0.02243148349225521
18,56,206,11,-0.013553900644183159
18,57,206,72,-0.009877623058855534
18,58,206,73,-0.007086099591106176
18,59,206,74,-0.005072674714028835
18,60,206,184,-0.0031725347507745028
18,61,206,77,-0.004694583360105753
18,62,206,90,-0.010150808840990067
18,63,206,180,-0.01429419033229351
18,64,206,85,-0.01791170798242092
18,65,206,16,-0.024071967229247093
18,66,206,12,-0.014146402478218079
18,67,206,38,-0.010397600941359997
18,68,206,41,-0.008422516286373138
18,69,206,42,-0.005522380117326975
18,70,206,96,-0.006283862516283989
18,71,206,89,-0.009705065749585629
18,72,206,179,-0.013733570463955402
18,73,206,86,-0.01757737249135971
18,74,206,15,-0.023426543921232224
18,75,206,13,-0.014274422079324722
18,76,206,82,-0.010831648483872414
18,77,206,81,-0.008049298077821732
18,78,206,80,-0.00583334406837821
18,79,206,191,-0.004511775448918343
18,80,206,78,-0.003959073685109615
18,81,206,95,-0.007737569976598024
18,82,206,88,-0.010155988857150078
18,83,206,178,-0.012757701799273491
18,84,206,87,-0.017377855256199837
18,85,206,14,-0.021876273676753044
18,86,206,267,-0.01293881330639124
18,87,206,269,-0.009990341030061245
18,88,206,270,-0.009940563701093197
18,89,206,409,-0.008739552460610867
18,90,206,291,-0.0071247648447752
18,91,206,375,-0.013440645299851894
18,92,206,321,-0.016490118578076363
18,93,206,405,-0.021555600687861443
18,94,206,314,-0.022149614989757538
18,95,206,302,-0.013621237128973007
18,96,206,303,-0.012624239549040794
18,97,206,304,-0.01088529359549284
18,98,206,408,-0.008553075604140759
18,99,206,307,-0.014462491497397423
18,100,206,320,-0.019209347665309906
18,101,206,404,-0.022992359474301338
18,102,206,315,-0.02260495163500309
18,103,206,268,-0.014233930967748165
18,104,206,271,-0.01194087602198124
18,105,206,272,-0.011776521801948547
18,106,206,325,-0.01501032430678606
18,107,206,319,-0.018304942175745964
18,108,206,403,-0.02190743386745453
18,109,206,316,-0.02190025895833969
18,110,206,312,-0.013847580179572105
18,111,206,311,-0.012855415232479572
18,112,206,310,-0.01075153611600399
18,113,206,415,-0.009731946513056755
18,114,206,308,-0.004293455742299557
18,115,206,324,-0.01407642662525177
18,116,206,318,-0.016587993130087852
18,117,206,402,-0.020182810723781586
18,118,206,317,-0.021341588348150253
19,20,203,207,-0.0008299400797113776
19,21,203,205,-0.0009308797307312489
19,22,203,98,-0.0016330856597051024
19,23,203,97,-0.00468235369771719
19,24,203,393,-0.009982595220208168
19,25,203,391,-0.008495913818478584
19,26,203,322,-0.00659236079081893
19,27,203,410,-0.007446310482919216
19,28,203,287,-0.007426392287015915
19,29,203,273,-0.011525452136993408
19,30,203,335,-0.013946687802672386
19,31,203,406,-0.014749889262020588
19,32,203,313,-0.016539929434657097
19,33,203,421,-0.013384141959249973
19,34,203,418,-0.01117586437612772
19,35,203,424,-0.010882161557674408
19,36,203,422,-0.008044430986046791
19,37,203,432,-0.005267557688057423
19,38,203,436,-0.0031820754520595074
19,39,203,426,-0.005290583707392216
19,40,203,423,-0.00439000129699707
19,41,203,427,-0.001800834434106946
19,42,203,425,-0.004539540037512779
19,43,203,327,-0.00392079446464777
19,44,203,326,-0.007238925434648991
19,45,203,0,-0.011651105247437954
19,46,203,37,-0.009708957746624947
19,47,203,39,-0.006918684113770723
19,48,203,40,-0.004817062057554722
19,49,203,185,0.0017237002030014992
19,50,203,61,0.0021357981022447348
19,51,203,146,9.606958337826654e-05
19,52,203,91,-0.007668430916965008
19,53,203,181,-0.014629297889769077
19,54,203,84,-0.01826716959476471
19,55,203,17,-0.023321891203522682
19,56,203,11,-0.012737611308693886
19,57,203,72,-0.01039593480527401
19,58,203,73,-0.006562132854014635
19,59,203,74,-0.004534230567514896
19,60,203,184,-6.965562351979315e-05
19,61,203,77,-0.0025097199250012636
19,62,203,90,-0.008056103251874447
19,63,203,180,-0.014324658550322056
19,64,203,85,-0.01860385574400425
19,65,203,16,-0.023241817951202393
19,66,203,12,-0.01209820806980133
19,67,203,38,-0.010557434521615505
19,68,203,41,-0.007485209498554468
19,69,203,42,-0.0050381748005747795
19,70,203,96,-0.004298296291381121
19,71,203,89,-0.009478995576500893
19,72,203,179,-0.013946217484772205
19,73,203,86,-0.018092399463057518
19,74,203,15,-0.02269400842487812
19,75,203,13,-0.012012108229100704
19,76,203,82,-0.010234152898192406
19,77,203,81,-0.008354968391358852
19,78,203,80,-0.005623092874884605
19,79,203,191,-0.003017257899045944
19,80,203,78,2.809983561746776e-05
19,81,203,95,-0.0065001556649804115
19,82,203,88,-0.010113370604813099
19,83,203,178,-0.013146668672561646
19,84,203,87,-0.01734992302954197
19,85,203,14,-0.021215004846453667
19,86,203,267,-0.012242143973708153
19,87,203,269,-0.010616089217364788
19,88,203,270,-0.01055137999355793
19,89,203,409,-0.008741263300180435
19,90,203,291,-0.009049439802765846
19,91,203,375,-0.011198681779205799
19,92,203,321,-0.01627187244594097
19,93,203,405,-0.021522454917430878
19,94,203,314,-0.0229987483471632
19,95,203,302,-0.013128089718520641
19,96,203,303,-0.011510225012898445
19,97,203,304,-0.011140614748001099
19,98,203,408,-0.008970174007117748
19,99,203,307,-0.011834995821118355
19,100,203,320,-0.017386125400662422
19,101,203,404,-0.022707484662532806
19,102,203,315,-0.023759087547659874
19,103,203,268,-0.013183573260903358
19,104,203,271,-0.010665369220077991
19,105,203,272,-0.012704828754067421
19,106,203,325,-0.012730726972222328
19,107,203,319,-0.017560435459017754
19,108,203,403,-0.021048227325081825
19,109,203,316,-0.022219616919755936
19,110,203,312,-0.01307827141135931
19,111,203,311,-0.01166992262005806
19,112,203,310,-0.01115124486386776
19,113,203,415,-0.010879779234528542
19,114,203,308,-0.009660529904067516
19,115,203,324,-0.01158488541841507
19,116,203,318,-0.01532917469739914
19,117,203,402,-0.020024558529257774
19,118,203,317,-0.02156061679124832
20,21,207,205,0.0005926907178945839
20,22,207,98,-0.0009798234095796943
20,23,207,97,-0.0036188499070703983
20,24,207,393,-0.010502993129193783
20,25,207,391,-0.00844349805265665
20,26,207,322,-0.007308312226086855
20,27,207,410,-0.008051710203289986
20,28,207,287,-0.008405087515711784
20,29,207,273,-0.011842968873679638
20,30,207,335,-0.013447578996419907
20,31,207,406,-0.015217632055282593
20,32,207,313,-0.017220882698893547
20,33,207,421,-0.015666546300053596
20,34,207,418,-0.012872460298240185
20,35,207,424,-0.010807760991156101
20,36,207,422,-0.009634999558329582
20,37,207,432,-0.008234790526330471
20,38,207,436,-0.003944729920476675
20,39,207,426,-0.00476660905405879
20,40,207,423,-0.005681619048118591
20,41,207,427,-0.001800896250642836
20,42,207,425,-0.003461414948105812
20,43,207,327,-0.0034801180008798838
20,44,207,326,-0.008320056833326817
20,45,207,0,-0.013175503350794315
20,46,207,37,-0.010181381367146969
20,47,207,39,-0.00963554810732603
20,48,207,40,-0.008445054292678833
20,49,207,185,-0.003811117261648178
20,50,207,61,-0.0023331064730882645
20,51,207,146,-0.006115444470196962
20,52,207,91,-0.010998441837728024
20,53,207,181,-0.015857180580496788
20,54,207,84,-0.018804147839546204
20,55,207,17,-0.02215108461678028
20,56,207,11,-0.013229990378022194
20,57,207,72,-0.009444880299270153
20,58,207,73,-0.009577658958733082
20,59,207,74,-0.006838988047093153
20,60,207,184,-0.00341368792578578
20,61,207,77,-0.005546972155570984
20,62,207,90,-0.010913386940956116
20,63,207,180,-0.015287230722606182
20,64,207,85,-0.0196510162204504
20,65,207,16,-0.02146477811038494
20,66,207,12,-0.01312493346631527
20,67,207,38,-0.009869012050330639
20,68,207,41,-0.009789478965103626
20,69,207,42,-0.0066084363497793674
20,70,207,96,-0.006101265549659729
20,71,207,89,-0.010701226070523262
20,72,207,179,-0.014889075420796871
20,73,207,86,-0.018760908395051956
20,74,207,15,-0.02060653269290924
20,75,207,13,-0.013515189290046692
20,76,207,82,-0.010175486095249653
20,77,207,81,-0.009648679755628109
20,78,207,80,-0.006987911183387041
20,79,207,191,-0.004384040832519531
20,80,207,78,-0.0032836610917001963
20,81,207,95,-0.007433925289660692
20,82,207,88,-0.010262016206979752
20,83,207,178,-0.015459979884326458
20,84,207,87,-0.018005983904004097
20,85,207,14,-0.02009267918765545
20,86,207,267,-0.01331185083836317
20,87,207,269,-0.011774587444961071
20,88,207,270,-0.012299557216465473
20,89,207,409,-0.007581398822367191
20,90,207,291,-0.006450978573411703
20,91,207,375,-0.0056403642520308495
20,92,207,321,-0.0011511604534462094
20,93,207,405,-0.020209917798638344
20,94,207,314,-0.023507097736001015
20,95,207,302,-0.013640539720654488
20,96,207,303,-0.012687725014984608
20,97,207,304,-0.012776819057762623
20,98,207,408,-0.008624746464192867
20,99,207,307,-0.01253074686974287
20,100,207,320,-0.00441361591219902
20,101,207,404,-0.022937843576073647
20,102,207,315,-0.022905400022864342
20,103,207,268,-0.014738707803189754
20,104,207,271,-0.01236535795032978
20,105,207,272,-0.011722922325134277
20,106,207,325,-0.012838839553296566
20,107,207,319,-0.006103015039116144
20,108,207,403,-0.022159792482852936
20,109,207,316,-0.022656992077827454
20,110,207,312,-0.015705471858382225
20,111,207,311,-0.011403351090848446
20,112,207,310,-0.011312338523566723
20,113,207,415,-0.009823850356042385
20,114,207,308,-0.008210022933781147
20,115,207,324,-0.013287480920553207
20,116,207,318,-0.011515765450894833
20,117,207,402,-0.020520618185400963
20,118,207,317,-0.021047038957476616
21,22,205,98,-0.0029351008124649525
21,23,205,97,-0.004505158867686987
21,24,205,393,-0.011080414056777954
21,25,205,391,-0.008145736530423164
21,26,205,322,-0.007316796109080315
21,27,205,410,-0.008664483204483986
21,28,205,287,-0.00957793090492487
21,29,205,273,-0.011588864959776402
21,30,205,335,-0.01234308909624815
21,31,205,406,-0.013940919190645218
21,32,205,313,-0.016908060759305954
21,33,205,421,-0.014616291970014572
21,34,205,418,-0.012097811326384544
21,35,205,424,-0.010360591113567352
21,36,205,422,-0.0094953877851367
21,37,205,432,-0.00609747925773263
21,38,205,436,-0.005824204068630934
21,39,205,426,-0.00484891515225172
21,40,205,423,-0.006898393388837576
21,41,205,427,-0.0031498237513005733
21,42,205,425,-0.004673554562032223
21,43,205,327,-0.0069478536024689674
21,44,205,326,-0.009547539986670017
21,45,205,0,-0.012684657238423824
21,46,205,37,-0.00970484223216772
21,47,205,39,-0.009355626069009304
21,48,205,40,-0.007142349146306515
21,49,205,185,-0.0038383251521736383
21,50,205,61,-0.0034350347705185413
21,51,205,146,-0.006936086807399988
21,52,205,91,-0.012070826254785061
21,53,205,181,-0.014824068173766136
21,54,205,84,-0.01778346300125122
21,55,205,17,-0.02090783603489399
21,56,205,11,-0.013985243625938892
21,57,205,72,-0.010938539169728756
21,58,205,73,-0.009106048382818699
21,59,205,74,-0.006993302144110203
21,60,205,184,-0.0038939127698540688
21,61,205,77,-0.007067317143082619
21,62,205,90,-0.011150171048939228
21,63,205,180,-0.015325102023780346
21,64,205,85,-0.017981713637709618
21,65,205,16,-0.020666861906647682
21,66,205,12,-0.014054704457521439
21,67,205,38,-0.010430607944726944
21,68,205,41,-0.00978792179375887
21,69,205,42,-0.00645457161590457
21,70,205,96,-0.007055522873997688
21,71,205,89,-0.010486416518688202
21,72,205,179,-0.014713519252836704
21,73,205,86,-0.018240896984934807
21,74,205,15,-0.020148342475295067
21,75,205,13,-0.014441740699112415
21,76,205,82,-0.009992768056690693
21,77,205,81,-0.009397921152412891
21,78,205,80,-0.007182651199400425
21,79,205,191,-0.005409128963947296
21,80,205,78,-0.00409622211009264
21,81,205,95,-0.00806045439094305
21,82,205,88,-0.0108176926150918
21,83,205,178,-0.014038209803402424
21,84,205,87,-0.017656343057751656
21,85,205,14,-0.019146081060171127
21,86,205,267,-0.013225847855210304
21,87,205,269,-0.01243075542151928
21,88,205,270,-0.012311332859098911
21,89,205,409,-0.009843502193689346
21,90,205,291,-0.007987725548446178
21,91,205,375,-0.023470500484108925
21,92,205,321,-0.01250126026570797
21,93,205,405,-0.017857925966382027
21,94,205,314,-0.021865364164114
21,95,205,302,-0.014174483716487885
21,96,205,303,-0.014277634210884571
21,97,205,304,-0.012577557936310768
21,98,205,408,-0.0101301996037364
21,99,205,307,-0.015007914043962955
21,100,205,320,-0.015657993033528328
21,101,205,404,-0.021418960765004158
21,102,205,315,-0.022491363808512688
21,103,205,268,-0.014811713248491287
21,104,205,271,-0.0135903125628829
21,105,205,272,-0.012548680417239666
21,106,205,325,-0.013792358338832855
21,107,205,319,-0.0200971607118845
21,108,205,403,-0.022295735776424408
21,109,205,316,-0.022397145628929138
21,110,205,312,-0.015168598853051662
21,111,205,311,-0.013257122598588467
21,112,205,310,-0.012005810625851154
21,113,205,415,-0.008371405303478241
21,114,205,308,-0.007465550675988197
21,115,205,324,-0.015804514288902283
21,116,205,318,-0.01774323545396328
21,117,205,402,-0.020183661952614784
21,118,205,317,-0.021634960547089577
22,23,98,97,-0.002571654738858342
22,24,98,393,-0.006624787114560604
22,25,98,391,-0.006508863065391779
22,26,98,322,-0.005526247899979353
22,27,98,410,-0.005626424215734005
22,28,98,287,-0.00626731850206852
22,29,98,273,-0.008819622918963432
22,30,98,335,-0.01058091688901186
22,31,98,406,-0.014064013957977295
22,32,98,313,-0.01508752629160881
22,33,98,421,-0.011286705732345581
22,34,98,418,-0.00994030013680458
22,35,98,424,-0.00832896213978529
22,36,98,422,-0.006137753836810589
22,37,98,432,-0.0030295513570308685
22,38,98,436,-0.0017988678300753236
22,39,98,426,-0.002931075869128108
22,40,98,423,-0.0020844016689807177
22,41,98,427,-0.0014247618382796645
22,42,98,425,-0.001625868841074407
22,43,98,327,-0.0004949570866301656
22,44,98,326,-0.00456065870821476
22,45,98,0,-0.009285696782171726
22,46,98,37,-0.00790067296475172
22,47,98,39,0.0006353523931466043
22,48,98,40,0.0016382705653086305
22,49,98,185,4.882231951341964e-05
22,50,98,61,0.0014028464211151004
22,51,98,146,0.0011767952237278223
22,52,98,91,0.007402264047414064
22,53,98,181,-0.0063209435902535915
22,54,98,84,-0.01624811813235283
22,55,98,17,-0.019211700186133385
22,56,98,11,-0.009591384790837765
22,57,98,72,-0.007491059135645628
22,58,98,73,-0.0029130219481885433
22,59,98,74,0.0031333898659795523
22,60,98,184,0.0009850156493484974
22,61,98,77,0.0026112610939890146
22,62,98,90,0.005402035545557737
22,63,98,180,-0.0075909472070634365
22,64,98,85,-0.0163860060274601
22,65,98,16,-0.02031794749200344
22,66,98,12,-0.009959890507161617
22,67,98,38,-0.0071316733956336975
22,68,98,41,-0.0038128593005239964
22,69,98,42,0.003323799232020974
22,70,98,96,0.003588608233258128
22,71,98,89,0.003583144163712859
22,72,98,179,-0.00992913730442524
22,73,98,86,-0.015970943495631218
22,74,98,15,-0.01967567391693592
22,75,98,13,-0.009837579913437366
22,76,98,82,-0.007305890321731567
22,77,98,81,-0.004537434782832861
22,78,98,80,0.0014846493722870946
22,79,98,191,0.0014038641238585114
22,80,98,78,0.0016288302140310407
22,81,98,95,0.00445415498688817
22,82,98,88,0.0001458227343391627
22,83,98,178,-0.011713146232068539
22,84,98,87,-0.014975923113524914
22,85,98,14,-0.0188904982060194
22,86,98,267,-0.010951738804578781
22,87,98,269,-0.008611666038632393
22,88,98,270,-0.009029043838381767
22,89,98,409,-0.007864192128181458
22,90,98,291,-0.010205335915088654
22,91,98,375,-0.009466069750487804
22,92,98,321,-0.015829475596547127
22,93,98,405,-0.020639557391405106
22,94,98,314,-0.01930362731218338
22,95,98,302,-0.010543224401772022
22,96,98,303,-0.00898249726742506
22,97,98,304,-0.009776560589671135
22,98,98,408,-0.008261112496256828
22,99,98,307,-0.010281886905431747
22,100,98,320,-0.015455720946192741
22,101,98,404,-0.020561374723911285
22,102,98,315,-0.019911933690309525
22,103,98,268,-0.010494890622794628
22,104,98,271,-0.00930206198245287
22,105,98,272,-0.010001159273087978
22,106,98,325,-0.010670426301658154
22,107,98,319,-0.014733748510479927
22,108,98,403,-0.01792876422405243
22,109,98,316,-0.019845211878418922
22,110,98,312,-0.010442196391522884
22,111,98,311,-0.009761080145835876
22,112,98,310,-0.008780603297054768
22,113,98,415,-0.00689381267875433
22,114,98,308,-0.008548191748559475
22,115,98,324,-0.009994549676775932
22,116,98,318,-0.014118227176368237
22,117,98,402,-0.015664050355553627
22,118,98,317,-0.020306779071688652
23,24,97,393,-0.003747503273189068
23,25,97,391,-0.004101431462913752
23,26,97,322,-0.004347507376223803
23,27,97,410,-0.004557096865028143
23,28,97,287,-0.0050715310499072075
23,29,97,273,-0.008442500606179237
23,30,97,335,-0.009936916641891003
23,31,97,406,-0.010736317373812199
23,32,97,313,-0.011621852405369282
23,33,97,421,-0.009707755409181118
23,34,97,418,-0.007822646759450436
23,35,97,424,-0.0063536930829286575
23,36,97,422,-0.004234356340020895
23,37,97,432,-0.0002644362975843251
23,38,97,436,0.0006114667630754411
23,39,97,426,-0.0007098341011442244
23,40,97,423,-0.0008567494223825634
23,41,97,427,0.001766279572620988
23,42,97,425,-0.00015948654618114233
23,43,97,327,-8.654102566652e-05
23,44,97,326,-0.0012645286042243242
23,45,97,0,-0.0075765675865113735
23,46,97,37,0.0006476461421698332
23,47,97,39,0.001846311497502029
23,48,97,40,-0.00038078962825238705
23,49,97,185,-0.0011740898480638862
23,50,97,61,-0.0006079550948925316
23,51,97,146,0.00046527263475582004
23,52,97,91,0.0024758370127528906
23,53,97,181,0.008491908200085163
23,54,97,84,-0.002264756476506591
23,55,97,17,-0.017436811700463295
23,56,97,11,-0.008468123152852058
23,57,97,72,6.049566945875995e-05
23,58,97,73,0.0022474636789411306
23,59,97,74,0.0006692973547615111
23,60,97,184,-0.000557372928597033
23,61,97,77,0.0006986982189118862
23,62,97,90,0.00366281159222126
23,63,97,180,0.008713234215974808
23,64,97,85,-0.008664693683385849
23,65,97,16,-0.017261547967791557
23,66,97,12,-0.009168430231511593
23,67,97,38,-0.0014323291834443808
23,68,97,41,0.002268372103571892
23,69,97,42,0.0008421081583946943
23,70,97,96,0.0018754275515675545
23,71,97,89,0.005714575294405222
23,72,97,179,0.00978910643607378
23,73,97,86,-0.007080681622028351
23,74,97,15,-0.016961591318249702
23,75,97,13,-0.008634026162326336
23,76,97,82,-0.002495927270501852
23,77,97,81,0.001908112084493041
23,78,97,80,0.0007212964119389653
23,79,97,191,0.0016930815763771534
23,80,97,78,-3.67264001397416e-05
23,81,97,95,0.002464574296027422
23,82,97,88,0.005921969655901194
23,83,97,178,0.009387962520122528
23,84,97,87,-0.008713001385331154
23,85,97,14,-0.016959067434072495
23,86,97,267,-0.009402822703123093
23,87,97,269,-0.008615139871835709
23,88,97,270,-0.009614980779588223
23,89,97,409,-0.00669056735932827
23,90,97,291,-0.005458361003547907
23,91,97,375,-0.00884038396179676
23,92,97,321,-0.015214853920042515
23,93,97,405,-0.01830744929611683
23,94,97,314,-0.01849479041993618
23,95,97,302,-0.010465477593243122
23,96,97,303,-0.008850790560245514
23,97,97,304,-0.008903032168745995
23,98,97,408,-0.008120843209326267
23,99,97,307,-0.010099752806127071
23,100,97,320,-0.016509339213371277
23,101,97,404,-0.019144203513860703
23,102,97,315,-0.01865796558558941
23,103,97,268,-0.011495137587189674
23,104,97,271,-0.010671300813555717
23,105,97,272,0.005553112830966711
23,106,97,325,-0.009858810342848301
23,107,97,319,-0.014870072714984417
23,108,97,403,-0.01792319305241108
23,109,97,316,-0.018137527629733086
23,110,97,312,-0.010764087550342083
23,111,97,311,-0.008719167672097683
23,112,97,310,-0.006340352352708578
23,113,97,415,-0.006322833709418774
23,114,97,308,-0.005505030043423176
23,115,97,324,-0.01037050411105156
23,116,97,318,-0.013606255874037743
23,117,97,402,-0.015420323237776756
23,118,97,317,-0.016844384372234344
24,25,393,391,0.001036783796735108
24,26,393,322,0.001584790414199233
24,27,393,410,-1.2144086213083938e-05
24,28,393,287,0.00027084859902970493
24,29,393,273,-0.006386753171682358
24,30,393,335,-0.006690650247037411
24,31,393,406,-0.00757982162758708
24,32,393,313,-0.003642626805230975
24,33,393,421,-0.003267837455496192
24,34,393,418,-0.0024995170533657074
24,35,393,424,-0.0016490718116983771
24,36,393,422,0.0013204219285398722
24,37,393,432,0.003583277575671673
24,38,393,436,0.004539713263511658
24,39,393,426,0.00413107592612505
24,40,393,423,0.0030650454573333263
24,41,393,427,0.007591160014271736
24,42,393,425,0.005246031563729048
24,43,393,327,0.0041224174201488495
24,44,393,326,-0.0015680621145293117
24,45,393,0,0.0035028811544179916
24,46,393,37,0.0008718805038370192
24,47,393,39,-0.0005676104919984937
24,48,393,40,-0.0019922356586903334
24,49,393,185,-0.0028550277929753065
24,50,393,61,-0.0029122692067176104
24,51,393,146,-0.0007239255937747657
24,52,393,91,0.001723551657050848
24,53,393,181,0.007377870846539736
24,54,393,84,0.012160057201981544
24,55,393,17,0.015772122889757156
24,56,393,11,0.004239754285663366
24,57,393,72,0.0013417542213574052
24,58,393,73,-0.0005558535340242088
24,59,393,74,-0.0009069147054105997
24,60,393,184,-0.0029743993654847145
24,61,393,77,-0.0006754117785021663
24,62,393,90,0.0016278771217912436
24,63,393,180,0.007006489206105471
24,64,393,85,0.013300104066729546
24,65,393,16,0.016057344153523445
24,66,393,12,0.004637204110622406
24,67,393,38,0.0016428232192993164
24,68,393,41,0.0001645079319132492
24,69,393,42,5.96360769122839e-05
24,70,393,96,-0.001311939093284309
24,71,393,89,0.0021849991753697395
24,72,393,179,0.008001511916518211
24,73,393,86,0.009732036851346493
24,74,393,15,0.014922299422323704
24,75,393,13,0.004530500154942274
24,76,393,82,0.0005173776880837977
24,77,393,81,-6.019567535986425e-06
24,78,393,80,-0.0009589894325472414
24,79,393,191,-0.0020356187596917152
24,80,393,78,-0.00297070131637156
24,81,393,95,-0.00011084518337156624
24,82,393,88,0.0017766429809853435
24,83,393,178,0.006556501612067223
24,84,393,87,0.010836672969162464
24,85,393,14,0.013144074939191341
24,86,393,267,-0.0007820065366104245
24,87,393,269,-0.006428808905184269
24,88,393,270,-0.0067567117512226105
24,89,393,409,-0.004694977775216103
24,90,393,291,-0.0028799669817090034
24,91,393,375,-0.0074911098927259445
24,92,393,321,-0.019065367057919502
24,93,393,405,-0.01576635055243969
24,94,393,314,-0.004503770265728235
24,95,393,302,0.00047915667528286576
24,96,393,303,-0.006230024620890617
24,97,393,304,-0.005842731334269047
24,98,393,408,-0.005160918924957514
24,99,393,307,-0.007206751499325037
24,100,393,320,-0.01279340498149395
24,101,393,404,-0.014498102478682995
24,102,393,315,-0.002054299460723996
24,103,393,268,0.003717677900567651
24,104,393,271,-0.005036201793700457
24,105,393,272,-0.0053278724662959576
24,106,393,325,-0.00750774098560214
24,107,393,319,-0.010472345165908337
24,108,393,403,-0.013183803297579288
24,109,393,316,0.0025937079917639494
24,110,393,312,0.0039038658142089844
24,111,393,311,-0.003940149210393429
24,112,393,310,-0.0035164181608706713
24,113,393,415,-0.0037872374523431063
24,114,393,308,-0.002550139557570219
24,115,393,324,-0.005433044862002134
24,116,393,318,-0.008540868759155273
24,117,393,402,-0.011473027989268303
24,118,393,317,0.008226689882576466
25,26,391,322,0.0004083090752828866
25,27,391,410,-0.0003420085704419762
25,28,391,287,0.00014294935681391507
25,29,391,273,-0.0042130048386752605
25,30,391,335,-0.00639776885509491
25,31,391,406,0.006158013828098774
25,32,391,313,0.009388163685798645
25,33,391,421,0.0065211462788283825
25,34,391,418,-0.0008569752681069076
25,35,391,424,-0.0002577682607807219
25,36,391,422,-0.0002450687752570957
25,37,391,432,0.0025145565159618855
25,38,391,436,0.0037222120445221663
25,39,391,426,0.003600549418479204
25,40,391,423,0.0029809640254825354
25,41,391,427,0.006518585607409477
25,42,391,425,0.005029980093240738
25,43,391,327,-0.0021747259888798
25,44,391,326,-0.0006756316870450974
25,45,391,0,0.0030297627672553062
25,46,391,37,0.0016862595221027732
25,47,391,39,0.00030768447322770953
25,48,391,40,0.00026260848972015083
25,49,391,185,-0.0010125575354322791
25,50,391,61,-0.0014618325512856245
25,51,391,146,0.0007591365720145404
25,52,391,91,0.004397801589220762
25,53,391,181,0.010725720785558224
25,54,391,84,0.013690431602299213
25,55,391,17,0.01784302294254303
25,56,391,11,0.00411477405577898
25,57,391,72,0.0018738411599770188
25,58,391,73,7.100146467564628e-05
25,59,391,74,-0.0001999701780732721
25,60,391,184,-0.0007063282537274063
25,61,391,77,0.00047339039156213403
25,62,391,90,0.005615281872451305
25,63,391,180,0.010353057645261288
25,64,391,85,0.012830122373998165
25,65,391,16,0.016705267131328583
25,66,391,12,0.004744325764477253
25,67,391,38,0.0012963947374373674
25,68,391,41,0.0005927439779043198
25,69,391,42,0.00023411188158206642
25,70,391,96,-0.001834881491959095
25,71,391,89,0.005287872161716223
25,72,391,179,0.010914121754467487
25,73,391,86,0.01390810590237379
25,74,391,15,0.01588369533419609
25,75,391,13,0.004209702368825674
25,76,391,82,0.0011752208229154348
25,77,391,81,0.00016367393254768103
25,78,391,80,8.084881847025827e-05
25,79,391,191,-0.0003269435546826571
25,80,391,78,-0.0045104739256203175
25,81,391,95,0.0008485349826514721
25,82,391,88,0.005140307359397411
25,83,391,178,0.00960262306034565
25,84,391,87,0.01242871768772602
25,85,391,14,0.014181709848344326
25,86,391,267,0.004618863109499216
25,87,391,269,0.006347120273858309
25,88,391,270,-0.007873469032347202
25,89,391,409,-0.006448663305491209
25,90,391,291,-0.004802314098924398
25,91,391,375,-0.0036738687194883823
25,92,391,321,-0.007795391604304314
25,93,391,405,0.014239216223359108
25,94,391,314,0.01716335117816925
25,95,391,302,0.004703047219663858
25,96,391,303,0.006464254576712847
25,97,391,304,-0.0014455016935244203
25,98,391,408,-0.006030427757650614
25,99,391,307,-0.010007248260080814
25,100,391,320,0.001394179998897016
25,101,391,404,0.015588704496622086
25,102,391,315,0.016989290714263916
25,103,391,268,0.0048872800543904305
25,104,391,271,0.0049443477764725685
25,105,391,272,0.004408251028507948
25,106,391,325,-0.008708826266229153
25,107,391,319,0.008007697761058807
25,108,391,403,0.014609100297093391
25,109,391,316,0.015153479762375355
25,110,391,312,0.00458546495065093
25,111,391,311,0.004297630861401558
25,112,391,310,0.0036009205505251884
25,113,391,415,-0.0020724046044051647
25,114,391,308,-0.002915663179010153
25,115,391,324,-0.004221068695187569
25,116,391,318,0.008257295936346054
25,117,391,402,0.013452788814902306
25,118,391,317,0.014867985621094704
26,27,322,410,0.0007597107905894518
26,28,322,287,-2.9371807613642886e-05
26,29,322,273,-0.0059622786939144135
26,30,322,335,0.005640444811433554
26,31,322,406,0.007200688123703003
26,32,322,313,0.00946146808564663
26,33,322,421,0.007678318303078413
26,34,322,418,0.004069276619702578
26,35,322,424,-0.002007151488214731
26,36,322,422,-0.0006134622381068766
26,37,322,432,0.0034553981386125088
26,38,322,436,0.004205005243420601
26,39,322,426,0.0027382520493119955
26,40,322,423,-0.0033395045902580023
26,41,322,427,0.00690357806161046
26,42,322,425,0.005083635915070772
26,43,322,327,-0.0026610195636749268
26,44,322,326,-0.0009185333619825542
26,45,322,0,0.003186165587976575
26,46,322,37,0.001423482783138752
26,47,322,39,0.0016226007137447596
26,48,322,40,0.0003664194664452225
26,49,322,185,-0.0003955443680752069
26,50,322,61,-0.00041911855805665255
26,51,322,146,0.00100880884565413
26,52,322,91,0.00382503354921937
26,53,322,181,0.008209366351366043
26,54,322,84,0.010736475698649883
26,55,322,17,0.014861539006233215
26,56,322,11,0.0038399193435907364
26,57,322,72,0.0013443955685943365
26,58,322,73,0.0005492923082783818
26,59,322,74,0.0006344002904370427
26,60,322,184,-0.0001989115698961541
26,61,322,77,0.0013341685989871621
26,62,322,90,0.004447587765753269
26,63,322,180,0.007996220141649246
26,64,322,85,0.0110846608877182
26,65,322,16,0.015115366317331791
26,66,322,12,0.0041629779152572155
26,67,322,38,0.0016405208734795451
26,68,322,41,0.000203608549782075
26,69,322,42,0.0009300280944444239
26,70,322,96,0.0016527113039046526
26,71,322,89,0.003925936296582222
26,72,322,179,0.007934710010886192
26,73,322,86,0.011242968961596489
26,74,322,15,0.014521847479045391
26,75,322,13,0.004148303531110287
26,76,322,82,0.001320047420449555
26,77,322,81,0.0006699673249386251
26,78,322,80,0.0008537139510735869
26,79,322,191,-0.0012081118766218424
26,80,322,78,-0.0015621205093339086
26,81,322,95,0.0016382926842197776
26,82,322,88,0.0048127067275345325
26,83,322,178,0.007369672413915396
26,84,322,87,0.009802272543311119
26,85,322,14,0.012176903896033764
26,86,322,267,0.0042031630873680115
26,87,322,269,0.005445456597954035
26,88,322,270,0.006331292446702719
26,89,322,409,3.820567599177593e-06
26,90,322,291,-0.0034825776237994432
26,91,322,375,0.005982251837849617
26,92,322,321,0.011540612205862999
26,93,322,405,0.01658175140619278
26,94,322,314,0.015070810914039612
26,95,322,302,0.004937630146741867
26,96,322,303,0.005528441164642572
26,97,322,304,0.007055760361254215
26,98,322,408,0.007191886194050312
26,99,322,307,0.00832091923803091
26,100,322,320,0.013448701240122318
26,101,322,404,0.01628347858786583
26,102,322,315,0.015584887936711311
26,103,322,268,0.005599052645266056
26,104,322,271,0.0041910563595592976
26,105,322,272,0.005301067139953375
26,106,322,325,0.009831526316702366
26,107,322,319,0.0110701322555542
26,108,322,403,0.013877777382731438
26,109,322,316,0.014874271117150784
26,110,322,312,0.005550968926399946
26,111,322,311,0.0034058981109410524
26,112,322,310,0.004215107765048742
26,113,322,415,0.0047074612230062485
26,114,322,308,0.00469248229637742
26,115,322,324,0.007122549694031477
26,116,322,318,0.010570337995886803
26,117,322,402,0.012536276131868362
26,118,322,317,0.013644182123243809
27,28,410,287,-0.00015276925114449114
27,29,410,273,0.005207541864365339
27,30,410,335,0.006455202586948872
27,31,410,406,0.008143066428601742
27,32,410,313,0.009856022894382477
27,33,410,421,0.006992539390921593
27,34,410,418,0.005016139708459377
27,35,410,424,0.002869977382943034
27,36,410,422,0.0008806525729596615
27,37,410,432,0.0034373493399471045
27,38,410,436,0.004114588722586632
27,39,410,426,0.0009439904824830592
27,40,410,423,-0.0023988455068320036
27,41,410,427,0.006615414749830961
27,42,410,425,0.00497874990105629
27,43,410,327,-0.002171017462387681
27,44,410,326,-0.000812478712759912
27,45,410,0,0.002619131002575159
27,46,410,37,0.0006539166788570583
27,47,410,39,0.0007229308830574155
27,48,410,40,0.0001340847520623356
27,49,410,185,-0.0007866036612540483
27,50,410,61,6.973923882469535e-05
27,51,410,146,0.0008527323952876031
27,52,410,91,0.004552328027784824
27,53,410,181,0.007537282072007656
27,54,410,84,0.009751378558576107
27,55,410,17,0.014278536662459373
27,56,410,11,0.0037357304245233536
27,57,410,72,0.0009605992236174643
27,58,410,73,0.0007322045275941491
27,59,410,74,0.00022426572104450315
27,60,410,184,-5.5770982726244256e-05
27,61,410,77,0.0021755180787295103
27,62,410,90,0.004346900153905153
27,63,410,180,0.00743946572765708
27,64,410,85,0.01039342675358057
27,65,410,16,0.015006337314844131
27,66,410,12,0.004220304545015097
27,67,410,38,0.0009577156160958111
27,68,410,41,-2.907385533035267e-05
27,69,410,42,0.00036952842492610216
27,70,410,96,0.002054915763437748
27,71,410,89,0.003901345655322075
27,72,410,179,0.007006378844380379
27,73,410,86,0.010210917331278324
27,74,410,15,0.01460377499461174
27,75,410,13,0.0037373530212789774
27,76,410,82,0.00021839495457243174
27,77,410,81,0.0004461323842406273
27,78,410,80,0.00014311262930277735
27,79,410,191,1.6998850696836598e-05
27,80,410,78,0.00032661165460012853
27,81,410,95,0.0008958193357102573
27,82,410,88,0.0038252107333391905
27,83,410,178,0.0058576068840920925
27,84,410,87,0.009007715620100498
27,85,410,14,0.013248815201222897
27,86,410,267,0.0031489324755966663
27,87,410,269,0.0052720773965120316
27,88,410,270,0.006731582339853048
27,89,410,409,0.005712249781936407
27,90,410,291,0.007363831624388695
27,91,410,375,0.011413498781621456
27,92,410,321,0.012497887015342712
27,93,410,405,0.01447765901684761
27,94,410,314,0.015246395952999592
27,95,410,302,0.003258448326960206
27,96,410,303,0.0050899563357234
27,97,410,304,0.006437733303755522
27,98,410,408,0.006757780909538269
27,99,410,307,0.011560941115021706
27,100,410,320,0.01239351648837328
27,101,410,404,0.014435067772865295
27,102,410,315,0.01609034836292267
27,103,410,268,0.004736330825835466
27,104,410,271,0.005126423668116331
27,105,410,272,0.00474199466407299
27,106,410,325,0.00967137049883604
27,107,410,319,0.011212344281375408
27,108,410,403,0.012581591494381428
27,109,410,316,0.015076415613293648
27,110,410,312,0.0035124714486300945
27,111,410,311,0.0035304876510053873
27,112,410,310,0.003275591181591153
27,113,410,415,0.004710889421403408
27,114,410,308,0.003478382946923375
27,115,410,324,0.007108460646122694
27,116,410,318,0.009477566927671432
27,117,410,402,0.011728456243872643
27,118,410,317,0.013478454202413559
28,29,287,273,0.0042662606574594975
28,30,287,335,0.005738402716815472
28,31,287,406,0.008525189012289047
28,32,287,313,0.008463280275464058
28,33,287,421,0.005110668018460274
28,34,287,418,0.0031703782733529806
28,35,287,424,0.0007223407155834138
28,36,287,422,0.0006004328606650233
28,37,287,432,0.0034787931945174932
28,38,287,436,0.005020336713641882
28,39,287,426,-0.004748196806758642
28,40,287,423,-0.004076076205819845
28,41,287,427,0.007141489535570145
28,42,287,425,0.00527586555108428
28,43,287,327,-0.001972887432202697
28,44,287,326,-0.0010570877930149436
28,45,287,0,0.0027487666811794043
28,46,287,37,0.0010514212772250175
28,47,287,39,0.0012716386700049043
28,48,287,40,0.00025525724049657583
28,49,287,185,3.162663779221475e-05
28,50,287,61,0.00023485140991397202
28,51,287,146,0.0024881111457943916
28,52,287,91,0.005661990027874708
28,53,287,181,0.0072003924287855625
28,54,287,84,0.010187573730945587
28,55,287,17,0.01470817718654871
28,56,287,11,0.0032665489707142115
28,57,287,72,0.001090747071430087
28,58,287,73,0.00012875824177172035
28,59,287,74,-1.6504545783391222e-05
28,60,287,184,9.367566235596314e-05
28,61,287,77,0.002951164962723851
28,62,287,90,0.005583926569670439
28,63,287,180,0.007031628862023354
28,64,287,85,0.010752185247838497
28,65,287,16,0.014465481042861938
28,66,287,12,0.004049965646117926
28,67,287,38,-0.00024080519506242126
28,68,287,41,-0.00010498381016077474
28,69,287,42,0.00033919228008016944
28,70,287,96,0.0025882369372993708
28,71,287,89,0.003856764640659094
28,72,287,179,0.006413164548575878
28,73,287,86,0.010997512377798557
28,74,287,15,0.013796517625451088
28,75,287,13,0.00444080401211977
28,76,287,82,-0.00042242513154633343
28,77,287,81,0.0019704848527908325
28,78,287,80,0.00011142491712234914
28,79,287,191,0.0006993281422182918
28,80,287,78,0.0007262840517796576
28,81,287,95,0.002819022862240672
28,82,287,88,0.0052608647383749485
28,83,287,178,0.00595368817448616
28,84,287,87,0.009327742271125317
28,85,287,14,0.012645447626709938
28,86,287,267,0.003912503365427256
28,87,287,269,0.005305465776473284
28,88,287,270,0.005117012187838554
28,89,287,409,0.0053863124921917915
28,90,287,291,0.003050155472010374
28,91,287,375,0.011187748052179813
28,92,287,321,0.01344248279929161
28,93,287,405,0.015470062382519245
28,94,287,314,0.01523427665233612
28,95,287,302,0.004386099986732006
28,96,287,303,0.004918118007481098
28,97,287,304,0.005079195834696293
28,98,287,408,0.00548899918794632
28,99,287,307,0.010391267947852612
28,100,287,320,0.013288594782352448
28,101,287,404,0.014535443857312202
28,102,287,315,0.01590161770582199
28,103,287,268,0.0038368594832718372
28,104,287,271,0.004539531655609608
28,105,287,272,0.004383108112961054
28,106,287,325,0.008321725763380527
28,107,287,319,0.010360493324697018
28,108,287,403,0.013232028111815453
28,109,287,316,0.013770653866231441
28,110,287,312,0.0036687322426587343
28,111,287,311,0.003839972661808133
28,112,287,310,0.002018433064222336
28,113,287,415,0.003997943829745054
28,114,287,308,0.0030498476698994637
28,115,287,324,0.006803441327065229
28,116,287,318,0.008682435378432274
28,117,287,402,0.0117106968536973
28,118,287,317,0.013079696334898472
29,30,273,335,0.003061424009501934
29,31,273,406,0.004210291430354118
29,32,273,313,0.003508854890242219
29,33,273,421,0.00028106069657951593
29,34,273,418,-0.0017815222963690758
29,35,273,424,0.00038760039024055004
29,36,273,422,0.00635856669396162
29,37,273,432,0.008720231242477894
29,38,273,436,0.009800003841519356
29,39,273,426,0.007561252918094397
29,40,273,423,-0.008655470795929432
29,41,273,427,0.011593908071517944
29,42,273,425,0.011270678602159023
29,43,273,327,-0.003782420651987195
29,44,273,326,-0.004050477873533964
29,45,273,0,-0.0004355130949988961
29,46,273,37,-0.0006467230268754065
29,47,273,39,-0.000493312778417021
29,48,273,40,-0.0006875520921312273
29,49,273,185,-0.0010066129034385085
29,50,273,61,-0.001373951556161046
29,51,273,146,0.0004472551227081567
29,52,273,91,0.005500327795743942
29,53,273,181,0.006914828438311815
29,54,273,84,0.008337268605828285
29,55,273,17,0.01148891169577837
29,56,273,11,-3.367256067576818e-05
29,57,273,72,-0.0009693580213934183
29,58,273,73,-0.0008596291299909353
29,59,273,74,-0.00045126242912374437
29,60,273,184,-0.001030815183185041
29,61,273,77,-0.00013541824591811746
29,62,273,90,0.0035799399483948946
29,63,273,180,0.005771775729954243
29,64,273,85,0.00802654679864645
29,65,273,16,0.012404595501720905
29,66,273,12,-0.0004043814551550895
29,67,273,38,-0.001367229619063437
29,68,273,41,-0.00215870700776577
29,69,273,42,-0.0015987163642421365
29,70,273,96,-0.00041285326005890965
29,71,273,89,0.0026256877463310957
29,72,273,179,0.0045949118211865425
29,73,273,86,0.007028733845800161
29,74,273,15,0.010501263663172722
29,75,273,13,-0.00043441675370559096
29,76,273,82,-0.0012378337560221553
29,77,273,81,-0.0018658454064279795
29,78,273,80,-0.0016211639158427715
29,79,273,191,-0.0015806768788024783
29,80,273,78,-0.0017960412660613656
29,81,273,95,-0.0007214683573693037
29,82,273,88,0.0017345637315884233
29,83,273,178,0.0023203592281788588
29,84,273,87,0.005248427391052246
29,85,273,14,0.008593765087425709
29,86,273,267,-6.203662633197382e-05
29,87,273,269,0.0005168940406292677
29,88,273,270,0.0011435874039307237
29,89,273,409,0.0005109044723212719
29,90,273,291,-0.00018430681666359305
29,91,273,375,0.006686005741357803
29,92,273,321,0.011270077899098396
29,93,273,405,0.011839505285024643
29,94,273,314,0.01171557605266571
29,95,273,302,0.0009255719487555325
29,96,273,303,0.00031636576750315726
29,97,273,304,0.00148490269202739
29,98,273,408,0.0007359485025517642
29,99,273,307,0.005310764070600271
29,100,273,320,0.008414287120103836
29,101,273,404,0.010072581470012665
29,102,273,315,0.012075145728886127
29,103,273,268,0.0012293901527300477
29,104,273,271,0.0007241489365696907
29,105,273,272,-0.0002782731899060309
29,106,273,325,0.004876750521361828
29,107,273,319,0.0073156761936843395
29,108,273,403,0.008764785714447498
29,109,273,316,0.011121467687189579
29,110,273,312,-0.00022786029148846865
29,111,273,311,0.0001496575423516333
29,112,273,310,-3.734652273124084e-05
29,113,273,415,-0.0011394140310585499
29,114,273,308,-0.0012710700975731015
29,115,273,324,0.00253072427585721
29,116,273,318,0.005294883158057928
29,117,273,402,0.006861323025077581
29,118,273,317,0.008319097571074963
30,31,335,406,0.0020877569913864136
30,32,335,313,0.0006857182597741485
30,33,335,421,-0.0014411516021937132
30,34,335,418,-0.0037462436594069004
30,35,335,424,0.0050415764562785625
30,36,335,422,0.008423426188528538
30,37,335,432,0.010749814100563526
30,38,335,436,0.011073916219174862
30,39,335,426,0.010901732370257378
30,40,335,423,0.0008109576883725822
30,41,335,427,0.012162275612354279
30,42,335,425,0.01252298429608345
30,43,335,327,-0.004555032588541508
30,44,335,326,-0.007162543945014477
30,45,335,0,-0.0021908702328801155
30,46,335,37,-0.0038299073930829763
30,47,335,39,-0.0089254230260849
30,48,335,40,-0.004239200614392757
30,49,335,185,-0.00260794535279274
30,50,335,61,-0.0024176884908229113
30,51,335,146,-0.0005130382487550378
30,52,335,91,0.0015735067427158356
30,53,335,181,0.004927296657115221
30,54,335,84,0.004513424821197987
30,55,335,17,0.008429053239524364
30,56,335,11,-0.0014445497654378414
30,57,335,72,-0.004332524724304676
30,58,335,73,-0.0048664892092347145
30,59,335,74,-0.0037148671690374613
30,60,335,184,-0.0030274991877377033
30,61,335,77,-0.0009703141404315829
30,62,335,90,0.0004389995592646301
30,63,335,180,0.003628508886322379
30,64,335,85,0.005330139771103859
30,65,335,16,0.008601587265729904
30,66,335,12,-0.0011747414246201515
30,67,335,38,-0.0005748990224674344
30,68,335,41,-0.003382917260751128
30,69,335,42,-0.0030300773214548826
30,70,335,96,-0.001130840159021318
30,71,335,89,5.505577792064287e-05
30,72,335,179,0.0015155173605307937
30,73,335,86,0.004340487066656351
30,74,335,15,0.00802245456725359
30,75,335,13,-0.0009792993078008294
30,76,335,82,-0.002017748774960637
30,77,335,81,-0.003579954383894801
30,78,335,80,-0.0031537150498479605
30,79,335,191,-0.00027814414352178574
30,80,335,78,-0.003956245724111795
30,81,335,95,-0.0018025364261120558
30,82,335,88,-0.00036827963776886463
30,83,335,178,0.0009633890585973859
30,84,335,87,0.0024403335992246866
30,85,335,14,0.00644854037091136
30,86,335,267,-0.001395724480971694
30,87,335,269,-6.711411697324365e-05
30,88,335,270,-0.00037075209547765553
30,89,335,409,-2.166768354072701e-06
30,90,335,291,0.001198080601170659
30,91,335,375,-0.0033345927949994802
30,92,335,321,0.009067999199032784
30,93,335,405,0.007968684658408165
30,94,335,314,0.009073568508028984
30,95,335,302,-0.0012518720468506217
30,96,335,303,-0.0002915275690611452
30,97,335,304,-0.0012642735382542014
30,98,335,408,-0.00015744446136523038
30,99,335,307,0.004505119752138853
30,100,335,320,0.006074090488255024
30,101,335,404,0.006926968228071928
30,102,335,315,0.009296643547713757
30,103,335,268,-0.001544311409816146
30,104,335,271,-0.0008051945478655398
30,105,335,272,-0.0010073217563331127
30,106,335,325,0.002837561769410968
30,107,335,319,0.0047611757181584835
30,108,335,403,0.006442601792514324
30,109,335,316,0.008126817643642426
30,110,335,312,-0.0023564440198242664
30,111,335,311,-0.0011628296924754977
30,112,335,310,-0.0020575709640979767
30,113,335,415,-0.0009383468423038721
30,114,335,308,-0.00039551404188387096
30,115,335,324,0.0012973827542737126
30,116,335,318,0.0035156847443431616
30,117,335,402,0.0051558357663452625
30,118,335,317,0.006246062461286783
31,32,406,313,0.0011414941400289536
31,33,406,421,-0.0022038198076188564
31,34,406,418,0.003886939724907279
31,35,406,424,0.005896348040550947
31,36,406,422,0.009168596938252449
31,37,406,432,0.010830298997461796
31,38,406,436,0.010660963132977486
31,39,406,426,0.011599119752645493
31,40,406,423,0.010183119215071201
31,41,406,427,0.011636870913207531
31,42,406,425,0.013701035641133785
31,43,406,327,-0.008058229461312294
31,44,406,326,-0.008232898078858852
31,45,406,0,-0.002708370564505458
31,46,406,37,-0.00426190160214901
31,47,406,39,-0.014760657213628292
31,48,406,40,-0.017662497237324715
31,49,406,185,-0.004623694345355034
31,50,406,61,-0.003909820690751076
31,51,406,146,-0.0030328859575092793
31,52,406,91,5.953465461061569e-06
31,53,406,181,0.0026513193733990192
31,54,406,84,0.003934115637093782
31,55,406,17,0.0068940590135753155
31,56,406,11,-0.0029309499077498913
31,57,406,72,-0.007320229429751635
31,58,406,73,-0.013556614518165588
31,59,406,74,-0.0060128881596028805
31,60,406,184,-0.005043907091021538
31,61,406,77,-0.001281038043089211
31,62,406,90,-0.0002101176360156387
31,63,406,180,0.0011565625900402665
31,64,406,85,0.004821078851819038
31,65,406,16,0.007121123839169741
31,66,406,12,-0.002127749612554908
31,67,406,38,-0.00504043186083436
31,68,406,41,-0.005511461291462183
31,69,406,42,-0.005753431003540754
31,70,406,96,-0.002505555050447583
31,71,406,89,-0.000539223721716553
31,72,406,179,0.0004142537945881486
31,73,406,86,0.0034816754050552845
31,74,406,15,0.00684781651943922
31,75,406,13,-0.002632735064253211
31,76,406,82,-0.004744457546621561
31,77,406,81,-0.00592941977083683
31,78,406,80,-0.005605118349194527
31,79,406,191,-0.006351124495267868
31,80,406,78,-0.00545914750546217
31,81,406,95,-0.004099622368812561
31,82,406,88,-0.0015087968204170465
31,83,406,178,-0.00039477937389165163
31,84,406,87,0.0016221117693930864
31,85,406,14,0.005064189434051514
31,86,406,267,-0.0028046725783497095
31,87,406,269,-0.0018101714085787535
31,88,406,270,0.0026788972318172455
31,89,406,409,-0.00045469272299669683
31,90,406,291,0.003382729599252343
31,91,406,375,-0.003967355005443096
31,92,406,321,-0.007649718783795834
31,93,406,405,0.006904731970280409
31,94,406,314,0.007219596300274134
31,95,406,302,-0.0018946569180116057
31,96,406,303,-0.0011233409168198705
31,97,406,304,0.0020634601823985577
31,98,406,408,0.004691781476140022
31,99,406,307,-0.0024720458313822746
31,100,406,320,-0.006634294521063566
31,101,406,404,0.006302901543676853
31,102,406,315,0.006735212169587612
31,103,406,268,-0.002325171371921897
31,104,406,271,-0.002141146454960108
31,105,406,272,0.0012550741666927934
31,106,406,325,-0.0012062869500368834
31,107,406,319,0.0008629131480120122
31,108,406,403,0.005304765421897173
31,109,406,316,0.005836160853505135
31,110,406,312,-0.00243583251722157
31,111,406,311,-0.003783264895901084
31,112,406,310,0.00018938106950372458
31,113,406,415,0.003376394510269165
31,114,406,308,0.003777849255129695
31,115,406,324,-0.0006861378788016737
31,116,406,318,0.00032699445728212595
31,117,406,402,0.003634650493040681
31,118,406,317,0.004097728990018368
32,33,313,421,0.0006970776012167335
32,34,313,418,0.004175952170044184
32,35,313,424,0.006537065841257572
32,36,313,422,0.00886702910065651
32,37,313,432,0.010639689862728119
32,38,313,436,0.011629833839833736
32,39,313,426,0.012483988888561726
32,40,313,423,0.010456858202815056
32,41,313,427,0.012414401397109032
32,42,313,425,0.012671229429543018
32,43,313,327,0.007857630029320717
32,44,313,326,-0.007945616729557514
32,45,313,0,-0.003540071425959468
32,46,313,37,-0.006802426651120186
32,47,313,39,-0.00888973567634821
32,48,313,40,-0.008500779047608376
32,49,313,185,-0.008521881885826588
32,50,313,61,-0.006911193020641804
32,51,313,146,-0.0058451308868825436
32,52,313,91,-0.001964135095477104
32,53,313,181,0.0009652245789766312
32,54,313,84,0.0031660236418247223
32,55,313,17,0.005375249311327934
32,56,313,11,-0.0031593015883117914
32,57,313,72,-0.006872217636555433
32,58,313,73,-0.006766940467059612
32,59,313,74,-0.007654741406440735
32,60,313,184,-0.008422340266406536
32,61,313,77,-0.006031706929206848
32,62,313,90,-0.002376382704824209
32,63,313,180,0.0007889114203862846
32,64,313,85,0.0027171194087713957
32,65,313,16,0.005704068578779697
32,66,313,12,-0.003326387144625187
32,67,313,38,-0.00639735022559762
32,68,313,41,-0.007461585570126772
32,69,313,42,-0.008185417391359806
32,70,313,96,-0.006909830495715141
32,71,313,89,-0.003617590758949518
32,72,313,179,-0.0004464009834919125
32,73,313,86,0.0016753132222220302
32,74,313,15,0.0049261595122516155
32,75,313,13,-0.0038305751513689756
32,76,313,82,-0.00689489021897316
32,77,313,81,-0.008894613943994045
32,78,313,80,-0.00796453095972538
32,79,313,191,-0.008372616022825241
32,80,313,78,-0.00789040606468916
32,81,313,95,-0.006623303052037954
32,82,313,88,-0.004259852692484856
32,83,313,178,-0.0017578391125425696
32,84,313,87,-8.312221325468272e-06
32,85,313,14,0.004050218965858221
32,86,313,267,-0.0004279094282537699
32,87,313,269,0.004033531062304974
32,88,313,270,0.0035105873830616474
32,89,313,409,0.00382146961055696
32,90,313,291,0.004130875691771507
32,91,313,375,-0.00481552304700017
32,92,313,321,-0.008726411499083042
32,93,313,405,-0.009339215233922005
32,94,313,314,0.003022764576599002
32,95,313,302,-0.0004703836457338184
32,96,313,303,0.002805364551022649
32,97,313,304,0.0025210408493876457
32,98,313,408,0.003659249981865287
32,99,313,307,-0.0030675167217850685
32,100,313,320,-0.007690172176808119
32,101,313,404,-0.00839794147759676
32,102,313,315,0.0032402442302554846
32,103,313,268,-0.0015839033294469118
32,104,313,271,0.0023178234696388245
32,105,313,272,0.0039140465669333935
32,106,313,325,-2.604517067084089e-05
32,107,313,319,-0.004035376477986574
32,108,313,403,-0.005946438293904066
32,109,313,316,0.004952854476869106
32,110,313,312,-0.0018352442421019077
32,111,313,311,0.0030885974410921335
32,112,313,310,0.005262038204818964
32,113,313,415,0.0039011004846543074
32,114,313,308,0.005370890721678734
32,115,313,324,0.0009090437088161707
32,116,313,318,-0.0025583242531865835
32,117,313,402,-0.004420820623636246
32,118,313,317,0.005336891859769821
33,34,421,418,0.0021934325341135263
33,35,421,424,0.0044463337399065495
33,36,421,422,0.006328241433948278
33,37,421,432,0.007635144516825676
33,38,421,436,0.009524489752948284
33,39,421,426,0.009046639315783978
33,40,421,423,0.007684667129069567
33,41,421,427,0.011386968195438385
33,42,421,425,0.010806831531226635
33,43,421,327,0.005861952435225248
33,44,421,326,-0.00470448425039649
33,45,421,0,-0.0018321064999327064
33,46,421,37,-0.004828932229429483
33,47,421,39,-0.004773278255015612
33,48,421,40,-0.0062241265550255775
33,49,421,185,-0.005215418059378862
33,50,421,61,-0.004599194973707199
33,51,421,146,-0.0025665017310529947
33,52,421,91,-0.0010719971032813191
33,53,421,181,0.0019673292990773916
33,54,421,84,0.0041708750650286674
33,55,421,17,0.0066434042528271675
33,56,421,11,-0.0007242488791234791
33,57,421,72,-0.005476327147334814
33,58,421,73,-0.005387869197875261
33,59,421,74,-0.005843236111104488
33,60,421,184,-0.005403568036854267
33,61,421,77,-0.003556163515895605
33,62,421,90,-0.0008960175910033286
33,63,421,180,0.0011838841019198298
33,64,421,85,0.0014062960399314761
33,65,421,16,0.006814332213252783
33,66,421,12,-0.00040451818495057523
33,67,421,38,-0.005483050365000963
33,68,421,41,-0.006064678076654673
33,69,421,42,-0.006444181315600872
33,70,421,96,-0.004230349324643612
33,71,421,89,-0.0031410653609782457
33,72,421,179,-0.0007286024047061801
33,73,421,86,0.00013742652663495392
33,74,421,15,0.007516203448176384
33,75,421,13,-0.0005659243324771523
33,76,421,82,-0.005756791215389967
33,77,421,81,-0.006979312747716904
33,78,421,80,-0.0058097378350794315
33,79,421,191,-0.005537240765988827
33,80,421,78,-0.005348737817257643
33,81,421,95,-0.0035033877938985825
33,82,421,88,-0.0023921062238514423
33,83,421,178,-0.0036289915442466736
33,84,421,87,0.000679141900036484
33,85,421,14,0.0034710050094872713
33,86,421,267,-0.004028231371194124
33,87,421,269,0.0018773975316435099
33,88,421,270,0.000704573409166187
33,89,421,409,-0.0006744225975126028
33,90,421,291,0.0012140851467847824
33,91,421,375,-0.006764038000255823
33,92,421,321,-0.008991073817014694
33,93,421,405,-0.011788800358772278
33,94,421,314,0.008707907982170582
33,95,421,302,-0.0021966081112623215
33,96,421,303,0.0011666279751807451
33,97,421,304,0.00010438883327879012
33,98,421,408,-0.0015530663076788187
33,99,421,307,-0.006729057524353266
33,100,421,320,-0.0090999910607934
33,101,421,404,-0.008677947334945202
33,102,421,315,0.009308724664151669
33,103,421,268,-0.0009400483104400337
33,104,421,271,0.001966675743460655
33,105,421,272,0.0003532719274517149
33,106,421,325,-0.004085655324161053
33,107,421,319,-0.007002835627645254
33,108,421,403,-0.009591556154191494
33,109,421,316,0.008943499065935612
33,110,421,312,-0.00108006177470088
33,111,421,311,0.0014747888781130314
33,112,421,310,0.0006970211397856474
33,113,421,415,4.1216353565687314e-05
33,114,421,308,0.0005870150635018945
33,115,421,324,-0.002570959273725748
33,116,421,318,-0.0038008191622793674
33,117,421,402,-0.005045372061431408
33,118,421,317,0.007086521480232477
34,35,418,424,0.002422882476821542
34,36,418,422,0.004037633538246155
34,37,418,432,0.006094230804592371
34,38,418,436,0.00650057615712285
34,39,418,426,0.005594231653958559
34,40,418,423,0.006171733606606722
34,41,418,427,0.009069499559700489
34,42,418,425,0.008484210819005966
34,43,418,327,-0.00414765952154994
34,44,418,326,-0.003636301029473543
34,45,418,0,-0.0012788567692041397
34,46,418,37,-0.0021262168884277344
34,47,418,39,-0.0025445506907999516
34,48,418,40,-0.0029910504817962646
34,49,418,185,-0.0019178981892764568
34,50,418,61,-0.0023391619324684143
34,51,418,146,-0.0011083218269050121
34,52,418,91,0.0021372053306549788
34,53,418,181,0.002977918367832899
34,54,418,84,0.004624862689524889
34,55,418,17,0.009056475944817066
34,56,418,11,-0.0009040043223649263
34,57,418,72,-0.0017606603214517236
34,58,418,73,-0.0024269181303679943
34,59,418,74,-0.0031678532250225544
34,60,418,184,-0.002372038783505559
34,61,418,77,-0.0011230113450437784
34,62,418,90,0.0007550360751338303
34,63,418,180,0.0024084316100925207
34,64,418,85,0.0039053086657077074
34,65,418,16,0.006973652634769678
34,66,418,12,-0.000687527353875339
34,67,418,38,-0.0016143671236932278
34,68,418,41,-0.0023988024331629276
34,69,418,42,-0.0033775109332054853
34,70,418,96,-0.0018403588328510523
34,71,418,89,-0.0007229088223539293
34,72,418,179,-0.0015479575376957655
34,73,418,86,0.001963099231943488
34,74,418,15,0.006960730534046888
34,75,418,13,-0.0002364052925258875
34,76,418,82,-0.0021858213003724813
34,77,418,81,-0.0034381276927888393
34,78,418,80,-0.003213107120245695
34,79,418,191,-0.0024732050951570272
34,80,418,78,-0.002930796006694436
34,81,418,95,-0.0017126119928434491
34,82,418,88,-0.0005485298461280763
34,83,418,178,-0.0011271422263234854
34,84,418,87,-0.0006204366800375283
34,85,418,14,0.005049687344580889
34,86,418,267,0.0014690922107547522
34,87,418,269,0.0009089100640267134
34,88,418,270,0.0013438027817755938
34,89,418,409,-0.0013876421144232154
34,90,418,291,-0.00041614932706579566
34,91,418,375,-0.008035234175622463
34,92,418,321,0.0008062279084697366
34,93,418,405,0.012609804049134254
34,94,418,314,0.010418600402772427
34,95,418,302,0.0015607685782015324
34,96,418,303,0.0013500390341505408
34,97,418,304,0.0031342273578047752
34,98,418,408,-0.0018720810767263174
34,99,418,307,-0.0085949981585145
34,100,418,320,0.007832955569028854
34,101,418,404,0.011517973616719246
34,102,418,315,0.009720835834741592
34,103,418,268,0.0015477377455681562
34,104,418,271,0.0018999006133526564
34,105,418,272,0.002560438821092248
34,106,418,325,-0.00027590838726609945
34,107,418,319,0.008347274735569954
34,108,418,403,0.009293416514992714
34,109,418,316,0.010326107032597065
34,110,418,312,0.0008112655486911535
34,111,418,311,0.0009501346503384411
34,112,418,310,0.001413262216374278
34,113,418,415,0.002031332813203335
34,114,418,308,-0.0007754943217150867
34,115,418,324,0.005669745616614819
34,116,418,318,0.0062903608195483685
34,117,418,402,0.0078077856451272964
34,118,418,317,0.008387413807213306
35,36,424,422,0.0021069245412945747
35,37,424,432,0.0050500244833528996
35,38,424,436,0.00514931371435523
35,39,424,426,0.004840285517275333
35,40,424,423,-0.004310599062591791
35,41,424,427,0.007793396711349487
35,42,424,425,0.006311327219009399
35,43,424,327,-0.0032381771598011255
35,44,424,326,-0.001729361480101943
35,45,424,0,-0.00010769820073619485
35,46,424,37,-0.0004164647834841162
35,47,424,39,-0.0006238216301426291
35,48,424,40,-0.0008302767528221011
35,49,424,185,-0.0013790710363537073
35,50,424,61,-0.0015792697668075562
35,51,424,146,-0.00010360029409639537
35,52,424,91,0.004568333271890879
35,53,424,181,0.006100216414779425
35,54,424,84,0.008278013207018375
35,55,424,17,0.007156013045459986
35,56,424,11,0.001508078770712018
35,57,424,72,-0.00018596643349155784
35,58,424,73,-0.0010753996903076768
35,59,424,74,-0.0010324185714125633
35,60,424,184,-0.001250735018402338
35,61,424,77,-0.00037954855361022055
35,62,424,90,0.003140074200928211
35,63,424,180,0.004607491195201874
35,64,424,85,0.008319593034684658
35,65,424,16,0.00960887037217617
35,66,424,12,0.0020957563538104296
35,67,424,38,-0.0004864304792135954
35,68,424,41,-0.0002570216020103544
35,69,424,42,-0.002102796919643879
35,70,424,96,-0.00023506507568527013
35,71,424,89,0.002026031957939267
35,72,424,179,0.002692974405363202
35,73,424,86,0.00601216359063983
35,74,424,15,0.009109308011829853
35,75,424,13,0.0012512856628745794
35,76,424,82,-0.00020975308143533766
35,77,424,81,-0.000997405033558607
35,78,424,80,-0.0018223737133666873
35,79,424,191,-0.0008473296766169369
35,80,424,78,-0.0018145834328606725
35,81,424,95,-0.0008906025323085487
35,82,424,88,0.0008573844679631293
35,83,424,178,0.002443817211315036
35,84,424,87,0.005944529082626104
35,85,424,14,0.005755734629929066
35,86,424,267,0.002375800395384431
35,87,424,269,0.0027774746995419264
35,88,424,270,0.0035986287984997034
35,89,424,409,0.002903637010604143
35,90,424,291,0.005085120443254709
35,91,424,375,0.010343225672841072
35,92,424,321,0.013249220326542854
35,93,424,405,0.014618157409131527
35,94,424,314,0.012314045801758766
35,95,424,302,0.0024149713572114706
35,96,424,303,0.002405843697488308
35,97,424,304,0.004955607932060957
35,98,424,408,0.004853345919400454
35,99,424,307,0.010957439430058002
35,100,424,320,0.011950883083045483
35,101,424,404,0.013882700353860855
35,102,424,315,0.012297844514250755
35,103,424,268,0.0018575175199657679
35,104,424,271,0.003254700917750597
35,105,424,272,0.0041776737198233604
35,106,424,325,0.006617225706577301
35,107,424,319,0.00895372498780489
35,108,424,403,0.011546742171049118
35,109,424,316,0.01223765593022108
35,110,424,312,0.0023011176381260157
35,111,424,311,0.00250847521238029
35,112,424,310,0.002556384541094303
35,113,424,415,0.0031159238424152136
35,114,424,308,0.002225094009190798
35,115,424,324,0.006489629857242107
35,116,424,318,0.007547866553068161
35,117,424,402,0.009637914597988129
35,118,424,317,0.010764745995402336
36,37,422,432,0.002404602011665702
36,38,422,436,0.002631562761962414
36,39,422,426,-0.0016724083106964827
36,40,422,423,-0.0014209175715222955
36,41,422,427,0.006555943749845028
36,42,422,425,0.003848829073831439
36,43,422,327,-0.001294630579650402
36,44,422,326,9.845362365012988e-05
36,45,422,0,0.0043004280887544155
36,46,422,37,0.001135299215093255
36,47,422,39,0.000987350009381771
36,48,422,40,-9.859594138106331e-05
36,49,422,185,-0.0004100557998754084
36,50,422,61,-0.0006805239245295525
36,51,422,146,0.0017382197547703981
36,52,422,91,0.006285469047725201
36,53,422,181,0.007699276320636272
36,54,422,84,0.01132234651595354
36,55,422,17,0.013739142566919327
36,56,422,11,0.004674985539168119
36,57,422,72,0.0015833722427487373
36,58,422,73,-0.0003689125587698072
36,59,422,74,0.00019244063878431916
36,60,422,184,-0.0009212775621563196
36,61,422,77,0.001877358416095376
36,62,422,90,0.004569660872220993
36,63,422,180,0.007619030307978392
36,64,422,85,0.011693407781422138
36,65,422,16,0.007991519756615162
36,66,422,12,0.004848080687224865
36,67,422,38,0.001222466817125678
36,68,422,41,-0.00034409144427627325
36,69,422,42,7.932817243272439e-05
36,70,422,96,0.0005030610482208431
36,71,422,89,0.0022854148410260677
36,72,422,179,0.002162265358492732
36,73,422,86,0.010819957591593266
36,74,422,15,0.015846842899918556
36,75,422,13,0.0046578398905694485
36,76,422,82,-2.472306732670404e-06
36,77,422,81,-0.0006699867662973702
36,78,422,80,-0.0004106538835912943
36,79,422,191,-0.0004147280124016106
36,80,422,78,-0.0005477345548570156
36,81,422,95,0.00032382510835304856
36,82,422,88,0.0027793501503765583
36,83,422,178,0.0016378388972952962
36,84,422,87,0.0022075248416513205
36,85,422,14,0.012882107868790627
36,86,422,267,0.004548941273242235
36,87,422,269,0.005244226660579443
36,88,422,270,0.007111383602023125
36,89,422,409,0.006029094103723764
36,90,422,291,0.007515229284763336
36,91,422,375,0.011647927574813366
36,92,422,321,0.01408126950263977
36,93,422,405,0.014936280436813831
36,94,422,314,0.01558128371834755
36,95,422,302,0.005508616100996733
36,96,422,303,0.0053075626492500305
36,97,422,304,0.006108590867370367
36,98,422,408,0.006509935017675161
36,99,422,307,0.012704461812973022
36,100,422,320,0.014096078462898731
36,101,422,404,0.013555985875427723
36,102,422,315,0.014952911995351315
36,103,422,268,0.004674839787185192
36,104,422,271,0.005822875536978245
36,105,422,272,0.006783433258533478
36,106,422,325,0.010816256515681744
36,107,422,319,0.01137891598045826
36,108,422,403,0.013898885808885098
36,109,422,316,0.01415209099650383
36,110,422,312,0.004654649645090103
36,111,422,311,0.0036694491282105446
36,112,422,310,0.00521984463557601
36,113,422,415,0.005927859805524349
36,114,422,308,0.005591586697846651
36,115,422,324,0.008284519426524639
36,116,422,318,0.009214875288307667
36,117,422,402,0.011659065261483192
36,118,422,317,0.012885021045804024
37,38,432,436,-0.0011323506478220224
37,39,432,426,-0.0002063324354821816
37,40,432,423,-0.0008262406336143613
37,41,432,427,0.0030405393335968256
37,42,432,425,0.00010197456140303984
37,43,432,327,0.0001507860579295084
37,44,432,326,0.0013744692550972104
37,45,432,0,0.00656695244833827
37,46,432,37,0.00363144394941628
37,47,432,39,0.0009754946804605424
37,48,432,40,0.001250909292139113
37,49,432,185,0.0005880160024389625
37,50,432,61,-0.0001381861075060442
37,51,432,146,0.0027305411640554667
37,52,432,91,0.007091907784342766
37,53,432,181,0.00904364138841629
37,54,432,84,0.013512556441128254
37,55,432,17,0.017802150920033455
37,56,432,11,0.007573499344289303
37,57,432,72,0.0029682659078389406
37,58,432,73,0.0002765268145594746
37,59,432,74,0.0016444314969703555
37,60,432,184,0.0014728402020409703
37,61,432,77,0.002637505764141679
37,62,432,90,0.005687806289643049
37,63,432,180,0.00947294570505619
37,64,432,85,0.013772062957286835
37,65,432,16,0.018857553601264954
37,66,432,12,0.006124434061348438
37,67,432,38,0.002128635300323367
37,68,432,41,0.0007108708960004151
37,69,432,42,0.0009071765234693885
37,70,432,96,0.0034291327465325594
37,71,432,89,0.005573656409978867
37,72,432,179,0.0029873079620301723
37,73,432,86,0.009628158062696457
37,74,432,15,0.018047049641609192
37,75,432,13,0.00596632482483983
37,76,432,82,0.0018096397398039699
37,77,432,81,0.0008855634951032698
37,78,432,80,0.001172577845863998
37,79,432,191,0.0012393987271934748
37,80,432,78,0.0006762233097106218
37,81,432,95,0.003306990722194314
37,82,432,88,0.00647214287891984
37,83,432,178,0.005283275153487921
37,84,432,87,0.011848069727420807
37,85,432,14,0.016397589817643166
37,86,432,267,0.007161745801568031
37,87,432,269,0.010774563066661358
37,88,432,270,0.008470473811030388
37,89,432,409,0.00900414027273655
37,90,432,291,0.010147782042622566
37,91,432,375,0.013915538787841797
37,92,432,321,0.01555298175662756
37,93,432,405,0.015301170758903027
37,94,432,314,0.01743411086499691
37,95,432,302,0.008180487900972366
37,96,432,303,0.00883452594280243
37,97,432,304,0.007978289388120174
37,98,432,408,0.00962313637137413
37,99,432,307,0.015114491805434227
37,100,432,320,0.014999162405729294
37,101,432,404,0.01799127086997032
37,102,432,315,0.017932914197444916
37,103,432,268,0.00810271967202425
37,104,432,271,0.008418003097176552
37,105,432,272,0.008545960299670696
37,106,432,325,0.013028851710259914
37,107,432,319,0.013190597295761108
37,108,432,403,0.016528431326150894
37,109,432,316,0.01726589910686016
37,110,432,312,0.0070616514421999454
37,111,432,311,0.006977597251534462
37,112,432,310,0.006877345032989979
37,113,432,415,0.00756092369556427
37,114,432,308,0.007219413295388222
37,115,432,324,0.009542922489345074
37,116,432,318,0.011047341860830784
37,117,432,402,0.014340070076286793
37,118,432,317,0.01515721995383501
38,39,436,426,4.692794391303323e-05
38,40,436,423,0.001091614249162376
38,41,436,427,0.001865345984697342
38,42,436,425,0.00043118491885252297
38,43,436,327,0.001183474319986999
38,44,436,326,0.003251965157687664
38,45,436,0,0.007207750342786312
38,46,436,37,0.005875833798199892
38,47,436,39,0.0026203463785350323
38,48,436,40,0.0014667732175439596
38,49,436,185,0.00043016200652346015
38,50,436,61,-0.0001501698570791632
38,51,436,146,0.0020026112906634808
38,52,436,91,0.0058206417597830296
38,53,436,181,0.009980308823287487
38,54,436,84,0.014210199005901814
38,55,436,17,0.018189139664173126
38,56,436,11,0.007769613526761532
38,57,436,72,0.004213085398077965
38,58,436,73,0.001489386078901589
38,59,436,74,0.0005857407231815159
38,60,436,184,0.0008105205488391221
38,61,436,77,0.00223642704077065
38,62,436,90,0.005843135062605143
38,63,436,180,0.010288868099451065
38,64,436,85,0.0147264264523983
38,65,436,16,0.01829969324171543
38,66,436,12,0.007651313673704863
38,67,436,38,0.004583032336086035
38,68,436,41,0.0021114242263138294
38,69,436,42,0.0008913344354368746
38,70,436,96,0.002336231991648674
38,71,436,89,0.00702913012355566
38,72,436,179,0.009798821993172169
38,73,436,86,0.01409966591745615
38,74,436,15,0.018048645928502083
38,75,436,13,0.006262683309614658
38,76,436,82,0.004169848747551441
38,77,436,81,0.0023294982966035604
38,78,436,80,0.0008054370991885662
38,79,436,191,0.0008069578325375915
38,80,436,78,0.0009134250576607883
38,81,436,95,0.0021826941519975662
38,82,436,88,0.0058664921671152115
38,83,436,178,0.008853817358613014
38,84,436,87,0.013278266414999962
38,85,436,14,0.01833282597362995
38,86,436,267,0.009530308656394482
38,87,436,269,0.010526802390813828
38,88,436,270,0.010902993381023407
38,89,436,409,0.009767315350472927
38,90,436,291,0.01071120984852314
38,91,436,375,0.01334130484610796
38,92,436,321,0.014818426221609116
38,93,436,405,0.018898088485002518
38,94,436,314,0.01850799098610878
38,95,436,302,0.009960099123418331
38,96,436,303,0.01042644027620554
38,97,436,304,0.009720738045871258
38,98,436,408,0.010386853478848934
38,99,436,307,0.014544334262609482
38,100,436,320,0.015079205855727196
38,101,436,404,0.01841804012656212
38,102,436,315,0.018332377076148987
38,103,436,268,0.009133261628448963
38,104,436,271,0.008584457449615002
38,105,436,272,0.00951371155679226
38,106,436,325,0.013932337984442711
38,107,436,319,0.01485795434564352
38,108,436,403,0.01705155335366726
38,109,436,316,0.01833956502377987
38,110,436,312,0.007645868696272373
38,111,436,311,0.007785605266690254
38,112,436,310,0.008180719800293446
38,113,436,415,0.009699882008135319
38,114,436,308,0.008689608424901962
38,115,436,324,0.011387089267373085
38,116,436,318,0.011825517751276493
38,117,436,402,0.015010186471045017
38,118,436,317,0.0170191191136837
39,40,426,423,0.00044237292604520917
39,41,426,427,0.0023073162883520126
39,42,426,425,0.0009409209596924484
39,43,426,327,0.0015622046776115894
39,44,426,326,0.002723350888118148
39,45,426,0,0.0053609381429851055
39,46,426,37,0.004354813136160374
39,47,426,39,0.002884946297854185
39,48,426,40,0.0005107183824293315
39,49,426,185,0.0006177612813189626
39,50,426,61,-0.00017128646140918136
39,51,426,146,0.002849370939657092
39,52,426,91,0.005594323389232159
39,53,426,181,0.010625786148011684
39,54,426,84,0.013284514658153057
39,55,426,17,0.017781930044293404
39,56,426,11,0.005939805414527655
39,57,426,72,0.005040792282670736
39,58,426,73,0.0024780260864645243
39,59,426,74,0.0003597454051487148
39,60,426,184,0.0005240889149717987
39,61,426,77,0.0033372745383530855
39,62,426,90,0.0064028906635940075
39,63,426,180,0.010786215774714947
39,64,426,85,0.008498139679431915
39,65,426,16,0.01648091711103916
39,66,426,12,0.006230003200471401
39,67,426,38,0.004661234561353922
39,68,426,41,0.0022905694786459208
39,69,426,42,0.002535126870498061
39,70,426,96,0.0026683355681598186
39,71,426,89,0.006983551196753979
39,72,426,179,0.011463066563010216
39,73,426,86,0.008833899162709713
39,74,426,15,0.016411826014518738
39,75,426,13,0.006440050899982452
39,76,426,82,0.0038769401144236326
39,77,426,81,0.0016550966538488865
39,78,426,80,0.0018229333218187094
39,79,426,191,-0.001027956372126937
39,80,426,78,0.0002044380671577528
39,81,426,95,0.002854790771380067
39,82,426,88,0.007192005403339863
39,83,426,178,0.010896495543420315
39,84,426,87,0.01278796885162592
39,85,426,14,0.015416368842124939
39,86,426,267,0.007325577549636364
39,87,426,269,0.008394482545554638
39,88,426,270,0.011632424779236317
39,89,426,409,0.01179478783160448
39,90,426,291,0.01021509524434805
39,91,426,375,0.012284031137824059
39,92,426,321,0.018750356510281563
39,93,426,405,0.018197638913989067
39,94,426,314,0.018087714910507202
39,95,426,302,0.00847634393721819
39,96,426,303,0.009929116815328598
39,97,426,304,0.010693417862057686
39,98,426,408,0.010520449839532375
39,99,426,307,0.012364835478365421
39,100,426,320,0.017317289486527443
39,101,426,404,0.019018741324543953
39,102,426,315,0.01743282377719879
39,103,426,268,0.009057050570845604
39,104,426,271,0.008911008946597576
39,105,426,272,0.00918945949524641
39,106,426,325,0.01165892742574215
39,107,426,319,0.015115508809685707
39,108,426,403,0.01709721051156521
39,109,426,316,0.01607026904821396
39,110,426,312,0.009239752776920795
39,111,426,311,0.008489604108035564
39,112,426,310,0.007786459755152464
39,113,426,415,0.008334564045071602
39,114,426,308,0.0075716725550591946
39,115,426,324,0.009345240890979767
39,116,426,318,0.012562939897179604
39,117,426,402,0.014716497622430325
39,118,426,317,0.01528905425220728
40,41,423,427,0.0037118366453796625
40,42,423,425,0.001188034424558282
40,43,423,327,0.0003141889756079763
40,44,423,326,0.0018795032519847155
40,45,423,0,0.008293216116726398
40,46,423,37,0.0047454871237277985
40,47,423,39,0.00188992649782449
40,48,423,40,0.00021961306629236788
40,49,423,185,-0.0009043575846590102
40,50,423,61,-0.00035164441214874387
40,51,423,146,0.002325618639588356
40,52,423,91,0.005225929897278547
40,53,423,181,0.011781042441725731
40,54,423,84,0.016058409586548805
40,55,423,17,0.020354265347123146
40,56,423,11,0.008128075860440731
40,57,423,72,0.004627419635653496
40,58,423,73,0.002449626103043556
40,59,423,74,0.000715969130396843
40,60,423,184,6.234333704924211e-05
40,61,423,77,0.003460369538515806
40,62,423,90,0.00673994654789567
40,63,423,180,0.011285859160125256
40,64,423,85,0.017218664288520813
40,65,423,16,0.019518034532666206
40,66,423,12,0.009252743795514107
40,67,423,38,0.004260282963514328
40,68,423,41,0.0018130600219592452
40,69,423,42,0.0005197218270041049
40,70,423,96,0.003722922643646598
40,71,423,89,0.007149599026888609
40,72,423,179,0.010868649929761887
40,73,423,86,0.015927376225590706
40,74,423,15,0.018392616882920265
40,75,423,13,0.008275783620774746
40,76,423,82,0.004619229584932327
40,77,423,81,0.0016764415195211768
40,78,423,80,0.0008915376965887845
40,79,423,191,0.000566813861951232
40,80,423,78,0.0011677580187097192
40,81,423,95,0.0032825719099491835
40,82,423,88,0.007039905060082674
40,83,423,178,0.011708120815455914
40,84,423,87,0.013376230373978615
40,85,423,14,0.017587997019290924
40,86,423,267,0.007580755278468132
40,87,423,269,0.008517294190824032
40,88,423,270,0.009531895630061626
40,89,423,409,-0.0026491801254451275
40,90,423,291,-0.005455492064356804
40,91,423,375,-0.0014243230689316988
40,92,423,321,0.013502063229680061
40,93,423,405,0.016270693391561508
40,94,423,314,0.01850481890141964
40,95,423,302,0.008048094809055328
40,96,423,303,0.008851938880980015
40,97,423,304,0.009951597079634666
40,98,423,408,0.002824563765898347
40,99,423,307,0.0039702909998595715
40,100,423,320,0.01519441232085228
40,101,423,404,0.016307270154356956
40,102,423,315,0.018928201869130135
40,103,423,268,0.007755117490887642
40,104,423,271,0.008329701609909534
40,105,423,272,0.008122221566736698
40,106,423,325,0.01087698433548212
40,107,423,319,0.01240843441337347
40,108,423,403,0.015295470133423805
40,109,423,316,0.017184559255838394
40,110,423,312,0.007104065734893084
40,111,423,311,0.007784983608871698
40,112,423,310,0.007968501187860966
40,113,423,415,0.007085656281560659
40,114,423,308,0.003466362599283457
40,115,423,324,0.010456115938723087
40,116,423,318,0.012067973613739014
40,117,423,402,0.015534748323261738
40,118,423,317,0.01665096916258335
41,42,427,425,0.0004030768177472055
41,43,427,327,0.005080081522464752
41,44,427,326,0.005941715091466904
41,45,427,0,0.009170744568109512
41,46,427,37,0.006323155015707016
41,47,427,39,0.003799126949161291
41,48,427,40,0.0020275311544537544
41,49,427,185,0.0009318495285697281
41,50,427,61,0.0003550199035089463
41,51,427,146,0.00394458370283246
41,52,427,91,0.0070291790179908276
41,53,427,181,0.010568821802735329
41,54,427,84,0.013731838203966618
41,55,427,17,0.01663774996995926
41,56,427,11,0.009327000007033348
41,57,427,72,0.00644023297354579
41,58,427,73,0.003578722244128585
41,59,427,74,0.0025106947869062424
41,60,427,184,0.0007145139388740063
41,61,427,77,0.004375390708446503
41,62,427,90,0.006828940007835627
41,63,427,180,0.01062767580151558
41,64,427,85,0.01345133502036333
41,65,427,16,0.016961393877863884
41,66,427,12,0.009565919637680054
41,67,427,38,0.006212383508682251
41,68,427,41,0.003656858578324318
41,69,427,42,0.002238186076283455
41,70,427,96,0.003610952291637659
41,71,427,89,0.00649949861690402
41,72,427,179,0.010477186180651188
41,73,427,86,0.01402602344751358
41,74,427,15,0.01893387734889984
41,75,427,13,0.009370270185172558
41,76,427,82,0.006129486486315727
41,77,427,81,0.004137937445193529
41,78,427,80,0.0029519947711378336
41,79,427,191,0.0013590274611487985
41,80,427,78,0.0011798393679782748
41,81,427,95,0.004107675980776548
41,82,427,88,0.007185942959040403
41,83,427,178,0.010298572480678558
41,84,427,87,0.012901968322694302
41,85,427,14,0.017696475610136986
41,86,427,267,0.011938260868191719
41,87,427,269,0.013425848446786404
41,88,427,270,0.010803227312862873
41,89,427,409,0.010909711010754108
41,90,427,291,0.009931236505508423
41,91,427,375,0.014570504426956177
41,92,427,321,0.015033739618957043
41,93,427,405,0.017518002539873123
41,94,427,314,0.01688537187874317
41,95,427,302,0.009220792911946774
41,96,427,303,0.012056604027748108
41,97,427,304,0.0112175103276968
41,98,427,408,0.011803782545030117
41,99,427,307,0.014676474034786224
41,100,427,320,0.016595251858234406
41,101,427,404,0.01797730289399624
41,102,427,315,0.016963547095656395
41,103,427,268,0.009728556498885155
41,104,427,271,0.011791111901402473
41,105,427,272,0.012817900627851486
41,106,427,325,0.015816550701856613
41,107,427,319,0.017376510426402092
41,108,427,403,0.017220309004187584
41,109,427,316,0.017037533223628998
41,110,427,312,0.009607668966054916
41,111,427,311,0.010392269119620323
41,112,427,310,0.010403402149677277
41,113,427,415,0.011524698697030544
41,114,427,308,0.010729948058724403
41,115,427,324,0.01564284786581993
41,116,427,318,0.01595493219792843
41,117,427,402,0.01522724237293005
41,118,427,317,0.017331700772047043
42,43,425,327,0.0033592258114367723
42,44,425,326,0.0033436324447393417
42,45,425,0,0.006895087659358978
42,46,425,37,0.005895140115171671
42,47,425,39,0.0017136057140305638
42,48,425,40,0.001281441655009985
42,49,425,185,0.0027581313624978065
42,50,425,61,0.00014554780500475317
42,51,425,146,0.002643017563968897
42,52,425,91,0.007217869628220797
42,53,425,181,0.010683393105864525
42,54,425,84,0.015450888313353062
42,55,425,17,0.01895051822066307
42,56,425,11,0.007406122051179409
42,57,425,72,0.006396169774234295
42,58,425,73,0.0029212890658527613
42,59,425,74,0.00035862208460457623
42,60,425,184,0.0012312629260122776
42,61,425,77,0.0037689097225666046
42,62,425,90,0.006088244263082743
42,63,425,180,0.011069875210523605
42,64,425,85,0.015320926904678345
42,65,425,16,0.018326452001929283
42,66,425,12,0.00810809526592493
42,67,425,38,0.006703587248921394
42,68,425,41,0.0037199235521256924
42,69,425,42,0.0017876175697892904
42,70,425,96,0.004029145464301109
42,71,425,89,0.006653068121522665
42,72,425,179,0.010840078815817833
42,73,425,86,0.01445852778851986
42,74,425,15,0.017663633450865746
42,75,425,13,0.008024751208722591
42,76,425,82,0.006777769885957241
42,77,425,81,0.004127699416130781
42,78,425,80,0.0027207587845623493
42,79,425,191,-0.0008603324531577528
42,80,425,78,0.0005739227635785937
42,81,425,95,0.0029918041545897722
42,82,425,88,0.007087471894919872
42,83,425,178,0.010619652457535267
42,84,425,87,0.013212092220783234
42,85,425,14,0.017609702423214912
42,86,425,267,0.007840798236429691
42,87,425,269,0.010646750219166279
42,88,425,270,0.013025831431150436
42,89,425,409,0.011657229624688625
42,90,425,291,0.009157794527709484
42,91,425,375,0.014614376239478588
42,92,425,321,0.01818508841097355
42,93,425,405,0.01921621710062027
42,94,425,314,0.017585836350917816
42,95,425,302,0.00899596232920885
42,96,425,303,0.01130022294819355
42,97,425,304,0.012879318557679653
42,98,425,408,0.013238701969385147
42,99,425,307,0.014892440289258957
42,100,425,320,0.01919802837073803
42,101,425,404,0.019043508917093277
42,102,425,315,0.017965195700526237
42,103,425,268,0.008913473226130009
42,104,425,271,0.010189355351030827
42,105,425,272,0.005100179463624954
42,106,425,325,0.014663808047771454
42,107,425,319,0.017097387462854385
42,108,425,403,0.017855746671557426
42,109,425,316,0.01757296919822693
42,110,425,312,0.009817575104534626
42,111,425,311,0.0091117974370718
42,112,425,310,0.01033750083297491
42,113,425,415,0.01096274796873331
42,114,425,308,0.008685759268701077
42,115,425,324,0.011175166815519333
42,116,425,318,0.015325614251196384
42,117,425,402,0.015897594392299652
42,118,425,317,0.016465311869978905
43,44,327,326,0.0021792224142700434
43,45,327,0,0.006537595763802528
43,46,327,37,0.003271329216659069
43,47,327,39,0.0017155822133645415
43,48,327,40,0.00040704538696445525
43,49,327,185,0.00028096692403778434
43,50,327,61,0.0003576898016035557
43,51,327,146,0.001758194761350751
43,52,327,91,0.006171222776174545
43,53,327,181,0.010100224055349827
43,54,327,84,0.013924474827945232
43,55,327,17,0.017357487231492996
43,56,327,11,0.007285743951797485
43,57,327,72,0.0033580204471945763
43,58,327,73,0.001711964956484735
43,59,327,74,0.0004156177456025034
43,60,327,184,0.0001746054767863825
43,61,327,77,0.0027465377934277058
43,62,327,90,0.00659429794177413
43,63,327,180,0.010767290368676186
43,64,327,85,0.014509213156998158
43,65,327,16,0.0179075188934803
43,66,327,12,0.007572031579911709
43,67,327,38,0.0032446186523884535
43,68,327,41,0.0011869868030771613
43,69,327,42,0.00040792979416437447
43,70,327,96,0.0026622184086591005
43,71,327,89,0.0070359050296247005
43,72,327,179,0.01042171474546194
43,73,327,86,0.013147869147360325
43,74,327,15,0.017167100682854652
43,75,327,13,0.007947124540805817
43,76,327,82,0.0030709048733115196
43,77,327,81,0.0013851060066372156
43,78,327,80,0.0012040138244628906
43,79,327,191,0.00026666148914955556
43,80,327,78,0.0006198939518071711
43,81,327,95,0.0019155850168317556
43,82,327,88,0.006186153739690781
43,83,327,178,0.009363812394440174
43,84,327,87,0.013108390383422375
43,85,327,14,0.016313480213284492
43,86,327,267,0.007178596220910549
43,87,327,269,-0.001668907585553825
43,88,327,270,-0.0074285659939050674
43,89,327,409,-0.004462780896574259
43,90,327,291,-0.003540122415870428
43,91,327,375,-0.008333802223205566
43,92,327,321,-0.0061073312535882
43,93,327,405,0.00022854602138977498
43,94,327,314,0.014239603653550148
43,95,327,302,0.0077899666503071785
43,96,327,303,0.00415312685072422
43,97,327,304,-0.00669354572892189
43,98,327,408,-0.005059577990323305
43,99,327,307,-0.008261884562671185
43,100,327,320,-0.009387578815221786
43,101,327,404,0.005595323629677296
43,102,327,315,0.014902694150805473
43,103,327,268,0.008234158158302307
43,104,327,271,0.008736321702599525
43,105,327,272,-0.007514877710491419
43,106,327,325,-0.007519593462347984
43,107,327,319,-0.012337340973317623
43,108,327,403,0.009749775752425194
43,109,327,316,0.015520614571869373
43,110,327,312,0.007540005724877119
43,111,327,311,0.00682841008529067
43,112,327,310,-0.0011776385363191366
43,113,327,415,-0.00543637853115797
43,114,327,308,-0.004861452151089907
43,115,327,324,-0.007328848820179701
43,116,327,318,-0.003512405091896653
43,117,327,402,0.012099355459213257
43,118,327,317,0.014883071184158325
44,45,326,0,0.005895955953747034
44,46,326,37,0.0018902791198343039
44,47,326,39,0.00022504002845380455
44,48,326,40,-4.4468531996244565e-05
44,49,326,185,-0.0013107780832797289
44,50,326,61,-0.0020444965921342373
44,51,326,146,-5.442942347144708e-05
44,52,326,91,0.0017754859291017056
44,53,326,181,0.006373079027980566
44,54,326,84,0.014120690524578094
44,55,326,17,0.016955936327576637
44,56,326,11,0.006123906001448631
44,57,326,72,0.002839041640982032
44,58,326,73,0.0011003268882632256
44,59,326,74,-5.754614539910108e-05
44,60,326,184,-0.001299712690524757
44,61,326,77,-0.00013279289123602211
44,62,326,90,0.0029167828615754843
44,63,326,180,0.008087812922894955
44,64,326,85,0.01442747563123703
44,65,326,16,0.01566183939576149
44,66,326,12,0.006283474154770374
44,67,326,38,0.0034223117399960756
44,68,326,41,0.0008342484361492097
44,69,326,42,0.0006979739991948009
44,70,326,96,-0.0012055747210979462
44,71,326,89,0.0034426511265337467
44,72,326,179,0.0098200598731637
44,73,326,86,0.014348089694976807
44,74,326,15,0.016308452934026718
44,75,326,13,0.006129528861492872
44,76,326,82,0.0029657348059117794
44,77,326,81,0.0004930768045596778
44,78,326,80,0.0005745175294578075
44,79,326,191,-0.0013000576291233301
44,80,326,78,-0.004509336315095425
44,81,326,95,0.0002909896138589829
44,82,326,88,0.002628312213346362
44,83,326,178,0.007619212381541729
44,84,326,87,0.013333645649254322
44,85,326,14,0.015213865786790848
44,86,326,267,-0.0034788271877914667
44,87,326,269,-0.007507673464715481
44,88,326,270,-0.005953655112534761
44,89,326,409,-0.0041458262130618095
44,90,326,291,-0.00303271715529263
44,91,326,375,-0.008248379454016685
44,92,326,321,-0.011573356576263905
44,93,326,405,-0.01551046408712864
44,94,326,314,-0.009746531955897808
44,95,326,302,-0.004115009680390358
44,96,326,303,-0.008905889466404915
44,97,326,304,-0.005487229209393263
44,98,326,408,-0.0037585159298032522
44,99,326,307,-0.00826689600944519
44,100,326,320,-0.012043748050928116
44,101,326,404,-0.01693180948495865
44,102,326,315,-0.00739164836704731
44,103,326,268,-0.0022009899839758873
44,104,326,271,-0.006845231633633375
44,105,326,272,-0.005682718940079212
44,106,326,325,-0.008688192814588547
44,107,326,319,-0.011174219660460949
44,108,326,403,-0.013775128871202469
44,109,326,316,-0.005373937543481588
44,110,326,312,0.002937264973297715
44,111,326,311,-0.005280904937535524
44,112,326,310,-0.005168265197426081
44,113,326,415,-0.005147357936948538
44,114,326,308,-0.003028315491974354
44,115,326,324,-0.008156335912644863
44,116,326,318,-0.009736411273479462
44,117,326,402,-0.011985711753368378
44,118,326,317,0.0012028409400954843
45,46,0,37,-0.003218588884919882
45,47,0,39,-0.006965965032577515
45,48,0,40,-0.009025427512824535
45,49,0,185,-0.007333193439990282
45,50,0,61,-0.0053391363471746445
45,51,0,146,-0.0034919017925858498
45,52,0,91,0.00017553121142555028
45,53,0,181,-6.823366857133806e-05
45,54,0,84,0.005002553109079599
45,55,0,17,-0.0040212227031588554
45,56,0,11,-0.00022482221538666636
45,57,0,72,-0.002038701204583049
45,58,0,73,-0.00691012991592288
45,59,0,74,-0.009338741190731525
45,60,0,184,-0.006360283587127924
45,61,0,77,-0.003338345093652606
45,62,0,90,-6.727595609845594e-05
45,63,0,180,0.0005456028156913817
45,64,0,85,0.005003634840250015
45,65,0,16,-0.004087900742888451
45,66,0,12,-6.003783710184507e-05
45,67,0,38,-0.0022810143418610096
45,68,0,41,-0.006365436594933271
45,69,0,42,-0.007526895496994257
45,70,0,96,-0.0040462384931743145
45,71,0,89,-0.0011152016231790185
45,72,0,179,0.00027890040655620396
45,73,0,86,0.004286990035325289
45,74,0,15,-0.0033030330669134855
45,75,0,13,-0.0003053222317248583
45,76,0,82,-0.0036920595448464155
45,77,0,81,-0.006502427160739899
45,78,0,80,-0.006193389184772968
45,79,0,191,-0.006755252834409475
45,80,0,78,-0.00549144996330142
45,81,0,95,-0.003960843198001385
45,82,0,88,-0.0025887140072882175
45,83,0,178,0.0001582606928423047
45,84,0,87,0.0036637496668845415
45,85,0,14,-0.0018540946766734123
45,86,0,267,-0.00030260966741479933
45,87,0,269,0.00017809808196034282
45,88,0,270,-0.0018526701023802161
45,89,0,409,-0.0002953590010292828
45,90,0,291,-0.000641466467641294
45,91,0,375,-0.012047071009874344
45,92,0,321,-0.006764486897736788
45,93,0,405,-0.010921118780970573
45,94,0,314,-0.009938427247107029
45,95,0,302,-0.000900974846445024
45,96,0,303,-0.002306523732841015
45,97,0,304,-0.0017830822616815567
45,98,0,408,-0.0005295973969623446
45,99,0,307,-0.004652982112020254
45,100,0,320,-0.006963897962123156
45,101,0,404,-0.01010094489902258
45,102,0,315,-0.011890862137079239
45,103,0,268,-0.0013909598346799612
45,104,0,271,-0.001566059421747923
45,105,0,272,-0.0016900182235985994
45,106,0,325,-0.004967039916664362
45,107,0,319,-0.007001251447945833
45,108,0,403,-0.008661783300340176
45,109,0,316,-0.00996260717511177
45,110,0,312,-0.0006655539618805051
45,111,0,311,-0.000962322112172842
45,112,0,310,-0.00015887957124505192
45,113,0,415,-0.0003473155084066093
45,114,0,308,0.0010458448668941855
45,115,0,324,-0.002139283111318946
45,116,0,318,-0.00489031570032239
45,117,0,402,-0.0070594241842627525
45,118,0,317,-0.008607380092144012
46,47,37,39,-0.0033066128380596638
46,48,37,40,-0.007778020575642586
46,49,37,185,-0.006561248563230038
46,50,37,61,-0.006129564717411995
46,51,37,146,-0.004157494753599167
46,52,37,91,-0.0008956147357821465
46,53,37,181,0.002269334625452757
46,54,37,84,-0.004531379323452711
46,55,37,17,-0.014240079559385777
46,56,37,11,-0.004157571587711573
46,57,37,72,-0.00027581045287661254
46,58,37,73,-0.0036440568510442972
46,59,37,74,-0.006301349028944969
46,60,37,184,-0.005679591093212366
46,61,37,77,-0.0038342170882970095
46,62,37,90,-0.0007362713222391903
46,63,37,180,0.002292794641107321
46,64,37,85,-0.005968551151454449
46,65,37,16,-0.014169306494295597
46,66,37,12,-0.004545712843537331
46,67,37,38,9.395632514497265e-05
46,68,37,41,-0.003991364035755396
46,69,37,42,-0.005668889731168747
46,70,37,96,-0.0029665285255759954
46,71,37,89,-0.0010102692758664489
46,72,37,179,0.0022567235864698887
46,73,37,86,-0.006034420803189278
46,74,37,15,-0.012651855126023293
46,75,37,13,-0.003910823725163937
46,76,37,82,0.00039924189331941307
46,77,37,81,-0.0033519400749355555
46,78,37,80,-0.004920406267046928
46,79,37,191,-0.00425187312066555
46,80,37,78,-0.00373548804782331
46,81,37,95,-0.0015322272665798664
46,82,37,88,-0.0005633882828988135
46,83,37,178,0.002702324651181698
46,84,37,87,-0.004962402395904064
46,85,37,14,-0.013042030856013298
46,86,37,267,-0.003933199215680361
46,87,37,269,-0.0017089559696614742
46,88,37,270,-0.0006085611530579627
46,89,37,409,-0.0008098024409264326
46,90,37,291,0.00015913871175143868
46,91,37,375,-0.002396145137026906
46,92,37,321,-0.0065360101871192455
46,93,37,405,-0.010612902231514454
46,94,37,314,-0.014850904233753681
46,95,37,302,-0.004053577780723572
46,96,37,303,-0.003594449255615473
46,97,37,304,-0.001336690504103899
46,98,37,408,-0.0009434003150090575
46,99,37,307,-0.0034531198907643557
46,100,37,320,-0.007463210728019476
46,101,37,404,-0.011884891428053379
46,102,37,315,-0.015064874663949013
46,103,37,268,-0.004439355805516243
46,104,37,271,-0.0037411239463835955
46,105,37,272,-0.0004448088293429464
46,106,37,325,-0.002840029541403055
46,107,37,319,-0.008287961594760418
46,108,37,403,-0.011291692964732647
46,109,37,316,-0.013834390789270401
46,110,37,312,-0.004120675381273031
46,111,37,311,-0.0034366173204034567
46,112,37,310,-0.0010458427714183927
46,113,37,415,-0.0002939212427008897
46,114,37,308,5.577874617301859e-05
46,115,37,324,-0.0017624231986701488
46,116,37,318,-0.006900068838149309
46,117,37,402,-0.010193132795393467
46,118,37,317,-0.013323619961738586
47,48,39,40,-0.0022108082193881273
47,49,39,185,-0.0056622810661792755
47,50,39,61,-0.005455613136291504
47,51,39,146,-0.003177643520757556
47,52,39,91,0.00015026198525447398
47,53,39,181,-0.004593917168676853
47,54,39,84,-0.011209404096007347
47,55,39,17,-0.018911587074398994
47,56,39,11,-0.00793624110519886
47,57,39,72,-0.0038345695938915014
47,58,39,73,0.0004682541766669601
47,59,39,74,-0.002734655048698187
47,60,39,184,-0.004261472262442112
47,61,39,77,-0.0020650557707995176
47,62,39,90,0.001026792568154633
47,63,39,180,-0.005821983329951763
47,64,39,85,-0.011817984282970428
47,65,39,16,-0.019108591601252556
47,66,39,12,-0.008035522885620594
47,67,39,38,-0.004224088042974472
47,68,39,41,0.00047196197556331754
47,69,39,42,-0.002151396358385682
47,70,39,96,-0.0021872816141694784
47,71,39,89,0.0023561669513583183
47,72,39,179,-0.0059821088798344135
47,73,39,86,-0.0121474489569664
47,74,39,15,-0.01854918710887432
47,75,39,13,-0.007695705629885197
47,76,39,82,-0.0034562204964458942
47,77,39,81,0.00043143858783878386
47,78,39,80,-0.000621998799033463
47,79,39,191,-0.004459249787032604
47,80,39,78,-0.0037989222910255194
47,81,39,95,-0.00026713224360719323
47,82,39,88,0.0015509143704548478
47,83,39,178,-0.00613721739500761
47,84,39,87,-0.010751551948487759
47,85,39,14,-0.017171936109662056
47,86,39,267,-0.003999636042863131
47,87,39,269,-0.0016281309071928263
47,88,39,270,-0.0008051878539845347
47,89,39,409,-0.0001003152719931677
47,90,39,291,0.000945843115914613
47,91,39,375,-0.0009540338069200516
47,92,39,321,-0.004467392340302467
47,93,39,405,-0.009563134983181953
47,94,39,314,-0.016209321096539497
47,95,39,302,-0.004901249893009663
47,96,39,303,-0.0027061551809310913
47,97,39,304,-0.0010688629699870944
47,98,39,408,-0.00017229715012945235
47,99,39,307,-0.0018855025991797447
47,100,39,320,-0.004942611791193485
47,101,39,404,-0.010331224650144577
47,102,39,315,-0.017476316541433334
47,103,39,268,-0.00504143163561821
47,104,39,271,-0.004170221276581287
47,105,39,272,-0.0016170341987162828
47,106,39,325,-0.0018160747131332755
47,107,39,319,-0.00606476841494441
47,108,39,403,-0.011230329982936382
47,109,39,316,-0.01706666499376297
47,110,39,312,-0.0060033476911485195
47,111,39,311,-0.004963556304574013
47,112,39,310,-0.0018043722957372665
47,113,39,415,-0.00036324578104540706
47,114,39,308,-0.0003663939714897424
47,115,39,324,-0.0011840314837172627
47,116,39,318,-0.005525944288820028
47,117,39,402,-0.010873532854020596
47,118,39,317,-0.01559210754930973
48,49,40,185,-0.0019130557775497437
48,50,40,61,-0.002094060415402055
48,51,40,146,-0.00034763323492370546
48,52,40,91,-0.0019312731456011534
48,53,40,181,-0.007409945130348206
48,54,40,84,-0.013793312013149261
48,55,40,17,-0.022390946745872498
48,56,40,11,-0.01021614670753479
48,57,40,72,-0.008171828463673592
48,58,40,73,-0.003633130807429552
48,59,40,74,0.00015751019236631691
48,60,40,184,-0.0019296339014545083
48,61,40,77,0.0005280995392240584
48,62,40,90,-0.002417868934571743
48,63,40,180,-0.008092397823929787
48,64,40,85,-0.015124008059501648
48,65,40,16,-0.022502843290567398
48,66,40,12,-0.01032078918069601
48,67,40,38,-0.0075368257239460945
48,68,40,41,-0.003066031960770488
48,69,40,42,-0.0004671876085922122
48,70,40,96,0.000548601325135678
48,71,40,89,-0.0046540857292711735
48,72,40,179,-0.010277034714818
48,73,40,86,-0.015758557245135307
48,74,40,15,-0.021744349971413612
48,75,40,13,-0.010312364436686039
48,76,40,82,-0.007408362813293934
48,77,40,81,-0.003064915305003524
48,78,40,80,0.00021172482229303569
48,79,40,191,0.00046193061280064285
48,80,40,78,-0.001180014107376337
48,81,40,95,-0.0014033288462087512
48,82,40,88,-0.005110020283609629
48,83,40,178,-0.009202282875776291
48,84,40,87,-0.01430245116353035
48,85,40,14,-0.020920177921652794
48,86,40,267,-0.007572075352072716
48,87,40,269,-0.003989342134445906
48,88,40,270,-0.0008348699193447828
48,89,40,409,1.2395415978971869e-05
48,90,40,291,-0.0004049596900586039
48,91,40,375,-0.0009361512493342161
48,92,40,321,4.062344669364393e-05
48,93,40,405,0.002462530042976141
48,94,40,314,-0.018593329936265945
48,95,40,302,-0.005528511945158243
48,96,40,303,-0.0038564540445804596
48,97,40,304,-0.0009848137851804495
48,98,40,408,-6.068782113288762e-06
48,99,40,307,-0.0016199068631976843
48,100,40,320,-0.0057535916566848755
48,101,40,404,-0.012496406212449074
48,102,40,315,-0.019374756142497063
48,103,40,268,-0.006531816907227039
48,104,40,271,-0.004005624447017908
48,105,40,272,-0.002391773508861661
48,106,40,325,-0.002002295572310686
48,107,40,319,-0.006898458115756512
48,108,40,403,-0.012195520102977753
48,109,40,316,-0.019090574234724045
48,110,40,312,-0.007018306292593479
48,111,40,311,-0.004403772763907909
48,112,40,310,-0.0023700548335909843
48,113,40,415,-0.000263054680544883
48,114,40,308,0.00016443035565316677
48,115,40,324,-0.0014559243572875857
48,116,40,318,-0.006446127779781818
48,117,40,402,-0.012005649507045746
48,118,40,317,-0.017288196831941605
49,50,185,61,0.0002091091446345672
49,51,185,146,-0.0010412337724119425
49,52,185,91,-0.0055612181313335896
49,53,185,181,-0.012385097332298756
49,54,185,84,-0.01786503940820694
49,55,185,17,-0.021664930507540703
49,56,185,11,-0.007911785505712032
49,57,185,72,-0.006836747284978628
49,58,185,73,-0.005529472138732672
49,59,185,74,-0.0031927991658449173
49,60,185,184,-0.00011243345943512395
49,61,185,77,-0.0019760634750127792
49,62,185,90,-0.005424705799669027
49,63,185,180,-0.012319161556661129
49,64,185,85,-0.019190602004528046
49,65,185,16,-0.016896840184926987
49,66,185,12,-0.008104472421109676
49,67,185,38,-0.007993482984602451
49,68,185,41,-0.006404265761375427
49,69,185,42,-0.003674094332382083
49,70,185,96,-0.0031786863692104816
49,71,185,89,-0.0077146729454398155
49,72,185,179,-0.013180412352085114
49,73,185,86,-0.018930722028017044
49,74,185,15,-0.022369394078850746
49,75,185,13,-0.009306201711297035
49,76,185,82,-0.008262346498668194
49,77,185,81,-0.005786944646388292
49,78,185,80,-0.0026618512347340584
49,79,185,191,0.00033576603163965046
49,80,185,78,-0.0002769965794868767
49,81,185,95,-0.004334259312599897
49,82,185,88,-0.007518434897065163
49,83,185,178,-0.01438179425895214
49,84,185,87,-0.01759154722094536
49,85,185,14,-0.020534459501504898
49,86,185,267,-0.005573410075157881
49,87,185,269,-0.0030656447634100914
49,88,185,270,-0.0030619159806519747
49,89,185,409,-0.0005890215979889035
49,90,185,291,2.4747312636463903e-05
49,91,185,375,-0.002275864128023386
49,92,185,321,-0.0009520300081931055
49,93,185,405,-0.0005001097451895475
49,94,185,314,-0.01772930659353733
49,95,185,302,-0.006074015516787767
49,96,185,303,-0.0035748023074120283
49,97,185,304,-0.0038164090365171432
49,98,185,408,-0.0018651767168194056
49,99,185,307,-0.002558597829192877
49,100,185,320,-0.0002340979262953624
49,101,185,404,-2.0290946849854663e-05
49,102,185,315,-0.017529111355543137
49,103,185,268,-0.006995797622948885
49,104,185,271,-0.0041517154313623905
49,105,185,272,-0.0035809872206300497
49,106,185,325,-0.003157319501042366
49,107,185,319,-0.006988066714257002
49,108,185,403,-0.01296402607113123
49,109,185,316,-0.019147314131259918
49,110,185,312,-0.006584471557289362
49,111,185,311,-0.0041570765897631645
49,112,185,310,-0.003319718176499009
49,113,185,415,-4.214825094095431e-05
49,114,185,308,-7.663582800887525e-05
49,115,185,324,-0.0037081094924360514
49,116,185,318,-0.002169557847082615
49,117,185,402,-0.012288247235119343
49,118,185,317,-0.016777604818344116
50,51,61,146,-0.0027361793909221888
50,52,61,91,-0.006909491959959269
50,53,61,181,-0.010410959832370281
50,54,61,84,-0.015858681872487068
50,55,61,17,-0.01544861774891615
50,56,61,11,-0.006062233820557594
50,57,61,72,-0.0063214679248631
50,58,61,73,-0.0053319442085921764
50,59,61,74,-0.003562863450497389
50,60,61,184,5.156283805263229e-06
50,61,61,77,-0.003191815223544836
50,62,61,90,-0.00699617387726903
50,63,61,180,-0.01218040194362402
50,64,61,85,-0.015332702547311783
50,65,61,16,-0.01596728339791298
50,66,61,12,-0.006571229547262192
50,67,61,38,-0.005592855624854565
50,68,61,41,-0.005132548976689577
50,69,61,42,-0.0041874004527926445
50,70,61,96,-0.004006829112768173
50,71,61,89,-0.008042950183153152
50,72,61,179,-0.014645073562860489
50,73,61,86,-0.017007578164339066
50,74,61,15,-0.014939592219889164
50,75,61,13,-0.007415038999170065
50,76,61,82,-0.005460557993501425
50,77,61,81,-0.005191328004002571
50,78,61,80,-0.004043960012495518
50,79,61,191,-0.0012403067667037249
50,80,61,78,-0.0006314635393209755
50,81,61,95,-0.0051867421716451645
50,82,61,88,-0.008438313379883766
50,83,61,178,-0.01359033677726984
50,84,61,87,-0.015996761620044708
50,85,61,14,-0.011102305725216866
50,86,61,267,-0.00368318404071033
50,87,61,269,-0.001970372162759304
50,88,61,270,-0.0019504933152347803
50,89,61,409,-0.0011815817561000586
50,90,61,291,-0.0003029645304195583
50,91,61,375,0.016123870387673378
50,92,61,321,0.011844505555927753
50,93,61,405,-0.004832597449421883
50,94,61,314,-0.010109316557645798
50,95,61,302,-0.004153026267886162
50,96,61,303,-0.0032928010914474726
50,97,61,304,-0.002892374061048031
50,98,61,408,-0.0022117923945188522
50,99,61,307,-0.0051277028396725655
50,100,61,320,-0.008357174694538116
50,101,61,404,-0.00950732734054327
50,102,61,315,0.004282181151211262
50,103,61,268,-0.004316526930779219
50,104,61,271,-0.0027870398480445147
50,105,61,272,-0.003827459178864956
50,106,61,325,-0.006059932988137007
50,107,61,319,-0.008827883750200272
50,108,61,403,-0.009351136162877083
50,109,61,316,-0.004980619065463543
50,110,61,312,-0.005427573807537556
50,111,61,311,-0.004894278012216091
50,112,61,310,0.014719639904797077
50,113,61,415,-0.0032211090438067913
50,114,61,308,-0.0032809150870889425
50,115,61,324,-0.005511874798685312
50,116,61,318,-0.006572738755494356
50,117,61,402,-0.010559756308794022
50,118,61,317,-0.014186111278831959
51,52,146,91,-0.004023996647447348
51,53,146,181,-0.010668467730283737
51,54,146,84,-0.014188364148139954
51,55,146,17,-0.018757766112685204
51,56,146,11,-0.004417646210640669
51,57,146,72,-0.004813170991837978
51,58,146,73,-0.003873663255944848
51,59,146,74,-0.0012614120496436954
51,60,146,184,0.0007899566553533077
51,61,146,77,0.0005678876768797636
51,62,146,90,-0.004067550413310528
51,63,146,180,-0.010637723840773106
51,64,146,85,-0.016605380922555923
51,65,146,16,-0.01952664740383625
51,66,146,12,-0.004049933515489101
51,67,146,38,-0.004214640241116285
51,68,146,41,-0.003467689733952284
51,69,146,42,-0.0008698308956809342
51,70,146,96,-0.00033203556085936725
51,71,146,89,-0.005695519503206015
51,72,146,179,-0.012796304188668728
51,73,146,86,-0.016367269679903984
51,74,146,15,-0.020475637167692184
51,75,146,13,-0.004576022736728191
51,76,146,82,-0.005317219067364931
51,77,146,81,-0.002868394134566188
51,78,146,80,-0.000549429445527494
51,79,146,191,0.0014932053163647652
51,80,146,78,-0.0007501395302824676
51,81,146,95,-0.0004719528369605541
51,82,146,88,-0.005990735720843077
51,83,146,178,-0.013099702075123787
51,84,146,87,-0.015787634998559952
51,85,146,14,-0.01844146102666855
51,86,146,267,-0.0018099421868100762
51,87,146,269,-0.0005102030117996037
51,88,146,270,-0.0007581469253636897
51,89,146,409,-2.6842541046789847e-05
51,90,146,291,0.00012347289884928614
51,91,146,375,0.007730527780950069
51,92,146,321,0.0038548032753169537
51,93,146,405,-0.0074941255152225494
51,94,146,314,-0.013167932629585266
51,95,146,302,-0.0021294644102454185
51,96,146,303,-0.0009052635869011283
51,97,146,304,-0.000619560363702476
51,98,146,408,0.00019642013648990542
51,99,146,307,-0.0002870097814593464
51,100,146,320,-0.006734919734299183
51,101,146,404,-0.010391720570623875
51,102,146,315,-0.014006046578288078
51,103,146,268,-0.003915656358003616
51,104,146,271,-0.0018628929974511266
51,105,146,272,-0.0013387510553002357
51,106,146,325,-0.0014991691568866372
51,107,146,319,-0.006146838888525963
51,108,146,403,-0.010963855311274529
51,109,146,316,-0.014699854888021946
51,110,146,312,-0.004422040190547705
51,111,146,311,-0.002635460812598467
51,112,146,310,-0.002137922216206789
51,113,146,415,0.00023780993069522083
51,114,146,308,0.0011144849704578519
51,115,146,324,-0.0007282725418917835
51,116,146,318,-0.004454796202480793
51,117,146,402,-0.008725596591830254
51,118,146,317,-0.0134046645835042
52,53,91,181,-0.004925857298076153
52,54,91,84,-0.012049083597958088
52,55,91,17,-0.016688024625182152
52,56,91,11,-0.002141266828402877
52,57,91,72,-0.0007783385808579624
52,58,91,73,-0.00012637546751648188
52,59,91,74,0.0003034992259927094
52,60,91,184,-0.0072377524338662624
52,61,91,77,-0.004429185763001442
52,62,91,90,0.00020084704738110304
52,63,91,180,-0.0057810391299426556
52,64,91,85,-0.013743174262344837
52,65,91,16,-0.01828448288142681
52,66,91,12,-0.002221600152552128
52,67,91,38,-0.0019931329879909754
52,68,91,41,0.00034708049497567117
52,69,91,42,0.0029301694594323635
52,70,91,96,-0.0038463049568235874
52,71,91,89,0.0003446682821959257
52,72,91,179,-0.0069825476966798306
52,73,91,86,-0.012781399302184582
52,74,91,15,-0.017204979434609413
52,75,91,13,-0.0030089453794062138
52,76,91,82,-0.0016392372781410813
52,77,91,81,0.000368159671779722
52,78,91,80,0.00301346299238503
52,79,91,191,-0.002983714919537306
52,80,91,78,-0.0047457339242100716
52,81,91,95,-0.0008094325312413275
52,82,91,88,0.000447246857220307
52,83,91,178,-0.005732260178774595
52,84,91,87,-0.011446869000792503
52,85,91,14,-0.014937235042452812
52,86,91,267,7.922604709165171e-05
52,87,91,269,0.001230750815011561
52,88,91,270,0.0033089870121330023
52,89,91,409,0.00652257539331913
52,90,91,291,0.0058837346732616425
52,91,91,375,9.130214311880991e-05
52,92,91,321,-0.001347901183180511
52,93,91,405,-0.007141469046473503
52,94,91,314,-0.012742707505822182
52,95,91,302,-0.00029816990718245506
52,96,91,303,0.0009804981527850032
52,97,91,304,0.002714959206059575
52,98,91,408,0.004578904714435339
52,99,91,307,0.0013514957390725613
52,100,91,320,-0.001421113032847643
52,101,91,404,-0.007672267034649849
52,102,91,315,-0.01355803944170475
52,103,91,268,7.42456250009127e-05
52,104,91,271,0.0005325814126990736
52,105,91,272,0.0018434684025123715
52,106,91,325,0.00036389153683558106
52,107,91,319,-0.002325707580894232
52,108,91,403,-0.006502222735434771
52,109,91,316,-0.01160739827901125
52,110,91,312,-0.0014837788185104728
52,111,91,311,0.0006967962253838778
52,112,91,310,0.0010000993497669697
52,113,91,415,0.003667354118078947
52,114,91,308,0.004468055907636881
52,115,91,324,0.0016821648459881544
52,116,91,318,-0.0011776925530284643
52,117,91,402,-0.005394402425736189
52,118,91,317,-0.009859336540102959
53,54,181,84,-0.006262573879212141
53,55,181,17,-0.012567108497023582
53,56,181,11,0.00010756502160802484
53,57,181,72,0.0012714234180748463
53,58,181,73,-0.0029299885500222445
53,59,181,74,-0.00803135335445404
53,60,181,184,-0.010466582141816616
53,61,181,77,-0.009639520198106766
53,62,181,90,-0.005311404820531607
53,63,181,180,0.00021401206322479993
53,64,181,85,-0.007737491279840469
53,65,181,16,-0.014108190312981606
53,66,181,12,-6.493787805084139e-05
53,67,181,38,0.0014075819635763764
53,68,181,41,0.004591562319546938
53,69,181,42,-0.008661380037665367
53,70,181,96,-0.008365071378648281
53,71,181,89,-0.005005005281418562
53,72,181,179,0.0004215748340357095
53,73,181,86,-0.006806588266044855
53,74,181,15,-0.013200605288147926
53,75,181,13,0.0003835947427432984
53,76,181,82,0.003042737254872918
53,77,181,81,0.006061858497560024
53,78,181,80,-0.00783245638012886
53,79,181,191,-0.010212162509560585
53,80,181,78,-0.009333577007055283
53,81,181,95,-0.005336303263902664
53,82,181,88,-0.00513257784768939
53,83,181,178,0.0006959990714676678
53,84,181,87,-0.0052652787417173386
53,85,181,14,-0.010455354116857052
53,86,181,267,0.0023908570874482393
53,87,181,269,0.003458590479567647
53,88,181,270,0.0048702191561460495
53,89,181,409,0.00853734277188778
53,90,181,291,0.008856733329594135
53,91,181,375,0.00807623378932476
53,92,181,321,0.0009444844909012318
53,93,181,405,-0.0024522696621716022
53,94,181,314,-0.0072532226331532
53,95,181,302,0.0008670028182677925
53,96,181,303,0.003069325815886259
53,97,181,304,0.007344348821789026
53,98,181,408,0.00645266380161047
53,99,181,307,0.0037198751233518124
53,100,181,320,0.00011778288899222389
53,101,181,404,-0.003158950014039874
53,102,181,315,-0.008587265387177467
53,103,181,268,0.0012128514936193824
53,104,181,271,0.003459115279838443
53,105,181,272,0.006053743418306112
53,106,181,325,0.0034612996969372034
53,107,181,319,0.00038329532253555954
53,108,181,403,-0.0030885038431733847
53,109,181,316,-0.008217016234993935
53,110,181,312,0.0011835340410470963
53,111,181,311,0.004327758215367794
53,112,181,310,0.005471409764140844
53,113,181,415,0.0008153704693540931
53,114,181,308,0.00794303696602583
53,115,181,324,0.0014633717946708202
53,116,181,318,0.0008824717369861901
53,117,181,402,-0.0018669456476345658
53,118,181,317,-0.00555730564519763
54,55,84,17,-0.007457173429429531
54,56,84,11,0.003950062673538923
54,57,84,72,-0.002971882000565529
54,58,84,73,-0.010755376890301704
54,59,84,74,-0.013683230616152287
54,60,84,184,-0.01820281706750393
54,61,84,77,-0.013597287237644196
54,62,84,90,-0.012355298735201359
54,63,84,180,-0.005534993018954992
54,64,84,85,-0.0004405136569403112
54,65,84,16,-0.008466627448797226
54,66,84,12,0.003542677965015173
54,67,84,38,0.001955056795850396
54,68,84,41,-0.010927640832960606
54,69,84,42,-0.013530868105590343
54,70,84,96,-0.01308376807719469
54,71,84,89,-0.010791013948619366
54,72,84,179,-0.005271779838949442
54,73,84,86,-7.96465901657939e-05
54,74,84,15,-0.006855970714241266
54,75,84,13,0.005000886507332325
54,76,84,82,0.005437210667878389
54,77,84,81,-0.010771448723971844
54,78,84,80,-0.011701889336109161
54,79,84,191,-0.014166910201311111
54,80,84,78,-0.013970675878226757
54,81,84,95,-0.011907891370356083
54,82,84,88,-0.009479181841015816
54,83,84,178,-0.0058744181878864765
54,84,84,87,0.0019233961356803775
54,85,84,14,-0.0038200353737920523
54,86,84,267,0.004628365393728018
54,87,84,269,0.005746398586779833
54,88,84,270,0.007104141637682915
54,89,84,409,0.00823963712900877
54,90,84,291,0.008720052428543568
54,91,84,375,0.007860456593334675
54,92,84,321,0.002243278780952096
54,93,84,405,-0.000979400472715497
54,94,84,314,-0.004430681467056274
54,95,84,302,0.004510535858571529
54,96,84,303,0.00579289672896266
54,97,84,304,0.008156808093190193
54,98,84,408,0.007319884840399027
54,99,84,307,0.006192006636410952
54,100,84,320,0.0017679932061582804
54,101,84,404,-0.0016475374577566981
54,102,84,315,-0.0061080679297447205
54,103,84,268,0.00472031207755208
54,104,84,271,0.005943183787167072
54,105,84,272,0.007776465732604265
54,106,84,325,0.005776469130069017
54,107,84,319,0.002153007546439767
54,108,84,403,-0.0009758523083291948
54,109,84,316,-0.004562706220895052
54,110,84,312,0.005626284051686525
54,111,84,311,0.007829459384083748
54,112,84,310,0.008488237857818604
54,113,84,415,0.009023656137287617
54,114,84,308,0.007707185577601194
54,115,84,324,0.00541802030056715
54,116,84,318,0.0025429686065763235
54,117,84,402,0.0002731344720814377
54,118,84,317,-0.0014036749489605427
55,56,17,11,-0.002743396209552884
55,57,17,72,-0.014017152599990368
55,58,17,73,-0.01829366385936737
55,59,17,74,-0.021807735785841942
55,60,17,184,-0.02039320208132267
55,61,17,77,-0.01762988604605198
55,62,17,90,-0.017761947587132454
55,63,17,180,-0.013250072486698627
55,64,17,85,-0.006872853264212608
55,65,17,16,0.0002223906631115824
55,66,17,12,-0.0020588496699929237
55,67,17,38,-0.013091296888887882
55,68,17,41,-0.018016792833805084
55,69,17,42,-0.01977415196597576
55,70,17,96,-0.01645781099796295
55,71,17,89,-0.01527489349246025
55,72,17,179,-0.011738164350390434
55,73,17,86,-0.006673662923276424
55,74,17,15,0.0008233608677983284
55,75,17,13,-0.003602379932999611
55,76,17,82,-0.012518489733338356
55,77,17,81,-0.015594534575939178
55,78,17,80,-0.016681907698512077
55,79,17,191,-0.0189572274684906
55,80,17,78,-0.017224693670868874
55,81,17,95,-0.015663497149944305
55,82,17,88,-0.015499720349907875
55,83,17,178,-0.012826713733375072
55,84,17,87,-0.007355062756687403
55,85,17,14,0.0002902917913161218
55,86,17,267,0.009782273322343826
55,87,17,269,0.01206275075674057
55,88,17,270,0.011041269637644291
55,89,17,409,0.012715444900095463
55,90,17,291,0.010959424078464508
55,91,17,375,0.006236761808395386
55,92,17,321,0.0031136255711317062
55,93,17,405,0.0004484695673454553
55,94,17,314,-0.001039726659655571
55,95,17,302,0.009093237109482288
55,96,17,303,0.010400375351309776
55,97,17,304,0.013204924762248993
55,98,17,408,0.012719585560262203
55,99,17,307,0.00734461285173893
55,100,17,320,0.003473788732662797
55,101,17,404,0.00022858688316773623
55,102,17,315,-0.0012785469880327582
55,103,17,268,0.009093090891838074
55,104,17,271,0.010492176748812199
55,105,17,272,0.012715602293610573
55,106,17,325,0.007041852921247482
55,107,17,319,0.004875685553997755
55,108,17,403,0.0012465926120057702
55,109,17,316,0.0005850281449966133
55,110,17,312,0.011531145311892033
55,111,17,311,0.012851092033088207
55,112,17,310,0.013658096082508564
55,113,17,415,0.01241515576839447
55,114,17,308,0.010801420547068119
55,115,17,324,0.009139270521700382
55,116,17,318,0.006323220208287239
55,117,17,402,0.0036345981061458588
55,118,17,317,0.0026963853742927313
56,57,11,72,-0.003541048849001527
56,58,11,73,-0.0074143195524811745
56,59,11,74,-0.01017681509256363
56,60,11,184,-0.007156700361520052
56,61,11,77,-0.004441773984581232
56,62,11,90,-0.0015483712777495384
56,63,11,180,0.0001633585343370214
56,64,11,85,0.004297374282032251
56,65,11,16,-0.003792419796809554
56,66,11,12,-0.00016076327301561832
56,67,11,38,-0.0033679420594125986
56,68,11,41,-0.0069503337144851685
56,69,11,42,-0.00797728169709444
56,70,11,96,-0.004999150987714529
56,71,11,89,-0.0019407516811043024
56,72,11,179,-0.000788314500823617
56,73,11,86,0.003546176478266716
56,74,11,15,-0.0013368811924010515
56,75,11,13,-0.0005485501606017351
56,76,11,82,-0.004406166262924671
56,77,11,81,-0.006751226261258125
56,78,11,80,-0.0068472279235720634
56,79,11,191,-0.0080407178029418
56,80,11,78,-0.006533704698085785
56,81,11,95,-0.005065441131591797
56,82,11,88,-0.0029372586868703365
56,83,11,178,-0.0009166462696157396
56,84,11,87,0.002173672430217266
56,85,11,14,-0.0015959577867761254
56,86,11,267,0.00032722417381592095
56,87,11,269,0.0007985850679688156
56,88,11,270,-0.0007077387417666614
56,89,11,409,-0.001588806975632906
56,90,11,291,0.0003009498759638518
56,91,11,375,-0.011590785346925259
56,92,11,321,-0.005921823438256979
56,93,11,405,-0.009752181358635426
56,94,11,314,-0.009558414109051228
56,95,11,302,7.746672781649977e-05
56,96,11,303,-0.0007148543372750282
56,97,11,304,-0.0014692065306007862
56,98,11,408,0.00035571790067479014
56,99,11,307,-0.0051314011216163635
56,100,11,320,-0.006193497683852911
56,101,11,404,-0.009337753988802433
56,102,11,315,-0.010831660591065884
56,103,11,268,-0.0002523058792576194
56,104,11,271,-0.0006569051765836775
56,105,11,272,-0.0007010637782514095
56,106,11,325,-0.004556271247565746
56,107,11,319,-0.005626319441944361
56,108,11,403,-0.007675444707274437
56,109,11,316,-0.009147103875875473
56,110,11,312,-0.00016534097085241228
56,111,11,311,-0.00014541503333020955
56,112,11,310,-1.6741934814490378e-05
56,113,11,415,-0.00016776093980297446
56,114,11,308,0.0016112306620925665
56,115,11,324,-0.0015258071944117546
56,116,11,318,-0.004092810675501823
56,117,11,402,-0.006791316904127598
56,118,11,317,-0.0076540689915418625
57,58,72,73,-0.0034721349366009235
57,59,72,74,-0.007381580304354429
57,60,72,184,-0.006449343636631966
57,61,72,77,-0.004673615097999573
57,62,72,90,-0.0014291824772953987
57,63,72,180,0.0020137024112045765
57,64,72,85,-0.00507791293784976
57,65,72,16,-0.013859225437045097
57,66,72,12,-0.0035865388344973326
57,67,72,38,-0.0001098525826819241
57,68,72,41,-0.003255380317568779
57,69,72,42,-0.0062785679474473
57,70,72,96,-0.004026504699140787
57,71,72,89,-0.000938352313823998
57,72,72,179,0.0023379018530249596
57,73,72,86,-0.005495371297001839
57,74,72,15,-0.01385054923593998
57,75,72,13,-0.003118002787232399
57,76,72,82,-9.948421939043328e-05
57,77,72,81,-0.0037764322478324175
57,78,72,80,-0.005889419466257095
57,79,72,191,-0.005196041893213987
57,80,72,78,-0.0049669877626001835
57,81,72,95,-0.0028559197671711445
57,82,72,88,-0.0008101593120954931
57,83,72,178,0.0015809795586392283
57,84,72,87,-0.004549550358206034
57,85,72,14,-0.012280541472136974
57,86,72,267,-0.002291789511218667
57,87,72,269,-0.0008291513659060001
57,88,72,270,-0.00047868952970020473
57,89,72,409,-0.0006858212291263044
57,90,72,291,0.0007462414214387536
57,91,72,375,-0.004163672216236591
57,92,72,321,-0.005523015279322863
57,93,72,405,-0.010498708114027977
57,94,72,314,-0.014626333490014076
57,95,72,302,-0.0031056730076670647
57,96,72,303,-0.0030786923598498106
57,97,72,304,-0.0012281786184757948
57,98,72,408,-0.0006973816780373454
57,99,72,307,-0.003723581787198782
57,100,72,320,-0.006901351269334555
57,101,72,404,-0.011591117829084396
57,102,72,315,-0.014682146720588207
57,103,72,268,-0.003740668995305896
57,104,72,271,-0.0029153248760849237
57,105,72,272,-0.0010324653703719378
57,106,72,325,-0.0033429977484047413
57,107,72,319,-0.007945437915623188
57,108,72,403,-0.011083445511758327
57,109,72,316,-0.013487385585904121
57,110,72,312,-0.0037472061812877655
57,111,72,311,-0.0027049886994063854
57,112,72,310,-0.00047602172708138824
57,113,72,415,8.279659232357517e-05
57,114,72,308,-0.0009876989061012864
57,115,72,324,-0.0008604189497418702
57,116,72,318,-0.005400741007179022
57,117,72,402,-0.010162507183849812
57,118,72,317,-0.013087278231978416
58,59,73,74,-0.002070646034553647
58,60,73,184,-0.004949725698679686
58,61,73,77,-0.0018631455022841692
58,62,73,90,0.0008290062542073429
58,63,73,180,-0.00480271689593792
58,64,73,85,-0.011996692046523094
58,65,73,16,-0.018845586106181145
58,66,73,12,-0.007661035750061274
58,67,73,38,-0.0033791237510740757
58,68,73,41,-0.0006063736509531736
58,69,73,42,-0.0022527379915118217
58,70,73,96,-0.00203477730974555
58,71,73,89,0.0021346556022763252
58,72,73,179,-0.004838037770241499
58,73,73,86,-0.01186977420002222
58,74,73,15,-0.017250515520572662
58,75,73,13,-0.00766517361626029
58,76,73,82,-0.0031878938898444176
58,77,73,81,6.0468515584943816e-05
58,78,73,80,-0.0024671738501638174
58,79,73,191,-0.004813072271645069
58,80,73,78,-0.0050614676438272
58,81,73,95,-0.00022759963758289814
58,82,73,88,0.0023571171332150698
58,83,73,178,-0.00518958130851388
58,84,73,87,-0.009633919224143028
58,85,73,14,-0.01645484007894993
58,86,73,267,-0.004672825802117586
58,87,73,269,-0.0014883045805618167
58,88,73,270,2.6374200388090685e-05
58,89,73,409,-0.00011119520786451176
58,90,73,291,0.000709123385604471
58,91,73,375,-0.0018276611808687449
58,92,73,321,-0.0047660465352237225
58,93,73,405,-0.010634997859597206
58,94,73,314,-0.01681162789463997
58,95,73,302,-0.004458464216440916
58,96,73,303,-0.0030741088557988405
58,97,73,304,-0.0009734848281368613
58,98,73,408,-0.0004718808922916651
58,99,73,307,-0.0020433685276657343
58,100,73,320,-0.005548229441046715
58,101,73,404,-0.010692575015127659
58,102,73,315,-0.017923707142472267
58,103,73,268,-0.004382748622447252
58,104,73,271,-0.0037598770577460527
58,105,73,272,-0.0017679021693766117
58,106,73,325,-0.0016590777086094022
58,107,73,319,-0.006190365180373192
58,108,73,403,-0.011462301947176456
58,109,73,316,-0.017121322453022003
58,110,73,312,-0.005130848381668329
58,111,73,311,-0.0037075113505125046
58,112,73,310,-0.0011353851296007633
58,113,73,415,-0.0006247797282412648
58,114,73,308,-0.00022975046886131167
58,115,73,324,-0.0018221886130049825
58,116,73,318,-0.005369066260755062
58,117,73,402,-0.011756449937820435
58,118,73,317,-0.01544185820966959
59,60,74,184,-0.002726772101595998
59,61,74,77,0.0003208230482414365
59,62,74,90,-0.0024929267819970846
59,63,74,180,-0.007689855992794037
59,64,74,85,-0.015160503797233105
59,65,74,16,-0.022250834852457047
59,66,74,12,-0.010309970937669277
59,67,74,38,-0.007874639704823494
59,68,74,41,-0.002909504109993577
59,69,74,42,-0.0003500387829262763
59,70,74,96,0.0008670049137435853
59,71,74,89,-0.0030644878279417753
59,72,74,179,-0.008089988492429256
59,73,74,86,-0.014877506531774998
59,74,74,15,-0.02168869972229004
59,75,74,13,-0.00994955375790596
59,76,74,82,-0.007434079889208078
59,77,74,81,-0.0024792393669486046
59,78,74,80,0.0006457812851294875
59,79,74,191,-0.0009245897526852787
59,80,74,78,-0.001582111231982708
59,81,74,95,0.001071085804142058
59,82,74,88,-0.003985535353422165
59,83,74,178,-0.007966794073581696
59,84,74,87,-0.013825834728777409
59,85,74,14,-0.01988019049167633
59,86,74,267,-0.005087600089609623
59,87,74,269,-0.0033266209065914154
59,88,74,270,-0.0011466899886727333
59,89,74,409,-0.0001721981243463233
59,90,74,291,-0.0003898669092450291
59,91,74,375,-0.0017672079848125577
59,92,74,321,0.0005900535616092384
59,93,74,405,0.0011287645902484655
59,94,74,314,-0.018650410696864128
59,95,74,302,-0.006381370592862368
59,96,74,303,-0.0035160351544618607
59,97,74,304,-0.0021445162128657103
59,98,74,408,-4.915069439448416e-06
59,99,74,307,-0.002749202074483037
59,100,74,320,-0.006106696091592312
59,101,74,404,-0.013618456199765205
59,102,74,315,-0.019098233431577682
59,103,74,268,-0.0072107622399926186
59,104,74,271,-0.0038561595138162374
59,105,74,272,-0.002274136757478118
59,106,74,325,-0.001406973460689187
59,107,74,319,-0.0069670178927481174
59,108,74,403,-0.012110966257750988
59,109,74,316,-0.01926959678530693
59,110,74,312,-0.006737188436090946
59,111,74,311,-0.004442451987415552
59,112,74,310,-0.0018840370466932654
59,113,74,415,-7.215636287583038e-05
59,114,74,308,0.00023543757561128587
59,115,74,324,-0.0020673037506639957
59,116,74,318,-0.006445503327995539
59,117,74,402,-0.01158184465020895
59,118,74,317,-0.016893818974494934
60,61,184,77,-0.001963346963748336
60,62,184,90,-0.004914343357086182
60,63,184,180,-0.012718025594949722
60,64,184,85,-0.018741652369499207
60,65,184,16,-0.021962236613035202
60,66,184,12,-0.007022349629551172
60,67,184,38,-0.006547063123434782
60,68,184,41,-0.005321401637047529
60,69,184,42,-0.003170125652104616
60,70,184,96,-0.0016520724166184664
60,71,184,89,-0.006954174488782883
60,72,184,179,-0.01267301943153143
60,73,184,86,-0.01845909096300602
60,74,184,15,-0.020521532744169235
60,75,184,13,-0.008095964789390564
60,76,184,82,-0.0076809716410934925
60,77,184,81,-0.005993508733808994
60,78,184,80,-0.0028954327572137117
60,79,184,191,0.0002860595122911036
60,80,184,78,0.00027006471646018326
60,81,184,95,-0.0036846825387328863
60,82,184,88,-0.006870944052934647
60,83,184,178,-0.011513729579746723
60,84,184,87,-0.017438283190131187
60,85,184,14,-0.019966857507824898
60,86,184,267,-0.00542655261233449
60,87,184,269,-0.0031583271920681
60,88,184,270,-0.0028531465213745832
60,89,184,409,-0.0013349400833249092
60,90,184,291,8.65385154611431e-05
60,91,184,375,-0.0027539946604520082
60,92,184,321,3.652071609394625e-05
60,93,184,405,-0.010408766567707062
60,94,184,314,-0.018683379516005516
60,95,184,302,-0.0051332819275557995
60,96,184,303,-0.0036444799043238163
60,97,184,304,-0.002884148620069027
60,98,184,408,-0.0010604443959891796
60,99,184,307,-0.00265755713917315
60,100,184,320,-0.007334050256758928
60,101,184,404,-0.012527208775281906
60,102,184,315,-0.018382061272859573
60,103,184,268,-0.005868215579539537
60,104,184,271,-0.0035161382984369993
60,105,184,272,-0.0034667477011680603
60,106,184,325,-0.00321445195004344
60,107,184,319,-0.007779499050229788
60,108,184,403,-0.013058586046099663
60,109,184,316,-0.017781926319003105
60,110,184,312,-0.005946861580014229
60,111,184,311,-0.00480910949409008
60,112,184,310,-0.002694710623472929
60,113,184,415,-7.385667413473129e-05
60,114,184,308,-3.073846164625138e-05
60,115,184,324,-0.002956583397462964
60,116,184,318,-0.005521807819604874
60,117,184,402,-0.011482282541692257
60,118,184,317,-0.016524601727724075
61,62,77,90,-0.0033322100061923265
61,63,77,180,-0.010933308862149715
61,64,77,85,-0.013757549226284027
61,65,77,16,-0.018339453265070915
61,66,77,12,-0.004977328237146139
61,67,77,38,-0.004366650711745024
61,68,77,41,-0.0026522076223045588
61,69,77,42,-0.0014246912905946374
61,70,77,96,0.0002833921171259135
61,71,77,89,-0.004560284316539764
61,72,77,179,-0.011103174649178982
61,73,77,86,-0.016068633645772934
61,74,77,15,-0.018544554710388184
61,75,77,13,-0.005355616100132465
61,76,77,82,-0.0034020196180790663
61,77,77,81,-0.0027406096924096346
61,78,77,80,-0.0004578567168209702
61,79,77,191,0.0021124600898474455
61,80,77,78,-0.0016259776894003153
61,81,77,95,-0.0007385904318653047
61,82,77,88,-0.004956567659974098
61,83,77,178,-0.01075387466698885
61,84,77,87,-0.015622979961335659
61,85,77,14,-0.01601722277700901
61,86,77,267,-0.002295989077538252
61,87,77,269,-0.0010296364780515432
61,88,77,270,-0.00030338787473738194
61,89,77,409,-0.0004899263731203973
61,90,77,291,0.0002906066656578332
61,91,77,375,-0.000993375200778246
61,92,77,321,-0.006082966458052397
61,93,77,405,-0.009899521246552467
61,94,77,314,-0.01377900317311287
61,95,77,302,-0.0028778461273759604
61,96,77,303,-0.00017140994896180928
61,97,77,304,-0.00023218203568831086
61,98,77,408,0.00018928208737634122
61,99,77,307,-0.0004503823583945632
61,100,77,320,-0.0062272134236991405
61,101,77,404,-0.011167781427502632
61,102,77,315,-0.015593416057527065
61,103,77,268,-0.0034508495591580868
61,104,77,271,-0.002010530326515436
61,105,77,272,-0.0009487156639806926
61,106,77,325,-0.001018376904539764
61,107,77,319,-0.00544757628813386
61,108,77,403,-0.010777471587061882
61,109,77,316,-0.015311655588448048
61,110,77,312,-0.004380704369395971
61,111,77,311,-0.002334775635972619
61,112,77,310,-0.0018410026095807552
61,113,77,415,-0.00029015089967288077
61,114,77,308,0.004140328150242567
61,115,77,324,-0.0015560348983854055
61,116,77,318,-0.005283599253743887
61,117,77,402,-0.008575002662837505
61,118,77,317,-0.012922625057399273
62,63,90,180,-0.004761139862239361
62,64,90,85,-0.013042252510786057
62,65,90,16,-0.018510708585381508
62,66,90,12,-0.0020724781788885593
62,67,90,38,-0.0006084483466111124
62,68,90,41,-0.00011185796756763011
62,69,90,42,0.002396932803094387
62,70,90,96,-0.003821555059403181
62,71,90,89,4.294623067835346e-05
62,72,90,179,-0.005731384269893169
62,73,90,86,-0.012015830725431442
62,74,90,15,-0.017946671694517136
62,75,90,13,-0.0024774521589279175
62,76,90,82,-0.0009493990219198167
62,77,90,81,0.00039283480145968497
62,78,90,80,0.003074090229347348
62,79,90,191,-0.004929654765874147
62,80,90,78,-0.0051308018155395985
62,81,90,95,-0.003606390208005905
62,82,90,88,0.000429532810812816
62,83,90,178,-0.00580468587577343
62,84,90,87,-0.011485377326607704
62,85,90,14,-0.015435214154422283
62,86,90,267,0.0007905988022685051
62,87,90,269,0.0008967181202024221
62,88,90,270,0.001678789034485817
62,89,90,409,0.0048912339843809605
62,90,90,291,0.004228062462061644
62,91,90,375,0.0002581093867775053
62,92,90,321,-0.002948442008346319
62,93,90,405,-0.007497039157897234
62,94,90,314,-0.013909746892750263
62,95,90,302,0.00014112090866547078
62,96,90,303,-0.000412024965044111
62,97,90,304,0.0012818971881642938
62,98,90,408,0.0032663072925060987
62,99,90,307,0.0004696154792327434
62,100,90,320,-0.004128497093915939
62,101,90,404,-0.008558128960430622
62,102,90,315,-0.014298893511295319
62,103,90,268,-0.00016740808496251702
62,104,90,271,0.0001063608069671318
62,105,90,272,0.0004746165359392762
62,106,90,325,4.618036837200634e-05
62,107,90,319,-0.0033933627419173717
62,108,90,403,-0.008439536206424236
62,109,90,316,-0.013186456635594368
62,110,90,312,-0.0008243139018304646
62,111,90,311,0.00023451689048670232
62,112,90,310,0.001448771683499217
62,113,90,415,0.003124958137050271
62,114,90,308,0.004442925099283457
62,115,90,324,0.00019332893134560436
62,116,90,318,-0.0027431584894657135
62,117,90,402,-0.0060914382338523865
62,118,90,317,-0.01121211051940918
63,64,180,85,-0.006822632160037756
63,65,180,16,-0.014301853254437447
63,66,180,12,0.0002573078963905573
63,67,180,38,0.0023103374987840652
63,68,180,41,0.0020692069083452225
63,69,180,42,-0.00889662280678749
63,70,180,96,-0.008818764239549637
63,71,180,89,-0.0049713533371686935
63,72,180,179,0.0005345987738110125
63,73,180,86,-0.006285123527050018
63,74,180,15,-0.013656413182616234
63,75,180,13,0.0006348317838273942
63,76,180,82,0.0035123296547681093
63,77,180,81,0.005992646794766188
63,78,180,80,-0.008753626607358456
63,79,180,191,-0.010566667653620243
63,80,180,78,-0.009597706608474255
63,81,180,95,-0.007491508033126593
63,82,180,88,-0.005078713409602642
63,83,180,178,0.0011105864541605115
63,84,180,87,-0.004866319242864847
63,85,180,14,-0.010026033967733383
63,86,180,267,0.0021601924672722816
63,87,180,269,0.003340488765388727
63,88,180,270,0.00456239702180028
63,89,180,409,0.007525863591581583
63,90,180,291,0.00772287929430604
63,91,180,375,0.003394415834918618
63,92,180,321,0.00011499586253194138
63,93,180,405,-0.0036969827488064766
63,94,180,314,-0.008578667417168617
63,95,180,302,0.002037373138591647
63,96,180,303,0.002946829190477729
63,97,180,304,0.005601242184638977
63,98,180,408,0.006797886919230223
63,99,180,307,0.0016302014701068401
63,100,180,320,5.856748884980334e-06
63,101,180,404,-0.003906605765223503
63,102,180,315,-0.010531924664974213
63,103,180,268,0.001919863629154861
63,104,180,271,0.003483584150671959
63,105,180,272,0.004070412367582321
63,106,180,325,0.0030236002057790756
63,107,180,319,0.00030331959715113044
63,108,180,403,-0.003568893764168024
63,109,180,316,-0.008583009243011475
63,110,180,312,0.0019983763340860605
63,111,180,311,0.0045365276746451855
63,112,180,310,0.005983853247016668
63,113,180,415,0.006358133163303137
63,114,180,308,0.007968165911734104
63,115,180,324,0.0030548153445124626
63,116,180,318,0.0004773163527715951
63,117,180,402,-0.0025314204394817352
63,118,180,317,-0.006502158008515835
64,65,85,16,-0.007685678545385599
64,66,85,12,0.004298136103898287
64,67,85,38,-0.0001601906551513821
64,68,85,41,-0.012071516364812851
64,69,85,42,-0.013164395466446877
64,70,85,96,-0.014018788933753967
64,71,85,89,-0.011579771526157856
64,72,85,179,-0.005689362529665232
64,73,85,86,-0.00011707720113918185
64,74,85,15,-0.006322930566966534
64,75,85,13,0.0055413199588656425
64,76,85,82,0.004737831186503172
64,77,85,81,-0.011406514793634415
64,78,85,80,-0.012986304238438606
64,79,85,191,-0.01639062725007534
64,80,85,78,-0.014525430276989937
64,81,85,95,-0.01222824864089489
64,82,85,88,-0.010272497311234474
64,83,85,178,-0.007043314166367054
64,84,85,87,0.0023114157374948263
64,85,85,14,-0.002517554210498929
64,86,85,267,0.005453366786241531
64,87,85,269,0.006775324698537588
64,88,85,270,0.007259959354996681
64,89,85,409,0.008742870762944221
64,90,85,291,0.008922289125621319
64,91,85,375,0.003799770027399063
64,92,85,321,0.0016853798879310489
64,93,85,405,-0.0003413897647988051
64,94,85,314,-0.003802977269515395
64,95,85,302,0.004669811576604843
64,96,85,303,0.005973631050437689
64,97,85,304,0.008520438335835934
64,98,85,408,0.008547517471015453
64,99,85,307,0.0036998712457716465
64,100,85,320,0.0017715480644255877
64,101,85,404,-0.0007637018570676446
64,102,85,315,-0.005878635682165623
64,103,85,268,0.005082384683191776
64,104,85,271,0.00676971348002553
64,105,85,272,0.008880125358700752
64,106,85,325,0.006261387839913368
64,107,85,319,0.0025867377407848835
64,108,85,403,-0.0005037165246903896
64,109,85,316,-0.004094996955245733
64,110,85,312,0.006279982626438141
64,111,85,311,0.0084600280970335
64,112,85,310,0.009679988957941532
64,113,85,415,0.010397573001682758
64,114,85,308,0.009178782813251019
64,115,85,324,0.0014496573712676764
64,116,85,318,0.0028018690645694733
64,117,85,402,0.00025027248193509877
64,118,85,317,-0.0018018600530922413
65,66,16,12,-0.003491719253361225
65,67,16,38,-0.014085112139582634
65,68,16,41,-0.01818160153925419
65,69,16,42,-0.020763946697115898
65,70,16,96,-0.017880819737911224
65,71,16,89,-0.017673524096608162
65,72,16,179,-0.013114403001964092
65,73,16,86,-0.008589194156229496
65,74,16,15,0.00019949236593674868
65,75,16,13,-0.0038978192023932934
65,76,16,82,-0.012826632708311081
65,77,16,81,-0.01664010062813759
65,78,16,80,-0.018080854788422585
65,79,16,191,-0.019823716953396797
65,80,16,78,-0.017956795170903206
65,81,16,95,-0.016404112800955772
65,82,16,88,-0.015762655064463615
65,83,16,178,-0.013179454952478409
65,84,16,87,-0.008030709810554981
65,85,16,14,-0.0010869844118133187
65,86,16,267,0.010808677412569523
65,87,16,269,0.012104786932468414
65,88,16,270,0.012132147327065468
65,89,16,409,0.01058574765920639
65,90,16,291,0.011691314168274403
65,91,16,375,-0.0002773173328023404
65,92,16,321,0.003030529711395502
65,93,16,405,0.0009871377842500806
65,94,16,314,0.00046845938777551055
65,95,16,302,0.0101161515340209
65,96,16,303,0.011342819780111313
65,97,16,304,0.013994059525430202
65,98,16,408,0.005898966453969479
65,99,16,307,6.389218469848856e-05
65,100,16,320,0.0037074843421578407
65,101,16,404,0.001678923494182527
65,102,16,315,-0.000165968420333229
65,103,16,268,0.010954728350043297
65,104,16,271,0.013367106206715107
65,105,16,272,0.014208287000656128
65,106,16,325,0.008245568722486496
65,107,16,319,0.005081837065517902
65,108,16,403,0.0019093860173597932
65,109,16,316,0.0011051069013774395
65,110,16,312,0.012357870116829872
65,111,16,311,0.014815415255725384
65,112,16,310,0.015227106399834156
65,113,16,415,0.012788934633135796
65,114,16,308,0.011401355266571045
65,115,16,324,0.010133009403944016
65,116,16,318,0.007985319010913372
65,117,16,402,0.0046587190590798855
65,118,16,317,0.0027652978897094727
66,67,12,38,-0.0035686783958226442
66,68,12,41,-0.006998651195317507
66,69,12,42,-0.009044887498021126
66,70,12,96,-0.005338157061487436
66,71,12,89,-0.003063187701627612
66,72,12,179,-0.0004640098777599633
66,73,12,86,0.003906513098627329
66,74,12,15,-0.0012217307230457664
66,75,12,13,-0.000568474002648145
66,76,12,82,-0.004292255267500877
66,77,12,81,-0.008054528385400772
66,78,12,80,-0.0070229507982730865
66,79,12,191,-0.00843774527311325
66,80,12,78,-0.005934815388172865
66,81,12,95,-0.005276286508888006
66,82,12,88,-0.0028432784602046013
66,83,12,178,-0.0007943403325043619
66,84,12,87,0.0021422458812594414
66,85,12,14,-0.000775083142798394
66,86,12,267,0.00012595973385032266
66,87,12,269,0.00013525392569135875
66,88,12,270,-0.0002018820814555511
66,89,12,409,-0.000270411983365193
66,90,12,291,-0.0006938090082257986
66,91,12,375,-0.010885747149586678
66,92,12,321,-0.006121935322880745
66,93,12,405,-0.01041067112237215
66,94,12,314,-0.010576566681265831
66,95,12,302,0.00028535161982290447
66,96,12,303,0.0005314320442266762
66,97,12,304,-3.378752080607228e-05
66,98,12,408,-0.00017630902584642172
66,99,12,307,-0.011258270591497421
66,100,12,320,-0.007115165702998638
66,101,12,404,-0.009731343016028404
66,102,12,315,-0.010570532642304897
66,103,12,268,0.00019550655269995332
66,104,12,271,0.00026754490681923926
66,105,12,272,-0.00044107463327236474
66,106,12,325,-0.007804551161825657
66,107,12,319,-0.0059464252553880215
66,108,12,403,-0.008455106057226658
66,109,12,316,-0.009630589745938778
66,110,12,312,0.00014991991338320076
66,111,12,311,6.763249257346615e-05
66,112,12,310,-0.00028005201602354646
66,113,12,415,0.0008428634610027075
66,114,12,308,0.0013842409243807197
66,115,12,324,-0.004141295328736305
66,116,12,318,-0.004388727247714996
66,117,12,402,-0.007045571692287922
66,118,12,317,-0.008131115697324276
67,68,38,41,-0.0034972724970430136
67,69,38,42,-0.006875121966004372
67,70,38,96,-0.004468610510230064
67,71,38,89,-0.000980411539785564
67,72,38,179,0.002864876762032509
67,73,38,86,-0.0024195765145123005
67,74,38,15,-0.013024631887674332
67,75,38,13,-0.0026767540257424116
67,76,38,82,0.0004532962338998914
67,77,38,81,-0.0036355445627123117
67,78,38,80,-0.006104345433413982
67,79,38,191,-0.00536752212792635
67,80,38,78,-0.005253917071968317
67,81,38,95,-0.0029141295235604048
67,82,38,88,-0.0011275488650426269
67,83,38,178,0.0018598841270431876
67,84,38,87,-0.0042121075093746185
67,85,38,14,-0.011916604824364185
67,86,38,267,-0.0020188940688967705
67,87,38,269,-0.0014747389359399676
67,88,38,270,-0.001252515590749681
67,89,38,409,-0.0007820585160516202
67,90,38,291,0.0005642861942760646
67,91,38,375,-0.004116027150303125
67,92,38,321,-0.0062695578671991825
67,93,38,405,-0.011495603248476982
67,94,38,314,-0.014749566093087196
67,95,38,302,-0.0026320498436689377
67,96,38,303,-0.0023843562230467796
67,97,38,304,-0.0012837351532652974
67,98,38,408,-0.00045966371544636786
67,99,38,307,-0.004288232885301113
67,100,38,320,-0.006063018459826708
67,101,38,404,-0.012444415129721165
67,102,38,315,-0.015197249129414558
67,103,38,268,-0.0033074168022722006
67,104,38,271,-0.003330857027322054
67,105,38,272,-0.0016105714021250606
67,106,38,325,-0.0028129194397479296
67,107,38,319,-0.008176201954483986
67,108,38,403,-0.011664056219160557
67,109,38,316,-0.014238191768527031
67,110,38,312,-0.0028375035617500544
67,111,38,311,-0.0023215198889374733
67,112,38,310,-0.0004953716997988522
67,113,38,415,-0.000398120260797441
67,114,38,308,0.0005109763005748391
67,115,38,324,-0.0009893395472317934
67,116,38,318,-0.005923043005168438
67,117,38,402,-0.010184532031416893
67,118,38,317,-0.013642441481351852
68,69,41,42,-0.0017201575683429837
68,70,41,96,-0.0018165216315537691
68,71,41,89,0.0014135335804894567
68,72,41,179,-0.003934413194656372
68,73,41,86,-0.010330243967473507
68,74,41,15,-0.017428062856197357
68,75,41,13,-0.006370066199451685
68,76,41,82,-0.0025549528654664755
68,77,41,81,0.0005715189618058503
68,78,41,80,-0.0018213250441476703
68,79,41,191,-0.004702290520071983
68,80,41,78,-0.003972823265939951
68,81,41,95,0.00011435969645390287
68,82,41,88,0.0018216338939964771
68,83,41,178,-0.003932074178010225
68,84,41,87,-0.009822418913245201
68,85,41,14,-0.016442427411675453
68,86,41,267,-0.004544631112366915
68,87,41,269,-0.0021435886155813932
68,88,41,270,-0.0010824634227901697
68,89,41,409,-0.0003987984382547438
68,90,41,291,-0.00011079294927185401
68,91,41,375,-0.002571430988609791
68,92,41,321,-0.006470812018960714
68,93,41,405,-0.011419305577874184
68,94,41,314,-0.01810244657099247
68,95,41,302,-0.004948283080011606
68,96,41,303,-0.003008852945640683
68,97,41,304,-0.0018838170217350125
68,98,41,408,-0.0005657615838572383
68,99,41,307,-0.0034777962137013674
68,100,41,320,-0.007238173857331276
68,101,41,404,-0.012591664679348469
68,102,41,315,-0.017851801589131355
68,103,41,268,-0.005069438833743334
68,104,41,271,-0.0032527316361665726
68,105,41,272,-0.001328678335994482
68,106,41,325,-0.0022565892431885004
68,107,41,319,-0.007357340771704912
68,108,41,403,-0.012203533202409744
68,109,41,316,-0.01673031598329544
68,110,41,312,-0.005080219358205795
68,111,41,311,-0.003694141749292612
68,112,41,310,-0.002103386679664254
68,113,41,415,-0.00019140260701533407
68,114,41,308,-0.003285609884187579
68,115,41,324,-0.002594568068161607
68,116,41,318,-0.006032001227140427
68,117,41,402,-0.010786116123199463
68,118,41,317,-0.014942693524062634
69,70,42,96,-0.0003187214897479862
69,71,42,89,-0.0014183390885591507
69,72,42,179,-0.008646230213344097
69,73,42,86,-0.014752596616744995
69,74,42,15,-0.01963997259736061
69,75,42,13,-0.008836120367050171
69,76,42,82,-0.007214139681309462
69,77,42,81,-0.0015356190269812942
69,78,42,80,0.0003268946020398289
69,79,42,191,-0.0027607546653598547
69,80,42,78,-0.0027015262749046087
69,81,42,95,0.0012125939829275012
69,82,42,88,-0.0026222411543130875
69,83,42,178,-0.007463423069566488
69,84,42,87,-0.014342478476464748
69,85,42,14,-0.019059693440794945
69,86,42,267,-0.005226807668805122
69,87,42,269,-0.0030242428183555603
69,88,42,270,-0.001603180542588234
69,89,42,409,-0.0001559360680403188
69,90,42,291,0.00018841741257347167
69,91,42,375,-0.002302486216649413
69,92,42,321,-0.00775362690910697
69,93,42,405,-0.014265360310673714
69,94,42,314,-0.019227957352995872
69,95,42,302,-0.005682030227035284
69,96,42,303,-0.0024840643163770437
69,97,42,304,-0.0011802960652858019
69,98,42,408,9.449793287785724e-05
69,99,42,307,-0.0024132425896823406
69,100,42,320,-0.008602697402238846
69,101,42,404,-0.01347908191382885
69,102,42,315,-0.01961611956357956
69,103,42,268,-0.006274263374507427
69,104,42,271,-0.003318044124171138
69,105,42,272,-0.002582225948572159
69,106,42,325,-0.0029036367777734995
69,107,42,319,-0.007894827984273434
69,108,42,403,-0.010196095332503319
69,109,42,316,-0.017570795491337776
69,110,42,312,-0.00686776265501976
69,111,42,311,-0.004439129028469324
69,112,42,310,-0.002493550069630146
69,113,42,415,-0.00036014767829328775
69,114,42,308,-0.003401632886379957
69,115,42,324,-0.0021822513081133366
69,116,42,318,-0.007057999260723591
69,117,42,402,-0.01113259419798851
69,118,42,317,-0.015394757501780987
70,71,96,89,-0.0033044209703803062
70,72,96,179,-0.010217281058430672
70,73,96,86,-0.014188896864652634
70,74,96,15,-0.017312437295913696
70,75,96,13,-0.004979380872100592
70,76,96,82,-0.0035604070872068405
70,77,96,81,-0.0023296542931348085
70,78,96,80,-0.00047219620319083333
70,79,96,191,0.0021975133568048477
70,80,96,78,-0.001914193038828671
70,81,96,95,0.00015302665997296572
70,82,96,88,-0.004120875149965286
70,83,96,178,-0.009699487127363682
70,84,96,87,-0.013602927327156067
70,85,96,14,-0.015909306704998016
70,86,96,267,-0.0024833371862769127
70,87,96,269,-0.0004399534373078495
70,88,96,270,-0.0010049055563285947
70,89,96,409,-0.0006399994599632919
70,90,96,291,0.0004738566349260509
70,91,96,375,-0.00014618273416999727
70,92,96,321,-0.006381461396813393
70,93,96,405,-0.011563108302652836
70,94,96,314,-0.015224520117044449
70,95,96,302,-0.002616440411657095
70,96,96,303,-0.0014322353526949883
70,97,96,304,-0.0009575602016411722
70,98,96,408,-0.00024819839745759964
70,99,96,307,-0.0019512264989316463
70,100,96,320,-0.005988800432533026
70,101,96,404,-0.011800563894212246
70,102,96,315,-0.016352875158190727
70,103,96,268,-0.0036216212902218103
70,104,96,271,-0.001039282651618123
70,105,96,272,-0.0010142555693164468
70,106,96,325,-0.0027171545661985874
70,107,96,319,-0.006497754715383053
70,108,96,403,-0.011423909105360508
70,109,96,316,-0.015821043401956558
70,110,96,312,-0.004383808001875877
70,111,96,311,-0.0024044595193117857
70,112,96,310,-0.0010463543003425002
70,113,96,415,-0.003606600221246481
70,114,96,308,-0.00034164698445238173
70,115,96,324,-0.0010615754872560501
70,116,96,318,-0.005276050418615341
70,117,96,402,-0.009365731850266457
70,118,96,317,-0.0129368482157588
71,72,89,179,-0.0043175541795790195
71,73,89,86,-0.01275056041777134
71,74,89,15,-0.01730475388467312
71,75,89,13,-0.002825395902618766
71,76,89,82,-0.001316059147939086
71,77,89,81,0.0012764520943164825
71,78,89,80,0.0031893556006252766
71,79,89,191,-0.006195815280079842
71,80,89,78,-0.006150381173938513
71,81,89,95,-0.003007570281624794
71,82,89,88,0.00023426169354934245
71,83,89,178,-0.005146807059645653
71,84,89,87,-0.01121924351900816
71,85,89,14,-0.015080992132425308
71,86,89,267,0.00021590552933048457
71,87,89,269,-0.0003139264590572566
71,88,89,270,0.0005471294280141592
71,89,89,409,0.0031428439542651176
71,90,89,291,0.0030633946880698204
71,91,89,375,-0.00028425740310922265
71,92,89,321,-0.004807421937584877
71,93,89,405,-0.010343750938773155
71,94,89,314,-0.015227267518639565
71,95,89,302,-0.00040853946120478213
71,96,89,303,-0.0007846425287425518
71,97,89,304,0.0003738636150956154
71,98,89,408,0.0029355112928897142
71,99,89,307,0.0002891855256166309
71,100,89,320,-0.005170130170881748
71,101,89,404,-0.01105314027518034
71,102,89,315,-0.016094688326120377
71,103,89,268,-0.001165109919384122
71,104,89,271,0.00021656496392097324
71,105,89,272,0.0007242009160108864
71,106,89,325,0.00033333656028844416
71,107,89,319,-0.004589449148625135
71,108,89,403,-0.009530670009553432
71,109,89,316,-0.014332767575979233
71,110,89,312,-0.0020433624740689993
71,111,89,311,-0.00022672662453260273
71,112,89,310,0.0013509499840438366
71,113,89,415,0.0044942814856767654
71,114,89,308,0.004148122854530811
71,115,89,324,0.0004443401121534407
71,116,89,318,-0.003992009442299604
71,117,89,402,-0.007030068896710873
71,118,89,317,-0.011478164233267307
72,73,179,86,-0.005821038968861103
72,74,179,15,-0.01219790056347847
72,75,179,13,0.00020543845312204212
72,76,179,82,0.0035243991296738386
72,77,179,81,0.0033275505993515253
72,78,179,80,-0.008938505314290524
72,79,179,191,-0.01237943209707737
72,80,179,78,-0.010661321692168713
72,81,179,95,-0.007964426651597023
72,82,179,88,-0.004348034039139748
72,83,179,178,0.0009472029050812125
72,84,179,87,-0.004354389850050211
72,85,179,14,-0.009781590662896633
72,86,179,267,0.0010927285766229033
72,87,179,269,0.0038382578641176224
72,88,179,270,0.003220511367544532
72,89,179,409,0.006462964694947004
72,90,179,291,0.006503351964056492
72,91,179,375,0.0017729430692270398
72,92,179,321,-0.0019689009059220552
72,93,179,405,-0.005268641747534275
72,94,179,314,-0.010422284714877605
72,95,179,302,0.0006166219827719033
72,96,179,303,0.0030687639955431223
72,97,179,304,0.005211557727307081
72,98,179,408,0.005184832960367203
72,99,179,307,0.0010726781329140067
72,100,179,320,-0.0023105861619114876
72,101,179,404,-0.0056991372257471085
72,102,179,315,-0.011399304494261742
72,103,179,268,0.000863191089592874
72,104,179,271,0.0018056583357974887
72,105,179,272,0.004413748160004616
72,106,179,325,0.001778123900294304
72,107,179,319,-0.0011824123794212937
72,108,179,403,-0.004884221591055393
72,109,179,316,-0.009955196641385555
72,110,179,312,0.001728314091451466
72,111,179,311,0.0030870111659169197
72,112,179,310,0.004920551087707281
72,113,179,415,0.006621365901082754
72,114,179,308,0.007517671212553978
72,115,179,324,0.002644916530698538
72,116,179,318,0.0007468641269952059
72,117,179,402,-0.003417410422116518
72,118,179,317,-0.007552198134362698
73,74,86,15,-0.0076957507990300655
73,75,86,13,0.004285228904336691
73,76,86,82,0.0022576688788831234
73,77,86,81,-0.010796846821904182
73,78,86,80,-0.013161740265786648
73,79,86,191,-0.01685991697013378
73,80,86,78,-0.014551774598658085
73,81,86,95,-0.012530568987131119
73,82,86,88,-0.010524274781346321
73,83,86,178,-0.005751217249780893
73,84,86,87,0.0012219224590808153
73,85,86,14,-0.002849533688277006
73,86,86,267,0.004536708351224661
73,87,86,269,0.006559645291417837
73,88,86,270,0.006481075659394264
73,89,86,409,0.008247153833508492
73,90,86,291,0.008170106448233128
73,91,86,375,0.0008093348587863147
73,92,86,321,0.0017901076935231686
73,93,86,405,-0.0015888643683865666
73,94,86,314,-0.005984221585094929
73,95,86,302,0.003959788475185633
73,96,86,303,0.006232871674001217
73,97,86,304,0.0063751316629350185
73,98,86,408,0.008049643598496914
73,99,86,307,0.003891022875905037
73,100,86,320,0.00017350567213725299
73,101,86,404,-0.0021811409387737513
73,102,86,315,-0.006715775933116674
73,103,86,268,0.004300244152545929
73,104,86,271,0.006525355391204357
73,105,86,272,0.00783939566463232
73,106,86,325,0.004433001391589642
73,107,86,319,0.0016527629923075438
73,108,86,403,-0.002490451792255044
73,109,86,316,-0.005194534081965685
73,110,86,312,0.005178110208362341
73,111,86,311,0.0070943827740848064
73,112,86,310,0.009212587028741837
73,113,86,415,0.009382006712257862
73,114,86,308,0.009075336158275604
73,115,86,324,0.006451754365116358
73,116,86,318,0.002014772966504097
73,117,86,402,-3.0412611522478983e-05
73,118,86,317,-0.002658783458173275
74,75,15,13,-0.004140576347708702
74,76,15,82,-0.013040756806731224
74,77,15,81,-0.01809869334101677
74,78,15,80,-0.018904807046055794
74,79,15,191,-0.019695861265063286
74,80,15,78,-0.017659511417150497
74,81,15,95,-0.016213268041610718
74,82,15,88,-0.015378866344690323
74,83,15,178,-0.01307454239577055
74,84,15,87,-0.008658082224428654
74,85,15,14,0.00046629863209091127
74,86,15,267,0.009600721299648285
74,87,15,269,0.011138701811432838
74,88,15,270,0.011716686189174652
74,89,15,409,0.011732201091945171
74,90,15,291,0.011125974357128143
74,91,15,375,0.0001941354712471366
74,92,15,321,0.0020077181980013847
74,93,15,405,7.716709660599008e-05
74,94,15,314,-0.0022242278791964054
74,95,15,302,0.00962373148649931
74,96,15,303,0.01119254156947136
74,97,15,304,0.013395101763308048
74,98,15,408,0.006398017518222332
74,99,15,307,0.0033581494353711605
74,100,15,320,0.002740859752520919
74,101,15,404,0.0009884350001811981
74,102,15,315,-0.0012082135071977973
74,103,15,268,0.010981614701449871
74,104,15,271,0.012330235913395882
74,105,15,272,0.01402828749269247
74,106,15,325,0.0074609718285501
74,107,15,319,0.004145259503275156
74,108,15,403,0.0018379810499027371
74,109,15,316,0.0014359146589413285
74,110,15,312,0.012399918399751186
74,111,15,311,0.015004418790340424
74,112,15,310,0.011411848478019238
74,113,15,415,0.011626639403402805
74,114,15,308,0.01122109591960907
74,115,15,324,0.00891174841672182
74,116,15,318,0.008045773953199387
74,117,15,402,0.004152433481067419
74,118,15,317,0.0019792967941612005
75,76,13,82,-0.004051989410072565
75,77,13,81,-0.006983491592109203
75,78,13,80,-0.006957950536161661
75,79,13,191,-0.007985456846654415
75,80,13,78,-0.005871371366083622
75,81,13,95,-0.0051475209183990955
75,82,13,88,-0.0024658115580677986
75,83,13,178,-0.0003881598822772503
75,84,13,87,0.0027991565875709057
75,85,13,14,-0.0025850743986666203
75,86,13,267,0.00013935954484622926
75,87,13,269,0.00023045657144393772
75,88,13,270,-0.0003412211372051388
75,89,13,409,-0.0011967277387157083
75,90,13,291,-0.0005971919745206833
75,91,13,375,-0.00936503428965807
75,92,13,321,-0.007617197930812836
75,93,13,405,-0.010883070528507233
75,94,13,314,-0.010753110982477665
75,95,13,302,-0.0003345950099173933
75,96,13,303,-0.0008538158726878464
75,97,13,304,0.00019979085482191294
75,98,13,408,-0.0007256178068928421
75,99,13,307,-0.010566205717623234
75,100,13,320,-0.007409960031509399
75,101,13,404,-0.010460935533046722
75,102,13,315,-0.011408581398427486
75,103,13,268,7.602547702845186e-05
75,104,13,271,0.0002140577998943627
75,105,13,272,-0.00042618566658347845
75,106,13,325,-0.009197563864290714
75,107,13,319,-0.0070633478462696075
75,108,13,403,-0.008959204889833927
75,109,13,316,-0.01023072749376297
75,110,13,312,0.00021650223061442375
75,111,13,311,0.0006812616484239697
75,112,13,310,0.00018525059567764401
75,113,13,415,0.00024114525876939297
75,114,13,308,0.001230370020493865
75,115,13,324,-0.004245165269821882
75,116,13,318,-0.005619044881314039
75,117,13,402,-0.007582360412925482
75,118,13,317,-0.00910243857651949
76,77,82,81,-0.0023700911551713943
76,78,82,80,-0.005705360788851976
76,79,82,191,-0.006137926131486893
76,80,82,78,-0.004771149251610041
76,81,82,95,-0.0026984282303601503
76,82,82,88,-0.0011173463426530361
76,83,82,178,0.002924306085333228
76,84,82,87,-0.0007733225938864052
76,85,82,14,-0.01185397058725357
76,86,82,267,-0.003301509190350771
76,87,82,269,-0.0012516127899289131
76,88,82,270,-0.0015189528930932283
76,89,82,409,-0.000794031482655555
76,90,82,291,0.0003670270671136677
76,91,82,375,-0.0048564947210252285
76,92,82,321,-0.00766945444047451
76,93,82,405,-0.012941401451826096
76,94,82,314,-0.015008055604994297
76,95,82,302,-0.0032388498075306416
76,96,82,303,-0.0027013509534299374
76,97,82,304,-0.0017848389688879251
76,98,82,408,-0.0002417185896774754
76,99,82,307,-0.003588438965380192
76,100,82,320,-0.008558693341910839
76,101,82,404,-0.01376500353217125
76,102,82,315,-0.015332860872149467
76,103,82,268,-0.004646364599466324
76,104,82,271,-0.0035130279138684273
76,105,82,272,-0.0012451886432245374
76,106,82,325,-0.003581714816391468
76,107,82,319,-0.008955183438956738
76,108,82,403,-0.011999743990600109
76,109,82,316,-0.014391730539500713
76,110,82,312,-0.004250749945640564
76,111,82,311,-0.0030285674147307873
76,112,82,310,-0.0005170331569388509
76,113,82,415,-0.0001287775085074827
76,114,82,308,-0.000304751651128754
76,115,82,324,-0.003072463907301426
76,116,82,318,-0.006597145926207304
76,117,82,402,-0.009213115088641644
76,118,82,317,-0.012381021864712238
77,78,81,80,-0.00159669469576329
77,79,81,191,-0.004411597736179829
77,80,81,78,-0.003909918945282698
77,81,81,95,-0.0015682231169193983
77,82,81,88,0.0015016131801530719
77,83,81,178,-0.0014118952676653862
77,84,81,87,-0.009311569854617119
77,85,81,14,-0.01710698753595352
77,86,81,267,-0.004312765784561634
77,87,81,269,-0.0022699369583278894
77,88,81,270,-0.0022346072364598513
77,89,81,409,-2.0606066755135544e-05
77,90,81,291,0.0002852686739061028
77,91,81,375,-0.004661726299673319
77,92,81,321,-0.008091202937066555
77,93,81,405,-0.013061381876468658
77,94,81,314,-0.016855571419000626
77,95,81,302,-0.00529060885310173
77,96,81,303,-0.002783046569675207
77,97,81,304,-0.002205637050792575
77,98,81,408,-0.0003316496149636805
77,99,81,307,-0.0039883763529360294
77,100,81,320,-0.009356203489005566
77,101,81,404,-0.013619604520499706
77,102,81,315,-0.017118873074650764
77,103,81,268,-0.006989937741309404
77,104,81,271,-0.004154497291892767
77,105,81,272,-0.0021495886612683535
77,106,81,325,-0.00406356668099761
77,107,81,319,-0.009045001119375229
77,108,81,403,-0.012521523050963879
77,109,81,316,-0.015357411466538906
77,110,81,312,-0.005764456931501627
77,111,81,311,-0.004757682792842388
77,112,81,310,-0.0020460677333176136
77,113,81,415,-0.0004960562218911946
77,114,81,308,-0.0024051412474364042
77,115,81,324,-0.003395782085135579
77,116,81,318,-0.008145254105329514
77,117,81,402,-0.011223290115594864
77,118,81,317,-0.013617370277643204
78,79,80,191,-0.002214094391092658
78,80,80,78,-0.00337788462638855
78,81,80,95,0.0004367373476270586
78,82,80,88,-3.176521568093449e-05
78,83,80,178,-0.007545453496277332
78,84,80,87,-0.01360187865793705
78,85,80,14,-0.018054209649562836
78,86,80,267,-0.0060464125126600266
78,87,80,269,-0.0014363593654707074
78,88,80,270,-0.0018084457842633128
78,89,80,409,6.942867184989154e-05
78,90,80,291,0.0005185029003769159
78,91,80,375,-0.003156390506774187
78,92,80,321,-0.009527327492833138
78,93,80,405,-0.014283777214586735
78,94,80,314,-0.01772897131741047
78,95,80,302,-0.006265570409595966
78,96,80,303,-0.0036751313600689173
78,97,80,304,-0.002718832576647401
78,98,80,408,-0.0003445345791988075
78,99,80,307,-0.0037718459498137236
78,100,80,320,-0.009815271943807602
78,101,80,404,-0.013596883974969387
78,102,80,315,-0.017576497048139572
78,103,80,268,-0.006372089497745037
78,104,80,271,-0.00444929301738739
78,105,80,272,-0.002288529183715582
78,106,80,325,-0.0038864847738295794
78,107,80,319,-0.009582691825926304
78,108,80,403,-0.012773721478879452
78,109,80,316,-0.016005095094442368
78,110,80,312,-0.006523228250443935
78,111,80,311,-0.004955005832016468
78,112,80,310,-0.0024784214328974485
78,113,80,415,-2.6923551558866166e-05
78,114,80,308,-0.0004521247756201774
78,115,80,324,-0.0035099664237350225
78,116,80,318,-0.00714593892917037
78,117,80,402,-0.01047535240650177
78,118,80,317,-0.013781215064227581
79,80,191,78,0.0008222794276662171
79,81,191,95,-0.0017761989729478955
79,82,191,88,-0.006508904974907637
79,83,191,178,-0.012131466530263424
79,84,191,87,-0.01704353094100952
79,85,191,14,-0.018629631027579308
79,86,191,267,-0.006155018694698811
79,87,191,269,0.000931242888327688
79,88,191,270,-0.0003186202666256577
79,89,191,409,-0.0005845479900017381
79,90,191,291,-3.497311263345182e-05
79,91,191,375,-0.003876099130138755
79,92,191,321,-0.007562914397567511
79,93,191,405,-0.012484999373555183
79,94,191,314,-0.018010253086686134
79,95,191,302,-0.0057013132609426975
79,96,191,303,-0.0032595705706626177
79,97,191,304,-0.0030285906977951527
79,98,191,408,-6.301163375610486e-05
79,99,191,307,-0.004195306915789843
79,100,191,320,-0.008454110473394394
79,101,191,404,-0.013006218709051609
79,102,191,315,-0.01933600939810276
79,103,191,268,-0.006269187666475773
79,104,191,271,-0.003912096377462149
79,105,191,272,-0.0030151507817208767
79,106,191,325,-0.004637184087187052
79,107,191,319,-0.007962695322930813
79,108,191,403,-0.013003903441131115
79,109,191,316,-0.017906585708260536
79,110,191,312,-0.006047466769814491
79,111,191,311,-0.0050488123670220375
79,112,191,310,-0.004096455406397581
79,113,191,415,-0.0004955835756845772
79,114,191,308,-1.8727183487499133e-05
79,115,191,324,-0.0031033502891659737
79,116,191,318,-0.007296575233340263
79,117,191,402,-0.012045888230204582
79,118,191,317,-0.015596368350088596
80,81,78,95,-0.0026167412288486958
80,82,78,88,-0.0068540726788342
80,83,78,178,-0.010562841780483723
80,84,78,87,-0.014943675138056278
80,85,78,14,-0.01679660752415657
80,86,78,267,-0.004363953601568937
80,87,78,269,-0.0015437037218362093
80,88,78,270,-0.0017911877948790789
80,89,78,409,-0.0013407350052148104
80,90,78,291,-0.0021464633755385876
80,91,78,375,-0.00568902213126421
80,92,78,321,-0.008310427889227867
80,93,78,405,-0.011222736909985542
80,94,78,314,-0.01471660751849413
80,95,78,302,-0.0039056576788425446
80,96,78,303,-0.0016042208299040794
80,97,78,304,-0.0018851787317544222
80,98,78,408,-0.0004919531638734043
80,99,78,307,-0.005461802706122398
80,100,78,320,-0.008701778016984463
80,101,78,404,-0.013777656480669975
80,102,78,315,-0.015811190009117126
80,103,78,268,-0.003793760435655713
80,104,78,271,-0.003971238620579243
80,105,78,272,-0.003959510941058397
80,106,78,325,-0.004610749427229166
80,107,78,319,-0.00842136051505804
80,108,78,403,-0.01297564897686243
80,109,78,316,-0.016528690233826637
80,110,78,312,-0.00475929444655776
80,111,78,311,-0.005037433467805386
80,112,78,310,-0.003176600206643343
80,113,78,415,-0.0036961971782147884
80,114,78,308,-0.0036684724036604166
80,115,78,324,-0.004181265830993652
80,116,78,318,-0.007045244798064232
80,117,78,402,-0.010816169902682304
80,118,78,317,-0.014696451835334301
81,82,95,88,-0.002539931796491146
81,83,95,178,-0.008700716309249401
81,84,95,87,-0.011829394847154617
81,85,95,14,-0.014699150808155537
81,86,95,267,-0.0020991854835301638
81,87,95,269,-0.0002097821416100487
81,88,95,270,-0.0006139568868093193
81,89,95,409,0.00017217558342963457
81,90,95,291,0.0009612336871214211
81,91,95,375,-0.003100734204053879
81,92,95,321,-0.0069482955150306225
81,93,95,405,-0.012528328225016594
81,94,95,314,-0.015275604091584682
81,95,95,302,-0.003370563732460141
81,96,95,303,-0.0011054098140448332
81,97,95,304,-0.0012281294912099838
81,98,95,408,-0.0002183213218813762
81,99,95,307,-0.003138641593977809
81,100,95,320,-0.007311433088034391
81,101,95,404,-0.012516195885837078
81,102,95,315,-0.016609609127044678
81,103,95,268,-0.003075613407418132
81,104,95,271,-0.0005576915573328733
81,105,95,272,-0.0023833259474486113
81,106,95,325,-0.0029277305584400892
81,107,95,319,-0.007005578838288784
81,108,95,403,-0.011033052578568459
81,109,95,316,-0.01516045443713665
81,110,95,312,-0.004223981872200966
81,111,95,311,-0.0034761102870106697
81,112,95,310,-0.0015938429860398173
81,113,95,415,0.027645137161016464
81,114,95,308,-0.0013809038791805506
81,115,95,324,-0.001958373701199889
81,116,95,318,-0.005477549973875284
81,117,95,402,-0.00939526129513979
81,118,95,317,-0.012491179630160332
82,83,88,178,-0.004000319167971611
82,84,88,87,-0.010476719588041306
82,85,88,14,-0.01356854010373354
82,86,88,267,-0.0007657301612198353
82,87,88,269,-0.0009070138912647963
82,88,88,270,0.0007605305290780962
82,89,88,409,0.002252870239317417
82,90,88,291,0.0028441878966987133
82,91,88,375,-0.0001463237713323906
82,92,88,321,-0.005433100741356611
82,93,88,405,-0.011601799167692661
82,94,88,314,-0.015103434212505817
82,95,88,302,-0.002178100636228919
82,96,88,303,-0.0006802517455071211
82,97,88,304,0.0002924205909948796
82,98,88,408,0.001438995124772191
82,99,88,307,-0.001591420266777277
82,100,88,320,-0.005536410491913557
82,101,88,404,-0.010891633108258247
82,102,88,315,-0.015385309234261513
82,103,88,268,-0.0028050923720002174
82,104,88,271,-0.0005326527752913535
82,105,88,272,0.00011076834925916046
82,106,88,325,-0.0014985903399065137
82,107,88,319,-0.005765655543655157
82,108,88,403,-0.008827208541333675
82,109,88,316,-0.01341184787452221
82,110,88,312,-0.0030116618145257235
82,111,88,311,-0.0014561261050403118
82,112,88,310,0.0005259279278106987
82,113,88,415,0.0029218625277280807
82,114,88,308,0.0031191869638860226
82,115,88,324,0.00010760792793007568
82,116,88,318,-0.004212962929159403
82,117,88,402,-0.007723494432866573
82,118,88,317,-0.010248533450067043
83,84,178,87,-0.004675690084695816
83,85,178,14,-0.010101238265633583
83,86,178,267,0.000459014845546335
83,87,178,269,0.0012412065407261252
83,88,178,270,0.002718007657676935
83,89,178,409,0.003943048417568207
83,90,178,291,0.005582185462117195
83,91,178,375,0.0002901921106968075
83,92,178,321,-0.004255941137671471
83,93,178,405,-0.007175471633672714
83,94,178,314,-0.011708192527294159
83,95,178,302,1.2630574929062277e-05
83,96,178,303,0.0009905287297442555
83,97,178,304,0.0026191072538495064
83,98,178,408,0.0034656617790460587
83,99,178,307,0.00026144771254621446
83,100,178,320,-0.003767435671761632
83,101,178,404,-0.008049736730754375
83,102,178,315,-0.012081495486199856
83,103,178,268,7.99451518105343e-05
83,104,178,271,0.001193180214613676
83,105,178,272,0.0036015913356095552
83,106,178,325,0.0006022029556334019
83,107,178,319,-0.002742593642324209
83,108,178,403,-0.007616524584591389
83,109,178,316,-0.011222019791603088
83,110,178,312,0.0008848310098983347
83,111,178,311,0.0020289509557187557
83,112,178,310,0.0038719840813428164
83,113,178,415,0.003473336575552821
83,114,178,308,0.006518651265650988
83,115,178,324,0.0016549807041883469
83,116,178,318,-0.0001579642266733572
83,117,178,402,-0.005260901991277933
83,118,178,317,-0.00792752392590046
84,85,87,14,-0.0057984706945717335
84,86,87,267,0.003731684060767293
84,87,87,269,0.005625642370432615
84,88,87,270,0.006142398342490196
84,89,87,409,0.006771837826818228
84,90,87,291,0.006321119610220194
84,91,87,375,0.00021686824038624763
84,92,87,321,-0.0007756884442642331
84,93,87,405,-0.0043029263615608215
84,94,87,314,-0.008387804962694645
84,95,87,302,0.002542989794164896
84,96,87,303,0.0038541234098374844
84,97,87,304,0.005362798925489187
84,98,87,408,0.0064674667082726955
84,99,87,307,0.002804114483296871
84,100,87,320,-0.0002850581950042397
84,101,87,404,-0.005615830421447754
84,102,87,315,-0.008732171729207039
84,103,87,268,0.0028064888902008533
84,104,87,271,0.0053586168214678764
84,105,87,272,0.006246165372431278
84,106,87,325,0.0035901926457881927
84,107,87,319,-0.00011789653217419982
84,108,87,403,-0.00462647108361125
84,109,87,316,-0.008174409158527851
84,110,87,312,0.0037974833976477385
84,111,87,311,0.005991952493786812
84,112,87,310,0.007010369561612606
84,113,87,415,0.00022789467766415328
84,114,87,308,0.007456429302692413
84,115,87,324,0.0014553646324202418
84,116,87,318,0.00045076050446368754
84,117,87,402,-0.0029815721791237593
84,118,87,317,-0.005022076424211264
85,86,14,267,0.00755166495218873
85,87,14,269,0.00919896736741066
85,88,14,270,0.00965926144272089
85,89,14,409,0.00892244279384613
85,90,14,291,0.009918294847011566
85,91,14,375,-0.0011971830390393734
85,92,14,321,0.0005818121717311442
85,93,14,405,-0.0018787877634167671
85,94,14,314,-0.003420464927330613
85,95,14,302,0.007417176850140095
85,96,14,303,0.010188484564423561
85,97,14,304,0.010885398834943771
85,98,14,408,0.009152631275355816
85,99,14,307,0.004327821079641581
85,100,14,320,0.0017472195904701948
85,101,14,404,-0.0019304966554045677
85,102,14,315,-0.003785931970924139
85,103,14,268,0.008448313921689987
85,104,14,271,0.010154983028769493
85,105,14,272,0.01192556694149971
85,106,14,325,0.005414905026555061
85,107,14,319,0.002022271975874901
85,108,14,403,0.000203192830667831
85,109,14,316,-0.0014804827515035868
85,110,14,312,0.010157540440559387
85,111,14,311,0.013176673091948032
85,112,14,310,0.010665570385754108
85,113,14,415,0.01140410266816616
85,114,14,308,0.009105987846851349
85,115,14,324,0.006995465140789747
85,116,14,318,0.004938339814543724
85,117,14,402,0.0015583904460072517
85,118,14,317,0.0014797176700085402
86,87,267,269,-0.0007292088703252375
86,88,267,270,-3.656524859252386e-05
86,89,267,409,-0.0007339099538512528
86,90,267,291,0.00046012410894036293
86,91,267,375,-0.009469375014305115
86,92,267,321,-0.005672152154147625
86,93,267,405,-0.00891868770122528
86,94,267,314,-0.003977782558649778
86,95,267,302,0.0004326675261836499
86,96,267,303,-1.2531642823887523e-05
86,97,267,304,-0.0015172410057857633
86,98,267,408,-0.00037310452898964286
86,99,267,307,-0.002031265292316675
86,100,267,320,-0.006212988868355751
86,101,267,404,-0.008473704569041729
86,102,267,315,-0.0009224570821970701
86,103,267,268,-0.00013186036085244268
86,104,267,271,0.00022716504463460296
86,105,267,272,-4.9831967771751806e-05
86,106,267,325,-0.0028640939854085445
86,107,267,319,-0.004611204843968153
86,108,267,403,-0.005943365395069122
86,109,267,316,0.0024291607551276684
86,110,267,312,-0.00010770726657938212
86,111,267,311,0.0010094278259202838
86,112,267,310,0.001032687141560018
86,113,267,415,-0.0007759402506053448
86,114,267,308,0.0008343104855157435
86,115,267,324,-0.0003999331675004214
86,116,267,318,-0.002458712551742792
86,117,267,402,-0.004126268904656172
86,118,267,317,0.004858273081481457
87,88,269,270,0.0005940889241173863
87,89,269,409,0.0011814857134595513
87,90,269,291,0.0003944283234886825
87,91,269,375,-0.0036711683496832848
87,92,269,321,-0.008303088136017323
87,93,269,405,0.005086071789264679
87,94,269,314,0.010571279563009739
87,95,269,302,0.0006307416479103267
87,96,269,303,9.562815830577165e-05
87,97,269,304,-0.00013283154112286866
87,98,269,408,0.0009409902850165963
87,99,269,307,-0.003711218712851405
87,100,269,320,-0.006030790042132139
87,101,269,404,0.0060248905792832375
87,102,269,315,0.011697864159941673
87,103,269,268,0.00021274934988468885
87,104,269,271,-0.00014156271936371922
87,105,269,272,0.0012927533825859427
87,106,269,325,-0.0015962612815201283
87,107,269,319,-0.004062984604388475
87,108,269,403,0.007037421688437462
87,109,269,316,0.010019977577030659
87,110,269,312,0.0009444162715226412
87,111,269,311,-0.0003662805538624525
87,112,269,310,0.0011201809393242002
87,113,269,415,0.001584649900905788
87,114,269,308,0.0020857665222138166
87,115,269,324,0.001309590763412416
87,116,269,318,-0.0017794753657653928
87,117,269,402,0.0051537975668907166
87,118,269,317,0.008080442436039448
88,89,270,409,0.0009356761584058404
88,90,270,291,0.0009016690892167389
88,91,270,375,-0.004390209447592497
88,92,270,321,0.0035071319434791803
88,93,270,405,0.009006642736494541
88,94,270,314,0.01163897942751646
88,95,270,302,0.0003061332390643656
88,96,270,303,0.0010486363898962736
88,97,270,304,0.00039649030077271163
88,98,270,408,0.0011609200155362487
88,99,270,307,-0.0032110551837831736
88,100,270,320,0.006057915277779102
88,101,270,404,0.008968331851065159
88,102,270,315,0.013223429210484028
88,103,270,268,-0.00019619725935626775
88,104,270,271,0.0005755283054895699
88,105,270,272,3.1038945280670305e-07
88,106,270,325,0.0003549780522007495
88,107,270,319,0.004850009921938181
88,108,270,403,0.007460547145456076
88,109,270,316,0.009683535434305668
88,110,270,312,0.00033852923661470413
88,111,270,311,-0.00015519815497100353
88,112,270,310,-0.0010706819593906403
88,113,270,415,-0.0019402991747483611
88,114,270,308,0.0040799397975206375
88,115,270,324,0.0002577413397375494
88,116,270,318,0.003903921926394105
88,117,270,402,0.006833840161561966
88,118,270,317,0.007289047818630934
89,90,409,291,0.0012227243278175592
89,91,409,375,0.0035119294188916683
89,92,409,321,0.00901184044778347
89,93,409,405,0.01192281674593687
89,94,409,314,0.013128472492098808
89,95,409,302,-4.649324910133146e-05
89,96,409,303,0.0004841989139094949
89,97,409,304,0.0014370476128533483
89,98,409,408,0.0001699879503576085
89,99,409,307,0.004379065241664648
89,100,409,320,0.006972114555537701
89,101,409,404,0.011725571937859058
89,102,409,315,0.013906165026128292
89,103,409,268,3.0469738703686744e-05
89,104,409,271,-0.000393251481000334
89,105,409,272,-0.0005618788418360054
89,106,409,325,0.003392085898667574
89,107,409,319,0.005796495359390974
89,108,409,403,0.011026222258806229
89,109,409,316,0.012934138998389244
89,110,409,312,-0.00041415850864723325
89,111,409,311,-0.0004950618022121489
89,112,409,310,-0.0002213445695815608
89,113,409,415,-8.560671267332509e-05
89,114,409,308,-0.001575710135512054
89,115,409,324,0.0012192940339446068
89,116,409,318,0.004845441784709692
89,117,409,402,0.008594696410000324
89,118,409,317,0.01165364682674408
90,91,291,375,0.00656770309433341
90,92,291,321,0.010776340030133724
90,93,291,405,0.011824394576251507
90,94,291,314,0.01176373939961195
90,95,291,302,0.0005790269351564348
90,96,291,303,0.0008289696415886283
90,97,291,304,0.0020255455747246742
90,98,291,408,0.0009409852791577578
90,99,291,307,0.005748552270233631
90,100,291,320,0.008924320340156555
90,101,291,404,0.011618615128099918
90,102,291,315,0.01230788603425026
90,103,291,268,0.00039802954415790737
90,104,291,271,0.001049060607329011
90,105,291,272,0.0006866527837701142
90,106,291,325,0.004227759782224894
90,107,291,319,0.007913953624665737
90,108,291,403,0.012476210482418537
90,109,291,316,0.01196315884590149
90,110,291,312,-0.003520601661875844
90,111,291,311,7.653516513528302e-05
90,112,291,310,-6.662164378212765e-05
90,113,291,415,0.0004579460946843028
90,114,291,308,4.125853138248203e-06
90,115,291,324,0.0026145416777580976
90,116,291,318,0.0058544231578707695
90,117,291,402,0.009337931871414185
90,118,291,317,0.009727473370730877
91,92,375,321,0.0039018357638269663
91,93,375,405,0.005781628657132387
91,94,375,314,0.00555676082149148
91,95,375,302,-0.00273917312733829
91,96,375,303,-0.002458132803440094
91,97,375,304,-0.004280277993530035
91,98,375,408,-0.005204657558351755
91,99,375,307,0.0001454282901249826
91,100,375,320,0.0035912429448217154
91,101,375,404,0.005791428964585066
91,102,375,315,0.0005598763818852603
91,103,375,268,-0.0022215661592781544
91,104,375,271,-0.003897137241438031
91,105,375,272,-0.005058645270764828
91,106,375,325,-0.0019491526763886213
91,107,375,319,0.0008664528140798211
91,108,375,403,0.0039948285557329655
91,109,375,316,0.00034996995236724615
91,110,375,312,-0.003798147663474083
91,111,375,311,-0.005803572479635477
91,112,375,310,-0.005181465297937393
91,113,375,415,-0.006079562474042177
91,114,375,308,-0.004038759507238865
91,115,375,324,-0.0034913846757262945
91,116,375,318,-0.0003569038526620716
91,117,375,402,0.0013984923716634512
91,118,375,317,-0.001006484031677246
92,93,321,405,0.00120211869943887
92,94,321,314,0.001630833838135004
92,95,321,302,-0.005942115094512701
92,96,321,303,-0.008082658983767033
92,97,321,304,-0.006130924914032221
92,98,321,408,0.00897071324288845
92,99,321,307,0.004991916008293629
92,100,321,320,-0.0007795020937919617
92,101,321,404,0.0005786213441751897
92,102,321,315,0.002076336182653904
92,103,321,268,-0.0068738460540771484
92,104,321,271,-0.007318342570215464
92,105,321,272,-0.00890395138412714
92,106,321,325,0.0057945698499679565
92,107,321,319,-0.0035123073030263186
92,108,321,403,-0.001102997688576579
92,109,321,316,0.0004582224355544895
92,110,321,312,-0.007722562178969383
92,111,321,311,-0.008318441919982433
92,112,321,310,-0.010628431104123592
92,113,321,415,-0.004867219366133213
92,114,321,308,0.013259610161185265
92,115,321,324,-0.003531267400830984
92,116,321,318,-0.005325645208358765
92,117,321,402,-0.0034141638316214085
92,118,321,317,-0.0011599235003814101
93,94,405,314,0.0004381972539704293
93,95,405,302,-0.00769736198708415
93,96,405,303,-0.0038612675853073597
93,97,405,304,0.010759462602436543
93,98,405,408,0.01302266027778387
93,99,405,307,0.006573150400072336
93,100,405,320,0.0033243554644286633
93,101,405,404,-0.0001695131795713678
93,102,405,315,0.0007705557509325445
93,103,405,268,-0.00832274742424488
93,104,405,271,-0.008827457204461098
93,105,405,272,0.009508994407951832
93,106,405,325,0.008547743782401085
93,107,405,319,0.005392609164118767
93,108,405,403,-0.002056930912658572
93,109,405,316,-0.0012093440163880587
93,110,405,312,-0.009830224327743053
93,111,405,311,-0.010371428914368153
93,112,405,310,0.006204254925251007
93,113,405,415,0.015035554766654968
93,114,405,308,0.01472578663378954
93,115,405,324,0.009068669751286507
93,116,405,318,0.0070718820206820965
93,117,405,402,-0.003960450179874897
93,118,405,317,-0.004010890610516071
94,95,314,302,-0.0035470216535031796
94,96,314,303,0.010361753404140472
94,97,314,304,0.01317399088293314
94,98,314,408,0.014432433992624283
94,99,314,307,0.004983098711818457
94,100,314,320,0.0025285030715167522
94,101,314,404,0.0015190675621852279
94,102,314,315,0.0007045588572509587
94,103,314,268,-0.005511570256203413
94,104,314,271,0.010833989828824997
94,105,314,272,0.01356640923768282
94,106,314,325,0.007432352751493454
94,107,314,319,0.003817665856331587
94,108,314,403,0.0024606012739241123
94,109,314,316,-0.00029211764922365546
94,110,314,312,-0.008824856951832771
94,111,314,311,0.011982731521129608
94,112,314,310,0.014917575754225254
94,113,314,415,0.01169308740645647
94,114,314,308,0.011241982690989971
94,115,314,324,0.008245617151260376
94,116,314,318,0.006682899314910173
94,117,314,402,0.0037341180723160505
94,118,314,317,-0.002270592376589775
95,96,302,303,-0.0005388729623518884
95,97,302,304,-0.0007483917870558798
95,98,302,408,-0.0001780446182237938
95,99,302,307,-0.008375832810997963
95,100,302,320,-0.0053503611125051975
95,101,302,404,-0.007639072835445404
95,102,302,315,-0.0019059727201238275
95,103,302,268,-0.0008025660063140094
95,104,302,271,0.0004012525314465165
95,105,302,272,0.0002715065493248403
95,106,302,325,-0.005724333226680756
95,107,302,319,-0.003907652106136084
95,108,302,403,-0.005689058918505907
95,109,302,316,0.0011740856571123004
95,110,302,312,-0.0008591661462560296
95,111,302,311,0.0016675509978085756
95,112,302,310,0.0007721067522652447
95,113,302,415,4.3471340177347884e-05
95,114,302,308,0.0015024760505184531
95,115,302,324,-0.0034655749332159758
95,116,302,318,-0.0017744097858667374
95,117,302,402,-0.0032677622511982918
95,118,302,317,0.0037349420599639416
96,97,303,304,0.0009251460433006287
96,98,303,408,0.0011567779583856463
96,99,303,307,-0.0036144875921308994
96,100,303,320,-0.006427003536373377
96,101,303,404,0.0014792513102293015
96,102,303,315,0.01068163849413395
96,103,303,268,0.0001108028955059126
96,104,303,271,-0.0003363074210938066
96,105,303,272,0.0013808597577735782
96,106,303,325,-0.0013675241498276591
96,107,303,319,-0.003308873623609543
96,108,303,403,0.005313893314450979
96,109,303,316,0.009877401404082775
96,110,303,312,0.00024122768081724644
96,111,303,311,-0.00042443524580448866
96,112,303,310,0.0022795472759753466
96,113,303,415,0.0015019045677036047
96,114,303,308,0.0021942458115518093
96,115,303,324,0.0009941405151039362
96,116,303,318,-0.002009554533287883
96,117,303,402,0.004573039710521698
96,118,303,317,0.009103233925998211
97,98,304,408,0.001062695519067347
97,99,304,307,-0.0034438648726791143
97,100,304,320,0.001600160845555365
97,101,304,404,0.009883525781333447
97,102,304,315,0.013957644812762737
97,103,304,268,-8.611923840362579e-05
97,104,304,271,0.000588378868997097
97,105,304,272,0.0001638922985875979
97,106,304,325,-0.0006019141292199492
97,107,304,319,0.004207031335681677
97,108,304,403,0.008661892265081406
97,109,304,316,0.013150900602340698
97,110,304,312,-0.0004020128399133682
97,111,304,311,-0.00016365711053367704
97,112,304,310,-0.0015039636055007577
97,113,304,415,0.0001788383669918403
97,114,304,308,0.00292568514123559
97,115,304,324,-6.034850230207667e-05
97,116,304,318,0.0031494039576500654
97,117,304,402,0.0073495348915457726
97,118,304,317,0.010406013578176498
98,99,408,307,0.002429519547149539
98,100,408,320,0.007742549758404493
98,101,408,404,0.013013890013098717
98,102,408,315,0.014474560506641865
98,103,408,268,0.0003854788956232369
98,104,408,271,0.000847860996145755
98,105,408,272,0.0010047547984868288
98,106,408,325,0.0031243206467479467
98,107,408,319,0.0063464646227657795
98,108,408,403,0.010491244494915009
98,109,408,316,0.006845900323241949
98,110,408,312,-0.00020856340415775776
98,111,408,311,-0.001032214262522757
98,112,408,310,-0.0013046347303315997
98,113,408,415,5.009623055229895e-05
98,114,408,308,0.0007630717591382563
98,115,408,324,0.0010605624411255121
98,116,408,318,0.0053055486641824245
98,117,408,402,0.009586903266608715
98,118,408,317,0.004899222403764725
99,100,307,320,0.003415737533941865
99,101,307,404,0.005893990397453308
99,102,307,315,0.007426930591464043
99,103,307,268,-0.0033850737381726503
99,104,307,271,-0.0021184056531637907
99,105,307,272,-0.0044716293923556805
99,106,307,325,-0.0005307141109369695
99,107,307,319,0.001055600238032639
99,108,307,403,0.0045695677399635315
99,109,307,316,0.006189215928316116
99,110,307,312,-0.004921982530504465
99,111,307,311,-0.004828948527574539
99,112,307,310,-0.006556850858032703
99,113,307,415,-0.00637666042894125
99,114,307,308,0.006215724628418684
99,115,307,324,-0.0029650127980858088
99,116,307,318,-0.0007147511932998896
99,117,307,402,0.0024800270330160856
99,118,307,317,0.0038291621021926403
100,101,320,404,0.0023196274414658546
100,102,320,315,0.003059580223634839
100,103,320,268,-0.005784451961517334
100,104,320,271,-0.00737964129075408
100,105,320,272,-0.007545460481196642
100,106,320,325,0.004954342730343342
100,107,320,319,-0.001315240515395999
100,108,320,403,0.0007692837971262634
100,109,320,316,0.0016261261189356446
100,110,320,312,-0.00669119693338871
100,111,320,311,-0.008112256415188313
100,112,320,310,-0.01012849435210228
100,113,320,415,0.0060990978963673115
100,114,320,308,0.011477617546916008
100,115,320,324,0.006515341345220804
100,116,320,318,-0.0039010560140013695
100,117,320,402,-0.0022639662493020296
100,118,320,317,-0.000688625150360167
101,102,404,315,0.0010886646341532469
101,103,404,268,-0.007842784747481346
101,104,404,271,-0.007279891055077314
101,105,404,272,0.011325636878609657
101,106,404,325,0.006296060513705015
101,107,404,319,0.0047569493763148785
101,108,404,403,-0.0015845771413296461
101,109,404,316,0.0002149645733879879
101,110,404,312,-0.009576696902513504
101,111,404,311,-0.009712107479572296
101,112,404,310,0.00897880457341671
101,113,404,415,0.013390056788921356
101,114,404,308,0.013825525529682636
101,115,404,324,0.00767666008323431
101,116,404,318,0.006893474142998457
101,117,404,402,-0.0030639891047030687
101,118,404,317,-0.002266786526888609
102,103,315,268,-0.005104605574160814
102,104,315,271,0.01145915687084198
102,105,315,272,0.014119786210358143
102,106,315,325,0.008416273631155491
102,107,315,319,0.0050942543894052505
102,108,315,403,0.004115148447453976
102,109,315,316,-0.0007680021808482707
102,110,315,312,-0.009113924577832222
102,111,315,311,0.013431830331683159
102,112,315,310,0.014215422794222832
102,113,315,415,0.013706760480999947
102,114,315,308,0.012169362977147102
102,115,315,324,0.009837061166763306
102,116,315,318,0.007150366436690092
102,117,315,402,0.0058989753015339375
102,118,315,317,-0.003052446525543928
103,104,268,271,0.0009526737267151475
103,105,268,272,-1.3740142094320618e-05
103,106,268,325,-0.007048324681818485
103,107,268,319,-0.004117259755730629
103,108,268,403,-0.0063770003616809845
103,109,268,316,-0.0019581010565161705
103,110,268,312,-0.0006172826397232711
103,111,268,311,0.0016380029264837503
103,112,268,310,0.001640068250708282
103,113,268,415,0.0002119317214237526
103,114,268,308,0.0009888693457469344
103,115,268,324,-0.0007911810535006225
103,116,268,318,-0.0023904864210635424
103,117,268,402,-0.0038997947704046965
103,118,268,317,0.0011340957134962082
104,105,271,272,0.0010646185837686062
104,106,271,325,-0.0030498304404318333
104,107,271,319,-0.003957576118409634
104,108,271,403,-0.0004584746202453971
104,109,271,316,0.011053849942982197
104,110,271,312,0.0009074018453247845
104,111,271,311,-0.000622016319539398
104,112,271,310,0.002465144731104374
104,113,271,415,0.0006686393171548843
104,114,271,308,0.0012312910985201597
104,115,271,324,0.0003976068983320147
104,116,271,318,-0.0021834401413798332
104,117,271,402,0.0037331997882574797
104,118,271,317,0.009790908545255661
105,106,272,325,-0.0030327450949698687
105,107,272,319,-0.00023822074581403285
105,108,272,403,0.00993658509105444
105,109,272,316,0.014168152585625648
105,110,272,312,0.0005188520299270749
105,111,272,311,0.00036088249180465937
105,112,272,310,1.984089431061875e-05
105,113,272,415,0.0016859353054314852
105,114,272,308,0.002980744233354926
105,115,272,324,7.05943675711751e-05
105,116,272,318,0.003484229790046811
105,117,272,402,0.008182446472346783
105,118,272,317,0.011577518656849861
106,107,325,319,0.0034942508209496737
106,108,325,403,0.005736778024584055
106,109,325,316,0.007666679564863443
106,110,325,312,-0.0031959866173565388
106,111,325,311,-0.004051361232995987
106,112,325,310,-0.004309662617743015
106,113,325,415,-0.0036718372721225023
106,114,325,308,0.006497184280306101
106,115,325,324,-0.0009854105301201344
106,116,325,318,0.0013314102543517947
106,117,325,402,0.0033024472650140524
106,118,325,317,0.004592299461364746
107,108,319,403,0.0031947416719049215
107,109,319,316,0.003294983645901084
107,110,319,312,-0.00590685335919261
107,111,319,311,-0.00657920865342021
107,112,319,310,-0.007377352565526962
107,113,319,415,0.008569519966840744
107,114,319,308,0.008736131712794304
107,115,319,324,0.005613044369965792
107,116,319,318,-0.0006840676651336253
107,117,319,402,0.001136355334892869
107,118,319,317,0.0016446840018033981
108,109,403,316,0.001991319702938199
108,110,403,312,-0.006824556738138199
108,111,403,311,-0.007095877546817064
108,112,403,310,0.011276006698608398
108,113,403,415,0.01054404117166996
108,114,403,308,0.011567693203687668
108,115,403,324,0.007587041240185499
108,116,403,318,0.004312196746468544
108,117,403,402,-0.0015987480292096734
108,118,403,317,-0.0005518110701814294
109,110,316,312,-0.006968788802623749
109,111,316,311,0.011618929915130138
109,112,316,310,0.012774031609296799
109,113,316,415,0.013074942864477634
109,114,316,308,0.011373495683073997
109,115,316,324,0.008067903108894825
109,116,316,318,0.005863167345523834
109,117,316,402,0.004633666481822729
109,118,316,317,-0.0021779092494398355
110,111,312,311,0.0016574498731642962
110,112,312,310,0.0018878452247008681
110,113,312,415,-2.392015630903188e-05
110,114,312,308,4.0303031710209325e-05
110,115,312,324,-0.0016298902919515967
110,116,312,318,-0.00363070797175169
110,117,312,402,-0.005284969229251146
110,118,312,317,-0.002073434181511402
111,112,311,310,0.0010901920031756163
111,113,311,415,0.0011597172124311328
111,114,311,308,0.0003892115200869739
111,115,311,324,-0.002230574144050479
111,116,311,318,-0.00384018593467772
111,117,311,402,-0.002804165007546544
111,118,311,317,0.010686775669455528
112,113,310,415,-0.00014196030679158866
112,114,310,308,0.0015334273921325803
112,115,310,324,-0.002112856600433588
112,116,310,318,-0.00264209252782166
112,117,310,402,0.009332234971225262
112,118,310,317,0.011386183090507984
113,114,415,308,0.0009791214251890779
113,115,415,324,-0.00012511046952567995
113,116,415,318,0.006254523526877165
113,117,415,402,0.009053698740899563
113,118,415,317,0.010812025517225266
114,115,308,324,0.003191567724570632
114,116,308,318,0.0077901314944028854
114,117,308,402,0.010266726836562157
114,118,308,317,0.009155556559562683
115,116,324,318,0.0031621702946722507
115,117,324,402,0.005270285066217184
115,118,324,317,0.0060363225638866425
116,117,318,402,0.002772996900603175
116,118,318,317,0.0031462369952350855
117,118,402,317,0.0027548123616725206
