i,j,point_id_i,point_id_j,value
0,1,164,167,-8.960108971223235e-05
0,2,164,165,-0.002481629839166999
0,3,164,92,-0.0031095221638679504
0,4,164,186,-0.00219736504368484
0,5,164,57,-0.0005037596565671265
0,6,164,43,-0.0014091298216953874
0,7,164,106,1.3454390682454687e-05
0,8,164,182,-0.0003664689720608294
0,9,164,83,-8.196950511774048e-05
0,10,164,18,0.00012191938003525138
0,11,164,200,-0.00016132563177961856
0,12,164,201,-2.754292836470995e-05
0,13,164,194,-0.001046587247401476
0,14,164,204,-0.0006982513586990535
0,15,164,202,-0.0009697008645161986
0,16,164,212,-0.0023741358891129494
0,17,164,216,-0.0008423748658969998
0,18,164,206,-0.0033045473974198103
0,19,164,203,-0.003167069749906659
0,20,164,207,-0.0003414521925151348
0,21,164,205,-0.0012010837672278285
0,22,164,98,-0.0013677465030923486
0,23,164,97,-0.0007753988611511886
0,24,164,393,0.00027671782299876213
0,25,164,391,-0.00030571865499950945
0,26,164,322,6.12712319707498e-05
0,27,164,410,9.84898506430909e-05
0,28,164,287,-0.0007636223454028368
0,29,164,273,-1.9337308913236484e-05
0,30,164,335,-0.0005514146178029478
0,31,164,406,-0.0004096917691640556
0,32,164,313,-0.0003107952361460775
0,33,164,421,-0.00035234642564319074
0,34,164,418,0.00028629100415855646
0,35,164,424,-0.00015292146417777985
0,36,164,422,0.00022410397650673985
0,37,164,432,-0.0006185630918480456
0,38,164,436,-0.0001348775695078075
0,39,164,426,-0.00021151533292140812
0,40,164,423,-0.00021740462398156524
0,41,164,427,-0.00016818112635519356
0,42,164,425,-0.00030464204610325396
0,43,164,327,-0.001147893606685102
0,44,164,326,-0.00012871767103206366
0,45,164,0,-3.477557038422674e-05
0,46,164,37,8.886091382009909e-05
0,47,164,39,0.0003099328314419836
0,48,164,40,-0.0005166122573427856
0,49,164,185,-0.0004158828523941338
0,50,164,61,0.00022920632909517735
0,51,164,146,0.00010806851787492633
0,52,164,91,0.00015802003326825798
0,53,164,181,9.182894427794963e-05
0,54,164,84,0.0001821506448322907
0,55,164,17,-0.0005739527405239642
0,56,164,11,-0.0004333685210440308
0,57,164,72,0.00024510332150384784
0,58,164,73,3.4404558391543105e-05
0,59,164,74,-0.00026753556448966265
0,60,164,184,-0.00027080992003902793
0,61,164,77,0.00021189998369663954
0,62,164,90,7.382658804999664e-05
0,63,164,180,3.01900854537962e-05
0,64,164,85,0.0002662294136825949
0,65,164,16,-0.0007413680432364345
0,66,164,12,-0.000515747640747577
0,67,164,38,8.257976151071489e-05
0,68,164,41,-0.00022218097001314163
0,69,164,42,-0.0002263493515783921
0,70,164,96,0.00012460634752642363
0,71,164,89,9.775660146260634e-05
0,72,164,179,0.00021869168267585337
0,73,164,86,-7.457324682036415e-05
0,74,164,15,-0.0009420935530215502
0,75,164,13,-5.679842797690071e-05
0,76,164,82,9.153617429547012e-05
0,77,164,81,0.00017213587125297636
0,78,164,80,-0.00019592081662267447
0,79,164,191,5.405288175097667e-05
0,80,164,78,-0.0003631499130278826
0,81,164,95,0.00022701708076056093
0,82,164,88,0.00014894430933054537
0,83,164,178,3.273032052675262e-05
0,84,164,87,0.0005675042048096657
0,85,164,14,-0.00028638081857934594
0,86,164,267,-9.108414815273136e-05
0,87,164,269,-0.0005742073408327997
0,88,164,270,-0.00020273607515264302
0,89,164,409,1.1333479505992727e-06
0,90,164,291,-4.179857933195308e-05
0,91,164,375,-0.0004052422591485083
0,92,164,321,-0.0009543357882648706
0,93,164,405,-0.001176071004010737
0,94,164,314,-0.0002752595173660666
0,95,164,302,-8.025039278436452e-05
0,96,164,303,-0.00012728822184726596
0,97,164,304,-0.001452160533517599
0,98,164,408,-0.0006159391487017274
0,99,164,307,-0.00024299095093738288
0,100,164,320,-0.0005726569797843695
0,101,164,404,-0.0007243708823807538
0,102,164,315,-0.00012421196151990443
0,103,164,268,2.0365578166092746e-05
0,104,164,271,-0.0007839204045012593
0,105,164,272,-0.0012832352658733726
0,106,164,325,-0.0002790030266623944
0,107,164,319,-0.001220853184349835
0,108,164,403,-0.00017191830556839705
0,109,164,316,-0.00027976895216852427
0,110,164,312,-0.00020124512957409024
0,111,164,311,-0.0007647288730368018
0,112,164,310,0.00022208367590792477
0,113,164,415,-0.00044929268187843263
0,114,164,308,-0.0001577749353600666
0,115,164,324,-0.00022797823476139456
0,116,164,318,-0.0013400837779045105
0,117,164,402,-0.00038725370541214943
0,118,164,317,-0.00019350735237821937
1,2,167,165,0.00026847931439988315
1,3,167,92,-0.0005931438063271344
1,4,167,186,8.09977063909173e-05
1,5,167,57,0.000331114511936903
1,6,167,43,-0.00045644547208212316
1,7,167,106,-0.00011949423787882552
1,8,167,182,-2.0875411792076193e-05
1,9,167,83,-0.00040673476178199053
1,10,167,18,-0.0001476966863265261
1,11,167,200,0.00028191509773023427
1,12,167,201,4.499710485106334e-05
1,13,167,194,-8.674908167449757e-05
1,14,167,204,0.00013806151400785893
1,15,167,202,0.00011120714043499902
1,16,167,212,-0.000510489393491298
1,17,167,216,-0.0006708897999487817
1,18,167,206,-0.0012134624412283301
1,19,167,203,-0.0005780828068964183
1,20,167,207,-0.00045925963786430657
1,21,167,205,-0.0010291396174579859
1,22,167,98,-8.300119225168601e-05
1,23,167,97,-7.341965101659298e-05
1,24,167,393,9.246045374311507e-05
1,25,167,391,-0.0006441021105274558
1,26,167,322,-7.991526945261285e-05
1,27,167,410,-8.490805339533836e-05
1,28,167,287,-0.00047749720397405326
1,29,167,273,3.2097723305923864e-05
1,30,167,335,-0.00026787316892296076
1,31,167,406,-6.0605339967878535e-05
1,32,167,313,-3.708152871695347e-05
1,33,167,421,-7.66896664572414e-06
1,34,167,418,-7.51937841414474e-05
1,35,167,424,-0.0005914308130741119
1,36,167,422,-0.00014595627726521343
1,37,167,432,-0.000152783133671619
1,38,167,436,-5.877188596059568e-05
1,39,167,426,-0.000508767319843173
1,40,167,423,-0.0008014565682969987
1,41,167,427,6.508782098535448e-05
1,42,167,425,8.559720299672335e-05
1,43,167,327,0.00010672654025256634
1,44,167,326,-0.00042441903497092426
1,45,167,0,9.251377923646942e-05
1,46,167,37,-0.0012766916770488024
1,47,167,39,-0.00024460352142341435
1,48,167,40,-0.0003486732894089073
1,49,167,185,-9.449753270018846e-05
1,50,167,61,1.0081468644784763e-05
1,51,167,146,-0.00013761741865891963
1,52,167,91,0.0002992870577145368
1,53,167,181,-2.386044798186049e-05
1,54,167,84,-0.0007160617387853563
1,55,167,17,0.0005363346426747739
1,56,167,11,-0.00010028499673353508
1,57,167,72,-0.0001863252982730046
1,58,167,73,-5.5835043895058334e-05
1,59,167,74,-6.236275658011436e-05
1,60,167,184,-0.00017276249127462506
1,61,167,77,-0.0001209136753459461
1,62,167,90,5.1824452384607866e-05
1,63,167,180,5.376759509090334e-05
1,64,167,85,-0.00044247679761610925
1,65,167,16,0.00016129852156154811
1,66,167,12,-0.0004040079948026687
1,67,167,38,-7.91444763308391e-05
1,68,167,41,9.868988126982003e-05
1,69,167,42,-0.00021140674652997404
1,70,167,96,-8.172865636879578e-05
1,71,167,89,-8.738911128602922e-05
1,72,167,179,0.00021231493155937642
1,73,167,86,-0.0008568654302507639
1,74,167,15,0.00046838863636367023
1,75,167,13,-0.0003619060153141618
1,76,167,82,-0.00038241318543441594
1,77,167,81,-0.00016789544315543026
1,78,167,80,-0.00015004111628513783
1,79,167,191,-6.500042218249291e-05
1,80,167,78,4.846547744818963e-05
1,81,167,95,-7.085684774210677e-05
1,82,167,88,-0.000101680081570521
1,83,167,178,0.0002140513970516622
1,84,167,87,-0.0014997355174273252
1,85,167,14,-5.475459329318255e-05
1,86,167,267,-0.000341334700351581
1,87,167,269,-0.00034210033481940627
1,88,167,270,8.421413804171607e-05
1,89,167,409,-0.0007050542044453323
1,90,167,291,0.000173303356859833
1,91,167,375,-0.001155332662165165
1,92,167,321,-4.012000772490865e-06
1,93,167,405,-0.00022598430223297328
1,94,167,314,-5.858599251951091e-05
1,95,167,302,-8.008697477634996e-05
1,96,167,303,3.370662852830719e-06
1,97,167,304,-0.0003921563911717385
1,98,167,408,-0.0005141977453604341
1,99,167,307,-0.0008613794343546033
1,100,167,320,-0.0006518407608382404
1,101,167,404,-0.00012623470684047788
1,102,167,315,-0.00011053650814574212
1,103,167,268,-5.1756855100393295e-05
1,104,167,271,-0.0001303169410675764
1,105,167,272,-0.0010026897070929408
1,106,167,325,-0.000428475410444662
1,107,167,319,-0.0007063702214509249
1,108,167,403,-0.00015506628551520407
1,109,167,316,-0.00012314724153839052
1,110,167,312,-7.331744563998654e-05
1,111,167,311,-0.0012919892324134707
1,112,167,310,-0.002224757568910718
1,113,167,415,0.008831164799630642
1,114,167,308,-1.5185299162112642e-05
1,115,167,324,-0.00030705175595358014
1,116,167,318,-0.0006476881098933518
1,117,167,402,0.00025494539295323193
1,118,167,317,-0.00020369785488583148
2,3,165,92,8.654960765852593e-06
2,4,165,186,0.00014035934873390943
2,5,165,57,1.1422810530348215e-05
2,6,165,43,2.526037860661745e-05
2,7,165,106,-0.0001386221993016079
2,8,165,182,-0.0007755418191663921
2,9,165,83,-0.00015086078201420605
2,10,165,18,-0.00017486813885625452
2,11,165,200,-0.00011508458555908874
2,12,165,201,0.00046650797594338655
2,13,165,194,0.0004892672877758741
2,14,165,204,-0.0002734360459726304
2,15,165,202,3.7988378608133644e-05
2,16,165,212,-0.0001075283216778189
2,17,165,216,-2.3505165245296666e-06
2,18,165,206,0.0003450522490311414
2,19,165,203,6.618200131924823e-05
2,20,165,207,0.0009049026411958039
2,21,165,205,0.0003109712852165103
2,22,165,98,-7.183206616900861e-05
2,23,165,97,-5.533676812774502e-05
2,24,165,393,-0.002884523244574666
2,25,165,391,-0.0029549573082476854
2,26,165,322,-0.0003822903672698885
2,27,165,410,-0.00011571847426239401
2,28,165,287,-0.0003182325162924826
2,29,165,273,-0.0001924679527292028
2,30,165,335,-0.0002917789970524609
2,31,165,406,0.00018498658027965575
2,32,165,313,4.270193676347844e-05
2,33,165,421,0.0004336245183367282
2,34,165,418,3.0020415579201654e-05
2,35,165,424,-0.0001686594623606652
2,36,165,422,-0.000208195298910141
2,37,165,432,6.118932651588693e-05
2,38,165,436,6.651808507740498e-05
2,39,165,426,-0.002000956330448389
2,40,165,423,6.704468978568912e-05
2,41,165,427,-0.00038420999771915376
2,42,165,425,-0.0023160921409726143
2,43,165,327,0.0001297773706028238
2,44,165,326,-0.00018631787679623812
2,45,165,0,-0.0007385733188129961
2,46,165,37,-0.00015114662528503686
2,47,165,39,5.71243253943976e-05
2,48,165,40,-0.00016077057807706296
2,49,165,185,0.0003008185012731701
2,50,165,61,0.00013323761231731623
2,51,165,146,-1.0938663763226941e-05
2,52,165,91,-0.00020299509924370795
2,53,165,181,-0.00024506408954039216
2,54,165,84,-0.00045994872925803065
2,55,165,17,0.00022669976169709116
2,56,165,11,0.00010722218576120213
2,57,165,72,-0.00020052274339832366
2,58,165,73,-0.00010170156747335568
2,59,165,74,-0.00127286312635988
2,60,165,184,0.00011030111636500806
2,61,165,77,-0.0001514010946266353
2,62,165,90,-0.000762580893933773
2,63,165,180,-0.00043305158033035696
2,64,165,85,0.0003492249234113842
2,65,165,16,0.00040341197745874524
2,66,165,12,4.780895324074663e-05
2,67,165,38,-0.00019594882905948907
2,68,165,41,0.00021843916329089552
2,69,165,42,-0.00022366381017491221
2,70,165,96,-0.00014116715465206653
2,71,165,89,-0.00045298977056518197
2,72,165,179,0.00023997115204110742
2,73,165,86,-7.169627497205511e-05
2,74,165,15,6.076050703995861e-05
2,75,165,13,-0.0008264026255346835
2,76,165,82,-0.0003711279423441738
2,77,165,81,1.6670359400450252e-05
2,78,165,80,0.00018932340026367456
2,79,165,191,-0.0003259267541579902
2,80,165,78,-4.7856370656518266e-05
2,81,165,95,-0.0001776041608536616
2,82,165,88,-0.000760731112677604
2,83,165,178,-0.0007449021795764565
2,84,165,87,0.00038504431722685695
2,85,165,14,-0.0011305803200230002
2,86,165,267,0.000154259309056215
2,87,165,269,-0.0008402672247029841
2,88,165,270,-0.0003080954775214195
2,89,165,409,8.467481166007929e-06
2,90,165,291,-0.0015948988730087876
2,91,165,375,-0.0003671548329293728
2,92,165,321,-3.820928031927906e-05
2,93,165,405,-0.00036085513420403004
2,94,165,314,-0.00013735030370298773
2,95,165,302,-0.0005553068476729095
2,96,165,303,-0.0004448051331564784
2,97,165,304,-0.00011590989015530795
2,98,165,408,-0.0008365061366930604
2,99,165,307,-6.94195696269162e-05
2,100,165,320,-9.49117966229096e-05
2,101,165,404,-0.00023580346896778792
2,102,165,315,-0.0004023998335469514
2,103,165,268,5.069309918326326e-05
2,104,165,271,-0.00042427846346981823
2,105,165,272,-4.085231194039807e-05
2,106,165,325,0.00024259131168946624
2,107,165,319,0.00011412395542720333
2,108,165,403,-0.0002131922374246642
2,109,165,316,-0.0003231719310861081
2,110,165,312,7.819950405973941e-05
2,111,165,311,9.704581316327676e-05
2,112,165,310,-4.748478750116192e-05
2,113,165,415,-0.0003856875700876117
2,114,165,308,-0.0017274575075134635
2,115,165,324,-0.0006385491578839719
2,116,165,318,3.13615491904784e-05
2,117,165,402,-0.0003666974080260843
2,118,165,317,-0.00046995270531624556
3,4,92,186,1.8012136933975853e-05
3,5,92,57,0.00021771027240902185
3,6,92,43,4.6991084673209116e-05
3,7,92,106,-0.0011411439627408981
3,8,92,182,-0.0002929300826508552
3,9,92,83,-1.533292561362032e-05
3,10,92,18,-0.0013932471629232168
3,11,92,200,-0.0003394820378161967
3,12,92,201,0.0001806828222470358
3,13,92,194,-0.0006198766059242189
3,14,92,204,-9.271525050280616e-05
3,15,92,202,0.00012296685599721968
3,16,92,212,0.00034598849015310407
3,17,92,216,-0.0004474702582228929
3,18,92,206,-2.711466368054971e-05
3,19,92,203,-0.00013552738528233021
3,20,92,207,0.000420985568780452
3,21,92,205,-0.00014344633382279426
3,22,92,98,-8.135776442941278e-05
3,23,92,97,0.0002613122633192688
3,24,92,393,-0.0030714424792677164
3,25,92,391,-0.0025585482362657785
3,26,92,322,-0.0007661353447474539
3,27,92,410,-0.0005604635807685554
3,28,92,287,-0.00026780320331454277
3,29,92,273,8.986698048829567e-06
3,30,92,335,-0.0011324951192364097
3,31,92,406,-0.0018517188727855682
3,32,92,313,-4.916501711704768e-05
3,33,92,421,3.9150691009126604e-05
3,34,92,418,-0.0007580361561849713
3,35,92,424,-5.1701492338906974e-05
3,36,92,422,-0.00010989431029884145
3,37,92,432,-0.0001642374409129843
3,38,92,436,-0.00017130236665252596
3,39,92,426,-0.002025425434112549
3,40,92,423,-0.00020932561892550439
3,41,92,427,0.00015194364823400974
3,42,92,425,-0.001169094117358327
3,43,92,327,-0.00035663615562953055
3,44,92,326,-0.002542359521612525
3,45,92,0,-0.001467635273002088
3,46,92,37,9.86312807071954e-05
3,47,92,39,7.800004095770419e-05
3,48,92,40,0.00014120273408479989
3,49,92,185,-6.0858073993586e-06
3,50,92,61,-0.0005395250045694411
3,51,92,146,-0.0005133042577654123
3,52,92,91,-0.0001084658651961945
3,53,92,181,4.6100394683890045e-05
3,54,92,84,0.00033249956322833896
3,55,92,17,-0.00022691804042551666
3,56,92,11,-0.0001601484982529655
3,57,92,72,0.00031702802516520023
3,58,92,73,0.0001974825863726437
3,59,92,74,-0.0002183690230594948
3,60,92,184,-0.00036354720941744745
3,61,92,77,-0.0002940275880973786
3,62,92,90,-0.00018104573246091604
3,63,92,180,-7.439364708261564e-05
3,64,92,85,-0.00016725582827348262
3,65,92,16,-0.0015042864251881838
3,66,92,12,0.0001573508052388206
3,67,92,38,-0.0009625473758205771
3,68,92,41,0.00044409296242520213
3,69,92,42,3.2592179195489734e-05
3,70,92,96,-0.0004599205276463181
3,71,92,89,-0.0014645998599007726
3,72,92,179,5.482444976223633e-05
3,73,92,86,0.00043512543197721243
3,74,92,15,2.9219678253866732e-05
3,75,92,13,-0.0008590278448536992
3,76,92,82,0.0003551578847691417
3,77,92,81,1.2404714652802795e-05
3,78,92,80,0.00013394058623816818
3,79,92,191,3.6619439924834296e-05
3,80,92,78,-0.00035034140455536544
3,81,92,95,-0.00023581845744047314
3,82,92,88,-0.0005115202511660755
3,83,92,178,0.0003558701719157398
3,84,92,87,-9.714127372717485e-05
3,85,92,14,0.00014288326201494783
3,86,92,267,-9.814422810450196e-05
3,87,92,269,0.0013992917956784368
3,88,92,270,-0.00041641388088464737
3,89,92,409,-0.00014406806440092623
3,90,92,291,-0.0005437484942376614
3,91,92,375,-0.0004621543048415333
3,92,92,321,4.42429382019327e-06
3,93,92,405,-5.1386552513577044e-05
3,94,92,314,-0.000545408867765218
3,95,92,302,-0.0008681748295202851
3,96,92,303,-0.0006884188042022288
3,97,92,304,-0.0001608586317161098
3,98,92,408,-0.00024047348415479064
3,99,92,307,-0.0005574090173467994
3,100,92,320,-8.378698112210259e-05
3,101,92,404,-2.3842910650273552e-06
3,102,92,315,-0.0003197795304004103
3,103,92,268,-0.0006563921342603862
3,104,92,271,-7.894224108895287e-05
3,105,92,272,-0.00030700291972607374
3,106,92,325,-0.0005328297265805304
3,107,92,319,-0.0004821585607714951
3,108,92,403,-0.00018295129120815545
3,109,92,316,-0.0005307140527293086
3,110,92,312,-0.00045606610365211964
3,111,92,311,2.779668875518837e-06
3,112,92,310,-0.00021057430421933532
3,113,92,415,-0.0002793379535432905
3,114,92,308,-0.0004101392987649888
3,115,92,324,-0.00048095392412506044
3,116,92,318,-0.0004885621019639075
3,117,92,402,-0.0005683318595401943
3,118,92,317,-0.00032346046646125615
4,5,186,57,-0.00025029826792888343
4,6,186,43,-1.4673718169433414e-06
4,7,186,106,-0.00021341658430173993
4,8,186,182,-0.0001799695019144565
4,9,186,83,0.00046902819303795695
4,10,186,18,-9.419002162758261e-05
4,11,186,200,-5.199845691095106e-05
4,12,186,201,0.0002524231967981905
4,13,186,194,9.321315883425996e-05
4,14,186,204,-0.00021395517978817225
4,15,186,202,0.00010305004980182275
4,16,186,212,6.524797936435789e-05
4,17,186,216,0.00016144139226526022
4,18,186,206,-0.00013260211562737823
4,19,186,203,-2.5627557533880463e-06
4,20,186,207,4.231571438140236e-05
4,21,186,205,-8.932514901971444e-05
4,22,186,98,-2.013974153669551e-05
4,23,186,97,5.970065467408858e-05
4,24,186,393,-0.0016071865102276206
4,25,186,391,-0.0005545690073631704
4,26,186,322,-0.0008150528301484883
4,27,186,410,-0.0001675711973803118
4,28,186,287,-0.0003409363853279501
4,29,186,273,-0.0006529947277158499
4,30,186,335,-0.0005774608580395579
4,31,186,406,-0.0013358044670894742
4,32,186,313,-0.0010171288158744574
4,33,186,421,-0.0006273685721680522
4,34,186,418,-0.0010024047223851085
4,35,186,424,-0.00028238934464752674
4,36,186,422,-0.0006282951799221337
4,37,186,432,-0.00014425379049498588
4,38,186,436,-8.615184196969494e-05
4,39,186,426,-0.00020008542924188077
4,40,186,423,-0.0005001426907256246
4,41,186,427,3.877154449583031e-05
4,42,186,425,4.294072641641833e-05
4,43,186,327,-0.00020729302195832133
4,44,186,326,-0.0011807746486738324
4,45,186,0,-0.0014795325696468353
4,46,186,37,0.0003205939137842506
4,47,186,39,-0.00015217132749967277
4,48,186,40,0.00022071824059821665
4,49,186,185,4.402266858960502e-05
4,50,186,61,0.00013724196469411254
4,51,186,146,0.00024982396280393004
4,52,186,91,8.350046118721366e-05
4,53,186,181,0.00025507601094432175
4,54,186,84,-0.00027235588640905917
4,55,186,17,5.3062609367771074e-05
4,56,186,11,-0.00042477756505832076
4,57,186,72,-0.0003034403489436954
4,58,186,73,0.00037559709744527936
4,59,186,74,0.00011890869063790888
4,60,186,184,6.317266525002196e-05
4,61,186,77,0.0001312269305344671
4,62,186,90,1.0565063348622061e-05
4,63,186,180,0.00020054289780091494
4,64,186,85,0.00031904075876809657
4,65,186,16,-3.851170276902849e-06
4,66,186,12,-0.0002620178274810314
4,67,186,38,-0.0004993787733837962
4,68,186,41,0.0005421721143648028
4,69,186,42,-0.00012906767369713634
4,70,186,96,8.967771282186732e-05
4,71,186,89,-0.000117813418910373
4,72,186,179,6.952494732104242e-05
4,73,186,86,0.0002779017377179116
4,74,186,15,0.00025805510813370347
4,75,186,13,-0.0008118276600725949
4,76,186,82,-0.0008556431857869029
4,77,186,81,0.0007360884919762611
4,78,186,80,0.0002552959485910833
4,79,186,191,0.0002871858305297792
4,80,186,78,-0.00025728438049554825
4,81,186,95,-0.00011752636055462062
4,82,186,88,0.00013299882994033396
4,83,186,178,0.00011645104677882046
4,84,186,87,0.00017998425755649805
4,85,186,14,0.0005245057400316
4,86,186,267,-0.0009591928101144731
4,87,186,269,-0.007658906280994415
4,88,186,270,-0.00021024311718065292
4,89,186,409,-0.0007298531709238887
4,90,186,291,-0.0005696652806364
4,91,186,375,-0.0005118935951031744
4,92,186,321,-0.0003093692066613585
4,93,186,405,-0.0006727504660375416
4,94,186,314,-0.00035134993959218264
4,95,186,302,-0.0006283360417000949
4,96,186,303,-0.0006425423780456185
4,97,186,304,-2.494903355909628e-06
4,98,186,408,1.7708675841277e-06
4,99,186,307,-0.0003439006395637989
4,100,186,320,-0.00048235937720164657
4,101,186,404,-0.0003149813855998218
4,102,186,315,-0.00014253052358981222
4,103,186,268,-0.0005695646395906806
4,104,186,271,-0.0001734198012854904
4,105,186,272,-0.0004773202817887068
4,106,186,325,1.2257040907570627e-05
4,107,186,319,-0.0003413424710743129
4,108,186,403,-0.00013150463928468525
4,109,186,316,-2.7681346182362176e-05
4,110,186,312,-0.00011994849046459422
4,111,186,311,-0.00014271728286985308
4,112,186,310,-0.00043049745727330446
4,113,186,415,-0.0005587314954027534
4,114,186,308,-0.000653376744594425
4,115,186,324,-0.0006924572517164052
4,116,186,318,-0.0003541136102285236
4,117,186,402,-0.00023609722848050296
4,118,186,317,-0.0006651220610365272
5,6,57,43,0.00013115369074512273
5,7,57,106,-7.706171891186386e-05
5,8,57,182,8.631337550468743e-05
5,9,57,83,0.0002198694710386917
5,10,57,18,-0.0004840724286623299
5,11,57,200,-8.839598012855276e-05
5,12,57,201,0.0003568986721802503
5,13,57,194,-4.643261854653247e-05
5,14,57,204,-1.3433947970042937e-05
5,15,57,202,0.0001352219987893477
5,16,57,212,-7.450801058439538e-05
5,17,57,216,5.066148514742963e-05
5,18,57,206,-0.00013752179802395403
5,19,57,203,-2.1331867174012586e-05
5,20,57,207,-3.0036037060199305e-05
5,21,57,205,0.00011133859516121447
5,22,57,98,6.96368224453181e-05
5,23,57,97,5.631165186059661e-05
5,24,57,393,-0.0013497626641765237
5,25,57,391,3.6801909573114244e-06
5,26,57,322,-0.00110604427754879
5,27,57,410,0.00012086814240319654
5,28,57,287,7.157311483751982e-05
5,29,57,273,-2.35255738516571e-05
5,30,57,335,-0.0004490963474381715
5,31,57,406,-0.0008254378917627037
5,32,57,313,-0.00020282703917473555
5,33,57,421,-8.96263518370688e-05
5,34,57,418,-0.0009664898389019072
5,35,57,424,-2.382904858677648e-05
5,36,57,422,-0.0007078821072354913
5,37,57,432,-0.00017332892457488924
5,38,57,436,-8.580285066273063e-05
5,39,57,426,-0.0006528886151500046
5,40,57,423,-0.00016049380064941943
5,41,57,427,7.6113965405966155e-06
5,42,57,425,0.0003545080544427037
5,43,57,327,0.00013789450167678297
5,44,57,326,-0.0004535494954325259
5,45,57,0,-0.00047087151324376464
5,46,57,37,0.00013070554996374995
5,47,57,39,0.00011180290312040597
5,48,57,40,7.673840445932001e-05
5,49,57,185,-0.0006003715679980814
5,50,57,61,-0.000550463271792978
5,51,57,146,0.0001868600957095623
5,52,57,91,2.880291322071571e-05
5,53,57,181,-5.9603044064715505e-05
5,54,57,84,0.00015989541134331375
5,55,57,17,0.0005669646197929978
5,56,57,11,0.00022177286155056208
5,57,57,72,0.00013232350465841591
5,58,57,73,-5.170276926946826e-05
5,59,57,74,-0.00029411635478027165
5,60,57,184,7.749874384899158e-06
5,61,57,77,-1.8872995497076772e-05
5,62,57,90,-0.00014403832028619945
5,63,57,180,0.00017667151405476034
5,64,57,85,-0.00041547411819919944
5,65,57,16,0.0004077368648722768
5,66,57,12,7.71709528635256e-05
5,67,57,38,0.0002834120823536068
5,68,57,41,4.6978002501418814e-05
5,69,57,42,7.659456605324522e-05
5,70,57,96,-0.0008079492836259305
5,71,57,89,-0.0002734818554017693
5,72,57,179,0.00026313128182664514
5,73,57,86,-0.00018728843133430928
5,74,57,15,-7.545314474555198e-06
5,75,57,13,-0.0004547159478534013
5,76,57,82,-0.00031707456219010055
5,77,57,81,0.000338108919095248
5,78,57,80,0.0001944169052876532
5,79,57,191,-0.00033028272446244955
5,80,57,78,-0.0005174022517167032
5,81,57,95,-0.0003959793830290437
5,82,57,88,1.942028757184744e-05
5,83,57,178,-0.0002924554282799363
5,84,57,87,0.00022594498295802623
5,85,57,14,-0.00015682347293477505
5,86,57,267,-0.0005426943534985185
5,87,57,269,6.268998549785465e-05
5,88,57,270,-0.0004161608521826565
5,89,57,409,-0.00036779383663088083
5,90,57,291,-0.000526570831425488
5,91,57,375,-0.0005085514858365059
5,92,57,321,-0.00010548592399572954
5,93,57,405,-0.0003917793510481715
5,94,57,314,-0.0005195863195694983
5,95,57,302,7.438844932039501e-06
5,96,57,303,-0.00039937070687301457
5,97,57,304,-0.00045888652675785124
5,98,57,408,-0.00035099496017210186
5,99,57,307,-0.00025463299243710935
5,100,57,320,-5.079641596239526e-06
5,101,57,404,-0.0005401874659582973
5,102,57,315,-0.00025487467064522207
5,103,57,268,-5.640914969262667e-05
5,104,57,271,-0.00011492188059492037
5,105,57,272,-0.0006711157038807869
5,106,57,325,-0.0002607886563055217
5,107,57,319,-0.00015189078112598509
5,108,57,403,-0.0004638262907974422
5,109,57,316,-0.00029295377316884696
5,110,57,312,-0.00017051291069947183
5,111,57,311,6.94055124768056e-05
5,112,57,310,6.855886749690399e-05
5,113,57,415,-0.0002340084029128775
5,114,57,308,-0.0006631684373132885
5,115,57,324,-0.000134334884933196
5,116,57,318,-0.0005740257911384106
5,117,57,402,-0.00032015013857744634
5,118,57,317,-0.0003000363358296454
6,7,43,106,-0.0007902670186012983
6,8,43,182,-0.00016351004887837917
6,9,43,83,-9.379046969115734e-05
6,10,43,18,-0.0009718905785121024
6,11,43,200,-0.00016885215882211924
6,12,43,201,-4.623528366209939e-05
6,13,43,194,2.00120539375348e-05
6,14,43,204,-0.0001093772443709895
6,15,43,202,-3.7570682707155356e-06
6,16,43,212,4.000764965894632e-05
6,17,43,216,0.00024260459758806974
6,18,43,206,-0.0003069759113714099
6,19,43,203,4.2704647057689726e-05
6,20,43,207,0.00011131403152830899
6,21,43,205,-0.0005305084632709622
6,22,43,98,-0.00012269706348888576
6,23,43,97,-9.824451990425587e-05
6,24,43,393,-0.00189593352843076
6,25,43,391,7.705765165155753e-05
6,26,43,322,-0.00016621373652014881
6,27,43,410,0.0001232793292729184
6,28,43,287,-0.00011702799383783713
6,29,43,273,9.54287825152278e-05
6,30,43,335,0.00017471886530984193
6,31,43,406,-0.00011325766536174342
6,32,43,313,-0.00022237066878005862
6,33,43,421,-0.00047543359687551856
6,34,43,418,-0.0002323982334928587
6,35,43,424,-0.0002563835005275905
6,36,43,422,3.059669097638107e-06
6,37,43,432,-6.34801690466702e-05
6,38,43,436,0.00011457272194093093
6,39,43,426,-0.0003524057974573225
6,40,43,423,-0.0006297462969087064
6,41,43,427,0.00024024301092140377
6,42,43,425,-4.297401392250322e-05
6,43,43,327,-0.00010066105460282415
6,44,43,326,6.745907012373209e-05
6,45,43,0,-0.00014192578964866698
6,46,43,37,-0.00018113716214429587
6,47,43,39,-2.138219315384049e-05
6,48,43,40,0.0002866466238629073
6,49,43,185,-4.629648174159229e-05
6,50,43,61,0.0004040039493702352
6,51,43,146,0.00011604241444729269
6,52,43,91,0.00032018779893405735
6,53,43,181,0.00014431861927732825
6,54,43,84,0.0010711306240409613
6,55,43,17,-0.000746582227293402
6,56,43,11,0.0002464466670062393
6,57,43,72,-0.0008633703691884875
6,58,43,73,3.3280099160037935e-05
6,59,43,74,-1.3736861319557647e-06
6,60,43,184,0.00012633667211048305
6,61,43,77,-7.128984725568444e-05
6,62,43,90,3.5460980143398046e-05
6,63,43,180,0.0005810345173813403
6,64,43,85,0.001063210074789822
6,65,43,16,0.0007313627866096795
6,66,43,12,0.0004214320797473192
6,67,43,38,-8.12834405223839e-05
6,68,43,41,0.00016293414228130132
6,69,43,42,0.00021546264179050922
6,70,43,96,-0.0002652325783856213
6,71,43,89,0.000225067138671875
6,72,43,179,0.0001023935983539559
6,73,43,86,0.00016247811436187476
6,74,43,15,0.0009064127807505429
6,75,43,13,9.178853360936046e-05
6,76,43,82,-7.933579763630405e-05
6,77,43,81,0.00014506294974125922
6,78,43,80,2.899127321143169e-05
6,79,43,191,-0.00022065841767471284
6,80,43,78,-4.825780706596561e-06
6,81,43,95,3.187389302183874e-05
6,82,43,88,0.00027490811771713197
6,83,43,178,0.0009008588385768235
6,84,43,87,-0.0004005954833701253
6,85,43,14,-0.0004015503800474107
6,86,43,267,0.0015239301137626171
6,87,43,269,0.0029812499415129423
6,88,43,270,-3.5980730899609625e-05
6,89,43,409,-0.00024013963411562145
6,90,43,291,-9.552745723340195e-06
6,91,43,375,-0.0005407934659160674
6,92,43,321,-7.389685197267681e-05
6,93,43,405,-0.0002028707676799968
6,94,43,314,-0.0009273657342419028
6,95,43,302,-0.0006834192899987102
6,96,43,303,-0.0006958525627851486
6,97,43,304,-7.48530073906295e-05
6,98,43,408,-0.0005040398682467639
6,99,43,307,-0.0002460666000843048
6,100,43,320,-0.0005650952225551009
6,101,43,404,-0.0009015823598019779
6,102,43,315,-0.000701751618180424
6,103,43,268,0.00034413320827297866
6,104,43,271,-0.000415515445638448
6,105,43,272,-0.0005273570423014462
6,106,43,325,-9.022985614137724e-05
6,107,43,319,-0.00016707979375496507
6,108,43,403,-0.0002115297393174842
6,109,43,316,1.6432713891845196e-05
6,110,43,312,0.0003898364375345409
6,111,43,311,-0.00011294182331766933
6,112,43,310,-0.00035250146174803376
6,113,43,415,-0.0003742527624126524
6,114,43,308,-0.0004873072321061045
6,115,43,324,-4.03262565669138e-05
6,116,43,318,-8.527390491508413e-06
6,117,43,402,-0.0004741653974633664
6,118,43,317,0.013948335312306881
7,8,106,182,-0.00017185714386869222
7,9,106,83,-1.7050953829311766e-05
7,10,106,18,-0.0009437162079848349
7,11,106,200,-0.0006396549288183451
7,12,106,201,-0.00012401530693750829
7,13,106,194,-5.0476588512538e-05
7,14,106,204,0.0002828465949278325
7,15,106,202,0.00027530870283953846
7,16,106,212,-0.00059988145949319
7,17,106,216,-0.0010087568080052733
7,18,106,206,0.0001390555698890239
7,19,106,203,-0.0006977136945351958
7,20,106,207,-9.709644655231386e-05
7,21,106,205,-3.461649612290785e-05
7,22,106,98,-8.928254101192579e-05
7,23,106,97,9.557235171087086e-05
7,24,106,393,-8.502998389303684e-05
7,25,106,391,-6.77473726682365e-05
7,26,106,322,0.000489698548335582
7,27,106,410,0.0003260569937992841
7,28,106,287,-0.0002631164970807731
7,29,106,273,0.00026876982883550227
7,30,106,335,0.00018884209566749632
7,31,106,406,0.00010683454456739128
7,32,106,313,-0.00018503777391742915
7,33,106,421,-0.00011668108345475048
7,34,106,418,4.5354383473750204e-05
7,35,106,424,-9.468117787037045e-05
7,36,106,422,-0.000654344679787755
7,37,106,432,8.852827886585146e-05
7,38,106,436,-0.00011042190453736112
7,39,106,426,-0.00011412049207137898
7,40,106,423,-0.0007426710799336433
7,41,106,427,-0.00013645304716192186
7,42,106,425,0.00019384268671274185
7,43,106,327,0.00013854922144673765
7,44,106,326,-7.631727385160048e-06
7,45,106,0,-0.0002306353417225182
7,46,106,37,7.473160621884745e-06
7,47,106,39,-7.646316225873306e-05
7,48,106,40,0.0002677596639841795
7,49,106,185,-0.00028637293144129217
7,50,106,61,-5.947519821347669e-05
7,51,106,146,0.0004922848311252892
7,52,106,91,-6.881271110614762e-05
7,53,106,181,-0.0004965204279869795
7,54,106,84,2.2547299522557296e-05
7,55,106,17,0.0009390171617269516
7,56,106,11,0.00024677254259586334
7,57,106,72,-0.0005541467689909041
7,58,106,73,-3.6211848055245355e-05
7,59,106,74,7.452306454069912e-05
7,60,106,184,-3.742734406841919e-05
7,61,106,77,-1.9160665942763444e-06
7,62,106,90,0.0002197325084125623
7,63,106,180,-0.0004034634621348232
7,64,106,85,0.00037549607804976404
7,65,106,16,-2.3655486074858345e-05
7,66,106,12,0.00011238003935432062
7,67,106,38,-0.00015269625873770565
7,68,106,41,-0.0003363756404723972
7,69,106,42,0.00018581296899355948
7,70,106,96,6.357813253998756e-05
7,71,106,89,-0.00012550213432405144
7,72,106,179,7.660819392185658e-05
7,73,106,86,-0.00011028991139028221
7,74,106,15,0.0003421299916226417
7,75,106,13,-0.00047336440184153616
7,76,106,82,8.886598516255617e-05
7,77,106,81,-4.788530713994987e-05
7,78,106,80,5.205860725254752e-05
7,79,106,191,-0.00026727834483608603
7,80,106,78,-0.0002431905159028247
7,81,106,95,-0.0005228017689660192
7,82,106,88,-1.0274001397192478e-05
7,83,106,178,0.0001590789033798501
7,84,106,87,-0.002175986533984542
7,85,106,14,-0.0001198979007313028
7,86,106,267,0.0008507415186613798
7,87,106,269,-0.0003310084866825491
7,88,106,270,0.00012783690181095153
7,89,106,409,-0.00015775758947711438
7,90,106,291,-0.0002085726009681821
7,91,106,375,0.000147246231790632
7,92,106,321,0.0002535976527724415
7,93,106,405,-0.00016608581063337624
7,94,106,314,-0.0008426913409493864
7,95,106,302,0.001170661416836083
7,96,106,303,-0.04778507351875305
7,97,106,304,0.00012329842138569802
7,98,106,408,-0.0003830803616438061
7,99,106,307,-0.0005031230393797159
7,100,106,320,-0.0003263612452428788
7,101,106,404,-0.0006989727262407541
7,102,106,315,-0.0011227536015212536
7,103,106,268,0.00028292517527006567
7,104,106,271,0.00022347334015648812
7,105,106,272,-0.0005883607664145529
7,106,106,325,-9.228262933902442e-05
7,107,106,319,-0.0005545485764741898
7,108,106,403,-0.001249520224519074
7,109,106,316,-0.0001866493548732251
7,110,106,312,-0.00028124573873355985
7,111,106,311,-0.00022837475989945233
7,112,106,310,-0.00034788192715495825
7,113,106,415,-0.0003358840476721525
7,114,106,308,-0.00039854776696301997
7,115,106,324,-0.0002915608638431877
7,116,106,318,-0.0005002101534046233
7,117,106,402,-0.0011990780476480722
7,118,106,317,4.032326614833437e-05
8,9,182,83,-0.0005775255849584937
8,10,182,18,-0.0004829292884096503
8,11,182,200,-0.0009946561185643077
8,12,182,201,-0.0002000103413593024
8,13,182,194,0.0001589220919413492
8,14,182,204,-8.175659604603425e-05
8,15,182,202,-0.0011012810282409191
8,16,182,212,-0.0008720415062271059
8,17,182,216,-0.0022796059492975473
8,18,182,206,-0.0010516088223084807
8,19,182,203,6.711956666549668e-05
8,20,182,207,-0.0014307729434221983
8,21,182,205,-0.001565588521771133
8,22,182,98,-0.0014790628338232636
8,23,182,97,4.681091013480909e-05
8,24,182,393,-0.0001998040097532794
8,25,182,391,-0.00021746291895397007
8,26,182,322,-0.00010366441711084917
8,27,182,410,0.0001575870846863836
8,28,182,287,0.0004435018927324563
8,29,182,273,-6.478954219346633e-06
8,30,182,335,0.00017772354476619512
8,31,182,406,-0.0010310470825061202
8,32,182,313,0.0001413613645127043
8,33,182,421,0.00027783215045928955
8,34,182,418,5.2700859669130296e-05
8,35,182,424,0.00013799266889691353
8,36,182,422,-0.00011097507376689464
8,37,182,432,5.9835925640072674e-05
8,38,182,436,7.950237340992317e-05
8,39,182,426,0.0003628953418228775
8,40,182,423,-0.0003383622388355434
8,41,182,427,-2.8683472919510677e-05
8,42,182,425,-2.8173573809908703e-05
8,43,182,327,-0.0001134164776885882
8,44,182,326,-0.00013402733020484447
8,45,182,0,-0.0003054293629247695
8,46,182,37,-0.0001601088879397139
8,47,182,39,0.00021109524823259562
8,48,182,40,-0.0001260746066691354
8,49,182,185,9.523904009256512e-05
8,50,182,61,-8.686524233780801e-05
8,51,182,146,-0.0004593352787196636
8,52,182,91,-0.0001598852832103148
8,53,182,181,-6.572334677912295e-05
8,54,182,84,0.00013474108709488064
8,55,182,17,-4.349826485849917e-05
8,56,182,11,-0.00034783862065523863
8,57,182,72,-3.0497118132188916e-05
8,58,182,73,-7.944797107484192e-05
8,59,182,74,-0.00014394587196875364
8,60,182,184,-0.0004244624578859657
8,61,182,77,-0.00017742162162903696
8,62,182,90,0.0002264553913846612
8,63,182,180,-0.0004433275025803596
8,64,182,85,0.0005054951179772615
8,65,182,16,-0.0005519267870113254
8,66,182,12,0.0007723404560238123
8,67,182,38,-0.0007758316351100802
8,68,182,41,1.2651117685891222e-05
8,69,182,42,5.0788872613338754e-05
8,70,182,96,-0.00017799955094233155
8,71,182,89,0.00015359044482465833
8,72,182,179,-0.00029905998962931335
8,73,182,86,0.00017072782793547958
8,74,182,15,-0.0004020841734018177
8,75,182,13,0.0017569727497175336
8,76,182,82,-0.00043815706158056855
8,77,182,81,-1.7606833353056572e-05
8,78,182,80,0.0002935246448032558
8,79,182,191,-0.00025344558525830507
8,80,182,78,-0.0003434220270719379
8,81,182,95,4.28288294642698e-05
8,82,182,88,-0.00014922136324457824
8,83,182,178,-0.0002879975363612175
8,84,182,87,-4.3095529690617695e-05
8,85,182,14,-0.0013111579464748502
8,86,182,267,0.0009445705218240619
8,87,182,269,-0.00058038963470608
8,88,182,270,-1.313966822635848e-05
8,89,182,409,2.9118358725099824e-05
8,90,182,291,-8.376476034754887e-05
8,91,182,375,2.1904146706219763e-05
8,92,182,321,-0.00011102180724265054
8,93,182,405,-0.00046476779971271753
8,94,182,314,-0.013050324283540249
8,95,182,302,0.0014588440535590053
8,96,182,303,0.0001347639918094501
8,97,182,304,0.00010024467337643728
8,98,182,408,-0.000608071219176054
8,99,182,307,5.488043825607747e-05
8,100,182,320,-0.0002582517627160996
8,101,182,404,-0.0007343919132836163
8,102,182,315,0.00043981222552247345
8,103,182,268,-9.359928662888706e-05
8,104,182,271,0.00013427053636405617
8,105,182,272,4.260132118361071e-05
8,106,182,325,-0.0003353683860041201
8,107,182,319,-0.00029118373640812933
8,108,182,403,-0.0010599902598187327
8,109,182,316,-0.001478394027799368
8,110,182,312,-9.325917199021205e-05
8,111,182,311,4.9486781790619716e-05
8,112,182,310,-0.00013855277211405337
8,113,182,415,-0.00028488514362834394
8,114,182,308,-0.00032816187012940645
8,115,182,324,5.074950240668841e-05
8,116,182,318,-0.0002423130499664694
8,117,182,402,-0.0006147847161628306
8,118,182,317,-0.001075984095223248
9,10,83,18,-0.00016961088113021106
9,11,83,200,-3.156637103529647e-05
9,12,83,201,7.318570715142414e-05
9,13,83,194,-0.0002237208536826074
9,14,83,204,0.00014742111670784652
9,15,83,202,-1.1939721844100859e-05
9,16,83,212,-0.00023936846992000937
9,17,83,216,-0.0014625127660110593
9,18,83,206,0.000550896511413157
9,19,83,203,-0.0003196493780706078
9,20,83,207,-0.0004187555459793657
9,21,83,205,-0.0024044623132795095
9,22,83,98,-0.0006965005304664373
9,23,83,97,-0.0001359338202746585
9,24,83,393,9.937191498465836e-05
9,25,83,391,-1.7432003005524166e-05
9,26,83,322,4.188089951639995e-05
9,27,83,410,0.0001464718661736697
9,28,83,287,7.957734487717971e-05
9,29,83,273,1.7967127860174514e-05
9,30,83,335,-1.909519596665632e-05
9,31,83,406,-3.2261327760352287e-06
9,32,83,313,0.00014503892452921718
9,33,83,421,-0.0004400882462505251
9,34,83,418,0.0001292436645599082
9,35,83,424,-4.2468978790566325e-05
9,36,83,422,-0.00017991512140724808
9,37,83,432,-5.549176785279997e-05
9,38,83,436,-0.0001392494741594419
9,39,83,426,0.0004168087907601148
9,40,83,423,-6.349286559270695e-05
9,41,83,427,-8.018540393095464e-05
9,42,83,425,0.00033024034928530455
9,43,83,327,0.0001271377259399742
9,44,83,326,4.292047378839925e-05
9,45,83,0,-0.000289320683805272
9,46,83,37,3.908751023118384e-05
9,47,83,39,-0.0001313761022174731
9,48,83,40,-3.8440288335550576e-05
9,49,83,185,-6.539110472658649e-05
9,50,83,61,4.651717972592451e-05
9,51,83,146,-6.646871770499274e-05
9,52,83,91,-0.0005513916839845479
9,53,83,181,7.948045822558925e-05
9,54,83,84,0.0002461055410094559
9,55,83,17,-3.732151526492089e-05
9,56,83,11,-0.0002615656703710556
9,57,83,72,-0.0003395951061975211
9,58,83,73,0.00015261069347616285
9,59,83,74,-0.0001583330740686506
9,60,83,184,-2.422374745947309e-05
9,61,83,77,-0.00046131431008689106
9,62,83,90,8.812022315396462e-06
9,63,83,180,-0.00031163502717390656
9,64,83,85,0.00010731735528679565
9,65,83,16,-0.0004985986743122339
9,66,83,12,-8.662665641168132e-05
9,67,83,38,0.00014523485151585191
9,68,83,41,-0.00010999130608979613
9,69,83,42,0.00014056681538932025
9,70,83,96,-0.0005079582333564758
9,71,83,89,9.57120573730208e-05
9,72,83,179,-0.00023926253197714686
9,73,83,86,1.6180347301997244e-05
9,74,83,15,2.6908068321063183e-05
9,75,83,13,-0.0002138153649866581
9,76,83,82,0.00026799694751389325
9,77,83,81,9.674560715211555e-05
9,78,83,80,-0.00041295436676591635
9,79,83,191,-0.00013066829706076533
9,80,83,78,5.9377205616328865e-05
9,81,83,95,-0.00010129293514182791
9,82,83,88,-0.00012082650209777057
9,83,83,178,8.059462561504915e-05
9,84,83,87,-0.00016878733003977686
9,85,83,14,-0.000702165300026536
9,86,83,267,0.0002228365483460948
9,87,83,269,-3.373926301719621e-05
9,88,83,270,-0.0002019271778408438
9,89,83,409,-6.336763181025162e-05
9,90,83,291,4.132533649681136e-05
9,91,83,375,2.8579344871104695e-05
9,92,83,321,-0.00023196388792712241
9,93,83,405,-0.00035991432378068566
9,94,83,314,7.134996121749282e-05
9,95,83,302,0.00011393806926207617
9,96,83,303,-0.0008770771091803908
9,97,83,304,0.00010806751379277557
9,98,83,408,-0.0002699021133594215
9,99,83,307,-0.0002799135399982333
9,100,83,320,-0.000360631849616766
9,101,83,404,-0.0001913009473355487
9,102,83,315,-0.0007534128963015974
9,103,83,268,0.00017272371042054147
9,104,83,271,0.00015351125330198556
9,105,83,272,-6.163951638882281e-06
9,106,83,325,-0.00039031627238728106
9,107,83,319,-0.00015227442781906575
9,108,83,403,-0.00036977286799810827
9,109,83,316,-0.0009294082992710173
9,110,83,312,8.989534399006516e-05
9,111,83,311,-0.00025761956931091845
9,112,83,310,-0.00037865975173190236
9,113,83,415,0.00016194696945603937
9,114,83,308,0.0001506204716861248
9,115,83,324,-0.00015200454799924046
9,116,83,318,6.878509157104418e-05
9,117,83,402,-0.00047661858843639493
9,118,83,317,-0.0010891527635976672
10,11,18,200,-0.00034671553294174373
10,12,18,201,-0.0002040630206465721
10,13,18,194,-8.487776358379051e-05
10,14,18,204,3.542203194228932e-05
10,15,18,202,-7.612252829858335e-06
10,16,18,212,4.08821324526798e-05
10,17,18,216,-0.00038659205893054605
10,18,18,206,0.00014527190069202334
10,19,18,203,0.0003017619892489165
10,20,18,207,-0.0015582717023789883
10,21,18,205,-0.0013049205299466848
10,22,18,98,-0.00011357113544363528
10,23,18,97,-0.00025711991474963725
10,24,18,393,3.465505506028421e-05
10,25,18,391,-7.72624189266935e-05
10,26,18,322,0.00018107453070115298
10,27,18,410,6.732781184837222e-05
10,28,18,287,-8.816942863631994e-05
10,29,18,273,-0.00011410049046389759
10,30,18,335,0.00012039764988003299
10,31,18,406,-1.7177004338009283e-05
10,32,18,313,0.00012547954975161701
10,33,18,421,-4.180877294857055e-05
10,34,18,418,-0.0005393336759880185
10,35,18,424,-0.00026185804745182395
10,36,18,422,-0.00047223165165632963
10,37,18,432,-4.2760249925777316e-05
10,38,18,436,-1.0220650437986478e-05
10,39,18,426,0.0006987008382566273
10,40,18,423,0.00015805136354174465
10,41,18,427,0.00018282279779668897
10,42,18,425,0.0007054086891002953
10,43,18,327,7.64638971304521e-05
10,44,18,326,0.0010475266026332974
10,45,18,0,0.00024020626733545214
10,46,18,37,0.0002668000524863601
10,47,18,39,0.00014587886107619852
10,48,18,40,-0.0006815817905589938
10,49,18,185,-0.0002624219923745841
10,50,18,61,-0.0001030526909744367
10,51,18,146,6.298077096289489e-06
10,52,18,91,4.526263364823535e-05
10,53,18,181,6.875526014482602e-05
10,54,18,84,-0.0001323276082985103
10,55,18,17,-0.00018513893883209676
10,56,18,11,0.00010209665197180584
10,57,18,72,-0.0001417642051819712
10,58,18,73,-0.00024788014707155526
10,59,18,74,-0.00037307580350898206
10,60,18,184,-0.00012391131895128638
10,61,18,77,-3.206480323569849e-05
10,62,18,90,-1.5598006939399056e-05
10,63,18,180,-9.325452265329659e-05
10,64,18,85,0.000133669629576616
10,65,18,16,-0.0001742127351462841
10,66,18,12,0.00020378053886815906
10,67,18,38,-5.6697612308198586e-05
10,68,18,41,-0.00021205181838013232
10,69,18,42,-0.0012481763260439038
10,70,18,96,0.000129570224089548
10,71,18,89,0.0001505054533481598
10,72,18,179,0.0001299052673857659
10,73,18,86,0.0002533015504013747
10,74,18,15,-0.00010415791621198878
10,75,18,13,-0.00011893924965988845
10,76,18,82,5.9735713875852525e-05
10,77,18,81,-0.00013133426546119153
10,78,18,80,4.0710463508730754e-05
10,79,18,191,-0.0003298375231679529
10,80,18,78,9.092102118302137e-05
10,81,18,95,0.0001920341164804995
10,82,18,88,0.00019744767632801086
10,83,18,178,-0.00024653866421431303
10,84,18,87,-8.106395398499444e-06
10,85,18,14,-2.8341651159280445e-06
10,86,18,267,4.024896043119952e-05
10,87,18,269,1.0799479241541121e-05
10,88,18,270,-0.00011761604400817305
10,89,18,409,-0.0001528075517853722
10,90,18,291,-0.0003007405321113765
10,91,18,375,-5.802668056276161e-06
10,92,18,321,-0.00038305274210870266
10,93,18,405,-0.0002228433295385912
10,94,18,314,-0.00017036678036674857
10,95,18,302,-1.6835867427289486e-05
10,96,18,303,-0.00043327565072104335
10,97,18,304,-0.0003581651544664055
10,98,18,408,-0.0003970903344452381
10,99,18,307,-0.0007599955424666405
10,100,18,320,-0.0007020127377472818
10,101,18,404,-0.00030572546529583633
10,102,18,315,-6.308297452051193e-05
10,103,18,268,-0.00014514867507386953
10,104,18,271,-7.322622695937753e-05
10,105,18,272,8.523448195774108e-05
10,106,18,325,0.00018461496802046895
10,107,18,319,7.588602784380782e-06
10,108,18,403,-0.0001385538635076955
10,109,18,316,-0.0003865256439894438
10,110,18,312,-1.5164508113230113e-05
10,111,18,311,-0.00013424376084003597
10,112,18,310,9.116451838053763e-05
10,113,18,415,0.00017099619435612112
10,114,18,308,0.0005268416134640574
10,115,18,324,0.00021563557675108314
10,116,18,318,-1.2266524208826013e-05
10,117,18,402,-9.4893119239714e-05
10,118,18,317,-0.00030675085145048797
11,12,200,201,-5.043526834924705e-05
11,13,200,194,7.855203875806183e-05
11,14,200,204,-0.00029957277001813054
11,15,200,202,0.0003265296691097319
11,16,200,212,-0.0011581849539652467
11,17,200,216,-0.0018304409459233284
11,18,200,206,-3.052145984838717e-05
11,19,200,203,-5.3730112995253876e-05
11,20,200,207,-0.0007264841115102172
11,21,200,205,-0.0007169046439230442
11,22,200,98,0.0001439885381842032
11,23,200,97,0.00043054838897660375
11,24,200,393,-1.661761780269444e-05
11,25,200,391,-0.00014228744839783758
11,26,200,322,0.0005639853188768029
11,27,200,410,0.00019096548203378916
11,28,200,287,-0.000204736934392713
11,29,200,273,-0.00014734674186911434
11,30,200,335,9.363107528770342e-05
11,31,200,406,-0.00033159705344587564
11,32,200,313,-0.00030704410164617
11,33,200,421,0.0001355149142909795
11,34,200,418,-1.609862010809593e-05
11,35,200,424,-0.00010656007361831143
11,36,200,422,-3.206147448509e-05
11,37,200,432,-0.0001081049267668277
11,38,200,436,-0.0002062448184005916
11,39,200,426,0.00020521166152320802
11,40,200,423,-6.905769987497479e-05
11,41,200,427,0.00034935667645186186
11,42,200,425,0.0006718870718032122
11,43,200,327,-0.00034439866431057453
11,44,200,326,0.0006228365236893296
11,45,200,0,-3.271757304901257e-05
11,46,200,37,-0.0004185661091469228
11,47,200,39,0.0002541257708799094
11,48,200,40,-0.0001050216524163261
11,49,200,185,1.7731346815708093e-05
11,50,200,61,-0.0003209199057891965
11,51,200,146,-0.0001249702472705394
11,52,200,91,-0.00015501349116675556
11,53,200,181,-0.00022583387908525765
11,54,200,84,-9.117605077335611e-05
11,55,200,17,-0.00017371683497913182
11,56,200,11,0.0002498519606888294
11,57,200,72,-3.7552537833107635e-05
11,58,200,73,8.623126632301137e-06
11,59,200,74,-0.00036305931280367076
11,60,200,184,-5.9713962400564924e-05
11,61,200,77,-0.00011172114318469539
11,62,200,90,-6.529976963065565e-05
11,63,200,180,-8.868643635651097e-05
11,64,200,85,9.819138358579949e-05
11,65,200,16,0.00011585892934817821
11,66,200,12,-1.832522116274049e-06
11,67,200,38,0.00010645762085914612
11,68,200,41,-0.000903760374058038
11,69,200,42,-0.0004804293275810778
11,70,200,96,-9.558951569488272e-05
11,71,200,89,-0.00046492519322782755
11,72,200,179,-9.017533011501655e-05
11,73,200,86,-0.00043047251529060304
11,74,200,15,-0.00031718183890916407
11,75,200,13,-0.00011945240839850157
11,76,200,82,3.578595715225674e-05
11,77,200,81,-0.0004088355926796794
11,78,200,80,0.00018010372878052294
11,79,200,191,0.00028096826281398535
11,80,200,78,-0.00028792343800887465
11,81,200,95,8.993147639557719e-05
11,82,200,88,-0.001368010533042252
11,83,200,178,-0.0009168931283056736
11,84,200,87,-0.000303185370285064
11,85,200,14,0.0001161053660325706
11,86,200,267,-3.1098465115064755e-05
11,87,200,269,-0.00026890417211689055
11,88,200,270,2.4375663087994326e-06
11,89,200,409,-0.0001265519531443715
11,90,200,291,3.6130189982941374e-05
11,91,200,375,3.243258470320143e-05
11,92,200,321,-0.00022448968957178295
11,93,200,405,-0.00020238633442204446
11,94,200,314,-0.0007740772562101483
11,95,200,302,-4.5977492845850065e-05
11,96,200,303,8.781804353930056e-05
11,97,200,304,-0.00018153621931560338
11,98,200,408,-0.00011495355283841491
11,99,200,307,5.434268314274959e-05
11,100,200,320,-8.632979734102264e-05
11,101,200,404,-0.0005374343018047512
11,102,200,315,-0.0007784934714436531
11,103,200,268,-9.966624202206731e-05
11,104,200,271,-4.8287733079632744e-05
11,105,200,272,6.692468741675839e-05
11,106,200,325,1.0256008863507304e-05
11,107,200,319,0.00010523601667955518
11,108,200,403,2.2580623408430256e-05
11,109,200,316,-0.0011011327151209116
11,110,200,312,-7.477452891180292e-05
11,111,200,311,5.588672138401307e-05
11,112,200,310,-9.069704537978396e-05
11,113,200,415,5.183680332265794e-05
11,114,200,308,0.00035255643888376653
11,115,200,324,0.00025339695275761187
11,116,200,318,0.00016750303620938212
11,117,200,402,0.000433175649959594
11,118,200,317,-0.0006082652835175395
12,13,201,194,0.0002809738216456026
12,14,201,204,2.3865315597504377e-05
12,15,201,202,0.00016976296319626272
12,16,201,212,-0.0002741014468483627
12,17,201,216,-0.0014345290837809443
12,18,201,206,-0.0002395576157141477
12,19,201,203,0.00013710807252209634
12,20,201,207,-0.0008860953967086971
12,21,201,205,-0.0023869541473686695
12,22,201,98,-0.0011886520078405738
12,23,201,97,-9.437108383281156e-05
12,24,201,393,-6.982782360864803e-05
12,25,201,391,3.515301796142012e-05
12,26,201,322,0.00018717334023676813
12,27,201,410,0.00013641250552609563
12,28,201,287,-1.3418337402981706e-05
12,29,201,273,-2.7172198315383866e-05
12,30,201,335,-8.48960735311266e-06
12,31,201,406,-0.00015421364514622837
12,32,201,313,-0.0002655144489835948
12,33,201,421,2.055460754490923e-05
12,34,201,418,-7.63109273975715e-05
12,35,201,424,-0.00016090086137410253
12,36,201,422,-0.00014814085443504155
12,37,201,432,0.00028562909574247897
12,38,201,436,0.0004133337060920894
12,39,201,426,7.852720591472462e-05
12,40,201,423,0.00015640849596820772
12,41,201,427,0.000583822897169739
12,42,201,425,0.0014878283254802227
12,43,201,327,6.351901538437232e-05
12,44,201,326,8.388964488403872e-06
12,45,201,0,-0.0005478326929733157
12,46,201,37,0.00012037257693009451
12,47,201,39,0.00028397259302437305
12,48,201,40,-9.530685201752931e-05
12,49,201,185,0.00027627183590084314
12,50,201,61,-0.0004280348075553775
12,51,201,146,-0.0003992233541794121
12,52,201,91,0.00019368504581507295
12,53,201,181,-4.1131141188088804e-05
12,54,201,84,-0.00030689084087498486
12,55,201,17,-0.0004979465738870203
12,56,201,11,1.7574817320564762e-05
12,57,201,72,0.0002627334324643016
12,58,201,73,-2.3726408471702598e-05
12,59,201,74,5.84999070269987e-05
12,60,201,184,-7.146951975300908e-05
12,61,201,77,-0.00016580733063165098
12,62,201,90,-0.0005082766292616725
12,63,201,180,-0.00020532566122710705
12,64,201,85,0.0006639522034674883
12,65,201,16,-0.0002242943155579269
12,66,201,12,-0.0003763165732380003
12,67,201,38,0.0002064033760689199
12,68,201,41,0.0005617963615804911
12,69,201,42,-2.8638776257139398e-06
12,70,201,96,-0.00020049863087479025
12,71,201,89,0.0002583394234534353
12,72,201,179,0.00010834706336027011
12,73,201,86,-0.00024810602189972997
12,74,201,15,-0.00044363882625475526
12,75,201,13,-0.00031927370582707226
12,76,201,82,-0.00030397597583942115
12,77,201,81,-1.0749026841949672e-05
12,78,201,80,-2.516557287890464e-06
12,79,201,191,-0.00011159319547004998
12,80,201,78,-0.0005402253591455519
12,81,201,95,-0.000237704036408104
12,82,201,88,5.562938895309344e-05
12,83,201,178,-0.00019650152535177767
12,84,201,87,-6.752971967216581e-05
12,85,201,14,0.0005890740430913866
12,86,201,267,-0.000252381491009146
12,87,201,269,0.0013208315940573812
12,88,201,270,-8.55968173709698e-05
12,89,201,409,-0.0003395552630536258
12,90,201,291,-0.0002896677178796381
12,91,201,375,8.550302300136536e-05
12,92,201,321,0.00023782749485690147
12,93,201,405,-0.00023349712137132883
12,94,201,314,-0.0004348334623500705
12,95,201,302,-2.925004628195893e-05
12,96,201,303,-0.00019469147082418203
12,97,201,304,-0.00010955270408885553
12,98,201,408,-0.0004854014259763062
12,99,201,307,-0.00012652207806240767
12,100,201,320,-0.00034430326195433736
12,101,201,404,-0.0004511151055339724
12,102,201,315,-0.0005180021398700774
12,103,201,268,0.0001105268020182848
12,104,201,271,0.0001181165425805375
12,105,201,272,-5.056707595940679e-05
12,106,201,325,-0.000802081951405853
12,107,201,319,-0.000156444133608602
12,108,201,403,-0.0007801796891726553
12,109,201,316,-0.00104199955239892
12,110,201,312,-6.564634531969205e-05
12,111,201,311,-4.3701391405193135e-05
12,112,201,310,-0.0002355065371375531
12,113,201,415,-0.00015157312736846507
12,114,201,308,6.677288979517471e-07
12,115,201,324,0.00015280504885595292
12,116,201,318,-0.00011204888141946867
12,117,201,402,-0.0004540864028967917
12,118,201,317,-0.001027582329697907
13,14,194,204,-1.1449620615167078e-05
13,15,194,202,0.0002622219908516854
13,16,194,212,8.247000369010493e-05
13,17,194,216,0.00018219495541416109
13,18,194,206,-0.0004838348540943116
13,19,194,203,-0.0011355570750311017
13,20,194,207,-0.00042101010330952704
13,21,194,205,-0.0019157625501975417
13,22,194,98,-0.0001612224878044799
13,23,194,97,0.00031460062018595636
13,24,194,393,6.570098048541695e-05
13,25,194,391,-5.599936412181705e-05
13,26,194,322,-7.760182052152231e-05
13,27,194,410,8.40248103486374e-05
13,28,194,287,-0.000831075303722173
13,29,194,273,1.9843912014039233e-05
13,30,194,335,0.00021154189016669989
13,31,194,406,0.0001931187289301306
13,32,194,313,-0.00011396253830753267
13,33,194,421,0.00010455863230163231
13,34,194,418,0.00019987238920293748
13,35,194,424,0.0001750512601574883
13,36,194,422,0.00023626808251719922
13,37,194,432,-3.455821206443943e-05
13,38,194,436,-3.853726957459003e-05
13,39,194,426,0.0002918743120972067
13,40,194,423,0.0001830408873502165
13,41,194,427,0.00037338968832045794
13,42,194,425,0.0006267623393796384
13,43,194,327,-0.00012144317588536069
13,44,194,326,-0.00014534335059579462
13,45,194,0,-0.000262109941104427
13,46,194,37,-0.00038259555003605783
13,47,194,39,0.0004058895574416965
13,48,194,40,0.00028342942823655903
13,49,194,185,-9.496508823758631e-07
13,50,194,61,-0.00038236513501033187
13,51,194,146,0.0005903712008148432
13,52,194,91,-0.00025857420405372977
13,53,194,181,5.641704410663806e-05
13,54,194,84,-0.00021340811508707702
13,55,194,17,0.00025490601547062397
13,56,194,11,-0.00025463305064477026
13,57,194,72,0.00016022090858314186
13,58,194,73,-0.0003566998057067394
13,59,194,74,-5.487124508363195e-05
13,60,194,184,-0.00016133753524627537
13,61,194,77,4.4356461330608e-06
13,62,194,90,0.00016669798060320318
13,63,194,180,0.0002051448100246489
13,64,194,85,8.473885827697814e-05
13,65,194,16,-5.448919182526879e-05
13,66,194,12,-1.6010359104257077e-05
13,67,194,38,1.5361689520432265e-06
13,68,194,41,-0.0003074173000641167
13,69,194,42,0.0001108329524868168
13,70,194,96,0.00022609601728618145
13,71,194,89,-3.002207631652709e-05
13,72,194,179,0.00027002496062777936
13,73,194,86,-0.0009590786648914218
13,74,194,15,1.3596441931440495e-05
13,75,194,13,2.9154769435990602e-05
13,76,194,82,0.0002214459382230416
13,77,194,81,-0.0002625774359330535
13,78,194,80,-0.0002978337579406798
13,79,194,191,0.0003511392860673368
13,80,194,78,-0.0002872711047530174
13,81,194,95,0.0001312272361246869
13,82,194,88,-6.566922820638865e-05
13,83,194,178,-0.0001488738926127553
13,84,194,87,-0.00019970626453869045
13,85,194,14,0.0003392118087504059
13,86,194,267,8.505852747475728e-05
13,87,194,269,-3.2224324968410656e-05
13,88,194,270,0.00013005899381823838
13,89,194,409,-7.289920176845044e-05
13,90,194,291,-0.0003242317179683596
13,91,194,375,9.155957741313614e-06
13,92,194,321,-5.853136826772243e-05
13,93,194,405,-0.0007066238904371858
13,94,194,314,0.0003203311644028872
13,95,194,302,-4.0653972973814234e-05
13,96,194,303,-0.00023230032820720226
13,97,194,304,1.8976599676534534e-05
13,98,194,408,-0.0007604683632962406
13,99,194,307,-0.0006721382960677147
13,100,194,320,-0.0001771723764250055
13,101,194,404,-7.453220314346254e-05
13,102,194,315,-0.00019615262863226235
13,103,194,268,-0.00013605906860902905
13,104,194,271,-1.4425391782424413e-05
13,105,194,272,5.037576556787826e-05
13,106,194,325,-0.0004735818365588784
13,107,194,319,-8.12513826531358e-05
13,108,194,403,-0.0002803519309964031
13,109,194,316,-5.8968085795640945e-05
13,110,194,312,0.0002842512330971658
13,111,194,311,7.314558752113953e-05
13,112,194,310,-0.0002902335545513779
13,113,194,415,1.2072379831806757e-05
13,114,194,308,2.4539599507988896e-06
13,115,194,324,-0.00039821930113248527
13,116,194,318,-0.00017691300308797508
13,117,194,402,-0.00019608666480053216
13,118,194,317,0.00026222749147564173
14,15,204,202,0.00031729319016449153
14,16,204,212,-0.0002324768138350919
14,17,204,216,-5.173468525754288e-05
14,18,204,206,-0.001526526757515967
14,19,204,203,-1.6776190022937953e-05
14,20,204,207,-0.0011017658980563283
14,21,204,205,-0.00025920901680365205
14,22,204,98,0.00010225880396319553
14,23,204,97,-0.0005182829918339849
14,24,204,393,-8.928481838665903e-05
14,25,204,391,-0.0012019802816212177
14,26,204,322,-0.00031706810113973916
14,27,204,410,-0.0003715311468113214
14,28,204,287,-0.00036591917159967124
14,29,204,273,0.00023704403429292142
14,30,204,335,0.00018772111798170954
14,31,204,406,3.586296224966645e-05
14,32,204,313,-0.0006173909059725702
14,33,204,421,-7.122910756152123e-05
14,34,204,418,0.00010075964382849634
14,35,204,424,5.634197805193253e-05
14,36,204,422,-0.00010363232286181301
14,37,204,432,0.00010808520164573565
14,38,204,436,5.8554400311550125e-05
14,39,204,426,-5.3960753575665876e-05
14,40,204,423,0.0001006546663120389
14,41,204,427,-4.87794131913688e-05
14,42,204,425,-8.600138971814886e-05
14,43,204,327,3.8384109757316764e-06
14,44,204,326,9.695706103229895e-05
14,45,204,0,-0.0009164236253127456
14,46,204,37,-0.00015805228031240404
14,47,204,39,-9.105575736612082e-05
14,48,204,40,0.00030717180925421417
14,49,204,185,6.661871157120913e-05
14,50,204,61,6.188037514220923e-05
14,51,204,146,0.0001900645875139162
14,52,204,91,-8.98075904842699e-06
14,53,204,181,0.0007285705069079995
14,54,204,84,0.0002902162668760866
14,55,204,17,0.0008778709452599287
14,56,204,11,5.816965494886972e-05
14,57,204,72,-1.2348943982942728e-06
14,58,204,73,-9.539732855046168e-05
14,59,204,74,0.00019977070041932166
14,60,204,184,0.000334120646584779
14,61,204,77,-5.866116043762304e-05
14,62,204,90,-0.0004638598475139588
14,63,204,180,0.0004156778450123966
14,64,204,85,0.0006121682818047702
14,65,204,16,-0.00030484958551824093
14,66,204,12,5.1108614570694044e-05
14,67,204,38,4.1669791244203225e-05
14,68,204,41,-3.4443526146787917e-06
14,69,204,42,0.00013525245594792068
14,70,204,96,-0.00025451803230680525
14,71,204,89,-0.0004608880844898522
14,72,204,179,0.0005982754519209266
14,73,204,86,0.000162110838573426
14,74,204,15,-0.00048596327542327344
14,75,204,13,-0.0001218170000356622
14,76,204,82,-0.000801622576545924
14,77,204,81,5.785742905572988e-05
14,78,204,80,0.00017762128845788538
14,79,204,191,3.0586111279262695e-06
14,80,204,78,2.777864210656844e-05
14,81,204,95,0.00020045116252731532
14,82,204,88,-0.0005938213435001671
14,83,204,178,-0.0001000145566649735
14,84,204,87,0.0002715933951549232
14,85,204,14,-0.0002619902661535889
14,86,204,267,-8.225798956118524e-05
14,87,204,269,0.0002665593638084829
14,88,204,270,0.00019770405197050422
14,89,204,409,-0.00015350669855251908
14,90,204,291,-0.0008711843402124941
14,91,204,375,-0.00015670130960643291
14,92,204,321,-8.553853149351198e-06
14,93,204,405,-0.0003340992552693933
14,94,204,314,-0.0001373526465613395
14,95,204,302,0.00018192754941992462
14,96,204,303,-0.0006309278542175889
14,97,204,304,0.00010732319060480222
14,98,204,408,-0.00012282132229302078
14,99,204,307,-0.0003670772712212056
14,100,204,320,-0.0003190274874214083
14,101,204,404,-0.0003082336625084281
14,102,204,315,-0.0002668968809302896
14,103,204,268,0.00011367745173629373
14,104,204,271,-0.0003420321736484766
14,105,204,272,-0.00031491811387240887
14,106,204,325,2.491703344276175e-05
14,107,204,319,-1.4740408005309291e-05
14,108,204,403,-0.0002155780966859311
14,109,204,316,-0.00039546971675008535
14,110,204,312,0.00012387528840918094
14,111,204,311,4.060582796228118e-05
14,112,204,310,3.1189469154924154e-05
14,113,204,415,-0.00020886425045318902
14,114,204,308,-0.001124285045079887
14,115,204,324,-0.00011639168951660395
14,116,204,318,-0.00029638776322826743
14,117,204,402,-7.34107379685156e-05
14,118,204,317,0.0002661568287294358
15,16,202,212,8.409978181589395e-05
15,17,202,216,-0.00011993605585303158
15,18,202,206,-1.2475076800910756e-05
15,19,202,203,-4.2406358261359856e-05
15,20,202,207,-0.00030382219119928777
15,21,202,205,-0.0004346043861005455
15,22,202,98,-0.00025853890110738575
15,23,202,97,0.00019907053501810879
15,24,202,393,-0.0014435409102588892
15,25,202,391,-0.0022044687066227198
15,26,202,322,-0.0007119548972696066
15,27,202,410,-0.0006768130115233362
15,28,202,287,-0.0013288315385580063
15,29,202,273,-0.00027090415824204683
15,30,202,335,-0.0009889737702906132
15,31,202,406,-0.00021408541942946613
15,32,202,313,-0.0006858251290395856
15,33,202,421,9.94360088952817e-05
15,34,202,418,7.559201185358688e-05
15,35,202,424,7.105345866875723e-05
15,36,202,422,-0.0009775885846465826
15,37,202,432,-0.002020089654251933
15,38,202,436,-0.0010351090459153056
15,39,202,426,-0.0010762898018583655
15,40,202,423,-0.0005662040784955025
15,41,202,427,0.0002730684354901314
15,42,202,425,-5.850497109349817e-05
15,43,202,327,-0.00012045663606841117
15,44,202,326,-0.0009783344576135278
15,45,202,0,0.00013381941244006157
15,46,202,37,-0.00018770054157357663
15,47,202,39,-0.00020478064834605902
15,48,202,40,0.0003280640812590718
15,49,202,185,0.00026925717247650027
15,50,202,61,-0.0002832812024280429
15,51,202,146,-0.0005237122531980276
15,52,202,91,-0.00043276368523947895
15,53,202,181,-0.00017452795873396099
15,54,202,84,8.777545008342713e-05
15,55,202,17,0.0004683448059950024
15,56,202,11,-7.635497604496777e-05
15,57,202,72,0.0001044332530000247
15,58,202,73,0.00032733913394622505
15,59,202,74,0.00039569908403791487
15,60,202,184,-0.0001253683294635266
15,61,202,77,1.5730065570096485e-05
15,62,202,90,0.0001324203476542607
15,63,202,180,0.00017519092943985015
15,64,202,85,0.00042311038123443723
15,65,202,16,5.061383490101434e-05
15,66,202,12,6.900409061927348e-05
15,67,202,38,0.00016952611622400582
15,68,202,41,0.00024467112962156534
15,69,202,42,6.222722731763497e-05
15,70,202,96,0.0002027055888902396
15,71,202,89,-0.0002592738310340792
15,72,202,179,0.00016192860493902117
15,73,202,86,0.0004722716403193772
15,74,202,15,0.0004503489180933684
15,75,202,13,0.00017574128287378699
15,76,202,82,5.667034929501824e-05
15,77,202,81,0.00025478433235548437
15,78,202,80,-0.00012188667460577562
15,79,202,191,9.959432645700872e-05
15,80,202,78,0.00014321641356218606
15,81,202,95,-0.00011463340342743322
15,82,202,88,-0.00012540057650767267
15,83,202,178,-3.6787976569030434e-05
15,84,202,87,-0.00011826209083665162
15,85,202,14,0.0005785186658613384
15,86,202,267,0.0002021211985265836
15,87,202,269,-3.186711182934232e-05
15,88,202,270,-5.784018867416307e-05
15,89,202,409,-0.00014842588279861957
15,90,202,291,2.380350633757189e-05
15,91,202,375,-0.00030495968530885875
15,92,202,321,-0.00048532881191931665
15,93,202,405,-0.00037672536564059556
15,94,202,314,0.0007101004594005644
15,95,202,302,3.689940058393404e-05
15,96,202,303,0.00010504854435566813
15,97,202,304,-0.00032579529215581715
15,98,202,408,-0.0006987585220485926
15,99,202,307,-0.00037471434916369617
15,100,202,320,-0.0005198567523621023
15,101,202,404,-0.0001338509755441919
15,102,202,315,-6.335442594718188e-05
15,103,202,268,0.00014201868907548487
15,104,202,271,1.7941454643732868e-05
15,105,202,272,-8.951325435191393e-05
15,106,202,325,-9.301772661274299e-05
15,107,202,319,1.5913694369373843e-05
15,108,202,403,-5.8581594203133136e-05
15,109,202,316,-8.225262718042359e-05
15,110,202,312,0.0001727743656374514
15,111,202,311,-0.0006514824344776571
15,112,202,310,-0.0005735920276492834
15,113,202,415,-0.0009078735602088273
15,114,202,308,0.03636925667524338
15,115,202,324,0.00017361174104735255
15,116,202,318,-0.0004278467094991356
15,117,202,402,-0.00022020330652594566
15,118,202,317,-8.860715752234682e-05
16,17,212,216,-9.61485397965589e-07
16,18,212,206,0.0002493235224392265
16,19,212,203,-0.0002123294398188591
16,20,212,207,0.00010531552106840536
16,21,212,205,-0.0004674158408306539
16,22,212,98,-0.0003172345459461212
16,23,212,97,9.697298082755879e-05
16,24,212,393,-0.0018546527717262506
16,25,212,391,-0.0034852137323468924
16,26,212,322,4.471093416213989e-05
16,27,212,410,-0.0012000962160527706
16,28,212,287,0.00018586292571853846
16,29,212,273,-0.00015072888345457613
16,30,212,335,4.088968125870451e-05
16,31,212,406,-0.00037916612927801907
16,32,212,313,0.0001455389428883791
16,33,212,421,7.804635970387608e-06
16,34,212,418,-0.00036870595067739487
16,35,212,424,-1.8121938410331495e-05
16,36,212,422,-0.002487603574991226
16,37,212,432,-0.0012360753025859594
16,38,212,436,-0.00030806378345005214
16,39,212,426,-0.0005112923099659383
16,40,212,423,-0.001794637180864811
16,41,212,427,0.000185541357495822
16,42,212,425,9.073649562196806e-05
16,43,212,327,-0.001047265250235796
16,44,212,326,-0.0010975429322570562
16,45,212,0,-0.0005309250555001199
16,46,212,37,0.0003237944911234081
16,47,212,39,0.00036024313885718584
16,48,212,40,-0.0002809852594509721
16,49,212,185,2.838766340573784e-05
16,50,212,61,-0.0005633324035443366
16,51,212,146,-0.0004091047740075737
16,52,212,91,-0.00014983303844928741
16,53,212,181,-0.00020258905715309083
16,54,212,84,7.453426223946735e-05
16,55,212,17,0.0002992748050019145
16,56,212,11,-0.0005939828115515411
16,57,212,72,0.00039180516614578664
16,58,212,73,0.00011658574658213183
16,59,212,74,6.721472891513258e-05
16,60,212,184,-0.0004676587996073067
16,61,212,77,0.0002835985505953431
16,62,212,90,-0.0003253991308156401
16,63,212,180,-0.0001446673704776913
16,64,212,85,0.00014724394713994116
16,65,212,16,-1.652789069339633e-05
16,66,212,12,-0.0003060403687413782
16,67,212,38,0.0003717630170285702
16,68,212,41,-0.0003773034259211272
16,69,212,42,-0.00041851215064525604
16,70,212,96,-0.00036221055779606104
16,71,212,89,-0.0001789508096408099
16,72,212,179,-0.0004106363048776984
16,73,212,86,-0.00013314456737134606
16,74,212,15,0.00014255856513045728
16,75,212,13,-0.0011085408041253686
16,76,212,82,0.0002164024335797876
16,77,212,81,6.806883175158873e-05
16,78,212,80,-5.966270691715181e-05
16,79,212,191,-0.0005782734951935709
16,80,212,78,-0.0005552414222620428
16,81,212,95,-0.00027559458976611495
16,82,212,88,-0.00033337841159664094
16,83,212,178,-7.95717496657744e-05
16,84,212,87,0.00014101342821959406
16,85,212,14,0.0004806085198651999
16,86,212,267,-0.00041296047857031226
16,87,212,269,-0.00022614123008679599
16,88,212,270,-0.00012686155969277024
16,89,212,409,-0.0012285842094570398
16,90,212,291,-0.00031813865643925965
16,91,212,375,8.047209121286869e-06
16,92,212,321,-0.00018624088261276484
16,93,212,405,-5.363113450584933e-05
16,94,212,314,0.0005967291654087603
16,95,212,302,4.795000495505519e-05
16,96,212,303,-0.00013753290113527328
16,97,212,304,-0.00024018986732698977
16,98,212,408,-0.001102852402254939
16,99,212,307,-0.0006269870791584253
16,100,212,320,-0.0002155391121050343
16,101,212,404,-0.00016407555085606873
16,102,212,315,-3.4182747185695916e-05
16,103,212,268,-0.00025650227325968444
16,104,212,271,-0.0005732166464440525
16,105,212,272,-0.0005606409395113587
16,106,212,325,-0.0004987991414964199
16,107,212,319,-3.111547266598791e-05
16,108,212,403,0.00015665516548324376
16,109,212,316,0.0003911001549568027
16,110,212,312,-3.449016367085278e-05
16,111,212,311,0.0002613233227748424
16,112,212,310,-0.0006387581233866513
16,113,212,415,-0.00056334218243137
16,114,212,308,0.015134667046368122
16,115,212,324,-0.00033102347515523434
16,116,212,318,-0.0005470688338391483
16,117,212,402,-0.00013470908743329346
16,118,212,317,-8.56906408444047e-05
17,18,216,206,-7.913824083516374e-05
17,19,216,203,-2.0808181943721138e-05
17,20,216,207,0.00015265449474100024
17,21,216,205,4.519485628406983e-06
17,22,216,98,5.648875685437815e-06
17,23,216,97,0.00010829532402567565
17,24,216,393,-0.003382233204320073
17,25,216,391,-0.0014029903104528785
17,26,216,322,5.923850494582439e-06
17,27,216,410,0.00021812932391185313
17,28,216,287,-0.0005545355379581451
17,29,216,273,-0.00016534363385289907
17,30,216,335,-0.0004212835629004985
17,31,216,406,-0.0013733466621488333
17,32,216,313,-0.00015496915148105472
17,33,216,421,-0.0021895132958889008
17,34,216,418,-0.0011565834283828735
17,35,216,424,-0.00028193442267365754
17,36,216,422,-0.001737077604047954
17,37,216,432,0.00011750820704037324
17,38,216,436,-0.00043783578439615667
17,39,216,426,-3.751134136109613e-05
17,40,216,423,-0.002386289183050394
17,41,216,427,-0.00021122417820151895
17,42,216,425,-0.000635484466329217
17,43,216,327,-9.358924580737948e-05
17,44,216,326,-0.00030878750840201974
17,45,216,0,3.8390666304621845e-05
17,46,216,37,0.0002528277982492
17,47,216,39,0.00019823691400233656
17,48,216,40,2.7258287445874885e-05
17,49,216,185,0.0002899564860854298
17,50,216,61,-0.000416482740547508
17,51,216,146,-0.00010788811778184026
17,52,216,91,-0.00027072569355368614
17,53,216,181,-0.0001688398770056665
17,54,216,84,6.65889383526519e-05
17,55,216,17,8.268992678495124e-05
17,56,216,11,-0.00011820681538665667
17,57,216,72,-6.758794370398391e-06
17,58,216,73,0.00024228137044701725
17,59,216,74,0.0002182494499720633
17,60,216,184,4.995259587303735e-06
17,61,216,77,-4.1525425331201404e-05
17,62,216,90,-0.00042937815305776894
17,63,216,180,-0.0001600958057679236
17,64,216,85,0.0001779041631380096
17,65,216,16,0.00014895600907038897
17,66,216,12,0.000183187861694023
17,67,216,38,3.657760316855274e-05
17,68,216,41,-0.00019494180742185563
17,69,216,42,-0.00017761717026587576
17,70,216,96,-0.00019513028382789344
17,71,216,89,-4.3710999307222664e-05
17,72,216,179,-3.882997771142982e-05
17,73,216,86,8.403310494031757e-05
17,74,216,15,-0.00015629929839633405
17,75,216,13,0.0002590725489426404
17,76,216,82,-9.939865412889048e-05
17,77,216,81,-0.00014996813843026757
17,78,216,80,0.0005408149445429444
17,79,216,191,-0.00041688777855597436
17,80,216,78,-0.0007261094287969172
17,81,216,95,-0.00024246214888989925
17,82,216,88,-0.0007063083467073739
17,83,216,178,-0.00046626906259916723
17,84,216,87,0.00030501442961394787
17,85,216,14,-1.7234477127203718e-05
17,86,216,267,-0.00020918776863254607
17,87,216,269,-8.885706483852118e-05
17,88,216,270,-0.0005353735759854317
17,89,216,409,-0.0008136824471876025
17,90,216,291,3.342943819006905e-05
17,91,216,375,-0.00033065013121813536
17,92,216,321,-0.0002181000163545832
17,93,216,405,-0.00019790558144450188
17,94,216,314,0.0005656690918840468
17,95,216,302,-0.00010459324403200299
17,96,216,303,-0.00015784682182129472
17,97,216,304,-0.00052833795780316
17,98,216,408,-0.0013038045726716518
17,99,216,307,-0.001026067417114973
17,100,216,320,-0.00022601404634770006
17,101,216,404,-0.0001231719652423635
17,102,216,315,0.000800268433522433
17,103,216,268,-0.00022027840896043926
17,104,216,271,-0.00034642466926015913
17,105,216,272,5.097741086501628e-05
17,106,216,325,-0.0010358039289712906
17,107,216,319,-0.0008138573612086475
17,108,216,403,0.00011277134763076901
17,109,216,316,0.00031094643054530025
17,110,216,312,3.833855953416787e-05
17,111,216,311,-0.001462893676944077
17,112,216,310,0.00020675892301369458
17,113,216,415,-0.001563062658533454
17,114,216,308,-0.00017062120605260134
17,115,216,324,0.018893536180257797
17,116,216,318,-0.0004272546211723238
17,117,216,402,-3.855318936984986e-05
17,118,216,317,2.4087825295282528e-05
18,19,206,203,-2.234386010968592e-05
18,20,206,207,0.00042847913573496044
18,21,206,205,-0.00016426124784629792
18,22,206,98,-6.488343933597207e-05
18,23,206,97,-0.0002417340292595327
18,24,206,393,-0.0029755812138319016
18,25,206,391,-0.0015047126216813922
18,26,206,322,-0.0006124809151515365
18,27,206,410,-0.0002739732153713703
18,28,206,287,-0.0005077782552689314
18,29,206,273,-0.0003268541186116636
18,30,206,335,-0.0003772480704355985
18,31,206,406,1.9181017705705017e-05
18,32,206,313,0.00012313730258028954
18,33,206,421,0.00029623901355080307
18,34,206,418,-0.00017788099648896605
18,35,206,424,-6.425796163966879e-05
18,36,206,422,-0.00018292696040589362
18,37,206,432,-0.00022154529870022088
18,38,206,436,-1.1516655831655953e-05
18,39,206,426,-0.002876713639125228
18,40,206,423,-0.00468737818300724
18,41,206,427,-0.00042389999725855887
18,42,206,425,-0.00020647251221816987
18,43,206,327,-0.0024724509567022324
18,44,206,326,-0.005514345597475767
18,45,206,0,-0.00044709970825351775
18,46,206,37,0.00041125580901280046
18,47,206,39,0.00040762455319054425
18,48,206,40,3.964893767260946e-05
18,49,206,185,-0.0003457196580711752
18,50,206,61,-7.372484560619341e-06
18,51,206,146,-0.0003022344899363816
18,52,206,91,-0.00023709337983746082
18,53,206,181,3.482009924482554e-05
18,54,206,84,0.00010953727178275585
18,55,206,17,0.00013892786228097975
18,56,206,11,0.00046618987107649446
18,57,206,72,9.654479072196409e-06
18,58,206,73,0.0001896866742754355
18,59,206,74,-0.00029169657500460744
18,60,206,184,-0.0003033967805095017
18,61,206,77,-0.0003633973537944257
18,62,206,90,-1.0747602573246695e-05
18,63,206,180,-6.768293678760529e-05
18,64,206,85,-1.266743493033573e-05
18,65,206,16,9.677833440946415e-05
18,66,206,12,0.00014550235937349498
18,67,206,38,-1.1135705790366046e-05
18,68,206,41,0.0002795681939460337
18,69,206,42,9.845451131695881e-06
18,70,206,96,-0.0005402013775892556
18,71,206,89,-0.00019117872579954565
18,72,206,179,-0.000243022819631733
18,73,206,86,-0.0001621287374291569
18,74,206,15,1.9950613932451233e-05
18,75,206,13,0.00039904547156766057
18,76,206,82,0.0003855898103211075
18,77,206,81,0.00016636366490274668
18,78,206,80,-0.00026197548140771687
18,79,206,191,1.9211986000300385e-05
18,80,206,78,-0.0006096422439441085
18,81,206,95,-0.00034173272433690727
18,82,206,88,3.901894888258539e-05
18,83,206,178,0.00018011493375524879
18,84,206,87,3.730485332198441e-05
18,85,206,14,0.0002382014354225248
18,86,206,267,0.0001407140662195161
18,87,206,269,-0.0005483590066432953
18,88,206,270,-1.3462748029269278e-05
18,89,206,409,-0.00023958731617312878
18,90,206,291,-0.0001232088397955522
18,91,206,375,-0.0006689682486467063
18,92,206,321,0.0007271589711308479
18,93,206,405,-0.00018419622210785747
18,94,206,314,-0.00015361024998128414
18,95,206,302,-0.00014492757327388972
18,96,206,303,-4.2763527744682506e-05
18,97,206,304,7.183699199231341e-05
18,98,206,408,-7.639028467565367e-07
18,99,206,307,-0.0005243485211394727
18,100,206,320,-0.0001460672792745754
18,101,206,404,0.00022261329286266118
18,102,206,315,0.00015524119953624904
18,103,206,268,8.379112114198506e-05
18,104,206,271,-0.0004345228080637753
18,105,206,272,0.0001066201803041622
18,106,206,325,-4.956085467711091e-05
18,107,206,319,0.0006640648352913558
18,108,206,403,0.00015563149645458907
18,109,206,316,-4.498384441831149e-05
18,110,206,312,-0.00010826389188878238
18,111,206,311,-0.000288353388896212
18,112,206,310,-0.0010184511775150895
18,113,206,415,-0.0017973690992221236
18,114,206,308,-0.0014271278632804751
18,115,206,324,-2.2018373783794232e-05
18,116,206,318,-0.00019136931223329157
18,117,206,402,0.0004900213098153472
18,118,206,317,-1.2237745977472514e-05
19,20,203,207,0.00013334857067093253
19,21,203,205,0.0002865365822799504
19,22,203,98,1.987140603887383e-05
19,23,203,97,-0.0018656215397641063
19,24,203,393,-0.003453936893492937
19,25,203,391,-0.004760002251714468
19,26,203,322,-0.0009574449504725635
19,27,203,410,-0.0004468902770895511
19,28,203,287,-0.00023326993687078357
19,29,203,273,-0.0004739020369015634
19,30,203,335,-0.0005360199720598757
19,31,203,406,-0.0003102491609752178
19,32,203,313,0.00013000280887354165
19,33,203,421,0.0001254885137313977
19,34,203,418,-0.00027278828201815486
19,35,203,424,-0.0005308247054927051
19,36,203,422,-0.000176291010575369
19,37,203,432,-0.00010018986358772963
19,38,203,436,-9.653317829361185e-05
19,39,203,426,-0.0018879803828895092
19,40,203,423,-0.0036018271930515766
19,41,203,427,-5.4407541028922424e-05
19,42,203,425,-0.002334136515855789
19,43,203,327,-0.0015103203477337956
19,44,203,326,-0.00260490202344954
19,45,203,0,-0.0005330026615411043
19,46,203,37,0.000406564271543175
19,47,203,39,0.00010925637616310269
19,48,203,40,-0.00064265908440575
19,49,203,185,-0.0007266574539244175
19,50,203,61,-3.444205867708661e-05
19,51,203,146,-0.00041633882210589945
19,52,203,91,-4.7015804739203304e-05
19,53,203,181,9.457422856939957e-05
19,54,203,84,2.4375154680456035e-05
19,55,203,17,0.00011784633534261957
19,56,203,11,-0.0012121209874749184
19,57,203,72,-2.2206144421943463e-05
19,58,203,73,0.000167490157764405
19,59,203,74,0.00034709437750279903
19,60,203,184,-0.0005402605165727437
19,61,203,77,-0.0005645133787766099
19,62,203,90,0.0003327669983264059
19,63,203,180,-0.00037378029082901776
19,64,203,85,6.679564830847085e-05
19,65,203,16,0.00020167234470136464
19,66,203,12,-0.00097848626319319
19,67,203,38,-4.7572943003615364e-05
19,68,203,41,0.000183875672519207
19,69,203,42,-7.721484143985435e-05
19,70,203,96,-0.00024512942763976753
19,71,203,89,0.00032360092154704034
19,72,203,179,-0.0001609574246685952
19,73,203,86,1.5428600818268023e-05
19,74,203,15,0.0008125733584165573
19,75,203,13,-0.00026612382498569787
19,76,203,82,-5.890433385502547e-05
19,77,203,81,0.00017648402717895806
19,78,203,80,-2.0489920643740334e-05
19,79,203,191,-2.1753294277004898e-05
19,80,203,78,-0.00038978594238869846
19,81,203,95,-0.00033130455994978547
19,82,203,88,-1.5564970453851856e-05
19,83,203,178,-0.00013407712685875595
19,84,203,87,-0.00012796263035852462
19,85,203,14,0.00036891456693410873
19,86,203,267,-0.00039536680560559034
19,87,203,269,-5.5717020586598665e-05
19,88,203,270,-0.000136121321702376
19,89,203,409,0.00013346358900889754
19,90,203,291,-0.0012117468286305666
19,91,203,375,2.1856865714653395e-05
19,92,203,321,-5.7027813454624265e-05
19,93,203,405,-7.802720938343555e-05
19,94,203,314,3.159412517561577e-05
19,95,203,302,-1.6522866644663736e-05
19,96,203,303,-2.1530782760237344e-05
19,97,203,304,0.00010763696627691388
19,98,203,408,3.7759560655103996e-05
19,99,203,307,9.324518032371998e-05
19,100,203,320,2.5759931304492056e-05
19,101,203,404,0.00010776214912766591
19,102,203,315,-9.24839114304632e-05
19,103,203,268,-0.0011429473524913192
19,104,203,271,-0.00012372164928819984
19,105,203,272,0.00018025421013589948
19,106,203,325,0.00010489649866940454
19,107,203,319,0.0005415944033302367
19,108,203,403,-8.663701737532392e-05
19,109,203,316,0.00041946247802115977
19,110,203,312,0.0002514364605303854
19,111,203,311,-2.721453165577259e-05
19,112,203,310,-1.0227687198494095e-05
19,113,203,415,-0.0016486468957737088
19,114,203,308,-8.448684093309566e-05
19,115,203,324,2.5646328140283003e-05
19,116,203,318,-6.043204848538153e-05
19,117,203,402,-3.6537356209009886e-05
19,118,203,317,0.0006490650121122599
20,21,207,205,-0.00029520277166739106
20,22,207,98,0.00048536216490902007
20,23,207,97,-2.812473030644469e-05
20,24,207,393,0.00013167217548470944
20,25,207,391,0.00014990453200880438
20,26,207,322,-0.0005528771434910595
20,27,207,410,8.260457980213687e-05
20,28,207,287,-0.0009711903985589743
20,29,207,273,-0.0005658718873746693
20,30,207,335,0.00034160149516537786
20,31,207,406,0.00011110112973256037
20,32,207,313,-0.00028742788708768785
20,33,207,421,-0.0005606167833320796
20,34,207,418,-0.0017082671402022243
20,35,207,424,-0.001348302816040814
20,36,207,422,-0.0008796279435046017
20,37,207,432,-0.000949585170019418
20,38,207,436,-0.0026930931489914656
20,39,207,426,-0.0001059222049661912
20,40,207,423,-0.0013421184848994017
20,41,207,427,-0.002446517115458846
20,42,207,425,7.202546839835122e-05
20,43,207,327,-0.0003334804205223918
20,44,207,326,3.532837945385836e-05
20,45,207,0,-0.00037323878495953977
20,46,207,37,-0.0005963099538348615
20,47,207,39,-0.0009639625786803663
20,48,207,40,-0.0005896362708881497
20,49,207,185,4.2743900849018246e-05
20,50,207,61,-0.0007919186027720571
20,51,207,146,-0.0002933542709797621
20,52,207,91,-0.0001257675903616473
20,53,207,181,-0.0001439757616026327
20,54,207,84,-0.00022675401123706251
20,55,207,17,-0.00047018410987220705
20,56,207,11,-0.0006036445265635848
20,57,207,72,-7.823881560398149e-07
20,58,207,73,-0.0006865515024401248
20,59,207,74,-0.00012596209126058966
20,60,207,184,7.260974598466419e-06
20,61,207,77,-0.0006599188200198114
20,62,207,90,-0.0003083393385168165
20,63,207,180,-0.0007553659961558878
20,64,207,85,-0.000573734228964895
20,65,207,16,0.00019083393272012472
20,66,207,12,-8.372851152671501e-05
20,67,207,38,0.00021552733960561454
20,68,207,41,-0.00045896577648818493
20,69,207,42,0.0002521409187465906
20,70,207,96,-6.572715938091278e-05
20,71,207,89,-0.00031683858833275735
20,72,207,179,3.000572633027332e-06
20,73,207,86,0.00011063310375902802
20,74,207,15,0.0003975573636125773
20,75,207,13,-0.000362248916644603
20,76,207,82,-0.00014204549370333552
20,77,207,81,-0.00034037730074487627
20,78,207,80,0.000219243680476211
20,79,207,191,-0.0008419789955951273
20,80,207,78,-0.00037229846930131316
20,81,207,95,-4.775636989506893e-05
20,82,207,88,-0.00024283782113343477
20,83,207,178,-0.0004320562002249062
20,84,207,87,-0.0006266838172450662
20,85,207,14,0.0004489816492423415
20,86,207,267,-6.085406130296178e-05
20,87,207,269,-0.00010900251072598621
20,88,207,270,-0.000663858256302774
20,89,207,409,-0.001668111071921885
20,90,207,291,-1.779033300408628e-05
20,91,207,375,-0.0006345132132992148
20,92,207,321,0.00016047086683101952
20,93,207,405,0.0002648654335644096
20,94,207,314,0.00016518266056664288
20,95,207,302,0.000252522382652387
20,96,207,303,-0.000722143508028239
20,97,207,304,0.00017377437325194478
20,98,207,408,-0.0007830783142708242
20,99,207,307,0.00011933878704439849
20,100,207,320,-0.00017320261395070702
20,101,207,404,-0.0002592188538983464
20,102,207,315,7.391932012978941e-05
20,103,207,268,0.00016372142999898642
20,104,207,271,-2.4598853997304104e-05
20,105,207,272,9.372850036015734e-05
20,106,207,325,-0.0002471824991516769
20,107,207,319,-0.0003277107607573271
20,108,207,403,-0.000702026067301631
20,109,207,316,9.507348295301199e-05
20,110,207,312,-0.0016061121132224798
20,111,207,311,-0.0001892339059850201
20,112,207,310,-0.0009268090361729264
20,113,207,415,-0.0009445763425901532
20,114,207,308,1.968121978279669e-05
20,115,207,324,-0.00020109725301153958
20,116,207,318,-8.556128886993974e-05
20,117,207,402,-0.0007860647165216506
20,118,207,317,-0.0003595309390220791
21,22,205,98,-0.00017795551684685051
21,23,205,97,-0.0008663989719934762
21,24,205,393,-5.8196179452352226e-05
21,25,205,391,-0.0008790518040768802
21,26,205,322,-0.0002998857235070318
21,27,205,410,-0.000509604113176465
21,28,205,287,5.640686140395701e-05
21,29,205,273,-0.00037787476321682334
21,30,205,335,-0.00015643281221855432
21,31,205,406,-4.156772047281265e-05
21,32,205,313,0.00026169425109401345
21,33,205,421,-0.0005065809236839414
21,34,205,418,8.530516061000526e-05
21,35,205,424,-0.00046710745664313436
21,36,205,422,-0.0009149191901087761
21,37,205,432,-0.00045712199062108994
21,38,205,436,-0.0023888936266303062
21,39,205,426,-0.0003493322292342782
21,40,205,423,-0.003876538248732686
21,41,205,427,1.7688026900941622e-06
21,42,205,425,-0.0005688393721356988
21,43,205,327,-0.00312524545006454
21,44,205,326,-0.000629676622338593
21,45,205,0,8.559744310332462e-05
21,46,205,37,-0.0001667460601311177
21,47,205,39,-0.0001998895895667374
21,48,205,40,-0.00014511878543999046
21,49,205,185,-5.151520963408984e-05
21,50,205,61,8.533418440492824e-05
21,51,205,146,-0.0002503011201042682
21,52,205,91,-7.410941907437518e-05
21,53,205,181,0.00021930478396825492
21,54,205,84,-0.00015446580073330551
21,55,205,17,9.948288061423227e-05
21,56,205,11,0.000179665454197675
21,57,205,72,-0.00025239927344955504
21,58,205,73,0.00022125801478978246
21,59,205,74,7.988660945557058e-05
21,60,205,184,-7.69261532695964e-05
21,61,205,77,-0.0001327876525465399
21,62,205,90,-0.0003557804739102721
21,63,205,180,0.00012811868509743363
21,64,205,85,8.332754077855498e-07
21,65,205,16,0.0002844379923772067
21,66,205,12,0.00023830626741982996
21,67,205,38,-0.0005440829554572701
21,68,205,41,-0.0002252738777315244
21,69,205,42,-0.0003551992413122207
21,70,205,96,-0.00018658254703041166
21,71,205,89,-0.0004954792093485594
21,72,205,179,3.128523167106323e-05
21,73,205,86,0.00035635550739243627
21,74,205,15,0.0001245961175300181
21,75,205,13,7.550095324404538e-05
21,76,205,82,0.00021248130360618234
21,77,205,81,-0.0003183983499184251
21,78,205,80,-0.0003279405937064439
21,79,205,191,-0.00036344974068924785
21,80,205,78,-0.00041915971087291837
21,81,205,95,-0.0006801285198889673
21,82,205,88,0.00020284982747398317
21,83,205,178,0.00021273734455462545
21,84,205,87,9.795046935323626e-05
21,85,205,14,-0.00011436282511567697
21,86,205,267,0.00011014403571607545
21,87,205,269,-0.00018169975373893976
21,88,205,270,-0.00046971396659500897
21,89,205,409,-0.0009538143058307469
21,90,205,291,-0.0004050155694130808
21,91,205,375,-0.001638015964999795
21,92,205,321,-0.00020307338854763657
21,93,205,405,5.647836223943159e-05
21,94,205,314,0.0001351495156995952
21,95,205,302,0.00019393113325349987
21,96,205,303,-1.583690391271375e-05
21,97,205,304,-5.558854536502622e-05
21,98,205,408,-0.0013510379940271378
21,99,205,307,-0.03299630805850029
21,100,205,320,-0.00016994077304843813
21,101,205,404,7.585925050079823e-05
21,102,205,315,0.0004640270781237632
21,103,205,268,0.00052698387298733
21,104,205,271,0.00012539306771941483
21,105,205,272,-5.735749437008053e-05
21,106,205,325,-0.0004723540332634002
21,107,205,319,0.0005309605039656162
21,108,205,403,-0.00019442971097305417
21,109,205,316,0.0001163300039479509
21,110,205,312,-6.708262662868947e-05
21,111,205,311,0.00015405574231408536
21,112,205,310,-0.002265994204208255
21,113,205,415,-0.0009035254479385912
21,114,205,308,-0.0001219726400449872
21,115,205,324,-0.000394946284359321
21,116,205,318,-0.0002968577609863132
21,117,205,402,0.00025138765340670943
21,118,205,317,0.0002934520016424358
22,23,98,97,6.803969154134393e-05
22,24,98,393,-0.002479305025190115
22,25,98,391,-0.0004574901831801981
22,26,98,322,-0.0009133298299275339
22,27,98,410,-7.193801138782874e-05
22,28,98,287,-7.658456161152571e-05
22,29,98,273,-0.000532827340066433
22,30,98,335,-0.0006671168957836926
22,31,98,406,-0.00046257369103841484
22,32,98,313,0.00028381700394675136
22,33,98,421,0.00016706465976312757
22,34,98,418,-0.0002675506111700088
22,35,98,424,-0.0005497217644006014
22,36,98,422,-0.00014633445243816823
22,37,98,432,-0.0003789458714891225
22,38,98,436,-0.0005742837092839181
22,39,98,426,-0.0008948941831476986
22,40,98,423,8.117041579680517e-05
22,41,98,427,-7.430415280396119e-05
22,42,98,425,-6.767482773284428e-06
22,43,98,327,0.00012426654575392604
22,44,98,326,0.00012751741451211274
22,45,98,0,-0.0007431278354488313
22,46,98,37,0.00014614718384109437
22,47,98,39,-0.0016756386030465364
22,48,98,40,-0.000342095794621855
22,49,98,185,-0.00017667440988589078
22,50,98,61,0.00032144406577572227
22,51,98,146,0.00013146616402082145
22,52,98,91,-5.556718315347098e-05
22,53,98,181,0.00033805056591518223
22,54,98,84,-0.0004702509904745966
22,55,98,17,0.00021003246365580708
22,56,98,11,0.00014974969963077456
22,57,98,72,0.00040672923205420375
22,58,98,73,-0.00027914688689634204
22,59,98,74,-0.00010540206858422607
22,60,98,184,1.9802326278295368e-05
22,61,98,77,-6.310814205789939e-05
22,62,98,90,0.00014431995805352926
22,63,98,180,-0.00042050020419992507
22,64,98,85,3.366377859492786e-05
22,65,98,16,8.779588824836537e-05
22,66,98,12,-0.0003336127265356481
22,67,98,38,0.00023927386791910976
22,68,98,41,-0.00014423478569369763
22,69,98,42,-1.5530946484432206e-06
22,70,98,96,0.00027469941414892673
22,71,98,89,1.5291108866222203e-05
22,72,98,179,-0.00013585796114057302
22,73,98,86,-0.00026479436201043427
22,74,98,15,0.0002411928289802745
22,75,98,13,-0.0009583780774846673
22,76,98,82,-6.38430065009743e-05
22,77,98,81,-6.010025754221715e-05
22,78,98,80,-0.0003385411691851914
22,79,98,191,-0.00012559133756440133
22,80,98,78,0.00038628620677627623
22,81,98,95,5.682921255356632e-05
22,82,98,88,0.00010788660438265651
22,83,98,178,-0.0011812362354248762
22,84,98,87,-0.0003547276137396693
22,85,98,14,-0.0005161321605555713
22,86,98,267,-0.0007296820404008031
22,87,98,269,-2.6370244086137973e-05
22,88,98,270,7.081176590872929e-05
22,89,98,409,4.6430282964138314e-05
22,90,98,291,-0.000680849130731076
22,91,98,375,-4.8333502491004765e-05
22,92,98,321,-6.374587246682495e-05
22,93,98,405,-0.00013546779518947005
22,94,98,314,-1.839686228777282e-05
22,95,98,302,-0.0006045412155799568
22,96,98,303,-0.00024337666400242597
22,97,98,304,8.750057895667851e-05
22,98,98,408,-6.540496542584151e-05
22,99,98,307,-3.728321462403983e-05
22,100,98,320,-0.00010362602188251913
22,101,98,404,-7.35255453037098e-05
22,102,98,315,-0.0002801674709189683
22,103,98,268,-0.0004637684323824942
22,104,98,271,-0.0002984456077683717
22,105,98,272,7.489745621569455e-05
22,106,98,325,-7.675609231228009e-05
22,107,98,319,0.0002071659837383777
22,108,98,403,-7.251693205034826e-06
22,109,98,316,-0.0005818803911097348
22,110,98,312,0.0003584656515158713
22,111,98,311,-0.00011728868412319571
22,112,98,310,0.00015757649089209735
22,113,98,415,-3.3291144063696265e-05
22,114,98,308,-0.0005753409932367504
22,115,98,324,6.306920840870589e-05
22,116,98,318,0.000261538167251274
22,117,98,402,-4.775911656906828e-05
22,118,98,317,-0.00178837263956666
23,24,97,393,-0.0001580949465278536
23,25,97,391,-0.0017294432036578655
23,26,97,322,5.341629730537534e-05
23,27,97,410,-0.0018519241129979491
23,28,97,287,-0.000284162670141086
23,29,97,273,-4.230068952892907e-06
23,30,97,335,-0.0007349812076427042
23,31,97,406,4.91964710818138e-05
23,32,97,313,-0.00038096707430668175
23,33,97,421,-3.996377199655399e-05
23,34,97,418,-0.0012495920527726412
23,35,97,424,-0.001088828081265092
23,36,97,422,-0.00048625050112605095
23,37,97,432,-5.5382915888912976e-05
23,38,97,436,-0.0006811745697632432
23,39,97,426,-0.00010676965030143037
23,40,97,423,-0.0008111896459013224
23,41,97,427,-1.2381666238070466e-05
23,42,97,425,-0.00021685860701836646
23,43,97,327,7.874338916735724e-05
23,44,97,326,0.0002497659297659993
23,45,97,0,-0.0002014199853874743
23,46,97,37,-0.002721067750826478
23,47,97,39,6.896266859257594e-05
23,48,97,40,-9.206604590872303e-05
23,49,97,185,-0.0005674643907696009
23,50,97,61,-0.00012334388156887144
23,51,97,146,-2.8047323212376796e-05
23,52,97,91,-0.0001592236221767962
23,53,97,181,0.00022446506773121655
23,54,97,84,9.187850082525983e-05
23,55,97,17,0.000557594234123826
23,56,97,11,-2.6849902496905997e-05
23,57,97,72,-0.0021721352823078632
23,58,97,73,-1.9485742086544633e-06
23,59,97,74,9.04633998288773e-05
23,60,97,184,0.00020228602807037532
23,61,97,77,-6.623218359891325e-05
23,62,97,90,0.0001415532169630751
23,63,97,180,-0.00021272810408845544
23,64,97,85,5.646631689160131e-05
23,65,97,16,0.00112966971937567
23,66,97,12,-0.00024893844965845346
23,67,97,38,-0.00047871118295006454
23,68,97,41,-0.00010859003668883815
23,69,97,42,-0.0001802226179279387
23,70,97,96,-5.5887230701046064e-05
23,71,97,89,7.197568629635498e-05
23,72,97,179,8.696650911588222e-05
23,73,97,86,-0.00026523787528276443
23,74,97,15,0.0007529004942625761
23,75,97,13,-0.00013114635657984763
23,76,97,82,0.00026596392854116857
23,77,97,81,-6.165457307361066e-05
23,78,97,80,-0.00016261092969216406
23,79,97,191,-0.0001920519134728238
23,80,97,78,-0.0001616042573004961
23,81,97,95,-0.00041364639764651656
23,82,97,88,3.231431037420407e-05
23,83,97,178,0.00012113292177673429
23,84,97,87,-0.0007854534196667373
23,85,97,14,0.0004085627442691475
23,86,97,267,3.325798024889082e-05
23,87,97,269,-0.00012857095862273127
23,88,97,270,-0.0008195137488655746
23,89,97,409,-0.0011811513686552644
23,90,97,291,-0.0005463705165311694
23,91,97,375,-0.0003804457082878798
23,92,97,321,-0.000496848311740905
23,93,97,405,-0.0001808795495890081
23,94,97,314,-2.1944679247098975e-05
23,95,97,302,-0.0010442063212394714
23,96,97,303,5.8675737818703055e-05
23,97,97,304,-0.0009686717530712485
23,98,97,408,6.0183738241903484e-05
23,99,97,307,-0.0007093250169418752
23,100,97,320,-0.0007431274279952049
23,101,97,404,-0.00019409047672525048
23,102,97,315,-1.468028494855389e-05
23,103,97,268,-0.0018707469571381807
23,104,97,271,-0.001620306633412838
23,105,97,272,0.000495033513288945
23,106,97,325,0.00020352407591417432
23,107,97,319,9.144560317508876e-05
23,108,97,403,-0.000920186925213784
23,109,97,316,3.2448526326334104e-05
23,110,97,312,-0.0014518224634230137
23,111,97,311,-3.5265975384390913e-07
23,112,97,310,-0.0016846631187945604
23,113,97,415,6.958621088415384e-05
23,114,97,308,3.470287992968224e-05
23,115,97,324,2.1130923414602876e-05
23,116,97,318,-0.0006501135649159551
23,117,97,402,-0.00036625657230615616
23,118,97,317,0.0003140686312690377
24,25,393,391,-0.00021673072478733957
24,26,393,322,-5.0133647164329886e-05
24,27,393,410,0.0004569771117530763
24,28,393,287,-4.5751879952149466e-05
24,29,393,273,0.0001997488725464791
24,30,393,335,-0.0004160602402407676
24,31,393,406,-0.00023008730204310268
24,32,393,313,-6.370761548168957e-05
24,33,393,421,0.0001753332035150379
24,34,393,418,0.00010493130685063079
24,35,393,424,0.00015969097148627043
24,36,393,422,-0.0002769796410575509
24,37,393,432,0.0004817607987206429
24,38,393,436,0.0003703676338773221
24,39,393,426,-0.00014105683658272028
24,40,393,423,-0.0001979225780814886
24,41,393,427,0.0002587866911198944
24,42,393,425,-0.00015114712005015463
24,43,393,327,-0.0007677662651985884
24,44,393,326,-0.00019141733355354518
24,45,393,0,-0.00034153740853071213
24,46,393,37,-4.1816707380348817e-05
24,47,393,39,0.00038676775875501335
24,48,393,40,-7.287142216227949e-05
24,49,393,185,1.0807268154167105e-05
24,50,393,61,-2.1231996925052954e-06
24,51,393,146,-3.1033479899633676e-05
24,52,393,91,0.00014291425759438425
24,53,393,181,0.00015079490549396724
24,54,393,84,0.0002282333589391783
24,55,393,17,0.00015054643154144287
24,56,393,11,-0.00034401091397739947
24,57,393,72,3.833750815829262e-05
24,58,393,73,-0.00019829995289910585
24,59,393,74,-0.0002995439572259784
24,60,393,184,-5.609816071228124e-05
24,61,393,77,0.00010309422214049846
24,62,393,90,0.0003150863922201097
24,63,393,180,0.0001326995698036626
24,64,393,85,0.00014880263188388199
24,65,393,16,-4.4105156121077016e-05
24,66,393,12,-0.0002654041163623333
24,67,393,38,-1.0667775313777383e-05
24,68,393,41,-0.0006987858796492219
24,69,393,42,0.0001222497085109353
24,70,393,96,0.01985287480056286
24,71,393,89,0.0001838703319663182
24,72,393,179,0.00024392262275796384
24,73,393,86,-0.0001951978192664683
24,74,393,15,-0.0005232939147390425
24,75,393,13,-0.0003022808232344687
24,76,393,82,0.000315708399284631
24,77,393,81,3.85643943445757e-05
24,78,393,80,0.00013578755897469819
24,79,393,191,-0.00015129009261727333
24,80,393,78,0.0026799566112458706
24,81,393,95,5.336427784641273e-05
24,82,393,88,0.00014224533515516669
24,83,393,178,0.0002853905316442251
24,84,393,87,0.00013716198736801744
24,85,393,14,-0.00017653834947850555
24,86,393,267,0.00029214000096544623
24,87,393,269,-0.0004850850673392415
24,88,393,270,-0.0010416165459901094
24,89,393,409,-0.0003169520932715386
24,90,393,291,-0.00013957210467197
24,91,393,375,-0.00041336999856866896
24,92,393,321,-0.0002912175841629505
24,93,393,405,-0.0006283120019361377
24,94,393,314,-0.00020989902259316295
24,95,393,302,-6.85951454215683e-05
24,96,393,303,1.3292860785441007e-05
24,97,393,304,-0.0006350991898216307
24,98,393,408,-0.0004765102930832654
24,99,393,307,-0.00027514889370650053
24,100,393,320,-0.0005918100359849632
24,101,393,404,-0.0006464567850343883
24,102,393,315,-0.00011578339035622776
24,103,393,268,3.1675666832597926e-05
24,104,393,271,-0.0004741003504022956
24,105,393,272,-0.0005325889796949923
24,106,393,325,-0.00022898646420799196
24,107,393,319,-0.0007640774711035192
24,108,393,403,2.9748218366876245e-05
24,109,393,316,0.0006731872563250363
24,110,393,312,0.00025600584922358394
24,111,393,311,-0.0003909846127498895
24,112,393,310,-0.0002361587103223428
24,113,393,415,-0.00019886723021045327
24,114,393,308,-0.00016404989582952112
24,115,393,324,-0.00017417494382243603
24,116,393,318,-0.00046859713620506227
24,117,393,402,0.00015339397941716015
24,118,393,317,0.00034993982990272343
25,26,391,322,0.00013776826381217688
25,27,391,410,0.00023205096658784896
25,28,391,287,-2.649034468049649e-05
25,29,391,273,-0.0007584927370771766
25,30,391,335,-0.00046717716031707823
25,31,391,406,0.0003056467103306204
25,32,391,313,-0.0005267236847430468
25,33,391,421,0.0006068723741918802
25,34,391,418,-0.00021665755775757134
25,35,391,424,-0.0002610606898088008
25,36,391,422,-7.705485768383369e-05
25,37,391,432,-6.43027524347417e-05
25,38,391,436,-0.0008706253138370812
25,39,391,426,2.941333150374703e-05
25,40,391,423,9.613346628611907e-05
25,41,391,427,-3.206170003977604e-05
25,42,391,425,8.884515409590676e-05
25,43,391,327,-0.00029798015020787716
25,44,391,326,-0.00010129988368134946
25,45,391,0,-0.00019188434816896915
25,46,391,37,-0.00041552347829565406
25,47,391,39,0.0002194940170738846
25,48,391,40,0.00020052801119163632
25,49,391,185,-6.245334225241095e-05
25,50,391,61,0.05176291614770889
25,51,391,146,0.0002476876543369144
25,52,391,91,0.0002149496431229636
25,53,391,181,0.00010002836643252522
25,54,391,84,1.4591900253435597e-05
25,55,391,17,7.603837730130181e-05
25,56,391,11,-0.00037016524584032595
25,57,391,72,-0.00026333489222452044
25,58,391,73,0.00027480293647386134
25,59,391,74,-8.688461093697697e-05
25,60,391,184,-7.581106183351949e-05
25,61,391,77,-7.532558356615482e-06
25,62,391,90,0.00021006491442676634
25,63,391,180,8.142063597915694e-05
25,64,391,85,0.00018779085075948387
25,65,391,16,8.96511301107239e-06
25,66,391,12,8.705614163773134e-05
25,67,391,38,-0.0002487075689714402
25,68,391,41,-0.0003225615946575999
25,69,391,42,-0.00013554186443798244
25,70,391,96,0.1566566824913025
25,71,391,89,0.0003438116400502622
25,72,391,179,0.00016358405991923064
25,73,391,86,2.8526481401058845e-05
25,74,391,15,-7.695946260355413e-05
25,75,391,13,-0.0002498457324691117
25,76,391,82,-5.987452027511608e-07
25,77,391,81,0.00029705208726227283
25,78,391,80,-5.8329849707661197e-05
25,79,391,191,-2.5525661840219982e-05
25,80,391,78,0.035883404314517975
25,81,391,95,0.0002341692306799814
25,82,391,88,-1.9579008949222043e-05
25,83,391,178,0.00011107830505352467
25,84,391,87,-0.00014531113265547901
25,85,391,14,-0.00048601231537759304
25,86,391,267,-0.0001865837984951213
25,87,391,269,0.0004566087736748159
25,88,391,270,-0.0007915795431472361
25,89,391,409,-0.0005020233220420778
25,90,391,291,-9.097409929381683e-05
25,91,391,375,0.00030109050567261875
25,92,391,321,-0.0007042977376841009
25,93,391,405,-0.001346299541182816
25,94,391,314,-0.001456974190659821
25,95,391,302,-0.0001472083677072078
25,96,391,303,0.00044911139411851764
25,97,391,304,-0.0003082416078541428
25,98,391,408,-0.000586658832617104
25,99,391,307,0.0002225102361990139
25,100,391,320,-0.001572164474055171
25,101,391,404,-0.0010516158072277904
25,102,391,315,-0.0022825421765446663
25,103,391,268,-0.0013251580530777574
25,104,391,271,-3.531831316649914e-05
25,105,391,272,0.0004402264312375337
25,106,391,325,0.00013208987365942448
25,107,391,319,-0.0020217755809426308
25,108,391,403,-0.000295499456115067
25,109,391,316,-0.0019962023943662643
25,110,391,312,-0.00018286977137904614
25,111,391,311,-0.0003059949667658657
25,112,391,310,0.0003448225907050073
25,113,391,415,4.150414952164283e-06
25,114,391,308,-5.336795948096551e-05
25,115,391,324,3.944341733586043e-05
25,116,391,318,-0.000699451775290072
25,117,391,402,-0.00037210536538623273
25,118,391,317,-0.0007916721515357494
26,27,322,410,1.942479138961062e-05
26,28,322,287,-0.0005293927970342338
26,29,322,273,-0.0003745862632058561
26,30,322,335,0.0007479205960407853
26,31,322,406,-0.0007679361151531339
26,32,322,313,0.0005843014805577695
26,33,322,421,0.00019466773665044457
26,34,322,418,0.00036417285446077585
26,35,322,424,-0.00032484153052791953
26,36,322,422,-0.00044342465116642416
26,37,322,432,-0.0008429022855125368
26,38,322,436,0.00014097207167651504
26,39,322,426,0.00012030379002681002
26,40,322,423,7.341605669353157e-05
26,41,322,427,-0.00010373616532888263
26,42,322,425,-0.00035421006032265723
26,43,322,327,-0.00022353845997713506
26,44,322,326,0.0003051378298550844
26,45,322,0,8.762383367866278e-05
26,46,322,37,-6.0345329984556884e-05
26,47,322,39,0.0004033716395497322
26,48,322,40,0.00029616281972266734
26,49,322,185,0.00017806886171456426
26,50,322,61,0.00013714833767153323
26,51,322,146,8.14015802461654e-05
26,52,322,91,-2.4175033104256727e-05
26,53,322,181,-2.3852448066463694e-05
26,54,322,84,3.0247671020333655e-05
26,55,322,17,-0.0001230085181305185
26,56,322,11,-0.00017806114919949323
26,57,322,72,0.00013313590898178518
26,58,322,73,5.2981173212174326e-05
26,59,322,74,-8.232174150180072e-05
26,60,322,184,0.0001956678315764293
26,61,322,77,0.00018199475016444921
26,62,322,90,0.00011911453475477174
26,63,322,180,0.00014046630531083792
26,64,322,85,-0.000164863231475465
26,65,322,16,5.525923188542947e-05
26,66,322,12,0.0001810121611924842
26,67,322,38,-1.12051920950762e-05
26,68,322,41,-0.000276101753115654
26,69,322,42,-0.0002289680705871433
26,70,322,96,0.00012360187247395515
26,71,322,89,-0.0001536529161967337
26,72,322,179,0.00015205533418338746
26,73,322,86,-1.2959604646312073e-05
26,74,322,15,-2.431231587252114e-05
26,75,322,13,-1.842155324993655e-05
26,76,322,82,-8.29884666018188e-05
26,77,322,81,-0.00015261211956385523
26,78,322,80,5.4024717428546865e-06
26,79,322,191,0.019137682393193245
26,80,322,78,0.01856270246207714
26,81,322,95,-1.001499367703218e-05
26,82,322,88,6.907346232765121e-06
26,83,322,178,2.9768492822768167e-05
26,84,322,87,9.964210039470345e-05
26,85,322,14,-3.1118328479351476e-05
26,86,322,267,-2.865916394512169e-05
26,87,322,269,0.00017646694323047996
26,88,322,270,0.00041385312215425074
26,89,322,409,9.667854465078562e-05
26,90,322,291,-2.092778595397249e-05
26,91,322,375,0.00011363004887243733
26,92,322,321,-0.0008893157937563956
26,93,322,405,-0.0006937806610949337
26,94,322,314,-0.0001860908087110147
26,95,322,302,-3.656903572846204e-05
26,96,322,303,-0.0005196998245082796
26,97,322,304,0.0007277452968992293
26,98,322,408,0.00033840874675661325
26,99,322,307,-0.0010174837661907077
26,100,322,320,0.0005021926481276751
26,101,322,404,-0.0001074676911230199
26,102,322,315,-4.1465882532065734e-05
26,103,322,268,-0.0003000633150804788
26,104,322,271,-0.001038739224895835
26,105,322,272,6.21718427282758e-05
26,106,322,325,0.00040449987864121795
26,107,322,319,7.22434269846417e-05
26,108,322,403,-0.000769692356698215
26,109,322,316,-0.00025291292695328593
26,110,322,312,-8.436585630988702e-05
26,111,322,311,-0.00024086376652121544
26,112,322,310,0.00018870117492042482
26,113,322,415,0.0005251711118035018
26,114,322,308,0.0005272635025903583
26,115,322,324,0.0001230591005878523
26,116,322,318,-0.0001293804671149701
26,117,322,402,-0.0009265137487091124
26,118,322,317,-2.45346764131682e-05
27,28,410,287,-0.0005081449053250253
27,29,410,273,0.00040167217957787216
27,30,410,335,0.00030085750040598214
27,31,410,406,-0.00018804485443979502
27,32,410,313,0.0005361167713999748
27,33,410,421,0.00026688151410780847
27,34,410,418,0.00022764888126403093
27,35,410,424,0.00019918127509299666
27,36,410,422,-0.00024102545285131782
27,37,410,432,-2.213361040048767e-05
27,38,410,436,5.3960429795552045e-05
27,39,410,426,-0.0002887816808652133
27,40,410,423,-3.353152715135366e-05
27,41,410,427,-0.00013023251085542142
27,42,410,425,-6.392490831785835e-06
27,43,410,327,-0.00021104472398292273
27,44,410,326,-0.0002548800257500261
27,45,410,0,-0.0002647543733473867
27,46,410,37,-4.848673052038066e-05
27,47,410,39,-0.00010728283814387396
27,48,410,40,-7.3376671934966e-05
27,49,410,185,-0.000291891279630363
27,50,410,61,6.456075789174065e-05
27,51,410,146,-0.0001334773114649579
27,52,410,91,0.00011909683962585405
27,53,410,181,1.74508477357449e-05
27,54,410,84,0.0004232573846820742
27,55,410,17,2.2863870981382206e-05
27,56,410,11,-0.00022383907344192266
27,57,410,72,-6.829165067756549e-05
27,58,410,73,-5.569797576754354e-05
27,59,410,74,-6.8551803451555315e-06
27,60,410,184,-1.659077315707691e-05
27,61,410,77,-4.0202085074270144e-05
27,62,410,90,3.421119981794618e-05
27,63,410,180,-0.0003845728933811188
27,64,410,85,2.3474887711927295e-05
27,65,410,16,-0.00012257510388735682
27,66,410,12,-0.00040111015550792217
27,67,410,38,-5.513537325896323e-05
27,68,410,41,-8.786701801000163e-05
27,69,410,42,3.605050005717203e-05
27,70,410,96,-0.00015796835941728204
27,71,410,89,-3.716152787092142e-05
27,72,410,179,-0.00015732247265987098
27,73,410,86,9.608906839275733e-05
27,74,410,15,0.00017075624782592058
27,75,410,13,-0.0002025728754233569
27,76,410,82,-9.243761451216415e-05
27,77,410,81,-0.00027063576271757483
27,78,410,80,-7.802811887813732e-05
27,79,410,191,7.658645699848421e-06
27,80,410,78,7.801761967130005e-05
27,81,410,95,-5.4059099056757987e-05
27,82,410,88,-6.898409628774971e-05
27,83,410,178,-0.00024862843565642834
27,84,410,87,2.194595936089172e-06
27,85,410,14,8.827287092572078e-05
27,86,410,267,-0.00027660216437652707
27,87,410,269,2.781859802780673e-05
27,88,410,270,-0.0006546586519107223
27,89,410,409,0.00019465085642877966
27,90,410,291,0.0012389986077323556
27,91,410,375,5.143104317539837e-06
27,92,410,321,-0.0011703340569511056
27,93,410,405,0.0001289001666009426
27,94,410,314,2.6152702048420906e-05
27,95,410,302,-0.0012014894746243954
27,96,410,303,-0.0012083242181688547
27,97,410,304,-0.0005160054424777627
27,98,410,408,0.0005475202924571931
27,99,410,307,-0.0008176628616638482
27,100,410,320,-0.0004547063435893506
27,101,410,404,-0.0010170125169679523
27,102,410,315,0.00018425550661049783
27,103,410,268,-5.855545532540418e-05
27,104,410,271,-1.882992364699021e-05
27,105,410,272,-0.0004751531523652375
27,106,410,325,-0.0010539843933656812
27,107,410,319,-0.0001130563032347709
27,108,410,403,7.3898622758861165e-06
27,109,410,316,-9.058849536813796e-05
27,110,410,312,-0.00026314391288906336
27,111,410,311,9.293371840612963e-05
27,112,410,310,0.0003715319908224046
27,113,410,415,0.00045339393545873463
27,114,410,308,0.0005858657532371581
27,115,410,324,0.0005846181884407997
27,116,410,318,0.00036824081325903535
27,117,410,402,-0.0004916529287584126
27,118,410,317,-0.0008941051200963557
28,29,287,273,1.2330428035056684e-05
28,30,287,335,8.59528809087351e-05
28,31,287,406,9.511275857221335e-05
28,32,287,313,3.930055027012713e-05
28,33,287,421,0.00024486510665155947
28,34,287,418,0.0002229310921393335
28,35,287,424,6.046205453458242e-05
28,36,287,422,0.00017124300939030945
28,37,287,432,-4.112023816560395e-05
28,38,287,436,0.0002416885254206136
28,39,287,426,-0.00026400777278468013
28,40,287,423,-0.0006795230438001454
28,41,287,427,-0.0002806555130518973
28,42,287,425,-0.00017011683667078614
28,43,287,327,3.7523281207541004e-05
28,44,287,326,-3.374351217644289e-05
28,45,287,0,-0.0007163538248278201
28,46,287,37,-0.0002148324711015448
28,47,287,39,-0.00029245743644423783
28,48,287,40,-2.1945736079942435e-05
28,49,287,185,-0.00014379204367287457
28,50,287,61,-0.00012880226131528616
28,51,287,146,-0.00015524099580943584
28,52,287,91,-7.156487845350057e-05
28,53,287,181,-9.075856360141188e-05
28,54,287,84,0.000324574502883479
28,55,287,17,2.410864453850081e-06
28,56,287,11,-0.00047164526768028736
28,57,287,72,-0.00029049807926639915
28,58,287,73,-7.187634764704853e-05
28,59,287,74,-9.317868534708396e-05
28,60,287,184,-5.113179577165283e-05
28,61,287,77,-1.1431783605075907e-05
28,62,287,90,-2.346750807191711e-05
28,63,287,180,-0.00012847216567024589
28,64,287,85,0.00015303815598599613
28,65,287,16,0.0007509101997129619
28,66,287,12,-0.00018665519019123167
28,67,287,38,-0.00018547949730418622
28,68,287,41,5.2704162953887135e-06
28,69,287,42,-5.656253415509127e-05
28,70,287,96,-1.9021887055714615e-05
28,71,287,89,4.1953469917643815e-05
28,72,287,179,-6.282817776082084e-05
28,73,287,86,-0.0005755076417699456
28,74,287,15,-0.0005548824556171894
28,75,287,13,-0.0006040181615389884
28,76,287,82,7.617863957420923e-07
28,77,287,81,-0.0004050460993312299
28,78,287,80,7.986889727362723e-07
28,79,287,191,-3.739380554179661e-05
28,80,287,78,-7.923678640509024e-05
28,81,287,95,-5.503154170583002e-05
28,82,287,88,-0.00020413706079125404
28,83,287,178,-0.00019532717124093324
28,84,287,87,-1.5873267329880036e-05
28,85,287,14,-0.0002087533357553184
28,86,287,267,0.00021391568589024246
28,87,287,269,-4.1424613300478086e-05
28,88,287,270,-9.821186540648341e-05
28,89,287,409,5.397065979195759e-05
28,90,287,291,-0.00013946428953204304
28,91,287,375,-0.0008827114943414927
28,92,287,321,2.7064312234870158e-05
28,93,287,405,7.858416938688606e-05
28,94,287,314,0.00015411751519422978
28,95,287,302,0.00020243291510269046
28,96,287,303,-0.0004166003782302141
28,97,287,304,-0.0009352394845336676
28,98,287,408,0.00010210815526079386
28,99,287,307,-0.00015288367285393178
28,100,287,320,-0.001219279132783413
28,101,287,404,-0.0008744589285925031
28,102,287,315,-0.00025428508524782956
28,103,287,268,0.00021354483033064753
28,104,287,271,-0.0016742633888497949
28,105,287,272,-0.0010508240666240454
28,106,287,325,-0.0006543746567331254
28,107,287,319,-0.001130089396610856
28,108,287,403,0.00023774546571075916
28,109,287,316,-0.0007251877686940134
28,110,287,312,-0.00028654775815084577
28,111,287,311,-7.254960110003594e-06
28,112,287,310,2.4865434170351364e-05
28,113,287,415,0.00023692486865911633
28,114,287,308,-3.16446676151827e-05
28,115,287,324,-4.4325766793917865e-05
28,116,287,318,-0.0007271611830219626
28,117,287,402,-0.0002514442603569478
28,118,287,317,-0.00016480755584780127
29,30,273,335,7.338389696087688e-05
29,31,273,406,0.00013992238382343203
29,32,273,313,-0.0001699764106888324
29,33,273,421,-0.0001283507444895804
29,34,273,418,5.865146158612333e-05
29,35,273,424,0.0005922882701270282
29,36,273,422,-1.7128564650192857e-05
29,37,273,432,-0.00010291094076819718
29,38,273,436,0.0003206149849575013
29,39,273,426,-2.933341784228105e-05
29,40,273,423,0.00028945604572072625
29,41,273,427,5.868946755072102e-05
29,42,273,425,-0.00014798050688114017
29,43,273,327,0.0005246932269074023
29,44,273,326,-0.00013771012891083956
29,45,273,0,-5.4081116104498506e-05
29,46,273,37,-0.000111583256511949
29,47,273,39,-0.0002738678304012865
29,48,273,40,-5.1895505748689175e-05
29,49,273,185,-8.368822818738408e-06
29,50,273,61,-4.908791379421018e-05
29,51,273,146,-0.0003124648646917194
29,52,273,91,-1.3625724932353478e-05
29,53,273,181,0.00012002218863926828
29,54,273,84,-0.0001548798754811287
29,55,273,17,-0.00017015138291753829
29,56,273,11,-0.00017595459939911962
29,57,273,72,-0.00026372430147603154
29,58,273,73,-0.000378294731490314
29,59,273,74,4.977833305019885e-05
29,60,273,184,-0.00044253430678509176
29,61,273,77,-0.0004036145401187241
29,62,273,90,-0.00040392199298366904
29,63,273,180,-6.762709381291643e-05
29,64,273,85,6.002632653689943e-05
29,65,273,16,-0.00029967163573019207
29,66,273,12,-0.00014129515329841524
29,67,273,38,-5.092822902952321e-05
29,68,273,41,-8.204797632060945e-05
29,69,273,42,-0.0004754668043460697
29,70,273,96,3.172299329889938e-05
29,71,273,89,-0.00010873610153794289
29,72,273,179,0.00011644549522316083
29,73,273,86,0.0002886904403567314
29,74,273,15,-0.00042840311652980745
29,75,273,13,-0.0003176791069563478
29,76,273,82,-0.00015110474487300962
29,77,273,81,-0.0005459979875013232
29,78,273,80,-8.185759361367673e-05
29,79,273,191,-4.818537854589522e-05
29,80,273,78,-0.00017870451847556978
29,81,273,95,-1.6662517737131566e-05
29,82,273,88,-0.00020595159730874002
29,83,273,178,-9.385689918417484e-05
29,84,273,87,0.00015771857579238713
29,85,273,14,-0.00020705221686512232
29,86,273,267,-0.0003475635021459311
29,87,273,269,-0.00015350591274909675
29,88,273,270,-0.00022065173834562302
29,89,273,409,0.0003041482996195555
29,90,273,291,0.00022343237651512027
29,91,273,375,0.00017118861433118582
29,92,273,321,-0.00084021280054003
29,93,273,405,-1.2623336260730866e-05
29,94,273,314,-0.00012739651720039546
29,95,273,302,-0.00040817027911543846
29,96,273,303,0.00020659052825067192
29,97,273,304,-0.00021165324142202735
29,98,273,408,-1.0453275535837747e-05
29,99,273,307,0.00016832449182402343
29,100,273,320,-0.0012046165065839887
29,101,273,404,9.157777822110802e-05
29,102,273,315,-0.00015824030560906976
29,103,273,268,-0.0003367232857272029
29,104,273,271,-2.3810951461200602e-05
29,105,273,272,-0.0002201205352321267
29,106,273,325,-6.178530748002231e-05
29,107,273,319,-0.0009954277193173766
29,108,273,403,9.52692425926216e-05
29,109,273,316,-0.0002019024541368708
29,110,273,312,-0.00019449926912784576
29,111,273,311,-0.00021905647008679807
29,112,273,310,-0.00031151430448517203
29,113,273,415,0.00023859670909587294
29,114,273,308,-1.6998468709061854e-05
29,115,273,324,0.0002915003860834986
29,116,273,318,-0.00035467298584990203
29,117,273,402,0.0001843293575802818
29,118,273,317,0.00025520563940517604
30,31,335,406,0.00013195612700656056
30,32,335,313,-0.00019403321493882686
30,33,335,421,-7.97013271949254e-05
30,34,335,418,-0.00012254039756953716
30,35,335,424,-0.0002450864703860134
30,36,335,422,-0.0001558968360768631
30,37,335,432,0.0003975715080741793
30,38,335,436,0.0006070620729587972
30,39,335,426,0.00036707689287140965
30,40,335,423,-8.304336370201781e-05
30,41,335,427,-7.2319489845540375e-06
30,42,335,425,9.968699305318296e-05
30,43,335,327,0.0009806104935705662
30,44,335,326,-0.00022968988923821598
30,45,335,0,-0.00022080472263041884
30,46,335,37,-0.0003413637459743768
30,47,335,39,-0.0006977565353736281
30,48,335,40,9.461045556236058e-05
30,49,335,185,-0.0002740227500908077
30,50,335,61,-3.015577203768771e-05
30,51,335,146,-0.00027377065271139145
30,52,335,91,-0.00011718593304976821
30,53,335,181,-0.0003047341015189886
30,54,335,84,-9.225976828020066e-05
30,55,335,17,0.0002264985378133133
30,56,335,11,-0.00032792394631542265
30,57,335,72,-4.6216591726988554e-05
30,58,335,73,-0.0001754548866301775
30,59,335,74,0.00010208048479398713
30,60,335,184,-0.00020373960433062166
30,61,335,77,-0.0001967662974493578
30,62,335,90,-9.275766933569685e-05
30,63,335,180,-3.722118890436832e-06
30,64,335,85,4.1678034904180095e-05
30,65,335,16,-0.0002921562409028411
30,66,335,12,-0.00018139758321922272
30,67,335,38,-9.828115253185388e-06
30,68,335,41,-0.00022988286218605936
30,69,335,42,-0.00042687763925641775
30,70,335,96,-6.04293672950007e-05
30,71,335,89,3.6660745536210015e-05
30,72,335,179,-9.193755977321416e-05
30,73,335,86,-0.00013913337897974998
30,74,335,15,-2.6519621314946562e-05
30,75,335,13,-0.0001966101845027879
30,76,335,82,-0.00016354495892301202
30,77,335,81,-0.00019715890812221915
30,78,335,80,-4.7992645704653114e-05
30,79,335,191,-0.0003147010284010321
30,80,335,78,-2.9472790629370138e-05
30,81,335,95,-5.266098742140457e-05
30,82,335,88,-6.508047226816416e-05
30,83,335,178,-0.000314849428832531
30,84,335,87,-6.8413901317399e-05
30,85,335,14,-0.00023438187781721354
30,86,335,267,2.4130740712280385e-05
30,87,335,269,-0.00027205454534851015
30,88,335,270,-0.00012937583960592747
30,89,335,409,0.00011622549209278077
30,90,335,291,3.222903978894465e-05
30,91,335,375,-0.0001294053072342649
30,92,335,321,-0.0007514125318266451
30,93,335,405,-0.00033342980896122754
30,94,335,314,0.0005584347527474165
30,95,335,302,-0.00019372510723769665
30,96,335,303,-0.0005811223527416587
30,97,335,304,-9.174973820336163e-05
30,98,335,408,-6.286756251938641e-05
30,99,335,307,0.00010424487118143588
30,100,335,320,1.0073465091409162e-05
30,101,335,404,0.00012353081547189504
30,102,335,315,-0.00022524537052959204
30,103,335,268,-4.545049159787595e-05
30,104,335,271,-0.000410084001487121
30,105,335,272,-0.0003027244529221207
30,106,335,325,0.0001604857825441286
30,107,335,319,0.000328292662743479
30,108,335,403,0.00023081271501723677
30,109,335,316,0.00017424406541977078
30,110,335,312,-2.2918760805623606e-05
30,111,335,311,-0.00022075620654504746
30,112,335,310,-0.0005353792221285403
30,113,335,415,-0.0002819518849719316
30,114,335,308,-0.00010387856309534982
30,115,335,324,-0.00011477062071207911
30,116,335,318,0.00024272094015032053
30,117,335,402,-0.000879768340382725
30,118,335,317,0.00015711665037088096
31,32,406,313,0.00010791892418637872
31,33,406,421,-5.5340897233691067e-05
31,34,406,418,0.00017319344624411315
31,35,406,424,0.00018279714277014136
31,36,406,422,9.687402052804828e-05
31,37,406,432,-8.168383646989241e-05
31,38,406,436,4.4126572902314365e-05
31,39,406,426,9.146064257947728e-05
31,40,406,423,0.0005886497092433274
31,41,406,427,-4.4280659494688734e-05
31,42,406,425,0.00020801079517696053
31,43,406,327,-0.001962380949407816
31,44,406,326,8.11892532510683e-05
31,45,406,0,-0.0004628691531252116
31,46,406,37,-0.0002684791979845613
31,47,406,39,-0.0017251159297302365
31,48,406,40,-0.0020706714130938053
31,49,406,185,-0.0005564180901274085
31,50,406,61,-2.9595803425763734e-05
31,51,406,146,-0.00018432093202136457
31,52,406,91,8.370559226023033e-05
31,53,406,181,-5.577359115704894e-05
31,54,406,84,-0.00018823251593858004
31,55,406,17,0.00025357064441777766
31,56,406,11,-0.0003768487658817321
31,57,406,72,-0.0002161926677217707
31,58,406,73,-0.0010042829671874642
31,59,406,74,-0.0001936382905114442
31,60,406,184,-0.0001532940223114565
31,61,406,77,-0.00022215108037926257
31,62,406,90,4.144802733208053e-05
31,63,406,180,-0.00018606738012749702
31,64,406,85,-0.00014422947424463928
31,65,406,16,0.0003027132188435644
31,66,406,12,-0.00020961063273716718
31,67,406,38,-0.00043505686335265636
31,68,406,41,-0.0004541295347735286
31,69,406,42,-2.564808528404683e-05
31,70,406,96,-1.1323257922413177e-06
31,71,406,89,-0.00023035598860587925
31,72,406,179,1.583463563292753e-05
31,73,406,86,-4.137661107961321e-06
31,74,406,15,-0.00034672266338020563
31,75,406,13,-0.000536868057679385
31,76,406,82,-0.0004064574895892292
31,77,406,81,-4.326359703554772e-05
31,78,406,80,-8.391720621148124e-05
31,79,406,191,-1.8314267435926013e-05
31,80,406,78,-0.00013633802882395685
31,81,406,95,-1.5160153452598024e-05
31,82,406,88,-1.757349855324719e-05
31,83,406,178,5.782783046015538e-05
31,84,406,87,-0.00041092687752097845
31,85,406,14,3.961695620091632e-05
31,86,406,267,4.538667053566314e-05
31,87,406,269,0.0004432561981957406
31,88,406,270,0.00012570280523505062
31,89,406,409,-0.0007933088345453143
31,90,406,291,-7.483027002308518e-05
31,91,406,375,-1.8495533367968164e-05
31,92,406,321,-0.00027421038248576224
31,93,406,405,-0.00010578126966720447
31,94,406,314,0.00015688496932853013
31,95,406,302,-0.0005360447685234249
31,96,406,303,-6.692058377666399e-05
31,97,406,304,-0.00015721817908342928
31,98,406,408,0.00048313551815226674
31,99,406,307,0.0004656068922486156
31,100,406,320,1.3474576007865835e-05
31,101,406,404,9.904318721964955e-05
31,102,406,315,0.0003622652729973197
31,103,406,268,-0.00029176491079851985
31,104,406,271,-0.0006452591624110937
31,105,406,272,7.929793355287984e-05
31,106,406,325,-2.76340088021243e-05
31,107,406,319,-0.0008920435211621225
31,108,406,403,0.00014595741231460124
31,109,406,316,0.00015740038361400366
31,110,406,312,-0.00018208252731710672
31,111,406,311,-0.0002015415666392073
31,112,406,310,-1.704865826468449e-05
31,113,406,415,0.00020479006343521178
31,114,406,308,-8.494361100019887e-05
31,115,406,324,0.00028486637165769935
31,116,406,318,9.337310075352434e-06
31,117,406,402,-2.8894422939629294e-05
31,118,406,317,-0.00025820272276178
32,33,313,421,-0.00020095448417123407
32,34,313,418,-0.0001972416357602924
32,35,313,424,-0.000620383711066097
32,36,313,422,-0.00034313122159801424
32,37,313,432,-0.00047959599760361016
32,38,313,436,-0.0008983492152765393
32,39,313,426,4.504790922510438e-05
32,40,313,423,-0.00019027145754080266
32,41,313,427,-0.0004068596172146499
32,42,313,425,-0.00020802704966627061
32,43,313,327,0.0003119582834187895
32,44,313,326,-0.0007838028250262141
32,45,313,0,-0.00015276747581083328
32,46,313,37,-1.7362543076160364e-05
32,47,313,39,-0.00018543691840022802
32,48,313,40,-0.000392246525734663
32,49,313,185,-0.00046671938616782427
32,50,313,61,-0.0004219704132992774
32,51,313,146,3.491478491923772e-05
32,52,313,91,-0.00011616931442404166
32,53,313,181,-0.00030926414183340967
32,54,313,84,-0.00019053024880122393
32,55,313,17,0.0003733991179615259
32,56,313,11,-0.000830397242680192
32,57,313,72,-0.00013909066910855472
32,58,313,73,-0.00010368429502705112
32,59,313,74,-0.000496208609547466
32,60,313,184,-0.0001822886406444013
32,61,313,77,-1.296071150136413e-05
32,62,313,90,0.00020321067131590098
32,63,313,180,-0.00027653833967633545
32,64,313,85,-0.00016339200374204665
32,65,313,16,0.000297912978567183
32,66,313,12,-3.282685065641999e-05
32,67,313,38,-0.0002208924270235002
32,68,313,41,-0.00015075414557941258
32,69,313,42,1.7847694834927097e-05
32,70,313,96,6.19390993961133e-05
32,71,313,89,-0.0003401645226404071
32,72,313,179,-0.00011604255996644497
32,73,313,86,-0.0004427398962434381
32,74,313,15,-0.0001804446364985779
32,75,313,13,-0.0006879416760057211
32,76,313,82,-9.34425406740047e-05
32,77,313,81,-3.4850228985305876e-05
32,78,313,80,7.24741694284603e-05
32,79,313,191,-0.00010981839295709506
32,80,313,78,-3.498398291412741e-05
32,81,313,95,0.00020875193877145648
32,82,313,88,1.3799847238260554e-06
32,83,313,178,4.115571573493071e-05
32,84,313,87,-0.0003031258238479495
32,85,313,14,-0.00024071820371318609
32,86,313,267,-0.000745945842936635
32,87,313,269,0.0006743884878233075
32,88,313,270,-0.00030183259514160454
32,89,313,409,-0.00033249944681301713
32,90,313,291,-7.742817251710221e-05
32,91,313,375,-1.5739931768621318e-05
32,92,313,321,-0.0002764584787655622
32,93,313,405,-0.0003293468907941133
32,94,313,314,-0.0005040588439442217
32,95,313,302,-0.00034117751056328416
32,96,313,303,-0.00024111151287797838
32,97,313,304,-5.020585740567185e-05
32,98,313,408,0.00032450331491418183
32,99,313,307,0.0004913096781820059
32,100,313,320,-8.831166633171961e-05
32,101,313,404,5.598654752247967e-06
32,102,313,315,-0.0007983120158314705
32,103,313,268,-0.000771706341765821
32,104,313,271,9.858142584562302e-05
32,105,313,272,0.0003225349064450711
32,106,313,325,-7.84407075116178e-06
32,107,313,319,-6.833799125161022e-05
32,108,313,403,7.244717380672228e-06
32,109,313,316,0.0001437494793208316
32,110,313,312,-0.00046489082160405815
32,111,313,311,0.0001658589899307117
32,112,313,310,0.0009233260061591864
32,113,313,415,0.0007024652441032231
32,114,313,308,0.0005054532666690648
32,115,313,324,0.0007593936752527952
32,116,313,318,0.00019439030438661575
32,117,313,402,0.0002749086997937411
32,118,313,317,-0.0006062564207240939
33,34,421,418,0.0002133404341293499
33,35,421,424,0.0003693452454172075
33,36,421,422,-0.00016476860037073493
33,37,421,432,0.0001064526368281804
33,38,421,436,0.0001210553600685671
33,39,421,426,0.00015168804384302348
33,40,421,423,4.921952131553553e-05
33,41,421,427,0.00015383992285933346
33,42,421,425,-9.508847870165482e-05
33,43,421,327,-0.0004258131084498018
33,44,421,326,-0.0005641718162223697
33,45,421,0,-0.0006556733860634267
33,46,421,37,-4.951856317347847e-05
33,47,421,39,-0.0003259074001107365
33,48,421,40,-6.781065167160705e-05
33,49,421,185,2.4998560547828674e-05
33,50,421,61,-0.00015481869922950864
33,51,421,146,-8.031724428292364e-05
33,52,421,91,-0.00030236796010285616
33,53,421,181,-0.0003733047051355243
33,54,421,84,-4.135290873819031e-05
33,55,421,17,-0.0001225496962433681
33,56,421,11,-0.0008380364743061364
33,57,421,72,-0.0002669017994776368
33,58,421,73,1.111058190872427e-05
33,59,421,74,5.50806225874112e-06
33,60,421,184,-0.0003636283508967608
33,61,421,77,-7.860121695557609e-05
33,62,421,90,-0.0001639770925976336
33,63,421,180,-6.795552326366305e-05
33,64,421,85,0.0001405797083862126
33,65,421,16,0.00024857677635736763
33,66,421,12,0.000316806195769459
33,67,421,38,-0.00019305139721836895
33,68,421,41,-0.0005975972162559628
33,69,421,42,0.00010067904077004641
33,70,421,96,-0.00017006185953505337
33,71,421,89,-7.504654058720917e-05
33,72,421,179,-0.0029116894584149122
33,73,421,86,-0.00012403207074385136
33,74,421,15,-1.8495524273021147e-05
33,75,421,13,0.00012752598559018224
33,76,421,82,-2.7660729756462388e-05
33,77,421,81,-0.000705771439243108
33,78,421,80,-0.0001698479609331116
33,79,421,191,0.00013446868979372084
33,80,421,78,-0.0001697944971965626
33,81,421,95,-0.0002604380715638399
33,82,421,88,-0.0008678523590788245
33,83,421,178,-0.00022276307572610676
33,84,421,87,-0.00011678293230943382
33,85,421,14,0.00026778769097290933
33,86,421,267,-0.00015035636897664517
33,87,421,269,0.0005033951601944864
33,88,421,270,-0.00025731930509209633
33,89,421,409,0.00020606719772331417
33,90,421,291,4.966683991369791e-05
33,91,421,375,-0.0002123361045960337
33,92,421,321,-5.425821655080654e-06
33,93,421,405,-0.0007015920709818602
33,94,421,314,-0.001140947686508298
33,95,421,302,0.00027396780205890536
33,96,421,303,-6.132785347290337e-05
33,97,421,304,-0.00025966623798012733
33,98,421,408,0.00023165806487668306
33,99,421,307,3.741306500160135e-05
33,100,421,320,1.5102355064300355e-05
33,101,421,404,-0.0009647058905102313
33,102,421,315,-0.0011412331368774176
33,103,421,268,-0.00017767109966371208
33,104,421,271,0.00012671787408180535
33,105,421,272,3.114383071078919e-05
33,106,421,325,-0.0003351615450810641
33,107,421,319,0.000261627632426098
33,108,421,403,-0.00042069199844263494
33,109,421,316,-0.00019283905567135662
33,110,421,312,-0.0004843166971113533
33,111,421,311,0.00046477123396471143
33,112,421,310,0.0005554717499762774
33,113,421,415,2.4085120458039455e-05
33,114,421,308,8.542013347323518e-06
33,115,421,324,5.2130373660475016e-05
33,116,421,318,0.0003718569059856236
33,117,421,402,0.00018878665287047625
33,118,421,317,-0.0012337994994595647
34,35,418,424,-0.0012110571842640638
34,36,418,422,-0.0005514923832379282
34,37,418,432,-7.258872938109562e-05
34,38,418,436,-0.0009074669796973467
34,39,418,426,0.0004375142161734402
34,40,418,423,0.0008869493613019586
34,41,418,427,0.00023008127755019814
34,42,418,425,0.0004567133728414774
34,43,418,327,-0.0004822488990612328
34,44,418,326,-0.0004864753282163292
34,45,418,0,-4.68115285912063e-05
34,46,418,37,-5.6043369113467634e-05
34,47,418,39,-5.497626625583507e-05
34,48,418,40,-0.0003449585638009012
34,49,418,185,-0.00011812773300334811
34,50,418,61,-0.00013719929847866297
34,51,418,146,-8.238478039857e-05
34,52,418,91,-8.011247700778767e-05
34,53,418,181,-0.0004024463414680213
34,54,418,84,0.00045211901306174695
34,55,418,17,-1.0790556189022027e-05
34,56,418,11,0.00015288626309484243
34,57,418,72,-0.0001623170537641272
34,58,418,73,-5.8691097365226597e-05
34,59,418,74,-9.956058784155175e-05
34,60,418,184,-0.00013787311036139727
34,61,418,77,-4.2282470531063154e-05
34,62,418,90,-0.0001412112032994628
34,63,418,180,-0.0002845737326424569
34,64,418,85,0.0003406885080039501
34,65,418,16,0.0005178031860850751
34,66,418,12,-0.0002603466564323753
34,67,418,38,-0.00044612630154006183
34,68,418,41,-5.12129872731748e-06
34,69,418,42,-0.00015309511218219995
34,70,418,96,-0.00010972771269734949
34,71,418,89,-0.00026068120496347547
34,72,418,179,0.00019938942568842322
34,73,418,86,-2.6298837383365026e-06
34,74,418,15,0.000211357168154791
34,75,418,13,-0.00047185737639665604
34,76,418,82,-0.00021353879128582776
34,77,418,81,-0.0004814919375348836
34,78,418,80,-0.00019069010159000754
34,79,418,191,-0.0004382966726552695
34,80,418,78,3.67682077921927e-05
34,81,418,95,-9.155797306448221e-05
34,82,418,88,-0.00025719168479554355
34,83,418,178,-6.773010682081804e-05
34,84,418,87,-1.928645360749215e-05
34,85,418,14,0.00011770315177273005
34,86,418,267,6.509292143164203e-05
34,87,418,269,0.0004151239700149745
34,88,418,270,7.812443800503388e-05
34,89,418,409,0.00018424341396894306
34,90,418,291,0.00025886556250043213
34,91,418,375,-6.739590753568336e-05
34,92,418,321,-0.001042032497934997
34,93,418,405,-3.0947467166697606e-05
34,94,418,314,-0.0007605993887409568
34,95,418,302,-3.701825698954053e-05
34,96,418,303,-0.00022357396665029228
34,97,418,304,-0.00038304176996462047
34,98,418,408,0.0001442790380679071
34,99,418,307,7.437241583829746e-05
34,100,418,320,-0.0009594628354534507
34,101,418,404,-0.0020412225276231766
34,102,418,315,-0.0003096794243901968
34,103,418,268,-0.0002899044775404036
34,104,418,271,0.0002360197395319119
34,105,418,272,0.00018984526104759425
34,106,418,325,0.0002471258630976081
34,107,418,319,-0.0002515444066375494
34,108,418,403,-0.00128467776812613
34,109,418,316,6.596825551241636e-05
34,110,418,312,-0.0005780067876912653
34,111,418,311,5.1591938245110214e-05
34,112,418,310,0.00033306353725492954
34,113,418,415,-0.00016637268709018826
34,114,418,308,0.00011186199844814837
34,115,418,324,2.1514879335882142e-05
34,116,418,318,-7.366530189756304e-05
34,117,418,402,-0.001676105661317706
34,118,418,317,-0.0004491441941354424
35,36,424,422,0.0003336966910865158
35,37,424,432,0.0002966778411064297
35,38,424,436,0.00014213203394319862
35,39,424,426,0.00041938983486033976
35,40,424,423,-0.0007648941827937961
35,41,424,427,-5.9945541579509154e-05
35,42,424,425,-0.00010375050624134019
35,43,424,327,5.233920819591731e-05
35,44,424,326,1.7271713659283705e-05
35,45,424,0,-9.025303006637841e-05
35,46,424,37,-0.00041991344187408686
35,47,424,39,-5.678941306541674e-05
35,48,424,40,-0.000159231829456985
35,49,424,185,-0.0003487338835839182
35,50,424,61,4.619855462806299e-05
35,51,424,146,-0.00018478052516002208
35,52,424,91,-7.812741387169808e-05
35,53,424,181,-0.00018602641648612916
35,54,424,84,0.00019084557425230742
35,55,424,17,0.0005882060504518449
35,56,424,11,-0.000269245239906013
35,57,424,72,-0.00019565544789656997
35,58,424,73,-6.377424870152026e-05
35,59,424,74,1.9284234440419823e-05
35,60,424,184,-4.2340925574535504e-05
35,61,424,77,-0.00013797396968584508
35,62,424,90,-0.0001350603997707367
35,63,424,180,0.00023651505762245506
35,64,424,85,0.00031957493047229946
35,65,424,16,-2.9945731512270868e-05
35,66,424,12,-0.00033378059742972255
35,67,424,38,-0.0005835508927702904
35,68,424,41,-0.0001467464753659442
35,69,424,42,-0.0002948109176941216
35,70,424,96,9.25969798117876e-05
35,71,424,89,-0.00010900156485149637
35,72,424,179,-0.0004427317180670798
35,73,424,86,7.982343959156424e-05
35,74,424,15,0.0002771230065263808
35,75,424,13,-0.0003047762729693204
35,76,424,82,-0.0002129139902535826
35,77,424,81,-0.00017140439013019204
35,78,424,80,-0.00020124754519201815
35,79,424,191,-0.00020426239643711597
35,80,424,78,1.7050087990355678e-05
35,81,424,95,-6.0392248997231945e-05
35,82,424,88,-3.4975808375747874e-05
35,83,424,178,-0.00014761574857402593
35,84,424,87,-0.00010149973968509585
35,85,424,14,0.0001544751867186278
35,86,424,267,-0.00020149788178969175
35,87,424,269,0.0002762119402177632
35,88,424,270,-0.00026118301320821047
35,89,424,409,0.00018993471167050302
35,90,424,291,0.00015904703468549997
35,91,424,375,-0.00027917238185182214
35,92,424,321,-0.0005203517503105104
35,93,424,405,-0.0010598093504086137
35,94,424,314,2.6953333872370422e-05
35,95,424,302,4.775556953973137e-05
35,96,424,303,7.322998135350645e-05
35,97,424,304,0.0001252933288924396
35,98,424,408,-1.074970350600779e-05
35,99,424,307,0.00018080380687024444
35,100,424,320,-0.0007595631177537143
35,101,424,404,-0.0006831804639659822
35,102,424,315,-6.41037622699514e-05
35,103,424,268,-9.222227527061477e-05
35,104,424,271,-0.0006335629150271416
35,105,424,272,9.482748282607645e-05
35,106,424,325,-5.68714222026756e-06
35,107,424,319,-0.0001143595582107082
35,108,424,403,-0.0019507252145558596
35,109,424,316,0.00013247269089333713
35,110,424,312,-4.226450982969254e-05
35,111,424,311,9.428718476556242e-05
35,112,424,310,0.0006028116913512349
35,113,424,415,0.0001603908749530092
35,114,424,308,-0.00015224074013531208
35,115,424,324,-4.208334758004639e-06
35,116,424,318,-0.00029171063215471804
35,117,424,402,-0.0017019029473885894
35,118,424,317,-0.0004118921351619065
36,37,422,432,0.0002787667035590857
36,38,422,436,7.05046477378346e-05
36,39,422,426,6.147861131466925e-05
36,40,422,423,-0.00018426976748742163
36,41,422,427,-2.518624569347594e-05
36,42,422,425,1.7433423636248335e-05
36,43,422,327,1.3728315934713464e-05
36,44,422,326,-0.00011180248839082196
36,45,422,0,-0.0002186913916375488
36,46,422,37,-0.00042388573638163507
36,47,422,39,-0.00022322377481032163
36,48,422,40,9.497056453255937e-05
36,49,422,185,-0.0001666522293817252
36,50,422,61,-0.00015698230708949268
36,51,422,146,-9.926434722729027e-05
36,52,422,91,-6.70593508402817e-05
36,53,422,181,-2.0514989955700003e-05
36,54,422,84,0.00022364156029652804
36,55,422,17,-0.0003757471276912838
36,56,422,11,-0.0004505290708038956
36,57,422,72,0.00012664626410696656
36,58,422,73,-4.250373240211047e-05
36,59,422,74,2.704976941458881e-05
36,60,422,184,-0.00017083009879570454
36,61,422,77,5.609845175058581e-05
36,62,422,90,1.0236777598038316e-05
36,63,422,180,0.0002284576912643388
36,64,422,85,0.0003167233371641487
36,65,422,16,0.0013668581377714872
36,66,422,12,-0.0006040283478796482
36,67,422,38,-7.502415974158794e-05
36,68,422,41,-0.0002942242717836052
36,69,422,42,-0.0007707804907113314
36,70,422,96,-9.91656634141691e-05
36,71,422,89,-3.5970711905974895e-05
36,72,422,179,0.00022019063180778176
36,73,422,86,0.00015189968689810485
36,74,422,15,-0.0008767341496422887
36,75,422,13,-0.00039520638529211283
36,76,422,82,-0.0003537165466696024
36,77,422,81,-0.0006996166775934398
36,78,422,80,-8.12321959529072e-05
36,79,422,191,-0.0002305355592397973
36,80,422,78,-9.157275053439662e-05
36,81,422,95,-3.3438012906117365e-05
36,82,422,88,3.6723591620102525e-05
36,83,422,178,0.00020364437659736723
36,84,422,87,-0.00023030556621961296
36,85,422,14,-0.00030111506930552423
36,86,422,267,-0.00010036910680355504
36,87,422,269,0.0003152524877805263
36,88,422,270,0.0004599042295012623
36,89,422,409,0.00019171135500073433
36,90,422,291,0.0002098968980135396
36,91,422,375,0.00016253755893558264
36,92,422,321,-0.0005288473330438137
36,93,422,405,-0.0010696465615183115
36,94,422,314,0.00029178860131651163
36,95,422,302,0.0002047323650913313
36,96,422,303,3.8057914935052395e-05
36,97,422,304,-0.0005687534576281905
36,98,422,408,-9.988463716581464e-05
36,99,422,307,-2.9782000638078898e-05
36,100,422,320,9.692875028122216e-05
36,101,422,404,-0.0020594836678355932
36,102,422,315,-9.70554247032851e-05
36,103,422,268,0.00016728170157875866
36,104,422,271,6.538432018032836e-08
36,105,422,272,-0.0006106938817538321
36,106,422,325,6.581220077350736e-05
36,107,422,319,-1.112179052142892e-05
36,108,422,403,-0.0013519637286663055
36,109,422,316,3.2850064599188045e-05
36,110,422,312,-0.00025762966834008694
36,111,422,311,-0.0003746069560293108
36,112,422,310,0.00043267346336506307
36,113,422,415,-3.133447535219602e-05
36,114,422,308,9.842733561526984e-05
36,115,422,324,3.7371955841081217e-06
36,116,422,318,-0.0009615314775146544
36,117,422,402,-0.0016728905029594898
36,118,422,317,-0.0011473719496279955
37,38,432,436,-0.00032743485644459724
37,39,432,426,-0.00028302372083999217
37,40,432,423,-0.00013776993728242815
37,41,432,427,0.0001087518539861776
37,42,432,425,-7.85912707215175e-05
37,43,432,327,-6.031526208971627e-05
37,44,432,326,-0.00015863421140238643
37,45,432,0,-0.0007653775392100215
37,46,432,37,-0.0006416219985112548
37,47,432,39,0.0001388638193020597
37,48,432,40,-0.00039244029903784394
37,49,432,185,-0.0002334744785912335
37,50,432,61,-6.425544415833429e-05
37,51,432,146,-4.55977424280718e-05
37,52,432,91,-6.307473813649267e-05
37,53,432,181,1.5201921996776946e-05
37,54,432,84,-0.00015566534420941025
37,55,432,17,0.00017084123101085424
37,56,432,11,-0.00024103598843794316
37,57,432,72,-6.907265924382955e-05
37,58,432,73,7.576893403893337e-05
37,59,432,74,7.758564606774598e-05
37,60,432,184,-5.8752168115461245e-05
37,61,432,77,4.0770781197352335e-05
37,62,432,90,-2.5611592718632892e-05
37,63,432,180,-0.0010735312243923545
37,64,432,85,0.00020139306434430182
37,65,432,16,-0.00012517765571828932
37,66,432,12,-0.00038814960862509906
37,67,432,38,-0.0003831252979580313
37,68,432,41,-0.00011915880895685405
37,69,432,42,5.063646676717326e-05
37,70,432,96,-0.00041757625876925886
37,71,432,89,-0.00018846405146177858
37,72,432,179,-5.020650496589951e-05
37,73,432,86,0.0001514410541858524
37,74,432,15,-0.00026162643916904926
37,75,432,13,-4.276597610441968e-05
37,76,432,82,-4.804584023077041e-05
37,77,432,81,-0.0006849639466963708
37,78,432,80,-0.0006561771733686328
37,79,432,191,-9.473331010667607e-05
37,80,432,78,1.1606948646658566e-05
37,81,432,95,7.440269837388769e-05
37,82,432,88,-0.0006484964396804571
37,83,432,178,-0.00035657675471156836
37,84,432,87,-0.00020678582950495183
37,85,432,14,-0.00018495891708880663
37,86,432,267,0.00021682864462491125
37,87,432,269,-0.00016394843987654895
37,88,432,270,-0.0002282077621202916
37,89,432,409,-7.306181942112744e-05
37,90,432,291,1.7114569345721975e-05
37,91,432,375,-5.5022144806571305e-05
37,92,432,321,-0.000965011480730027
37,93,432,405,-0.0012715936172753572
37,94,432,314,0.00031716309604234993
37,95,432,302,0.00022301170974969864
37,96,432,303,-0.0008639445877633989
37,97,432,304,0.0001422170753357932
37,98,432,408,-0.0001881341595435515
37,99,432,307,-0.001299808849580586
37,100,432,320,-0.00048093864461407065
37,101,432,404,-0.0036854033824056387
37,102,432,315,0.0001183842250611633
37,103,432,268,-0.0001433612051187083
37,104,432,271,-0.001984749687835574
37,105,432,272,0.00014793159789405763
37,106,432,325,6.753560592187569e-05
37,107,432,319,-0.0011285650543868542
37,108,432,403,-0.0027406061999499798
37,109,432,316,-0.00013939426571596414
37,110,432,312,5.0103240937460214e-05
37,111,432,311,-0.0013146473793312907
37,112,432,310,9.91903871181421e-05
37,113,432,415,0.00022472493583336473
37,114,432,308,-0.00023199267161544412
37,115,432,324,6.093239062465727e-05
37,116,432,318,-0.0011930451728403568
37,117,432,402,-0.0011700495379045606
37,118,432,317,9.137941378867254e-05
38,39,436,426,0.0001627952151466161
38,40,436,423,-0.00015012365474831313
38,41,436,427,-0.00042016542283818126
38,42,436,425,-0.0008785128593444824
38,43,436,327,7.942517549963668e-05
38,44,436,326,-0.00038824655348435044
38,45,436,0,-0.0002806934935506433
38,46,436,37,2.5692019335110672e-05
38,47,436,39,1.548740874568466e-05
38,48,436,40,-6.239470530999824e-05
38,49,436,185,0.00010670859046513215
38,50,436,61,0.00011278271995251998
38,51,436,146,-5.468084054882638e-05
38,52,436,91,0.00016649701865389943
38,53,436,181,-0.0003524701460264623
38,54,436,84,0.00016780472651589662
38,55,436,17,-0.00011073353380197659
38,56,436,11,2.9131792871339712e-06
38,57,436,72,-0.00010157991346204653
38,58,436,73,3.952441693400033e-05
38,59,436,74,-5.067519668955356e-05
38,60,436,184,-1.0682385436666664e-05
38,61,436,77,-2.1890111383982003e-05
38,62,436,90,-3.036572707060259e-05
38,63,436,180,-0.000658628938253969
38,64,436,85,2.218311965407338e-05
38,65,436,16,-0.00011332566646160558
38,66,436,12,-0.00046521570766344666
38,67,436,38,1.0406429282738827e-05
38,68,436,41,-0.00012977207370568067
38,69,436,42,-2.2740605345461518e-05
38,70,436,96,-0.0001171724870800972
38,71,436,89,-0.0005801647785119712
38,72,436,179,5.2862138545606285e-05
38,73,436,86,-6.540193862747401e-05
38,74,436,15,-0.0001783187035471201
38,75,436,13,-8.80577317730058e-06
38,76,436,82,-0.00012766696454491466
38,77,436,81,0.00015487635391764343
38,78,436,80,-0.00038664552266709507
38,79,436,191,0.0001750836818246171
38,80,436,78,-0.0001228761684615165
38,81,436,95,-8.369114948436618e-05
38,82,436,88,-0.0008666388457641006
38,83,436,178,0.00011070057371398434
38,84,436,87,0.00011171807273058221
38,85,436,14,-0.00012962057371623814
38,86,436,267,-0.0005920702824369073
38,87,436,269,5.683122253685724e-06
38,88,436,270,-1.2657835213758517e-05
38,89,436,409,0.00011244593770243227
38,90,436,291,0.0009404185111634433
38,91,436,375,0.0004347246140241623
38,92,436,321,-0.0015169986290857196
38,93,436,405,-0.0010941404616460204
38,94,436,314,-0.0017320724437013268
38,95,436,302,-0.0009014173992909491
38,96,436,303,-8.460941899102181e-05
38,97,436,304,-9.922380559146404e-05
38,98,436,408,0.0003693602920975536
38,99,436,307,-0.00025672774063423276
38,100,436,320,-0.0007457789033651352
38,101,436,404,-0.0031458265148103237
38,102,436,315,-0.0007149951416067779
38,103,436,268,-0.0004769280203618109
38,104,436,271,-0.0016028714599087834
38,105,436,272,-0.0003213621967006475
38,106,436,325,0.00021246419055387378
38,107,436,319,0.00018759169324766845
38,108,436,403,-0.0015643618535250425
38,109,436,316,-0.001585629303008318
38,110,436,312,-0.0006526974029839039
38,111,436,311,-0.0011761249043047428
38,112,436,310,0.0002845381968654692
38,113,436,415,0.0004601952387019992
38,114,436,308,0.0008721851627342403
38,115,436,324,0.00029143152642063797
38,116,436,318,0.00015017965051811188
38,117,436,402,-0.0014771904097869992
38,118,436,317,-0.00044405891094356775
39,40,426,423,-0.0005010306485928595
39,41,426,427,2.3295664504985325e-05
39,42,426,425,-0.00022505449305754155
39,43,426,327,0.0005891955806873739
39,44,426,326,-0.00013698457041755319
39,45,426,0,-5.686726944986731e-05
39,46,426,37,-0.00012634674203582108
39,47,426,39,9.58899618126452e-05
39,48,426,40,0.0001485260872868821
39,49,426,185,-4.667812027037144e-05
39,50,426,61,-7.137506327126175e-05
39,51,426,146,-9.367802704218775e-05
39,52,426,91,0.00012076520943082869
39,53,426,181,2.243490143882809e-06
39,54,426,84,5.9809302911162376e-05
39,55,426,17,-3.204645690857433e-05
39,56,426,11,-0.00011008124420186505
39,57,426,72,-2.5126269065367524e-07
39,58,426,73,0.00013597772340290248
39,59,426,74,-0.00010766361083369702
39,60,426,184,1.5343654013122432e-05
39,61,426,77,1.097469066735357e-05
39,62,426,90,0.0003222012601327151
39,63,426,180,9.104252967517823e-05
39,64,426,85,0.00011289196118013933
39,65,426,16,-0.0004966043052263558
39,66,426,12,-0.0003138307074550539
39,67,426,38,-0.00013745747855864465
39,68,426,41,0.00019596549100242555
39,69,426,42,0.00013492594007402658
39,70,426,96,-6.513031257782131e-05
39,71,426,89,-0.00010829378152266145
39,72,426,179,0.00016092832083813846
39,73,426,86,0.0003264666593167931
39,74,426,15,-0.000827606359962374
39,75,426,13,-0.00029674891266040504
39,76,426,82,-0.0001728756760712713
39,77,426,81,-0.0001483256055507809
39,78,426,80,5.668293306371197e-05
39,79,426,191,0.0014287919038906693
39,80,426,78,0.0001821228943299502
39,81,426,95,0.0001835051371017471
39,82,426,88,0.00026708468794822693
39,83,426,178,0.0001338479050900787
39,84,426,87,0.00018874171655625105
39,85,426,14,-0.0004813979903701693
39,86,426,267,-0.0008661188767291605
39,87,426,269,-0.0006173638976179063
39,88,426,270,0.0005797057528980076
39,89,426,409,0.0007293566013686359
39,90,426,291,0.0011234882986173034
39,91,426,375,0.0008317116880789399
39,92,426,321,0.0006769708706997335
39,93,426,405,-6.157745519885793e-05
39,94,426,314,-0.001115263206884265
39,95,426,302,-0.000896618003025651
39,96,426,303,0.00010695949458749965
39,97,426,304,0.0002336356701562181
39,98,426,408,0.00043957578600384295
39,99,426,307,0.0002707893727347255
39,100,426,320,0.0009614462614990771
39,101,426,404,0.000212464714422822
39,102,426,315,-0.0012456830590963364
39,103,426,268,-0.0010124449618160725
39,104,426,271,-0.0008231020183302462
39,105,426,272,0.0003020972362719476
39,106,426,325,-0.0006217871559783816
39,107,426,319,-0.0005800995277240872
39,108,426,403,0.00037920489558018744
39,109,426,316,-0.0020648990757763386
39,110,426,312,-0.001847444218583405
39,111,426,311,-0.0005590564687736332
39,112,426,310,0.0002520614070817828
39,113,426,415,0.00020049585145898163
39,114,426,308,0.00031922644120641053
39,115,426,324,-0.00029633785015903413
39,116,426,318,-0.0001335909473709762
39,117,426,402,-0.00028240910614840686
39,118,426,317,-1.3997601854498498e-05
40,41,423,427,-0.00010148775618290529
40,42,423,425,5.0525995902717113e-05
40,43,423,327,2.8934160582139157e-05
40,44,423,326,-0.00018147213268093765
40,45,423,0,-3.270894012530334e-05
40,46,423,37,-0.0001607733720447868
40,47,423,39,1.2996894838579465e-05
40,48,423,40,-0.00014994869707152247
40,49,423,185,3.916139030479826e-05
40,50,423,61,-0.0004675060336012393
40,51,423,146,0.00030557348509319127
40,52,423,91,0.00016733759548515081
40,53,423,181,0.00031890618265606463
40,54,423,84,1.4975789781601634e-05
40,55,423,17,0.0005859274533577263
40,56,423,11,-0.00047366489889100194
40,57,423,72,0.0001484371314290911
40,58,423,73,-1.924153730215039e-05
40,59,423,74,-4.949230424244888e-05
40,60,423,184,-0.00018337814253754914
40,61,423,77,-0.00010815857240231708
40,62,423,90,0.00032466111588291824
40,63,423,180,8.554147643735632e-05
40,64,423,85,-0.0004123066901229322
40,65,423,16,1.49136494655977e-05
40,66,423,12,-0.00035130896139889956
40,67,423,38,6.0607068007811904e-05
40,68,423,41,-0.00012373796198517084
40,69,423,42,0.00021997322619426996
40,70,423,96,0.00025227409787476063
40,71,423,89,0.0003312023472972214
40,72,423,179,0.00029201433062553406
40,73,423,86,-0.00017299118917435408
40,74,423,15,-0.0003405457828193903
40,75,423,13,-0.0003004812460858375
40,76,423,82,-0.0003176910395268351
40,77,423,81,0.00031254280474968255
40,78,423,80,-0.0002758788177743554
40,79,423,191,-0.0006030094809830189
40,80,423,78,-0.0001175521538243629
40,81,423,95,0.00024539060541428626
40,82,423,88,0.0002949063782580197
40,83,423,178,-0.0003031291998922825
40,84,423,87,0.00012867276382166892
40,85,423,14,-0.000656779739074409
40,86,423,267,-0.0013110794825479388
40,87,423,269,0.00045681794290430844
40,88,423,270,-4.09030108130537e-05
40,89,423,409,-0.0002065642474917695
40,90,423,291,8.788066770648584e-05
40,91,423,375,-0.0002015035570366308
40,92,423,321,-0.0018206901149824262
40,93,423,405,0.0004794315609615296
40,94,423,314,-0.00035243932507000864
40,95,423,302,-0.0015677711926400661
40,96,423,303,0.00028690326143987477
40,97,423,304,0.0004265753668732941
40,98,423,408,0.00011710377293638885
40,99,423,307,-8.746956154936925e-05
40,100,423,320,-0.0012857213150709867
40,101,423,404,-0.0009287060820497572
40,102,423,315,-0.001176072983071208
40,103,423,268,-0.0014428204158321023
40,104,423,271,0.00019737594993785024
40,105,423,272,-3.873425521305762e-05
40,106,423,325,-0.0012643267400562763
40,107,423,319,-0.001966228010132909
40,108,423,403,-0.0004947783891111612
40,109,423,316,-0.0014182376908138394
40,110,423,312,-0.0016772295348346233
40,111,423,311,3.764984512599767e-06
40,112,423,310,-0.0004782525938935578
40,113,423,415,0.0002067304594675079
40,114,423,308,-0.0001810023095458746
40,115,423,324,-0.00013320904690772295
40,116,423,318,-0.0007310081855393946
40,117,423,402,-0.00034098801552318037
40,118,423,317,-0.001572336652316153
41,42,427,425,3.42640996677801e-05
41,43,427,327,-6.981348997214809e-05
41,44,427,326,0.00010911651770584285
41,45,427,0,-0.00012601759226527065
41,46,427,37,-0.00032966554863378406
41,47,427,39,0.00011773993901442736
41,48,427,40,-3.975766958319582e-05
41,49,427,185,5.088080433779396e-05
41,50,427,61,-0.00013434726861305535
41,51,427,146,-0.0007475376478396356
41,52,427,91,-0.00026467646239325404
41,53,427,181,-0.0005978943081572652
41,54,427,84,-0.00018195061420556158
41,55,427,17,4.125747364014387e-05
41,56,427,11,-3.788134199567139e-05
41,57,427,72,-7.521571387769654e-05
41,58,427,73,2.509448677301407e-05
41,59,427,74,-0.000320723484037444
41,60,427,184,0.0002647483488544822
41,61,427,77,-0.0007544942200183868
41,62,427,90,-0.00030918046832084656
41,63,427,180,4.460101990844123e-06
41,64,427,85,-3.534635834512301e-05
41,65,427,16,-1.0937499610008672e-05
41,66,427,12,-0.00014419908984564245
41,67,427,38,-0.00011555167293408886
41,68,427,41,-5.5365202570101246e-05
41,69,427,42,-9.618565673008561e-05
41,70,427,96,3.4103002690244466e-05
41,71,427,89,-4.836310472455807e-05
41,72,427,179,-0.0002097984979627654
41,73,427,86,-8.240856550401077e-05
41,74,427,15,-0.0008311864221468568
41,75,427,13,-0.00014670689415652305
41,76,427,82,-0.0002548401535023004
41,77,427,81,0.00013803209003526717
41,78,427,80,5.8874542446574196e-05
41,79,427,191,-0.0010390747338533401
41,80,427,78,0.0014031043974682689
41,81,427,95,-0.0012981450418010354
41,82,427,88,6.891793600516394e-05
41,83,427,178,2.427199069643393e-05
41,84,427,87,-0.00022417979198507965
41,85,427,14,-7.653111242689192e-05
41,86,427,267,-0.0015328542795032263
41,87,427,269,7.584349805256352e-05
41,88,427,270,-0.00045957835391163826
41,89,427,409,-4.337925565778278e-05
41,90,427,291,0.00015685897960793227
41,91,427,375,-0.0004277025000192225
41,92,427,321,-2.7083015083917417e-05
41,93,427,405,-0.001300814445130527
41,94,427,314,-0.0005248478846624494
41,95,427,302,7.199782703537494e-05
41,96,427,303,-0.0026040500961244106
41,97,427,304,3.678326902445406e-05
41,98,427,408,0.00011742736387532204
41,99,427,307,0.00010728312918217853
41,100,427,320,0.00015263001841958612
41,101,427,404,-0.0019015655852854252
41,102,427,315,-0.00017133669462054968
41,103,427,268,-0.00046202330850064754
41,104,427,271,-0.001676551764830947
41,105,427,272,6.157151074148715e-05
41,106,427,325,0.0002271723933517933
41,107,427,319,-0.0004909288254566491
41,108,427,403,-0.0004264377348590642
41,109,427,316,-6.0280242905719206e-05
41,110,427,312,-0.0014302046038210392
41,111,427,311,-0.0009548472007736564
41,112,427,310,0.0002673305571079254
41,113,427,415,0.00021704554092139006
41,114,427,308,0.0005399825167842209
41,115,427,324,0.0004364572814665735
41,116,427,318,-0.0011067521991208196
41,117,427,402,-0.0006436376716010273
41,118,427,317,-0.0021208617836236954
42,43,425,327,-0.00013732019579038024
42,44,425,326,-0.00022360560251399875
42,45,425,0,-0.00018961940077133477
42,46,425,37,-0.00022002478362992406
42,47,425,39,-5.059472096036188e-05
42,48,425,40,0.00024907151237130165
42,49,425,185,-0.0006264288676902652
42,50,425,61,7.573062612209469e-05
42,51,425,146,3.900775118381716e-05
42,52,425,91,5.4277094022836536e-05
42,53,425,181,8.72814780450426e-05
42,54,425,84,0.0001749681105138734
42,55,425,17,-9.600566045264713e-06
42,56,425,11,-2.244441202492453e-05
42,57,425,72,1.7713633496896364e-05
42,58,425,73,-0.00014144490705803037
42,59,425,74,3.84355807909742e-05
42,60,425,184,-0.0002439045929349959
42,61,425,77,-5.5413638619938865e-05
42,62,425,90,0.0002784734242595732
42,63,425,180,0.0002426124265184626
42,64,425,85,5.539130506804213e-05
42,65,425,16,-1.5592546560583287e-06
42,66,425,12,-0.0001628301979508251
42,67,425,38,0.0002111694630002603
42,68,425,41,0.0003902902244590223
42,69,425,42,0.00033971547964029014
42,70,425,96,-1.167661957879318e-05
42,71,425,89,0.0001924902608152479
42,72,425,179,0.00017313210992142558
42,73,425,86,0.0003073934349231422
42,74,425,15,4.1186181078956e-06
42,75,425,13,-6.584208313142881e-05
42,76,425,82,-0.00010794690024340525
42,77,425,81,0.00023326407244894654
42,78,425,80,-0.00019726765458472073
42,79,425,191,-0.0005060057737864554
42,80,425,78,8.447576692560688e-05
42,81,425,95,-0.0012644636444747448
42,82,425,88,-8.57332179293735e-06
42,83,425,178,0.0003248905122745782
42,84,425,87,-8.725134102860466e-05
42,85,425,14,-8.004638948477805e-05
42,86,425,267,-0.00038170674815773964
42,87,425,269,-0.00040372912189923227
42,88,425,270,0.00014829056453891098
42,89,425,409,0.0007131978636607528
42,90,425,291,-0.00047890449059195817
42,91,425,375,0.0004558851942420006
42,92,425,321,-0.001032272819429636
42,93,425,405,0.00012904623872600496
42,94,425,314,4.6308191485877614e-06
42,95,425,302,-0.0004277534899301827
42,96,425,303,-0.0009942589094862342
42,97,425,304,0.0003286593419034034
42,98,425,408,0.0004257003893144429
42,99,425,307,-9.374701767228544e-05
42,100,425,320,0.000403381884098053
42,101,425,404,-0.00046739960089325905
42,102,425,315,-0.0003802316205110401
42,103,425,268,-0.0012992324773222208
42,104,425,271,-0.0004363714251667261
42,105,425,272,-0.004719617776572704
42,106,425,325,0.0006285170093178749
42,107,425,319,0.00031232196488417685
42,108,425,403,0.00018179317703470588
42,109,425,316,-0.00014871871098876
42,110,425,312,-0.0005563650047406554
42,111,425,311,-0.0001221147831529379
42,112,425,310,-0.0005249933456070721
42,113,425,415,0.0001254784147022292
42,114,425,308,0.00014059203385841101
42,115,425,324,0.000312800460960716
42,116,425,318,0.0001589290186529979
42,117,425,402,-0.0007890129927545786
42,118,425,317,-6.616052269237116e-05
43,44,327,326,-0.0009981616167351604
43,45,327,0,-0.0005425657145678997
43,46,327,37,0.00029168606852181256
43,47,327,39,4.17651936004404e-05
43,48,327,40,-0.000266475195530802
43,49,327,185,8.349231211468577e-05
43,50,327,61,-0.00010485618258826435
43,51,327,146,6.610663695028052e-05
43,52,327,91,0.0002791410079225898
43,53,327,181,0.00010654580546543002
43,54,327,84,0.0001104348775697872
43,55,327,17,-0.0010158717632293701
43,56,327,11,-0.0003803983854595572
43,57,327,72,-0.00029001288930885494
43,58,327,73,-0.0002552881196606904
43,59,327,74,-2.4916722395573743e-05
43,60,327,184,-0.00048617616994306445
43,61,327,77,-0.0001113499965867959
43,62,327,90,-6.925378693267703e-05
43,63,327,180,0.0002560004941187799
43,64,327,85,-0.0002827163552865386
43,65,327,16,-0.0006819881382398307
43,66,327,12,-0.0005504598375409842
43,67,327,38,0.00015036163676995784
43,68,327,41,0.00019308252376504242
43,69,327,42,0.00011561743303900585
43,70,327,96,-2.684868741198443e-05
43,71,327,89,-0.0002544095041230321
43,72,327,179,0.0001080985675798729
43,73,327,86,-9.831511852098629e-05
43,74,327,15,-0.0012090918608009815
43,75,327,13,-0.00043395787361077964
43,76,327,82,-1.7016651554513373e-06
43,77,327,81,-2.1053650925750844e-05
43,78,327,80,-2.619070619402919e-05
43,79,327,191,1.1011336482624756e-06
43,80,327,78,6.681155355181545e-05
43,81,327,95,9.646034595789388e-05
43,82,327,88,8.488038292853162e-05
43,83,327,178,-3.237828059354797e-05
43,84,327,87,-0.00032183100120164454
43,85,327,14,-0.0011895090574398637
43,86,327,267,-0.0018234401941299438
43,87,327,269,-0.00044335678103379905
43,88,327,270,-0.0002535648236516863
43,89,327,409,0.0004926325636915863
43,90,327,291,-3.7765017623314634e-05
43,91,327,375,0.0002738229522947222
43,92,327,321,-0.0005509495385922492
43,93,327,405,-0.00018067474593408406
43,94,327,314,-0.0017330526607111096
43,95,327,302,-0.0014573278604075313
43,96,327,303,6.347348244162276e-05
43,97,327,304,0.0002677787560969591
43,98,327,408,-9.726618736749515e-05
43,99,327,307,0.0007472034776583314
43,100,327,320,0.0008802048396319151
43,101,327,404,-0.0003566181112546474
43,102,327,315,-0.00150278490036726
43,103,327,268,-0.00197211978957057
43,104,327,271,0.0005474529461935163
43,105,327,272,0.0006969915120862424
43,106,327,325,0.0005908043240197003
43,107,327,319,0.0003203951346222311
43,108,327,403,-0.0016188939334824681
43,109,327,316,-0.0019814628176391125
43,110,327,312,-0.0011093196226283908
43,111,327,311,-0.0008786963880993426
43,112,327,310,8.077550592133775e-05
43,113,327,415,0.0009536647703498602
43,114,327,308,-0.00010690775525290519
43,115,327,324,0.001151933684013784
43,116,327,318,0.00018995888240169734
43,117,327,402,-0.001069508958607912
43,118,327,317,-0.0013831802643835545
44,45,326,0,4.106828782823868e-05
44,46,326,37,-3.087112418143079e-05
44,47,326,39,0.0002689774555619806
44,48,326,40,7.804358028806746e-05
44,49,326,185,7.156302308430895e-05
44,50,326,61,0.017137618735432625
44,51,326,146,0.0003120489709544927
44,52,326,91,0.00018131195975001901
44,53,326,181,0.00011170353536726907
44,54,326,84,-0.00014465246931649745
44,55,326,17,0.0005477890954352915
44,56,326,11,-9.511173266218975e-05
44,57,326,72,5.056968439021148e-05
44,58,326,73,-8.314793831232237e-07
44,59,326,74,8.488666935591027e-05
44,60,326,184,-9.135398431681097e-05
44,61,326,77,0.0002509473997633904
44,62,326,90,-0.0003385404997970909
44,63,326,180,4.2785093683050945e-05
44,64,326,85,-0.00015407180762849748
44,65,326,16,-6.175354064907879e-05
44,66,326,12,-0.00014026557619217783
44,67,326,38,-4.112999522476457e-05
44,68,326,41,0.0002177965798182413
44,69,326,42,-4.597892620950006e-05
44,70,326,96,0.035328879952430725
44,71,326,89,0.0002920768747571856
44,72,326,179,-4.865884693572298e-05
44,73,326,86,-8.41135552036576e-05
44,74,326,15,-0.0004203933058306575
44,75,326,13,0.0004170811444055289
44,76,326,82,9.471066005062312e-05
44,77,326,81,-5.611587766907178e-05
44,78,326,80,-8.812591840978712e-05
44,79,326,191,4.9912239774130285e-05
44,80,326,78,0.008277441374957561
44,81,326,95,0.0003282715624663979
44,82,326,88,7.343963079620153e-05
44,83,326,178,0.00018870228086598217
44,84,326,87,1.595350113348104e-05
44,85,326,14,-0.0006034597172401845
44,86,326,267,-0.00015454307140316814
44,87,326,269,-0.0006228404236026108
44,88,326,270,-0.0009921682067215443
44,89,326,409,-0.000480787392007187
44,90,326,291,0.00014816671318840235
44,91,326,375,-0.00025579999783076346
44,92,326,321,-0.0009449914796277881
44,93,326,405,-0.0011019515804946423
44,94,326,314,-0.00045968726044520736
44,95,326,302,-1.7783100929591455e-06
44,96,326,303,-0.0008107906905934215
44,97,326,304,-0.00042928653419949114
44,98,326,408,-0.00044484957470558584
44,99,326,307,9.824825974646956e-05
44,100,326,320,-0.0004883275250904262
44,101,326,404,-0.0011642538011074066
44,102,326,315,-0.00030196248553693295
44,103,326,268,0.00015466210606973618
44,104,326,271,-0.0003962909977417439
44,105,326,272,-0.0007011775742284954
44,106,326,325,0.00012346766015980393
44,107,326,319,-0.0005321596399880946
44,108,326,403,0.00030724084354005754
44,109,326,316,-0.001729122712276876
44,110,326,312,-0.00017760948685463518
44,111,326,311,-0.00035699026193469763
44,112,326,310,-0.0001347558427369222
44,113,326,415,6.968808884266764e-05
44,114,326,308,0.00018735053890850395
44,115,326,324,-4.3932795961154625e-05
44,116,326,318,-0.0008174291579052806
44,117,326,402,-0.0006920489831827581
44,118,326,317,-9.57076481427066e-05
45,46,0,37,-7.902113429736346e-05
45,47,0,39,-0.0004793096159119159
45,48,0,40,-0.00039933848893269897
45,49,0,185,-0.00023017988132778555
45,50,0,61,0.0003102551563642919
45,51,0,146,0.0002086567401420325
45,52,0,91,3.065716782657546e-07
45,53,0,181,0.00019350986985955387
45,54,0,84,-2.3566349227621686e-07
45,55,0,17,-0.0006156680174171925
45,56,0,11,-8.265792712336406e-05
45,57,0,72,-0.00013388654042501003
45,58,0,73,-0.0003575605805963278
45,59,0,74,-0.0009595429874025285
45,60,0,184,-0.00015618737961631268
45,61,0,77,-5.1208473450969905e-05
45,62,0,90,6.1474647736758925e-06
45,63,0,180,0.00034395692637190223
45,64,0,85,0.00013654286158271134
45,65,0,16,-0.0006786604644730687
45,66,0,12,-0.00019425482605583966
45,67,0,38,-0.0003020145231857896
45,68,0,41,-0.0011620235163718462
45,69,0,42,-8.425126725342125e-05
45,70,0,96,0.00028415166889317334
45,71,0,89,-0.00022914390137884766
45,72,0,179,-3.393365113879554e-05
45,73,0,86,0.00015883294690866023
45,74,0,15,-0.000409417029004544
45,75,0,13,0.0001742353051668033
45,76,0,82,-0.00035385010414756835
45,77,0,81,-0.0014102866407483816
45,78,0,80,-0.0009082660544663668
45,79,0,191,-6.427126936614513e-05
45,80,0,78,-3.165630459989188e-07
45,81,0,95,-5.5225202231667936e-05
45,82,0,88,-7.588952576043084e-05
45,83,0,178,-2.4118506189552136e-05
45,84,0,87,0.0001541333767818287
45,85,0,14,1.1724557680281578e-06
45,86,0,267,-0.00020452825992833823
45,87,0,269,-3.1371735531138256e-05
45,88,0,270,-0.0006468675564974546
45,89,0,409,-0.011847766116261482
45,90,0,291,-0.0003799873811658472
45,91,0,375,-0.001412749057635665
45,92,0,321,-0.00026184128364548087
45,93,0,405,-0.00021458820265252143
45,94,0,314,-0.0003106873482465744
45,95,0,302,-0.0003569259715732187
45,96,0,303,9.597642019798514e-06
45,97,0,304,-7.94266234152019e-05
45,98,0,408,-0.0003597477625589818
45,99,0,307,-0.00022444306523539126
45,100,0,320,-4.360535604064353e-05
45,101,0,404,-0.000523943395819515
45,102,0,315,-0.0003994260332547128
45,103,0,268,-2.9262115276651457e-05
45,104,0,271,-0.0004607496957760304
45,105,0,272,-0.00023045408306643367
45,106,0,325,-0.00023218650312628597
45,107,0,319,-0.0010559405200183392
45,108,0,403,-0.0005698779132217169
45,109,0,316,0.00032760019530542195
45,110,0,312,0.0001209209076478146
45,111,0,311,-0.0005060633993707597
45,112,0,310,-0.0003169167321175337
45,113,0,415,-0.00038922912790440023
45,114,0,308,-0.000270417716819793
45,115,0,324,-0.0003384804876986891
45,116,0,318,-0.0011704142671078444
45,117,0,402,-0.0004780062008649111
45,118,0,317,-5.912402775720693e-05
46,47,37,39,-0.0001024473094730638
46,48,37,40,-0.00017429556464776397
46,49,37,185,-0.00028757305699400604
46,50,37,61,-7.160912218751037e-07
46,51,37,146,-2.4713943275855854e-05
46,52,37,91,2.40865283558378e-05
46,53,37,181,-2.351537659706082e-06
46,54,37,84,-0.000488503195811063
46,55,37,17,6.431261863326654e-05
46,56,37,11,-0.00012123889609938487
46,57,37,72,0.00018889513739850372
46,58,37,73,-0.000992759596556425
46,59,37,74,-0.0013213712954893708
46,60,37,184,-0.0002709731925278902
46,61,37,77,7.326761988224462e-05
46,62,37,90,-6.479514559032395e-05
46,63,37,180,1.6804306142148562e-05
46,64,37,85,-0.001016679685562849
46,65,37,16,-0.0001031431820592843
46,66,37,12,-0.0002491092309355736
46,67,37,38,-0.0003248901921324432
46,68,37,41,0.00020819403289351612
46,69,37,42,-0.00011145881580887362
46,70,37,96,-4.715330578619614e-05
46,71,37,89,2.97362421406433e-05
46,72,37,179,-3.843976810458116e-05
46,73,37,86,-0.000247189833316952
46,74,37,15,-1.89058409887366e-05
46,75,37,13,-6.881301669636741e-05
46,76,37,82,-3.576132803573273e-05
46,77,37,81,0.00015439646085724235
46,78,37,80,9.517368016531691e-05
46,79,37,191,-0.00031433848198503256
46,80,37,78,2.551727902755374e-06
46,81,37,95,0.00028622231911867857
46,82,37,88,2.9082111723255366e-06
46,83,37,178,7.693144289078191e-05
46,84,37,87,7.799329614499584e-05
46,85,37,14,-0.00011452190665295348
46,86,37,267,-5.223180414759554e-05
46,87,37,269,-0.00015560280007775873
46,88,37,270,-0.0001384365896228701
46,89,37,409,-0.0007032781722955406
46,90,37,291,-0.0004798488807864487
46,91,37,375,-0.03143363445997238
46,92,37,321,-0.0005856919451616704
46,93,37,405,-0.00021692631707992405
46,94,37,314,-0.00021419429685920477
46,95,37,302,8.579921268392354e-05
46,96,37,303,-0.0003058487782254815
46,97,37,304,-0.00036597525468096137
46,98,37,408,-0.0003860012220684439
46,99,37,307,-0.03753633797168732
46,100,37,320,-0.0006689344299957156
46,101,37,404,-0.0006698105135001242
46,102,37,315,-0.00031574780587106943
46,103,37,268,-9.7250820545014e-05
46,104,37,271,-0.0001252981019206345
46,105,37,272,-0.000498745299410075
46,106,37,325,-0.0003070326056331396
46,107,37,319,-0.0007324740872718394
46,108,37,403,-0.0003794888034462929
46,109,37,316,-0.0003467639908194542
46,110,37,312,-0.00018236736650578678
46,111,37,311,-0.0007576314965263009
46,112,37,310,-0.00037619867362082005
46,113,37,415,-0.0007215086370706558
46,114,37,308,-0.0005204970366321504
46,115,37,324,-0.0009514372213743627
46,116,37,318,-0.00010888925316976383
46,117,37,402,-0.00017904548440128565
46,118,37,317,-0.00048430508468300104
47,48,39,40,-0.00012312590843066573
47,49,39,185,-0.00017366542306263
47,50,39,61,-9.062459139386192e-05
47,51,39,146,-0.00016932394646573812
47,52,39,91,-0.00020398167544044554
47,53,39,181,-1.8974676549987635e-06
47,54,39,84,-0.0004060369683429599
47,55,39,17,-0.0008542556315660477
47,56,39,11,-0.00011959424591623247
47,57,39,72,-7.065848330967128e-05
47,58,39,73,-0.0008383590029552579
47,59,39,74,3.4406923077767715e-05
47,60,39,184,0.00013263268920127302
47,61,39,77,6.722292164340615e-05
47,62,39,90,1.6218458767980337e-05
47,63,39,180,-0.00020177935948595405
47,64,39,85,-0.00031176593620330095
47,65,39,16,-0.0006859928835183382
47,66,39,12,-0.0002937865210697055
47,67,39,38,-0.0004569204174913466
47,68,39,41,-0.000345194770488888
47,69,39,42,0.00022446548973675817
47,70,39,96,0.00016929612320382148
47,71,39,89,0.0002250516990898177
47,72,39,179,-0.00023223183234222233
47,73,39,86,0.00011119464761577547
47,74,39,15,-0.0006004346651025116
47,75,39,13,-0.0007048218976706266
47,76,39,82,-0.0007127340650185943
47,77,39,81,-0.00018688637646846473
47,78,39,80,0.0002084442530758679
47,79,39,191,0.0001256339019164443
47,80,39,78,1.779421654646285e-05
47,81,39,95,-8.231459651142359e-05
47,82,39,88,6.23257365077734e-05
47,83,39,178,-0.0007925364770926535
47,84,39,87,-0.0002798890054691583
47,85,39,14,-0.00037840488948859274
47,86,39,267,1.7344887965009548e-05
47,87,39,269,7.394200656563044e-05
47,88,39,270,-4.323196117184125e-05
47,89,39,409,-5.66703783988487e-05
47,90,39,291,-0.05496540293097496
47,91,39,375,-0.00017892605683300644
47,92,39,321,-0.00031149855931289494
47,93,39,405,-0.0005808683927170932
47,94,39,314,-0.001267833635210991
47,95,39,302,-0.0005934683722443879
47,96,39,303,-6.434054375858977e-05
47,97,39,304,-0.00032232669764198363
47,98,39,408,-0.00020762595522683114
47,99,39,307,-0.000178771631908603
47,100,39,320,-0.00049797777319327
47,101,39,404,-0.0005257794400677085
47,102,39,315,-0.0006364923901855946
47,103,39,268,-0.0008513087523169816
47,104,39,271,-0.0003220170037820935
47,105,39,272,-0.000330523558659479
47,106,39,325,-0.00014224511687643826
47,107,39,319,-0.0006081383326090872
47,108,39,403,-0.0006562376511283219
47,109,39,316,-0.0009901408338919282
47,110,39,312,-0.00030078255804255605
47,111,39,311,-0.0003078657027799636
47,112,39,310,-0.00016385862545575947
47,113,39,415,-0.00018957244174089283
47,114,39,308,-0.0003109534445684403
47,115,39,324,-0.0003305767313577235
47,116,39,318,-0.000398007920011878
47,117,39,402,-0.0004991795285604894
47,118,39,317,-0.00047084371908567846
48,49,40,185,-0.00020041107200086117
48,50,40,61,0.0002248017699457705
48,51,40,146,5.8992893173126504e-05
48,52,40,91,-0.0001352925755782053
48,53,40,181,3.9786107663530856e-05
48,54,40,84,0.00013986218255013227
48,55,40,17,-4.311390148359351e-05
48,56,40,11,-0.000791558064520359
48,57,40,72,-0.00013341204612515867
48,58,40,73,-0.0005305639351718128
48,59,40,74,-0.00014083126734476537
48,60,40,184,0.0002526749740354717
48,61,40,77,-9.413380757905543e-05
48,62,40,90,-0.0002701603516470641
48,63,40,180,7.838142482796684e-05
48,64,40,85,-0.00025083188666030765
48,65,40,16,-0.0002923150605056435
48,66,40,12,-0.0010284907184541225
48,67,40,38,-9.316761861555278e-05
48,68,40,41,-0.0002535668609198183
48,69,40,42,-0.0005417961510829628
48,70,40,96,-9.892562957247719e-05
48,71,40,89,-0.000823139795102179
48,72,40,179,-1.5066912965266965e-05
48,73,40,86,0.0002368399582337588
48,74,40,15,-0.0008100002887658775
48,75,40,13,-0.0007711225189268589
48,76,40,82,0.00016559891810175031
48,77,40,81,5.3382915211841464e-05
48,78,40,80,-3.252728492952883e-05
48,79,40,191,-0.0003156417515128851
48,80,40,78,3.2269344956148416e-05
48,81,40,95,-0.00010231659689452499
48,82,40,88,-0.0002873342309612781
48,83,40,178,-0.00029723229818046093
48,84,40,87,-0.00023553011124022305
48,85,40,14,-0.0009414125233888626
48,86,40,267,-0.0008058082312345505
48,87,40,269,0.0001697161205811426
48,88,40,270,7.924248347990215e-05
48,89,40,409,-0.00012713541218545288
48,90,40,291,-9.229387615050655e-06
48,91,40,375,-0.00021485456090886146
48,92,40,321,-0.00017586740432307124
48,93,40,405,-0.00030141128809191287
48,94,40,314,-0.0006771222688257694
48,95,40,302,0.00010071299038827419
48,96,40,303,9.782466077012941e-05
48,97,40,304,-0.0004782449977938086
48,98,40,408,-0.00022056880698073655
48,99,40,307,-0.00019885583606082946
48,100,40,320,-2.7018500986741856e-05
48,101,40,404,-0.0005802735686302185
48,102,40,315,-0.0008135518291965127
48,103,40,268,0.00011115191591670737
48,104,40,271,-0.0006750777247361839
48,105,40,272,-4.8088415496749803e-05
48,106,40,325,-0.0004347372450865805
48,107,40,319,-0.0002313863078597933
48,108,40,403,-0.000656812684610486
48,109,40,316,-0.00024103997566271573
48,110,40,312,-0.00042295551975257695
48,111,40,311,-2.9069356060063e-06
48,112,40,310,-0.00027316322666592896
48,113,40,415,-0.00031163368839770555
48,114,40,308,-0.00040690312744118273
48,115,40,324,-0.00020613927335944027
48,116,40,318,-0.0001681607827777043
48,117,40,402,-0.0004899083287455142
48,118,40,317,-0.00014250182721298188
49,50,185,61,-2.3010112272459082e-05
49,51,185,146,-0.0005915422807447612
49,52,185,91,9.567105007590726e-05
49,53,185,181,-0.0004314023535698652
49,54,185,84,9.331447654403746e-05
49,55,185,17,-0.00013994784967508167
49,56,185,11,-0.00014177961566019803
49,57,185,72,-0.00019692427304107696
49,58,185,73,-1.732245618768502e-05
49,59,185,74,-0.00028698041569441557
49,60,185,184,-0.0002836855419445783
49,61,185,77,-0.00011033486225642264
49,62,185,90,-0.00011791745782829821
49,63,185,180,-0.0007716992404311895
49,64,185,85,0.000230850389925763
49,65,185,16,-0.0005363745149224997
49,66,185,12,0.00031388664501719177
49,67,185,38,0.0004123674298170954
49,68,185,41,-9.345258149551228e-05
49,69,185,42,-0.00018955982523038983
49,70,185,96,-0.00024313382164109498
49,71,185,89,-0.00015467284538317472
49,72,185,179,-0.0003285335551481694
49,73,185,86,0.00015872219228185713
49,74,185,15,0.00022341182921081781
49,75,185,13,7.132022437872365e-05
49,76,185,82,0.00018801282567437738
49,77,185,81,-0.0002119827113347128
49,78,185,80,-0.00033518217969685793
49,79,185,191,-0.00038738991133868694
49,80,185,78,-0.0006212121807038784
49,81,185,95,-7.636547525180504e-05
49,82,185,88,-7.695188833167776e-05
49,83,185,178,-0.00025695396470837295
49,84,185,87,-1.7856065824162215e-05
49,85,185,14,-0.012316190637648106
49,86,185,267,0.00014882502728141844
49,87,185,269,-0.00020044496341142803
49,88,185,270,-0.0005787471309304237
49,89,185,409,-0.00019025037181563675
49,90,185,291,-0.00032962230034172535
49,91,185,375,-2.949233203253243e-05
49,92,185,321,-0.0003341984993312508
49,93,185,405,5.871468601981178e-06
49,94,185,314,-0.0008205748745240271
49,95,185,302,-0.0002701396879274398
49,96,185,303,0.0002587651542853564
49,97,185,304,-0.00020600295101758093
49,98,185,408,-0.0004974898765794933
49,99,185,307,-0.0003816125390585512
49,100,185,320,-0.0003127589006908238
49,101,185,404,-0.00021339874365366995
49,102,185,315,-0.0004091355949640274
49,103,185,268,0.0002947736356873065
49,104,185,271,-0.00036105499020777643
49,105,185,272,-0.0003583173092920333
49,106,185,325,-0.00022362913296092302
49,107,185,319,-4.932321826345287e-05
49,108,185,403,-0.0001292341185035184
49,109,185,316,-0.00034351780777797103
49,110,185,312,-8.253317355411127e-05
49,111,185,311,-0.0003549011889845133
49,112,185,310,-0.00027927313931286335
49,113,185,415,-8.112083014566451e-05
49,114,185,308,8.40581560623832e-05
49,115,185,324,-0.00023863057140260935
49,116,185,318,-0.0001584772253409028
49,117,185,402,-0.0006588376127183437
49,118,185,317,-0.00017003854736685753
50,51,61,146,-9.169730037683621e-05
50,52,61,91,-3.912481588486116e-06
50,53,61,181,-9.389852493768558e-05
50,54,61,84,0.0005231047980487347
50,55,61,17,0.0002470484178047627
50,56,61,11,0.00016586657147854567
50,57,61,72,-1.2509097359725274e-05
50,58,61,73,-0.00019334281387273222
50,59,61,74,7.695447857258841e-05
50,60,61,184,-0.0003478707803878933
50,61,61,77,-0.00016848168161232024
50,62,61,90,0.00048785933176986873
50,63,61,180,1.8091694073518738e-05
50,64,61,85,0.00021936926350463182
50,65,61,16,-0.00017571524949744344
50,66,61,12,1.7580625353730284e-05
50,67,61,38,0.0006053738761693239
50,68,61,41,-0.0005041641998104751
50,69,61,42,-0.00019439523748587817
50,70,61,96,-0.00020659247820731252
50,71,61,89,-0.0002654928539413959
50,72,61,179,-0.00016809393127914518
50,73,61,86,0.00014427772839553654
50,74,61,15,-0.0005000585224479437
50,75,61,13,7.566530257463455e-05
50,76,61,82,0.00046326540177688
50,77,61,81,0.00011573400843190029
50,78,61,80,1.0163269507756922e-05
50,79,61,191,5.543265160667943e-06
50,80,61,78,-0.0003101570182479918
50,81,61,95,0.0001267655025003478
50,82,61,88,0.000147677754284814
50,83,61,178,0.0001032440341077745
50,84,61,87,-0.0003527791704982519
50,85,61,14,-6.743302947143093e-05
50,86,61,267,0.0001615702931303531
50,87,61,269,2.175299778173212e-05
50,88,61,270,7.568508590338752e-05
50,89,61,409,-8.92649550223723e-05
50,90,61,291,-0.0003627389669418335
50,91,61,375,7.544132677139714e-05
50,92,61,321,-0.007094155997037888
50,93,61,405,-0.00029345840448513627
50,94,61,314,-4.835957588511519e-05
50,95,61,302,9.242051601177081e-05
50,96,61,303,4.998741587769473e-06
50,97,61,304,-0.00030145171331241727
50,98,61,408,-0.0003612787404563278
50,99,61,307,4.2692216084105894e-05
50,100,61,320,8.281900227302685e-05
50,101,61,404,-3.219189602532424e-05
50,102,61,315,0.0003279176016803831
50,103,61,268,-3.3077180887630675e-06
50,104,61,271,-4.3336316593922675e-05
50,105,61,272,-6.0379075875971466e-05
50,106,61,325,8.481930854031816e-05
50,107,61,319,-0.0002342063089599833
50,108,61,403,-2.512205128368805e-06
50,109,61,316,0.0006826762692071497
50,110,61,312,6.043968096491881e-05
50,111,61,311,4.7812063712626696e-06
50,112,61,310,0.002124747959896922
50,113,61,415,0.13666677474975586
50,114,61,308,0.1544766128063202
50,115,61,324,-0.0011752777500078082
50,116,61,318,-0.00022657164663542062
50,117,61,402,5.007125946576707e-05
50,118,61,317,0.00023099337704479694
51,52,146,91,-7.703472510911524e-05
51,53,146,181,1.94371968973428e-05
51,54,146,84,2.9097433071001433e-05
51,55,146,17,8.04720059477404e-08
51,56,146,11,9.880695142783225e-05
51,57,146,72,0.0002299181214766577
51,58,146,73,-6.633797602262348e-05
51,59,146,74,1.314273595198756e-05
51,60,146,184,-2.8750899218721315e-05
51,61,146,77,-0.0006780786206945777
51,62,146,90,-5.6812070397427306e-05
51,63,146,180,-0.000199125221115537
51,64,146,85,4.455371163203381e-05
51,65,146,16,2.8234573619556613e-05
51,66,146,12,-3.9863806478024344e-07
51,67,146,38,8.185626211343333e-05
51,68,146,41,-0.0001201398263219744
51,69,146,42,8.782641998550389e-06
51,70,146,96,-0.00023082259576767683
51,71,146,89,-0.00031388745992444456
51,72,146,179,-7.165811985032633e-05
51,73,146,86,0.00010783993639051914
51,74,146,15,0.00032906868727877736
51,75,146,13,4.685028761741705e-05
51,76,146,82,5.146243711351417e-05
51,77,146,81,1.3235762708063703e-05
51,78,146,80,6.450145156122744e-05
51,79,146,191,-0.00019529687415342778
51,80,146,78,-0.0012540827738121152
51,81,146,95,-0.000360190577339381
51,82,146,88,-0.0005303480429574847
51,83,146,178,5.349225830286741e-06
51,84,146,87,-8.904784044716507e-05
51,85,146,14,-3.672945183552656e-07
51,86,146,267,-0.000219114706851542
51,87,146,269,-6.095224307500757e-05
51,88,146,270,-0.0003513942938297987
51,89,146,409,-0.00031677645165473223
51,90,146,291,-0.0007283700979314744
51,91,146,375,-0.00010104039392899722
51,92,146,321,0.0003297064686194062
51,93,146,405,-0.00038609778857789934
51,94,146,314,-0.0003749789029825479
51,95,146,302,-2.8589241992449388e-05
51,96,146,303,6.927031790837646e-05
51,97,146,304,-0.00025598861975595355
51,98,146,408,-0.00011255527351750061
51,99,146,307,-0.00033042769064195454
51,100,146,320,-0.000294754805509001
51,101,146,404,-0.00019164384866598994
51,102,146,315,-0.00014688307419419289
51,103,146,268,-3.0596365832025185e-05
51,104,146,271,-4.757628994411789e-05
51,105,146,272,5.7163535529980436e-05
51,106,146,325,-0.0004614163190126419
51,107,146,319,4.6500845201080665e-06
51,108,146,403,-0.00013256784586701542
51,109,146,316,-0.0001217495882883668
51,110,146,312,6.0740749177057296e-05
51,111,146,311,-4.831994010601193e-05
51,112,146,310,-9.981071343645453e-05
51,113,146,415,0.00014383855159394443
51,114,146,308,-4.5740736823063344e-05
51,115,146,324,-6.684903200948611e-05
51,116,146,318,-0.0003734162310138345
51,117,146,402,7.114053732948378e-05
51,118,146,317,2.6478002837393433e-05
52,53,91,181,-0.00010677280806703493
52,54,91,84,9.065293852472678e-05
52,55,91,17,3.171064963680692e-05
52,56,91,11,0.00014644039038103074
52,57,91,72,5.335194509825669e-05
52,58,91,73,-0.00024203491921070963
52,59,91,74,2.5934115910786204e-05
52,60,91,184,0.00021276653569657356
52,61,91,77,9.650921128923073e-05
52,62,91,90,-0.0004920880310237408
52,63,91,180,1.4453893527388573e-05
52,64,91,85,9.042973942996468e-06
52,65,91,16,1.717412487778347e-05
52,66,91,12,0.00025901978369802237
52,67,91,38,-0.00015532261750195175
52,68,91,41,-0.00019235062063671649
52,69,91,42,-0.00011613000242505223
52,70,91,96,1.4270342035160866e-05
52,71,91,89,-0.0004913268494419754
52,72,91,179,-0.00014761438069399446
52,73,91,86,-0.0001238190452568233
52,74,91,15,-9.5826864708215e-05
52,75,91,13,0.00020313118875492364
52,76,91,82,0.00020808364206459373
52,77,91,81,-9.992131526814774e-05
52,78,91,80,6.317484803730622e-05
52,79,91,191,-0.00039062253199517727
52,80,91,78,5.972083090455271e-05
52,81,91,95,-0.00024910926003940403
52,82,91,88,-0.0004101502418052405
52,83,91,178,-0.00021005049347877502
52,84,91,87,-3.510043097776361e-05
52,85,91,14,-0.00021383201237767935
52,86,91,267,0.00036151427775621414
52,87,91,269,0.000276963779469952
52,88,91,270,-0.00024329012376256287
52,89,91,409,-0.00015645379608031362
52,90,91,291,-0.0002311502321390435
52,91,91,375,-0.0006651484873145819
52,92,91,321,-0.00028078272589482367
52,93,91,405,-0.0003922165487892926
52,94,91,314,-0.00032791245030239224
52,95,91,302,4.213786087348126e-05
52,96,91,303,-0.00017443642718717456
52,97,91,304,4.534744584816508e-05
52,98,91,408,-0.000593372737057507
52,99,91,307,-0.00035732565447688103
52,100,91,320,-0.00021581308101303875
52,101,91,404,-0.00034264070563949645
52,102,91,315,-0.0004230590129736811
52,103,91,268,-1.106633135350421e-05
52,104,91,271,-5.450741446111351e-05
52,105,91,272,-1.608233287697658e-05
52,106,91,325,1.3852695701643825e-05
52,107,91,319,2.6561119739199057e-05
52,108,91,403,-0.0003271453024353832
52,109,91,316,-0.00029198997071944177
52,110,91,312,-9.681088704383001e-05
52,111,91,311,2.6657114631234435e-06
52,112,91,310,-0.00016721156134735793
52,113,91,415,9.03374602785334e-05
52,114,91,308,-7.678660040255636e-06
52,115,91,324,6.545252108480781e-05
52,116,91,318,6.751574983354658e-05
52,117,91,402,-0.00011593713134061545
52,118,91,317,-0.00020704299095086753
53,54,181,84,-0.0005360698560252786
53,55,181,17,-0.00047061132499948144
53,56,181,11,0.00021720565564464778
53,57,181,72,-6.0876696807099506e-05
53,58,181,73,0.00023768888786435127
53,59,181,74,4.9553993449080735e-05
53,60,181,184,9.485460032010451e-05
53,61,181,77,-9.471961675444618e-05
53,62,181,90,-0.00028278789250180125
53,63,181,180,-0.0005908111925236881
53,64,181,85,-0.0001182555643026717
53,65,181,16,-0.00010394604760222137
53,66,181,12,2.911019510065671e-05
53,67,181,38,6.0330403357511386e-05
53,68,181,41,8.150510984705761e-05
53,69,181,42,0.00020986802701372653
53,70,181,96,5.267791493679397e-05
53,71,181,89,0.00018516542331781238
53,72,181,179,2.3752400011289865e-05
53,73,181,86,0.00019132155284751207
53,74,181,15,9.684373071650043e-05
53,75,181,13,0.0001619056856725365
53,76,181,82,-0.00012649888230953366
53,77,181,81,6.725967978127301e-05
53,78,181,80,-0.00021662371000275016
53,79,181,191,-0.00010329036740586162
53,80,181,78,3.543934872141108e-05
53,81,181,95,0.0005071391351521015
53,82,181,88,0.0005183432949706912
53,83,181,178,-0.0003350353508722037
53,84,181,87,2.7557684006751515e-05
53,85,181,14,-8.757125215197448e-06
53,86,181,267,0.00016152636089827865
53,87,181,269,-0.00017480977112427354
53,88,181,270,0.00016998739738482982
53,89,181,409,-0.00011215615813853219
53,90,181,291,2.5318107873317786e-05
53,91,181,375,-0.06524711847305298
53,92,181,321,-0.00016706279711797833
53,93,181,405,0.00012445462925825268
53,94,181,314,3.08261405734811e-05
53,95,181,302,0.00019895461446139961
53,96,181,303,0.00010071246651932597
53,97,181,304,-0.00016200785466935486
53,98,181,408,-0.0001298928982578218
53,99,181,307,-0.10496082901954651
53,100,181,320,-0.0006143235368654132
53,101,181,404,-1.829909706430044e-05
53,102,181,315,-0.00031190988374873996
53,103,181,268,-3.8830006815260276e-05
53,104,181,271,8.055981197685469e-07
53,105,181,272,-7.24724231986329e-05
53,106,181,325,-8.494970825267956e-05
53,107,181,319,-0.00015929524670355022
53,108,181,403,7.373814696620684e-06
53,109,181,316,-0.0001011887943604961
53,110,181,312,5.162219167686999e-05
53,111,181,311,-4.791496849065879e-06
53,112,181,310,0.00016031149425543845
53,113,181,415,-0.00014879854279570282
53,114,181,308,-0.00028763795853592455
53,115,181,324,0.21101343631744385
53,116,181,318,-0.00046881221351213753
53,117,181,402,-5.492454511113465e-05
53,118,181,317,-0.0001582357072038576
54,55,84,17,-9.403267540619709e-06
54,56,84,11,-1.5688718121964484e-05
54,57,84,72,-0.0008822273812256753
54,58,84,73,-0.00022390497906599194
54,59,84,74,-0.00039866575389169157
54,60,84,184,-0.000656769669149071
54,61,84,77,-1.3407910955720581e-05
54,62,84,90,3.519513848004863e-05
54,63,84,180,-2.6798315957421437e-05
54,64,84,85,-0.0002561161236371845
54,65,84,16,-0.00012996957229916006
54,66,84,12,7.455577360815369e-06
54,67,84,38,6.160150951473042e-05
54,68,84,41,-0.00012451710063032806
54,69,84,42,-0.000657454424072057
54,70,84,96,-2.6955840439768508e-05
54,71,84,89,-0.00013727320765610784
54,72,84,179,1.1213614925509319e-06
54,73,84,86,-0.0005130281788296998
54,74,84,15,-8.166542829712853e-05
54,75,84,13,8.672568219481036e-05
54,76,84,82,-3.5422290238784626e-05
54,77,84,81,-8.04917435743846e-05
54,78,84,80,-0.0001195212098537013
54,79,84,191,-0.00013599892554339021
54,80,84,78,-4.684013038058765e-05
54,81,84,95,4.026529495604336e-06
54,82,84,88,-0.00011093157809227705
54,83,84,178,0.00011670029198285192
54,84,84,87,-0.0004222489951644093
54,85,84,14,-0.00014241527242120355
54,86,84,267,6.178011244628578e-05
54,87,84,269,0.00021325694979168475
54,88,84,270,-0.00010915094753727317
54,89,84,409,8.965720917331055e-05
54,90,84,291,-0.00035069219302386045
54,91,84,375,-0.04305245727300644
54,92,84,321,-0.00014331591955851763
54,93,84,405,-1.3245578884379938e-05
54,94,84,314,-0.0002062718995148316
54,95,84,302,0.0002280019107274711
54,96,84,303,-8.158772834576666e-05
54,97,84,304,-0.00020221469458192587
54,98,84,408,4.705309038399719e-05
54,99,84,307,-0.06013481318950653
54,100,84,320,2.7272322768112645e-05
54,101,84,404,-0.00028223750996403396
54,102,84,315,-7.57633606554009e-05
54,103,84,268,4.822947084903717e-05
54,104,84,271,-4.125129999010824e-05
54,105,84,272,-5.293375124892918e-06
54,106,84,325,-6.848833436379209e-05
54,107,84,319,-0.00029177972464822233
54,108,84,403,-0.00015642540529370308
54,109,84,316,-0.0001701932487776503
54,110,84,312,0.00013404439960140735
54,111,84,311,-0.00010530614235904068
54,112,84,310,-0.00010188597661908716
54,113,84,415,0.00020224376930855215
54,114,84,308,-5.553218943532556e-05
54,115,84,324,-0.0004298815329093486
54,116,84,318,4.218250614940189e-05
54,117,84,402,-3.071570972679183e-05
54,118,84,317,-5.412481550592929e-05
55,56,17,11,-0.0008361178915947676
55,57,17,72,-5.039163079345599e-05
55,58,17,73,3.746216680156067e-05
55,59,17,74,-0.0009414498344995081
55,60,17,184,-8.137720578815788e-05
55,61,17,77,4.4800719479098916e-05
55,62,17,90,-0.00016963089001365006
55,63,17,180,-9.072628745343536e-05
55,64,17,85,-7.251727220136672e-05
55,65,17,16,-0.0017444690456613898
55,66,17,12,-0.0007286323816515505
55,67,17,38,-3.423090311116539e-05
55,68,17,41,1.476207580708433e-05
55,69,17,42,-0.00017720286268740892
55,70,17,96,3.7345900636864826e-05
55,71,17,89,-0.00042643205961212516
55,72,17,179,-0.0003050250234082341
55,73,17,86,-7.977192581165582e-05
55,74,17,15,-0.0006448411731980741
55,75,17,13,-0.000834241509437561
55,76,17,82,-0.00019382976461201906
55,77,17,81,1.884247649286408e-05
55,78,17,80,-9.83572899713181e-05
55,79,17,191,0.0006160071352496743
55,80,17,78,0.0002395466435700655
55,81,17,95,0.0007994500920176506
55,82,17,88,-1.2114676792407408e-05
55,83,17,178,4.6950706746429205e-05
55,84,17,87,-0.00018217785691376776
55,85,17,14,-0.0007859717588871717
55,86,17,267,1.4020444723428227e-05
55,87,17,269,-3.066096542170271e-05
55,88,17,270,-6.327628943836316e-05
55,89,17,409,-0.00026269283262081444
55,90,17,291,0.00010889526311075315
55,91,17,375,-0.012450898997485638
55,92,17,321,-0.00024842080892995
55,93,17,405,-8.919834363041446e-05
55,94,17,314,-0.000330257200403139
55,95,17,302,-2.9038665161351673e-05
55,96,17,303,-0.00018140381143894047
55,97,17,304,-9.983249037759379e-05
55,98,17,408,0.0002622319443617016
55,99,17,307,-0.00034850992960855365
55,100,17,320,0.00033742754021659493
55,101,17,404,2.7359665182302706e-05
55,102,17,315,-0.0002636077697388828
55,103,17,268,-0.0001341837487416342
55,104,17,271,8.568484918214381e-05
55,105,17,272,-7.592304609715939e-05
55,106,17,325,-0.0005375558976083994
55,107,17,319,-0.0006087522488087416
55,108,17,403,-1.717035956971813e-05
55,109,17,316,-0.00013900265912525356
55,110,17,312,5.4895117500564083e-05
55,111,17,311,-0.00018824510334525257
55,112,17,310,-0.0005255202995613217
55,113,17,415,0.0004157937946729362
55,114,17,308,0.00023354677250608802
55,115,17,324,0.00034653651528060436
55,116,17,318,-0.00026444075047038496
55,117,17,402,4.963198443874717e-05
55,118,17,317,-0.000253803824307397
56,57,11,72,7.14937414159067e-05
56,58,11,73,-0.0013134413165971637
56,59,11,74,0.00012581587361637503
56,60,11,184,-1.6143623724929057e-05
56,61,11,77,-0.00015691094449721277
56,62,11,90,-0.00010514291352592409
56,63,11,180,0.00017763256619218737
56,64,11,85,0.00011354576417943463
56,65,11,16,-0.00030116320704109967
56,66,11,12,0.0004436797753442079
56,67,11,38,-0.00010681877029128373
56,68,11,41,-0.002000389387831092
56,69,11,42,-0.0005601909942924976
56,70,11,96,1.3436855624604505e-05
56,71,11,89,-0.00010734176612459123
56,72,11,179,0.00025522708892822266
56,73,11,86,9.275585762225091e-05
56,74,11,15,-0.00010026541713159531
56,75,11,13,0.0004518658679444343
56,76,11,82,-0.0009896619012579322
56,77,11,81,-0.0014617647975683212
56,78,11,80,-0.0005763868102803826
56,79,11,191,9.021304867928848e-05
56,80,11,78,0.00010860148904612288
56,81,11,95,0.00012786779552698135
56,82,11,88,-0.0001804581261239946
56,83,11,178,0.00014978114631958306
56,84,11,87,4.978452852810733e-05
56,85,11,14,-0.00030808779411017895
56,86,11,267,-0.00024034989473875612
56,87,11,269,-0.00043411916703917086
56,88,11,270,-0.0003627484547905624
56,89,11,409,-0.011120964772999287
56,90,11,291,-0.0006300043314695358
56,91,11,375,-0.018883340060710907
56,92,11,321,-0.0004361721221357584
56,93,11,405,-0.0005131021607667208
56,94,11,314,-0.0002897100639529526
56,95,11,302,-0.0003607792023103684
56,96,11,303,-0.00040348549373447895
56,97,11,304,-1.9257349777035415e-05
56,98,11,408,-0.00040605926187708974
56,99,11,307,-0.0003828644403256476
56,100,11,320,-0.0007301177247427404
56,101,11,404,-0.0007144271512515843
56,102,11,315,-0.00034629565197974443
56,103,11,268,-0.00021251030557323247
56,104,11,271,-0.0003303827834315598
56,105,11,272,-6.278519867919385e-05
56,106,11,325,-0.00042053943616338074
56,107,11,319,-0.0015418888069689274
56,108,11,403,-0.00043277553049847484
56,109,11,316,0.00016997642524074763
56,110,11,312,-0.0003531120019033551
56,111,11,311,-0.0004434959846548736
56,112,11,310,-0.00028068304527550936
56,113,11,415,-0.0003232557501178235
56,114,11,308,-0.00031359909917227924
56,115,11,324,-0.0001813835697248578
56,116,11,318,-0.001275347894988954
56,117,11,402,-0.00016636129294056445
56,118,11,317,-0.00030826416332274675
57,58,72,73,-2.6024026738014072e-05
57,59,72,74,-0.00045900748227722943
57,60,72,184,-0.00013151027087587863
57,61,72,77,0.00011785422248067334
57,62,72,90,-0.00012490275548771024
57,63,72,180,-0.0001657780958339572
57,64,72,85,-0.001417722087353468
57,65,72,16,-7.878443284425884e-05
57,66,72,12,0.00020309744286350906
57,67,72,38,0.00012151568807894364
57,68,72,41,0.00011306319356663153
57,69,72,42,6.151264096843079e-05
57,70,72,96,0.00011196493142051622
57,71,72,89,-0.00023658029385842383
57,72,72,179,2.6300323952455074e-05
57,73,72,86,-2.4862680220394395e-05
57,74,72,15,-3.9895548979984596e-05
57,75,72,13,0.00020328692335169762
57,76,72,82,-0.0006383288418874145
57,77,72,81,0.00016946303367149085
57,78,72,80,-0.00028486759401857853
57,79,72,191,7.793845725245774e-05
57,80,72,78,-0.0001072684972314164
57,81,72,95,0.00019235716899856925
57,82,72,88,1.9182887626811862e-05
57,83,72,178,-3.2640389690641314e-05
57,84,72,87,-1.557577525090892e-05
57,85,72,14,-9.216440957970917e-05
57,86,72,267,-0.0008555657113902271
57,87,72,269,9.257695637643337e-06
57,88,72,270,-0.0003182849904987961
57,89,72,409,-0.00035165008739568293
57,90,72,291,-0.00043174269376322627
57,91,72,375,-0.0005356592009775341
57,92,72,321,-0.0004036423924844712
57,93,72,405,-0.00023930129827931523
57,94,72,314,-0.00028933832072652876
57,95,72,302,2.059281359834131e-05
57,96,72,303,-9.73711721599102e-05
57,97,72,304,-0.0003659188805613667
57,98,72,408,-0.0003796110686380416
57,99,72,307,-0.0004182669799774885
57,100,72,320,-0.0003674265171866864
57,101,72,404,-4.97538858326152e-05
57,102,72,315,-0.0003927904472220689
57,103,72,268,4.181471740594134e-05
57,104,72,271,-0.00039246375672519207
57,105,72,272,-0.0005322787328623235
57,106,72,325,-0.0003164574736729264
57,107,72,319,-0.0011415837798267603
57,108,72,403,-0.00047956372145563364
57,109,72,316,-0.00022620061645284295
57,110,72,312,-0.00020534198847599328
57,111,72,311,6.023326932336204e-06
57,112,72,310,-0.0006822063587605953
57,113,72,415,-0.00011941079719690606
57,114,72,308,-0.0001476109173381701
57,115,72,324,-0.0007631643093191087
57,116,72,318,-0.00022963021183386445
57,117,72,402,-0.00024857258540578187
57,118,72,317,-0.00011222421017009765
58,59,73,74,-3.503313928376883e-05
58,60,73,184,0.00013723254960495979
58,61,73,77,-3.9982249290915206e-05
58,62,73,90,0.0002655426214914769
58,63,73,180,-4.5782526285620406e-05
58,64,73,85,-0.00043734355131164193
58,65,73,16,-0.00013163036783225834
58,66,73,12,-0.0006811396451666951
58,67,73,38,0.00013000292528886348
58,68,73,41,7.066520629450679e-05
58,69,73,42,-5.277142918203026e-06
58,70,73,96,0.0002002326655201614
58,71,73,89,-0.00013162630784790963
58,72,73,179,-0.0005166527698747814
58,73,73,86,-0.0008931073825806379
58,74,73,15,-0.000273178331553936
58,75,73,13,-0.0014049054589122534
58,76,73,82,-6.614370795432478e-05
58,77,73,81,-1.597210757608991e-05
58,78,73,80,2.1502713934751227e-05
58,79,73,191,0.000247191172093153
58,80,73,78,4.397408338263631e-05
58,81,73,95,0.0001207737295771949
58,82,73,88,0.0002965210296679288
58,83,73,178,0.00019452587002888322
58,84,73,87,0.00023036358470562845
58,85,73,14,-0.0007424812065437436
58,86,73,267,-0.000343565916409716
58,87,73,269,6.359160033753142e-05
58,88,73,270,2.8457905500545166e-05
58,89,73,409,-4.4487292143458035e-06
58,90,73,291,-0.05746658146381378
58,91,73,375,3.786654269788414e-05
58,92,73,321,-0.0003331904299557209
58,93,73,405,-0.0005743808578699827
58,94,73,314,-0.0008110529161058366
58,95,73,302,-7.84454750828445e-05
58,96,73,303,-0.00026550714392215014
58,97,73,304,-0.0001913230516947806
58,98,73,408,-0.00028894736897200346
58,99,73,307,-0.00022866750077810138
58,100,73,320,-0.0005296409945003688
58,101,73,404,-0.00044324519694782794
58,102,73,315,-0.0009445660398341715
58,103,73,268,-0.0003799208498094231
58,104,73,271,-0.0002753453445620835
58,105,73,272,2.3998876713449135e-05
58,106,73,325,-0.0004384309577289969
58,107,73,319,-0.000382983242161572
58,108,73,403,-0.00044172961497679353
58,109,73,316,-0.0006764396675862372
58,110,73,312,-0.000545453978702426
58,111,73,311,-0.00012472458183765411
58,112,73,310,5.463549314299598e-05
58,113,73,415,-0.0001503061648691073
58,114,73,308,-0.0005283117643557489
58,115,73,324,-8.290691766887903e-05
58,116,73,318,-0.000543631031177938
58,117,73,402,-0.0006370596238411963
58,118,73,317,-0.00027836996014229953
59,60,74,184,-0.0002185538614867255
59,61,74,77,0.00012407696340233088
59,62,74,90,0.0001141630855272524
59,63,74,180,-6.913185643497854e-05
59,64,74,85,-0.00033818482188507915
59,65,74,16,-0.00021836951782461256
59,66,74,12,-0.0008669938542880118
59,67,74,38,-0.0008175593102350831
59,68,74,41,0.00012105395580874756
59,69,74,42,8.282330236397684e-05
59,70,74,96,5.269833127385937e-05
59,71,74,89,-0.0004092922026757151
59,72,74,179,-0.0002611757954582572
59,73,74,86,-4.5732893340755254e-05
59,74,74,15,0.0003047382633667439
59,75,74,13,-0.0007260371930897236
59,76,74,82,-0.0007784717017784715
59,77,74,81,-0.00014382707013282925
59,78,74,80,-0.00039903560536913574
59,79,74,191,0.00026304172934032977
59,80,74,78,-0.00024350198509637266
59,81,74,95,-2.3164708181866445e-05
59,82,74,88,-0.00022880507458467036
59,83,74,178,-0.0006367698661051691
59,84,74,87,-0.00010241527343168855
59,85,74,14,-0.00013845617650076747
59,86,74,267,0.00012786434672307223
59,87,74,269,-0.00020510971080511808
59,88,74,270,7.331069355132058e-05
59,89,74,409,-0.00013550315634347498
59,90,74,291,3.458961145952344e-05
59,91,74,375,-3.5987461160402745e-05
59,92,74,321,-0.0005581470322795212
59,93,74,405,-0.0004174080095253885
59,94,74,314,-0.0004873856087215245
59,95,74,302,9.885721374303102e-05
59,96,74,303,0.00013071621651761234
59,97,74,304,-9.054418478626758e-05
59,98,74,408,6.250159640330821e-05
59,99,74,307,-0.00023153451911639422
59,100,74,320,-0.00024254467280115932
59,101,74,404,-0.0006491105305030942
59,102,74,315,-0.0004966052365489304
59,103,74,268,-0.00020896147179882973
59,104,74,271,8.2812097389251e-05
59,105,74,272,-5.61358938284684e-05
59,106,74,325,-0.0005397882196120918
59,107,74,319,2.672623668331653e-05
59,108,74,403,-0.00041300852899439633
59,109,74,316,-0.00013222174311522394
59,110,74,312,-1.2845557648688555e-05
59,111,74,311,-0.00040596514008939266
59,112,74,310,-0.0002920355764217675
59,113,74,415,-0.00022647441073786467
59,114,74,308,-0.00028122344519943
59,115,74,324,-0.0002949454647023231
59,116,74,318,-9.113003761740401e-05
59,117,74,402,-0.0002356904005864635
59,118,74,317,-0.0008265874348580837
60,61,184,77,0.0001025123565341346
60,62,184,90,-0.00034903816413134336
60,63,184,180,-0.0005646373028866947
60,64,184,85,-0.00024113644030876458
60,65,184,16,-0.00014662342437077314
60,66,184,12,0.0002213820262113586
60,67,184,38,-0.0002419676020508632
60,68,184,41,-1.1162326245539589e-06
60,69,184,42,2.2462898414232768e-05
60,70,184,96,-0.00034729312756098807
60,71,184,89,-0.0001792612165445462
60,72,184,179,-0.00033287605037912726
60,73,184,86,-3.5426126032689353e-06
60,74,184,15,-0.0001711761433398351
60,75,184,13,-3.321507392683998e-05
60,76,184,82,0.00016640446847304702
60,77,184,81,-9.201221109833568e-05
60,78,184,80,-0.00013172058970667422
60,79,184,191,-0.0003752382181119174
60,80,184,78,7.80572954681702e-05
60,81,184,95,-0.00036149818333797157
60,82,184,88,-0.0005104814772494137
60,83,184,178,-0.0007158007356338203
60,84,184,87,-0.0005262625054456294
60,85,184,14,-0.00044416170567274094
60,86,184,267,-0.00022348678612615913
60,87,184,269,4.225687007419765e-05
60,88,184,270,-0.00021619506878778338
60,89,184,409,-0.0003588758409023285
60,90,184,291,-0.00013901674537919462
60,91,184,375,-7.116803317330778e-05
60,92,184,321,-0.000357946555595845
60,93,184,405,-0.0003780154511332512
60,94,184,314,-0.0002723235229495913
60,95,184,302,-6.478701834566891e-05
60,96,184,303,-0.00022638349037151784
60,97,184,304,-0.00023603171575814486
60,98,184,408,-0.0005690942634828389
60,99,184,307,-0.000236153879086487
60,100,184,320,-0.0002372989838477224
60,101,184,404,-0.00021759606897830963
60,102,184,315,-0.0004861517227254808
60,103,184,268,-0.00015337808872573078
60,104,184,271,1.3047614629613236e-05
60,105,184,272,-0.00020105839939787984
60,106,184,325,1.9732413420570083e-05
60,107,184,319,-0.0003205346001777798
60,108,184,403,-0.0004717173578683287
60,109,184,316,-0.0004772209795191884
60,110,184,312,-1.0979899343510624e-05
60,111,184,311,2.9489132430171594e-05
60,112,184,310,3.632233710959554e-05
60,113,184,415,-0.00034804194001480937
60,114,184,308,-0.00011365193495294079
60,115,184,324,-4.017068204120733e-05
60,116,184,318,1.1492957128211856e-05
60,117,184,402,-0.00019682868150994182
60,118,184,317,-0.00012998543388675898
61,62,77,90,-0.0004783291951753199
61,63,77,180,2.2612264729104936e-05
61,64,77,85,0.0003441060252953321
61,65,77,16,-5.50230652152095e-05
61,66,77,12,-0.00011304084910079837
61,67,77,38,9.94934089249e-05
61,68,77,41,-3.1895262509351596e-05
61,69,77,42,0.00013589511218015105
61,70,77,96,-0.0002428925217827782
61,71,77,89,0.00012082493049092591
61,72,77,179,-0.00026807276299223304
61,73,77,86,-0.0001260573189938441
61,74,77,15,-0.00022713148791808635
61,75,77,13,-6.503336771856993e-05
61,76,77,82,-3.4220727684441954e-05
61,77,77,81,4.8179928853642195e-05
61,78,77,80,-5.106568642077036e-05
61,79,77,191,-0.00015222311776597053
61,80,77,78,-3.733268385985866e-05
61,81,77,95,-0.00010792238754220307
61,82,77,88,-0.0003506334323901683
61,83,77,178,-0.0003652998711913824
61,84,77,87,-0.00012689588766079396
61,85,77,14,-0.00011549841292435303
61,86,77,267,0.0002162108721677214
61,87,77,269,-4.088409241376212e-06
61,88,77,270,-9.565386790200137e-06
61,89,77,409,-0.0004149252490606159
61,90,77,291,4.303432069718838e-05
61,91,77,375,-0.00024318642681464553
61,92,77,321,-2.13038656511344e-05
61,93,77,405,-0.0001285108592128381
61,94,77,314,-0.00014392838056664914
61,95,77,302,-6.740350363543257e-05
61,96,77,303,4.6221692173276097e-05
61,97,77,304,-0.00019703057478182018
61,98,77,408,-0.0002792776795104146
61,99,77,307,2.491687519068364e-05
61,100,77,320,-7.480187923647463e-05
61,101,77,404,-0.00011715960135916248
61,102,77,315,-4.462523429538123e-05
61,103,77,268,4.5729640987701714e-05
61,104,77,271,6.119153567851754e-06
61,105,77,272,-0.00037881050957366824
61,106,77,325,-0.0005017842049710453
61,107,77,319,0.0001696909312158823
61,108,77,403,-3.193677912349813e-05
61,109,77,316,1.9886794689227827e-05
61,110,77,312,-0.00016353040700778365
61,111,77,311,-0.00013798802683595568
61,112,77,310,-0.0006503965123556554
61,113,77,415,0.0001612281776033342
61,114,77,308,-1.2124406566726975e-05
61,115,77,324,0.00018985550559591502
61,116,77,318,-0.0002975560200866312
61,117,77,402,-3.68207911378704e-05
61,118,77,317,0.0002554584643803537
62,63,90,180,-9.809463517740369e-05
62,64,90,85,3.4668988519115373e-05
62,65,90,16,-0.00018881815776694566
62,66,90,12,2.0319705072324723e-05
62,67,90,38,0.00011260428436798975
62,68,90,41,-0.0001657672692090273
62,69,90,42,7.277898112079129e-05
62,70,90,96,8.826475095702335e-05
62,71,90,89,-0.00040906318463385105
62,72,90,179,0.00012764397251885384
62,73,90,86,-6.204362580319867e-05
62,74,90,15,-0.0002443006669636816
62,75,90,13,-2.009170020755846e-05
62,76,90,82,-0.00018202021601609886
62,77,90,81,-4.872297722613439e-05
62,78,90,80,0.00010590856254566461
62,79,90,191,-0.00022771707153879106
62,80,90,78,-6.337182276183739e-05
62,81,90,95,0.0002356127224629745
62,82,90,88,-0.00016493568546138704
62,83,90,178,-0.00018724484834820032
62,84,90,87,-0.0006644587265327573
62,85,90,14,-0.00034747435711324215
62,86,90,267,0.00015602263738401234
62,87,90,269,3.842901060124859e-05
62,88,90,270,0.00012398752733133733
62,89,90,409,9.891032823361456e-05
62,90,90,291,-0.00013315299293026328
62,91,90,375,-0.00022756023099645972
62,92,90,321,-0.00017351344285998493
62,93,90,405,-2.92888375952316e-06
62,94,90,314,-0.00043153943261131644
62,95,90,302,-2.0036941350554116e-05
62,96,90,303,-4.572805846692063e-05
62,97,90,304,-3.980847759521566e-05
62,98,90,408,-0.0004059546045027673
62,99,90,307,3.6934517993358895e-05
62,100,90,320,-0.0001307817583438009
62,101,90,404,-0.0003589597181417048
62,102,90,315,-0.00034105568192899227
62,103,90,268,-1.3578850484918803e-05
62,104,90,271,-0.00017820110952015966
62,105,90,272,0.00011610723595367745
62,106,90,325,0.00014307493984233588
62,107,90,319,-3.21468869515229e-05
62,108,90,403,-0.00013990649313200265
62,109,90,316,-0.00030039591365493834
62,110,90,312,-6.29406058578752e-05
62,111,90,311,3.643985837697983e-05
62,112,90,310,-0.00028777867555618286
62,113,90,415,-0.00036820766399614513
62,114,90,308,0.00020395008323248476
62,115,90,324,0.00014306226512417197
62,116,90,318,-0.00016113951278384775
62,117,90,402,-0.0001331559324171394
62,118,90,317,7.101771916495636e-05
63,64,180,85,0.00012047826021444052
63,65,180,16,-0.0005966852768324316
63,66,180,12,0.00017826844123192132
63,67,180,38,3.222398390789749e-06
63,68,180,41,8.219773008022457e-05
63,69,180,42,0.00011600703146541491
63,70,180,96,-9.949650120688602e-05
63,71,180,89,0.00012104241613997146
63,72,180,179,-0.00042145472252741456
63,73,180,86,-0.0005379608483053744
63,74,180,15,-0.00013233130448497832
63,75,180,13,0.0001472474541515112
63,76,180,82,7.316148548852652e-05
63,77,180,81,9.902013698592782e-05
63,78,180,80,-2.117414442182053e-05
63,79,180,191,2.176995803893078e-05
63,80,180,78,-2.8598136850632727e-05
63,81,180,95,6.316470535239205e-05
63,82,180,88,0.00011571045615710318
63,83,180,178,-0.0002081463171634823
63,84,180,87,1.5621393686160445e-05
63,85,180,14,-0.0009028381900861859
63,86,180,267,0.00029357371386140585
63,87,180,269,0.0002526924363337457
63,88,180,270,-8.014620107132941e-05
63,89,180,409,-8.056577644310892e-05
63,90,180,291,-9.000056161312386e-05
63,91,180,375,-0.0005200348678044975
63,92,180,321,-3.3001761039486155e-05
63,93,180,405,-0.0003065902565140277
63,94,180,314,0.0001336201385129243
63,95,180,302,0.0001762841857271269
63,96,180,303,8.400575461564586e-05
63,97,180,304,-7.833590643713251e-05
63,98,180,408,-0.00014632396050728858
63,99,180,307,-0.00014984920562710613
63,100,180,320,-0.00011336347961332649
63,101,180,404,-2.9268772777868435e-05
63,102,180,315,-0.00010254186054226011
63,103,180,268,2.4870472770999186e-05
63,104,180,271,-1.951956255652476e-05
63,105,180,272,-0.00023055107158143073
63,106,180,325,-8.6948748503346e-05
63,107,180,319,-0.00028844017651863396
63,108,180,403,-8.359608909813687e-05
63,109,180,316,-0.00029309417004697025
63,110,180,312,-0.00010638813546393067
63,111,180,311,-0.00033874434302560985
63,112,180,310,-0.00022143284149933606
63,113,180,415,-0.0003967953962273896
63,114,180,308,-7.530805305577815e-05
63,115,180,324,4.373997580842115e-05
63,116,180,318,1.4318661669676658e-05
63,117,180,402,3.091661346843466e-05
63,118,180,317,-0.0005302857025526464
64,65,85,16,-3.1237614166457206e-05
64,66,85,12,3.523832856444642e-05
64,67,85,38,-0.00018904241733253002
64,68,85,41,0.00025090426788665354
64,69,85,42,-0.00018379201355855912
64,70,85,96,0.00011027386790374294
64,71,85,89,8.935532241594046e-05
64,72,85,179,-6.679686339339241e-05
64,73,85,86,-0.00013070738350506872
64,74,85,15,3.0498293199343607e-05
64,75,85,13,0.00011372528388164937
64,76,85,82,0.00023759658506605774
64,77,85,81,4.849704055231996e-05
64,78,85,80,0.00014882930554449558
64,79,85,191,-0.00031350034987553954
64,80,85,78,-1.7686625142232515e-05
64,81,85,95,-3.249719156883657e-05
64,82,85,88,-0.00010495687456568703
64,83,85,178,-0.00017858509090729058
64,84,85,87,-0.00028347503393888474
64,85,85,14,-0.00010347526404075325
64,86,85,267,7.638099486939609e-05
64,87,85,269,-4.8213201807811856e-05
64,88,85,270,-6.787705206079409e-05
64,89,85,409,0.00010400127939647064
64,90,85,291,-0.000102792248071637
64,91,85,375,-0.0004434735747054219
64,92,85,321,-1.728490246932779e-06
64,93,85,405,1.3449788639263716e-05
64,94,85,314,1.0778125215438195e-05
64,95,85,302,0.00022458516468759626
64,96,85,303,3.670797377708368e-05
64,97,85,304,-8.22173387859948e-05
64,98,85,408,1.5585315850330517e-05
64,99,85,307,-0.060612428933382034
64,100,85,320,-0.000196046574274078
64,101,85,404,-0.0003314321511425078
64,102,85,315,-2.0153282093815506e-05
64,103,85,268,3.2373918656958267e-06
64,104,85,271,-2.8098083930672146e-05
64,105,85,272,-2.6210853320662864e-05
64,106,85,325,-1.286778842768399e-05
64,107,85,319,-6.402498911484145e-06
64,108,85,403,-5.0237096729688346e-05
64,109,85,316,-0.0001895280001917854
64,110,85,312,-0.0002476863737683743
64,111,85,311,-0.00019515100575517863
64,112,85,310,-0.00012769240129273385
64,113,85,415,-0.0006062124739401042
64,114,85,308,-0.00024633388966321945
64,115,85,324,0.18038120865821838
64,116,85,318,-0.00027586836949922144
64,117,85,402,-5.523929758055601e-06
64,118,85,317,-7.888831896707416e-05
65,66,16,12,-0.0006742638070136309
65,67,16,38,-7.67991368775256e-05
65,68,16,41,-0.00026387552497908473
65,69,16,42,-0.00015790753241162747
65,70,16,96,0.00043726706644520164
65,71,16,89,-0.0003534305142238736
65,72,16,179,-0.00017132125503849238
65,73,16,86,-0.0006456535775214434
65,74,16,15,-0.000579267623834312
65,75,16,13,-0.0008288181270472705
65,76,16,82,-0.00010149051377084106
65,77,16,81,4.1415456507820636e-05
65,78,16,80,-0.00044243488810025156
65,79,16,191,3.068525984417647e-05
65,80,16,78,0.001046556979417801
65,81,16,95,-0.00011978149996139109
65,82,16,88,0.0003538202727213502
65,83,16,178,-0.0008253319538198411
65,84,16,87,-0.00022846809588372707
65,85,16,14,-0.0009160742629319429
65,86,16,267,-8.20029599708505e-05
65,87,16,269,-8.380119106732309e-05
65,88,16,270,-0.00028675570501945913
65,89,16,409,-0.004645609762519598
65,90,16,291,-0.0003144844376947731
65,91,16,375,-0.0029264765325933695
65,92,16,321,-0.0001449957926524803
65,93,16,405,7.046693644952029e-05
65,94,16,314,-0.00014839447976555675
65,95,16,302,0.0001073332823580131
65,96,16,303,4.465860911295749e-05
65,97,16,304,4.2211631807731465e-06
65,98,16,408,-0.002103738486766815
65,99,16,307,-0.002264777198433876
65,100,16,320,-5.032168701291084e-05
65,101,16,404,-0.00021831310004927218
65,102,16,315,-0.00029201334109529853
65,103,16,268,0.0001819116878323257
65,104,16,271,2.395188857917674e-05
65,105,16,272,7.945804827613756e-05
65,106,16,325,-9.41996113397181e-05
65,107,16,319,1.9287328541395254e-05
65,108,16,403,-0.0002059036196442321
65,109,16,316,7.004034705460072e-05
65,110,16,312,-0.00018038475536741316
65,111,16,311,-6.870198831165908e-06
65,112,16,310,-0.0004955103504471481
65,113,16,415,-7.598139200126752e-05
65,114,16,308,-8.143293962348253e-05
65,115,16,324,1.6440038962173276e-05
65,116,16,318,0.00022742008150089532
65,117,16,402,-0.00019322134903632104
65,118,16,317,-2.1551424651988782e-05
66,67,12,38,-0.00015355741197708994
66,68,12,41,-0.0011669371742755175
66,69,12,42,-1.590082138136495e-05
66,70,12,96,0.0002962506259791553
66,71,12,89,0.0002328115951968357
66,72,12,179,0.0001288296189159155
66,73,12,86,-0.0004420921904966235
66,74,12,15,-8.099203114397824e-05
66,75,12,13,0.0002599665313027799
66,76,12,82,-6.214510358404368e-05
66,77,12,81,-0.0012226129183545709
66,78,12,80,0.00013336108531802893
66,79,12,191,7.267062028404325e-05
66,80,12,78,1.4650292541773524e-05
66,81,12,95,9.863545074040303e-07
66,82,12,88,-0.0002552074729464948
66,83,12,178,-0.0001391222031088546
66,84,12,87,9.508917173661757e-06
66,85,12,14,3.765953442780301e-05
66,86,12,267,-0.00011030629684682935
66,87,12,269,-0.00044138796511106193
66,88,12,270,-0.0006169010302983224
66,89,12,409,-0.0009096852736547589
66,90,12,291,-0.00028317735996097326
66,91,12,375,-0.019550079479813576
66,92,12,321,-0.0007624653517268598
66,93,12,405,-0.000446983496658504
66,94,12,314,-0.00016788006178103387
66,95,12,302,-0.0003451664524618536
66,96,12,303,-0.0006482342141680419
66,97,12,304,-0.0006052913959138095
66,98,12,408,-7.215171353891492e-05
66,99,12,307,-0.002413843059912324
66,100,12,320,-0.0009815278463065624
66,101,12,404,-0.0002189754886785522
66,102,12,315,-0.0002135481045115739
66,103,12,268,-7.182348053902388e-05
66,104,12,271,-0.0004340783634688705
66,105,12,272,-0.00048304570373147726
66,106,12,325,-0.00016732770018279552
66,107,12,319,-0.0005603452445939183
66,108,12,403,-0.000936774245928973
66,109,12,316,0.0002573032979853451
66,110,12,312,-0.00010119054059032351
66,111,12,311,-0.00021004900918342173
66,112,12,310,-0.0008322394569404423
66,113,12,415,-0.0001728770148474723
66,114,12,308,-0.00023194620735011995
66,115,12,324,0.0001374594576191157
66,116,12,318,-0.0006466258782893419
66,117,12,402,-0.00034153126762248576
66,118,12,317,0.0003358489484526217
67,68,38,41,-9.217728802468628e-06
67,69,38,42,0.00012382199929561466
67,70,38,96,0.0001094585022656247
67,71,38,89,-0.00016369593504350632
67,72,38,179,0.0001481256476836279
67,73,38,86,-0.0008212762768380344
67,74,38,15,-0.00020817754557356238
67,75,38,13,0.00020601732830982655
67,76,38,82,-9.295414201915264e-05
67,77,38,81,1.8289618310518563e-05
67,78,38,80,0.0001572624605614692
67,79,38,191,0.00010696832032408565
67,80,38,78,-4.569210796034895e-05
67,81,38,95,4.531714512268081e-05
67,82,38,88,3.717258732649498e-05
67,83,38,178,-5.274499562801793e-05
67,84,38,87,0.00010342017048969865
67,85,38,14,-0.0001471454743295908
67,86,38,267,-0.00036610837560147047
67,87,38,269,-8.35098180687055e-05
67,88,38,270,-2.929038237198256e-05
67,89,38,409,-0.0003622164949774742
67,90,38,291,-0.0004362172039691359
67,91,38,375,-0.00020202374435029924
67,92,38,321,-0.00046439594007097185
67,93,38,405,-0.0007065159152261913
67,94,38,314,-0.0007701324066147208
67,95,38,302,-0.0004705300962086767
67,96,38,303,5.7083230785792693e-05
67,97,38,304,-9.90137123153545e-05
67,98,38,408,-0.00011820058716693893
67,99,38,307,-6.27350018476136e-05
67,100,38,320,-0.0003478935395833105
67,101,38,404,-0.0006071372190490365
67,102,38,315,-0.0004906042595393956
67,103,38,268,-8.79199942573905e-05
67,104,38,271,-0.0002627632929943502
67,105,38,272,-0.00023121197591535747
67,106,38,325,-0.0007942126248963177
67,107,38,319,-0.0009260110673494637
67,108,38,403,-0.0002902412670664489
67,109,38,316,-0.0003602185461204499
67,110,38,312,-0.0002425540005788207
67,111,38,311,-0.00026446240372024477
67,112,38,310,-0.000407541316235438
67,113,38,415,-0.0005404523108154535
67,114,38,308,-0.0005354161257855594
67,115,38,324,-0.0005668285884894431
67,116,38,318,-0.0008709959220141172
67,117,38,402,-0.00029900114168412983
67,118,38,317,-0.00022882639314047992
68,69,41,42,-5.341061842045747e-05
68,70,41,96,0.00013173783372621983
68,71,41,89,-0.00010360428859712556
68,72,41,179,-1.7890499293571338e-05
68,73,41,86,-0.00030821742257103324
68,74,41,15,-6.03088119532913e-05
68,75,41,13,-0.00036026991438120604
68,76,41,82,-1.8355523934587836e-05
68,77,41,81,-0.00023348686227109283
68,78,41,80,0.00020060759561602026
68,79,41,191,-0.00013748813944403082
68,80,41,78,-0.00020275983843021095
68,81,41,95,0.00015628206892870367
68,82,41,88,0.00012792447523679584
68,83,41,178,-0.00042754606693051755
68,84,41,87,-6.461094926635269e-06
68,85,41,14,-0.0003311475447844714
68,86,41,267,-0.00041343035991303623
68,87,41,269,-0.00010715229291236028
68,88,41,270,-4.6144188672769815e-05
68,89,41,409,-0.0002684691280592233
68,90,41,291,-0.0006711878231726587
68,91,41,375,-6.42982849967666e-05
68,92,41,321,-0.00010688917973311618
68,93,41,405,-0.00047717144479975104
68,94,41,314,-0.0007282263832166791
68,95,41,302,-0.00034364816383458674
68,96,41,303,-8.754961163504049e-05
68,97,41,304,-1.5009392200227012e-06
68,98,41,408,-3.978017048211768e-06
68,99,41,307,-0.0005223929765634239
68,100,41,320,-0.0003263593534938991
68,101,41,404,-0.0005127830081619322
68,102,41,315,-0.0007724204333499074
68,103,41,268,-0.00038866058457642794
68,104,41,271,-5.912143024033867e-05
68,105,41,272,-0.00028321475838311017
68,106,41,325,5.14089988428168e-05
68,107,41,319,-0.000361941521987319
68,108,41,403,-0.0005464557907544076
68,109,41,316,-0.0002575227408669889
68,110,41,312,-9.046717605087906e-05
68,111,41,311,1.3189970559324138e-05
68,112,41,310,5.736168168368749e-05
68,113,41,415,-0.0002641066676005721
68,114,41,308,0.2290479987859726
68,115,41,324,-3.6374203773448244e-05
68,116,41,318,-0.0008899334934540093
68,117,41,402,-0.00016693510406184942
68,118,41,317,-0.0005782495136372745
69,70,42,96,0.000162082418682985
69,71,42,89,0.00015600438928231597
69,72,42,179,-3.424374881433323e-05
69,73,42,86,-0.0007078176131471992
69,74,42,15,-0.0010552889434620738
69,75,42,13,-0.0014731328701600432
69,76,42,82,-0.0011372892186045647
69,77,42,81,-0.000311324984068051
69,78,42,80,1.5058113604027312e-05
69,79,42,191,5.430441160569899e-05
69,80,42,78,-9.327944280812517e-05
69,81,42,95,0.00015364809951279312
69,82,42,88,-3.40402802976314e-05
69,83,42,178,-0.00037984063965268433
69,84,42,87,-0.00014023737458046526
69,85,42,14,-3.83971564588137e-05
69,86,42,267,-1.2561044968606438e-05
69,87,42,269,-8.46309048938565e-05
69,88,42,270,-0.0003197547630406916
69,89,42,409,-0.000313081982312724
69,90,42,291,-0.0005039889365434647
69,91,42,375,-0.0006279522785916924
69,92,42,321,-0.0004509871359914541
69,93,42,405,-0.0006021875306032598
69,94,42,314,-0.0006644903332926333
69,95,42,302,-0.0001503071398474276
69,96,42,303,7.722513691987842e-05
69,97,42,304,-0.00010347049828851596
69,98,42,408,0.00018348857702221721
69,99,42,307,-7.568612636532634e-05
69,100,42,320,-0.00035700766602531075
69,101,42,404,-0.0001724664180073887
69,102,42,315,-0.0006485178600996733
69,103,42,268,4.2703199142124504e-05
69,104,42,271,-0.00029294000705704093
69,105,42,272,-0.00014208137872628868
69,106,42,325,-0.00017788881086744368
69,107,42,319,-0.00045193740515969694
69,108,42,403,-0.0003790173213928938
69,109,42,316,-7.120582449715585e-05
69,110,42,312,2.6299883757019415e-05
69,111,42,311,-8.743751823203638e-05
69,112,42,310,6.725416460540146e-05
69,113,42,415,-0.0006143637001514435
69,114,42,308,0.24717530608177185
69,115,42,324,-0.00014438852667808533
69,116,42,318,-0.000150904874317348
69,117,42,402,-0.0004509931895881891
69,118,42,317,-0.00028312703943811357
70,71,96,89,0.00018265748803969473
70,72,96,179,0.00019046058878302574
70,73,96,86,0.00012412398064043373
70,74,96,15,7.662204006919637e-05
70,75,96,13,0.00034096851595677435
70,76,96,82,0.00020699585729744285
70,77,96,81,0.00011078095121774822
70,78,96,80,4.646803517971421e-06
70,79,96,191,-0.00010428419045638293
70,80,96,78,-8.152367809088901e-05
70,81,96,95,-0.0002249503886559978
70,82,96,88,0.000328083144268021
70,83,96,178,7.612522949784761e-06
70,84,96,87,-9.020826109917834e-05
70,85,96,14,-8.960929699242115e-05
70,86,96,267,3.162842767778784e-05
70,87,96,269,-0.00019535637693479657
70,88,96,270,-0.00012089930532965809
70,89,96,409,3.143482899758965e-05
70,90,96,291,-0.0006191257853060961
70,91,96,375,1.8039002043224173e-06
70,92,96,321,-0.00037008963408879936
70,93,96,405,-0.0001372087572235614
70,94,96,314,-0.00016005570068955421
70,95,96,302,-3.763022687053308e-05
70,96,96,303,-3.988188109360635e-05
70,97,96,304,-0.00010254392691422254
70,98,96,408,-0.0002744973171502352
70,99,96,307,-0.00014296750305220485
70,100,96,320,-0.00018725702830124646
70,101,96,404,-6.6902134676638525e-06
70,102,96,315,-0.00023032032186165452
70,103,96,268,-7.430691766785458e-05
70,104,96,271,-0.00041927280835807323
70,105,96,272,-0.00018177654419559985
70,106,96,325,-0.0003203668165951967
70,107,96,319,2.719493068070733e-06
70,108,96,403,-8.200812590075657e-05
70,109,96,316,-4.036153404740617e-05
70,110,96,312,-8.529173101123888e-06
70,111,96,311,-0.0002086302702082321
70,112,96,310,-2.867771399905905e-05
70,113,96,415,0.25194796919822693
70,114,96,308,0.1333303451538086
70,115,96,324,-0.000490067875944078
70,116,96,318,-0.00046670655137859285
70,117,96,402,-0.0003118493186775595
70,118,96,317,-2.4161940018530004e-05
71,72,89,179,-9.007026528706774e-05
71,73,89,86,-6.916929123690352e-05
71,74,89,15,-0.0008617598214186728
71,75,89,13,-7.083258242346346e-05
71,76,89,82,7.555290358141065e-05
71,77,89,81,0.00011450506281107664
71,78,89,80,0.00016154262993950397
71,79,89,191,-2.8309044864727184e-05
71,80,89,78,-5.700787005480379e-05
71,81,89,95,-7.341638411162421e-05
71,82,89,88,-0.0002447233418934047
71,83,89,178,-0.00014256546273827553
71,84,89,87,0.00013334647519513965
71,85,89,14,-0.00021959884907118976
71,86,89,267,5.068439349997789e-05
71,87,89,269,8.21991779957898e-05
71,88,89,270,-8.024702401598915e-05
71,89,89,409,-8.412764145759866e-05
71,90,89,291,-0.00013623869745060802
71,91,89,375,-1.2345126378932036e-05
71,92,89,321,-0.00029037671629339457
71,93,89,405,-0.0003709669690579176
71,94,89,314,-0.00029552241903729737
71,95,89,302,-0.00013214998762123287
71,96,89,303,2.917702204285888e-07
71,97,89,304,-5.892088302061893e-05
71,98,89,408,-0.0003326310543343425
71,99,89,307,-0.0002094406372634694
71,100,89,320,-0.0004245458694640547
71,101,89,404,-0.00013742085138801485
71,102,89,315,-0.0002666165819391608
71,103,89,268,1.4628394637838937e-06
71,104,89,271,-0.00011777045438066125
71,105,89,272,-0.0001333508698735386
71,106,89,325,-0.0001442642678739503
71,107,89,319,0.0001741105515975505
71,108,89,403,-0.0004933165037073195
71,109,89,316,-0.00025703609571792185
71,110,89,312,-0.00011279164755251259
71,111,89,311,-8.130690548568964e-05
71,112,89,310,-6.887163908686489e-05
71,113,89,415,-0.00010703696170821786
71,114,89,308,0.0002935240918304771
71,115,89,324,-5.588036947301589e-05
71,116,89,318,1.9573167264752556e-06
71,117,89,402,-0.00028667456354014575
71,118,89,317,3.6338064091978595e-05
72,73,179,86,-0.0002505950105842203
72,74,179,15,-7.51654151827097e-05
72,75,179,13,0.00020433805184438825
72,76,179,82,-4.961390732205473e-05
72,77,179,81,0.00020016364578623325
72,78,179,80,8.231184619944543e-05
72,79,179,191,-4.230505874147639e-05
72,80,179,78,-0.00010668387403711677
72,81,179,95,-1.2678857274295297e-05
72,82,179,88,0.00014796490722801536
72,83,179,178,-0.0005040175747126341
72,84,179,87,-0.00039328262209892273
72,85,179,14,-0.0007648520986549556
72,86,179,267,-0.00019098128541372716
72,87,179,269,-0.00010513229062780738
72,88,179,270,-8.713965507922694e-05
72,89,179,409,1.4533438843500335e-05
72,90,179,291,-0.0001616563822608441
72,91,179,375,-0.00026575737865641713
72,92,179,321,-0.0002657936711329967
72,93,179,405,-3.3723430533427745e-05
72,94,179,314,-0.0003661414666566998
72,95,179,302,7.946271216496825e-05
72,96,179,303,8.012738544493914e-05
72,97,179,304,-0.00020227419736329466
72,98,179,408,0.00018713175086304545
72,99,179,307,-0.00010526159894652665
72,100,179,320,-3.881239172187634e-05
72,101,179,404,-0.00010112298332387581
72,102,179,315,-0.00038381089689210057
72,103,179,268,-0.00017431422020308673
72,104,179,271,-0.0002540714049246162
72,105,179,272,-0.0005404692492447793
72,106,179,325,6.554421997861937e-05
72,107,179,319,-0.00024353721528314054
72,108,179,403,-0.00044046854600310326
72,109,179,316,-0.00046596446190960705
72,110,179,312,-0.00021696930343750864
72,111,179,311,4.485292811295949e-05
72,112,179,310,-0.00030111082014627755
72,113,179,415,0.0001513953466201201
72,114,179,308,-0.0003011637891177088
72,115,179,324,-7.707734766881913e-05
72,116,179,318,-0.00040541987982578576
72,117,179,402,1.3456450687954202e-05
72,118,179,317,-0.0002897176309488714
73,74,86,15,-0.00011887609434779733
73,75,86,13,-0.00015738919319119304
73,76,86,82,2.9959348466945812e-05
73,77,86,81,-0.00018834586080629379
73,78,86,80,-6.685193511657417e-05
73,79,86,191,-0.0004399670579005033
73,80,86,78,-4.01887773477938e-05
73,81,86,95,0.00016327324556186795
73,82,86,88,3.923639269487467e-06
73,83,86,178,-5.022247933084145e-05
73,84,86,87,-0.00037764260196127
73,85,86,14,-0.00011762171925511211
73,86,86,267,0.000258462387137115
73,87,86,269,2.544521885283757e-05
73,88,86,270,-0.00010587983706500381
73,89,86,409,-2.82326691376511e-05
73,90,86,291,-2.7514543035067618e-05
73,91,86,375,-0.0012326971627771854
73,92,86,321,-0.00019098450138699263
73,93,86,405,-0.0004186927108094096
73,94,86,314,-0.0007232874631881714
73,95,86,302,-4.021945642307401e-05
73,96,86,303,-0.0001287586201215163
73,97,86,304,8.824291580822319e-05
73,98,86,408,-5.283356586005539e-05
73,99,86,307,-0.000480875838547945
73,100,86,320,-0.00042220737668685615
73,101,86,404,-0.00010210902837570757
73,102,86,315,-0.00033723338856361806
73,103,86,268,-2.6362095013610087e-06
73,104,86,271,-7.48819365981035e-05
73,105,86,272,-0.00020814314484596252
73,106,86,325,0.00010956019104924053
73,107,86,319,-0.0003611631109379232
73,108,86,403,-5.12578189955093e-05
73,109,86,316,-0.0001720326254144311
73,110,86,312,-0.00016847816004883498
73,111,86,311,-0.00019862939370796084
73,112,86,310,-5.066487574367784e-05
73,113,86,415,0.00024153034610208124
73,114,86,308,-0.0003414149396121502
73,115,86,324,4.8932372010312974e-05
73,116,86,318,-0.00026223246823064983
73,117,86,402,8.225737110478804e-05
73,118,86,317,-0.0002552507212385535
74,75,15,13,-0.0004697319236584008
74,76,15,82,-0.00028392323292791843
74,77,15,81,-0.0004376770230010152
74,78,15,80,-0.0004887626855634153
74,79,15,191,-2.5552688384777866e-05
74,80,15,78,0.000751818937715143
74,81,15,95,-0.00018209681729786098
74,82,15,88,-0.00025761593133211136
74,83,15,178,-0.0003740320389624685
74,84,15,87,-0.00011898338561877608
74,85,15,14,-0.0010603885166347027
74,86,15,267,0.0001510686124674976
74,87,15,269,-0.0001532940223114565
74,88,15,270,-0.0002285439259139821
74,89,15,409,0.00015575259749311954
74,90,15,291,-0.0002356319600949064
74,91,15,375,-0.001565060461871326
74,92,15,321,-0.00036754802567884326
74,93,15,405,-0.00015680960495956242
74,94,15,314,-0.00011244479537708685
74,95,15,302,-0.00012215434981044382
74,96,15,303,-0.0001551148743601516
74,97,15,304,0.00011312505375826731
74,98,15,408,0.00013668999599758536
74,99,15,307,-0.00029130378970876336
74,100,15,320,0.000193664338439703
74,101,15,404,-0.0004280403954908252
74,102,15,315,-0.00030317739583551884
74,103,15,268,0.0003672489838209003
74,104,15,271,-0.0003792006173171103
74,105,15,272,-0.00015840749256312847
74,106,15,325,-0.0005186499911360443
74,107,15,319,1.6605634982624906e-06
74,108,15,403,-0.00026463877293281257
74,109,15,316,-0.00030051430803723633
74,110,15,312,0.0006281615351326764
74,111,15,311,-0.00022620998788625002
74,112,15,310,0.00010002766794059426
74,113,15,415,-3.3041806091205217e-06
74,114,15,308,-0.0007945977849885821
74,115,15,324,0.0001611811894690618
74,116,15,318,-3.779220423894003e-05
74,117,15,402,-0.00011972187348874286
74,118,15,317,-7.309849752346054e-05
75,76,13,82,4.693646405939944e-05
75,77,13,81,-0.0011822246015071869
75,78,13,80,-5.019425771024544e-06
75,79,13,191,0.00013840115570928901
75,80,13,78,-7.414830906782299e-05
75,81,13,95,-1.2812447494070511e-05
75,82,13,88,-0.0002043369022430852
75,83,13,178,0.00016152857278939337
75,84,13,87,2.1158084564376622e-06
75,85,13,14,-0.0005115108215250075
75,86,13,267,-0.000171917665284127
75,87,13,269,-0.0004099773650523275
75,88,13,270,-0.000533588114194572
75,89,13,409,-0.0007772084209136665
75,90,13,291,-0.0005077157984487712
75,91,13,375,-0.009643797762691975
75,92,13,321,-0.0006170969572849572
75,93,13,405,-0.00046285675489343703
75,94,13,314,-0.00033659342443570495
75,95,13,302,-1.2942327884957194e-05
75,96,13,303,-0.00015642042853869498
75,97,13,304,-3.601285789045505e-05
75,98,13,408,-0.0005240814643912017
75,99,13,307,-0.002113193739205599
75,100,13,320,-0.0009245258988812566
75,101,13,404,-0.0009952291147783399
75,102,13,315,-0.00026222894666716456
75,103,13,268,-0.0003942140901926905
75,104,13,271,-0.0003104506467934698
75,105,13,272,-0.0002747985708992928
75,106,13,325,-0.0033685192465782166
75,107,13,319,-0.0006029097712598741
75,108,13,403,-0.00013500661589205265
75,109,13,316,-5.317397153703496e-05
75,110,13,312,-0.00041158089879900217
75,111,13,311,-0.0002719936310313642
75,112,13,310,-0.00031031749676913023
75,113,13,415,-0.00014184333849698305
75,114,13,308,-0.0002608128124848008
75,115,13,324,0.00025855511194095016
75,116,13,318,-0.00016683159628883004
75,117,13,402,-0.0002795427280943841
75,118,13,317,-0.0004607546725310385
76,77,82,81,-4.0837818232830614e-05
76,78,82,80,-4.1599141695769504e-05
76,79,82,191,-5.500950919667957e-06
76,80,82,78,-6.0123169532744214e-05
76,81,82,95,-0.00015815682127140462
76,82,82,88,2.560058783274144e-05
76,83,82,178,0.00012944221089128405
76,84,82,87,-3.0448536563199013e-05
76,85,82,14,-0.00037715330836363137
76,86,82,267,-5.8805268054129556e-05
76,87,82,269,-0.0004933584714308381
76,88,82,270,-9.048229549080133e-05
76,89,82,409,-0.0005474337376654148
76,90,82,291,-0.0005542340804822743
76,91,82,375,-0.0007772956159897149
76,92,82,321,-0.00033169143716804683
76,93,82,405,-0.00041328190127387643
76,94,82,314,-4.546535274130292e-05
76,95,82,302,5.2298997616162524e-05
76,96,82,303,-6.023553214618005e-05
76,97,82,304,-0.00019007589435204864
76,98,82,408,-0.0001258112461073324
76,99,82,307,-0.033472590148448944
76,100,82,320,-0.0003972671111114323
76,101,82,404,-0.000818069267552346
76,102,82,315,-0.0002503111318219453
76,103,82,268,9.56890798988752e-05
76,104,82,271,-0.0004374634299892932
76,105,82,272,-0.00046564594958908856
76,106,82,325,-0.00048692923155613244
76,107,82,319,-0.0009321349789388478
76,108,82,403,-4.2707329157565255e-06
76,109,82,316,-0.0002592607634142041
76,110,82,312,-0.0006336676888167858
76,111,82,311,-0.00025349523639306426
76,112,82,310,-0.0006559985340572894
76,113,82,415,-0.0004306951304897666
76,114,82,308,-4.4338223233353347e-05
76,115,82,324,-0.0010865802178159356
76,116,82,318,-0.0002941030834335834
76,117,82,402,-0.00041217441321350634
76,118,82,317,-0.000288027455098927
77,78,81,80,0.00013517324987333268
77,79,81,191,0.00011820772488135844
77,80,81,78,9.930999658536166e-05
77,81,81,95,3.0977902497397736e-05
77,82,81,88,5.019191303290427e-05
77,83,81,178,1.9506602257024497e-05
77,84,81,87,-0.00012277766654733568
77,85,81,14,-7.211403863038868e-05
77,86,81,267,-0.000267775118118152
77,87,81,269,-0.00014761663624085486
77,88,81,270,-0.0005363003583624959
77,89,81,409,4.039746636408381e-05
77,90,81,291,-7.3103406066366006e-06
77,91,81,375,-7.755050319246948e-05
77,92,81,321,-0.00043396675027906895
77,93,81,405,-0.0004257358959876001
77,94,81,314,-0.00024221351486630738
77,95,81,302,0.00012392237840685993
77,96,81,303,-4.69938458991237e-05
77,97,81,304,-0.00018060706497635692
77,98,81,408,-0.00021414058574009687
77,99,81,307,-0.0005578408599831164
77,100,81,320,-0.0005564686725847423
77,101,81,404,-0.00034633249742910266
77,102,81,315,-0.0003579761541914195
77,103,81,268,5.8721932873595506e-05
77,104,81,271,5.6990873417817056e-05
77,105,81,272,-0.00011365648242644966
77,106,81,325,-0.00010577523789834231
77,107,81,319,-0.0007474347366951406
77,108,81,403,-0.0005103846779093146
77,109,81,316,-0.0003803550498560071
77,110,81,312,-0.0002599800645839423
77,111,81,311,-0.0005528765032067895
77,112,81,310,-0.0004932329175062478
77,113,81,415,4.12648751080269e-06
77,114,81,308,0.029130760580301285
77,115,81,324,-0.000575002864934504
77,116,81,318,-0.0008846669807098806
77,117,81,402,-0.0006714040646329522
77,118,81,317,-0.00048137412522919476
78,79,80,191,-0.00013376037531998008
78,80,80,78,-8.082059503067285e-05
78,81,80,95,-2.5650644602137618e-05
78,82,80,88,-0.00039709420525468886
78,83,80,178,-0.00033189464011229575
78,84,80,87,0.00023622835578862578
78,85,80,14,0.00018396078667137772
78,86,80,267,-0.00014593853848055005
78,87,80,269,-0.000478734087664634
78,88,80,270,-0.00010077766637550667
78,89,80,409,1.7075824871426448e-05
78,90,80,291,-0.0005326431710273027
78,91,80,375,-0.00058995361905545
78,92,80,321,-0.00013056074385531247
78,93,80,405,-0.000592560158111155
78,94,80,314,-0.00027820508694276214
78,95,80,302,0.00012409331975504756
78,96,80,303,-0.00016336544649675488
78,97,80,304,-0.00012067765783285722
78,98,80,408,-9.814347140491009e-05
78,99,80,307,-0.0003390981291886419
78,100,80,320,-0.0004773533728439361
78,101,80,404,-0.000208450568607077
78,102,80,315,-8.899065142031759e-05
78,103,80,268,-6.18605554336682e-05
78,104,80,271,-5.604037141893059e-05
78,105,80,272,-3.077865358136478e-06
78,106,80,325,-0.0001258017582586035
78,107,80,319,-0.000203604344278574
78,108,80,403,-0.00042134427349083126
78,109,80,316,-0.0003806015884038061
78,110,80,312,2.6189576601609588e-05
78,111,80,311,-1.917916779348161e-05
78,112,80,310,9.236865298589692e-05
78,113,80,415,-4.201667252345942e-05
78,114,80,308,-0.0009348109015263617
78,115,80,324,-0.00015949303633533418
78,116,80,318,-0.0004194235079921782
78,117,80,402,-0.00022974413877818733
78,118,80,317,-0.0002896513615269214
79,80,191,78,4.605844878824428e-05
79,81,191,95,-0.0001267763873329386
79,82,191,88,0.00016653779312036932
79,83,191,178,-0.0001540560188004747
79,84,191,87,-5.316725219017826e-05
79,85,191,14,-1.8061604350805283e-05
79,86,191,267,0.016053887084126472
79,87,191,269,-0.0004323750617913902
79,88,191,270,-0.000394339207559824
79,89,191,409,5.1277096645208076e-05
79,90,191,291,-0.00048322734073735774
79,91,191,375,-0.0001643201248953119
79,92,191,321,-0.0002055547956842929
79,93,191,405,8.495389920426533e-05
79,94,191,314,-0.0002869515446946025
79,95,191,302,-0.00024096584820654243
79,96,191,303,-0.00013913170550949872
79,97,191,304,-0.00019626144785434008
79,98,191,408,-7.602459663758054e-05
79,99,191,307,-0.00044700480066239834
79,100,191,320,-0.00018646787793841213
79,101,191,404,-0.0001278842828469351
79,102,191,315,-0.00013893525465391576
79,103,191,268,-0.00025996516342274845
79,104,191,271,-5.51338198420126e-05
79,105,191,272,-1.2585413969645742e-05
79,106,191,325,-0.0007573807379230857
79,107,191,319,-0.0002717543684411794
79,108,191,403,-2.190678787883371e-05
79,109,191,316,5.4249935601546895e-06
79,110,191,312,-1.1568523405003361e-05
79,111,191,311,-1.145490568887908e-05
79,112,191,310,-0.0001628249738132581
79,113,191,415,-4.6583503717556596e-05
79,114,191,308,-0.00020147403120063245
79,115,191,324,-6.992424459895119e-05
79,116,191,318,1.6424663044745103e-05
79,117,191,402,0.0001519717916380614
79,118,191,317,-0.0003260363300796598
80,81,78,95,-0.00034704021527431905
80,82,78,88,-0.00018300012743566185
80,83,78,178,0.00020159439009148628
80,84,78,87,3.742127591976896e-05
80,85,78,14,0.000527505180798471
80,86,78,267,0.00011277457815594971
80,87,78,269,-0.0002565942413639277
80,88,78,270,5.523537038243376e-05
80,89,78,409,-5.2793038776144385e-05
80,90,78,291,0.0689423531293869
80,91,78,375,-0.00013325798499863595
80,92,78,321,-0.0005216039717197418
80,93,78,405,-6.673290045000613e-05
80,94,78,314,-7.919632480479777e-05
80,95,78,302,-0.00022251643531490117
80,96,78,303,-0.00018443977751303464
80,97,78,304,5.861758108949289e-05
80,98,78,408,-0.000247585354372859
80,99,78,307,-0.00034108059480786324
80,100,78,320,-0.0005928335012868047
80,101,78,404,-0.0002431998000247404
80,102,78,315,0.0010131587041541934
80,103,78,268,-4.7007797547848895e-05
80,104,78,271,-0.00025254322099499404
80,105,78,272,-0.00047870169510133564
80,106,78,325,-0.0008798661874607205
80,107,78,319,-0.00028509830008260906
80,108,78,403,-0.00035551527980715036
80,109,78,316,0.00013869784015696496
80,110,78,312,5.644532575388439e-05
80,111,78,311,-0.00010520110663492233
80,112,78,310,0.053611163049936295
80,113,78,415,0.12588168680667877
80,114,78,308,0.13078846037387848
80,115,78,324,8.58454659464769e-05
80,116,78,318,-0.00029962416738271713
80,117,78,402,-0.0002645124914124608
80,118,78,317,-8.334277663379908e-05
81,82,95,88,-0.0005267512169666588
81,83,95,178,9.222496737493202e-05
81,84,95,87,0.0001754978729877621
81,85,95,14,-0.0001394311257172376
81,86,95,267,0.00010989848669851199
81,87,95,269,0.0002060949627775699
81,88,95,270,-0.00014300616749096662
81,89,95,409,-0.00025528468540869653
81,90,95,291,-0.0002801457594614476
81,91,95,375,-8.487275044899434e-05
81,92,95,321,-0.00031016545835882425
81,93,95,405,-0.00014836547779850662
81,94,95,314,3.477657082839869e-05
81,95,95,302,0.00014905798889230937
81,96,95,303,8.786252874415368e-05
81,97,95,304,-0.00011121929856017232
81,98,95,408,-0.00020666768250521272
81,99,95,307,7.18504743417725e-05
81,100,95,320,-0.00016455291188322008
81,101,95,404,4.4012103899149224e-05
81,102,95,315,-3.5220618883613497e-06
81,103,95,268,-0.00020558496180456132
81,104,95,271,-4.8516019887756556e-05
81,105,95,272,-0.00010232783097308129
81,106,95,325,4.521850496530533e-05
81,107,95,319,6.154771654109936e-06
81,108,95,403,-0.00023040919040795416
81,109,95,316,-0.0001769773371051997
81,110,95,312,-0.00022193400945980102
81,111,95,311,-0.0002876530634239316
81,112,95,310,-0.0006254548789002001
81,113,95,415,0.0025343236047774553
81,114,95,308,0.1464853286743164
81,115,95,324,-0.0004322945897001773
81,116,95,318,4.837388587475289e-06
81,117,95,402,-7.01799217495136e-06
81,118,95,317,-3.784619184443727e-05
82,83,88,178,-0.00027393584605306387
82,84,88,87,1.5846017049625516e-05
82,85,88,14,-0.00037748584873043
82,86,88,267,3.4148292797908653e-06
82,87,88,269,-6.055436097085476e-05
82,88,88,270,-2.546809810155537e-05
82,89,88,409,0.00013451609993353486
82,90,88,291,-0.00016945396782830358
82,91,88,375,-0.00033267581602558494
82,92,88,321,-0.00027591988327912986
82,93,88,405,-0.0002621433523017913
82,94,88,314,-0.00030450645135715604
82,95,88,302,7.18703304301016e-05
82,96,88,303,-5.0330767408013344e-05
82,97,88,304,-8.515340596204624e-05
82,98,88,408,-0.0002424658596282825
82,99,88,307,-0.0002523807343095541
82,100,88,320,-0.00039986363844946027
82,101,88,404,-0.0001524755934951827
82,102,88,315,-0.000132246088469401
82,103,88,268,-0.00010969985305564478
82,104,88,271,-0.00016076050815172493
82,105,88,272,4.550978701445274e-05
82,106,88,325,-0.00032267512870021164
82,107,88,319,-0.00011597452976275235
82,108,88,403,-0.0002906938025262207
82,109,88,316,-0.00014171420480124652
82,110,88,312,-4.95376116305124e-05
82,111,88,311,0.00011843840184155852
82,112,88,310,-1.871561471489258e-05
82,113,88,415,-0.00018904574972111732
82,114,88,308,0.03744158893823624
82,115,88,324,-0.00025637875660322607
82,116,88,318,-0.0002949658955913037
82,117,88,402,-0.0003539812460076064
82,118,88,317,9.253246389562264e-05
83,84,178,87,-8.067309681791812e-05
83,85,178,14,-0.00045721037895418704
83,86,178,267,-0.00011827846174128354
83,87,178,269,1.5699430150561966e-05
83,88,178,270,-0.00032595338416285813
83,89,178,409,0.00015148830425459892
83,90,178,291,0.00015537381113972515
83,91,178,375,-0.00017701675824355334
83,92,178,321,-0.00029252705280669034
83,93,178,405,-0.0007964028627611697
83,94,178,314,-0.0004489671846386045
83,95,178,302,8.136771793942899e-05
83,96,178,303,5.1665214414242655e-05
83,97,178,304,-0.00022434293350670487
83,98,178,408,0.0001397050218656659
83,99,178,307,-1.6965865142992698e-05
83,100,178,320,-9.798435348784551e-05
83,101,178,404,-0.00018196130986325443
83,102,178,315,-0.00041105077252723277
83,103,178,268,-3.5932560422224924e-05
83,104,178,271,-0.00035196446697227657
83,105,178,272,-0.00029768983949907124
83,106,178,325,-0.0004269489145372063
83,107,178,319,-0.00028910714900121093
83,108,178,403,-2.5408757210243493e-05
83,109,178,316,-0.0008662601467221975
83,110,178,312,-0.00018842682766262442
83,111,178,311,-0.00030063913436606526
83,112,178,310,-5.3391995606943965e-05
83,113,178,415,-0.0009156468440778553
83,114,178,308,-9.95589216472581e-05
83,115,178,324,-0.00014993493095971644
83,116,178,318,-5.38682725164108e-05
83,117,178,402,7.706713222432882e-05
83,118,178,317,-0.0007203853456303477
84,85,87,14,-0.0001445450761821121
84,86,87,267,0.0001840222830651328
84,87,87,269,9.521568426862359e-05
84,88,87,270,-7.320941949728876e-05
84,89,87,409,-7.006404484855011e-05
84,90,87,291,-0.00022832890681456774
84,91,87,375,-0.0008850754820741713
84,92,87,321,-0.0001376933214487508
84,93,87,405,-0.0004679654666688293
84,94,87,314,-0.00010167744767386466
84,95,87,302,-3.2732405088609084e-05
84,96,87,303,0.00022313812223728746
84,97,87,304,-0.00013614374620374292
84,98,87,408,4.71176317660138e-05
84,99,87,307,-0.00010006308002630249
84,100,87,320,-0.000607020512688905
84,101,87,404,-0.0006117753218859434
84,102,87,315,-0.0004390219983179122
84,103,87,268,-0.000174196989974007
84,104,87,271,-9.864832827588543e-05
84,105,87,272,-0.00028467568336054683
84,106,87,325,-0.00037158053601160645
84,107,87,319,-6.317199586192146e-05
84,108,87,403,-4.1692346712807193e-05
84,109,87,316,-0.00010443238716106862
84,110,87,312,9.645420504966751e-05
84,111,87,311,-5.950022750766948e-05
84,112,87,310,-0.00011799779895227402
84,113,87,415,0.21431902050971985
84,114,87,308,-9.91700726444833e-05
84,115,87,324,0.02349315769970417
84,116,87,318,-0.00016377300198655576
84,117,87,402,-5.426820644061081e-05
84,118,87,317,-0.0003842224832624197
85,86,14,267,-0.00022600754164159298
85,87,14,269,-0.00017599591228645295
85,88,14,270,-0.0002123647282132879
85,89,14,409,-0.007418404333293438
85,90,14,291,-7.864801591495052e-05
85,91,14,375,-0.0013739655259996653
85,92,14,321,1.6537851479370147e-06
85,93,14,405,-0.00010867231321753934
85,94,14,314,-0.00019453911227174103
85,95,14,302,4.315280239097774e-05
85,96,14,303,3.518567609717138e-05
85,97,14,304,-0.0002573376114014536
85,98,14,408,6.553339335368946e-05
85,99,14,307,-2.745539131865371e-05
85,100,14,320,-5.842107566422783e-05
85,101,14,404,-8.290534606203437e-05
85,102,14,315,-5.480735853780061e-05
85,103,14,268,9.22783074202016e-05
85,104,14,271,5.525844971998595e-05
85,105,14,272,-0.00044988951412960887
85,106,14,325,-3.2514410122530535e-05
85,107,14,319,-0.0006461489829234779
85,108,14,403,-8.780237840255722e-05
85,109,14,316,-0.00045935099478811026
85,110,14,312,3.281878525740467e-05
85,111,14,311,-0.00029419601196423173
85,112,14,310,0.00032715106499381363
85,113,14,415,0.0001248499465873465
85,114,14,308,1.0254878361593e-05
85,115,14,324,-2.408705768175423e-05
85,116,14,318,-0.0003699354128912091
85,117,14,402,-0.00024122845206875354
85,118,14,317,-0.0001709524221951142
86,87,267,269,-0.0004715103132184595
86,88,267,270,-0.00019524618983268738
86,89,267,409,-0.000532178848516196
86,90,267,291,-3.4974334994331e-05
86,91,267,375,-0.0005105671007186174
86,92,267,321,-0.0002844077243935317
86,93,267,405,-0.0004558355431072414
86,94,267,314,5.6981392845045775e-05
86,95,267,302,-7.919356721686199e-05
86,96,267,303,-0.0002994946262333542
86,97,267,304,-6.110432150308043e-05
86,98,267,408,-0.0001629264443181455
86,99,267,307,-0.0006840148707851768
86,100,267,320,-0.0006416040705516934
86,101,267,404,-0.0006095559801906347
86,102,267,315,4.53137545264326e-06
86,103,267,268,0.0002429593587294221
86,104,267,271,-0.0004131360328756273
86,105,267,272,-7.872207061154768e-05
86,106,267,325,-0.0004786700301337987
86,107,267,319,-0.000759089074563235
86,108,267,403,-0.00027594968560151756
86,109,267,316,0.00038379058241844177
86,110,267,312,7.891489804023877e-05
86,111,267,311,-0.00027367880102247
86,112,267,310,0.00018391062621958554
86,113,267,415,-0.00032044859835878015
86,114,267,308,-9.367524762637913e-05
86,115,267,324,-9.355935617350042e-05
86,116,267,318,-0.00021619249309878796
86,117,267,402,-0.00044581646216101944
86,118,267,317,0.00044126962893642485
87,88,269,270,0.00012647092808037996
87,89,269,409,0.00010383039625594392
87,90,269,291,0.00014089111937209964
87,91,269,375,-0.00011167158663738519
87,92,269,321,0.00028394197579473257
87,93,269,405,-5.4803924285806715e-05
87,94,269,314,0.0001852470013545826
87,95,269,302,-0.00035071599995717406
87,96,269,303,0.00037280062679201365
87,97,269,304,-4.4805976358475164e-05
87,98,269,408,0.00025106582324951887
87,99,269,307,-0.00030593964038416743
87,100,269,320,-0.000408193445764482
87,101,269,404,0.0002106566244037822
87,102,269,315,-0.0004264654708094895
87,103,269,268,-0.0004081133520230651
87,104,269,271,-0.00014658599684480578
87,105,269,272,-0.00025506786187179387
87,106,269,325,0.00036066153552383184
87,107,269,319,-7.89811383583583e-05
87,108,269,403,0.0003186118556186557
87,109,269,316,-1.738970422593411e-05
87,110,269,312,-0.00028020667377859354
87,111,269,311,-0.00021384144201874733
87,112,269,310,0.0006774947396479547
87,113,269,415,0.0001998522930080071
87,114,269,308,0.00010582343384157866
87,115,269,324,-0.00023472467728424817
87,116,269,318,-0.0004872978897765279
87,117,269,402,0.0002131650981027633
87,118,269,317,-5.262091144686565e-05
88,89,270,409,0.0003282592515461147
88,90,270,291,-9.383836732013151e-05
88,91,270,375,-0.0001598891249159351
88,92,270,321,5.872669498785399e-05
88,93,270,405,-0.00022854104463476688
88,94,270,314,-0.00019792628881987184
88,95,270,302,-0.00045082089491188526
88,96,270,303,-9.391302592121065e-05
88,97,270,304,-0.00011248608643654734
88,98,270,408,0.00014358993212226778
88,99,270,307,-0.0008379764622077346
88,100,270,320,0.00024049950297921896
88,101,270,404,-0.00017638564168009907
88,102,270,315,-0.00015558127779513597
88,103,270,268,-0.00024898420087993145
88,104,270,271,-0.00011075934889959171
88,105,270,272,-0.00022010259272065014
88,106,270,325,-0.0002865460410248488
88,107,270,319,0.00026018297648988664
88,108,270,403,-0.00023955530195962638
88,109,270,316,-2.367089291510638e-05
88,110,270,312,-0.0003967119846493006
88,111,270,311,0.00021485963952727616
88,112,270,310,-0.0005604889011010528
88,113,270,415,8.05974705144763e-05
88,114,270,308,0.0006835079984739423
88,115,270,324,8.417954086326063e-05
88,116,270,318,0.00018757456564344466
88,117,270,402,-0.00011484880087664351
88,118,270,317,0.00018143243505619466
89,90,409,291,-0.00028604292310774326
89,91,409,375,0.0001557249779580161
89,92,409,321,0.00013971203588880599
89,93,409,405,0.00021835530060343444
89,94,409,314,3.973658022005111e-05
89,95,409,302,-0.0004810875398106873
89,96,409,303,0.00036293480661697686
89,97,409,304,-7.69429316278547e-05
89,98,409,408,-0.0001610805920790881
89,99,409,307,0.000563464651349932
89,100,409,320,3.008295243489556e-05
89,101,409,404,0.00024619646137580276
89,102,409,315,-0.0001242622674908489
89,103,409,268,-0.0005752143915742636
89,104,409,271,-6.733970803907141e-05
89,105,409,272,4.890235868515447e-05
89,106,409,325,0.0002781505463644862
89,107,409,319,-0.0004892880097031593
89,108,409,403,-0.00016716208483558148
89,109,409,316,0.000347550812875852
89,110,409,312,-0.00035059440415352583
89,111,409,311,-0.00015273431199602783
89,112,409,310,-7.775074482196942e-05
89,113,409,415,-0.0002476917870808393
89,114,409,308,-5.810173388454132e-05
89,115,409,324,-0.00017515139188617468
89,116,409,318,-0.0002849259471986443
89,117,409,402,-0.0006019786233082414
89,118,409,317,3.560227560228668e-05
90,91,291,375,-0.00016856295405887067
90,92,291,321,0.00013089433196000755
90,93,291,405,0.00037548551335930824
90,94,291,314,-0.00014214181283023208
90,95,291,302,9.177112951874733e-05
90,96,291,303,-8.687458466738462e-05
90,97,291,304,-3.497591023915447e-05
90,98,291,408,-0.00035300111630931497
90,99,291,307,-2.6290163077646866e-05
90,100,291,320,-7.838954479666427e-05
90,101,291,404,0.00032693485263735056
90,102,291,315,-0.00025672587798908353
90,103,291,268,-0.0009248001733794808
90,104,291,271,9.150499681709334e-05
90,105,291,272,0.00015654589515179396
90,106,291,325,0.0003001072909682989
90,107,291,319,6.487947393907234e-05
90,108,291,403,0.001041071373037994
90,109,291,316,-0.00011217926657991484
90,110,291,312,-0.00229823705740273
90,111,291,311,0.0003371655766386539
90,112,291,310,-7.067648402880877e-05
90,113,291,415,-0.0003326957521494478
90,114,291,308,-0.00041261292062699795
90,115,291,324,-5.5681095545878634e-05
90,116,291,318,-0.00043687495053745806
90,117,291,402,8.676049037603661e-05
90,118,291,317,-5.932985368417576e-05
91,92,375,321,0.00017893414769787341
91,93,375,405,0.00022986228577792645
91,94,375,314,0.00048425424029119313
91,95,375,302,-0.00035311674582771957
91,96,375,303,7.284868479473516e-05
91,97,375,304,-0.00011197590356459841
91,98,375,408,0.0005782086518593132
91,99,375,307,-0.0006915502599440515
91,100,375,320,-0.00045254293945617974
91,101,375,404,3.984314025728963e-05
91,102,375,315,-0.00188372191041708
91,103,375,268,-4.7882378567010164e-05
91,104,375,271,-0.0003059852751903236
91,105,375,272,-0.00025156777701340616
91,106,375,325,-0.0006503309705294669
91,107,375,319,-0.00024142689653672278
91,108,375,403,-7.875511073507369e-05
91,109,375,316,-0.002278778003528714
91,110,375,312,-0.0001465365494368598
91,111,375,311,1.5635931049473584e-05
91,112,375,310,0.0002478685637470335
91,113,375,415,-4.799827001988888e-05
91,114,375,308,-0.0001338344591204077
91,115,375,324,-0.0007127716089598835
91,116,375,318,5.9609199524857104e-05
91,117,375,402,-0.00017792542348615825
91,118,375,317,-8.971139322966337e-05
92,93,321,405,0.0001865730300778523
92,94,321,314,2.4966888304334134e-05
92,95,321,302,-0.00024665973614901304
92,96,321,303,-0.0005911621847189963
92,97,321,304,-0.0007598740630783141
92,98,321,408,-0.002132855821400881
92,99,321,307,-0.0006126355146989226
92,100,321,320,-0.0003719488449860364
92,101,321,404,7.216833182610571e-05
92,102,321,315,-0.00023014951148070395
92,103,321,268,-4.970997179043479e-05
92,104,321,271,-1.35722311824793e-05
92,105,321,272,-0.0003468575014267117
92,106,321,325,-0.00013462017523124814
92,107,321,319,-0.00011049958266085014
92,108,321,403,-6.854088132968172e-05
92,109,321,316,0.0001713823148747906
92,110,321,312,-0.00016427871014457196
92,111,321,311,-0.0001001744603854604
92,112,321,310,-0.0006213684100657701
92,113,321,415,-0.0002307826653122902
92,114,321,308,-0.0010156689677387476
92,115,321,324,0.0017222114838659763
92,116,321,318,-0.0005389380967244506
92,117,321,402,-9.289701119996607e-05
92,118,321,317,0.0003260569355916232
93,94,405,314,-0.00013720255810767412
93,95,405,302,-0.0002472959749866277
93,96,405,303,-6.182583456393331e-05
93,97,405,304,-0.00023534713545814157
93,98,405,408,0.00016514162416569889
93,99,405,307,0.00065783248282969
93,100,405,320,6.3738101744093e-05
93,101,405,404,-0.00015884188178461045
93,102,405,315,5.6454813602613285e-05
93,103,405,268,-0.0005783323431387544
93,104,405,271,6.314561323961243e-05
93,105,405,272,-4.7551700845360756e-05
93,106,405,325,0.0004245490999892354
93,107,405,319,0.0002882014086935669
93,108,405,403,-0.0002866613504011184
93,109,405,316,-0.00015392195200547576
93,110,405,312,-0.00033330832957290113
93,111,405,311,-0.00011110975174233317
93,112,405,310,-8.351526776095852e-05
93,113,405,415,-9.318510274169967e-05
93,114,405,308,-0.00010836526053026319
93,115,405,324,-0.0006460928707383573
93,116,405,318,0.000251594465225935
93,117,405,402,-0.00018635537708178163
93,118,405,317,0.0001415842561982572
94,95,314,302,0.00010942777589662
94,96,314,303,9.162015339825302e-05
94,97,314,304,0.00030274043092504144
94,98,314,408,-7.101298251654953e-05
94,99,314,307,-0.00015888545021880418
94,100,314,320,0.00029751070542261004
94,101,314,404,-0.0001522025268059224
94,102,314,315,-5.5859210988273844e-05
94,103,314,268,-2.995240720338188e-05
94,104,314,271,-0.0003169124247506261
94,105,314,272,0.00030876073287799954
94,106,314,325,0.00043564161751419306
94,107,314,319,0.0004549631557893008
94,108,314,403,0.00010507758270250633
94,109,314,316,-0.0003010016807820648
94,110,314,312,5.244958447292447e-05
94,111,314,311,0.0002714750589802861
94,112,314,310,0.00022169692965690047
94,113,314,415,0.00036920415004715323
94,114,314,308,7.240001650643535e-06
94,115,314,324,-0.00017202846356667578
94,116,314,318,0.0003935484273824841
94,117,314,402,0.00027995926211588085
94,118,314,317,-0.0003081151226069778
95,96,302,303,-0.0002753872540779412
95,97,302,304,-5.861963290954009e-05
95,98,302,408,-0.00033561111195012927
95,99,302,307,-0.0006642583757638931
95,100,302,320,-0.0002452871121931821
95,101,302,404,-0.0003554096620064229
95,102,302,315,-2.503709401935339e-05
95,103,302,268,0.00022632743639405817
95,104,302,271,-0.00029442133381962776
95,105,302,272,-8.04591691121459e-05
95,106,302,325,-0.001289190026000142
95,107,302,319,-8.937763777794316e-05
95,108,302,403,-0.0005833529285155237
95,109,302,316,0.00034027526271529496
95,110,302,312,0.0007777403225190938
95,111,302,311,0.00018006817845162004
95,112,302,310,-0.0001705470058368519
95,113,302,415,9.034993126988411e-05
95,114,302,308,-0.0005354968016035855
95,115,302,324,-0.0016937762266024947
95,116,302,318,-0.00015067102503962815
95,117,302,402,-0.00035362874041311443
95,118,302,317,-0.00023370534472633153
96,97,303,304,3.328614548081532e-05
96,98,303,408,-7.249818736454472e-05
96,99,303,307,-0.00012565295037347823
96,100,303,320,0.00017570049385540187
96,101,303,404,-9.355544170830399e-05
96,102,303,315,-0.0005942706484347582
96,103,303,268,-0.00018631730927154422
96,104,303,271,0.0007142435642890632
96,105,303,272,-0.00011033049668185413
96,106,303,325,8.461943798465654e-05
96,107,303,319,-0.0004671299539040774
96,108,303,403,-0.00032747015939094126
96,109,303,316,-4.690361674875021e-05
96,110,303,312,-0.00037866548518650234
96,111,303,311,4.399900353746489e-05
96,112,303,310,0.0005323386867530644
96,113,303,415,-0.00010751069203251973
96,114,303,308,-0.00012424775923136622
96,115,303,324,8.691702532814816e-05
96,116,303,318,0.00043489213567227125
96,117,303,402,0.00031225552083924413
96,118,303,317,-2.3158485419116914e-05
97,98,304,408,6.650466093560681e-05
97,99,304,307,-0.00024266794207505882
97,100,304,320,3.779192047659308e-05
97,101,304,404,-0.0008636012789793313
97,102,304,315,0.00011363522207830101
97,103,304,268,-7.492041913792491e-05
97,104,304,271,4.4778404117096215e-05
97,105,304,272,-0.0002278067113365978
97,106,304,325,-0.0005207039066590369
97,107,304,319,0.00019926826644223183
97,108,304,403,0.00021112486138008535
97,109,304,316,-4.5283166400622576e-05
97,110,304,312,-0.00022867765801493078
97,111,304,311,-0.0002578276034910232
97,112,304,310,-0.00012206779501866549
97,113,304,415,0.00021156674483790994
97,114,304,308,0.000534804945345968
97,115,304,324,0.00014310989354271442
97,116,304,318,0.0002219307207269594
97,117,304,402,-0.0003094040439464152
97,118,304,317,-0.00013026305532548577
98,99,408,307,-0.00022523480583913624
98,100,408,320,-0.00015836350212339312
98,101,408,404,7.389472011709586e-05
98,102,408,315,0.0006561149493791163
98,103,408,268,-0.00042856260552071035
98,104,408,271,-0.00030787356081418693
98,105,408,272,-0.00021357680088840425
98,106,408,325,0.00040589788113720715
98,107,408,319,5.21015863341745e-05
98,108,408,403,0.00022254562645684928
98,109,408,316,1.9981696823379025e-05
98,110,408,312,-0.0003301049000583589
98,111,408,311,-0.00020157554536126554
98,112,408,310,-0.0002478184178471565
98,113,408,415,-0.00024716154439374804
98,114,408,308,-0.0001340774615528062
98,115,408,324,-4.57501009805128e-05
98,116,408,318,-0.00012153273564763367
98,117,408,402,-0.00020968042372260243
98,118,408,317,9.13131661945954e-05
99,100,307,320,0.00017209479119628668
99,101,307,404,-8.983910083770752e-05
99,102,307,315,9.728598524816334e-05
99,103,307,268,-0.0004236792156007141
99,104,307,271,-0.00011781437206082046
99,105,307,272,0.00019821269961539656
99,106,307,325,-0.0003894826804753393
99,107,307,319,-9.334405331173912e-05
99,108,307,403,0.00032498472137376666
99,109,307,316,0.00019586658163461834
99,110,307,312,-0.00022835753043182194
99,111,307,311,-0.00027806058642454445
99,112,307,310,0.00015599827747792006
99,113,307,415,0.00011325310333631933
99,114,307,308,-0.0001508206914877519
99,115,307,324,-0.0005742739303968847
99,116,307,318,-0.0003075263521168381
99,117,307,402,0.0002756978792604059
99,118,307,317,-6.777460657758638e-05
100,101,320,404,0.0002397827192908153
100,102,320,315,-0.0003232917806599289
100,103,320,268,-0.00041763862827792764
100,104,320,271,-0.0002049747563432902
100,105,320,272,-0.00012507641804404557
100,106,320,325,-0.00047804333735257387
100,107,320,319,-0.00047612059279344976
100,108,320,403,4.0103273931890726e-05
100,109,320,316,-0.0004165179852861911
100,110,320,312,-0.0002181783493142575
100,111,320,311,0.00035832831053994596
100,112,320,310,-0.00034554663579910994
100,113,320,415,-0.0001842938654590398
100,114,320,308,-0.0014038485242053866
100,115,320,324,-0.0008104743901640177
100,116,320,318,-0.0004369411908555776
100,117,320,402,6.341121479636058e-05
100,118,320,317,-0.00035978257074020803
101,102,404,315,-9.158877946902066e-05
101,103,404,268,-0.00046972339623607695
101,104,404,271,-8.744422666495666e-05
101,105,404,272,-0.0012507212813943624
101,106,404,325,6.947056681383401e-05
101,107,404,319,0.00033468639594502747
101,108,404,403,-0.00010293077502865344
101,109,404,316,-0.000143557830597274
101,110,404,312,-0.00048130500363186
101,111,404,311,-0.0001824438659241423
101,112,404,310,9.431032958673313e-05
101,113,404,415,-0.00026273971889168024
101,114,404,308,3.8356392906280234e-05
101,115,404,324,5.711501216865145e-05
101,116,404,318,0.00012801439152099192
101,117,404,402,-0.0005480351974256337
101,118,404,317,-8.46956972964108e-05
102,103,315,268,0.0003048772341571748
102,104,315,271,0.00019525329116731882
102,105,315,272,0.0002488044265192002
102,106,315,325,-1.6571821106481366e-05
102,107,315,319,-0.0001263391022803262
102,108,315,403,-2.151012813556008e-05
102,109,315,316,7.803875632816926e-05
102,110,315,312,-9.752554615261033e-05
102,111,315,311,-0.00015064408944454044
102,112,315,310,-6.438740001613041e-06
102,113,315,415,0.0009220957872457802
102,114,315,308,0.0005823260871693492
102,115,315,324,0.00021292341989465058
102,116,315,318,0.00043256813660264015
102,117,315,402,0.00020725087961181998
102,118,315,317,-0.0001462811342207715
103,104,268,271,-0.0005953590734861791
103,105,268,272,-0.00015507289208471775
103,106,268,325,-0.002862977096810937
103,107,268,319,-0.00015815683582331985
103,108,268,403,-0.00048275847802869976
103,109,268,316,6.932838005013764e-06
103,110,268,312,4.619773244485259e-05
103,111,268,311,-0.0002481060801073909
103,112,268,310,-0.00015144780627451837
103,113,268,415,-5.478607999975793e-05
103,114,268,308,-0.00040440107113681734
103,115,268,324,0.00015115614223759621
103,116,268,318,-0.0003902618773281574
103,117,268,402,9.66931020229822e-06
103,118,268,317,5.701877671526745e-05
104,105,271,272,1.768396577972453e-05
104,106,271,325,1.7693186237011105e-05
104,107,271,319,-0.00031660517561249435
104,108,271,403,0.0002304743102286011
104,109,271,316,7.515389734180644e-05
104,110,271,312,-0.00047346283099614084
104,111,271,311,0.00047768294462002814
104,112,271,310,0.00029085431015118957
104,113,271,415,0.00010167575237574056
104,114,271,308,-0.00029960941174067557
104,115,271,324,4.090861330041662e-05
104,116,271,318,-0.0004657981335185468
104,117,271,402,-0.000162596843438223
104,118,271,317,6.909421790624037e-05
105,106,272,325,-5.299067925079726e-05
105,107,272,319,-7.54483335185796e-05
105,108,272,403,4.743818848851333e-08
105,109,272,316,0.0003697443171404302
105,110,272,312,-0.00029186290339566767
105,111,272,311,-0.0003461820015218109
105,112,272,310,-0.0003282401303295046
105,113,272,415,0.0006640681531280279
105,114,272,308,0.0003623251977842301
105,115,272,324,-0.00011503123823786154
105,116,272,318,0.00011660539166769013
105,117,272,402,1.4761728380108252e-05
105,118,272,317,0.00012929749209433794
106,107,325,319,0.0001605112774996087
106,108,325,403,0.00032892977469600737
106,109,325,316,8.913775673136115e-05
106,110,325,312,-3.546320294844918e-05
106,111,325,311,-8.152201189659536e-05
106,112,325,310,-0.00020910920284222811
106,113,325,415,0.00023797639005351812
106,114,325,308,-0.0005942797870375216
106,115,325,324,-0.00039488301263190806
106,116,325,318,0.00016380721353925765
106,117,325,402,-0.00016700812557246536
106,118,325,317,-0.0001405459042871371
107,108,319,403,-0.0002626169880386442
107,109,319,316,-0.00018802937120199203
107,110,319,312,-0.0003762647102121264
107,111,319,311,-0.00018665683455765247
107,112,319,310,-8.261183393187821e-05
107,113,319,415,-0.0007292931550182402
107,114,319,308,-0.0005811940645799041
107,115,319,324,-3.353461124788737e-06
107,116,319,318,-0.0006362786516547203
107,117,319,402,-0.00018787872977554798
107,118,319,317,-0.0002466436999384314
108,109,403,316,0.00015753715706523508
108,110,403,312,-0.00044130810420028865
108,111,403,311,3.478431608527899e-05
108,112,403,310,-0.0006282468675635755
108,113,403,415,0.00025328181800432503
108,114,403,308,-3.703221955220215e-05
108,115,403,324,0.0004685285675805062
108,116,403,318,0.0003934333217330277
108,117,403,402,-0.0004837040905840695
108,118,403,317,-0.0004848824755754322
109,110,316,312,-0.0001418228930560872
109,111,316,311,-6.890813529025763e-05
109,112,316,310,0.0003180339408572763
109,113,316,415,0.00018704927060753107
109,114,316,308,0.00047558097867295146
109,115,316,324,6.605467206100002e-06
109,116,316,318,0.00019742858421523124
109,117,316,402,0.00027284183306619525
109,118,316,317,-3.555858711479232e-05
110,111,312,311,8.73364660947118e-06
110,112,312,310,8.490627078572288e-05
110,113,312,415,-0.0005466014263220131
110,114,312,308,-0.0004513353924266994
110,115,312,324,0.000151874017319642
110,116,312,318,-0.0003000670112669468
110,117,312,402,-0.00029791021370328963
110,118,312,317,-0.0002613361575640738
111,112,311,310,-0.0001242623256985098
111,113,311,415,-4.836669904761948e-05
111,114,311,308,1.3949932053947123e-06
111,115,311,324,-0.0003085205680690706
111,116,311,318,-0.00022804994659963995
111,117,311,402,-9.268779103877023e-05
111,118,311,317,0.0003672550665214658
112,113,310,415,1.3908324945077766e-05
112,114,310,308,-0.00013248229515738785
112,115,310,324,4.890065611107275e-05
112,116,310,318,-0.0003235649492125958
112,117,310,402,0.00017045116692315787
112,118,310,317,0.0005408729775808752
113,114,415,308,0.00018544883641880006
113,115,415,324,4.247033939464018e-05
113,116,415,318,0.00010162349644815549
113,117,415,402,0.0006737866788171232
113,118,415,317,0.00024898003903217614
114,115,308,324,7.43273485568352e-05
114,116,308,318,-8.658626029500738e-05
114,117,308,402,0.0007690532365813851
114,118,308,317,1.3536808182834648e-05
115,116,324,318,0.00011917999654542655
115,117,324,402,-0.0002496398228686303
115,118,324,317,-8.753353540669195e-06
116,117,318,402,0.00036017876118421555
116,118,318,317,0.00016586743004154414
117,118,402,317,0.00010305528121534735
