i,j,point_id_i,point_id_j,value
0,1,164,167,0.0010387690272182226
0,2,164,165,0.004017811268568039
0,3,164,92,0.004668489098548889
0,4,164,186,0.00614146888256073
0,5,164,57,0.005874365568161011
0,6,164,43,-0.0003554821014404297
0,7,164,106,-0.007319211959838867
0,8,164,182,-0.012689754366874695
0,9,164,83,-0.01585496962070465
0,10,164,18,-0.0169057697057724
0,11,164,200,-0.014369964599609375
0,12,164,201,-0.012740373611450195
0,13,164,194,-0.008930951356887817
0,14,164,204,-0.0039438605308532715
0,15,164,202,0.0012585967779159546
0,16,164,212,0.0052483826875686646
0,17,164,216,0.006694719195365906
0,18,164,206,0.004148188978433609
0,19,164,203,-0.004792451858520508
0,20,164,207,0.005157142877578735
0,21,164,205,-0.0038575083017349243
0,22,164,98,-0.0052840448915958405
0,23,164,97,-0.002143973484635353
0,24,164,393,0.00098208780400455
0,25,164,391,0.003957858309149742
0,26,164,322,0.004808805882930756
0,27,164,410,0.006610982120037079
0,28,164,287,0.006706357002258301
0,29,164,273,0.00044804811477661133
0,30,164,335,-0.006563350558280945
0,31,164,406,-0.012135356664657593
0,32,164,313,-0.015521511435508728
0,33,164,421,-0.013103663921356201
0,34,164,418,-0.009274721145629883
0,35,164,424,-0.004133448004722595
0,36,164,422,0.0012354552745819092
0,37,164,432,0.00567290186882019
0,38,164,436,0.00668826699256897
0,39,164,426,0.004095742478966713
0,40,164,423,-0.00427875854074955
0,41,164,427,0.004699677228927612
0,42,164,425,-0.0034849699586629868
0,43,164,327,-0.004929021000862122
0,44,164,326,-0.0018986556679010391
0,45,164,0,0.001164894551038742
0,46,164,37,-0.0007109902799129486
0,47,164,39,0.0029801875352859497
0,48,164,40,0.004855453968048096
0,49,164,185,0.004249833524227142
0,50,164,61,0.001133561134338379
0,51,164,146,-0.009131580591201782
0,52,164,91,-0.016110211610794067
0,53,164,181,-0.018536657094955444
0,54,164,84,-0.018161997199058533
0,55,164,17,-0.01773098111152649
0,56,164,11,0.005882978439331055
0,57,164,72,0.005562394857406616
0,58,164,73,0.006666094064712524
0,59,164,74,0.006274424493312836
0,60,164,184,0.0042015016078948975
0,61,164,77,-0.010640814900398254
0,62,164,90,-0.01826523244380951
0,63,164,180,-0.022483646869659424
0,64,164,85,-0.023389995098114014
0,65,164,16,-0.023215413093566895
0,66,164,12,0.012521497905254364
0,67,164,38,0.012180611491203308
0,68,164,41,0.010523855686187744
0,69,164,42,0.007960133254528046
0,70,164,96,-0.012090638279914856
0,71,164,89,-0.020364880561828613
0,72,164,179,-0.026056542992591858
0,73,164,86,-0.028772443532943726
0,74,164,15,-0.028323158621788025
0,75,164,13,0.018985621631145477
0,76,164,82,0.017749913036823273
0,77,164,81,0.014475345611572266
0,78,164,80,0.01004413515329361
0,79,164,191,0.004713013768196106
0,80,164,78,-0.0007447153329849243
0,81,164,95,-0.014261871576309204
0,82,164,88,-0.02352370321750641
0,83,164,178,-0.030573725700378418
0,84,164,87,-0.033663757145404816
0,85,164,14,-0.03300008177757263
0,86,164,267,-0.0001271851360797882
0,87,164,269,0.0038481727242469788
0,88,164,270,0.006578691303730011
0,89,164,409,0.007028646767139435
0,90,164,291,0.00520990788936615
0,91,164,375,-0.004855751991271973
0,92,164,321,-0.011762022972106934
0,93,164,405,-0.014798998832702637
0,94,164,314,-0.01630719006061554
0,95,164,302,0.006538070738315582
0,96,164,303,0.008041657507419586
0,97,164,304,0.008325479924678802
0,98,164,408,0.007244594395160675
0,99,164,307,-0.006379827857017517
0,100,164,320,-0.014092668890953064
0,101,164,404,-0.01919420063495636
0,102,164,315,-0.021901935338974
0,103,164,268,0.013186849653720856
0,104,164,271,0.012190520763397217
0,105,164,272,0.010421916842460632
0,106,164,325,-0.007897332310676575
0,107,164,319,-0.01635618507862091
0,108,164,403,-0.022843018174171448
0,109,164,316,-0.027059778571128845
0,110,164,312,0.018644094467163086
0,111,164,311,0.01625056564807892
0,112,164,310,0.012591838836669922
0,113,164,415,0.007975555956363678
0,114,164,308,0.0030995607376098633
0,115,164,324,-0.01026986539363861
0,116,164,318,-0.019419848918914795
0,117,164,402,-0.027184046804904938
0,118,164,317,-0.03167738765478134
1,2,167,165,0.002979043871164322
1,3,167,92,0.0036297179758548737
1,4,167,186,0.00510270893573761
1,5,167,57,0.004835575819015503
1,6,167,43,-0.0013942420482635498
1,7,167,106,-0.008358001708984375
1,8,167,182,-0.013728529214859009
1,9,167,83,-0.016893774271011353
1,10,167,18,-0.01794452965259552
1,11,167,200,-0.015408754348754883
1,12,167,201,-0.013779163360595703
1,13,167,194,-0.009969711303710938
1,14,167,204,-0.0049826353788375854
1,15,167,202,0.00021985173225402832
1,16,167,212,0.004209622740745544
1,17,167,216,0.005655944347381592
1,18,167,206,0.003109418787062168
1,19,167,203,-0.0037536844611167908
1,20,167,207,0.00411837175488472
1,21,167,205,-0.002818739041686058
1,22,167,98,-0.004245275631546974
1,23,167,97,-0.0011052042245864868
1,24,167,393,5.6680990383028984e-05
1,25,167,391,0.002919090911746025
1,26,167,322,0.003770042210817337
1,27,167,410,0.005572207272052765
1,28,167,287,0.005667582154273987
1,29,167,273,-0.0005907267332077026
1,30,167,335,-0.007602110505104065
1,31,167,406,-0.013174131512641907
1,32,167,313,-0.016560286283493042
1,33,167,421,-0.014142394065856934
1,34,167,418,-0.01031351089477539
1,35,167,424,-0.005172178149223328
1,36,167,422,0.00019669532775878906
1,37,167,432,0.00463414192199707
1,38,167,436,0.005649499595165253
1,39,167,426,0.0030569732189178467
1,40,167,423,-0.0032399892807006836
1,41,167,427,0.0036609098315238953
1,42,167,425,-0.0024462006986141205
1,43,167,327,-0.0038902536034584045
1,44,167,326,-0.0008598864078521729
1,45,167,0,0.00012612342834472656
1,46,167,37,-0.0017497614026069641
1,47,167,39,0.0019414201378822327
1,48,167,40,0.0038166940212249756
1,49,167,185,0.0032110661268234253
1,50,167,61,9.480118751525879e-05
1,51,167,146,-0.01017037034034729
1,52,167,91,-0.01714898645877838
1,53,167,181,-0.01957543194293976
1,54,167,84,-0.019200757145881653
1,55,167,17,-0.018769755959510803
1,56,167,11,0.004844203591346741
1,57,167,72,0.004523627460002899
1,58,167,73,0.0056273192167282104
1,59,167,74,0.005235664546489716
1,60,167,184,0.0031627342104911804
1,61,167,77,-0.01167955994606018
1,62,167,90,-0.019304007291793823
1,63,167,180,-0.023522421717643738
1,64,167,85,-0.02442874014377594
1,65,167,16,-0.024254173040390015
1,66,167,12,0.011482730507850647
1,67,167,38,0.011141844093799591
1,68,167,41,0.009485088288784027
1,69,167,42,0.006921350955963135
1,70,167,96,-0.013129428029060364
1,71,167,89,-0.02140362560749054
1,72,167,179,-0.027095317840576172
1,73,167,86,-0.02981121838092804
1,74,167,15,-0.02936190366744995
1,75,167,13,0.017946846783161163
1,76,167,82,0.016711153090000153
1,77,167,81,0.013436555862426758
1,78,167,80,0.009005352854728699
1,79,167,191,0.003674238920211792
1,80,167,78,-0.0017834901809692383
1,81,167,95,-0.015300646424293518
1,82,167,88,-0.024562470614910126
1,83,167,178,-0.031612493097782135
1,84,167,87,-0.03470250219106674
1,85,167,14,-0.03403884172439575
1,86,167,267,-0.0011659525334835052
1,87,167,269,0.0028094053268432617
1,88,167,270,0.005539923906326294
1,89,167,409,0.005989871919155121
1,90,167,291,0.004171133041381836
1,91,167,375,-0.005894511938095093
1,92,167,321,-0.012800782918930054
1,93,167,405,-0.01583772897720337
1,94,167,314,-0.017345964908599854
1,95,167,302,0.005499295890331268
1,96,167,303,0.007002882659435272
1,97,167,304,0.007286727428436279
1,98,167,408,0.006205826997756958
1,99,167,307,-0.007418572902679443
1,100,167,320,-0.015131428837776184
1,101,167,404,-0.020232990384101868
1,102,167,315,-0.022940710186958313
1,103,167,268,0.012148074805736542
1,104,167,271,0.011151738464832306
1,105,167,272,0.009383164346218109
1,106,167,325,-0.008936122059822083
1,107,167,319,-0.017394959926605225
1,108,167,403,-0.023881778120994568
1,109,167,316,-0.02809852361679077
1,110,167,312,0.017605319619178772
1,111,167,311,0.015211790800094604
1,112,167,310,0.011553071439266205
1,113,167,415,0.006936781108379364
1,114,167,308,0.0020607709884643555
1,115,167,324,-0.011308655142784119
1,116,167,318,-0.02045862376689911
1,117,167,402,-0.02822282910346985
1,118,167,317,-0.032716140151023865
2,3,165,92,0.0006506703794002533
2,4,165,186,0.0021236613392829895
2,5,165,57,0.0018565431237220764
2,6,165,43,-0.004373311996459961
2,7,165,106,-0.011337026953697205
2,8,165,182,-0.016707569360733032
2,9,165,83,-0.01987278461456299
2,10,165,18,-0.020923584699630737
2,11,165,200,-0.018387794494628906
2,12,165,201,-0.016758203506469727
2,13,165,194,-0.012948751449584961
2,14,165,204,-0.007961645722389221
2,15,165,202,-0.002759203314781189
2,16,165,212,0.0012305676937103271
2,17,165,216,0.00267690047621727
2,18,165,206,-0.00013037677854299545
2,19,165,203,-0.000774633139371872
2,20,165,207,0.001139327883720398
2,21,165,205,0.00016030296683311462
2,22,165,98,-0.0012662373483181
2,23,165,97,0.001873839646577835
2,24,165,393,0.00303572416305542
2,25,165,391,5.995342507958412e-05
2,26,165,322,0.0007909983396530151
2,27,165,410,0.0025931596755981445
2,28,165,287,0.0026885420083999634
2,29,165,273,-0.003569766879081726
2,30,165,335,-0.010581180453300476
2,31,165,406,-0.01615317165851593
2,32,165,313,-0.019539326429367065
2,33,165,421,-0.017121508717536926
2,34,165,418,-0.013292551040649414
2,35,165,424,-0.008151233196258545
2,36,165,422,-0.0027823597192764282
2,37,165,432,0.0016551017761230469
2,38,165,436,0.002670455724000931
2,39,165,426,-7.792934775352478e-05
2,40,165,423,-0.00026094913482666016
2,41,165,427,0.0006818678230047226
2,42,165,425,0.0005328431725502014
2,43,165,327,-0.0009112060070037842
2,44,165,326,0.002119157463312149
2,45,165,0,-0.002852918580174446
2,46,165,37,-0.004728803411126137
2,47,165,39,-0.0010376237332820892
2,48,165,40,0.0008376389741897583
2,49,165,185,0.00023202598094940186
2,50,165,61,-0.0028842464089393616
2,51,165,146,-0.01314939558506012
2,52,165,91,-0.02012801170349121
2,53,165,181,-0.022554472088813782
2,54,165,84,-0.02217981219291687
2,55,165,17,-0.021748796105384827
2,56,165,11,0.0018651634454727173
2,57,165,72,0.0015445873141288757
2,58,165,73,0.002648279070854187
2,59,165,74,0.0022566094994544983
2,60,165,184,0.00018368661403656006
2,61,165,77,-0.014658607542514801
2,62,165,90,-0.022283047437667847
2,63,165,180,-0.02650143951177597
2,64,165,85,-0.027407802641391754
2,65,165,16,-0.027233228087425232
2,66,165,12,0.008503686636686325
2,67,165,38,0.008162811398506165
2,68,165,41,0.00650603324174881
2,69,165,42,0.003942318260669708
2,70,165,96,-0.016108475625514984
2,71,165,89,-0.024382680654525757
2,72,165,179,-0.030074357986450195
2,73,165,86,-0.032790251076221466
2,74,165,15,-0.032340966165065765
2,75,165,13,0.01496780663728714
2,76,165,82,0.013732105493545532
2,77,165,81,0.010457515716552734
2,78,165,80,0.006026305258274078
2,79,165,191,0.0006951913237571716
2,80,165,78,-0.004762522876262665
2,81,165,95,-0.01827968657016754
2,82,165,88,-0.027541518211364746
2,83,165,178,-0.03459153324365616
2,84,165,87,-0.03768157213926315
2,85,165,14,-0.03701788932085037
2,86,165,267,-0.004144997335970402
2,87,165,269,-0.00016963854432106018
2,88,165,270,0.0025608837604522705
2,89,165,409,0.0030108243227005005
2,90,165,291,0.0011920928955078125
2,91,165,375,-0.008873559534549713
2,92,165,321,-0.015779823064804077
2,93,165,405,-0.018816784024238586
2,94,165,314,-0.020325005054473877
2,95,165,302,0.0025202594697475433
2,96,165,303,0.00402383878827095
2,97,165,304,0.004307687282562256
2,98,165,408,0.0032268017530441284
2,99,165,307,-0.01039762794971466
2,100,165,320,-0.018110476434230804
2,101,165,404,-0.02321203052997589
2,102,165,315,-0.025919757783412933
2,103,165,268,0.009169038385152817
2,104,165,271,0.00817270576953888
2,105,165,272,0.006404116749763489
2,106,165,325,-0.011915162205696106
2,107,165,319,-0.020373985171318054
2,108,165,403,-0.02686081826686859
2,109,165,316,-0.031077593564987183
2,110,165,312,0.014626286923885345
2,111,165,311,0.012232758104801178
2,112,165,310,0.008574031293392181
2,113,165,415,0.0039577484130859375
2,114,165,308,-0.000918269157409668
2,115,165,324,-0.014287680387496948
2,116,165,318,-0.02343767136335373
2,117,165,402,-0.031201861798763275
2,118,165,317,-0.03569519519805908
3,4,92,186,0.0014729909598827362
3,5,92,57,0.0012058615684509277
3,6,92,43,-0.005023986101150513
3,7,92,106,-0.011987701058387756
3,8,92,182,-0.017358243465423584
3,9,92,83,-0.02052345871925354
3,10,92,18,-0.0215742290019989
3,11,92,200,-0.019038468599319458
3,12,92,201,-0.01740884780883789
3,13,92,194,-0.013599425554275513
3,14,92,204,-0.00861234962940216
3,15,92,202,-0.003409862518310547
3,16,92,212,0.0005798935890197754
3,17,92,216,0.0020262300968170166
3,18,92,206,0.0005202926695346832
3,19,92,203,-0.00012397021055221558
3,20,92,207,-0.00048865657299757
3,21,92,205,0.000810965895652771
3,22,92,98,-0.0006155595183372498
3,23,92,97,0.0025245174765586853
3,24,92,393,0.0036863908171653748
3,25,92,391,0.0007106252014636993
3,26,92,322,-0.00014032702893018723
3,27,92,410,0.0019424930214881897
3,28,92,287,0.0020378679037094116
3,29,92,273,-0.004220426082611084
3,30,92,335,-0.01123182475566864
3,31,92,406,-0.016803860664367676
3,32,92,313,-0.020189985632896423
3,33,92,421,-0.01777215301990509
3,34,92,418,-0.013943210244178772
3,35,92,424,-0.008801907300949097
3,36,92,422,-0.003433048725128174
3,37,92,432,0.0010044276714324951
3,38,92,436,0.002019786275923252
3,39,92,426,0.0005727410316467285
3,40,92,423,0.0003897249698638916
3,41,92,427,-3.11974436044693e-05
3,42,92,425,0.0011835098266601562
3,43,92,327,-0.0002605319023132324
3,44,92,326,0.0027698278427124023
3,45,92,0,0.0035035908222198486
3,46,92,37,0.00537947379052639
3,47,92,39,-0.0016882950440049171
3,48,92,40,0.00018697604537010193
3,49,92,185,-0.0004186555743217468
3,50,92,61,-0.0035349205136299133
3,51,92,146,-0.013800069689750671
3,52,92,91,-0.020778700709342957
3,53,92,181,-0.023205146193504333
3,54,92,84,-0.02283049374818802
3,55,92,17,-0.02239947021007538
3,56,92,11,0.0012144949287176132
3,57,92,72,0.0008939169347286224
3,58,92,73,0.001997610554099083
3,59,92,74,0.001605939120054245
3,60,92,184,-0.0004669874906539917
3,61,92,77,-0.015309274196624756
3,62,92,90,-0.0229337215423584
3,63,92,180,-0.027152128517627716
3,64,92,85,-0.028058454394340515
3,65,92,16,-0.027883879840373993
3,66,92,12,0.007853012531995773
3,67,92,38,0.007512133568525314
3,68,92,41,0.005855366587638855
3,69,92,42,0.003291647881269455
3,70,92,96,-0.016759149730205536
3,71,92,89,-0.02503335475921631
3,72,92,179,-0.03072502464056015
3,73,92,86,-0.033440932631492615
3,74,92,15,-0.032991617918014526
3,75,92,13,0.014317136257886887
3,76,92,82,0.013081427663564682
3,77,92,81,0.009806852787733078
3,78,92,80,0.0053756460547447205
3,79,92,191,4.45246696472168e-05
3,80,92,78,-0.005413182079792023
3,81,92,95,-0.018930353224277496
3,82,92,88,-0.0281921848654747
3,83,92,178,-0.03524220362305641
3,84,92,87,-0.038332220166921616
3,85,92,14,-0.03766855597496033
3,86,92,267,0.0047956667840480804
3,87,92,269,-0.0008203089237213135
3,88,92,270,0.0019102059304714203
3,89,92,409,0.002360161393880844
3,90,92,291,0.0005414187908172607
3,91,92,375,-0.009524226188659668
3,92,92,321,-0.01643049716949463
3,93,92,405,-0.01946745067834854
3,94,92,314,-0.020975671708583832
3,95,92,302,0.0018695862963795662
3,96,92,303,0.003373166546225548
3,97,92,304,0.003657013177871704
3,98,92,408,0.002576112747192383
3,99,92,307,-0.011048302054405212
3,100,92,320,-0.018761128187179565
3,101,92,404,-0.023862704634666443
3,102,92,315,-0.026570424437522888
3,103,92,268,0.008518364280462265
3,104,92,271,0.007522027939558029
3,105,92,272,0.0057534463703632355
3,106,92,325,-0.012565821409225464
3,107,92,319,-0.0210246741771698
3,108,92,403,-0.027511492371559143
3,109,92,316,-0.03172825276851654
3,110,92,312,0.013975605368614197
3,111,92,311,0.011582080274820328
3,112,92,310,0.00792335718870163
3,113,92,415,0.0033070743083953857
3,114,92,308,-0.0015689283609390259
3,115,92,324,-0.014938361942768097
3,116,92,318,-0.02408832311630249
3,117,92,402,-0.03185253217816353
3,118,92,317,-0.036345865577459335
4,5,186,57,-0.00026712939143180847
4,6,186,43,-0.0064969733357429504
4,7,186,106,-0.013460710644721985
4,8,186,182,-0.01883123815059662
4,9,186,83,-0.02199643850326538
4,10,186,18,-0.02304723858833313
4,11,186,200,-0.020511463284492493
4,12,186,201,-0.018881872296333313
4,13,186,194,-0.015072420239448547
4,14,186,204,-0.010085344314575195
4,15,186,202,-0.004882872104644775
4,16,186,212,-0.0008931048214435577
4,17,186,216,-0.0005532372742891312
4,18,186,206,0.0019932836294174194
4,19,186,203,0.001349024474620819
4,20,186,207,0.00098433718085289
4,21,186,205,0.0022839605808258057
4,22,186,98,0.000857427716255188
4,23,186,97,0.003997504711151123
4,24,186,393,0.005159392952919006
4,25,186,391,0.0021836161613464355
4,26,186,322,0.0013326667249202728
4,27,186,410,-0.0004694998497143388
4,28,186,287,0.0005648843944072723
4,29,186,273,-0.005693420767784119
4,30,186,335,-0.012704819440841675
4,31,186,406,-0.01827683299779892
4,32,186,313,-0.021662995219230652
4,33,186,421,-0.019245147705078125
4,34,186,418,-0.015416219830513
4,35,186,424,-0.010274887084960938
4,36,186,422,-0.004906035959720612
4,37,186,432,-0.0004685632884502411
4,38,186,436,-0.0005467943847179413
4,39,186,426,0.002045735716819763
4,40,186,423,0.0018627196550369263
4,41,186,427,0.0014417879283428192
4,42,186,425,0.002656511962413788
4,43,186,327,0.0012124329805374146
4,44,186,326,0.004242807626724243
4,45,186,0,0.004976581782102585
4,46,186,37,0.006852462887763977
4,47,186,39,0.003161286935210228
4,48,186,40,-0.00128601782489568
4,49,186,185,-0.0018916428089141846
4,50,186,61,-0.0050079114735126495
4,51,186,146,-0.015273060649633408
4,52,186,91,-0.022251691669225693
4,53,186,181,-0.02467813342809677
4,54,186,84,-0.02430347353219986
4,55,186,17,-0.023872457444667816
4,56,186,11,0.000258496031165123
4,57,186,72,0.0005790740251541138
4,58,186,73,-0.0005246186628937721
4,59,186,74,0.0001329481601715088
4,60,186,184,-0.0019399747252464294
4,61,186,77,-0.016782276332378387
4,62,186,90,-0.024406712502241135
4,63,186,180,-0.028625112026929855
4,64,186,85,-0.029531456530094147
4,65,186,16,-0.029356878250837326
4,66,186,12,-0.006380018312484026
4,67,186,38,-0.006039142608642578
4,68,186,41,0.0043823751620948315
4,69,186,42,0.0018186531960964203
4,70,186,96,-0.018232136964797974
4,71,186,89,-0.026506349444389343
4,72,186,179,-0.032198019325733185
4,73,186,86,-0.03491392731666565
4,74,186,15,-0.034464623779058456
4,75,186,13,0.007106548175215721
4,76,186,82,0.00944828987121582
4,77,186,81,0.008333856239914894
4,78,186,80,0.0039026476442813873
4,79,186,191,-0.0014284700155258179
4,80,186,78,-0.006886176764965057
4,81,186,95,-0.020403355360031128
4,82,186,88,-0.029665183275938034
4,83,186,178,-0.03671519458293915
4,84,186,87,-0.03980522230267525
4,85,186,14,-0.039141543209552765
4,86,186,267,0.006268654018640518
4,87,186,269,0.0022932998836040497
4,88,186,270,-0.0004372149705886841
4,89,186,409,0.0008871667087078094
4,90,186,291,-0.0009315721690654755
4,91,186,375,-0.010997217148542404
4,92,186,321,-0.017903491854667664
4,93,186,405,-0.020940452814102173
4,94,186,314,-0.022448673844337463
4,95,186,302,-0.00039659440517425537
4,96,186,303,-0.001900174655020237
4,97,186,304,0.0021840184926986694
4,98,186,408,0.0011031273752450943
4,99,186,307,-0.012521296739578247
4,100,186,320,-0.020234130322933197
4,101,186,404,-0.025335688143968582
4,102,186,315,-0.028043415397405624
4,103,186,268,-0.007045370060950518
4,104,186,271,0.002803790383040905
4,105,186,272,0.00428045354783535
4,106,186,325,-0.014038816094398499
4,107,186,319,-0.022497661411762238
4,108,186,403,-0.028984488919377327
4,109,186,316,-0.03320125490427017
4,110,186,312,0.007976519875228405
4,111,186,311,0.010109090246260166
4,112,186,310,0.006450367160141468
4,113,186,415,0.0018340758979320526
4,114,186,308,-0.0030419230461120605
4,115,186,324,-0.016411349177360535
4,116,186,318,-0.025561323389410973
4,117,186,402,-0.033325523138046265
4,118,186,317,-0.03781885281205177
5,6,57,43,-0.006229836493730545
5,7,57,106,-0.013193570077419281
5,8,57,182,-0.01856410503387451
5,9,57,83,-0.021729320287704468
5,10,57,18,-0.022780120372772217
5,11,57,200,-0.020244330167770386
5,12,57,201,-0.018614739179611206
5,13,57,194,-0.014805302023887634
5,14,57,204,-0.009818218648433685
5,15,57,202,-0.0046157389879226685
5,16,57,212,-0.0006259707733988762
5,17,57,216,-0.0008203685283660889
5,18,57,206,0.0017261654138565063
5,19,57,203,0.0010818839073181152
5,20,57,207,0.0007172077894210815
5,21,57,205,0.0020168274641036987
5,22,57,98,0.0005902796983718872
5,23,57,97,0.003730371594429016
5,24,57,393,0.004892230033874512
5,25,57,391,0.0019164904952049255
5,26,57,322,0.0010655373334884644
5,27,57,410,-0.000736631453037262
5,28,57,287,-0.0008320121560245752
5,29,57,273,-0.005426287651062012
5,30,57,335,-0.012437686324119568
5,31,57,406,-0.01800970733165741
5,32,57,313,-0.021395862102508545
5,33,57,421,-0.018978044390678406
5,34,57,418,-0.015149079263210297
5,35,57,424,-0.010007768869400024
5,36,57,422,-0.004638899117708206
5,37,57,432,-0.00020143389701843262
5,38,57,436,-0.0008139237761497498
5,39,57,426,0.0017786026000976562
5,40,57,423,0.0015956014394760132
5,41,57,427,0.0011746510863304138
5,42,57,425,0.002389371395111084
5,43,57,327,0.0009453296661376953
5,44,57,326,0.003975704312324524
5,45,57,0,0.004709459841251373
5,46,57,37,0.006585337221622467
5,47,57,39,0.0028941556811332703
5,48,57,40,0.0010188855230808258
5,49,57,185,0.0016245115548372269
5,50,57,61,-0.004740783479064703
5,51,57,146,-0.01500592939555645
5,52,57,91,-0.021984558552503586
5,53,57,181,-0.02441101334989071
5,54,57,84,-0.024036340415477753
5,55,57,17,-0.023605329915881157
5,56,57,11,-8.635222911834717e-06
5,57,57,72,0.00031194835901260376
5,58,57,73,-0.0007917508482933044
5,59,57,74,-0.00040007755160331726
5,60,57,184,0.0016728434711694717
5,61,57,77,-0.014564627781510353
5,62,57,90,-0.0231169443577528
5,63,57,180,-0.028266478329896927
5,64,57,85,-0.029264327138662338
5,65,57,16,-0.02908974140882492
5,66,57,12,-0.006647147238254547
5,67,57,38,-0.00630626454949379
5,68,57,41,-0.004649505019187927
5,69,57,42,-0.002085784450173378
5,70,57,96,-0.005557737313210964
5,71,57,89,-0.00154951773583889
5,72,57,179,0.002163836732506752
5,73,57,86,0.0005814302712678909
5,74,57,15,-2.041831612586975e-05
5,75,57,13,-0.013111274689435959
5,76,57,82,-0.011875569820404053
5,77,57,81,-0.008600987493991852
5,78,57,80,-0.004169777035713196
5,79,57,191,0.0011613406240940094
5,80,57,78,0.0006307840812951326
5,81,57,95,0.004696163814514875
5,82,57,88,0.01320245023816824
5,83,57,178,0.02239232510328293
5,84,57,87,0.029134022071957588
5,85,57,14,0.02808518148958683
5,86,57,267,0.006001532077789307
5,87,57,269,0.002026177942752838
5,88,57,270,-0.0007043443620204926
5,89,57,409,-0.0011542979627847672
5,90,57,291,0.000664442777633667
5,91,57,375,-0.010730087757110596
5,92,57,321,-0.017636358737945557
5,93,57,405,-0.020673317834734917
5,94,57,314,-0.022181538864970207
5,95,57,302,-0.0006637200713157654
5,96,57,303,-0.0021673105657100677
5,97,57,304,-0.0024511516094207764
5,98,57,408,-0.0013702567666769028
5,99,57,307,-0.005629798397421837
5,100,57,320,-0.01599804498255253
5,101,57,404,-0.024797378107905388
5,102,57,315,-0.027776287868618965
5,103,57,268,-0.007312502712011337
5,104,57,271,-0.0063161663711071014
5,105,57,272,-0.004547584801912308
5,106,57,325,0.00435450067743659
5,107,57,319,0.006844178307801485
5,108,57,403,0.006218899041414261
5,109,57,316,0.004401427693665028
5,110,57,312,-0.012769747525453568
5,111,57,311,-0.0103762187063694
5,112,57,310,-0.006717497482895851
5,113,57,415,-0.0021012071520090103
5,114,57,308,0.0027747927233576775
5,115,57,324,0.014050391502678394
5,116,57,318,0.02055412344634533
5,117,57,402,0.027975741773843765
5,118,57,317,0.029062144458293915
6,7,43,106,-0.006963726133108139
6,8,43,182,-0.012334272265434265
6,9,43,83,-0.015499487519264221
6,10,43,18,-0.016550268977880478
6,11,43,200,-0.014014489948749542
6,12,43,201,-0.012384891510009766
6,13,43,194,-0.008575454354286194
6,14,43,204,-0.003588389605283737
6,15,43,202,0.0016141049563884735
6,16,43,212,-0.005603868514299393
6,17,43,216,-0.007050216197967529
6,18,43,206,-0.004503682255744934
6,19,43,203,-0.005147963762283325
6,20,43,207,-0.005512624979019165
6,21,43,205,-0.00421297550201416
6,22,43,98,-0.005639523267745972
6,23,43,97,-0.0024994760751724243
6,24,43,393,-0.001337587833404541
6,25,43,391,-0.004313349723815918
6,26,43,322,-0.005164310336112976
6,27,43,410,-0.0069664716720581055
6,28,43,287,-0.007061850279569626
6,29,43,273,-0.0008035511709749699
6,30,43,335,-0.006207853555679321
6,31,43,406,-0.011779870837926865
6,32,43,313,-0.015166018158197403
6,33,43,421,-0.012748196721076965
6,34,43,418,-0.008919253945350647
6,35,43,424,-0.003777928650379181
6,36,43,422,0.0015909373760223389
6,37,43,432,-0.006028404459357262
6,38,43,436,-0.007043763995170593
6,39,43,426,-0.0044512152671813965
6,40,43,423,-0.004634261131286621
6,41,43,427,-0.00505518913269043
6,42,43,425,-0.0038404613733291626
6,43,43,327,-0.005284532904624939
6,44,43,326,-0.0022541582584381104
6,45,43,0,-0.0015203803777694702
6,46,43,37,0.00035549700260162354
6,47,43,39,-0.0033356845378875732
6,48,43,40,-0.005210950970649719
6,49,43,185,-0.004605330526828766
6,50,43,61,-0.001489054411649704
6,51,43,146,0.008776089176535606
6,52,43,91,0.01575472019612789
6,53,43,181,0.007792535237967968
6,54,43,84,-0.004056837875396013
6,55,43,17,-0.0074446233920753
6,56,43,11,-0.006238460540771484
6,57,43,72,-0.005917899310588837
6,58,43,73,-0.007021583616733551
6,59,43,74,-0.006629921495914459
6,60,43,184,-0.004556991159915924
6,61,43,77,0.010285301133990288
6,62,43,90,0.017909742891788483
6,63,43,180,0.022128144279122353
6,64,43,85,0.023034486919641495
6,65,43,16,0.022859904915094376
6,66,43,12,-0.01287698745727539
6,67,43,38,-0.012536108493804932
6,68,43,41,-0.010879337787628174
6,69,43,42,-0.008315622806549072
6,70,43,96,0.01173517294228077
6,71,43,89,0.020009377971291542
6,72,43,179,0.025701049715280533
6,73,43,86,0.0284169539809227
6,74,43,15,0.027967654168605804
6,75,43,13,-0.0193411186337471
6,76,43,82,-0.0181054025888443
6,77,43,81,-0.014830827713012695
6,78,43,80,-0.01039961352944374
6,79,43,191,-0.005068503320217133
6,80,43,78,0.00038921087980270386
6,81,43,95,0.013906382024288177
6,82,43,88,0.023168206214904785
6,83,43,178,0.030218228697776794
6,84,43,87,0.033308256417512894
6,85,43,14,0.03264458104968071
6,86,43,267,-0.0002283155918121338
6,87,43,269,-0.004203662276268005
6,88,43,270,-0.0069341883063316345
6,89,43,409,-0.007384136319160461
6,90,43,291,-0.005565393716096878
6,91,43,375,0.004500249400734901
6,92,43,321,0.011406519450247288
6,93,43,405,0.014429721049964428
6,94,43,314,-0.001123801339417696
6,95,43,302,-0.006893575191497803
6,96,43,303,-0.00839715451002121
6,97,43,304,-0.00868099182844162
6,98,43,408,-0.007600095123052597
6,99,43,307,0.006024323403835297
6,100,43,320,0.013737168163061142
6,101,43,404,0.01883872039616108
6,102,43,315,0.02154644951224327
6,103,43,268,-0.01354234665632248
6,104,43,271,-0.012546010315418243
6,105,43,272,-0.01077742874622345
6,106,43,325,0.007541850209236145
6,107,43,319,0.016000691801309586
6,108,43,403,0.022487519308924675
6,109,43,316,0.02670428343117237
6,110,43,312,-0.018999584019184113
6,111,43,311,-0.016606062650680542
6,112,43,310,-0.012947343289852142
6,113,43,415,-0.008331041783094406
6,114,43,308,-0.0034550465643405914
6,115,43,324,0.009914379566907883
6,116,43,318,0.01906435564160347
6,117,43,402,0.02682856097817421
6,118,43,317,0.03132188692688942
7,8,106,182,-0.005370542407035828
7,9,106,83,-0.008535755798220634
7,10,106,18,-0.009586546570062637
7,11,106,200,-0.007050760090351105
7,12,106,201,-0.005421161651611328
7,13,106,194,-0.0016117393970489502
7,14,106,204,0.0033753402531147003
7,15,106,202,-0.0009540291503071785
7,16,106,212,-0.012567594647407532
7,17,106,216,-0.014013931155204773
7,18,106,206,-0.011467412114143372
7,19,106,203,-0.012111693620681763
7,20,106,207,-0.012476369738578796
7,21,106,205,-0.011176720261573792
7,22,106,98,-0.01260325312614441
7,23,106,97,-0.009463205933570862
7,24,106,393,-0.008301317691802979
7,25,106,391,-0.011277079582214355
7,26,106,322,-0.012128010392189026
7,27,106,410,-0.013930201530456543
7,28,106,287,-0.014025572687387466
7,29,106,273,-0.007767278701066971
7,30,106,335,-0.0007558732759207487
7,31,106,406,-0.004816144704818726
7,32,106,313,-0.008202290162444115
7,33,106,421,-0.005784466862678528
7,34,106,418,-0.0019555166363716125
7,35,106,424,0.003185804933309555
7,36,106,422,-0.0061884671449661255
7,37,106,432,-0.01299213245511055
7,38,106,436,-0.01400749385356903
7,39,106,426,-0.011414974927902222
7,40,106,423,-0.011597976088523865
7,41,106,427,-0.012018904089927673
7,42,106,425,-0.0108041912317276
7,43,106,327,-0.012248232960700989
7,44,106,326,-0.009217888116836548
7,45,106,0,-0.008484095335006714
7,46,106,37,-0.006608247756958008
7,47,106,39,-0.010299399495124817
7,48,106,40,-0.01217467337846756
7,49,106,185,-0.011569052934646606
7,50,106,61,-0.008452784270048141
7,51,106,146,0.0018123611807823181
7,52,106,91,0.008790995925664902
7,53,106,181,0.011217446997761726
7,54,106,84,0.010842776857316494
7,55,106,17,0.010411763563752174
7,56,106,11,-0.013202190399169922
7,57,106,72,-0.012881621718406677
7,58,106,73,-0.013985320925712585
7,59,106,74,-0.0135936439037323
7,60,106,184,-0.011520728468894958
7,61,106,77,0.003321576863527298
7,62,106,90,0.010946013033390045
7,63,106,180,0.015164416283369064
7,64,106,85,0.016070764511823654
7,65,106,16,0.015896175056695938
7,66,106,12,-0.019840724766254425
7,67,106,38,-0.01949983835220337
7,68,106,41,-0.01784306764602661
7,69,106,42,-0.01527935266494751
7,70,106,96,0.004771441221237183
7,71,106,89,0.013045653700828552
7,72,106,179,0.01873733103275299
7,73,106,86,0.02145322784781456
7,74,106,15,0.021003928035497665
7,75,106,13,-0.02630484104156494
7,76,106,82,-0.025069139897823334
7,77,106,81,-0.021794557571411133
7,78,106,80,-0.017363347113132477
7,79,106,191,-0.012032225728034973
7,80,106,78,-0.006574518978595734
7,81,106,95,0.0069426558911800385
7,82,106,88,0.016204487532377243
7,83,106,178,0.02325449511408806
7,84,106,87,0.026344526559114456
7,85,106,14,0.025680851191282272
7,86,106,267,-0.007192045450210571
7,87,106,269,-0.011167392134666443
7,88,106,270,-0.013897903263568878
7,89,106,409,-0.014347858726978302
7,90,106,291,-0.012529123574495316
7,91,106,375,-0.0024634748697280884
7,92,106,321,0.0044427961111068726
7,93,106,405,0.007479753345251083
7,94,106,314,0.008987968787550926
7,95,106,302,-0.013857290148735046
7,96,106,303,-0.015360869467258453
7,97,106,304,-0.01564471423625946
7,98,106,408,-0.014563821256160736
7,99,106,307,-0.0009393990039825439
7,100,106,320,0.006773442029953003
7,101,106,404,0.011874992400407791
7,102,106,315,0.014582723379135132
7,103,106,268,-0.020506061613559723
7,104,106,271,-0.01950974017381668
7,105,106,272,-0.01774115115404129
7,106,106,325,0.0005781203508377075
7,107,106,319,0.009036969393491745
7,108,106,403,0.015523791313171387
7,109,106,316,0.01974056288599968
7,110,106,312,-0.025963321328163147
7,111,106,311,-0.023569785058498383
7,112,106,310,-0.019911065697669983
7,113,106,415,-0.015294782817363739
7,114,106,308,-0.010418776422739029
7,115,106,324,0.0029506534337997437
7,116,106,318,0.012100622057914734
7,117,106,402,0.01986483484506607
7,118,106,317,0.02435816079378128
8,9,182,83,-0.003165212459862232
8,10,182,18,-0.004216003231704235
8,11,182,200,-0.0016802214086055756
8,12,182,201,-5.062296986579895e-05
8,13,182,194,0.0037588179111480713
8,14,182,204,0.008745882660150528
8,15,182,202,-0.013948374427855015
8,16,182,212,-0.017938140779733658
8,17,182,216,-0.019384458661079407
8,18,182,206,-0.016837939620018005
8,19,182,203,-0.017482206225395203
8,20,182,207,-0.01784689724445343
8,21,182,205,-0.01654726266860962
8,22,182,98,-0.017973795533180237
8,23,182,97,-0.01483374834060669
8,24,182,393,-0.013671845197677612
8,25,182,391,-0.016647592186927795
8,26,182,322,-0.01749858260154724
8,27,182,410,-0.019300736486911774
8,28,182,287,-0.019396118819713593
8,29,182,273,-0.013137824833393097
8,30,182,335,-0.006126414984464645
8,31,182,406,-0.0005543978186324239
8,32,182,313,-0.002831747755408287
8,33,182,421,-0.0004139244556427002
8,34,182,418,0.0034150220453739166
8,35,182,424,0.008556344546377659
8,36,182,422,-0.013925205916166306
8,37,182,432,-0.01836267113685608
8,38,182,436,-0.01937803626060486
8,39,182,426,-0.016785502433776855
8,40,182,423,-0.016968533396720886
8,41,182,427,-0.0173894464969635
8,42,182,425,-0.016174733638763428
8,43,182,327,-0.01761879026889801
8,44,182,326,-0.014588415622711182
8,45,182,0,-0.01385466754436493
8,46,182,37,-0.011978790163993835
8,47,182,39,-0.01566995680332184
8,48,182,40,-0.017545223236083984
8,49,182,185,-0.016939587891101837
8,50,182,61,-0.013823330402374268
8,51,182,146,-0.0035581812262535095
8,52,182,91,0.003420453518629074
8,53,182,181,0.0058469027280807495
8,54,182,84,0.0054722316563129425
8,55,182,17,0.005041223019361496
8,56,182,11,-0.018572747707366943
8,57,182,72,-0.0182521790266037
8,58,182,73,-0.01935584843158722
8,59,182,74,-0.018964186310768127
8,60,182,184,-0.016891270875930786
8,61,182,77,-0.002048969268798828
8,62,182,90,0.0055754780769348145
8,63,182,180,0.009793873876333237
8,64,182,85,0.010700218379497528
8,65,182,16,0.010525640100240707
8,66,182,12,-0.02521125227212906
8,67,182,38,-0.024870388209819794
8,68,182,41,-0.023213602602481842
8,69,182,42,-0.020649895071983337
8,70,182,96,-0.000599101185798645
8,71,182,89,0.007675096392631531
8,72,182,179,0.013366781175136566
8,73,182,86,0.016082681715488434
8,74,182,15,0.01563338190317154
8,75,182,13,-0.03167537599802017
8,76,182,82,-0.03043968975543976
8,77,182,81,-0.027165092527866364
8,78,182,80,-0.022733882069587708
8,79,182,191,-0.0174027681350708
8,80,182,78,-0.011945061385631561
8,81,182,95,0.0015721023082733154
8,82,182,88,0.010833941400051117
8,83,182,178,0.01788395643234253
8,84,182,87,0.020973987877368927
8,85,182,14,0.020310290157794952
8,86,182,267,-0.012562558054924011
8,87,182,269,-0.016537949442863464
8,88,182,270,-0.0192684605717659
8,89,182,409,-0.019718408584594727
8,90,182,291,-0.017899662256240845
8,91,182,375,-0.007834017276763916
8,92,182,321,-0.0009277462959289551
8,93,182,405,0.0021092072129249573
8,94,182,314,0.003617428243160248
8,95,182,302,-0.019227832555770874
8,96,182,303,-0.020731404423713684
8,97,182,304,-0.021015271544456482
8,98,182,408,-0.019934363663196564
8,99,182,307,-0.0063099488615989685
8,100,182,320,0.0014028996229171753
8,101,182,404,0.006504453718662262
8,102,182,315,0.009212184697389603
8,103,182,268,-0.025876589119434357
8,104,182,271,-0.02488027513027191
8,105,182,272,-0.023111693561077118
8,106,182,325,-0.004792414605617523
8,107,182,319,0.003666423261165619
8,108,182,403,0.010153248906135559
8,109,182,316,0.014370009303092957
8,110,182,312,-0.03133387118577957
8,111,182,311,-0.028940312564373016
8,112,182,310,-0.02528160810470581
8,113,182,415,-0.020665310323238373
8,114,182,308,-0.015789315104484558
8,115,182,324,-0.002419888973236084
8,116,182,318,0.006730079650878906
8,117,182,402,0.01449429988861084
8,118,182,317,0.018987618386745453
9,10,83,18,-0.0010507911210879683
9,11,83,200,0.001484982669353485
9,12,83,201,0.0031145885586738586
9,13,83,194,0.00692402757704258
9,14,83,204,0.011849534697830677
9,15,83,202,-0.017113588750362396
9,16,83,212,-0.02110334485769272
9,17,83,216,-0.022549673914909363
9,18,83,206,-0.020003139972686768
9,19,83,203,-0.020647436380386353
9,20,83,207,-0.021012082695961
9,21,83,205,-0.019712477922439575
9,22,83,98,-0.021139025688171387
9,23,83,97,-0.017998963594436646
9,24,83,393,-0.016837075352668762
9,25,83,391,-0.019812852144241333
9,26,83,322,-0.020663782954216003
9,27,83,410,-0.022465944290161133
9,28,83,287,-0.02256133407354355
9,29,83,273,-0.016303028911352158
9,30,83,335,-0.009291630238294601
9,31,83,406,-0.0037196101620793343
9,32,83,313,-0.000333464122377336
9,33,83,421,0.0027512870728969574
9,34,83,418,0.006580239161849022
9,35,83,424,0.0052168965339660645
9,36,83,422,-0.01709042116999626
9,37,83,432,-0.021527886390686035
9,38,83,436,-0.022543251514434814
9,39,83,426,-0.019950702786445618
9,40,83,423,-0.02013373374938965
9,41,83,427,-0.020554661750793457
9,42,83,425,-0.019339919090270996
9,43,83,327,-0.020783990621566772
9,44,83,326,-0.017753660678863525
9,45,83,0,-0.01701986789703369
9,46,83,37,-0.015143975615501404
9,47,83,39,-0.018835172057151794
9,48,83,40,-0.02071043848991394
9,49,83,185,-0.02010481059551239
9,50,83,61,-0.016988538205623627
9,51,83,146,-0.006723389029502869
9,52,83,91,0.0002552419900894165
9,53,83,181,0.002681683748960495
9,54,83,84,0.0023070238530635834
9,55,83,17,0.00187600776553154
9,56,83,11,-0.021737948060035706
9,57,83,72,-0.02141737937927246
9,58,83,73,-0.022521063685417175
9,59,83,74,-0.022129401564598083
9,60,83,184,-0.02005647122859955
9,61,83,77,-0.005214184522628784
9,62,83,90,0.0024102628231048584
9,63,83,180,0.006628662347793579
9,64,83,85,0.007535003125667572
9,65,83,16,0.00736042857170105
9,66,83,12,-0.028376460075378418
9,67,83,38,-0.02803558111190796
9,68,83,41,-0.026378832757472992
9,69,83,42,-0.023815102875232697
9,70,83,96,-0.003764308989048004
9,71,83,89,0.0045099034905433655
9,72,83,179,0.01020156592130661
9,73,83,86,0.012917481362819672
9,74,83,15,0.012468181550502777
9,75,83,13,-0.03484060615301132
9,76,83,82,-0.03360489755868912
9,77,83,81,-0.030330292880535126
9,78,83,80,-0.02589910477399826
9,79,83,191,-0.020567990839481354
9,80,83,78,-0.01511026918888092
9,81,83,95,-0.0015930905938148499
9,82,83,88,0.007668733596801758
9,83,83,178,0.014718741178512573
9,84,83,87,0.01780877262353897
9,85,83,14,0.017145097255706787
9,86,83,267,-0.01572778820991516
9,87,83,269,-0.019703149795532227
9,88,83,270,-0.02243366837501526
9,89,83,409,-0.022883623838424683
9,90,83,291,-0.021064870059490204
9,91,83,375,-0.010999239981174469
9,92,83,321,-0.004092961549758911
9,93,83,405,-0.0010560080409049988
9,94,83,314,0.0004522167146205902
9,95,83,302,-0.02239304780960083
9,96,83,303,-0.023896634578704834
9,97,83,304,-0.024180471897125244
9,98,83,408,-0.02309957891702652
9,99,83,307,-0.009475156664848328
9,100,83,320,-0.0017623156309127808
9,101,83,404,0.003339238464832306
9,102,83,315,0.006046958267688751
9,103,83,268,-0.029041826725006104
9,104,83,271,-0.02804550528526306
9,105,83,272,-0.026276908814907074
9,106,83,325,-0.007957622408866882
9,107,83,319,0.0005012005567550659
9,108,83,403,0.006988033652305603
9,109,83,316,0.011204801499843597
9,110,83,312,-0.03449905663728714
9,111,83,311,-0.032105542719364166
9,112,83,310,-0.02844681590795517
9,113,83,415,-0.02383052557706833
9,114,83,308,-0.018954530358314514
9,115,83,324,-0.005585111677646637
9,116,83,318,0.003564871847629547
9,117,83,402,0.011329084634780884
9,118,83,317,0.0158223956823349
10,11,18,200,0.002535775303840637
10,12,18,201,0.004165377467870712
10,13,18,194,0.007974816486239433
10,14,18,204,0.010245583020150661
10,15,18,202,-0.0181643795222044
10,16,18,212,-0.02215413749217987
10,17,18,216,-0.023600488901138306
10,18,18,206,-0.02105395495891571
10,19,18,203,-0.0216982364654541
10,20,18,207,-0.02206289768218994
10,21,18,205,-0.020763307809829712
10,22,18,98,-0.022189795970916748
10,23,18,97,-0.019049733877182007
10,24,18,393,-0.017887860536575317
10,25,18,391,-0.020863637328147888
10,26,18,322,-0.02171456813812256
10,27,18,410,-0.023516729474067688
10,28,18,287,-0.023612134158611298
10,29,18,273,-0.017353825271129608
10,30,18,335,-0.010342419147491455
10,31,18,406,-0.004770400933921337
10,32,18,313,-0.0013842552434653044
10,33,18,421,0.0038020797073841095
10,34,18,418,0.0076310280710458755
10,35,18,424,0.0034385831095278263
10,36,18,422,-0.018141211941838264
10,37,18,432,-0.022578679025173187
10,38,18,436,-0.023594021797180176
10,39,18,426,-0.021001502871513367
10,40,18,423,-0.021184563636779785
10,41,18,427,-0.02160543203353882
10,42,18,425,-0.020390748977661133
10,43,18,327,-0.021834760904312134
10,44,18,326,-0.0188044011592865
10,45,18,0,-0.018070653080940247
10,46,18,37,-0.016194790601730347
10,47,18,39,-0.01988595724105835
10,48,18,40,-0.021761223673820496
10,49,18,185,-0.021155595779418945
10,50,18,61,-0.01803933084011078
10,51,18,146,-0.007774189114570618
10,52,18,91,-0.0007955580949783325
10,53,18,181,0.0016309022903442383
10,54,18,84,0.0012562274932861328
10,55,18,17,0.0008252151310443878
10,56,18,11,-0.02278873324394226
10,57,18,72,-0.02246817946434021
10,58,18,73,-0.023571863770484924
10,59,18,74,-0.02318018674850464
10,60,18,184,-0.021107271313667297
10,61,18,77,-0.006264969706535339
10,62,18,90,0.0013594701886177063
10,63,18,180,0.005577877163887024
10,64,18,85,0.006484217941761017
10,65,18,16,0.006309635937213898
10,66,18,12,-0.02942723035812378
10,67,18,38,-0.029086366295814514
10,68,18,41,-0.02742961049079895
10,69,18,42,-0.024865902960300446
10,70,18,96,-0.004815101623535156
10,71,18,89,0.0034590959548950195
10,72,18,179,0.009150788187980652
10,73,18,86,0.011866681277751923
10,74,18,15,0.011417388916015625
10,75,18,13,-0.03589137643575668
10,76,18,82,-0.034655675292015076
10,77,18,81,-0.031381092965602875
10,78,18,80,-0.026949912309646606
10,79,18,191,-0.021618761122226715
10,80,18,78,-0.01616106927394867
10,81,18,95,-0.002643883228302002
10,82,18,88,0.006617948412895203
10,83,18,178,0.013667955994606018
10,84,18,87,0.01675797998905182
10,85,18,14,0.016094304621219635
10,86,18,267,-0.01677858829498291
10,87,18,269,-0.020753949880599976
10,88,18,270,-0.023484468460083008
10,89,18,409,-0.023934409022331238
10,90,18,291,-0.022115670144557953
10,91,18,375,-0.012050032615661621
10,92,18,321,-0.00514376163482666
10,93,18,405,-0.002106800675392151
10,94,18,314,-0.0005985796451568604
10,95,18,302,-0.023443832993507385
10,96,18,303,-0.02494741976261139
10,97,18,304,-0.0252312570810318
10,98,18,408,-0.024150364100933075
10,99,18,307,-0.010525956749916077
10,100,18,320,-0.002813108265399933
10,101,18,404,0.002288445830345154
10,102,18,315,0.004996180534362793
10,103,18,268,-0.030092597007751465
10,104,18,271,-0.029096290469169617
10,105,18,272,-0.027327708899974823
10,106,18,325,-0.009008422493934631
10,107,18,319,-0.0005495771765708923
10,108,18,403,0.005937248468399048
10,109,18,316,0.01015402376651764
10,110,18,312,-0.03554985672235489
10,111,18,311,-0.033156342804431915
10,112,18,310,-0.02949761599302292
10,113,18,415,-0.024881310760974884
10,114,18,308,-0.02000531554222107
10,115,18,324,-0.006635896861553192
10,116,18,318,0.002514094114303589
10,117,18,402,0.010278284549713135
10,118,18,317,0.014771617949008942
11,12,200,201,-0.0016296000685542822
11,13,200,194,-0.005439041182398796
11,14,200,204,-0.010426107794046402
11,15,200,202,-0.015628598630428314
11,16,200,212,-0.01961836963891983
11,17,200,216,-0.02106471359729767
11,18,200,206,-0.01851820945739746
11,19,200,203,-0.01916244626045227
11,20,200,207,-0.019527152180671692
11,21,200,205,-0.018227487802505493
11,22,200,98,-0.019654005765914917
11,23,200,97,-0.016513943672180176
11,24,200,393,-0.015352100133895874
11,25,200,391,-0.018327832221984863
11,26,200,322,-0.019178807735443115
11,27,200,410,-0.020980969071388245
11,28,200,287,-0.021076351404190063
11,29,200,273,-0.014818049967288971
11,30,200,335,-0.007806643843650818
11,31,200,406,-0.002234630286693573
11,32,200,313,0.0011515207588672638
11,33,200,421,-0.0012663006782531738
11,34,200,418,-0.00509524904191494
11,35,200,424,-0.010236572474241257
11,36,200,422,-0.015605434775352478
11,37,200,432,-0.020042896270751953
11,38,200,436,-0.021058276295661926
11,39,200,426,-0.018465697765350342
11,40,200,423,-0.018648773431777954
11,41,200,427,-0.019069671630859375
11,42,200,425,-0.017854958772659302
11,43,200,327,-0.019299030303955078
11,44,200,326,-0.016268640756607056
11,45,200,0,-0.01553487777709961
11,46,200,37,-0.013659000396728516
11,47,200,39,-0.01735016703605652
11,48,200,40,-0.01922544836997986
11,49,200,185,-0.018619805574417114
11,50,200,61,-0.015503555536270142
11,51,200,146,-0.005238398909568787
11,52,200,91,0.0017402321100234985
11,53,200,181,0.004166685044765472
11,54,200,84,0.003792010247707367
11,55,200,17,0.0033609941601753235
11,56,200,11,-0.020252957940101624
11,57,200,72,-0.01993238925933838
11,58,200,73,-0.021036073565483093
11,59,200,74,-0.020644426345825195
11,60,200,184,-0.01857149600982666
11,61,200,77,-0.003729194402694702
11,62,200,90,0.0038952380418777466
11,63,200,180,0.008113652467727661
11,64,200,85,0.009019993245601654
11,65,200,16,0.008845418691635132
11,66,200,12,-0.02689148485660553
11,67,200,38,-0.026550590991973877
11,68,200,41,-0.024893835186958313
11,69,200,42,-0.022330105304718018
11,70,200,96,-0.002279341220855713
11,71,200,89,0.005994886159896851
11,72,200,179,0.011686548590660095
11,73,200,86,0.014402464032173157
11,74,200,15,0.013953179121017456
11,75,200,13,-0.03335560858249664
11,76,200,82,-0.03211989998817444
11,77,200,81,-0.02884531021118164
11,78,200,80,-0.024414122104644775
11,79,200,191,-0.01908297836780548
11,80,200,78,-0.013625293970108032
11,81,200,95,-0.0001081228256225586
11,82,200,88,0.009153708815574646
11,83,200,178,0.016203731298446655
11,84,200,87,0.01929377019405365
11,85,200,14,0.018630072474479675
11,86,200,267,-0.014242812991142273
11,87,200,269,-0.018218159675598145
11,88,200,270,-0.02094864845275879
11,89,200,409,-0.021398648619651794
11,90,200,291,-0.01957988739013672
11,91,200,375,-0.009514257311820984
11,92,200,321,-0.002607978880405426
11,93,200,405,0.00042898207902908325
11,94,200,314,0.0019372031092643738
11,95,200,302,-0.02090810239315033
11,96,200,303,-0.022411614656448364
11,97,200,304,-0.022695466876029968
11,98,200,408,-0.021614596247673035
11,99,200,307,-0.007990166544914246
11,100,200,320,-0.0002773106098175049
11,101,200,404,0.004824236035346985
11,102,200,315,0.007531963288784027
11,103,200,268,-0.027556851506233215
11,104,200,271,-0.026560500264167786
11,105,200,272,-0.024791911244392395
11,106,200,325,-0.006472647190093994
11,107,200,319,0.001986205577850342
11,108,200,403,0.008473023772239685
11,109,200,316,0.012689784169197083
11,110,200,312,-0.033014073967933655
11,111,200,311,-0.030620545148849487
11,112,200,310,-0.02696181833744049
11,113,200,415,-0.022345542907714844
11,114,200,308,-0.01746952533721924
11,115,200,324,-0.004100114107131958
11,116,200,318,0.005049869418144226
11,117,200,402,0.012814059853553772
11,118,200,317,0.017307400703430176
12,13,201,194,-0.0038094408810138702
12,14,201,204,-0.008796505630016327
12,15,201,202,-0.01399899274110794
12,16,201,212,-0.017988763749599457
12,17,201,216,-0.0194350928068161
12,18,201,206,-0.01688861846923828
12,19,201,203,-0.017532825469970703
12,20,201,207,-0.017897531390190125
12,21,201,205,-0.016597896814346313
12,22,201,98,-0.018024444580078125
12,23,201,97,-0.014884352684020996
12,24,201,393,-0.013722479343414307
12,25,201,391,-0.016698241233825684
12,26,201,322,-0.017549172043800354
12,27,201,410,-0.01935136318206787
12,28,201,287,-0.019446730613708496
12,29,201,273,-0.013188444077968597
12,30,201,335,-0.006177037954330444
12,31,201,406,-0.0006050243973731995
12,32,201,313,0.002781122922897339
12,33,201,421,0.0003632992156781256
12,34,201,418,-0.0034656496718525887
12,35,201,424,-0.008606970310211182
12,36,201,422,-0.013975828886032104
12,37,201,432,-0.018413305282592773
12,38,201,436,-0.019428670406341553
12,39,201,426,-0.016836166381835938
12,40,201,423,-0.017019122838974
12,41,201,427,-0.017440065741539
12,42,201,425,-0.016225367784500122
12,43,201,327,-0.01766940951347351
12,44,201,326,-0.014639019966125488
12,45,201,0,-0.01390528678894043
12,46,201,37,-0.012029409408569336
12,47,201,39,-0.015720561146736145
12,48,201,40,-0.017595842480659485
12,49,201,185,-0.01699019968509674
12,50,201,61,-0.013873949646949768
12,51,201,146,-0.003608807921409607
12,52,201,91,0.0033698230981826782
12,53,201,181,0.005796276032924652
12,54,201,84,0.005421601235866547
12,55,201,17,0.0049905925989151
12,56,201,11,-0.01862335205078125
12,57,201,72,-0.0183027982711792
12,58,201,73,-0.019406482577323914
12,59,201,74,-0.019014805555343628
12,60,201,184,-0.016941890120506287
12,61,201,77,-0.0020995736122131348
12,62,201,90,0.005524858832359314
12,63,201,180,0.009743250906467438
12,64,201,85,0.01064959168434143
12,65,201,16,0.010475017130374908
12,66,201,12,-0.025261878967285156
12,67,201,38,-0.024921000003814697
12,68,201,41,-0.023264244198799133
12,69,201,42,-0.020700514316558838
12,70,201,96,-0.0006497204303741455
12,71,201,89,0.007624492049217224
12,72,201,179,0.013316154479980469
12,73,201,86,0.016032055020332336
12,74,201,15,0.015582755208015442
12,75,201,13,-0.03172600269317627
12,76,201,82,-0.03049030900001526
12,77,201,81,-0.027215704321861267
12,78,201,80,-0.022784516215324402
12,79,201,191,-0.017453372478485107
12,80,201,78,-0.011995688080787659
12,81,201,95,0.001521483063697815
12,82,201,88,0.01078331470489502
12,83,201,178,0.017833322286605835
12,84,201,87,0.02092336118221283
12,85,201,14,0.020259693264961243
12,86,201,267,-0.0126132071018219
12,87,201,269,-0.016588568687438965
12,88,201,270,-0.019319072365760803
12,89,201,409,-0.01976904273033142
12,90,201,291,-0.01795029640197754
12,91,201,375,-0.007884636521339417
12,92,201,321,-0.0009783729910850525
12,93,201,405,0.002058587968349457
12,94,201,314,0.0035668164491653442
12,95,201,302,-0.019278451800346375
12,96,201,303,-0.02078203856945038
12,97,201,304,-0.02106587588787079
12,98,201,408,-0.019985005259513855
12,99,201,307,-0.006360575556755066
12,100,201,320,0.001352265477180481
12,101,201,404,0.006453812122344971
12,102,201,315,0.0091615691781044
12,103,201,268,-0.025927230715751648
12,104,201,271,-0.024930909276008606
12,105,201,272,-0.023162320256233215
12,106,201,325,-0.004843041300773621
12,107,201,319,0.0036157965660095215
12,108,201,403,0.010102614760398865
12,109,201,316,0.014319390058517456
12,110,201,312,-0.03138446807861328
12,111,201,311,-0.0289909690618515
12,112,201,310,-0.025332212448120117
12,113,201,415,-0.02071593701839447
12,114,201,308,-0.015839949250221252
12,115,201,324,-0.0024705231189727783
12,116,201,318,0.006679460406303406
12,117,201,402,0.014443650841712952
12,118,201,317,0.018936991691589355
13,14,194,204,-0.004987068474292755
13,15,194,202,-0.010189559310674667
13,16,194,212,-0.014179319143295288
13,17,194,216,-0.015625670552253723
13,18,194,206,-0.013079136610031128
13,19,194,203,-0.013723403215408325
13,20,194,207,-0.014088079333305359
13,21,194,205,-0.012788504362106323
13,22,194,98,-0.014215022325515747
13,23,194,97,-0.011074930429458618
13,24,194,393,-0.009912997484207153
13,25,194,391,-0.012888789176940918
13,26,194,322,-0.013739749789237976
13,27,194,410,-0.0155419260263443
13,28,194,287,-0.015637286007404327
13,29,194,273,-0.009379006922245026
13,30,194,335,-0.0023676007986068726
13,31,194,406,0.0032044164836406708
13,32,194,313,0.006590563803911209
13,33,194,421,-0.004172739572823048
13,34,194,418,0.0003437905106693506
13,35,194,424,-0.004797529429197311
13,36,194,422,-0.010166391730308533
13,37,194,432,-0.014603853225708008
13,38,194,436,-0.015619233250617981
13,39,194,426,-0.013026684522628784
13,40,194,423,-0.013209700584411621
13,41,194,427,-0.01363062858581543
13,42,194,425,-0.012415915727615356
13,43,194,327,-0.013859987258911133
13,44,194,326,-0.01082959771156311
13,45,194,0,-0.010095834732055664
13,46,194,37,-0.00821995735168457
13,47,194,39,-0.011911123991012573
13,48,194,40,-0.013786405324935913
13,49,194,185,-0.013180792331695557
13,50,194,61,-0.010064519941806793
13,51,194,146,0.00020062923431396484
13,52,194,91,0.007179267704486847
13,53,194,181,0.00960572063922882
13,54,194,84,0.009231053292751312
13,55,194,17,0.008800044655799866
13,56,194,11,-0.014813929796218872
13,57,194,72,-0.014493361115455627
13,58,194,73,-0.015597045421600342
13,59,194,74,-0.015205368399620056
13,60,194,184,-0.013132452964782715
13,61,194,77,0.0017098411917686462
13,62,194,90,0.009334288537502289
13,63,194,180,0.013552680611610413
13,64,194,85,0.0144590362906456
13,65,194,16,0.01428445428609848
13,66,194,12,-0.02145245671272278
13,67,194,38,-0.021111562848091125
13,68,194,41,-0.019454792141914368
13,69,194,42,-0.01689109206199646
13,70,194,96,0.003159724175930023
13,71,194,89,0.011433906853199005
13,72,194,179,0.017125599086284637
13,73,194,86,0.019841499626636505
13,74,194,15,0.01939219981431961
13,75,194,13,-0.027916565537452698
13,76,194,82,-0.026680871844291687
13,77,194,81,-0.02340628206729889
13,78,194,80,-0.018975064158439636
13,79,194,191,-0.013643965125083923
13,80,194,78,-0.008186250925064087
13,81,194,95,0.005330950021743774
13,82,194,88,0.014592751860618591
13,83,194,178,0.021642759442329407
13,84,194,87,0.0247327983379364
13,85,194,14,0.02406911551952362
13,86,194,267,-0.00880374014377594
13,87,194,269,-0.0127791166305542
13,88,194,270,-0.015509635210037231
13,89,194,409,-0.015959590673446655
13,90,194,291,-0.014140859246253967
13,91,194,375,-0.004075206816196442
13,92,194,321,0.0028310641646385193
13,93,194,405,0.0058680251240730286
13,94,194,314,0.007376238703727722
13,95,194,302,-0.015468999743461609
13,96,194,303,-0.016972601413726807
13,97,194,304,-0.017256438732147217
13,98,194,408,-0.01617555320262909
13,99,194,307,-0.0025511234998703003
13,100,194,320,0.00516171008348465
13,101,194,404,0.010263264179229736
13,102,194,315,0.012970998883247375
13,103,194,268,-0.022117793560028076
13,104,194,271,-0.02112145721912384
13,105,194,272,-0.019352883100509644
13,106,194,325,-0.0010336041450500488
13,107,194,319,0.007425248622894287
13,108,194,403,0.013912059366703033
13,109,194,316,0.018128827214241028
13,110,194,312,-0.027575060725212097
13,111,194,311,-0.025181517004966736
13,112,194,310,-0.021522805094718933
13,113,194,415,-0.016906514763832092
13,114,194,308,-0.012030482292175293
13,115,194,324,0.0013389289379119873
13,116,194,318,0.010488912463188171
13,117,194,402,0.018253102898597717
13,118,194,317,0.02274644374847412
14,15,204,202,-0.005202494561672211
14,16,204,212,-0.009192250669002533
14,17,204,216,-0.010638594627380371
14,18,204,206,-0.00809207558631897
14,19,204,203,-0.008736371994018555
14,20,204,207,-0.0091010183095932
14,21,204,205,-0.00780138373374939
14,22,204,98,-0.009227901697158813
14,23,204,97,-0.006087809801101685
14,24,204,393,-0.0049259960651397705
14,25,204,391,-0.007901743054389954
14,26,204,322,-0.008752688765525818
14,27,204,410,-0.010554865002632141
14,28,204,287,-0.01065024733543396
14,29,204,273,-0.0043919384479522705
14,30,204,335,0.002619463950395584
14,31,204,406,0.008191484957933426
14,32,204,313,0.011577630415558815
14,33,204,421,-0.009159807115793228
14,34,204,418,-0.005330856889486313
14,35,204,424,0.0001895367167890072
14,36,204,422,-0.005179326981306076
14,37,204,432,-0.00961679220199585
14,38,204,436,-0.010632157325744629
14,39,204,426,-0.00803963840007782
14,40,204,423,-0.008222639560699463
14,41,204,427,-0.008643567562103271
14,42,204,425,-0.0074288249015808105
14,43,204,327,-0.0088728666305542
14,44,204,326,-0.00584256649017334
14,45,204,0,-0.0051087886095047
14,46,204,37,-0.0032328665256500244
14,47,204,39,-0.006924062967300415
14,48,204,40,-0.008799314498901367
14,49,204,185,-0.008193708956241608
14,50,204,61,-0.005077429115772247
14,51,204,146,0.00518769770860672
14,52,204,91,0.012166328728199005
14,53,204,181,0.014592785388231277
14,54,204,84,0.014218118041753769
14,55,204,17,0.013787101954221725
14,56,204,11,-0.00982685387134552
14,57,204,72,-0.009506285190582275
14,58,204,73,-0.010609984397888184
14,59,204,74,-0.010218307375907898
14,60,204,184,-0.008145391941070557
14,61,204,77,0.006696909666061401
14,62,204,90,0.014321349561214447
14,63,204,180,0.01853976398706436
14,64,204,85,0.019446097314357758
14,65,204,16,0.01927151530981064
14,66,204,12,-0.016465380787849426
14,67,204,38,-0.016124501824378967
14,68,204,41,-0.01446773111820221
14,69,204,42,-0.011904023587703705
14,70,204,96,0.008146785199642181
14,71,204,89,0.016420990228652954
14,72,204,179,0.022112667560577393
14,73,204,86,0.024828560650348663
14,74,204,15,0.02437926083803177
14,75,204,13,-0.022929489612579346
14,76,204,82,-0.021693795919418335
14,77,204,81,-0.01841922104358673
14,78,204,80,-0.013988010585308075
14,79,204,191,-0.008656896650791168
14,80,204,78,-0.003199182450771332
14,81,204,95,0.010317988693714142
14,82,204,88,0.01957981288433075
14,83,204,178,0.02662983536720276
14,84,204,87,0.029719851911067963
14,85,204,14,0.02905619889497757
14,86,204,267,-0.0038166940212249756
14,87,204,269,-0.007792040705680847
14,88,204,270,-0.010522574186325073
14,89,204,409,-0.0109725221991539
14,90,204,291,-0.009153790771961212
14,91,204,375,0.0009118616580963135
14,92,204,321,0.007818125188350677
14,93,204,405,0.010855093598365784
14,94,204,314,0.012363303452730179
14,95,204,302,-0.010481953620910645
14,96,204,303,-0.011985525488853455
14,97,204,304,-0.012269377708435059
14,98,204,408,-0.011188492178916931
14,99,204,307,0.002435937523841858
14,100,204,320,0.010148778557777405
14,101,204,404,0.015250332653522491
14,102,204,315,0.01795806735754013
14,103,204,268,-0.017130732536315918
14,104,204,271,-0.016134396195411682
14,105,204,272,-0.014365807175636292
14,106,204,325,0.003953456878662109
14,107,204,319,0.012412309646606445
14,108,204,403,0.018899135291576385
14,109,204,316,0.02311590313911438
14,110,204,312,-0.022587984800338745
14,111,204,311,-0.02019447088241577
14,112,204,310,-0.016535721719264984
14,113,204,415,-0.011919423937797546
14,114,204,308,-0.007043428719043732
14,115,204,324,0.0063259899616241455
14,116,204,318,0.015475966036319733
14,117,204,402,0.02324015647172928
14,118,204,317,0.027733512222766876
15,16,202,212,-0.003989763557910919
15,17,202,216,-0.005436107516288757
15,18,202,206,-0.002889573574066162
15,19,202,203,-0.0035338401794433594
15,20,202,207,-0.003898516297340393
15,21,202,205,-0.002598896622657776
15,22,202,98,-0.004025459289550781
15,23,202,97,-0.0008853673934936523
15,24,202,393,0.00027652084827423096
15,25,202,391,-0.002699241042137146
15,26,202,322,-0.003550201654434204
15,27,202,410,-0.005352355539798737
15,28,202,287,-0.005447741597890854
15,29,202,273,0.000810554251074791
15,30,202,335,0.0040663061663508415
15,31,202,406,-0.013393978588283062
15,32,202,313,-0.016780123114585876
15,33,202,421,-0.01436229795217514
15,34,202,418,-0.010533344000577927
15,35,202,424,-0.005392029881477356
15,36,202,422,2.3168278858065605e-05
15,37,202,432,-0.0044142939150333405
15,38,202,436,-0.005429685115814209
15,39,202,426,-0.002837136387825012
15,40,202,423,-0.003020167350769043
15,41,202,427,-0.0034410804510116577
15,42,202,425,-0.0022263675928115845
15,43,202,327,-0.003670409321784973
15,44,202,326,-0.0006400495767593384
15,45,202,0,9.37432050704956e-05
15,46,202,37,0.0019696056842803955
15,47,202,39,-0.0017215758562088013
15,48,202,40,-0.0035968422889709473
15,49,202,185,-0.002991229295730591
15,50,202,61,0.00012505054473876953
15,51,202,146,0.010390195995569229
15,52,202,91,0.017368825152516365
15,53,202,181,0.01979527808725834
15,54,202,84,0.01942060887813568
15,55,202,17,0.018989596515893936
15,56,202,11,-0.004624351859092712
15,57,202,72,-0.004303783178329468
15,58,202,73,-0.005407482385635376
15,59,202,74,-0.00501580536365509
15,60,202,184,-0.002942889928817749
15,61,202,77,0.01189940795302391
15,62,202,90,0.019523847848176956
15,63,202,180,0.023742254823446274
15,64,202,85,0.02464859001338482
15,65,202,16,0.02447400614619255
15,66,202,12,-0.011262878775596619
15,67,202,38,-0.010922007262706757
15,68,202,41,-0.009265236556529999
15,69,202,42,-0.006701529026031494
15,70,202,96,0.013349279761314392
15,71,202,89,0.021623488515615463
15,72,202,179,0.027315154671669006
15,73,202,86,0.030031058937311172
15,74,202,15,0.029581762850284576
15,75,202,13,-0.01772700995206833
15,76,202,82,-0.01649130880832672
15,77,202,81,-0.013216719031333923
15,78,202,80,-0.00878550112247467
15,79,202,191,-0.0034543946385383606
15,80,202,78,0.002003312110900879
15,81,202,95,0.015520494431257248
15,82,202,88,0.024782318621873856
15,83,202,178,0.031832337379455566
15,84,202,87,0.03492235392332077
15,85,202,14,0.034258678555488586
15,86,202,267,0.0013857781887054443
15,87,202,269,-0.0025895535945892334
15,88,202,270,-0.0053200796246528625
15,89,202,409,-0.005770035088062286
15,90,202,291,-0.003951292484998703
15,91,202,375,0.006114348769187927
15,92,202,321,0.013020623475313187
15,93,202,405,0.016057582572102547
15,94,202,314,0.017565801739692688
15,95,202,302,-0.005279466509819031
15,96,202,303,-0.006783045828342438
15,97,202,304,-0.007066883146762848
15,98,202,408,-0.0059859976172447205
15,99,202,307,0.007638432085514069
15,100,202,320,0.015351269394159317
15,101,202,404,0.020452830940485
15,102,202,315,0.023160554468631744
15,103,202,268,-0.01192823052406311
15,104,202,271,-0.010931901633739471
15,105,202,272,-0.009163320064544678
15,106,202,325,0.009155958890914917
15,107,202,319,0.017614804208278656
15,108,202,403,0.024101629853248596
15,109,202,316,0.028318386524915695
15,110,202,312,-0.017385482788085938
15,111,202,311,-0.01499195396900177
15,112,202,310,-0.011333227157592773
15,113,202,415,-0.006716936826705933
15,114,202,308,-0.001840941607952118
15,115,202,324,0.011528488248586655
15,116,202,318,0.020678464323282242
15,117,202,402,0.028442654758691788
15,118,202,317,0.03293599188327789
16,17,212,216,-0.0014463365077972412
16,18,212,206,0.0011001825332641602
16,19,212,203,0.00045593082904815674
16,20,212,207,9.123235940933228e-05
16,21,212,205,0.0013908743858337402
16,22,212,98,-3.567337989807129e-05
16,23,212,97,0.0031044036149978638
16,24,212,393,0.004266291856765747
16,25,212,391,0.0012905150651931763
16,26,212,322,0.0004395619034767151
16,27,212,410,-0.0013626031577587128
16,28,212,287,-0.0014579836279153824
16,29,212,273,-0.00480031780898571
16,30,212,335,-0.011811722069978714
16,31,212,406,-0.017383739352226257
16,32,212,313,-0.020769886672496796
16,33,212,421,-0.018352054059505463
16,34,212,418,-0.014523111283779144
16,35,212,424,-0.009381793439388275
16,36,212,422,-0.004012931138277054
16,37,212,432,-0.0004245368763804436
16,38,212,436,-0.001439899206161499
16,39,212,426,0.001152634620666504
16,40,212,423,0.0009696036577224731
16,41,212,427,0.0005486905574798584
16,42,212,425,0.0017634034156799316
16,43,212,327,0.0003193467855453491
16,44,212,326,0.0033497214317321777
16,45,212,0,0.004083476960659027
16,46,212,37,0.005959354341030121
16,47,212,39,0.002268187701702118
16,48,212,40,0.000392913818359375
16,49,212,185,0.0009985417127609253
16,50,212,61,0.004114813171327114
16,51,212,146,-0.010590371675789356
16,52,212,91,-0.021358588710427284
16,53,212,181,-0.02378503978252411
16,54,212,84,-0.02341037057340145
16,55,212,17,-0.022979358211159706
16,56,212,11,-0.000634610652923584
16,57,212,72,-0.0003140196204185486
16,58,212,73,-0.0014177262783050537
16,59,212,74,-0.001026049256324768
16,60,212,184,0.001046871766448021
16,61,212,77,0.007609567139297724
16,62,212,90,-0.0009427480399608612
16,63,212,180,-0.006605318747460842
16,64,212,85,-0.013493809849023819
16,65,212,16,-0.016952797770500183
16,66,212,12,-0.0072731152176856995
16,67,212,38,-0.006932243704795837
16,68,212,41,-0.005275476723909378
16,69,212,42,-0.0027117542922496796
16,70,212,96,0.0166164580732584
16,71,212,89,0.0206246767193079
16,72,212,179,0.02433803118765354
16,73,212,86,0.02275562472641468
16,74,212,15,0.02215377800166607
16,75,212,13,-0.01373724639415741
16,76,212,82,-0.012501537799835205
16,77,212,81,-0.009226959198713303
16,78,212,80,-0.004795748740434647
16,79,212,191,0.0005353689193725586
16,80,212,78,0.005993077531456947
16,81,212,95,0.01951025053858757
16,82,212,88,0.028772080317139626
16,83,212,178,0.03582209348678589
16,84,212,87,0.03891212120652199
16,85,212,14,0.038248445838689804
16,86,212,267,0.005375556647777557
16,87,212,269,0.0014002025127410889
16,88,212,270,-0.0013303160667419434
16,89,212,409,-0.0017802678048610687
16,90,212,291,3.84720042347908e-05
16,91,212,375,0.0021791188046336174
16,92,212,321,-0.016995225101709366
16,93,212,405,-0.020047346130013466
16,94,212,314,-0.021555563434958458
16,95,212,302,-0.0012896880507469177
16,96,212,303,-0.0027932748198509216
16,97,212,304,-0.0030771195888519287
16,98,212,408,-0.0019962266087532043
16,99,212,307,0.01162819191813469
16,100,212,320,0.0061761499382555485
16,101,212,404,-0.00299112219363451
16,102,212,315,-0.011458526365458965
16,103,212,268,-0.007938466966152191
16,104,212,271,-0.006942134350538254
16,105,212,272,-0.00517355278134346
16,106,212,325,0.013145716860890388
16,107,212,319,0.021604562178254128
16,108,212,403,0.028089364990592003
16,109,212,316,0.026575623080134392
16,110,212,312,-0.01339571550488472
16,111,212,311,-0.01100219413638115
16,112,212,310,-0.007343467324972153
16,113,212,415,-0.002727176994085312
16,114,212,308,0.0021488219499588013
16,115,212,324,0.0155182471498847
16,116,212,318,0.024668224155902863
16,117,212,402,0.032432425767183304
16,118,212,317,0.036925751715898514
17,18,216,206,0.0025465264916419983
17,19,216,203,0.001902259886264801
17,20,216,207,0.001537572592496872
17,21,216,205,0.0028372034430503845
17,22,216,98,0.0014106705784797668
17,23,216,97,0.004550725221633911
17,24,216,393,0.005712628364562988
17,25,216,391,0.002736855298280716
17,26,216,322,0.001885903999209404
17,27,216,410,-8.373893797397614e-05
17,28,216,287,1.163780689239502e-05
17,29,216,273,-0.006246656179428101
17,30,216,335,-0.01325806975364685
17,31,216,406,-0.0188300758600235
17,32,216,313,-0.02221621572971344
17,33,216,421,-0.019798412919044495
17,34,216,418,-0.015969455242156982
17,35,216,424,-0.010828137397766113
17,36,216,422,-0.005459263920783997
17,37,216,432,-0.0010218024253845215
17,38,216,436,6.443355232477188e-06
17,39,216,426,0.002598971128463745
17,40,216,423,0.002415955066680908
17,41,216,427,0.0019950345158576965
17,42,216,425,0.003209739923477173
17,43,216,327,0.001765705645084381
17,44,216,326,0.004796065390110016
17,45,216,0,0.005529820919036865
17,46,216,37,0.007405705749988556
17,47,216,39,0.003520023776218295
17,48,216,40,-0.001839255914092064
17,49,216,185,-0.0024448856711387634
17,50,216,61,-0.00556115061044693
17,51,216,146,-0.015826299786567688
17,52,216,91,-0.022804930806159973
17,53,216,181,-0.025231368839740753
17,54,216,84,-0.02485671639442444
17,55,216,17,-0.024425692856311798
17,56,216,11,0.0008117349352687597
17,57,216,72,0.0011323124635964632
17,58,216,73,-2.861861139535904e-05
17,59,216,74,-0.0004202909767627716
17,60,216,184,-0.0024932101368904114
17,61,216,77,-0.01733551174402237
17,62,216,90,-0.024959944188594818
17,63,216,180,-0.02917834371328354
17,64,216,85,-0.03008469194173813
17,65,216,16,-0.02991010993719101
17,66,216,12,0.005826779641211033
17,67,216,38,0.005485903471708298
17,68,216,41,0.0038291364908218384
17,69,216,42,0.0012654177844524384
17,70,216,96,-0.018785379827022552
17,71,216,89,-0.027059584856033325
17,72,216,179,-0.032751258462667465
17,73,216,86,-0.035467155277729034
17,74,216,15,-0.03501786291599274
17,75,216,13,0.01229090802371502
17,76,216,82,0.011055199429392815
17,77,216,81,0.007780617102980614
17,78,216,80,0.003349408507347107
17,79,216,191,-0.0019817091524600983
17,80,216,78,-0.007439412176609039
17,81,216,95,-0.02095659077167511
17,82,216,88,-0.030218426138162613
17,83,216,178,-0.03726843744516373
17,84,216,87,-0.04035846143960953
17,85,216,14,-0.039694782346487045
17,86,216,267,0.006821896880865097
17,87,216,269,0.00284653902053833
17,88,216,270,-0.00011602230370044708
17,89,216,409,0.00033392757177352905
17,90,216,291,-0.0014848113059997559
17,91,216,375,-0.011550463736057281
17,92,216,321,-0.018456734716892242
17,93,216,405,-0.021493688225746155
17,94,216,314,-0.023001909255981445
17,95,216,302,0.00015664426609873772
17,96,216,303,0.0013469373807311058
17,97,216,304,0.001630779355764389
17,98,216,408,0.0005498863756656647
17,99,216,307,-0.013074539601802826
17,100,216,320,-0.020787373185157776
17,101,216,404,-0.025888919830322266
17,102,216,315,-0.0285966619849205
17,103,216,268,0.006492131389677525
17,104,216,271,0.005495799705386162
17,105,216,272,0.003727216273546219
17,106,216,325,-0.014592062681913376
17,107,216,319,-0.023050900548696518
17,108,216,403,-0.029537726193666458
17,109,216,316,-0.03375449404120445
17,110,216,312,0.01194937713444233
17,111,216,311,0.00955585390329361
17,112,216,310,0.005897127091884613
17,113,216,415,0.0012808442115783691
17,114,216,308,-0.0035951659083366394
17,115,216,324,-0.016964584589004517
17,116,216,318,-0.026114564388990402
17,117,216,402,-0.033878766000270844
17,118,216,317,-0.03837209194898605
18,19,206,203,-0.0006442628800868988
18,20,206,207,0.0010089501738548279
18,21,206,205,0.0002906806766986847
18,22,206,98,-0.0011358559131622314
18,23,206,97,0.002004217356443405
18,24,206,393,0.0031661009415984154
18,25,206,391,-0.00019032973796129227
18,26,206,322,0.0006606206297874451
18,27,206,410,0.0024627819657325745
18,28,206,287,0.0025581642985343933
18,29,206,273,-0.0037001222372055054
18,30,206,335,-0.010711535811424255
18,31,206,406,-0.01628352701663971
18,32,206,313,-0.01966969668865204
18,33,206,421,-0.0172518789768219
18,34,206,418,-0.013422951102256775
18,35,206,424,-0.008281603455543518
18,36,206,422,-0.002912744879722595
18,37,206,432,0.0015247315168380737
18,38,206,436,0.002540081739425659
18,39,206,426,5.24462666362524e-05
18,40,206,423,-0.0001305714249610901
18,41,206,427,0.0005514919757843018
18,42,206,425,0.000663217157125473
18,43,206,327,-0.0007808320224285126
18,44,206,326,0.002249535173177719
18,45,206,0,-0.002983294427394867
18,46,206,37,-0.004859177395701408
18,47,206,39,-0.0011680014431476593
18,48,206,40,0.0007072687149047852
18,49,206,185,0.00010163336992263794
18,50,206,61,-0.0030146241188049316
18,51,206,146,-0.013279780745506287
18,52,206,91,-0.020258411765098572
18,53,206,181,-0.022684842348098755
18,54,206,84,-0.022310182452201843
18,55,206,17,-0.0218791663646698
18,56,206,11,0.0017347931861877441
18,57,206,72,0.0014142170548439026
18,58,206,73,0.002517908811569214
18,59,206,74,0.0021262317895889282
18,60,206,184,5.332380533218384e-05
18,61,206,77,-0.014788985252380371
18,62,206,90,-0.022413432598114014
18,63,206,180,-0.02663181722164154
18,64,206,85,-0.02753816545009613
18,65,206,16,-0.027363598346710205
18,66,206,12,0.008373305201530457
18,67,206,38,0.008032426238059998
18,68,206,41,0.006375662982463837
18,69,206,42,0.003811940550804138
18,70,206,96,-0.01623886078596115
18,71,206,89,-0.02451305091381073
18,72,206,179,-0.030204743146896362
18,73,206,86,-0.03292063623666763
18,74,206,15,-0.03247132897377014
18,75,206,13,0.014837436378002167
18,76,206,82,0.013601727783679962
18,77,206,81,0.010327138006687164
18,78,206,80,0.005895927548408508
18,79,206,191,0.0005648136138916016
18,80,206,78,-0.004892885684967041
18,81,206,95,-0.018410056829452515
18,82,206,88,-0.027671895921230316
18,83,206,178,-0.03472192585468292
18,84,206,87,-0.03781192749738693
18,85,206,14,-0.03714825212955475
18,86,206,267,-0.004275374114513397
18,87,206,269,-0.0003000125288963318
18,88,206,270,0.0024304986000061035
18,89,206,409,0.0028804540634155273
18,90,206,291,0.0010617077350616455
18,91,206,375,-0.00900392234325409
18,92,206,321,-0.015910208225250244
18,93,206,405,-0.01894715428352356
18,94,206,314,-0.020455390214920044
18,95,206,302,0.0023898817598819733
18,96,206,303,0.003893457353115082
18,97,206,304,0.004177309572696686
18,98,206,408,0.0030964165925979614
18,99,206,307,-0.010527998208999634
18,100,206,320,-0.018240824341773987
18,101,206,404,-0.023342415690422058
18,102,206,315,-0.026050135493278503
18,103,206,268,0.009038656949996948
18,104,206,271,0.008042320609092712
18,105,206,272,0.006273739039897919
18,106,206,325,-0.012045525014400482
18,107,206,319,-0.020504385232925415
18,108,206,403,-0.02699119597673416
18,109,206,316,-0.031207963824272156
18,110,206,312,0.014495901763439178
18,111,206,311,0.012102372944355011
18,112,206,310,0.008443653583526611
18,113,206,415,0.0038273707032203674
18,114,206,308,-0.0010486394166946411
18,115,206,324,-0.014418072998523712
18,116,206,318,-0.02356802672147751
18,117,206,402,-0.03133223205804825
18,118,206,317,-0.03582557290792465
19,20,203,207,0.00036469101905822754
19,21,203,205,-0.0009349436732009053
19,22,203,98,-0.0004915923345834017
19,23,203,97,0.0026484790723770857
19,24,203,393,-0.0038103628903627396
19,25,203,391,-0.0008345954120159149
19,26,203,322,1.6361474990844727e-05
19,27,203,410,0.0018185228109359741
19,28,203,287,0.0019139200448989868
19,29,203,273,-0.004344388842582703
19,30,203,335,-0.011355802416801453
19,31,203,406,-0.0169278085231781
19,32,203,313,-0.02031397819519043
19,33,203,421,-0.01789611577987671
19,34,203,418,-0.01406717300415039
19,35,203,424,-0.00892588496208191
19,36,203,422,-0.0035570114850997925
19,37,203,432,0.0008804351091384888
19,38,203,436,0.0018958225846290588
19,39,203,426,-0.0006967075169086456
19,40,203,423,0.0005136935506016016
19,41,203,427,-9.276717901229858e-05
19,42,203,425,0.0013074815506115556
19,43,203,327,-0.00013656914234161377
19,44,203,326,0.002893796656280756
19,45,203,0,-0.0036275535821914673
19,46,203,37,-0.005503438413143158
19,47,203,39,-0.001812271773815155
19,48,203,40,6.300210952758789e-05
19,49,203,185,-0.0005426257848739624
19,50,203,61,-0.003658890724182129
19,51,203,146,-0.01392403244972229
19,52,203,91,-0.02090267837047577
19,53,203,181,-0.02332913875579834
19,54,203,84,-0.02295444905757904
19,55,203,17,-0.022523432970046997
19,56,203,11,0.00109051913022995
19,57,203,72,0.0007699504494667053
19,58,203,73,0.0018736347556114197
19,59,203,74,0.0014819949865341187
19,60,203,184,-0.0005909502506256104
19,61,203,77,-0.015433251857757568
19,62,203,90,-0.023057684302330017
19,63,203,180,-0.027276083827018738
19,64,203,85,-0.02818244695663452
19,65,203,16,-0.02800785005092621
19,66,203,12,0.007729031145572662
19,67,203,38,0.0073881596326828
19,68,203,41,0.0057313889265060425
19,69,203,42,0.0031676888465881348
19,70,203,96,-0.016883105039596558
19,71,203,89,-0.025157317519187927
19,72,203,179,-0.030848994851112366
19,73,203,86,-0.03356489539146423
19,74,203,15,-0.03311561048030853
19,75,203,13,0.014193162322044373
19,76,203,82,0.012957446277141571
19,77,203,81,0.009682878851890564
19,78,203,80,0.005251660943031311
19,79,203,191,-7.94529914855957e-05
19,80,203,78,-0.005537152290344238
19,81,203,95,-0.019054338335990906
19,82,203,88,-0.02831616997718811
19,83,203,178,-0.03536616265773773
19,84,203,87,-0.03845618665218353
19,85,203,14,-0.037792518734931946
19,86,203,267,-0.0049196332693099976
19,87,203,269,-0.0009442716836929321
19,88,203,270,0.0017862468957901
19,89,203,409,0.00223618745803833
19,90,203,291,0.0004174560308456421
19,91,203,375,-0.00964820384979248
19,92,203,321,-0.01655447483062744
19,93,203,405,-0.019591420888900757
19,94,203,314,-0.021099627017974854
19,95,203,302,0.0017456337809562683
19,96,203,303,0.0032491981983184814
19,97,203,304,0.0035330355167388916
19,98,203,408,0.002452149987220764
19,99,203,307,-0.011172264814376831
19,100,203,320,-0.018885120749473572
19,101,203,404,-0.023986652493476868
19,102,203,315,-0.0266944020986557
19,103,203,268,0.008394382894039154
19,104,203,271,0.007398054003715515
19,105,203,272,0.0056294649839401245
19,106,203,325,-0.012689784169197083
19,107,203,319,-0.02114863693714142
19,108,203,403,-0.027635470032691956
19,109,203,316,-0.03185224533081055
19,110,203,312,0.013851635158061981
19,111,203,311,0.01145811378955841
19,112,203,310,0.007799386978149414
19,113,203,415,0.003183111548423767
19,114,203,308,-0.0016929060220718384
19,115,203,324,-0.015062332153320312
19,116,203,318,-0.024212315678596497
19,117,203,402,-0.03197650611400604
19,118,203,317,-0.036469846963882446
20,21,207,205,0.0012996271252632141
20,22,207,98,-0.00012689828872680664
20,23,207,97,0.0030131638050079346
20,24,207,393,0.004175052046775818
20,25,207,391,0.0011992808431386948
20,26,207,322,-0.0003483295440673828
20,27,207,410,0.001453835517168045
20,28,207,287,0.0015492290258407593
20,29,207,273,-0.00470907986164093
20,30,207,335,-0.011720478534698486
20,31,207,406,-0.017292499542236328
20,32,207,313,-0.020678654313087463
20,33,207,421,-0.018260836601257324
20,34,207,418,-0.014431893825531006
20,35,207,424,-0.009290561079978943
20,36,207,422,-0.003921687602996826
20,37,207,432,0.000515766441822052
20,38,207,436,0.001531129702925682
20,39,207,426,0.0010613985359668732
20,40,207,423,0.0008783861994743347
20,41,207,427,0.00045745959505438805
20,42,207,425,0.0016721710562705994
20,43,207,327,0.00022812187671661377
20,44,207,326,0.0032584816217422485
20,45,207,0,-0.003992247395217419
20,46,207,37,0.0023478688672184944
20,47,207,39,-0.002176951617002487
20,48,207,40,-0.0003016851842403412
20,49,207,185,-0.000907309353351593
20,50,207,61,-0.0040235817432403564
20,51,207,146,-0.01428871601819992
20,52,207,91,-0.0212673619389534
20,53,207,181,-0.02369379997253418
20,54,207,84,-0.023319140076637268
20,55,207,17,-0.022888123989105225
20,56,207,11,0.0007258374243974686
20,57,207,72,0.000405261293053627
20,58,207,73,0.0015089549124240875
20,59,207,74,0.0011172853410243988
20,60,207,184,-0.0009556412696838379
20,61,207,77,-0.0157979354262352
20,62,207,90,-0.023422375321388245
20,63,207,180,-0.027640797197818756
20,64,207,85,-0.028547123074531555
20,65,207,16,-0.02837253361940384
20,66,207,12,0.007364355027675629
20,67,207,38,0.00702347606420517
20,68,207,41,0.00536670908331871
20,69,207,42,0.0028029978275299072
20,70,207,96,-0.017247796058654785
20,71,207,89,-0.02552201598882675
20,72,207,179,-0.031213685870170593
20,73,207,86,-0.03392958641052246
20,74,207,15,-0.033480286598205566
20,75,207,13,0.01382848247885704
20,76,207,82,0.012592770159244537
20,77,207,81,0.009318199008703232
20,78,207,80,0.004886984825134277
20,79,207,191,-0.0004441365599632263
20,80,207,78,-0.005901843309402466
20,81,207,95,-0.01941901445388794
20,82,207,88,-0.028680846095085144
20,83,207,178,-0.03573086857795715
20,84,207,87,-0.03882088512182236
20,85,207,14,-0.03815720975399017
20,86,207,267,0.005284324288368225
20,87,207,269,-0.001308964565396309
20,88,207,270,0.001421552151441574
20,89,207,409,0.0018714964389801025
20,90,207,291,5.276501178741455e-05
20,91,207,375,-0.010012894868850708
20,92,207,321,-0.016919158399105072
20,93,207,405,-0.019956104457378387
20,94,207,314,-0.02146434783935547
20,95,207,302,0.0013809297233819962
20,96,207,303,0.0028845109045505524
20,97,207,304,0.003168359398841858
20,98,207,408,0.0020874589681625366
20,99,207,307,-0.011536955833435059
20,100,207,320,-0.019249796867370605
20,101,207,404,-0.024351350963115692
20,102,207,315,-0.02705908566713333
20,103,207,268,0.00802970677614212
20,104,207,271,0.0070333704352378845
20,105,207,272,0.005264800041913986
20,106,207,325,-0.01305447518825531
20,107,207,319,-0.02151332050561905
20,108,207,403,-0.02800014615058899
20,109,207,316,-0.032216913998126984
20,110,207,312,0.013486947864294052
20,111,207,311,0.011093426495790482
20,112,207,310,0.0074346959590911865
20,113,207,415,0.0028184130787849426
20,114,207,308,-0.002057589590549469
20,115,207,324,-0.015427015721797943
20,116,207,318,-0.02457699179649353
20,117,207,402,-0.03234119713306427
20,118,207,317,-0.03683453053236008
21,22,205,98,-0.0014265358913689852
21,23,205,97,0.0017135352827608585
21,24,205,393,-0.002875419333577156
21,25,205,391,0.00010035187005996704
21,26,205,322,0.0009513050317764282
21,27,205,410,0.0027534589171409607
21,28,205,287,0.0028488487005233765
21,29,205,273,-0.003409445285797119
21,30,205,335,-0.01042085886001587
21,31,205,406,-0.015992894768714905
21,32,205,313,-0.019379019737243652
21,33,205,421,-0.01696118712425232
21,34,205,418,-0.013132274150848389
21,35,205,424,-0.007990926504135132
21,36,205,422,-0.002622053027153015
21,37,205,432,0.0018153935670852661
21,38,205,436,0.0028307586908340454
21,39,205,426,0.0002382323145866394
21,40,205,423,-0.00042124977335333824
21,41,205,427,0.000842168927192688
21,42,205,425,0.0003725381102412939
21,43,205,327,-0.0010715126991271973
21,44,205,326,0.0019588530994951725
21,45,205,0,-0.0026926174759864807
21,46,205,37,-0.004568502306938171
21,47,205,39,-0.0008773207664489746
21,48,205,40,0.0009979456663131714
21,49,205,185,0.0003923177719116211
21,50,205,61,-0.0027239471673965454
21,51,205,146,-0.012989073991775513
21,52,205,91,-0.01996771991252899
21,53,205,181,-0.02239416539669037
21,54,205,84,-0.022019505500793457
21,55,205,17,-0.021588489413261414
21,56,205,11,0.0020254701375961304
21,57,205,72,0.001704886555671692
21,58,205,73,0.002808593213558197
21,59,205,74,0.0024169087409973145
21,60,205,184,0.00034399330615997314
21,61,205,77,-0.014498323202133179
21,62,205,90,-0.022122740745544434
21,63,205,180,-0.026341155171394348
21,64,205,85,-0.02724747359752655
21,65,205,16,-0.027072906494140625
21,66,205,12,0.00866398960351944
21,67,205,38,0.00832311064004898
21,68,205,41,0.006666354835033417
21,69,205,42,0.004102617502212524
21,70,205,96,-0.015948176383972168
21,71,205,89,-0.024222373962402344
21,72,205,179,-0.029914051294326782
21,73,205,86,-0.03262995183467865
21,74,205,15,-0.032180652022361755
21,75,205,13,0.015128105878829956
21,76,205,82,0.013892412185668945
21,77,205,81,0.010617837309837341
21,78,205,80,0.0061866044998168945
21,79,205,191,0.0008554905652999878
21,80,205,78,-0.0046022385358810425
21,81,205,95,-0.018119394779205322
21,82,205,88,-0.027381226420402527
21,83,205,178,-0.03443123400211334
21,84,205,87,-0.03752125799655914
21,85,205,14,-0.03685757517814636
21,86,205,267,-0.003984697163105011
21,87,205,269,-9.335577487945557e-06
21,88,205,270,0.0027211904525756836
21,89,205,409,0.0031711459159851074
21,90,205,291,0.0013523995876312256
21,91,205,375,-0.008713245391845703
21,92,205,321,-0.015619531273841858
21,93,205,405,-0.018656492233276367
21,94,205,314,-0.020164698362350464
21,95,205,302,0.002680562436580658
21,96,205,303,0.004184149205684662
21,97,205,304,0.004467979073524475
21,98,205,408,0.003387078642845154
21,99,205,307,-0.010237336158752441
21,100,205,320,-0.01795017719268799
21,101,205,404,-0.023051708936691284
21,102,205,315,-0.025759443640708923
21,103,205,268,0.009329348802566528
21,104,205,271,0.008333005011081696
21,105,205,272,0.006564423441886902
21,106,205,325,-0.011754825711250305
21,107,205,319,-0.020213693380355835
21,108,205,403,-0.026700496673583984
21,109,205,316,-0.03091728687286377
21,110,205,312,0.014786586165428162
21,111,205,311,0.012393057346343994
21,112,205,310,0.008734330534934998
21,113,205,415,0.004118070006370544
21,114,205,308,-0.000757947564125061
21,115,205,324,-0.014127373695373535
21,116,205,318,-0.02327735722064972
21,117,205,402,-0.03104156255722046
21,118,205,317,-0.03553488850593567
22,23,98,97,0.0031400709412992
22,24,98,393,-0.004301955923438072
22,25,98,391,-0.0013261809945106506
22,26,98,322,-0.00047522783279418945
22,27,98,410,0.0013269484043121338
22,28,98,287,0.0014223158359527588
22,29,98,273,-0.004835978150367737
22,30,98,335,-0.011847376823425293
22,31,98,406,-0.017419397830963135
22,32,98,313,-0.020805567502975464
22,33,98,421,-0.01838773488998413
22,34,98,418,-0.014558792114257812
22,35,98,424,-0.009417474269866943
22,36,98,422,-0.004048630595207214
22,37,98,432,0.0003888756036758423
22,38,98,436,0.0014042407274246216
22,39,98,426,-0.0011883005499839783
22,40,98,423,0.001005286001600325
22,41,98,427,-0.0005843639373779297
22,42,98,425,0.0004979759687557817
22,43,98,327,0.0003550231922417879
22,44,98,326,0.003385388758033514
22,45,98,0,-0.004119150340557098
22,46,98,37,-0.005995035171508789
22,47,98,39,-0.002303868532180786
22,48,98,40,-0.00042860209941864014
22,49,98,185,-0.0010342001914978027
22,50,98,61,-0.004150480031967163
22,51,98,146,-0.014415621757507324
22,52,98,91,-0.02139425277709961
22,53,98,181,-0.02382071316242218
22,54,98,84,-0.023446038365364075
22,55,98,17,-0.02301502227783203
22,56,98,11,0.0005989223718643188
22,57,98,72,0.0002783536911010742
22,58,98,73,0.0013820528984069824
22,59,98,74,0.0009903758764266968
22,60,98,184,-0.0010825395584106445
22,61,98,77,-0.015924841165542603
22,62,98,90,-0.023549258708953857
22,63,98,180,-0.027767658233642578
22,64,98,85,-0.028674021363258362
22,65,98,16,-0.02849942445755005
22,66,98,12,0.007237449288368225
22,67,98,38,0.006896570324897766
22,68,98,41,0.005239814519882202
22,69,98,42,0.0026760846376419067
22,70,98,96,-0.01737472414970398
22,71,98,89,-0.025648921728134155
22,72,98,179,-0.031340599060058594
22,73,98,86,-0.03405648469924927
22,74,98,15,-0.03360719978809357
22,75,98,13,0.013701580464839935
22,76,98,82,0.01246587187051773
22,77,98,81,0.00919128954410553
22,78,98,80,0.004760071635246277
22,79,98,191,-0.0005710422992706299
22,80,98,78,-0.006028756499290466
22,81,98,95,-0.019545912742614746
22,82,98,88,-0.02880774438381195
22,83,98,178,-0.035857781767845154
22,84,98,87,-0.03894779086112976
22,85,98,14,-0.03828410804271698
22,86,98,267,-0.005411222577095032
22,87,98,269,-0.0014358684420585632
22,88,98,270,0.001294642686843872
22,89,98,409,0.001744598150253296
22,90,98,291,-7.414817810058594e-05
22,91,98,375,-0.01013977825641632
22,92,98,321,-0.017046064138412476
22,93,98,405,-0.02008303999900818
22,94,98,314,-0.02159123122692108
22,95,98,302,0.0012540221214294434
22,96,98,303,0.0027576088905334473
22,97,98,304,0.0030414611101150513
22,98,98,408,0.001960545778274536
22,99,98,307,-0.011663854122161865
22,100,98,320,-0.019376695156097412
22,101,98,404,-0.024478256702423096
22,102,98,315,-0.02718600630760193
22,103,98,268,0.007902801036834717
22,104,98,271,0.006906464695930481
22,105,98,272,0.00513787567615509
22,106,98,325,-0.013181373476982117
22,107,98,319,-0.021640241146087646
22,108,98,403,-0.028127044439315796
22,109,98,316,-0.03234381973743439
22,110,98,312,0.013360045850276947
22,111,98,311,0.010966524481773376
22,112,98,310,0.007307782769203186
22,113,98,415,0.002691507339477539
22,114,98,308,-0.0021844804286956787
22,115,98,324,-0.015553921461105347
22,116,98,318,-0.024703875184059143
22,117,98,402,-0.03246808052062988
22,118,98,317,-0.03696140646934509
23,24,97,393,-0.0011618845164775848
23,25,97,391,0.0018138810992240906
23,26,97,322,0.0026648342609405518
23,27,97,410,0.004466995596885681
23,28,97,287,0.0045623779296875
23,29,97,273,-0.0016959160566329956
23,30,97,335,-0.008707329630851746
23,31,97,406,-0.014279380440711975
23,32,97,313,-0.017665475606918335
23,33,97,421,-0.01524767279624939
23,34,97,418,-0.011418730020523071
23,35,97,424,-0.0062773823738098145
23,36,97,422,-0.0009085386991500854
23,37,97,432,0.0035289376974105835
23,38,97,436,0.004544295370578766
23,39,97,426,0.0019517689943313599
23,40,97,423,0.002082470105960965
23,41,97,427,0.0025557056069374084
23,42,97,425,0.0013409971725195646
23,43,97,327,0.002111300826072693
23,44,97,326,0.00024531781673431396
23,45,97,0,-0.0009790882468223572
23,46,97,37,-0.002854958176612854
23,47,97,39,0.0008362084627151489
23,48,97,40,0.002711474895477295
23,49,97,185,0.0021058768033981323
23,50,97,61,-0.001010403037071228
23,51,97,146,-0.011275559663772583
23,52,97,91,-0.018254205584526062
23,53,97,181,-0.020680636167526245
23,54,97,84,-0.020305991172790527
23,55,97,17,-0.019874945282936096
23,56,97,11,0.0037390142679214478
23,57,97,72,0.0034184232354164124
23,58,97,73,0.004522114992141724
23,59,97,74,0.004130467772483826
23,60,97,184,0.0020575374364852905
23,61,97,77,-0.012784779071807861
23,62,97,90,-0.020409196615219116
23,63,97,180,-0.024627625942230225
23,64,97,85,-0.02553395926952362
23,65,97,16,-0.0253593772649765
23,66,97,12,0.01037752628326416
23,67,97,38,0.010036639869213104
23,68,97,41,0.008379876613616943
23,69,97,42,0.005816161632537842
23,70,97,96,-0.01423463225364685
23,71,97,89,-0.02250884473323822
23,72,97,179,-0.02820052206516266
23,73,97,86,-0.030916407704353333
23,74,97,15,-0.030467122793197632
23,75,97,13,0.01684163510799408
23,76,97,82,0.015605941414833069
23,77,97,81,0.012331366539001465
23,78,97,80,0.007900133728981018
23,79,97,191,0.0025690197944641113
23,80,97,78,-0.002888694405555725
23,81,97,95,-0.016405850648880005
23,82,97,88,-0.02566768229007721
23,83,97,178,-0.032717689871788025
23,84,97,87,-0.03580772876739502
23,85,97,14,-0.03514404594898224
23,86,97,267,-0.0022711679339408875
23,87,97,269,0.001704193651676178
23,88,97,270,0.004434734582901001
23,89,97,409,0.004884690046310425
23,90,97,291,0.003065928816795349
23,91,97,375,-0.00699971616268158
23,92,97,321,-0.013906002044677734
23,93,97,405,-0.016942963004112244
23,94,97,314,-0.018451198935508728
23,95,97,302,0.0043940916657447815
23,96,97,303,0.0058976635336875916
23,97,97,304,0.0061815232038497925
23,98,97,408,0.005100622773170471
23,99,97,307,-0.008523806929588318
23,100,97,320,-0.016236647963523865
23,101,97,404,-0.02133820950984955
23,102,97,315,-0.024045929312705994
23,103,97,268,0.011042870581150055
23,104,97,271,0.01004655659198761
23,105,97,272,0.008277952671051025
23,106,97,325,-0.010041311383247375
23,107,97,319,-0.01850016415119171
23,108,97,403,-0.024986982345581055
23,109,97,316,-0.029203757643699646
23,110,97,312,0.016500115394592285
23,111,97,311,0.014106586575508118
23,112,97,310,0.010447874665260315
23,113,97,415,0.005831584334373474
23,114,97,308,0.0009555816650390625
23,115,97,324,-0.012413844466209412
23,116,97,318,-0.02156384289264679
23,117,97,402,-0.02932801842689514
23,118,97,317,-0.03382134437561035
24,25,393,391,0.002975771203637123
24,26,393,322,0.003826722502708435
24,27,393,410,0.0056288838386535645
24,28,393,287,0.005724281072616577
24,29,393,273,-0.0005340278148651123
24,30,393,335,-0.007545441389083862
24,31,393,406,-0.013117477297782898
24,32,393,313,-0.01650361716747284
24,33,393,421,-0.014085769653320312
24,34,393,418,-0.010256856679916382
24,35,393,424,-0.005115538835525513
24,36,393,422,0.00025334954261779785
24,37,393,432,0.004690811038017273
24,38,393,436,0.005706176161766052
24,39,393,426,0.0031136544421315193
24,40,393,423,-0.003296671435236931
24,41,393,427,0.0037175938487052917
24,42,393,425,-0.0025028828531503677
24,43,393,327,-0.003946932032704353
24,44,393,326,-0.0009165666997432709
24,45,393,0,0.00018280744552612305
24,46,393,37,-0.0016930773854255676
24,47,393,39,0.0019980967044830322
24,48,393,40,0.0038733631372451782
24,49,393,185,0.0032677575945854187
24,50,393,61,0.00015148520469665527
24,51,393,146,-0.0101136714220047
24,52,393,91,-0.017092302441596985
24,53,393,181,-0.019518762826919556
24,54,393,84,-0.01914408802986145
24,55,393,17,-0.018713057041168213
24,56,393,11,0.004900887608528137
24,57,393,72,0.004580318927764893
24,58,393,73,0.005684010684490204
24,59,393,74,0.005292333662509918
24,60,393,184,0.00321941077709198
24,61,393,77,-0.011622890830039978
24,62,393,90,-0.019247323274612427
24,63,393,180,-0.02346573770046234
24,64,393,85,-0.02437208592891693
24,65,393,16,-0.024197489023208618
24,66,393,12,0.011539407074451447
24,67,393,38,0.011198535561561584
24,68,393,41,0.009541749954223633
24,69,393,42,0.006978049874305725
24,70,393,96,-0.013072758913040161
24,71,393,89,-0.021346956491470337
24,72,393,179,-0.027038633823394775
24,73,393,86,-0.029754534363746643
24,74,393,15,-0.029305249452590942
24,75,393,13,0.018003538250923157
24,76,393,82,0.016767822206020355
24,77,393,81,0.013493239879608154
24,78,393,80,0.009062029421329498
24,79,393,191,0.0037309229373931885
24,80,393,78,-0.0017268061637878418
24,81,393,95,-0.015243977308273315
24,82,393,88,-0.024505794048309326
24,83,393,178,-0.03155580163002014
24,84,393,87,-0.034645818173885345
24,85,393,14,-0.03398214280605316
24,86,393,267,-0.0011092722415924072
24,87,393,269,0.002866089344024658
24,88,393,270,0.0055966004729270935
24,89,393,409,0.006046555936336517
24,90,393,291,0.004227817058563232
24,91,393,375,-0.005837827920913696
24,92,393,321,-0.012744113802909851
24,93,393,405,-0.015781059861183167
24,94,393,314,-0.017289280891418457
24,95,393,302,0.005555987358093262
24,96,393,303,0.007059566676616669
24,97,393,304,0.007343411445617676
24,98,393,408,0.006262518465518951
24,99,393,307,-0.007361903786659241
24,100,393,320,-0.015074759721755981
24,101,393,404,-0.020176291465759277
24,102,393,315,-0.02288404107093811
24,103,393,268,0.012204758822917938
24,104,393,271,0.011208415031433105
24,105,393,272,0.009439840912818909
24,106,393,325,-0.008879438042640686
24,107,393,319,-0.017338275909423828
24,108,393,403,-0.02382509410381317
24,109,393,316,-0.02804185450077057
24,110,393,312,0.017662018537521362
24,111,393,311,0.015268482267856598
24,112,393,310,0.011609762907028198
24,113,393,415,0.0069934651255607605
24,114,393,308,0.002117455005645752
24,115,393,324,-0.011251971125602722
24,116,393,318,-0.020401932299137115
24,117,393,402,-0.028166137635707855
24,118,393,317,-0.03265944868326187
25,26,391,322,0.000850951299071312
25,27,391,410,0.0026531219482421875
25,28,391,287,0.0027484893798828125
25,29,391,273,-0.0035097897052764893
25,30,391,335,-0.01052120327949524
25,31,391,406,-0.01609322428703308
25,32,391,313,-0.019479364156723022
25,33,391,421,-0.017061591148376465
25,34,391,418,-0.013232588768005371
25,35,391,424,-0.008091285824775696
25,36,391,422,-0.0027223974466323853
25,37,391,432,0.001715049147605896
25,38,391,436,0.002730410546064377
25,39,391,426,-0.0001378832384943962
25,40,391,423,-0.0003208965063095093
25,41,391,427,0.0007418226450681686
25,42,391,425,0.00047288835048675537
25,43,391,327,-0.0009711608290672302
25,44,391,326,0.002059195190668106
25,45,391,0,-0.0027929656207561493
25,46,391,37,-0.00466885045170784
25,47,391,39,-0.0009776689112186432
25,48,391,40,0.0008976012468338013
25,49,391,185,0.00029196590185165405
25,50,391,61,-0.0028242990374565125
25,51,391,146,-0.01308944821357727
25,52,391,91,-0.020068079233169556
25,53,391,181,-0.022494539618492126
25,54,391,84,-0.022119849920272827
25,55,391,17,-0.021688848733901978
25,56,391,11,0.0019251182675361633
25,57,391,72,0.0016045421361923218
25,58,391,73,0.0027082301676273346
25,59,391,74,0.0023165643215179443
25,60,391,184,0.00024364888668060303
25,61,391,77,-0.014598645269870758
25,62,391,90,-0.0222230926156044
25,63,391,180,-0.026441499590873718
25,64,391,85,-0.02734784036874771
25,65,391,16,-0.027173258364200592
25,66,391,12,0.008563634008169174
25,67,391,38,0.008222758769989014
25,68,391,41,0.006565988063812256
25,69,391,42,0.004002273082733154
25,70,391,96,-0.016048520803451538
25,71,391,89,-0.024322740733623505
25,72,391,179,-0.030014418065547943
25,73,391,86,-0.032730311155319214
25,74,391,15,-0.03228100389242172
25,75,391,13,0.015027761459350586
25,76,391,82,0.013792052865028381
25,77,391,81,0.010517477989196777
25,78,391,80,0.006086267530918121
25,79,391,191,0.0007551461458206177
25,80,391,78,-0.004702568054199219
25,81,391,95,-0.018219731748104095
25,82,391,88,-0.027481570839881897
25,83,391,178,-0.03453157842159271
25,84,391,87,-0.03762160986661911
25,85,391,14,-0.03695792704820633
25,86,391,267,-0.00408504344522953
25,87,391,269,-0.00010968372225761414
25,88,391,270,0.0026208311319351196
25,89,391,409,0.0030707865953445435
25,90,391,291,0.0012520402669906616
25,91,391,375,-0.008813604712486267
25,92,391,321,-0.015719860792160034
25,93,391,405,-0.018756821751594543
25,94,391,314,-0.020265042781829834
25,95,391,302,0.002580210566520691
25,96,391,303,0.004083789885044098
25,97,391,304,0.004367642104625702
25,98,391,408,0.0032867416739463806
25,99,391,307,-0.01033765822649002
25,100,391,320,-0.01805051416158676
25,101,391,404,-0.02315206080675125
25,102,391,315,-0.025859802961349487
25,103,391,268,0.009228982031345367
25,104,391,271,0.008232653141021729
25,105,391,272,0.006464079022407532
25,106,391,325,-0.011855199933052063
25,107,391,319,-0.020314067602157593
25,108,391,403,-0.026800870895385742
25,109,391,316,-0.031017638742923737
25,110,391,312,0.014686226844787598
25,111,391,311,0.012292705476284027
25,112,391,310,0.00863397866487503
25,113,391,415,0.004017695784568787
25,114,391,308,-0.000858306884765625
25,115,391,324,-0.014227740466594696
25,116,391,318,-0.023377716541290283
25,117,391,402,-0.031141914427280426
25,118,391,317,-0.035635240375995636
26,27,322,410,0.0018021613359451294
26,28,322,287,0.0018975511193275452
26,29,322,273,-0.004360757768154144
26,30,322,335,-0.011372163891792297
26,31,322,406,-0.016944199800491333
26,32,322,313,-0.020330309867858887
26,33,322,421,-0.017912477254867554
26,34,322,418,-0.01408354938030243
26,35,322,424,-0.008942216634750366
26,36,322,422,-0.003573372960090637
26,37,322,432,0.0008641034364700317
26,38,322,436,0.0018794601783156395
26,39,322,426,0.0007130652666091919
26,40,322,423,0.0005300566554069519
26,41,322,427,0.00010912958532571793
26,42,322,425,0.0013238415122032166
26,43,322,327,-0.00012020766735076904
26,44,322,326,0.0029101595282554626
26,45,322,0,0.003643918316811323
26,46,322,37,0.005519801750779152
26,47,322,39,-0.0018286239355802536
26,48,322,40,4.6644359827041626e-05
26,49,322,185,-0.0005589798092842102
26,50,322,61,-0.0036752521991729736
26,51,322,146,-0.013940393924713135
26,52,322,91,-0.02091902494430542
26,53,322,181,-0.023345477879047394
26,54,322,84,-0.02297080308198929
26,55,322,17,-0.022539794445037842
26,56,322,11,0.001074167899787426
26,57,322,72,0.0007535908371210098
26,58,322,73,0.001857282593846321
26,59,322,74,0.0014656148850917816
26,60,322,184,-0.0006073117256164551
26,61,322,77,-0.01544959843158722
26,62,322,90,-0.02307405322790146
26,63,322,180,-0.02729245275259018
26,64,322,85,-0.028198786079883575
26,65,322,16,-0.02802419662475586
26,66,322,12,0.007712682709097862
26,67,322,38,0.007371809333562851
26,68,322,41,0.005715038627386093
26,69,322,42,0.0031513161957263947
26,70,322,96,-0.016899481415748596
26,71,322,89,-0.025173678994178772
26,72,322,179,-0.030865363776683807
26,73,322,86,-0.03358125686645508
26,74,322,15,-0.033131957054138184
26,75,322,13,0.014176808297634125
26,76,322,82,0.012941107153892517
26,77,322,81,0.00966651737689972
26,78,322,80,0.005235310643911362
26,79,322,191,-9.58070158958435e-05
26,80,322,78,-0.005553513765335083
26,81,322,95,-0.019070684909820557
26,82,322,88,-0.02833251655101776
26,83,322,178,-0.03538253530859947
26,84,322,87,-0.038472551852464676
26,85,322,14,-0.03780888020992279
26,86,322,267,0.004935994744300842
26,87,322,269,-0.0009606359526515007
26,88,322,270,0.001769881695508957
26,89,322,409,0.0022198334336280823
26,90,322,291,0.00040108710527420044
26,91,322,375,-0.009664550423622131
26,92,322,321,-0.016570813953876495
26,93,322,405,-0.0196077898144722
26,94,322,314,-0.021115995943546295
26,95,322,302,0.001729259267449379
26,96,322,303,0.003232840448617935
26,97,322,304,0.003516681492328644
26,98,322,408,0.0024357959628105164
26,99,322,307,-0.011188626289367676
26,100,322,320,-0.018901459872722626
26,101,322,404,-0.024003028869628906
26,102,322,315,-0.02671075612306595
26,103,322,268,0.008378034457564354
26,104,322,271,0.007381699979305267
26,105,322,272,0.005613114684820175
26,106,322,325,-0.012706153094768524
26,107,322,319,-0.02116500586271286
26,108,322,403,-0.027651824057102203
26,109,322,316,-0.0318685919046402
26,110,322,312,0.013835284858942032
26,111,322,311,0.011441756039857864
26,112,322,310,0.007783032953739166
26,113,322,415,0.0031667426228523254
26,114,322,308,-0.0017092600464820862
26,115,322,324,-0.01507868617773056
26,116,322,318,-0.02422865480184555
26,117,322,402,-0.03199285641312599
26,118,322,317,-0.0364861898124218
27,28,410,287,9.538233280181885e-05
27,29,410,273,-0.006162926554679871
27,30,410,335,-0.01317431777715683
27,31,410,406,-0.01874633878469467
27,32,410,313,-0.02213248610496521
27,33,410,421,-0.019714653491973877
27,34,410,418,-0.01588571071624756
27,35,410,424,-0.01074439287185669
27,36,410,422,-0.00537552684545517
27,37,410,432,-0.0009380653500556946
27,38,410,436,-7.729604840278625e-05
27,39,410,426,0.0025152266025543213
27,40,410,423,0.0023322179913520813
27,41,410,427,0.0019112937152385712
27,42,410,425,0.003126010298728943
27,43,410,327,0.0016819685697555542
27,44,410,326,0.004712328314781189
27,45,410,0,0.005446083843708038
27,46,410,37,0.007321968674659729
27,47,410,39,0.0036307871341705322
27,48,410,40,-0.0017555176746100187
27,49,410,185,-0.0023611411452293396
27,50,410,61,-0.0054774172604084015
27,51,410,146,-0.015742555260658264
27,52,410,91,-0.022721190005540848
27,53,410,181,-0.02514764666557312
27,54,410,84,-0.024772971868515015
27,55,410,17,-0.024341963231563568
27,56,410,11,0.0007279962301254272
27,57,410,72,0.001048574224114418
27,58,410,73,-5.511939525604248e-05
27,59,410,74,-0.00033655110746622086
27,60,410,184,-0.0024094730615615845
27,61,410,77,-0.017251770943403244
27,62,410,90,-0.02487621083855629
27,63,410,180,-0.02909461408853531
27,64,410,85,-0.030000966042280197
27,65,410,16,-0.02982637658715248
27,66,410,12,-0.005910519044846296
27,67,410,38,-0.005569642409682274
27,68,410,41,0.0039128754287958145
27,69,410,42,0.001349152997136116
27,70,410,96,-0.018701639026403427
27,71,410,89,-0.0269758477807045
27,72,410,179,-0.03266751766204834
27,73,410,86,-0.035383421927690506
27,74,410,15,-0.03493412956595421
27,75,410,13,0.011471170000731945
27,76,410,82,0.011138939298689365
27,77,410,81,0.007864356972277164
27,78,410,80,0.003433147445321083
27,79,410,191,-0.0018979720771312714
27,80,410,78,-0.007355678826570511
27,81,410,95,-0.020872849971055984
27,82,410,88,-0.03013467974960804
27,83,410,178,-0.0371846929192543
27,84,410,87,-0.0402747243642807
27,85,410,14,-0.03961104899644852
27,86,410,267,0.00673815980553627
27,87,410,269,0.002762801945209503
27,88,410,270,3.228485002182424e-05
27,89,410,409,0.0004176683723926544
27,90,410,291,-0.001401074230670929
27,91,410,375,-0.011466719210147858
27,92,410,321,-0.01837299019098282
27,93,410,405,-0.021409936249256134
27,94,410,314,-0.02291816473007202
27,95,410,302,7.290393114089966e-05
27,96,410,303,-0.0014306753873825073
27,97,410,304,0.0017145192250609398
27,98,410,408,0.00063362717628479
27,99,410,307,-0.012990791350603104
27,100,410,320,-0.02070363610982895
27,101,410,404,-0.025805193930864334
27,102,410,315,-0.028512917459011078
27,103,410,268,-0.006575870327651501
27,104,410,271,0.005579537246376276
27,105,410,272,0.0038109542801976204
27,106,410,325,-0.014508318156003952
27,107,410,319,-0.02296716347336769
27,108,410,403,-0.029453985393047333
27,109,410,316,-0.03367075324058533
27,110,410,312,0.01203311700373888
27,111,410,311,0.009639590978622437
27,112,410,310,0.005980867892503738
27,113,410,415,0.0013645756989717484
27,114,410,308,-0.0035114213824272156
27,115,410,324,-0.01688084751367569
27,116,410,318,-0.026030823588371277
27,117,410,402,-0.03379502892494202
27,118,410,317,-0.03828835114836693
28,29,287,273,-0.006258297711610794
28,30,287,335,-0.013269703835248947
28,31,287,406,-0.01884172111749649
28,32,287,313,-0.022227860987186432
28,33,287,421,-0.01981005072593689
28,34,287,418,-0.01598108559846878
28,35,287,424,-0.010839767754077911
28,36,287,422,-0.005470912903547287
28,37,287,432,-0.0010334467515349388
28,38,287,436,1.8090009689331055e-05
28,39,287,426,0.002610623836517334
28,40,287,423,0.0024275928735733032
28,41,287,427,0.0020066797733306885
28,42,287,425,0.0032213926315307617
28,43,287,327,0.0017773360013961792
28,44,287,326,0.004807710647583008
28,45,287,0,0.005541466176509857
28,46,287,37,0.007417343556880951
28,47,287,39,0.003726169466972351
28,48,287,40,0.0018508993089199066
28,49,287,185,0.0024565253406763077
28,50,287,61,-0.005572795402258635
28,51,287,146,-0.01583794131875038
28,52,287,91,-0.022816570475697517
28,53,287,181,-0.02524302713572979
28,54,287,84,-0.024868357926607132
28,55,287,17,-0.024437345564365387
28,56,287,11,0.0008233785629272461
28,57,287,72,0.0011439621448516846
28,58,287,73,4.026293754577637e-05
28,59,287,74,0.00043193623423576355
28,60,287,184,0.0025048553943634033
28,61,287,77,-0.017347155138850212
28,62,287,90,-0.02497159130871296
28,63,287,180,-0.02918999455869198
28,64,287,85,-0.03009633719921112
28,65,287,16,-0.029921755194664
28,66,287,12,-0.005815133452415466
28,67,287,38,-0.005474261939525604
28,68,287,41,-0.0038174912333488464
28,69,287,42,-0.0012537725269794464
28,70,287,96,-0.013707268051803112
28,71,287,89,-0.009699050337076187
28,72,287,179,-0.005985695868730545
28,73,287,86,-0.007568099536001682
28,74,287,15,-0.008169949986040592
28,75,287,13,-0.012279264628887177
28,76,287,82,-0.01104355975985527
28,77,287,81,-0.007768971845507622
28,78,287,80,-0.0033377651125192642
28,79,287,191,0.0019933520816266537
28,80,287,78,-0.00729623157531023
28,81,287,95,-0.0034533673897385597
28,82,287,88,0.0050529176369309425
28,83,287,178,0.014242792502045631
28,84,287,87,0.02098449319601059
28,85,287,14,0.019935648888349533
28,86,287,267,0.0068335384130477905
28,87,287,269,0.002858184278011322
28,88,287,270,0.00012766942381858826
28,89,287,409,-0.00032228603959083557
28,90,287,291,-0.0014964551664888859
28,91,287,375,-0.011562099680304527
28,92,287,321,-0.018468370661139488
28,93,287,405,-0.0215053278952837
28,94,287,314,-0.02301354706287384
28,95,287,302,0.0001682862639427185
28,96,287,303,-0.0013353005051612854
28,97,287,304,-0.001619134098291397
28,98,287,408,-0.0005382448434829712
28,99,287,307,-0.013044160790741444
28,100,287,320,-0.02079901657998562
28,101,287,404,-0.025900574401021004
28,102,287,315,-0.028608301654458046
28,103,287,268,-0.0064804889261722565
28,104,287,271,-0.005484156310558319
28,105,287,272,-0.003715572878718376
28,106,287,325,-0.003795030526816845
28,107,287,319,-0.0013053538277745247
28,108,287,403,-0.0019306335598230362
28,109,287,316,-0.003748103976249695
28,110,287,312,-0.011937733739614487
28,111,287,311,-0.009544208645820618
28,112,287,310,-0.0058854855597019196
28,113,287,415,-0.0012691942974925041
28,114,287,308,0.0035996229853481054
28,115,287,324,0.005900859832763672
28,116,287,318,0.012404590845108032
28,117,287,402,0.019826209172606468
28,118,287,317,0.020912611857056618
29,30,273,335,-0.007011404260993004
29,31,273,406,-0.012583427131175995
29,32,273,313,-0.015969570726156235
29,33,273,421,-0.0135517418384552
29,34,273,418,-0.009722791612148285
29,35,273,424,-0.004581477493047714
29,36,273,422,0.0007873866707086563
29,37,273,432,-0.005224855616688728
29,38,273,436,-0.006240218877792358
29,39,273,426,-0.0036476850509643555
29,40,273,423,-0.0038307011127471924
29,41,273,427,-0.004251644015312195
29,42,273,425,-0.003036901354789734
29,43,273,327,-0.004480957984924316
29,44,273,326,-0.0014506131410598755
29,45,273,0,-0.0007168352603912354
29,46,273,37,0.001159071922302246
29,47,273,39,-0.0025321394205093384
29,48,273,40,-0.0044073984026908875
29,49,273,185,-0.0038017742335796356
29,50,273,61,-0.0006855037063360214
29,51,273,146,0.009579639881849289
29,52,273,91,0.016558270901441574
29,53,273,181,0.0019289376214146614
29,54,273,84,-0.009920436888933182
29,55,273,17,-0.013308221474289894
29,56,273,11,-0.0054349228739738464
29,57,273,72,-0.005114339292049408
29,58,273,73,-0.006218045949935913
29,59,273,74,-0.0058263614773750305
29,60,273,184,-0.0037534497678279877
29,61,273,77,0.01108885370194912
29,62,273,90,0.018713293597102165
29,63,273,180,0.022931694984436035
29,64,273,85,0.023838037624955177
29,65,273,16,0.023663455620408058
29,66,273,12,-0.012073427438735962
29,67,273,38,-0.0117325559258461
29,68,273,41,-0.010075800120830536
29,69,273,42,-0.007512073963880539
29,70,273,96,0.012538723647594452
29,71,273,89,0.020812928676605225
29,72,273,179,0.026504604145884514
29,73,273,86,0.02922050841152668
29,74,273,15,0.028771204873919487
29,75,273,13,-0.018537558615207672
29,76,273,82,-0.017301857471466064
29,77,273,81,-0.014027275145053864
29,78,273,80,-0.009596068412065506
29,79,273,191,-0.004264947026968002
29,80,273,78,0.0011927597224712372
29,81,273,95,0.01470993459224701
29,82,273,88,0.023971762508153915
29,83,273,178,0.031021781265735626
29,84,273,87,0.03411180153489113
29,85,273,14,0.033448126167058945
29,86,273,267,0.0005752295255661011
29,87,273,269,-0.0034001171588897705
29,88,273,270,-0.006130635738372803
29,89,273,409,-0.006580594927072525
29,90,273,291,-0.004761844873428345
29,91,273,375,0.005303800106048584
29,92,273,321,0.012210071086883545
29,93,273,405,0.008824276737868786
29,94,273,314,-0.006987398955971003
29,95,273,302,-0.006090007722377777
29,96,273,303,-0.007593594491481781
29,97,273,304,-0.007877439260482788
29,98,273,408,-0.006796550005674362
29,99,273,307,0.006827875971794128
29,100,273,320,0.014540718868374825
29,101,273,404,0.019642271101474762
29,102,273,315,0.022350002080202103
29,103,273,268,-0.01273878663778305
29,104,273,271,-0.011742457747459412
29,105,273,272,-0.009973876178264618
29,106,273,325,0.008345402777194977
29,107,273,319,0.016804244369268417
29,108,273,403,0.023291071876883507
29,109,273,316,0.027507837861776352
29,110,273,312,-0.01819603145122528
29,111,273,311,-0.015802502632141113
29,112,273,310,-0.012143779546022415
29,113,273,415,-0.007527496665716171
29,114,273,308,-0.0026514939963817596
29,115,273,324,0.010717932134866714
29,116,273,318,0.0198679082095623
29,117,273,402,0.027632106095552444
29,118,273,317,0.03212543576955795
30,31,335,406,-0.005572017282247543
30,32,335,313,-0.008958164602518082
30,33,335,421,-0.006540335714817047
30,34,335,418,-0.0027113929390907288
30,35,335,424,0.002429928630590439
30,36,335,422,-0.0011681318283081055
30,37,335,432,-0.012236259877681732
30,38,335,436,-0.013251632452011108
30,39,335,426,-0.010659098625183105
30,40,335,423,-0.01084214448928833
30,41,335,427,-0.011263042688369751
30,42,335,425,-0.010048314929008484
30,43,335,327,-0.011492371559143066
30,44,335,326,-0.008461996912956238
30,45,335,0,-0.0077282339334487915
30,46,335,37,-0.005852356553077698
30,47,335,39,-0.009543538093566895
30,48,335,40,-0.01141880452632904
30,49,335,185,-0.010813184082508087
30,50,335,61,-0.007696907967329025
30,51,335,146,0.0025682374835014343
30,52,335,91,0.00954686664044857
30,53,335,181,0.011973317712545395
30,54,335,84,0.011598650366067886
30,55,335,17,0.011167637072503567
30,56,335,11,-0.012446328997612
30,57,335,72,-0.012125760316848755
30,58,335,73,-0.01322944462299347
30,59,335,74,-0.012837767601013184
30,60,335,184,-0.010764852166175842
30,61,335,77,0.004077449440956116
30,62,335,90,0.011701889336109161
30,63,335,180,0.01592029258608818
30,64,335,85,0.016826633363962173
30,65,335,16,0.016652051359415054
30,66,335,12,-0.019084833562374115
30,67,335,38,-0.018743954598903656
30,68,335,41,-0.017087198793888092
30,69,335,42,-0.014523476362228394
30,70,335,96,0.005527317523956299
30,71,335,89,0.013801530003547668
30,72,335,179,0.01949319615960121
30,73,335,86,0.022209100425243378
30,74,335,15,0.02175980433821678
30,75,335,13,-0.025548964738845825
30,76,335,82,-0.02431325614452362
30,77,335,81,-0.021038681268692017
30,78,335,80,-0.01660747081041336
30,79,335,191,-0.011276349425315857
30,80,335,78,-0.005818638950586319
30,81,335,95,0.007698539644479752
30,82,335,88,0.016960356384515762
30,83,335,178,0.024010371416807175
30,84,335,87,0.027100395411252975
30,85,335,14,0.02643672004342079
30,86,335,267,-0.006436169147491455
30,87,335,269,-0.010411515831947327
30,88,335,270,-0.013142034411430359
30,89,335,409,-0.013591989874839783
30,90,335,291,-0.0117732472717762
30,91,335,375,-0.001707606017589569
30,92,335,321,0.005198664963245392
30,93,335,405,0.008235624060034752
30,94,335,314,0.009743842296302319
30,95,335,302,-0.01310141384601593
30,96,335,303,-0.014605000615119934
30,97,335,304,-0.014888837933540344
30,98,335,408,-0.013807952404022217
30,99,335,307,-0.00018353015184402466
30,100,335,320,0.007529310882091522
30,101,335,404,0.012630868703126907
30,102,335,315,0.01533859595656395
30,103,335,268,-0.019750185310840607
30,104,335,271,-0.018753863871097565
30,105,335,272,-0.01698528230190277
30,106,335,325,0.0013339929282665253
30,107,335,319,0.009792838245630264
30,108,335,403,0.0162796713411808
30,109,335,316,0.0204964317381382
30,110,335,312,-0.025207430124282837
30,111,335,311,-0.022813916206359863
30,112,335,310,-0.019155174493789673
30,113,335,415,-0.014538891613483429
30,114,335,308,-0.00966290757060051
30,115,335,324,0.003706522285938263
30,116,335,318,0.012856509536504745
30,117,335,402,0.02062070369720459
30,118,335,317,0.0251140333712101
31,32,406,313,-0.0033861463889479637
31,33,406,421,-0.0009683184325695038
31,34,406,418,0.002860628068447113
31,35,406,424,0.008001946844160557
31,36,406,422,-0.013370809145271778
31,37,406,432,-0.01780826598405838
31,38,406,436,-0.018823638558387756
31,39,406,426,-0.016231104731559753
31,40,406,423,-0.016414135694503784
31,41,406,427,-0.016835033893585205
31,42,406,425,-0.015620335936546326
31,43,406,327,-0.017064377665519714
31,44,406,326,-0.014034032821655273
31,45,406,0,-0.013300269842147827
31,46,406,37,-0.01142437756061554
31,47,406,39,-0.015115544199943542
31,48,406,40,-0.01699081063270569
31,49,406,185,-0.016385197639465332
31,50,406,61,-0.013268932700157166
31,51,406,146,-0.003003779798746109
31,52,406,91,0.003974854946136475
31,53,406,181,0.0064013004302978516
31,54,406,84,0.006026633083820343
31,55,406,17,0.0055956169962882996
31,56,406,11,-0.01801835000514984
31,57,406,72,-0.017697766423225403
31,58,406,73,-0.01880146563053131
31,59,406,74,-0.01840978115797043
31,60,406,184,-0.016336865723133087
31,61,406,77,-0.001494571566581726
31,62,406,90,0.00612986832857132
31,63,406,180,0.010348271578550339
31,64,406,85,0.01125461608171463
31,65,406,16,0.011080034077167511
31,66,406,12,-0.024656854569911957
31,67,406,38,-0.024315975606441498
31,68,406,41,-0.022659219801425934
31,69,406,42,-0.020095504820346832
31,70,406,96,-4.470348358154297e-05
31,71,406,89,0.00822950154542923
31,72,406,179,0.013921178877353668
31,73,406,86,0.016637079417705536
31,74,406,15,0.01618777960538864
31,75,406,13,-0.031120985746383667
31,76,406,82,-0.029885277152061462
31,77,406,81,-0.02661069482564926
31,78,406,80,-0.022179491817951202
31,79,406,191,-0.0168483704328537
31,80,406,78,-0.01139066368341446
31,81,406,95,0.0021265149116516113
31,82,406,88,0.011388339102268219
31,83,406,178,0.01843835413455963
31,84,406,87,0.021528378129005432
31,85,406,14,0.02086469531059265
31,86,406,267,-0.012008190155029297
31,87,406,269,-0.01598353683948517
31,88,406,270,-0.018714062869548798
31,89,406,409,-0.01916399598121643
31,90,406,291,-0.017345279455184937
31,91,406,375,-0.007279619574546814
31,92,406,321,-0.0003733523190021515
31,93,406,405,0.0026636049151420593
31,94,406,314,0.004171822220087051
31,95,406,302,-0.018673434853553772
31,96,406,303,-0.020177021622657776
31,97,406,304,-0.020460866391658783
31,98,406,408,-0.01937997341156006
31,99,406,307,-0.0057555437088012695
31,100,406,320,0.0019572973251342773
31,101,406,404,0.007058851420879364
31,102,406,315,0.009766582399606705
31,103,406,268,-0.025322221219539642
31,104,406,271,-0.02432587742805481
31,105,406,272,-0.02255731076002121
31,106,406,325,-0.004238024353981018
31,107,406,319,0.004220828413963318
31,108,406,403,0.010707646608352661
31,109,406,316,0.014924407005310059
31,110,406,312,-0.030779443681240082
31,111,406,311,-0.028385929763317108
31,112,406,310,-0.02472720295190811
31,113,406,415,-0.020110927522182465
31,114,406,308,-0.015234909951686859
31,115,406,324,-0.001865483820438385
31,116,406,318,0.007284492254257202
31,117,406,402,0.015048682689666748
31,118,406,317,0.019542016088962555
32,33,313,421,0.0024178214371204376
32,34,313,418,0.006246773526072502
32,35,313,424,0.009140044450759888
32,36,313,422,-0.016756955534219742
32,37,313,432,-0.021194428205490112
32,38,313,436,-0.022209778428077698
32,39,313,426,-0.019617274403572083
32,40,313,423,-0.019800245761871338
32,41,313,427,-0.020221203565597534
32,42,313,425,-0.019006460905075073
32,43,313,327,-0.02045053243637085
32,44,313,326,-0.017420172691345215
32,45,313,0,-0.01668637990951538
32,46,313,37,-0.014810517430305481
32,47,313,39,-0.018501698970794678
32,48,313,40,-0.020376965403556824
32,49,313,185,-0.019771337509155273
32,50,313,61,-0.016655080020427704
32,51,313,146,-0.006389930844306946
32,52,313,91,0.0005887076258659363
32,53,313,181,0.0030151531100273132
32,54,313,84,0.0026404857635498047
32,55,313,17,0.0022094696760177612
32,56,313,11,-0.02140447497367859
32,57,313,72,-0.021083906292915344
32,58,313,73,-0.022187605500221252
32,59,313,74,-0.021795935928821564
32,60,313,184,-0.01972299814224243
32,61,313,77,-0.004880718886852264
32,62,313,90,0.0027437210083007812
32,63,313,180,0.006962120532989502
32,64,313,85,0.007868468761444092
32,65,313,16,0.007693886756896973
32,66,313,12,-0.02804301679134369
32,67,313,38,-0.027702122926712036
32,68,313,41,-0.026045359671115875
32,69,313,42,-0.023481637239456177
32,70,313,96,-0.0034308508038520813
32,71,313,89,0.004843369126319885
32,72,313,179,0.010535039007663727
32,73,313,86,0.013250932097434998
32,74,313,15,0.0128016397356987
32,75,313,13,-0.0345071405172348
32,76,313,82,-0.033271417021751404
32,77,313,81,-0.029996849596500397
32,78,313,80,-0.025565624237060547
32,79,313,191,-0.020234517753124237
32,80,313,78,-0.0147768035531044
32,81,313,95,-0.001259639859199524
32,82,313,88,0.008002199232578278
32,83,313,178,0.015052206814289093
32,84,313,87,0.01814223825931549
32,85,313,14,0.017478562891483307
32,86,313,267,-0.015394330024719238
32,87,313,269,-0.01936967670917511
32,88,313,270,-0.022100195288658142
32,89,313,409,-0.02255014330148697
32,90,313,291,-0.02073141187429428
32,91,313,375,-0.010665766894817352
32,92,313,321,-0.0037594884634017944
32,93,313,405,-0.0007225386798381805
32,94,313,314,0.00078568235039711
32,95,313,302,-0.022059589624404907
32,96,313,303,-0.023563161492347717
32,97,313,304,-0.023847006261348724
32,98,313,408,-0.022766128182411194
32,99,313,307,-0.009141691029071808
32,100,313,320,-0.001428842544555664
32,101,313,404,0.0036727041006088257
32,102,313,315,0.006380431354045868
32,103,313,268,-0.02870836853981018
32,104,313,271,-0.027712024748325348
32,105,313,272,-0.025943443179130554
32,106,313,325,-0.0076241642236709595
32,107,313,319,0.0008346661925315857
32,108,313,403,0.007321491837501526
32,109,313,316,0.011538267135620117
32,110,313,312,-0.03416559100151062
32,111,313,311,-0.031772077083587646
32,112,313,310,-0.028113365173339844
32,113,313,415,-0.023497074842453003
32,114,313,308,-0.018621064722537994
32,115,313,324,-0.005251646041870117
32,116,313,318,0.00389833003282547
32,117,313,402,0.011662542819976807
32,118,313,317,0.01615586131811142
33,34,421,418,-0.003828948363661766
33,35,421,424,-0.008970271795988083
33,36,421,422,-0.014339126646518707
33,37,421,432,-0.018776588141918182
33,38,421,436,-0.01979196071624756
33,39,421,426,-0.017199397087097168
33,40,421,423,-0.01738247275352478
33,41,421,427,-0.017803356051445007
33,42,421,425,-0.016588687896728516
33,43,421,327,-0.018032729625701904
33,44,421,326,-0.015002310276031494
33,45,421,0,-0.01426859200000763
33,46,421,37,-0.012392699718475342
33,47,421,39,-0.01608385145664215
33,48,421,40,-0.017959147691726685
33,49,421,185,-0.017353534698486328
33,50,421,61,-0.014237239956855774
33,51,421,146,-0.00397210568189621
33,52,421,91,0.0030065253376960754
33,53,421,181,0.005432978272438049
33,54,421,84,0.005058318376541138
33,55,421,17,0.0046272873878479
33,56,421,11,-0.01898665726184845
33,57,421,72,-0.01866607367992401
33,58,421,73,-0.01976977288722992
33,59,421,74,-0.019378095865249634
33,60,421,184,-0.017305180430412292
33,61,421,77,-0.0024628937244415283
33,62,421,90,0.005161553621292114
33,63,421,180,0.009379945695400238
33,64,421,85,0.010286293923854828
33,65,421,16,0.010111719369888306
33,66,421,12,-0.025625184178352356
33,67,421,38,-0.025284290313720703
33,68,421,41,-0.02362753450870514
33,69,421,42,-0.021063819527626038
33,70,421,96,-0.0010130107402801514
33,71,421,89,0.007261186838150024
33,72,421,179,0.012952864170074463
33,73,421,86,0.01566876471042633
33,74,421,15,0.015219464898109436
33,75,421,13,-0.03208932280540466
33,76,421,82,-0.030853599309921265
33,77,421,81,-0.02757902443408966
33,78,421,80,-0.023147806525230408
33,79,421,191,-0.017816677689552307
33,80,421,78,-0.012358978390693665
33,81,421,95,0.001158192753791809
33,82,421,88,0.01042000949382782
33,83,421,178,0.017470017075538635
33,84,421,87,0.02056005597114563
33,85,421,14,0.019896388053894043
33,86,421,267,-0.012976497411727905
33,87,421,269,-0.016951873898506165
33,88,421,270,-0.01968236267566681
33,89,421,409,-0.020132318139076233
33,90,421,291,-0.018313586711883545
33,91,421,375,-0.008247941732406616
33,92,421,321,-0.0013416782021522522
33,93,421,405,0.001695282757282257
33,94,421,314,0.0032034963369369507
33,95,421,302,-0.019641757011413574
33,96,421,303,-0.021145343780517578
33,97,421,304,-0.02142918109893799
33,98,421,408,-0.020348280668258667
33,99,421,307,-0.006723865866661072
33,100,421,320,0.000988975167274475
33,101,421,404,0.006090536713600159
33,102,421,315,0.008798263967037201
33,103,421,268,-0.026290535926818848
33,104,421,271,-0.025294184684753418
33,105,421,272,-0.02352561056613922
33,106,421,325,-0.00520634651184082
33,107,421,319,0.0032525062561035156
33,108,421,403,0.009739324450492859
33,109,421,316,0.01395609974861145
33,110,421,312,-0.03174777328968048
33,111,421,311,-0.029354244470596313
33,112,421,310,-0.02569553256034851
33,113,421,415,-0.021079227328300476
33,114,421,308,-0.016203224658966064
33,115,421,324,-0.0028337985277175903
33,116,421,318,0.006316184997558594
33,117,421,402,0.01408037543296814
33,118,421,317,0.018573686480522156
34,35,418,424,-0.005141321569681168
34,36,418,422,-0.010510187596082687
34,37,418,432,-0.014947645366191864
34,38,418,436,-0.01596301794052124
34,39,418,426,-0.013370513916015625
34,40,418,423,-0.013553500175476074
34,41,418,427,-0.013974428176879883
34,42,418,425,-0.01275971531867981
34,43,418,327,-0.014203757047653198
34,44,418,326,-0.011173397302627563
34,45,418,0,-0.010439634323120117
34,46,418,37,-0.008563756942749023
34,47,418,39,-0.012254923582077026
34,48,418,40,-0.014130204916000366
34,49,418,185,-0.013524562120437622
34,50,418,61,-0.010408297181129456
34,51,418,146,-0.00014315545558929443
34,52,418,91,0.006835483014583588
34,53,418,181,0.009261935949325562
34,54,418,84,0.008887253701686859
34,55,418,17,0.008456245064735413
34,56,418,11,-0.015157744288444519
34,57,418,72,-0.014837116003036499
34,58,418,73,-0.0159408301115036
34,59,418,74,-0.01554916799068451
34,60,418,184,-0.013476237654685974
34,61,418,77,0.001366056501865387
34,62,418,90,0.008990488946437836
34,63,418,180,0.013208918273448944
34,64,418,85,0.014115244150161743
34,65,418,16,0.013940654695034027
34,66,418,12,-0.021796226501464844
34,67,418,38,-0.021455347537994385
34,68,418,41,-0.01979859173297882
34,69,418,42,-0.01723484694957733
34,70,418,96,0.0028159096837043762
34,71,418,89,0.011090122163295746
34,72,418,179,0.01678180694580078
34,73,418,86,0.019497722387313843
34,74,418,15,0.01904841512441635
34,75,418,13,-0.028260350227355957
34,76,418,82,-0.027024656534194946
34,77,418,81,-0.023750081658363342
34,78,418,80,-0.019318878650665283
34,79,418,191,-0.013987734913825989
34,80,418,78,-0.00853002816438675
34,81,418,95,0.0049871280789375305
34,82,418,88,0.014248974621295929
34,83,418,178,0.02129898965358734
34,84,418,87,0.024388998746871948
34,85,418,14,0.023725315928459167
34,86,418,267,-0.009147539734840393
34,87,418,269,-0.013122931122779846
34,88,418,270,-0.015853404998779297
34,89,418,409,-0.016303375363349915
34,90,418,291,-0.014484643936157227
34,91,418,375,-0.004418998956680298
34,92,418,321,0.002487272024154663
34,93,418,405,0.0055242255330085754
34,94,418,314,0.007032454013824463
34,95,418,302,-0.015812814235687256
34,96,418,303,-0.01731640100479126
34,97,418,304,-0.01760023832321167
34,98,418,408,-0.01651933789253235
34,99,418,307,-0.0028949156403541565
34,100,418,320,0.0048179179430007935
34,101,418,404,0.009919479489326477
34,102,418,315,0.01262720674276352
34,103,418,268,-0.022461578249931335
34,104,418,271,-0.0214652419090271
34,105,418,272,-0.019696667790412903
34,106,418,325,-0.001377388834953308
34,107,418,319,0.007081463932991028
34,108,418,403,0.013568289577960968
34,109,418,316,0.01778503507375717
34,110,418,312,-0.027918830513954163
34,111,418,311,-0.025525301694869995
34,112,418,310,-0.021866574883461
34,113,418,415,-0.01725029945373535
34,114,418,308,-0.012374304234981537
34,115,418,324,0.000995144248008728
34,116,418,318,0.010145112872123718
34,117,418,402,0.017909333109855652
34,118,418,317,0.022402644157409668
35,36,424,422,-0.005368862301111221
35,37,424,432,-0.009806334972381592
35,38,424,436,-0.010821685194969177
35,39,424,426,-0.008229151368141174
35,40,424,423,-0.008412152528762817
35,41,424,427,-0.008833110332489014
35,42,424,425,-0.00761839747428894
35,43,424,327,-0.009062439203262329
35,44,424,326,-0.006032049655914307
35,45,424,0,-0.005298316478729248
35,46,424,37,-0.0034224241971969604
35,47,424,39,-0.007113605737686157
35,48,424,40,-0.008988872170448303
35,49,424,185,-0.00838325172662735
35,50,424,61,-0.005266979336738586
35,51,424,146,0.004998169839382172
35,52,424,91,0.011976800858974457
35,53,424,181,0.014403250068426132
35,54,424,84,0.014028578996658325
35,55,424,17,0.013597562909126282
35,56,424,11,-0.010016396641731262
35,57,424,72,-0.009695827960968018
35,58,424,73,-0.010799497365951538
35,59,424,74,-0.01040785014629364
35,60,424,184,-0.008334919810295105
35,61,424,77,0.006507374346256256
35,62,424,90,0.014131814241409302
35,63,424,180,0.018350213766098022
35,64,424,85,0.019256554543972015
35,65,424,16,0.019081979990005493
35,66,424,12,-0.016654908657073975
35,67,424,38,-0.016314029693603516
35,68,424,41,-0.014657273888587952
35,69,424,42,-0.012093551456928253
35,70,424,96,0.00795724242925644
35,71,424,89,0.01623145490884781
35,72,424,179,0.021923139691352844
35,73,424,86,0.024639032781124115
35,74,424,15,0.024189718067646027
35,75,424,13,-0.023119047284126282
35,76,424,82,-0.021883323788642883
35,77,424,81,-0.018608756363391876
35,78,424,80,-0.014177553355693817
35,79,424,191,-0.008846431970596313
35,80,424,78,-0.003388717770576477
35,81,424,95,0.0101284459233284
35,82,424,88,0.0193902850151062
35,83,424,178,0.026440300047397614
35,84,424,87,0.02953033149242401
35,85,424,14,0.02886664867401123
35,86,424,267,-0.004006221890449524
35,87,424,269,-0.007981598377227783
35,88,424,270,-0.010712102055549622
35,89,424,409,-0.011162057518959045
35,90,424,291,-0.009343326091766357
35,91,424,375,0.0007223263382911682
35,92,424,321,0.007628597319126129
35,93,424,405,0.010665562003850937
35,94,424,314,0.012173768132925034
35,95,424,302,-0.010671496391296387
35,96,424,303,-0.012175068259239197
35,97,424,304,-0.0124589204788208
35,98,424,408,-0.011378012597560883
35,99,424,307,0.0022464022040367126
35,100,424,320,0.009959228336811066
35,101,424,404,0.015060804784297943
35,102,424,315,0.01776852458715439
35,103,424,268,-0.017320260405540466
35,104,424,271,-0.01632392406463623
35,105,424,272,-0.014555327594280243
35,106,424,325,0.003763914108276367
35,107,424,319,0.012222781777381897
35,108,424,403,0.01870959997177124
35,109,424,316,0.022926367819309235
35,110,424,312,-0.0227774977684021
35,111,424,311,-0.02038399875164032
35,112,424,310,-0.016725249588489532
35,113,424,415,-0.012108974158763885
35,114,424,308,-0.007232978940010071
35,115,424,324,0.006136454641819
35,116,424,318,0.015286430716514587
35,117,424,402,0.023050636053085327
35,118,424,317,0.027543947100639343
36,37,422,432,-0.004437468945980072
36,38,422,436,-0.005452826619148254
36,39,422,426,-0.0028603076934814453
36,40,422,423,-0.0030432939529418945
36,41,422,427,-0.003464251756668091
36,42,422,425,-0.0022495239973068237
36,43,422,327,-0.0036935806274414062
36,44,422,326,-0.0006632059812545776
36,45,422,0,7.055699825286865e-05
36,46,422,37,0.0019464343786239624
36,47,422,39,-0.0017447322607040405
36,48,422,40,-0.0036200135946273804
36,49,422,185,-0.003014393150806427
36,50,422,61,0.00010188296437263489
36,51,422,146,0.010367028415203094
36,52,422,91,0.01734565757215023
36,53,422,181,0.019772108644247055
36,54,422,84,0.019397441297769547
36,55,422,17,0.018966427072882652
36,56,422,11,-0.004647538065910339
36,57,422,72,-0.004326954483985901
36,58,422,73,-0.005430653691291809
36,59,422,74,-0.00503898411989212
36,60,422,184,-0.002966061234474182
36,61,422,77,0.011876240372657776
36,62,422,90,0.01950068026781082
36,63,422,180,0.02371908351778984
36,64,422,85,0.024625422433018684
36,65,422,16,0.024450838565826416
36,66,422,12,-0.011286050081253052
36,67,422,38,-0.010945186018943787
36,68,422,41,-0.009288400411605835
36,69,422,42,-0.006724685430526733
36,70,422,96,0.013326112180948257
36,71,422,89,0.02160031720995903
36,72,422,179,0.02729198709130287
36,73,422,86,0.030007891356945038
36,74,422,15,0.029558595269918442
36,75,422,13,-0.017750181257724762
36,76,422,82,-0.016514480113983154
36,77,422,81,-0.01323988288640976
36,78,422,80,-0.0088086798787117
36,79,422,191,-0.0034775584936141968
36,80,422,78,0.001980151981115341
36,81,422,95,0.015497330576181412
36,82,422,88,0.024759147316217422
36,83,422,178,0.03180915489792824
36,84,422,87,0.034899186342954636
36,85,422,14,0.03423551097512245
36,86,422,267,0.001362636685371399
36,87,422,269,-0.0026127249002456665
36,88,422,270,-0.005343236029148102
36,89,422,409,-0.0057931989431381226
36,90,422,291,-0.003974452614784241
36,91,422,375,0.006091181188821793
36,92,422,321,0.012997457757592201
36,93,422,405,0.016034414991736412
36,94,422,314,0.017542634159326553
36,95,422,302,-0.00530262291431427
36,96,422,303,-0.006806209683418274
36,97,422,304,-0.007090054452419281
36,98,422,408,-0.006009161472320557
36,99,422,307,0.0076152607798576355
36,100,422,320,0.015328101813793182
36,101,422,404,0.020429659634828568
36,102,422,315,0.02313738875091076
36,103,422,268,-0.011951394379138947
36,104,422,271,-0.010955072939395905
36,105,422,272,-0.00918649137020111
36,106,422,325,0.009132783859968185
36,107,422,319,0.017591629177331924
36,108,422,403,0.02407846227288246
36,109,422,316,0.02829521894454956
36,110,422,312,-0.017408639192581177
36,111,422,311,-0.015015125274658203
36,112,422,310,-0.011356398463249207
36,113,422,415,-0.006740100681781769
36,114,422,308,-0.001864112913608551
36,115,422,324,0.011505316942930222
36,116,422,318,0.020655300468206406
36,117,422,402,0.02841949462890625
36,118,422,317,0.03291282430291176
37,38,432,436,-0.0010153576731681824
37,39,432,426,0.0015771687030792236
37,40,432,423,0.0013941377401351929
37,41,432,427,0.0009732246398925781
37,42,432,425,0.0021879374980926514
37,43,432,327,0.0007438957691192627
37,44,432,326,0.0037742555141448975
37,45,432,0,0.00450800359249115
37,46,432,37,0.0063838958740234375
37,47,432,39,0.0026927217841148376
37,48,432,40,0.0008174516260623932
37,49,432,185,0.0014230776578187943
37,50,432,61,0.004264983348548412
37,51,432,146,-0.014804495498538017
37,52,432,91,-0.021783126518130302
37,53,432,181,-0.024209579452872276
37,54,432,84,-0.02383490651845932
37,55,432,17,-0.023403896018862724
37,56,432,11,-0.0002100616693496704
37,57,432,72,0.00011051446199417114
37,58,432,73,-0.0009931772947311401
37,59,432,74,-0.0006015114486217499
37,60,432,184,0.0014714095741510391
37,61,432,77,-0.001087093260139227
37,62,432,90,-0.009639410302042961
37,63,432,180,-0.015301979146897793
37,64,432,85,-0.02219046838581562
37,65,432,16,-0.025649460032582283
37,66,432,12,-0.006848584860563278
37,67,432,38,-0.006507705897092819
37,68,432,41,-0.00485093891620636
37,69,432,42,-0.0022872164845466614
37,70,432,96,0.00791979767382145
37,71,432,89,0.011928016319870949
37,72,432,179,0.01564137078821659
37,73,432,86,0.014058965258300304
37,74,432,15,0.013457115739583969
37,75,432,13,-0.013312708586454391
37,76,432,82,-0.012077003717422485
37,77,432,81,-0.008802421391010284
37,78,432,80,-0.004371212795376778
37,79,432,191,0.0009599048644304276
37,80,432,78,0.006417614407837391
37,81,432,95,0.018173698335886
37,82,432,88,0.026679983362555504
37,83,432,178,0.03569142892956734
37,84,432,87,0.03933665528893471
37,85,432,14,0.038672979921102524
37,86,432,267,0.00580008327960968
37,87,432,269,0.0018247291445732117
37,88,432,270,-0.0009057819843292236
37,89,432,409,-0.0013557318598031998
37,90,432,291,0.0004630088806152344
37,91,432,375,-0.006517541594803333
37,92,432,321,-0.017434924840927124
37,93,432,405,-0.020471882075071335
37,94,432,314,-0.021980101242661476
37,95,432,302,-0.000865153968334198
37,96,432,303,-0.002368740737438202
37,97,432,304,-0.002652585506439209
37,98,432,408,-0.0015716906636953354
37,99,432,307,0.007847735658288002
37,100,432,320,-0.0025205109268426895
37,101,432,404,-0.011687783524394035
37,102,432,315,-0.02015518583357334
37,103,432,268,-0.00751393660902977
37,104,432,271,-0.0065176039934158325
37,105,432,272,-0.00474901869893074
37,106,432,325,0.013570254668593407
37,107,432,319,0.020321711897850037
37,108,432,403,0.0196964330971241
37,109,432,316,0.01787896268069744
37,110,432,312,-0.012971181422472
37,111,432,311,-0.010577656328678131
37,112,432,310,-0.0069189295172691345
37,113,432,415,-0.002302641049027443
37,114,432,308,0.002573358826339245
37,115,432,324,0.015942785888910294
37,116,432,318,0.02509276010096073
37,117,432,402,0.032856959849596024
37,118,432,317,0.03735028952360153
38,39,436,426,0.0025925301015377045
38,40,436,423,0.002409502863883972
38,41,436,427,0.0019885897636413574
38,42,436,425,0.0032033026218414307
38,43,436,327,0.001759253442287445
38,44,436,326,0.00478961318731308
38,45,436,0,0.005523378029465675
38,46,436,37,0.007399260997772217
38,47,436,39,-0.0024772228207439184
38,48,436,40,-0.001832813024520874
38,49,436,185,-0.002438437193632126
38,50,436,61,-0.005554705858230591
38,51,436,146,-0.01581985503435135
38,52,436,91,-0.022798486053943634
38,53,436,181,-0.025224938988685608
38,54,436,84,-0.024850279092788696
38,55,436,17,-0.024419255554676056
38,56,436,11,0.0008023410919122398
38,57,436,72,0.001125869108363986
38,58,436,73,-2.2176653146743774e-05
38,59,436,74,-0.0004138462245464325
38,60,436,184,-0.0024867691099643707
38,61,436,77,-0.017329074442386627
38,62,436,90,-0.024953506886959076
38,63,436,180,-0.029171913862228394
38,64,436,85,-0.030078254640102386
38,65,436,16,-0.029903672635555267
38,66,436,12,0.005833222530782223
38,67,436,38,0.005492348223924637
38,68,436,41,0.0038355812430381775
38,69,436,42,0.001271858811378479
38,70,436,96,-0.018778935074806213
38,71,436,89,-0.027053147554397583
38,72,436,179,-0.032744817435741425
38,73,436,86,-0.035460710525512695
38,74,436,15,-0.035011421889066696
38,75,436,13,0.01229734905064106
38,76,436,82,0.011061644181609154
38,77,436,81,0.007787059992551804
38,78,436,80,0.0033558495342731476
38,79,436,191,-0.001975264400243759
38,80,436,78,-0.0074329674243927
38,81,436,95,-0.02095014974474907
38,82,436,88,-0.030211973935365677
38,83,436,178,-0.03726199269294739
38,84,436,87,-0.04035201668739319
38,85,436,14,-0.039688341319561005
38,86,436,267,0.006815453991293907
38,87,436,269,0.0028400958981364965
38,88,436,270,-0.0001095794141292572
38,89,436,409,0.00034037232398986816
38,90,436,291,-0.0014783665537834167
38,91,436,375,-0.011544011533260345
38,92,436,321,-0.01845027506351471
38,93,436,405,-0.021487243473529816
38,94,436,314,-0.02299545705318451
38,95,436,302,0.00015020067803561687
38,96,436,303,0.0013533802703022957
38,97,436,304,0.0016372241079807281
38,98,436,408,0.0005563274025917053
38,99,436,307,-0.01306808739900589
38,100,436,320,-0.020780928432941437
38,101,436,404,-0.025882482528686523
38,102,436,315,-0.028590217232704163
38,103,436,268,0.0064985742792487144
38,104,436,271,0.005502242594957352
38,105,436,272,0.0037336573004722595
38,106,436,325,-0.014585614204406738
38,107,436,319,-0.023044459521770477
38,108,436,403,-0.029531273990869522
38,109,436,316,-0.03374805301427841
38,110,436,312,0.011955821886658669
38,111,436,311,0.00956229493021965
38,112,436,310,0.005903571844100952
38,113,436,415,0.0012872815132141113
38,114,436,308,-0.0035887211561203003
38,115,436,324,-0.016958139836788177
38,116,436,318,-0.026108119636774063
38,117,436,402,-0.033872321248054504
38,118,436,317,-0.038365643471479416
39,40,426,423,-0.00018301606178283691
39,41,426,427,0.000603940337896347
39,42,426,425,0.0006107725203037262
39,43,426,327,-0.0008332766592502594
39,44,426,326,0.002197086811065674
39,45,426,0,-0.00293084979057312
39,46,426,37,-0.004806730896234512
39,47,426,39,-0.0011155568063259125
39,48,426,40,0.000759713351726532
39,49,426,185,0.0001540854573249817
39,50,426,61,-0.002962172031402588
39,51,426,146,-0.013227313756942749
39,52,426,91,-0.020205959677696228
39,53,426,181,-0.02263239026069641
39,54,426,84,-0.022257745265960693
39,55,426,17,-0.021826714277267456
39,56,426,11,0.0017872415482997894
39,57,426,72,0.001466657966375351
39,58,426,73,0.0025703534483909607
39,59,426,74,0.002178683876991272
39,60,426,184,0.00010576844215393066
39,61,426,77,-0.014736533164978027
39,62,426,90,-0.02236098051071167
39,63,426,180,-0.02657938003540039
39,64,426,85,-0.027485713362693787
39,65,426,16,-0.02731114625930786
39,66,426,12,0.008425749838352203
39,67,426,38,0.008084870874881744
39,68,426,41,0.0064281076192855835
39,69,426,42,0.003864385187625885
39,70,426,96,-0.016186416149139404
39,71,426,89,-0.02446061372756958
39,72,426,179,-0.03015229105949402
39,73,426,86,-0.03286819905042648
39,74,426,15,-0.0324188768863678
39,75,426,13,0.01488988846540451
39,76,426,82,0.013654172420501709
39,77,426,81,0.010379575192928314
39,78,426,80,0.005948372185230255
39,79,426,191,0.0006172657012939453
39,80,426,78,-0.004840448498725891
39,81,426,95,-0.018357619643211365
39,82,426,88,-0.027619443833827972
39,83,426,178,-0.03466946631669998
39,84,426,87,-0.03775947540998459
39,85,426,14,-0.037095807492733
39,86,426,267,-0.004222925752401352
39,87,426,269,-0.0002475716173648834
39,88,426,270,0.0024829432368278503
39,89,426,409,0.002932906150817871
39,90,426,291,0.0011141449213027954
39,91,426,375,-0.008951470255851746
39,92,426,321,-0.015857741236686707
39,93,426,405,-0.01889471709728241
39,94,426,314,-0.0204029381275177
39,95,426,302,0.0024423226714134216
39,96,426,303,0.0039459094405174255
39,97,426,304,0.0042297616600990295
39,98,426,408,0.003148868680000305
39,99,426,307,-0.010475561022758484
39,100,426,320,-0.01818840205669403
39,101,426,404,-0.023289978504180908
39,102,426,315,-0.025997668504714966
39,103,426,268,0.009091101586818695
39,104,426,271,0.008094757795333862
39,105,426,272,0.0063261911273002625
39,106,426,325,-0.011993102729320526
39,107,426,319,-0.020451925694942474
39,108,426,403,-0.026938743889331818
39,109,426,316,-0.031155511736869812
39,110,426,312,0.014548346400260925
39,111,426,311,0.012154825031757355
39,112,426,310,0.008496090769767761
39,113,426,415,0.0038798078894615173
39,114,426,308,-0.0009961873292922974
39,115,426,324,-0.014365635812282562
39,116,426,318,-0.02351558953523636
39,117,426,402,-0.0312797948718071
39,118,426,317,-0.03577312082052231
40,41,423,427,0.00042092055082321167
40,42,423,425,-0.0007937878835946321
40,43,423,327,-0.00025727151660248637
40,44,423,326,0.0023801028728485107
40,45,423,0,-0.003113865852355957
40,46,423,37,-0.004989758133888245
40,47,423,39,-0.001298569142818451
40,48,423,40,0.0005766898393630981
40,49,423,185,-2.8908252716064453e-05
40,50,423,61,-0.003145188093185425
40,51,423,146,-0.01341034471988678
40,52,423,91,-0.02038899064064026
40,53,423,181,-0.022815421223640442
40,54,423,84,-0.022440746426582336
40,55,423,17,-0.022009730339050293
40,56,423,11,0.001604221761226654
40,57,423,72,0.0012836307287216187
40,58,423,73,0.002387329936027527
40,59,423,74,0.001995682716369629
40,60,423,184,-7.72625207901001e-05
40,61,423,77,-0.014919564127922058
40,62,423,90,-0.022543996572494507
40,63,423,180,-0.026762396097183228
40,64,423,85,-0.027668744325637817
40,65,423,16,-0.027494147419929504
40,66,423,12,0.00824272632598877
40,67,423,38,0.007901854813098907
40,68,423,41,0.006245076656341553
40,69,423,42,0.003681376576423645
40,70,423,96,-0.016369402408599854
40,71,423,89,-0.024643614888191223
40,72,423,179,-0.030335307121276855
40,73,423,86,-0.03305119276046753
40,74,423,15,-0.03260190784931183
40,75,423,13,0.01470687985420227
40,76,423,82,0.013471171259880066
40,77,423,81,0.010196566581726074
40,78,423,80,0.005765348672866821
40,79,423,191,0.00043426454067230225
40,80,423,78,-0.005023464560508728
40,81,423,95,-0.0185406357049942
40,82,423,88,-0.027802467346191406
40,83,423,178,-0.03485246002674103
40,84,423,87,-0.037942513823509216
40,85,423,14,-0.03727881610393524
40,86,423,267,-0.00440593808889389
40,87,423,269,-0.0004305839538574219
40,88,423,270,0.0022999346256256104
40,89,423,409,0.002749890089035034
40,90,423,291,0.0009311437606811523
40,91,423,375,-0.009134501218795776
40,92,423,321,-0.016040772199630737
40,93,423,405,-0.019077762961387634
40,94,423,314,-0.020585939288139343
40,95,423,302,0.0022593140602111816
40,96,423,303,0.0037628933787345886
40,97,423,304,0.004046738147735596
40,98,423,408,0.0029658377170562744
40,99,423,307,-0.01065857708454132
40,100,423,320,-0.018371418118476868
40,101,423,404,-0.023472994565963745
40,102,423,315,-0.02618071436882019
40,103,423,268,0.008908092975616455
40,104,423,271,0.00791175663471222
40,105,423,272,0.006143167614936829
40,106,423,325,-0.012176096439361572
40,107,423,319,-0.020634964108467102
40,108,423,403,-0.027121782302856445
40,109,423,316,-0.03133854269981384
40,110,423,312,0.014365337789058685
40,111,423,311,0.011971801519393921
40,112,423,310,0.008313089609146118
40,113,423,415,0.0036967992782592773
40,114,423,308,-0.0011792182922363281
40,115,423,324,-0.014548629522323608
40,116,423,318,-0.023698613047599792
40,117,423,402,-0.03146280348300934
40,118,423,317,-0.03595614433288574
41,42,427,425,0.0012147128582000732
41,43,427,327,-0.00022933632135391235
41,44,427,326,0.0028010234236717224
41,45,427,0,-0.0035347878001630306
41,46,427,37,-0.004736829083412886
41,47,427,39,-0.0017194915562868118
41,48,427,40,0.0001557767391204834
41,49,427,185,-0.0004498511552810669
41,50,427,61,-0.0035661160945892334
41,51,427,146,-0.013831257820129395
41,52,427,91,-0.020809881389141083
41,53,427,181,-0.023236356675624847
41,54,427,84,-0.022861674427986145
41,55,427,17,-0.0224306583404541
41,56,427,11,0.001183297485113144
41,57,427,72,0.0008627194911241531
41,58,427,73,0.0019664131104946136
41,59,427,74,0.0015747398138046265
41,60,427,184,-0.0004981756210327148
41,61,427,77,-0.015340469777584076
41,62,427,90,-0.02296491712331772
41,63,427,180,-0.02718331664800644
41,64,427,85,-0.028089672327041626
41,65,427,16,-0.02791508287191391
41,66,427,12,0.007821813225746155
41,67,427,38,0.007480937987565994
41,68,427,41,0.0058241672813892365
41,69,427,42,0.0032604411244392395
41,70,427,96,-0.016790345311164856
41,71,427,89,-0.02506455034017563
41,72,427,179,-0.030756227672100067
41,73,427,86,-0.03347212076187134
41,74,427,15,-0.03302282840013504
41,75,427,13,0.014285940676927567
41,76,427,82,0.013050239533185959
41,77,427,81,0.00977565348148346
41,78,427,80,0.0053444430232048035
41,79,427,191,1.3329088687896729e-05
41,80,427,78,-0.00544438511133194
41,81,427,95,-0.018961556255817413
41,82,427,88,-0.028223387897014618
41,83,427,178,-0.03527340292930603
41,84,427,87,-0.038363419473171234
41,85,427,14,-0.03769975155591965
41,86,427,267,-0.0009055463597178459
41,87,427,269,-0.0008515063673257828
41,88,427,270,0.0018790066242218018
41,89,427,409,0.0023289546370506287
41,90,427,291,0.0005102232098579407
41,91,427,375,-0.009555436670780182
41,92,427,321,-0.01646169275045395
41,93,427,405,-0.01949864625930786
41,94,427,314,-0.021006867289543152
41,95,427,302,0.0018383897840976715
41,96,427,303,0.0033419691026210785
41,97,427,304,0.003625810146331787
41,98,427,408,0.0025449171662330627
41,99,427,307,-0.011079497635364532
41,100,427,320,-0.01879233866930008
41,101,427,404,-0.023893892765045166
41,102,427,315,-0.026601634919643402
41,103,427,268,0.008487164974212646
41,104,427,271,0.007490839809179306
41,105,427,272,0.005722247064113617
41,106,427,325,-0.01259702444076538
41,107,427,319,-0.02105586975812912
41,108,427,403,-0.027542680501937866
41,109,427,316,-0.03175945580005646
41,110,427,312,0.013944413512945175
41,111,427,311,0.011550892144441605
41,112,427,310,0.007892169058322906
41,113,427,415,0.0032758712768554688
41,114,427,308,-0.0016001313924789429
41,115,427,324,-0.01496955007314682
41,116,427,318,-0.02411951869726181
41,117,427,402,-0.03188372403383255
41,118,427,317,-0.03637704998254776
42,43,425,327,-0.0014440505765378475
42,44,425,326,0.0015863152220845222
42,45,425,0,-0.0023200809955596924
42,46,425,37,-0.004195965826511383
42,47,425,39,-0.0005047842860221863
42,48,425,40,0.0013704746961593628
42,49,425,185,0.0007648617029190063
42,50,425,61,-0.00235140323638916
42,51,425,146,-0.012616559863090515
42,52,425,91,-0.019595161080360413
42,53,425,181,-0.022021621465682983
42,54,425,84,-0.021646976470947266
42,55,425,17,-0.021215930581092834
42,56,425,11,0.0023980066180229187
42,57,425,72,0.0020774230360984802
42,58,425,73,0.0031811222434043884
42,59,425,74,0.0027894675731658936
42,60,425,184,0.0007165223360061646
42,61,425,77,-0.014125779271125793
42,62,425,90,-0.021750211715698242
42,63,425,180,-0.025968611240386963
42,64,425,85,-0.02687494456768036
42,65,425,16,-0.02670036256313324
42,66,425,12,0.009036518633365631
42,67,425,38,0.008695654571056366
42,68,425,41,0.007038891315460205
42,69,425,42,0.00447516143321991
42,70,425,96,-0.015575632452964783
42,71,425,89,-0.023849844932556152
42,72,425,179,-0.02954152226448059
42,73,425,86,-0.03225739300251007
42,74,425,15,-0.031808122992515564
42,75,425,13,0.015500634908676147
42,76,425,82,0.014264941215515137
42,77,425,81,0.010990381240844727
42,78,425,80,0.006559133529663086
42,79,425,191,0.0012280195951461792
42,80,425,78,-0.004229679703712463
42,81,425,95,-0.01774686574935913
42,82,425,88,-0.027008667588233948
42,83,425,178,-0.03405867516994476
42,84,425,87,-0.03714871406555176
42,85,425,14,-0.03648503124713898
42,86,425,267,-0.0036121532320976257
42,87,425,269,0.0003632009029388428
42,88,425,270,0.003093719482421875
42,89,425,409,0.003543660044670105
42,90,425,291,0.0017249137163162231
42,91,425,375,-0.008340716361999512
42,92,425,321,-0.015246987342834473
42,93,425,405,-0.018283963203430176
42,94,425,314,-0.019792184233665466
42,95,425,302,0.003053106367588043
42,96,425,303,0.004556678235530853
42,97,425,304,0.00484052300453186
42,98,425,408,0.003759637475013733
42,99,425,307,-0.00986480712890625
42,100,425,320,-0.017577633261680603
42,101,425,404,-0.022679194808006287
42,102,425,315,-0.025386914610862732
42,103,425,268,0.00970187783241272
42,104,425,271,0.00870554894208908
42,105,425,272,0.006936967372894287
42,106,425,325,-0.011382311582565308
42,107,425,319,-0.019841164350509644
42,108,425,403,-0.026327967643737793
42,109,425,316,-0.030544742941856384
42,110,425,312,0.015159115195274353
42,111,425,311,0.012765586376190186
42,112,425,310,0.009106874465942383
42,113,425,415,0.004490599036216736
42,114,425,308,-0.00038541853427886963
42,115,425,324,-0.013754859566688538
42,116,425,318,-0.022904828190803528
42,117,425,402,-0.03066900372505188
42,118,425,317,-0.035162344574928284
43,44,327,326,0.0030303657986223698
43,45,327,0,-0.003764130175113678
43,46,327,37,-0.005640000104904175
43,47,327,39,-0.0019488334655761719
43,48,327,40,-7.355213165283203e-05
43,49,327,185,-0.0006791949272155762
43,50,327,61,-0.0037954747676849365
43,51,327,146,-0.014060616493225098
43,52,327,91,-0.02103923261165619
43,53,327,181,-0.023465678095817566
43,54,327,84,-0.02309100329875946
43,55,327,17,-0.022660017013549805
43,56,327,11,0.0009539574384689331
43,57,327,72,0.0006333664059638977
43,58,327,73,0.0017370730638504028
43,59,327,74,0.0013453960418701172
43,60,327,184,-0.0007275193929672241
43,61,327,77,-0.015569806098937988
43,62,327,90,-0.02319425344467163
43,63,327,180,-0.02741265296936035
43,64,327,85,-0.028318986296653748
43,65,327,16,-0.02814440429210663
43,66,327,12,0.0075924694538116455
43,67,327,38,0.0072515979409217834
43,68,327,41,0.0055948346853256226
43,69,327,42,0.003031119704246521
43,70,327,96,-0.017019689083099365
43,71,327,89,-0.025293901562690735
43,72,327,179,-0.03098556399345398
43,73,327,86,-0.03370147943496704
43,74,327,15,-0.03325216472148895
43,75,327,13,0.01405661553144455
43,76,327,82,0.012820899486541748
43,77,327,81,0.00954630970954895
43,78,327,80,0.005115106701850891
43,79,327,191,-0.00021600723266601562
43,80,327,78,-0.005673706531524658
43,81,327,95,-0.019190877676010132
43,82,327,88,-0.02845272421836853
43,83,327,178,-0.035502731800079346
43,84,327,87,-0.03859277069568634
43,85,327,14,-0.03792910277843475
43,86,327,267,-0.005056209862232208
43,87,327,269,-0.0010808482766151428
43,88,327,270,0.0016496628522872925
43,89,327,409,0.0020996034145355225
43,90,327,291,0.00028090178966522217
43,91,327,375,-0.0097847580909729
43,92,327,321,-0.016691043972969055
43,93,327,405,-0.01972799003124237
43,94,327,314,-0.021236196160316467
43,95,327,302,0.0016090422868728638
43,96,327,303,0.0031126365065574646
43,97,327,304,0.003396466374397278
43,98,327,408,0.0023155659437179565
43,99,327,307,-0.011308863759040833
43,100,327,320,-0.01902167499065399
43,101,327,404,-0.024123236536979675
43,102,327,315,-0.026830971240997314
43,103,327,268,0.008257828652858734
43,104,327,271,0.007261484861373901
43,105,327,272,0.005492910742759705
43,106,327,325,-0.01282636821269989
43,107,327,319,-0.021285206079483032
43,108,327,403,-0.02777203917503357
43,109,327,316,-0.03198878467082977
43,110,327,312,0.013715073466300964
43,111,327,311,0.011321544647216797
43,112,327,310,0.0076628178358078
43,113,327,415,0.0030465275049209595
43,114,327,308,-0.0018294751644134521
43,115,327,324,-0.015198901295661926
43,116,327,318,-0.024348869919776917
43,117,327,402,-0.03211306035518646
43,118,327,317,-0.03660638630390167
44,45,326,0,-0.0007337555289268494
44,46,326,37,-0.002609647810459137
44,47,326,39,0.0010815262794494629
44,48,326,40,0.002956792712211609
44,49,326,185,0.0023511797189712524
44,50,326,61,-0.0007651001214981079
44,51,326,146,-0.011030241847038269
44,52,326,91,-0.018008872866630554
44,53,326,181,-0.020435333251953125
44,54,326,84,-0.02006065845489502
44,55,326,17,-0.019629642367362976
44,56,326,11,0.003984317183494568
44,57,326,72,0.0036637336015701294
44,58,326,73,0.0047674402594566345
44,59,326,74,0.004375755786895752
44,60,326,184,0.0023028552532196045
44,61,326,77,-0.012539461255073547
44,62,326,90,-0.020163878798484802
44,63,326,180,-0.024382293224334717
44,64,326,85,-0.0252886563539505
44,65,326,16,-0.0251140296459198
44,66,326,12,0.010622844099998474
44,67,326,38,0.010281972587108612
44,68,326,41,0.008625194430351257
44,69,326,42,0.006061464548110962
44,70,326,96,-0.01398932933807373
44,71,326,89,-0.022263526916503906
44,72,326,179,-0.027955204248428345
44,73,326,86,-0.03067108988761902
44,74,326,15,-0.03022181987762451
44,75,326,13,0.017086967825889587
44,76,326,82,0.015851259231567383
44,77,326,81,0.012576684355735779
44,78,326,80,0.008145451545715332
44,79,326,191,0.002814352512359619
44,80,326,78,-0.002643376588821411
44,81,326,95,-0.016160547733306885
44,82,326,88,-0.02542237937450409
44,83,326,178,-0.03247237205505371
44,84,326,87,-0.03556239604949951
44,85,326,14,-0.034898728132247925
44,86,326,267,-0.0020258426666259766
44,87,326,269,0.0019495263695716858
44,88,326,270,0.004680022597312927
44,89,326,409,0.005129978060722351
44,90,326,291,0.0033112317323684692
44,91,326,375,-0.006754398345947266
44,92,326,321,-0.013660654425621033
44,93,326,405,-0.01669764518737793
44,94,326,314,-0.018205836415290833
44,95,326,302,0.004639416933059692
44,96,326,303,0.006143003702163696
44,97,326,304,0.0064268410205841064
44,98,326,408,0.005345940589904785
44,99,326,307,-0.00827847421169281
44,100,326,320,-0.01599133014678955
44,101,326,404,-0.021092861890792847
44,102,326,315,-0.02380061149597168
44,103,326,268,0.011288195848464966
44,104,326,271,0.010291844606399536
44,105,326,272,0.008523285388946533
44,106,326,325,-0.009795993566513062
44,107,326,319,-0.018254846334457397
44,108,326,403,-0.02474166452884674
44,109,326,316,-0.028958424925804138
44,110,326,312,0.0167454332113266
44,111,326,311,0.014351904392242432
44,112,326,310,0.010693177580833435
44,113,326,415,0.006076917052268982
44,114,326,308,0.0012008845806121826
44,115,326,324,-0.012168556451797485
44,116,326,318,-0.021318525075912476
44,117,326,402,-0.029082685708999634
44,118,326,317,-0.03357604146003723
45,46,0,37,0.0018758829683065414
45,47,0,39,0.001815296709537506
45,48,0,40,0.003690563142299652
45,49,0,185,0.003084935247898102
45,50,0,61,-3.13296914100647e-05
45,51,0,146,-0.010296478867530823
45,52,0,91,-0.01727510243654251
45,53,0,181,-0.019701562821865082
45,54,0,84,-0.019326888024806976
45,55,0,17,-0.01889587938785553
45,56,0,11,0.0047180866822600365
45,57,0,72,0.004397508688271046
45,58,0,73,0.005501203238964081
45,59,0,74,0.005109522491693497
45,60,0,184,0.0030366182327270508
45,61,0,77,-0.011805690824985504
45,62,0,90,-0.019430123269557953
45,63,0,180,-0.023648522794246674
45,64,0,85,-0.024554863572120667
45,65,0,16,-0.024380281567573547
45,66,0,12,0.011356601491570473
45,67,0,38,0.011015724390745163
45,68,0,41,0.009358953684568405
45,69,0,42,0.006795238703489304
45,70,0,96,-0.01325555145740509
45,71,0,89,-0.02152976393699646
45,72,0,179,-0.0272214338183403
45,73,0,86,-0.029937326908111572
45,74,0,15,-0.02948804199695587
45,75,0,13,0.017820727080106735
45,76,0,82,0.01658502221107483
45,77,0,81,0.013310439884662628
45,78,0,80,0.008879229426383972
45,79,0,191,0.0035481080412864685
45,80,0,78,-0.001909591257572174
45,81,0,95,-0.015426769852638245
45,82,0,88,-0.024688594043254852
45,83,0,178,-0.03173860162496567
45,84,0,87,-0.03482864424586296
45,85,0,14,-0.03416496142745018
45,86,0,267,0.0012920768931508064
45,87,0,269,0.0026832828298211098
45,88,0,270,0.005413796752691269
45,89,0,409,0.005863748490810394
45,90,0,291,0.004045009613037109
45,91,0,375,-0.006020635366439819
45,92,0,321,-0.012926913797855377
45,93,0,405,-0.015963859856128693
45,94,0,314,-0.017472080886363983
45,95,0,302,0.005373177118599415
45,96,0,303,0.006876759231090546
45,97,0,304,0.007160600274801254
45,98,0,408,0.006079711019992828
45,99,0,307,-0.007544711232185364
45,100,0,320,-0.01525755226612091
45,101,0,404,-0.0203590989112854
45,102,0,315,-0.02306683361530304
45,103,0,268,0.012021953240036964
45,104,0,271,0.011025622487068176
45,105,0,272,0.009257033467292786
45,106,0,325,-0.009062238037586212
45,107,0,319,-0.01752108335494995
45,108,0,403,-0.024007901549339294
45,109,0,316,-0.028224676847457886
45,110,0,312,0.017479199916124344
45,111,0,311,0.015085678547620773
45,112,0,310,0.011426951736211777
45,113,0,415,0.006810665130615234
45,114,0,308,0.0019346550107002258
45,115,0,324,-0.011434756219387054
45,116,0,318,-0.02058473974466324
45,117,0,402,-0.02834894508123398
45,118,0,317,-0.03284226357936859
46,47,37,39,0.0036911778151988983
46,48,37,40,0.005566440522670746
46,49,37,185,0.0049608200788497925
46,50,37,61,0.001844555139541626
46,51,37,146,-0.008420586585998535
46,52,37,91,-0.015399225056171417
46,53,37,181,-0.017825663089752197
46,54,37,84,-0.017451003193855286
46,55,37,17,-0.017020002007484436
46,56,37,11,0.0065939705818891525
46,57,37,72,0.006273392587900162
46,58,37,73,0.007377084344625473
46,59,37,74,0.006985414773225784
46,60,37,184,0.004912488162517548
46,61,37,77,-0.009929798543453217
46,62,37,90,-0.017554253339767456
46,63,37,180,-0.021772637963294983
46,64,37,85,-0.02267899364233017
46,65,37,16,-0.02250441163778305
46,66,37,12,0.013232484459877014
46,67,37,38,0.012891609221696854
46,68,37,41,0.011234842240810394
46,69,37,42,0.008671119809150696
46,70,37,96,-0.011379674077033997
46,71,37,89,-0.01965387910604477
46,72,37,179,-0.02534554898738861
46,73,37,86,-0.028061456978321075
46,74,37,15,-0.02761215716600418
46,75,37,13,0.019696619361639023
46,76,37,82,0.01846090704202652
46,77,37,81,0.01518632099032402
46,78,37,80,0.01075512170791626
46,79,37,191,0.005424000322818756
46,80,37,78,-3.37064266204834e-05
46,81,37,95,-0.013550892472267151
46,82,37,88,-0.02281271666288376
46,83,37,178,-0.02986273169517517
46,84,37,87,-0.03295275568962097
46,85,37,14,-0.03228908032178879
46,86,37,267,-0.0005838066572323442
46,87,37,269,0.004559164866805077
46,88,37,270,0.007289677858352661
46,89,37,409,0.007739633321762085
46,90,37,291,0.0059208944439888
46,91,37,375,-0.004144750535488129
46,92,37,321,-0.01105102151632309
46,93,37,405,-0.014087982475757599
46,94,37,314,-0.015596210956573486
46,95,37,302,0.007249061018228531
46,96,37,303,0.008752640336751938
46,97,37,304,0.009036485105752945
46,98,37,408,0.007955588400363922
46,99,37,307,-0.00566883385181427
46,100,37,320,-0.01338166743516922
46,101,37,404,-0.018483221530914307
46,102,37,315,-0.021190956234931946
46,103,37,268,0.013897836208343506
46,104,37,271,0.012901503592729568
46,105,37,272,0.011132922023534775
46,106,37,325,-0.0071863532066345215
46,107,37,319,-0.01564519852399826
46,108,37,403,-0.022132016718387604
46,109,37,316,-0.026348784565925598
46,110,37,312,0.019355081021785736
46,111,37,311,0.016961555927991867
46,112,37,310,0.013302832841873169
46,113,37,415,0.008686542510986328
46,114,37,308,0.0038105472922325134
46,115,37,324,-0.009558886289596558
46,116,37,318,-0.018708854913711548
46,117,37,402,-0.026473067700862885
46,118,37,317,-0.030966386198997498
47,48,39,40,0.0018752682954072952
47,49,39,185,0.0012696385383605957
47,50,39,61,-0.0018466264009475708
47,51,39,146,-0.012111768126487732
47,52,39,91,-0.019090406596660614
47,53,39,181,-0.021516844630241394
47,54,39,84,-0.021142184734344482
47,55,39,17,-0.020711153745651245
47,56,39,11,-0.002902790904045105
47,57,39,72,-0.0025822133757174015
47,58,39,73,0.0036859074607491493
47,59,39,74,0.003294236958026886
47,60,39,184,0.0012213177978992462
47,61,39,77,-0.01362098753452301
47,62,39,90,-0.021245427429676056
47,63,39,180,-0.02546381950378418
47,64,39,85,-0.02637016773223877
47,65,39,16,-0.02619558572769165
47,66,39,12,0.009541306644678116
47,67,39,38,0.00920043047517538
47,68,39,41,0.007543662562966347
47,69,39,42,0.004979938268661499
47,70,39,96,-0.015070848166942596
47,71,39,89,-0.023345056921243668
47,72,39,179,-0.029036741703748703
47,73,39,86,-0.031752634793519974
47,74,39,15,-0.03130333498120308
47,75,39,13,0.016005434095859528
47,76,39,82,0.014769727364182472
47,77,39,81,0.011495143175125122
47,78,39,80,0.0070639364421367645
47,79,39,191,0.0017328150570392609
47,80,39,78,-0.003724895417690277
47,81,39,95,-0.017242062836885452
47,82,39,88,-0.026503898203372955
47,83,39,178,-0.03355390951037407
47,84,39,87,-0.03664393350481987
47,85,39,14,-0.035980258136987686
47,86,39,267,0.003107372671365738
47,87,39,269,-0.000867986585944891
47,88,39,270,0.003598501905798912
47,89,39,409,0.004048451781272888
47,90,39,291,0.0022297129034996033
47,91,39,375,-0.007835932075977325
47,92,39,321,-0.014742203056812286
47,93,39,405,-0.017779164016246796
47,94,39,314,-0.019287385046482086
47,95,39,302,-0.0035578818060457706
47,96,39,303,0.0050614625215530396
47,97,39,304,0.005345305427908897
47,98,39,408,0.004264410585165024
47,99,39,307,-0.00936000794172287
47,100,39,320,-0.017072856426239014
47,101,39,404,-0.022174403071403503
47,102,39,315,-0.024882137775421143
47,103,39,268,0.010206658393144608
47,104,39,271,0.009210323914885521
47,105,39,272,0.007441740483045578
47,106,39,325,-0.010877534747123718
47,107,39,319,-0.01933637633919716
47,108,39,403,-0.0258231982588768
47,109,39,316,-0.030039969831705093
47,110,39,312,0.015663905069231987
47,111,39,311,0.013270379975438118
47,112,39,310,0.00961165502667427
47,113,39,415,0.004995368421077728
47,114,39,308,0.00011936575174331665
47,115,39,324,-0.013250056654214859
47,116,39,318,-0.022400036454200745
47,117,39,402,-0.030164238065481186
47,118,39,317,-0.034657564014196396
48,49,40,185,-0.0006056241691112518
48,50,40,61,-0.0037219002842903137
48,51,40,146,-0.013987045735120773
48,52,40,91,-0.02096567302942276
48,53,40,181,-0.023392125964164734
48,54,40,84,-0.02301745116710663
48,55,40,17,-0.022586442530155182
48,56,40,11,-0.0010275207459926605
48,57,40,72,-0.0007069427520036697
48,58,40,73,-0.0018106373026967049
48,59,40,74,0.0014189663343131542
48,60,40,184,-0.0006539560854434967
48,61,40,77,-0.015496253967285156
48,62,40,90,-0.023120693862438202
48,63,40,180,-0.02733909711241722
48,64,40,85,-0.02824544534087181
48,65,40,16,-0.028070855885744095
48,66,40,12,-0.007666037417948246
48,67,40,38,-0.0073251607827842236
48,68,40,41,0.002544358605518937
48,69,40,42,0.0031046727672219276
48,70,40,96,-0.01694612205028534
48,71,40,89,-0.025220327079296112
48,72,40,179,-0.030911998823285103
48,73,40,86,-0.03362790122628212
48,74,40,15,-0.03317861258983612
48,75,40,13,0.002575934398919344
48,76,40,82,0.0049176751635968685
48,77,40,81,0.009619873948395252
48,78,40,80,0.005188664421439171
48,79,40,191,-0.00014245137572288513
48,80,40,78,-0.005600161850452423
48,81,40,95,-0.019117332994937897
48,82,40,88,-0.028379162773489952
48,83,40,178,-0.035429175943136215
48,84,40,87,-0.038519203662872314
48,85,40,14,-0.03785552829504013
48,86,40,267,0.004982642829418182
48,87,40,269,0.001007281243801117
48,88,40,270,-0.0017232331447303295
48,89,40,409,0.002173185348510742
48,90,40,291,0.0003544427454471588
48,91,40,375,-0.009711194783449173
48,92,40,321,-0.016617465764284134
48,93,40,405,-0.019654422998428345
48,94,40,314,-0.021162644028663635
48,95,40,302,-0.0016826111823320389
48,96,40,303,-0.0031861932948231697
48,97,40,304,0.003470036666840315
48,98,40,408,0.002389146015048027
48,99,40,307,-0.011235274374485016
48,100,40,320,-0.01894811913371086
48,101,40,404,-0.024049673229455948
48,102,40,315,-0.02675740048289299
48,103,40,268,-0.008331388235092163
48,104,40,271,-0.0017268243245780468
48,105,40,272,0.005566472187638283
48,106,40,325,-0.012752801179885864
48,107,40,319,-0.021211644634604454
48,108,40,403,-0.027698466554284096
48,109,40,316,-0.03191523253917694
48,110,40,312,0.003445905167609453
48,111,40,311,0.011395108886063099
48,112,40,310,0.0077363839372992516
48,113,40,415,0.0031200945377349854
48,114,40,308,-0.0017559044063091278
48,115,40,324,-0.015125330537557602
48,116,40,318,-0.02427530474960804
48,117,40,402,-0.03203950822353363
48,118,40,317,-0.03653283417224884
49,50,185,61,-0.0031162723898887634
49,51,185,146,-0.013381415978074074
49,52,185,91,-0.020360052585601807
49,53,185,181,-0.022786501795053482
49,54,185,84,-0.022411834448575974
49,55,185,17,-0.02198082208633423
49,56,185,11,-0.0016331486403942108
49,57,185,72,-0.0013125725090503693
49,58,185,73,-0.0024162642657756805
49,59,185,74,-0.0020245909690856934
49,60,185,184,-4.833051934838295e-05
49,61,185,77,-0.014890629798173904
49,62,185,90,-0.0225150678306818
49,63,185,180,-0.02673347108066082
49,64,185,85,-0.027639813721179962
49,65,185,16,-0.027465229853987694
49,66,185,12,-0.008271660655736923
49,67,185,38,-0.007930785417556763
49,68,185,41,-0.006274018436670303
49,69,185,42,-0.0037102969363331795
49,70,185,96,-0.016340497881174088
49,71,185,89,-0.02461470477283001
49,72,185,179,-0.030306376516819
49,73,185,86,-0.03302227705717087
49,74,185,15,-0.03257298097014427
49,75,185,13,-0.014735788106918335
49,76,185,82,-0.013500083237886429
49,77,185,81,-0.010225499048829079
49,78,185,80,-0.005794289521872997
49,79,185,191,0.0004631727933883667
49,80,185,78,-0.004994535818696022
49,81,185,95,-0.018511708825826645
49,82,185,88,-0.024830134585499763
49,83,185,178,-0.0156402625143528
49,84,185,87,-0.008898562751710415
49,85,185,14,-0.009947405196726322
49,86,185,267,0.004377014935016632
49,87,185,269,0.0004016607999801636
49,88,185,270,-0.0023288577795028687
49,89,185,409,-0.002778810216113925
49,90,185,291,0.0009600706398487091
49,91,185,375,-0.009105576202273369
49,92,185,321,-0.01601184904575348
49,93,185,405,-0.01904880627989769
49,94,185,314,-0.020557019859552383
49,95,185,302,-0.0022882409393787384
49,96,185,303,-0.0037918202579021454
49,97,185,304,-0.004075661301612854
49,98,185,408,-0.0029947697184979916
49,99,185,307,-0.010629650205373764
49,100,185,320,-0.01834249123930931
49,101,185,404,-0.023444049060344696
49,102,185,315,-0.026151778176426888
49,103,185,268,-0.008937012404203415
49,104,185,271,-0.007940679788589478
49,105,185,272,-0.006172097288072109
49,106,185,325,-0.012147176079452038
49,107,185,319,-0.020606020465493202
49,108,185,403,-0.027092844247817993
49,109,185,316,-0.03130961209535599
49,110,185,312,-0.014394260942935944
49,111,185,311,-0.012000733986496925
49,112,185,310,-0.008342009037733078
49,113,185,415,0.0029022337403148413
49,114,185,308,-0.001150280237197876
49,115,185,324,-0.01451970636844635
49,116,185,318,-0.017478464171290398
49,117,185,402,-0.010056844912469387
49,118,185,317,-0.008970443159341812
50,51,61,146,-0.01026514545083046
50,52,61,91,-0.017243776470422745
50,53,61,181,-0.01967022754251957
50,54,61,84,-0.01929555833339691
50,55,61,17,-0.018864544108510017
50,56,61,11,-0.004749417304992676
50,57,61,72,-0.004428841173648834
50,58,61,73,-0.005532536655664444
50,59,61,74,-0.005140859633684158
50,60,61,184,-0.0030679404735565186
50,61,61,77,-0.0054952953942120075
50,62,61,90,-0.014047611504793167
50,63,61,180,-0.019710181280970573
50,64,61,85,-0.024523543193936348
50,65,61,16,-0.02434895932674408
50,66,61,12,-0.011387933045625687
50,67,61,38,-0.011047061532735825
50,68,61,41,-0.009390287101268768
50,69,61,42,-0.006826568394899368
50,70,61,96,0.0035115955397486687
50,71,61,89,0.0075198146514594555
50,72,61,179,0.011233169585466385
50,73,61,86,0.009650764055550098
50,74,61,15,0.009048914536833763
50,75,61,13,-0.0178520567715168
50,76,61,82,-0.016616351902484894
50,77,61,81,-0.013341769576072693
50,78,61,80,-0.008910560980439186
50,79,61,191,-0.0035794442519545555
50,80,61,78,0.0018782643601298332
50,81,61,95,0.013765496201813221
50,82,61,88,0.022271782159805298
50,83,61,178,0.03137196972966194
50,84,61,87,0.0347973071038723
50,85,61,14,0.034133631736040115
50,86,61,267,0.0012607499957084656
50,87,61,269,-0.0027146115899086
50,88,61,270,-0.005445122718811035
50,89,61,409,-0.005895080044865608
50,90,61,291,-0.004076340701431036
50,91,61,375,-0.005989304278045893
50,92,61,321,-0.012895575724542141
50,93,61,405,-0.015932535752654076
50,94,61,314,-0.01744074933230877
50,95,61,302,-0.005404509603977203
50,96,61,303,-0.006908081471920013
50,97,61,304,-0.007191933691501617
50,98,61,408,-0.006111040711402893
50,99,61,307,0.003439533757045865
50,100,61,320,-0.006928711663931608
50,101,61,404,-0.01609598472714424
50,102,61,315,-0.02303086407482624
50,103,61,268,-0.012053284794092178
50,104,61,271,-0.011056952178478241
50,105,61,272,-0.009288366883993149
50,106,61,325,0.009030905552208424
50,107,61,319,0.01591351069509983
50,108,61,403,0.015288231894373894
50,109,61,316,0.01347076054662466
50,110,61,312,-0.01751052960753441
50,111,61,311,-0.01511700451374054
50,112,61,310,-0.011458279564976692
50,113,61,415,-0.006841989234089851
50,114,61,308,-0.0019659902900457382
50,115,61,324,0.011403435841202736
50,116,61,318,0.020553410053253174
50,117,61,402,0.028317611664533615
50,118,61,317,0.032810941338539124
51,52,146,91,-0.0069786314852535725
51,53,146,181,-0.009405083023011684
51,54,146,84,-0.009030412882566452
51,55,146,17,-0.008599400520324707
51,56,146,11,-0.01501455157995224
51,57,146,72,-0.014693982899188995
51,58,146,73,-0.015797682106494904
51,59,146,74,-0.015406005084514618
51,60,146,184,-0.013333084061741829
51,61,146,77,0.0015092138200998306
51,62,146,90,0.009133651852607727
51,63,146,180,0.003985053393989801
51,64,146,85,-0.0029034377075731754
51,65,146,16,-0.006362426094710827
51,66,146,12,-0.021653082221746445
51,67,146,38,-0.021312199532985687
51,68,146,41,-0.019655440002679825
51,69,146,42,-0.017091713845729828
51,70,146,96,0.002959080971777439
51,71,146,89,0.011233288794755936
51,72,146,179,0.016924962401390076
51,73,146,86,0.019640862941741943
51,74,146,15,0.019191564992070198
51,75,146,13,-0.028117209672927856
51,76,146,82,-0.026881501078605652
51,77,146,81,-0.023606911301612854
51,78,146,80,-0.019175706431269646
51,79,146,191,-0.01384458877146244
51,80,146,78,-0.008386880159378052
51,81,146,95,0.00513029471039772
51,82,146,88,0.014392122626304626
51,83,146,178,0.02144213579595089
51,84,146,87,0.02453216165304184
51,85,146,14,0.023868486285209656
51,86,146,267,-0.00900440663099289
51,87,146,269,-0.012979760766029358
51,88,146,270,-0.01571027562022209
51,89,146,409,-0.01616022363305092
51,90,146,291,-0.014341485686600208
51,91,146,375,-0.004275841172784567
51,92,146,321,-0.0026304302737116814
51,93,146,405,-0.005667387507855892
51,94,146,314,-0.007175605744123459
51,95,146,302,-0.01566965878009796
51,96,146,303,-0.01717323064804077
51,97,146,304,-0.017457079142332077
51,98,146,408,-0.016376184299588203
51,99,146,307,-0.002751764841377735
51,100,146,320,0.004961076192557812
51,101,146,404,0.0075992499478161335
51,102,146,315,-0.0008681532926857471
51,103,146,268,-0.022318433970212936
51,104,146,271,-0.021322093904018402
51,105,146,272,-0.01955350860953331
51,106,146,325,-0.0012342389672994614
51,107,146,319,0.007224604487419128
51,108,146,403,0.013711429201066494
51,109,146,316,0.017928194254636765
51,110,146,312,-0.027775678783655167
51,111,146,311,-0.0253821462392807
51,112,146,310,-0.021723423153162003
51,113,146,415,-0.01710713654756546
51,114,146,308,-0.012231135740876198
51,115,146,324,0.0011382903903722763
51,116,146,318,0.010288266465067863
51,117,146,402,0.018052466213703156
51,118,146,317,0.022545794025063515
52,53,91,181,-0.0024264520034193993
52,54,91,84,-0.0020517827942967415
52,55,91,17,-0.0016207695007324219
52,56,91,11,-0.021993190050125122
52,57,91,72,-0.021672606468200684
52,58,91,73,-0.022776305675506592
52,59,91,74,-0.0223846472799778
52,60,91,184,-0.020311713218688965
52,61,91,77,-0.005469418130815029
52,62,91,90,0.002155020833015442
52,63,91,180,0.0063734231516718864
52,64,91,85,0.007279765792191029
52,65,91,16,0.007105183321982622
52,66,91,12,-0.02863170951604843
52,67,91,38,-0.028290830552577972
52,68,91,41,-0.02663406729698181
52,69,91,42,-0.024070341140031815
52,70,91,96,-0.004019550979137421
52,71,91,89,0.0042546577751636505
52,72,91,179,0.00994633138179779
52,73,91,86,0.012662233784794807
52,74,91,15,0.012212935835123062
52,75,91,13,-0.03509583696722984
52,76,91,82,-0.03386013209819794
52,77,91,81,-0.03058554232120514
52,78,91,80,-0.02615433558821678
52,79,91,191,-0.020823219791054726
52,80,91,78,-0.015365513041615486
52,81,91,95,-0.001848338171839714
52,82,91,88,0.007413491606712341
52,83,91,178,0.014463504776358604
52,84,91,87,0.017553532496094704
52,85,91,14,0.01688985712826252
52,86,91,267,-0.015983030200004578
52,87,91,269,-0.01995837688446045
52,88,91,270,-0.022688906639814377
52,89,91,409,-0.023138854652643204
52,90,91,291,-0.021320117637515068
52,91,91,375,-0.01125447265803814
52,92,91,321,-0.004348200745880604
52,93,91,405,0.0013112425804138184
52,94,91,314,-0.0001969747245311737
52,95,91,302,-0.022648274898529053
52,96,91,303,-0.024151869118213654
52,97,91,304,-0.024435702711343765
52,98,91,408,-0.02335481345653534
52,99,91,307,-0.009730394929647446
52,100,91,320,-0.002017553895711899
52,101,91,404,0.0030840011313557625
52,102,91,315,0.005791729316115379
52,103,91,268,-0.029297053813934326
52,104,91,271,-0.028300728648900986
52,105,91,272,-0.026532139629125595
52,106,91,325,-0.008212871849536896
52,107,91,319,0.00024597346782684326
52,108,91,403,0.006732797250151634
52,109,91,316,0.010949565097689629
52,110,91,312,-0.03475430980324745
52,111,91,311,-0.03236078843474388
52,112,91,310,-0.028702057898044586
52,113,91,415,-0.024085761979222298
52,114,91,308,-0.019209768623113632
52,115,91,324,-0.005840340629220009
52,116,91,318,0.0033096373081207275
52,117,91,402,0.01107383519411087
52,118,91,317,0.01556716114282608
53,54,181,84,0.00037466874346137047
53,55,181,17,0.0008056825026869774
53,56,181,11,-0.02441965788602829
53,57,181,72,-0.024099066853523254
53,58,181,73,-0.025202758610248566
53,59,181,74,-0.024811092764139175
53,60,181,184,-0.02273816615343094
53,61,181,77,-0.00789586827158928
53,62,181,90,-0.000271432101726532
53,63,181,180,0.003946973010897636
53,64,181,85,0.004853314720094204
53,65,181,16,0.004678732715547085
53,66,181,12,-0.031058162450790405
53,67,181,38,-0.030717290937900543
53,68,181,41,-0.029060520231723785
53,69,181,42,-0.02649679407477379
53,70,181,96,-0.006446002051234245
53,71,181,89,0.0018282048404216766
53,72,181,179,0.007519882172346115
53,73,181,86,0.010235780850052834
53,74,181,15,0.009786482900381088
53,75,181,13,-0.03752228990197182
53,76,181,82,-0.03628658503293991
53,77,181,81,-0.03301199525594711
53,78,181,80,-0.028580788522958755
53,79,181,191,-0.02324967458844185
53,80,181,78,-0.01779196225106716
53,81,181,95,-0.004274789243936539
53,82,181,88,0.004987038671970367
53,83,181,178,0.012037049978971481
53,84,181,87,0.015127085149288177
53,85,181,14,0.014463406056165695
53,86,181,267,-0.01840949058532715
53,87,181,269,-0.022384844720363617
53,88,181,270,-0.025115348398685455
53,89,181,409,-0.02556530386209488
53,90,181,291,-0.023746566846966743
53,91,181,375,-0.013680923730134964
53,92,181,321,-0.006774652749300003
53,93,181,405,-0.0037376941181719303
53,94,181,314,0.0022294761147350073
53,95,181,302,-0.02507472038269043
53,96,181,303,-0.026578307151794434
53,97,181,304,-0.02686215564608574
53,98,181,408,-0.025781262665987015
53,99,181,307,-0.01215684786438942
53,100,181,320,-0.004444006830453873
53,101,181,404,0.0006575509905815125
53,102,181,315,0.0033652782440185547
53,103,181,268,-0.0317234992980957
53,104,181,271,-0.03072717785835266
53,105,181,272,-0.02895859256386757
53,106,181,325,-0.010639321058988571
53,107,181,319,-0.0021804794669151306
53,108,181,403,0.00430634617805481
53,109,181,316,0.008523114025592804
53,110,181,312,-0.03718075528740883
53,111,181,311,-0.03478723391890526
53,112,181,310,-0.03112851083278656
53,113,181,415,-0.02651221677660942
53,114,181,308,-0.02163621410727501
53,115,181,324,-0.008266791701316833
53,116,181,318,0.0008831843733787537
53,117,181,402,0.008647389709949493
53,118,181,317,0.013140708208084106
54,55,84,17,0.00043101306073367596
54,56,84,11,-0.024044960737228394
54,57,84,72,-0.023724399507045746
54,58,84,73,-0.024828091263771057
54,59,84,74,-0.024436429142951965
54,60,84,184,-0.02236349508166313
54,61,84,77,-0.007521199062466621
54,62,84,90,0.00010323897004127502
54,63,84,180,0.004321640357375145
54,64,84,85,0.005227982997894287
54,65,84,16,0.005053400993347168
54,66,84,12,-0.030683495104312897
54,67,84,38,-0.030342616140842438
54,68,84,41,-0.02868584543466568
54,69,84,42,-0.02612212300300598
54,70,84,96,-0.0060713328421115875
54,71,84,89,0.002202872186899185
54,72,84,179,0.007894549518823624
54,73,84,86,0.010610450059175491
54,74,84,15,0.010161153972148895
54,75,84,13,-0.03714761137962341
54,76,84,82,-0.0359119176864624
54,77,84,81,-0.0326373316347599
54,78,84,80,-0.02820611372590065
54,79,84,191,-0.02287500724196434
54,80,84,78,-0.017417293041944504
54,81,84,95,-0.00390012189745903
54,82,84,88,0.005361706018447876
54,83,84,178,0.012411724776029587
54,84,84,87,0.015501748770475388
54,85,84,14,0.014838073402643204
54,86,84,267,-0.018034815788269043
54,87,84,269,-0.022010155022144318
54,88,84,270,-0.02474069595336914
54,89,84,409,-0.02519064024090767
54,90,84,291,-0.023371899500489235
54,91,84,375,-0.013306254521012306
54,92,84,321,-0.006399981677532196
54,93,84,405,-0.00336302537471056
54,94,84,314,-0.0018548071384429932
54,95,84,302,-0.024700067937374115
54,96,84,303,-0.026203639805316925
54,97,84,304,-0.02648749202489853
54,98,84,408,-0.025406599044799805
54,99,84,307,-0.011782180517911911
54,100,84,320,-0.004069337621331215
54,101,84,404,0.001032218337059021
54,102,84,315,0.0037399474531412125
54,103,84,268,-0.03134883940219879
54,104,84,271,-0.030352510511875153
54,105,84,272,-0.02858392894268036
54,106,84,325,-0.010264653712511063
54,107,84,319,-0.0018058083951473236
54,108,84,403,0.004681017249822617
54,109,84,316,0.008897781372070312
54,110,84,312,-0.036806099116802216
54,111,84,311,-0.03441256657242775
54,112,84,310,-0.03075384348630905
54,113,84,415,-0.026137545704841614
54,114,84,308,-0.0212615467607975
54,115,84,324,-0.007892124354839325
54,116,84,318,0.0012578554451465607
54,117,84,402,0.009022049605846405
54,118,84,317,0.013515383005142212
55,56,17,11,-0.023613981902599335
55,57,17,72,-0.02329336851835251
55,58,17,73,-0.024397075176239014
55,59,17,74,-0.024005413055419922
55,60,17,184,-0.021932482719421387
55,61,17,77,-0.007090188562870026
55,62,17,90,0.00053425133228302
55,63,17,180,0.004752654582262039
55,64,17,85,0.005658995360136032
55,65,17,16,0.005484413355588913
55,66,17,12,-0.03025248646736145
55,67,17,38,-0.029911600053310394
55,68,17,41,-0.02825484424829483
55,69,17,42,-0.025691114366054535
55,70,17,96,-0.0056403204798698425
55,71,17,89,0.0026338882744312286
55,72,17,179,0.008325561881065369
55,73,17,86,0.011041462421417236
55,74,17,15,0.01059216633439064
55,75,17,13,-0.03671659529209137
55,76,17,82,-0.03548090159893036
55,77,17,81,-0.03220631554722786
55,78,17,80,-0.027775105088949203
55,79,17,191,-0.022443991154432297
55,80,17,78,-0.01698628067970276
55,81,17,95,-0.0034691058099269867
55,82,17,88,0.005792722105979919
55,83,17,178,0.012842737138271332
55,84,17,87,0.015932761132717133
55,85,17,14,0.015269085764884949
55,86,17,267,-0.017603799700737
55,87,17,269,-0.021579161286354065
55,88,17,270,-0.024309679865837097
55,89,17,409,-0.024759624153375626
55,90,17,291,-0.02294088527560234
55,91,17,375,-0.012875242158770561
55,92,17,321,-0.0059689711779356
55,93,17,405,-0.0029320120811462402
55,94,17,314,-0.0014237940777093172
55,95,17,302,-0.02426905184984207
55,96,17,303,-0.02577263116836548
55,97,17,304,-0.026056475937366486
55,98,17,408,-0.02497558295726776
55,99,17,307,-0.011351164430379868
55,100,17,320,-0.0036383233964443207
55,101,17,404,0.0014632325619459152
55,102,17,315,0.0041709598153829575
55,103,17,268,-0.030917823314666748
55,104,17,271,-0.02992149442434311
55,105,17,272,-0.028152912855148315
55,106,17,325,-0.009833641350269318
55,107,17,319,-0.0013747960329055786
55,108,17,403,0.005112025886774063
55,109,17,316,0.009328793734312057
55,110,17,312,-0.036375075578689575
55,111,17,311,-0.03398154675960541
55,112,17,310,-0.03032282367348671
55,113,17,415,-0.025706537067890167
55,114,17,308,-0.020830530673265457
55,115,17,324,-0.00746111199259758
55,116,17,318,0.0016888678073883057
55,117,17,402,0.009453065693378448
55,118,17,317,0.013946395367383957
56,57,11,72,0.00032057761563919485
56,58,11,73,0.0007831156253814697
56,59,11,74,0.000391446053981781
56,60,11,184,-0.0016814768314361572
56,61,11,77,-0.01652377098798752
56,62,11,90,-0.024148210883140564
56,63,11,180,-0.02836661785840988
56,64,11,85,-0.029272958636283875
56,65,11,16,-0.029098376631736755
56,66,11,12,0.006638514809310436
56,67,11,38,0.00629764050245285
56,68,11,41,0.004640871658921242
56,69,11,42,0.0020771510899066925
56,70,11,96,-0.0179736390709877
56,71,11,89,-0.026247844099998474
56,72,11,179,-0.03193952888250351
56,73,11,86,-0.03465542197227478
56,74,11,15,-0.03420613333582878
56,75,11,13,0.013102641329169273
56,76,11,82,0.011866936460137367
56,77,11,81,0.008592352271080017
56,78,11,80,0.004161141812801361
56,79,11,191,-0.0011699758470058441
56,80,11,78,-0.006627678871154785
56,81,11,95,-0.020144861191511154
56,82,11,88,-0.029406685382127762
56,83,11,178,-0.036456696689128876
56,84,11,87,-0.03954672813415527
56,85,11,14,-0.03888305276632309
56,86,11,267,0.006010163575410843
56,87,11,269,0.0020348040852695704
56,88,11,270,0.0006957110017538071
56,89,11,409,0.0011456608772277832
56,90,11,291,-0.0006730780005455017
56,91,11,375,-0.010738730430603027
56,92,11,321,-0.01764500141143799
56,93,11,405,-0.020681940019130707
56,94,11,314,-0.022190161049365997
56,95,11,302,-0.0006550907855853438
56,96,11,303,0.0021586716175079346
56,97,11,304,0.0024425163865089417
56,98,11,408,0.0013616196811199188
56,99,11,307,-0.012262798845767975
56,100,11,320,-0.01997563987970352
56,101,11,404,-0.02507718652486801
56,102,11,315,-0.02778492122888565
56,103,11,268,0.007303866557776928
56,104,11,271,0.006307533010840416
56,105,11,272,0.004538949579000473
56,106,11,325,-0.013780318200588226
56,107,11,319,-0.022239163517951965
56,108,11,403,-0.028725992888212204
56,109,11,316,-0.0329427644610405
56,110,11,312,0.012761114165186882
56,111,11,311,0.010367585346102715
56,112,11,310,0.006708864122629166
56,113,11,415,0.0020925775170326233
56,114,11,308,-0.0027834326028823853
56,115,11,324,-0.016152843832969666
56,116,11,318,-0.025302831083536148
56,117,11,402,-0.03306703269481659
56,118,11,317,-0.0375603549182415
57,58,72,73,0.0011036936193704605
57,59,72,74,0.0007120221853256226
57,60,72,184,-0.0013608932495117188
57,61,72,77,-0.016203202307224274
57,62,72,90,-0.023827634751796722
57,63,72,180,-0.028046034276485443
57,64,72,85,-0.02895238995552063
57,65,72,16,-0.02877780795097351
57,66,72,12,0.006959091871976852
57,67,72,38,0.006618216633796692
57,68,72,41,0.0049614496529102325
57,69,72,42,0.002397727221250534
57,70,72,96,-0.01765306293964386
57,71,72,89,-0.02592727169394493
57,72,72,179,-0.031618956476449966
57,73,72,86,-0.03433484956622124
57,74,72,15,-0.03388555720448494
57,75,72,13,0.013423217460513115
57,76,72,82,0.012187514454126358
57,77,72,81,0.008912928402423859
57,78,72,80,0.004481717944145203
57,79,72,191,-0.0008493997156620026
57,80,72,78,-0.006307102739810944
57,81,72,95,-0.019824277609586716
57,82,72,88,-0.02908611297607422
57,83,72,178,-0.036136120557785034
57,84,72,87,-0.039226144552230835
57,85,72,14,-0.03856246918439865
57,86,72,267,0.005689585581421852
57,87,72,269,0.0017142265569418669
57,88,72,270,0.0010162889957427979
57,89,72,409,0.0014662444591522217
57,90,72,291,-0.00035250186920166016
57,91,72,375,-0.010418146848678589
57,92,72,321,-0.017324410378932953
57,93,72,405,-0.02036137878894806
57,94,72,314,-0.02186959981918335
57,95,72,302,-0.0009756683721207082
57,96,72,303,0.0024792486801743507
57,97,72,304,0.002763092517852783
57,98,72,408,0.0016822032630443573
57,99,72,307,-0.011942222714424133
57,100,72,320,-0.019655071198940277
57,101,72,404,-0.024756617844104767
57,102,72,315,-0.027464352548122406
57,103,72,268,0.007624443620443344
57,104,72,271,0.006628111004829407
57,105,72,272,0.004859525710344315
57,106,72,325,-0.013459749519824982
57,107,72,319,-0.021918591111898422
57,108,72,403,-0.028405413031578064
57,109,72,316,-0.03262218460440636
57,110,72,312,0.013081692159175873
57,111,72,311,0.010688163340091705
57,112,72,310,0.007029443979263306
57,113,72,415,0.002413153648376465
57,114,72,308,-0.0024628490209579468
57,115,72,324,-0.01583227887749672
57,116,72,318,-0.024982251226902008
57,117,72,402,-0.03274644911289215
57,118,72,317,-0.037239786237478256
58,59,73,74,-0.00039167143404483795
58,60,73,184,-0.002464592456817627
58,61,73,77,-0.017306897789239883
58,62,73,90,-0.024931330233812332
58,63,73,180,-0.02914973720908165
58,64,73,85,-0.030056070536375046
58,65,73,16,-0.029881488531827927
58,66,73,12,0.00026499642990529537
58,67,73,38,0.005300316493958235
58,68,73,41,0.003857756033539772
58,69,73,42,0.0012940336018800735
58,70,73,96,-0.01875675842165947
58,71,73,89,-0.02703096717596054
58,72,73,179,-0.03272264450788498
58,73,73,86,-0.03543854132294655
58,74,73,15,-0.03498924896121025
58,75,73,13,0.012319527566432953
58,76,73,82,0.011083820834755898
58,77,73,81,0.007809236645698547
58,78,73,80,0.0033780261874198914
58,79,73,191,-0.0019530914723873138
58,80,73,78,-0.007410801947116852
58,81,73,95,-0.020927976816892624
58,82,73,88,-0.03018980100750923
58,83,73,178,-0.037239812314510345
58,84,73,87,-0.04032984375953674
58,85,73,14,-0.03966616466641426
58,86,73,267,0.006793279200792313
58,87,73,269,0.0028179213404655457
58,88,73,270,-8.740462362766266e-05
58,89,73,409,0.00036254897713661194
58,90,73,291,-0.00145619735121727
58,91,73,375,-0.011521834880113602
58,92,73,321,-0.018428102135658264
58,93,73,405,-0.02146507054567337
58,94,73,314,-0.02297329157590866
58,95,73,302,0.00012802332639694214
58,96,73,303,-0.0013755559921264648
58,97,73,304,0.0016593988984823227
58,98,73,408,0.0005785077810287476
58,99,73,307,-0.013045914471149445
58,100,73,320,-0.020758751779794693
58,101,73,404,-0.02586030587553978
58,102,73,315,-0.02856803685426712
58,103,73,268,0.0019659490790218115
58,104,73,271,0.005524417385458946
58,105,73,272,0.0037558339536190033
58,106,73,325,-0.014563433825969696
58,107,73,319,-0.023022282868623734
58,108,73,403,-0.029509104788303375
58,109,73,316,-0.03372588008642197
58,110,73,312,0.011977996677160263
58,111,73,311,0.009584472514688969
58,112,73,310,0.005925748497247696
58,113,73,415,0.001309458166360855
58,114,73,308,-0.003566540777683258
58,115,73,324,-0.016935966908931732
58,116,73,318,-0.026085946708917618
58,117,73,402,-0.03385014832019806
58,118,73,317,-0.03834347426891327
59,60,74,184,-0.002072921022772789
59,61,74,77,-0.0169152170419693
59,62,74,90,-0.024539656937122345
59,63,74,180,-0.028758060187101364
59,64,74,85,-0.029664404690265656
59,65,74,16,-0.029489826411008835
59,66,74,12,-0.00624706968665123
59,67,74,38,-0.005906195379793644
59,68,74,41,-0.004249427001923323
59,69,74,42,0.0016857064329087734
59,70,74,96,-0.01836508698761463
59,71,74,89,-0.026639292016625404
59,72,74,179,-0.032330967485904694
59,73,74,86,-0.03504686802625656
59,74,74,15,-0.034597571939229965
59,75,74,13,-0.012150729075074196
59,76,74,82,-0.009808987379074097
59,77,74,81,0.0023556887172162533
59,78,74,80,0.003769698552787304
59,79,74,191,-0.0015614181756973267
59,80,74,78,-0.007019124925136566
59,81,74,95,-0.020536299794912338
59,82,74,88,-0.029798131436109543
59,83,74,178,-0.03684814274311066
59,84,74,87,-0.039938170462846756
59,85,74,14,-0.039274491369724274
59,86,74,267,0.006401602178812027
59,87,74,269,0.0024262480437755585
59,88,74,270,-0.0003042668104171753
59,89,74,409,0.0007542194798588753
59,90,74,291,-0.0010645203292369843
59,91,74,375,-0.011130165308713913
59,92,74,321,-0.018036440014839172
59,93,74,405,-0.021073393523693085
59,94,74,314,-0.022581614553928375
59,95,74,302,-0.0002636462450027466
59,96,74,303,-0.0017672274261713028
59,97,74,304,-0.0020510705653578043
59,98,74,408,0.0009701801463961601
59,99,74,307,-0.012654244899749756
59,100,74,320,-0.020367085933685303
59,101,74,404,-0.02546864002943039
59,102,74,315,-0.02817637100815773
59,103,74,268,-0.006912422366440296
59,104,74,271,-0.0059160892851650715
59,105,74,272,0.0041475058533251286
59,106,74,325,-0.014171766117215157
59,107,74,319,-0.022630609571933746
59,108,74,403,-0.029117437079548836
59,109,74,316,-0.03333420306444168
59,110,74,312,-0.011280757375061512
59,111,74,311,-0.0024225295055657625
59,112,74,310,0.006317418534308672
59,113,74,415,0.0017011277377605438
59,114,74,308,-0.0031748712062835693
59,115,74,324,-0.016544299200177193
59,116,74,318,-0.025694269686937332
59,117,74,402,-0.03345847502350807
59,118,74,317,-0.03795180097222328
60,61,184,77,-0.014842298813164234
60,62,184,90,-0.022466735914349556
60,63,184,180,-0.026685139164328575
60,64,184,85,-0.027591483667492867
60,65,184,16,-0.02741689793765545
60,66,184,12,-0.008319992572069168
60,67,184,38,-0.007979117333889008
60,68,184,41,-0.006322348490357399
60,69,184,42,-0.003758626990020275
60,70,184,96,-0.016292165964841843
60,71,184,89,-0.024566374719142914
60,72,184,179,-0.029347896575927734
60,73,184,86,-0.030930301174521446
60,74,184,15,-0.031528595834970474
60,75,184,13,-0.01478411816060543
60,76,184,82,-0.013548413291573524
60,77,184,81,-0.0102738281711936
60,78,184,80,-0.0058426205068826675
60,79,184,191,0.0005115033127367496
60,80,184,78,-0.004946205765008926
60,81,184,95,-0.01846337877213955
60,82,184,88,-0.01830928400158882
60,83,184,178,-0.009119409136474133
60,84,184,87,-0.002377709373831749
60,85,184,14,-0.0034265518188476562
60,86,184,267,0.004328690469264984
60,87,184,269,0.00035333260893821716
60,88,184,270,-0.0023771896958351135
60,89,184,409,-0.0028271405026316643
60,90,184,291,0.0010084006935358047
60,91,184,375,-0.009057244285941124
60,92,184,321,-0.015963517129421234
60,93,184,405,-0.019000474363565445
60,94,184,314,-0.020508691668510437
60,95,184,302,-0.002336561679840088
60,96,184,303,-0.003840148448944092
60,97,184,304,-0.00412399135529995
60,98,184,408,-0.003043100470677018
60,99,184,307,-0.010581321083009243
60,100,184,320,-0.018294159322977066
60,101,184,404,-0.02339571714401245
60,102,184,315,-0.026103446260094643
60,103,184,268,-0.00898534432053566
60,104,184,271,-0.007989009842276573
60,105,184,272,-0.00622042641043663
60,106,184,325,-0.012098845094442368
60,107,184,319,-0.020557688549160957
60,108,184,403,-0.025292834267020226
60,109,184,316,-0.027110304683446884
60,110,184,312,-0.01444258913397789
60,111,184,311,-0.012049064040184021
60,112,184,310,-0.008390340954065323
60,113,184,415,-0.0035242049489170313
60,114,184,308,-0.0011019501835107803
60,115,184,324,-0.014471376314759254
60,116,184,318,-0.010957609862089157
60,117,184,402,-0.0035359924659132957
60,118,184,317,-0.0024495888501405716
61,62,77,90,-0.007624438498169184
61,63,77,180,-0.011842840351164341
61,64,77,85,-0.012749182060360909
61,65,77,16,-0.012574601918458939
61,66,77,12,-0.023162290453910828
61,67,77,38,-0.02282141149044037
61,68,77,41,-0.02116464450955391
61,69,77,42,-0.01860092394053936
61,70,77,96,0.0014498678501695395
61,71,77,89,0.009724074974656105
61,72,77,179,0.015415750443935394
61,73,77,86,0.015146058984100819
61,74,77,15,0.014544209465384483
61,75,77,13,-0.029626421630382538
61,76,77,82,-0.028390709310770035
61,77,77,81,-0.025116128847002983
61,78,77,80,-0.020684920251369476
61,79,77,191,-0.015353802591562271
61,80,77,78,-0.009896093048155308
61,81,77,95,0.003621079958975315
61,82,77,88,0.01288290973752737
61,83,77,178,0.01993292197585106
61,84,77,87,0.023022949695587158
61,85,77,14,0.022359270602464676
61,86,77,267,-0.01051361858844757
61,87,77,269,-0.014488980174064636
61,88,77,270,-0.017219487577676773
61,89,77,409,-0.0176694393157959
61,90,77,291,-0.015850700438022614
61,91,77,375,0.0054284874349832535
61,92,77,321,-0.0011212173849344254
61,93,77,405,-0.004158174619078636
61,94,77,314,-0.0056663937866687775
61,95,77,302,-0.017178870737552643
61,96,77,303,-0.018682442605495453
61,97,77,304,-0.01896629109978676
61,98,77,408,-0.017885399982333183
61,99,77,307,-0.0042609781958162785
61,100,77,320,-0.0014334170846268535
61,101,77,404,-0.008553418330848217
61,102,77,315,-0.011261147446930408
61,103,77,268,-0.02382764220237732
61,104,77,271,-0.022831302136182785
61,105,77,272,-0.02106272615492344
61,106,77,325,-0.002743452787399292
61,107,77,319,0.005715390667319298
61,108,77,403,0.012202216312289238
61,109,77,316,0.016418982297182083
61,110,77,312,-0.02928488701581955
61,111,77,311,-0.02689136192202568
61,112,77,310,-0.023232638835906982
61,113,77,415,-0.01861634850502014
61,114,77,308,-0.01374034769833088
61,115,77,324,-0.0003709224984049797
61,116,77,318,0.008779052644968033
61,117,77,402,0.016543254256248474
61,118,77,317,0.021036580204963684
62,63,90,180,-0.004218402784317732
62,64,90,85,-0.005124744959175587
62,65,90,16,-0.00495016248896718
62,66,90,12,-0.030786734074354172
62,67,90,38,-0.030445855110883713
62,68,90,41,-0.028789084404706955
62,69,90,42,-0.026225365698337555
62,70,90,96,-0.006174570880830288
62,71,90,89,0.002099636010825634
62,72,90,179,0.007791311480104923
62,73,90,86,0.010507211089134216
62,74,90,15,0.010057913139462471
62,75,90,13,-0.03725085407495499
62,76,90,82,-0.03601514548063278
62,77,90,81,-0.03274057060480118
62,78,90,80,-0.028309358283877373
62,79,90,191,-0.02297823876142502
62,80,90,78,-0.01752053201198578
62,81,90,95,-0.004003357142210007
62,82,90,88,0.005258470773696899
62,83,90,178,0.012308485805988312
62,84,90,87,0.015398509800434113
62,85,90,14,0.014734834432601929
62,86,90,267,-0.01813805103302002
62,87,90,269,-0.022113412618637085
62,88,90,270,-0.024843920022249222
62,89,90,409,-0.025293877348303795
62,90,90,291,-0.02347513660788536
62,91,90,375,-0.0031218682415783405
62,92,90,321,0.006503222044557333
62,93,90,405,0.0034662634134292603
62,94,90,314,0.001958046108484268
62,95,90,302,-0.02480330318212509
62,96,90,303,-0.0263068825006485
62,97,90,304,-0.026590730994939804
62,98,90,408,-0.02550983615219593
62,99,90,307,-0.011885416693985462
62,100,90,320,-0.004172575660049915
62,101,90,404,-0.0009289800655096769
62,102,90,315,-0.003636708715930581
62,103,90,268,-0.031452078372240067
62,104,90,271,-0.03045574575662613
62,105,90,272,-0.028687167912721634
62,106,90,325,-0.010367890819907188
62,107,90,319,-0.001909046433866024
62,108,90,403,0.004577777348458767
62,109,90,316,0.008794543333351612
62,110,90,312,-0.0369093231856823
62,111,90,311,-0.03451579809188843
62,112,90,310,-0.03085707686841488
62,113,90,415,-0.026240788400173187
62,114,90,308,-0.021364787593483925
62,115,90,324,-0.00799536146223545
62,116,90,318,0.0011546146124601364
62,117,90,402,0.008918816223740578
62,118,90,317,0.013412142172455788
63,64,180,85,-0.0009063421748578548
63,65,180,16,-0.0007317601703107357
63,66,180,12,-0.03500514104962349
63,67,180,38,-0.03466426208615303
63,68,180,41,-0.033007487654685974
63,69,180,42,-0.030443767085671425
63,70,180,96,-0.010392973199486732
63,71,180,89,-0.0021187663078308105
63,72,180,179,0.0035729072988033295
63,73,180,86,0.006288808770477772
63,74,180,15,0.005839511752128601
63,75,180,13,-0.041469257324934006
63,76,180,82,-0.0402335487306118
63,77,180,81,-0.0369589738547802
63,78,180,80,-0.03252775967121124
63,79,180,191,-0.027196643874049187
63,80,180,78,-0.02173893339931965
63,81,180,95,-0.0082217613235116
63,82,180,88,0.0010400693863630295
63,83,180,178,0.008090080693364143
63,84,180,87,0.011180108413100243
63,85,180,14,0.010516433045268059
63,86,180,267,-0.022356443107128143
63,87,180,269,-0.02633180469274521
63,88,180,270,-0.02906232699751854
63,89,180,409,-0.029512280598282814
63,90,180,291,-0.02769353985786438
63,91,180,375,-0.00878443755209446
63,92,180,321,0.01072162389755249
63,93,180,405,0.007684666663408279
63,94,180,314,0.006176447495818138
63,95,180,302,-0.029021702706813812
63,96,180,303,-0.03052528202533722
63,97,180,304,-0.030809134244918823
63,98,180,408,-0.0297282412648201
63,99,180,307,-0.016103819012641907
63,100,180,320,-0.00839097797870636
63,101,180,404,-0.003266742918640375
63,102,180,315,0.0005816936027258635
63,103,180,268,-0.035670485347509384
63,104,180,271,-0.03467414900660515
63,105,180,272,-0.03290557116270065
63,106,180,325,-0.014586295001208782
63,107,180,319,-0.006127450615167618
63,108,180,403,0.00035937316715717316
63,109,180,316,0.004576140083372593
63,110,180,312,-0.041127726435661316
63,111,180,311,-0.03873420134186745
63,112,180,310,-0.03507547825574875
63,113,180,415,-0.030459189787507057
63,114,180,308,-0.025583192706108093
63,115,180,324,-0.012213763780891895
63,116,180,318,-0.003063790500164032
63,117,180,402,0.0047004129737615585
63,118,180,317,0.009193740785121918
64,65,85,16,0.00017458200454711914
64,66,85,12,-0.03591146692633629
64,67,85,38,-0.035570595413446426
64,68,85,41,-0.03391382470726967
64,69,85,42,-0.03135010972619057
64,70,85,96,-0.0112993149086833
64,71,85,89,-0.0030251089483499527
64,72,85,179,0.0026665646582841873
64,73,85,86,0.005382467061281204
64,74,85,15,0.0049331700429320335
64,75,85,13,-0.042375598102808
64,76,85,82,-0.04113989695906639
64,77,85,81,-0.03786531463265419
64,78,85,80,-0.033434100449085236
64,79,85,191,-0.02810298651456833
64,80,85,78,-0.02264527603983879
64,81,85,95,-0.009128102101385593
64,82,85,88,0.0001337248831987381
64,83,85,178,0.0071837417781353
64,84,85,87,0.01027376763522625
64,85,85,14,0.009610088542103767
64,86,85,267,-0.023262806236743927
64,87,85,269,-0.027238160371780396
64,88,85,270,-0.029968664050102234
64,89,85,409,-0.030418625101447105
64,90,85,291,-0.02859988436102867
64,91,85,375,-0.015672927722334862
64,92,85,321,0.005277866497635841
64,93,85,405,0.008591008372604847
64,94,85,314,0.00708279013633728
64,95,85,302,-0.029928043484687805
64,96,85,303,-0.03143163025379181
64,97,85,304,-0.03171547129750252
64,98,85,408,-0.03063458390533924
64,99,85,307,-0.01701016165316105
64,100,85,320,-0.009297320619225502
64,101,85,404,-0.004195764660835266
64,102,85,315,-0.0014880358939990401
64,103,85,268,-0.03657681867480278
64,104,85,271,-0.03558049723505974
64,105,85,272,-0.033811911940574646
64,106,85,325,-0.015492635779082775
64,107,85,319,-0.007033791393041611
64,108,85,403,-0.0005469676107168198
64,109,85,316,0.0036697983741760254
64,110,85,312,-0.04203407093882561
64,111,85,311,-0.03964054957032204
64,112,85,310,-0.03598181903362274
64,113,85,415,-0.0313655324280262
64,114,85,308,-0.026489529758691788
64,115,85,324,-0.013120105490088463
64,116,85,318,-0.003970131278038025
64,117,85,402,0.0037940721958875656
64,118,85,317,0.008287398144602776
65,66,16,12,-0.03573688492178917
65,67,16,38,-0.03539600595831871
65,68,16,41,-0.03373924642801285
65,69,16,42,-0.03117552399635315
65,70,16,96,-0.011124732904136181
65,71,16,89,-0.0028505269438028336
65,72,16,179,0.0028411466628313065
65,73,16,86,0.005557049065828323
65,74,16,15,0.005107751116156578
65,75,16,13,-0.04220101609826088
65,76,16,82,-0.040965307503938675
65,77,16,81,-0.03769073262810707
65,78,16,80,-0.033259518444538116
65,79,16,191,-0.02792840264737606
65,80,16,78,-0.022470694035291672
65,81,16,95,-0.0089535191655159
65,82,16,88,0.00030830875039100647
65,83,16,178,0.00735832192003727
65,84,16,87,0.01044834777712822
65,85,16,14,0.009784672409296036
65,86,16,267,-0.023088224232196808
65,87,16,269,-0.027063578367233276
65,88,16,270,-0.029794085770845413
65,89,16,409,-0.030244039371609688
65,90,16,291,-0.028425300493836403
65,91,16,375,-0.018359458073973656
65,92,16,321,0.0018188776448369026
65,93,16,405,0.008416427299380302
65,94,16,314,0.006908208131790161
65,95,16,302,-0.029753461480140686
65,96,16,303,-0.03125704824924469
65,97,16,304,-0.0315408930182457
65,98,16,408,-0.030460000038146973
65,99,16,307,-0.01683557964861393
65,100,16,320,-0.009122738614678383
65,101,16,404,-0.004021183121949434
65,102,16,315,-0.0013134540058672428
65,103,16,268,-0.03640223667025566
65,104,16,271,-0.03540590777993202
65,105,16,272,-0.03363732993602753
65,106,16,325,-0.015318053774535656
65,107,16,319,-0.006859209388494492
65,108,16,403,-0.00037238746881484985
65,109,16,316,0.0038443803787231445
65,110,16,312,-0.04185948520898819
65,111,16,311,-0.03946596011519432
65,112,16,310,-0.03580723702907562
65,113,16,415,-0.03119095228612423
65,114,16,308,-0.026314951479434967
65,115,16,324,-0.012945525348186493
65,116,16,318,-0.003795551136136055
65,117,16,402,0.0039686523377895355
65,118,16,317,0.008461980149149895
66,67,12,38,-0.0003408759366720915
66,68,12,41,-0.001997644081711769
66,69,12,42,-0.004561364650726318
66,70,12,96,-0.02461216226220131
66,71,12,89,-0.03288636356592178
66,72,12,179,-0.03857803717255592
66,73,12,86,-0.04129394516348839
66,74,12,15,-0.040844641625881195
66,75,12,13,0.006464126519858837
66,76,12,82,0.005228421650826931
66,77,12,81,0.0019538383930921555
66,78,12,80,-0.0024773720651865005
66,79,12,191,-0.0078084878623485565
66,80,12,78,-0.013266194611787796
66,81,12,95,-0.02678336575627327
66,82,12,88,-0.036045197397470474
66,83,12,178,-0.043095216155052185
66,84,12,87,-0.046185240149497986
66,85,12,14,-0.0455215647816658
66,86,12,267,0.012648675590753555
66,87,12,269,0.008673319593071938
66,88,12,270,-0.005942803341895342
66,89,12,409,-0.005492851138114929
66,90,12,291,-0.007311586290597916
66,91,12,375,-0.017377234995365143
66,92,12,321,-0.024283505976200104
66,93,12,405,-0.027320466935634613
66,94,12,314,-0.028828680515289307
66,95,12,302,0.0059834253042936325
66,96,12,303,0.004479843191802502
66,97,12,304,-0.0041960012167692184
66,98,12,408,-0.005276892334222794
66,99,12,307,-0.018901310861110687
66,100,12,320,-0.026614155620336533
66,101,12,404,-0.031715717166662216
66,102,12,315,-0.03442343324422836
66,103,12,268,0.0006653517484664917
66,104,12,271,-0.0003309817984700203
66,105,12,272,-0.0020995642989873886
66,106,12,325,-0.020418841391801834
66,107,12,319,-0.028877682983875275
66,108,12,403,-0.035364504903554916
66,109,12,316,-0.039581265300512314
66,110,12,312,0.0061225974932312965
66,111,12,311,0.003729071468114853
66,112,12,310,7.034838199615479e-05
66,113,12,415,-0.004545941948890686
66,114,12,308,-0.0094219408929348
66,115,12,324,-0.022791370749473572
66,116,12,318,-0.03194133937358856
66,117,12,402,-0.039705540984869
66,118,12,317,-0.04419887065887451
67,68,38,41,-0.001656767912209034
67,69,38,42,-0.004220487549901009
67,70,38,96,-0.02427128702402115
67,71,38,89,-0.03254548832774162
67,72,38,179,-0.03823716565966606
67,73,38,86,-0.04095306247472763
67,74,38,15,-0.04050377011299133
67,75,38,13,0.006805002689361572
67,76,38,82,0.005569297820329666
67,77,38,81,0.0022947117686271667
67,78,38,80,-0.00213649682700634
67,79,38,191,-0.007467612624168396
67,80,38,78,-0.012925315648317337
67,81,38,95,-0.026442494243383408
67,82,38,88,-0.035704322159290314
67,83,38,178,-0.04275434464216232
67,84,38,87,-0.04584436118602753
67,85,38,14,-0.04518068581819534
67,86,38,267,0.012307807803153992
67,87,38,269,0.008332442492246628
67,88,38,270,-0.005601927638053894
67,89,38,409,-0.0051519740372896194
67,90,38,291,-0.006970711052417755
67,91,38,375,-0.017036359757184982
67,92,38,321,-0.023942630738019943
67,93,38,405,-0.026979587972164154
67,94,38,314,-0.028487801551818848
67,95,38,302,0.005642548203468323
67,96,38,303,0.004138967487961054
67,97,38,304,-0.0038551241159439087
67,98,38,408,-0.004936015233397484
67,99,38,307,-0.018560435622930527
67,100,38,320,-0.02627328410744667
67,101,38,404,-0.03137483447790146
67,102,38,315,-0.0340825617313385
67,103,38,268,-0.001006227801553905
67,104,38,271,9.894371032714844e-06
67,105,38,272,-0.001758689060807228
67,106,38,325,-0.020077962428331375
67,107,38,319,-0.028536811470985413
67,108,38,403,-0.035023633390665054
67,109,38,316,-0.03924039378762245
67,110,38,312,0.006463474594056606
67,111,38,311,0.004069947637617588
67,112,38,310,0.00041122548282146454
67,113,38,415,-0.0042050667107105255
67,114,38,308,-0.009081065654754639
67,115,38,324,-0.02245049551129341
67,116,38,318,-0.0316004641354084
67,117,38,402,-0.03936466574668884
67,118,38,317,-0.04385799542069435
68,69,41,42,-0.0025637205690145493
68,70,41,96,-0.02261451631784439
68,71,41,89,-0.030888721346855164
68,72,41,179,-0.0365803986787796
68,73,41,86,-0.03929629921913147
68,74,41,15,-0.038846999406814575
68,75,41,13,3.1575560569763184e-05
68,76,41,82,0.0023733170237392187
68,77,41,81,0.003951481077820063
68,78,41,80,-0.00047972798347473145
68,79,41,191,-0.005810847505927086
68,80,41,78,-0.011268556118011475
68,81,41,95,-0.024785727262496948
68,82,41,88,-0.03404755890369415
68,83,41,178,-0.04109757021069527
68,84,41,87,-0.04418759420514107
68,85,41,14,-0.043523918837308884
68,86,41,267,0.010651029646396637
68,87,41,269,0.0066756755113601685
68,88,41,270,0.003945160191506147
68,89,41,409,-0.00349520705640316
68,90,41,291,-0.005313947796821594
68,91,41,375,-0.015379596501588821
68,92,41,321,-0.022285867482423782
68,93,41,405,-0.025322820991277695
68,94,41,314,-0.026831038296222687
68,95,41,302,0.003985779359936714
68,96,41,303,0.0024821991100907326
68,97,41,304,-0.0021983564365655184
68,98,41,408,-0.0032792482525110245
68,99,41,307,-0.016903672367334366
68,100,41,320,-0.024616505950689316
68,101,41,404,-0.0297180637717247
68,102,41,315,-0.03242579847574234
68,103,41,268,-0.002662995830178261
68,104,41,271,-0.0016666620504111052
68,105,41,272,-0.00010192114859819412
68,106,41,325,-0.018421195447444916
68,107,41,319,-0.026880038902163506
68,108,41,403,-0.033366866409778595
68,109,41,316,-0.03758362680673599
68,110,41,312,0.0009015470277518034
68,111,41,311,0.005726716015487909
68,112,41,310,0.002067992463707924
68,113,41,415,-0.002548297867178917
68,114,41,308,-0.007424298673868179
68,115,41,324,-0.020793722942471504
68,116,41,318,-0.02994369901716709
68,117,41,402,-0.03770790249109268
68,118,41,317,-0.04220122471451759
69,70,42,96,-0.020050793886184692
69,71,42,89,-0.028324998915195465
69,72,42,179,-0.034016676247119904
69,73,42,86,-0.03673257678747177
69,74,42,15,-0.036283280700445175
69,75,42,13,-0.011025491170585155
69,76,42,82,-0.00978978630155325
69,77,42,81,-0.006515202112495899
69,78,42,80,0.002083993051201105
69,79,42,191,-0.0032471241429448128
69,80,42,78,-0.008704833686351776
69,81,42,95,-0.0222220066934824
69,82,42,88,-0.031483836472034454
69,83,42,178,-0.03416546806693077
69,84,42,87,-0.027423767372965813
69,85,42,14,-0.02847260981798172
69,86,42,267,0.008087307214736938
69,87,42,269,0.00411195307970047
69,88,42,270,0.0013814382255077362
69,89,42,409,-0.0009314862545579672
69,90,42,291,-0.002750227227807045
69,91,42,375,-0.012815870344638824
69,92,42,321,-0.019722141325473785
69,93,42,405,-0.022759098559617996
69,94,42,314,-0.024267327040433884
69,95,42,302,0.001422058790922165
69,96,42,303,-8.15223902463913e-05
69,97,42,304,-0.00036536436527967453
69,98,42,408,-0.0007155267521739006
69,99,42,307,-0.014339948073029518
69,100,42,320,-0.022052790969610214
69,101,42,404,-0.027154339477419853
69,102,42,315,-0.029862070456147194
69,103,42,268,-0.00522671639919281
69,104,42,271,-0.004230382852256298
69,105,42,272,-0.0024617998860776424
69,106,42,325,-0.015857473015785217
69,107,42,319,-0.024316318333148956
69,108,42,403,-0.030803140252828598
69,109,42,316,-0.03501990810036659
69,110,42,312,-0.01068396307528019
69,111,42,311,-0.008290436118841171
69,112,42,310,9.769503958523273e-05
69,113,42,415,1.5422701835632324e-05
69,114,42,308,-0.004860576242208481
69,115,42,324,-0.018230002373456955
69,116,42,318,-0.027379978448152542
69,117,42,402,-0.028582049533724785
69,118,42,317,-0.027495644986629486
70,71,96,89,0.0040082186460494995
70,72,96,179,0.007721573114395142
70,73,96,86,0.0061391680501401424
70,74,96,15,0.005537319462746382
70,75,96,13,-0.03107628785073757
70,76,96,82,-0.029840581119060516
70,77,96,81,-0.026565995067358017
70,78,96,80,-0.02213478647172451
70,79,96,191,-0.016803670674562454
70,80,96,78,-0.006188521161675453
70,81,96,95,0.0021712123416364193
70,82,96,88,0.011433041654527187
70,83,96,178,0.018483055755496025
70,84,96,87,0.021573081612586975
70,85,96,14,0.02090940624475479
70,86,96,267,-0.011963479220867157
70,87,96,269,-0.015938840806484222
70,88,96,270,-0.018669351935386658
70,89,96,409,-0.01911930926144123
70,90,96,291,-0.009333875961601734
70,91,96,375,0.007234922610223293
70,92,96,321,0.00032865069806575775
70,93,96,405,-0.0027083083987236023
70,94,96,314,-0.004216525703668594
70,95,96,302,-0.018628738820552826
70,96,96,303,-0.020132314413785934
70,97,96,304,-0.020416155457496643
70,98,96,408,-0.019335269927978516
70,99,96,307,7.206201553344727e-05
70,100,96,320,-0.0020019947551190853
70,101,96,404,-0.007103550713509321
70,102,96,315,-0.009811279363930225
70,103,96,268,-0.0252775140106678
70,104,96,271,-0.024281181395053864
70,105,96,272,-0.022512592375278473
70,106,96,325,-0.004193320870399475
70,107,96,319,0.004265523515641689
70,108,96,403,0.01075234729796648
70,109,96,316,0.009959164075553417
70,110,96,312,-0.030734756961464882
70,111,96,311,-0.02834123559296131
70,112,96,310,-0.024682508781552315
70,113,96,415,-0.020066216588020325
70,114,96,308,-0.015190217643976212
70,115,96,324,-0.0018207905814051628
70,116,96,318,0.00732918456196785
70,117,96,402,0.015093387104570866
70,118,96,317,0.0195867121219635
71,72,89,179,0.003713354468345642
71,73,89,86,0.0021309496369212866
71,74,89,15,0.001529100351035595
71,75,89,13,-0.039350494742393494
71,76,89,82,-0.03811478614807129
71,77,89,81,-0.03484020382165909
71,78,89,80,-0.03040899522602558
71,79,89,191,-0.025077875703573227
71,80,89,78,-0.0021803025156259537
71,81,89,95,-0.006095388904213905
71,82,89,88,0.0031588347628712654
71,83,89,178,0.010208847932517529
71,84,89,87,0.013298874720931053
71,85,89,14,0.01263519749045372
71,86,89,267,-0.020237691700458527
71,87,89,269,-0.024213045835494995
71,88,89,270,-0.02694356068968773
71,89,89,409,-0.027393516153097153
71,90,89,291,-0.005325657315552235
71,91,89,375,0.015509129501879215
71,92,89,321,0.008602858521044254
71,93,89,405,0.005565900355577469
71,94,89,314,0.004057683050632477
71,95,89,302,-0.026902936398983
71,96,89,303,-0.028406523168087006
71,97,89,304,-0.028690367937088013
71,98,89,408,-0.02760947495698929
71,99,89,307,0.004080280661582947
71,100,89,320,0.006272212136536837
71,101,89,404,0.001170656643807888
71,102,89,315,-0.001537073403596878
71,103,89,268,-0.033551715314388275
71,104,89,271,-0.03255537897348404
71,105,89,272,-0.030786802992224693
71,106,89,325,-0.005904018878936768
71,107,89,319,-0.004008683376014233
71,108,89,403,0.002478140639141202
71,109,89,316,0.005950945895165205
71,110,89,312,-0.0390089675784111
71,111,89,311,-0.03661543130874634
71,112,89,310,-0.03295671567320824
71,113,89,415,-0.028340423479676247
71,114,89,308,-0.01344827376306057
71,115,89,324,-0.010094997473061085
71,116,89,318,-0.0009450223296880722
71,117,89,402,0.006819179281592369
71,118,89,317,0.011312506161630154
72,73,179,86,-0.0015824050642549992
72,74,179,15,-0.0020959735848009586
72,75,179,13,-0.045042168349027634
72,76,179,82,-0.04380646347999573
72,77,179,81,-0.04053187370300293
72,78,179,80,-0.03610066697001457
72,79,179,191,-0.023509206250309944
72,80,179,78,0.0015330519527196884
72,81,179,95,-0.0025323275476694107
72,82,179,88,-0.0025328397750854492
72,83,179,178,0.0045171743258833885
72,84,179,87,0.007607201114296913
72,85,179,14,0.00694352388381958
72,86,179,267,-0.025929361581802368
72,87,179,269,-0.029904719442129135
72,88,179,270,-0.032635241746902466
72,89,179,409,-0.033085186034440994
72,90,179,291,-0.0016123037785291672
72,91,179,375,0.02120080403983593
72,92,179,321,0.014294532127678394
72,93,179,405,0.011257575824856758
72,94,179,314,0.009749356657266617
72,95,179,302,-0.032594624906778336
72,96,179,303,-0.034098200500011444
72,97,179,304,-0.034382037818431854
72,98,179,408,-0.03330114856362343
72,99,179,307,0.007793635595589876
72,100,179,320,0.011963886208832264
72,101,179,404,0.006862331181764603
72,102,179,315,0.004154600203037262
72,103,179,268,-0.03924339637160301
72,104,179,271,-0.03824705630540848
72,105,179,272,-0.036478474736213684
72,106,179,325,-0.0021906644105911255
72,107,179,319,-0.00468034204095602
72,108,179,403,-0.0032135338988155127
72,109,179,316,0.0010032325517386198
72,110,179,312,-0.04470064491033554
72,111,179,311,-0.042307112365961075
72,112,179,310,-0.03864838555455208
72,113,179,415,-0.03296651691198349
72,114,179,308,-0.009734919294714928
72,115,179,324,-0.011886555701494217
72,116,179,318,-0.006636696867644787
72,117,179,402,0.001127505674958229
72,118,179,317,0.005620831623673439
73,74,86,15,0.00044929684372618794
73,75,86,13,-0.0477580726146698
73,76,86,82,-0.046522364020347595
73,77,86,81,-0.0432477742433548
73,78,86,80,-0.03881656751036644
73,79,86,191,-0.025091608986258507
73,80,86,78,-4.935264587402344e-05
73,81,86,95,-0.00411473261192441
73,82,86,88,-0.005248740315437317
73,83,86,178,0.0018012728542089462
73,84,86,87,0.00489130150526762
73,85,86,14,0.004227624274790287
73,86,86,267,-0.02864525467157364
73,87,86,269,-0.0326206237077713
73,88,86,270,-0.035351142287254333
73,89,86,409,-0.03580109030008316
73,90,86,291,-0.0031947074458003044
73,91,86,375,0.020576506853103638
73,92,86,321,0.017010431736707687
73,93,86,405,0.013973476365208626
73,94,86,314,0.012465253472328186
73,95,86,302,-0.035310517996549606
73,96,86,303,-0.03681409731507301
73,97,86,304,-0.03709793835878372
73,98,86,408,-0.036017049103975296
73,99,86,307,0.006211229600012302
73,100,86,320,0.014679787680506706
73,101,86,404,0.009578230790793896
73,102,86,315,0.006870502606034279
73,103,86,268,-0.04195929691195488
73,104,86,271,-0.040962956845760345
73,105,86,272,-0.03919437155127525
73,106,86,325,-0.003773069940507412
73,107,86,319,-0.006262746639549732
73,108,86,403,-0.005636048503220081
73,109,86,316,-0.0017126679886132479
73,110,86,312,-0.04741653800010681
73,111,86,311,-0.04502301290631294
73,112,86,310,-0.041364289820194244
73,113,86,415,-0.03454892337322235
73,114,86,308,-0.011317324824631214
73,115,86,324,-0.013468960300087929
73,116,86,318,-0.009352598339319229
73,117,86,402,-0.0015883948653936386
73,118,86,317,0.0029049301519989967
74,75,15,13,-0.04730876535177231
74,76,15,82,-0.0460730642080307
74,77,15,81,-0.0427984818816185
74,78,15,80,-0.038367271423339844
74,79,15,191,-0.025693459436297417
74,80,15,78,-0.0006512012332677841
74,81,15,95,-0.004716580733656883
74,82,15,88,-0.0047994437627494335
74,83,15,178,0.0022505708038806915
74,84,15,87,0.0053405966609716415
74,85,15,14,0.004676921293139458
74,86,15,267,-0.02819596230983734
74,87,15,269,-0.032171331346035004
74,88,15,270,-0.03490183874964714
74,89,15,409,-0.035351790487766266
74,90,15,291,-0.0037965578958392143
74,91,15,375,0.019974658265709877
74,92,15,321,0.01656113564968109
74,93,15,405,0.013524176552891731
74,94,15,314,0.012015961110591888
74,95,15,302,-0.03486122936010361
74,96,15,303,-0.03636479750275612
74,97,15,304,-0.036648645997047424
74,98,15,408,-0.0355677492916584
74,99,15,307,0.005609381012618542
74,100,15,320,0.014230489730834961
74,101,15,404,0.009128933772444725
74,102,15,315,0.006421205587685108
74,103,15,268,-0.04150999337434769
74,104,15,271,-0.04051366448402405
74,105,15,272,-0.038745082914829254
74,106,15,325,-0.004374917596578598
74,107,15,319,-0.006864595226943493
74,108,15,403,-0.005480137187987566
74,109,15,316,-0.001263371086679399
74,110,15,312,-0.04696723818778992
74,111,15,311,-0.044573716819286346
74,112,15,310,-0.04091499000787735
74,113,15,415,-0.03515077009797096
74,114,15,308,-0.011919173412024975
74,115,15,324,-0.01407080888748169
74,116,15,318,-0.008903300389647484
74,117,15,402,-0.001139097847044468
74,118,15,317,0.0033542271703481674
75,76,13,82,-0.001235705567523837
75,77,13,81,-0.004510289523750544
75,78,13,80,-0.008941499516367912
75,79,13,191,-0.014272615313529968
75,80,13,78,-0.019730322062969208
75,81,13,95,-0.03324750065803528
75,82,13,88,-0.04250933229923248
75,83,13,178,-0.0495593436062336
75,84,13,87,-0.0526493676006794
75,85,13,14,-0.051985688507556915
75,86,13,267,0.019112806767225266
75,87,13,269,0.01513744704425335
75,88,13,270,0.012183919548988342
75,89,13,409,-0.011956977657973766
75,90,13,291,-0.013775717467069626
75,91,13,375,-0.02384136989712715
75,92,13,321,-0.030747640877962112
75,93,13,405,-0.033784590661525726
75,94,13,314,-0.035292819142341614
75,95,13,302,0.012447550892829895
75,96,13,303,0.010943970642983913
75,97,13,304,-0.00490057747811079
75,98,13,408,-0.011741017922759056
75,99,13,307,-0.025365442037582397
75,100,13,320,-0.033078279346227646
75,101,13,404,-0.03817983716726303
75,102,13,315,-0.040887560695409775
75,103,13,268,0.00579877570271492
75,104,13,271,0.004302757792174816
75,105,13,272,-0.0085636917501688
75,106,13,325,-0.026882966980338097
75,107,13,319,-0.035341810435056686
75,108,13,403,-0.04182863608002663
75,109,13,316,-0.046045396476984024
75,110,13,312,-0.00034152864827774465
75,111,13,311,-0.002735054586082697
75,112,13,310,-0.006393778137862682
75,113,13,415,-0.011010067537426949
75,114,13,308,-0.01588606648147106
75,115,13,324,-0.029255496338009834
75,116,13,318,-0.03840547055006027
75,117,13,402,-0.046169672161340714
75,118,13,317,-0.05066300183534622
76,77,82,81,-0.003274583723396063
76,78,82,80,-0.007705792784690857
76,79,82,191,-0.013036908581852913
76,80,82,78,-0.0184946171939373
76,81,82,95,-0.032011792063713074
76,82,82,88,-0.04127362370491028
76,83,82,178,-0.04832363501191139
76,84,82,87,-0.05141365900635719
76,85,82,14,-0.05074998363852501
76,86,82,267,0.01787710189819336
76,87,82,269,0.013901740312576294
76,88,82,270,0.01117122545838356
76,89,82,409,-0.01072127278894186
76,90,82,291,-0.01254001259803772
76,91,82,375,-0.02260565757751465
76,92,82,321,-0.02951192855834961
76,93,82,405,-0.03254888579249382
76,94,82,314,-0.03405710309743881
76,95,82,302,0.011211847886443138
76,96,82,303,0.009708264842629433
76,97,82,304,-0.002558836480602622
76,98,82,408,-0.010505313985049725
76,99,82,307,-0.02412973716855049
76,100,82,320,-0.03184257820248604
76,101,82,404,-0.036944132298231125
76,102,82,315,-0.03965185955166817
76,103,82,268,0.004563069902360439
76,104,82,271,0.005559402517974377
76,105,82,272,-0.00732798594981432
76,106,82,325,-0.02564726024866104
76,107,82,319,-0.03410610556602478
76,108,82,403,-0.04059293121099472
76,109,82,316,-0.04480969160795212
76,110,82,312,-0.0008941769483499229
76,111,82,311,-0.0014993490185588598
76,112,82,310,-0.005158073268830776
76,113,82,415,-0.009774362668395042
76,114,82,308,-0.014650365337729454
76,115,82,324,-0.02801978960633278
76,116,82,318,-0.037169765681028366
76,117,82,402,-0.04493396729230881
76,118,82,317,-0.049427296966314316
77,78,81,80,-0.004431208595633507
77,79,81,191,-0.009762326255440712
77,80,81,78,-0.0152200348675251
77,81,81,95,-0.028737207874655724
77,82,81,88,-0.03799903765320778
77,83,81,178,-0.04504904896020889
77,84,81,87,-0.042323339730501175
77,85,81,14,-0.04337218031287193
77,86,81,267,0.014602519571781158
77,87,81,269,0.010627154260873795
77,88,81,270,0.00789664126932621
77,89,81,409,-0.007446688134223223
77,90,81,291,-0.00926542840898037
77,91,81,375,-0.01933107152581215
77,92,81,321,-0.02623733878135681
77,93,81,405,-0.029274296015501022
77,94,81,314,-0.030782517045736313
77,95,81,302,0.007937263697385788
77,96,81,303,0.0064336806535720825
77,97,81,304,0.006149837747216225
77,98,81,408,-0.007230729795992374
77,99,81,307,-0.020855151116847992
77,100,81,320,-0.02856799028813839
77,101,81,404,-0.03366954252123833
77,102,81,315,-0.036377277225255966
77,103,81,268,0.0012884866446256638
77,104,81,271,0.0022848183289170265
77,105,81,272,-0.0040534017607569695
77,106,81,325,-0.022372674196958542
77,107,81,319,-0.03083151765167713
77,108,81,403,-0.03731834143400192
77,109,81,316,-0.04153510928153992
77,110,81,312,-0.00416876096278429
77,111,81,311,-0.0017752350540831685
77,112,81,310,-0.0018834886141121387
77,113,81,415,-0.006499779410660267
77,114,81,308,-0.011375779286026955
77,115,81,324,-0.024745207279920578
77,116,81,318,-0.03389517962932587
77,117,81,402,-0.04165938124060631
77,118,81,317,-0.04239521920681
78,79,80,191,-0.005331116728484631
78,80,80,78,-0.010788826271891594
78,81,80,95,-0.024305999279022217
78,82,80,88,-0.03356783092021942
78,83,80,178,-0.02602020464837551
78,84,80,87,-0.019278503954410553
78,85,80,14,-0.02032734826207161
78,86,80,267,0.010171309113502502
78,87,80,269,0.0061959438025951385
78,88,80,270,0.0034654326736927032
78,89,80,409,0.00012265145778656006
78,90,80,291,-0.004834219813346863
78,91,80,375,-0.014899862930178642
78,92,80,321,-0.021806135773658752
78,93,80,405,-0.024843093007802963
78,94,80,314,-0.026351314038038254
78,95,80,302,0.003506053239107132
78,96,80,303,0.0020024701952934265
78,97,80,304,0.0017186282202601433
78,98,80,408,-0.002799520269036293
78,99,80,307,-0.016423942521214485
78,100,80,320,-0.024136781692504883
78,101,80,404,-0.02923833578824997
78,102,80,315,-0.03194606304168701
78,103,80,268,-0.0031427238136529922
78,104,80,271,-0.0021463893353939056
78,105,80,272,-0.0003778068348765373
78,106,80,325,-0.017941467463970184
78,107,80,319,-0.026400309056043625
78,108,80,403,-0.032887134701013565
78,109,80,316,-0.03710389882326126
78,110,80,312,-0.008599969558417797
78,111,80,311,-0.0062064435333013535
78,112,80,310,-0.0025477202143520117
78,113,80,415,-0.0020685698837041855
78,114,80,308,-0.006944569759070873
78,115,80,324,-0.020313996821641922
78,116,80,318,-0.02785840816795826
78,117,80,402,-0.020436786115169525
78,118,80,317,-0.019350385293364525
79,80,191,78,-0.005457707680761814
79,81,191,95,-0.01897488348186016
79,82,191,88,-0.012470590882003307
79,83,191,178,-0.0032807178795337677
79,84,191,87,0.0034609809517860413
79,85,191,14,0.002412140369415283
79,86,191,267,0.004840195178985596
79,87,191,269,0.0008648261427879333
79,88,191,270,-0.001865684986114502
79,89,191,409,-0.002315637655556202
79,90,191,291,0.0004968969151377678
79,91,191,375,-0.009568747133016586
79,92,191,321,-0.016475019976496696
79,93,191,405,-0.019511979073286057
79,94,191,314,-0.02102019637823105
79,95,191,302,-0.0018250718712806702
79,96,191,303,-0.0033286474645137787
79,97,191,304,-0.0036124885082244873
79,98,191,408,-0.002531596925109625
79,99,191,307,-0.01109282299876213
79,100,191,320,-0.018805664032697678
79,101,191,404,-0.023907221853733063
79,102,191,315,-0.026614950969815254
79,103,191,268,-0.008473839610815048
79,104,191,271,-0.00747750885784626
79,105,191,272,-0.005708923563361168
79,106,191,325,-0.012610349804162979
79,107,191,319,-0.01882886327803135
79,108,191,403,-0.019454143941402435
79,109,191,316,-0.021271612495183945
79,110,191,312,-0.013931086286902428
79,111,191,311,-0.011537561193108559
79,112,191,310,-0.007878837175667286
79,113,191,415,-0.0032625466119498014
79,114,191,308,-0.0016134530305862427
79,115,191,324,-0.011622649617493153
79,116,191,318,-0.005118918605148792
79,117,191,402,0.0023026997223496437
79,118,191,317,0.0033891014754772186
80,81,78,95,0.004065379966050386
80,82,78,88,0.01257166638970375
80,83,78,178,0.021761540323495865
80,84,78,87,0.028503241017460823
80,85,78,14,0.027454398572444916
80,86,78,267,-0.0006175190210342407
80,87,78,269,-0.004592865705490112
80,88,78,270,-0.0073233917355537415
80,89,78,409,-0.007773345336318016
80,90,78,291,-0.003145354799926281
80,91,78,375,-0.004111039452254772
80,92,78,321,-0.011017310433089733
80,93,78,405,-0.014054270461201668
80,94,78,314,-0.015562489628791809
80,95,78,302,-0.007282771170139313
80,96,78,303,-0.008786357939243317
80,97,78,304,-0.009070198982954025
80,98,78,408,-0.007989304140210152
80,99,78,307,-0.005626914091408253
80,100,78,320,-0.013347956351935863
80,101,78,404,-0.018449511379003525
80,102,78,315,-0.021157240495085716
80,103,78,268,-0.013931550085544586
80,104,78,271,-0.01293521374464035
80,105,78,272,-0.011166632175445557
80,106,78,325,0.003723716828972101
80,107,78,319,0.006213394459336996
80,108,78,403,0.005588114261627197
80,109,78,316,0.003770642913877964
80,110,78,312,-0.019388794898986816
80,111,78,311,-0.016995271667838097
80,112,78,310,-0.0133365448564291
80,113,78,415,-0.008720255456864834
80,114,78,308,-0.0038442553486675024
80,115,78,324,0.009525170549750328
80,116,78,318,0.018675146624445915
80,117,78,402,0.026439348235726357
80,118,78,317,0.028431357815861702
81,82,95,88,0.008506285957992077
81,83,95,178,0.01631184294819832
81,84,95,87,0.019401870667934418
81,85,95,14,0.018738193437457085
81,86,95,267,-0.014134682714939117
81,87,95,269,-0.01811005175113678
81,88,95,270,-0.020840566605329514
81,89,95,409,-0.021290522068738937
81,90,95,291,0.0009200247004628181
81,91,95,375,0.009406134486198425
81,92,95,321,0.0024998635053634644
81,93,95,405,-0.0005370937287807465
81,94,95,314,-0.0020453110337257385
81,95,95,302,-0.020799949765205383
81,96,95,303,-0.022303525358438492
81,97,95,304,-0.0225873701274395
81,98,95,408,-0.021506480872631073
81,99,95,307,0.00788205862045288
81,100,95,320,0.00016921758651733398
81,101,95,404,-0.0049323393031954765
81,102,95,315,-0.007640066556632519
81,103,95,268,-0.02744872495532036
81,104,95,271,-0.026452386751770973
81,105,95,272,-0.02468380518257618
81,106,95,325,0.00034166290424764156
81,107,95,319,0.0020169795025140047
81,108,95,403,0.0015227345284074545
81,109,95,316,-0.0002947361208498478
81,110,95,312,-0.03290596976876259
81,111,95,311,-0.030512439087033272
81,112,95,310,-0.02685372158885002
81,113,95,415,-0.02223742939531803
81,114,95,308,-0.007202592678368092
81,115,95,324,-0.003992003388702869
81,116,95,318,0.005157971754670143
81,117,95,402,0.012922174297273159
81,118,95,317,0.017415501177310944
82,83,88,178,0.007050013169646263
82,84,88,87,0.010140039958059788
82,85,88,14,0.00947636365890503
82,86,88,267,-0.023396514356136322
82,87,88,269,-0.027371887117624283
82,88,88,270,-0.030102398246526718
82,89,88,409,-0.030552349984645844
82,90,88,291,0.00942630972713232
82,91,88,375,0.01866796240210533
82,92,88,321,0.01176169142127037
82,93,88,405,0.00872473418712616
82,94,88,314,0.007216516882181168
82,95,88,302,-0.030061785131692886
82,96,88,303,-0.031565356999635696
82,97,88,304,-0.031849198043346405
82,98,88,408,-0.029039481654763222
82,99,88,307,0.017143888399004936
82,100,88,320,0.00943104550242424
82,101,88,404,0.0043294914066791534
82,102,88,315,0.001621762290596962
82,103,88,268,-0.03671055659651756
82,104,88,271,-0.03571421653032303
82,105,88,272,-0.033945634961128235
82,106,88,325,0.008847949095070362
82,107,88,319,0.0063582719303667545
82,108,88,403,0.0006806941237300634
82,109,88,316,-0.0035360725596547127
82,110,88,312,-0.04216780140995979
82,111,88,311,-0.039774272590875626
82,112,88,310,-0.03611554950475693
82,113,88,415,-0.021927902474999428
82,114,88,308,0.0013036932796239853
82,115,88,324,-0.000847941730171442
82,116,88,318,-0.004103857558220625
82,117,88,402,0.003660344984382391
82,118,88,317,0.008153671398758888
83,84,178,87,0.0030900267884135246
83,85,178,14,0.002426350023597479
83,86,178,267,-0.030446529388427734
83,87,178,269,-0.0344218946993351
83,88,178,270,-0.03715240955352783
83,89,178,409,-0.02614285796880722
83,90,178,291,0.01861618459224701
83,91,178,375,0.025717977434396744
83,92,178,321,0.018811706453561783
83,93,178,405,0.015774749219417572
83,94,178,314,0.01426653191447258
83,95,178,302,-0.0371117927134037
83,96,178,303,-0.03861536830663681
83,97,178,304,-0.03889921307563782
83,98,178,408,-0.019849607720971107
83,99,178,307,0.0241939015686512
83,100,178,320,0.016481060534715652
83,101,178,404,0.011379502713680267
83,102,178,315,0.008671775460243225
83,103,178,268,-0.04376056790351868
83,104,178,271,-0.04276423528790474
83,105,178,272,-0.04099564626812935
83,106,178,325,0.01803782396018505
83,107,178,319,0.014217532239854336
83,108,178,403,0.0077307079918682575
83,109,178,316,0.003513941541314125
83,110,178,312,-0.04921781271696091
83,111,178,311,-0.046824291348457336
83,112,178,310,-0.03406777232885361
83,113,178,415,-0.012738028541207314
83,114,178,308,0.010493568144738674
83,115,178,324,0.00834193266928196
83,116,178,318,0.0018382011912763119
83,117,178,402,-0.0033896686509251595
83,118,178,317,0.0011036575306206942
84,85,87,14,0.0006636768812313676
84,86,87,267,-0.03353656083345413
84,87,87,269,-0.0375119186937809
84,88,87,270,-0.04024243354797363
84,89,87,409,-0.01940115913748741
84,90,87,291,0.025357887148857117
84,91,87,375,0.028808005154132843
84,92,87,321,0.021901732310652733
84,93,87,405,0.018864773213863373
84,94,87,314,0.01735655963420868
84,95,87,302,-0.0402018167078495
84,96,87,303,-0.04170539230108261
84,97,87,304,-0.04198924079537392
84,98,87,408,-0.013107908889651299
84,99,87,307,0.02728392742574215
84,100,87,320,0.01957108825445175
84,101,87,404,0.014469532296061516
84,102,87,315,0.011761801317334175
84,103,87,268,-0.04685059189796448
84,104,87,271,-0.04585425928235054
84,105,87,272,-0.03624359518289566
84,106,87,325,0.02477952279150486
84,107,87,319,0.01730755902826786
84,108,87,403,0.01082073524594307
84,109,87,316,0.00660396832972765
84,110,87,312,-0.05230783671140671
84,111,87,311,-0.04710155725479126
84,112,87,310,-0.0273260697722435
84,113,87,415,-0.005996327847242355
84,114,87,308,0.017235267907381058
84,115,87,324,0.015083633363246918
84,116,87,318,0.008579901419579983
84,117,87,402,0.0011582821607589722
84,118,87,317,7.18801748007536e-05
85,86,14,267,-0.03287288546562195
85,87,14,269,-0.036848243325948715
85,88,14,270,-0.03957875445485115
85,89,14,409,-0.02044999971985817
85,90,14,291,0.02430904284119606
85,91,14,375,0.02814432978630066
85,92,14,321,0.02123805694282055
85,93,14,405,0.01820109412074089
85,94,14,314,0.016692884266376495
85,95,14,302,-0.03953813761472702
85,96,14,303,-0.04104171693325043
85,97,14,304,-0.04132556542754173
85,98,14,408,-0.014156750403344631
85,99,14,307,0.026620250195264816
85,100,14,320,0.01890740916132927
85,101,14,404,0.013805853202939034
85,102,14,315,0.011098125949501991
85,103,14,268,-0.046186916530132294
85,104,14,271,-0.045190583914518356
85,105,14,272,-0.03729243576526642
85,106,14,325,0.023730680346488953
85,107,14,319,0.016643883660435677
85,108,14,403,0.010157058015465736
85,109,14,316,0.005940291099250317
85,110,14,312,-0.051644161343574524
85,111,14,311,-0.048150401562452316
85,112,14,310,-0.028374912217259407
85,113,14,415,-0.007045170292258263
85,114,14,308,0.01618642546236515
85,115,14,324,0.01403479091823101
85,116,14,318,0.0075310589745640755
85,117,14,402,0.00010944018140435219
85,118,14,317,-0.0009769619209691882
86,87,267,269,0.003975359722971916
86,88,267,270,0.006705868989229202
86,89,267,409,0.007155820727348328
86,90,267,291,0.00533708930015564
86,91,267,375,-0.004728555679321289
86,92,267,321,-0.01163482666015625
86,93,267,405,-0.01467180997133255
86,94,267,314,-0.016179993748664856
86,95,267,302,0.006665254011750221
86,96,267,303,0.008168835192918777
86,97,267,304,0.008452676236629486
86,98,267,408,0.007371783256530762
86,99,267,307,-0.0062526315450668335
86,100,267,320,-0.01396547257900238
86,101,267,404,-0.019067026674747467
86,102,267,315,-0.02177475392818451
86,103,267,268,0.013314027339220047
86,104,267,271,0.012317698448896408
86,105,267,272,0.010549113154411316
86,106,267,325,-0.007770158350467682
86,107,267,319,-0.01622900366783142
86,108,267,403,-0.02271582931280136
86,109,267,316,-0.026932597160339355
86,110,267,312,0.018771275877952576
86,111,267,311,0.016377750784158707
86,112,267,310,0.012719027698040009
86,113,267,415,0.008102737367153168
86,114,267,308,0.003226734697818756
86,115,267,324,-0.010142691433429718
86,116,267,318,-0.019292660057544708
86,117,267,402,-0.027056865394115448
86,118,267,317,-0.03155018389225006
87,88,269,270,0.0027305148541927338
87,89,269,409,0.0031804703176021576
87,90,269,291,0.0013617277145385742
87,91,269,375,-0.008703917264938354
87,92,269,321,-0.015610188245773315
87,93,269,405,-0.018647149205207825
87,94,269,314,-0.02015536278486252
87,95,269,302,0.00033582746982574463
87,96,269,303,0.004193476401269436
87,97,269,304,0.004477318376302719
87,98,269,408,0.003396429121494293
87,99,269,307,-0.010227993130683899
87,100,269,320,-0.017940834164619446
87,101,269,404,-0.02304239571094513
87,102,269,315,-0.02575012296438217
87,103,269,268,0.00933867134153843
87,104,269,271,0.008342336863279343
87,105,269,272,0.0065737515687942505
87,106,269,325,-0.011745519936084747
87,107,269,319,-0.020204365253448486
87,108,269,403,-0.026691187173128128
87,109,269,316,-0.030907955020666122
87,110,269,312,0.014795918017625809
87,111,269,311,0.01240239292383194
87,112,269,310,0.008743669837713242
87,113,269,415,0.004127375781536102
87,114,269,308,-0.0007486194372177124
87,115,269,324,-0.014118053019046783
87,116,269,318,-0.023268025368452072
87,117,269,402,-0.031032223254442215
87,118,269,317,-0.035525549203157425
88,89,270,409,0.00044995173811912537
88,90,270,291,-0.0013687871396541595
88,91,270,375,-0.011434435844421387
88,92,270,321,-0.018340706825256348
88,93,270,405,-0.021377667784690857
88,94,270,314,-0.02288588136434555
88,95,270,302,4.062056541442871e-05
88,96,270,303,-0.0014629596844315529
88,97,270,304,0.0017468035221099854
88,98,270,408,0.0006659124046564102
88,99,270,307,-0.012958511710166931
88,100,270,320,-0.020671352744102478
88,101,270,404,-0.025772903114557266
88,102,270,315,-0.028480634093284607
88,103,270,268,-0.006608155556023121
88,104,270,271,0.005611822009086609
88,105,270,272,0.003843238577246666
88,106,270,325,-0.014476031064987183
88,107,270,319,-0.02293487638235092
88,108,270,403,-0.02942170575261116
88,109,270,316,-0.033638469874858856
88,110,270,312,0.0120654022321105
88,111,270,311,0.009671876206994057
88,112,270,310,0.006013151258230209
88,113,270,415,0.0013968627899885178
88,114,270,308,-0.0034791380167007446
88,115,270,324,-0.01684856414794922
88,116,270,318,-0.025998538359999657
88,117,270,402,-0.03376273810863495
88,118,270,317,-0.038256071507930756
89,90,409,291,-0.0018187407404184341
89,91,409,375,-0.011884387582540512
89,92,409,321,-0.018790658563375473
89,93,409,405,-0.021827615797519684
89,94,409,314,-0.023335829377174377
89,95,409,302,0.0004905760288238525
89,96,409,303,-0.001013007014989853
89,97,409,304,-0.0012968508526682854
89,98,409,408,0.00021595950238406658
89,99,409,307,-0.013408461585640907
89,100,409,320,-0.021121302619576454
89,101,409,404,-0.02622285857796669
89,102,409,315,-0.028930583968758583
89,103,409,268,-0.006158202886581421
89,104,409,271,-0.0051618702709674835
89,105,409,272,-0.0033932863734662533
89,106,409,325,-0.014925986528396606
89,107,409,319,-0.023384831845760345
89,108,409,403,-0.029871655628085136
89,109,409,316,-0.03408842161297798
89,110,409,312,-0.011615450493991375
89,111,409,311,-0.009221923537552357
89,112,409,310,-0.005563199520111084
89,113,409,415,0.0009469091892242432
89,114,409,308,-0.003929091617465019
89,115,409,324,-0.017298515886068344
89,116,409,318,-0.02644849196076393
89,117,409,402,-0.020559439435601234
89,118,409,317,-0.019473038613796234
90,91,291,375,-0.010065644979476929
90,92,291,321,-0.01697191596031189
90,93,291,405,-0.02000887505710125
90,94,291,314,-0.02151709422469139
90,95,291,302,-0.0013281702995300293
90,96,291,303,-0.002831745892763138
90,97,291,304,-0.003115590661764145
90,98,291,408,-0.0020346995443105698
90,99,291,307,-0.009405937977135181
90,100,291,320,-0.019247159361839294
90,101,291,404,-0.024404117837548256
90,102,291,315,-0.027111848816275597
90,103,291,268,-0.007976941764354706
90,104,291,271,-0.006980612874031067
90,105,291,272,-0.005212027579545975
90,106,291,325,0.0005783620290458202
90,107,291,319,0.003068038262426853
90,108,291,403,0.0024427594617009163
90,109,291,316,0.000625288113951683
90,110,291,312,-0.013434186577796936
90,111,291,311,-0.011040665209293365
90,112,291,310,-0.007381940260529518
90,113,291,415,-0.0027656499296426773
90,114,291,308,0.002110350178554654
90,115,291,324,0.01027425192296505
90,116,291,318,0.01677798293530941
90,117,291,402,0.024199601262807846
90,118,291,317,0.025286003947257996
91,92,375,321,-0.006906270980834961
91,93,375,405,-0.009943230077624321
91,94,375,314,-0.011451447382569313
91,95,375,302,-0.011393807828426361
91,96,375,303,-0.012897402048110962
91,97,375,304,-0.013181235641241074
91,98,375,408,-0.012100346386432648
91,99,375,307,0.0015240754000842571
91,100,375,320,0.003997030667960644
91,101,375,404,-0.0051702409982681274
91,102,375,315,-0.013637644238770008
91,103,375,268,-0.018042586743831635
91,104,375,271,-0.017046257853507996
91,105,375,272,-0.015277668833732605
91,106,375,325,0.003041601739823818
91,107,375,319,0.011500446125864983
91,108,375,403,0.017987269908189774
91,109,375,316,0.02220403589308262
91,110,375,312,-0.023499835282564163
91,111,375,311,-0.021106310188770294
91,112,375,310,-0.017447587102651596
91,113,375,415,-0.012831294909119606
91,114,375,308,-0.007955295965075493
91,115,375,324,0.005414131097495556
91,116,375,318,0.014564106240868568
91,117,375,402,0.02232830971479416
91,118,375,317,0.02682163193821907
92,93,321,405,-0.0030369581654667854
92,94,321,314,-0.004545176401734352
92,95,321,302,-0.018300078809261322
92,96,321,303,-0.019803673028945923
92,97,321,304,-0.020087510347366333
92,98,321,408,-0.01900661736726761
92,99,321,307,-0.005382196046411991
92,100,321,320,0.0023306459188461304
92,101,321,404,0.007432201411575079
92,102,321,315,0.007313149981200695
92,103,321,268,-0.024948857724666595
92,104,321,271,-0.023952528834342957
92,105,321,272,-0.022183936089277267
92,106,321,325,-0.0038646701723337173
92,107,321,319,0.004594175145030022
92,108,321,403,0.011080998927354813
92,109,321,316,0.015297764912247658
92,110,321,312,-0.030406106263399124
92,111,321,311,-0.028012584894895554
92,112,321,310,-0.024353858083486557
92,113,321,415,-0.019737565889954567
92,114,321,308,-0.014861565083265305
92,115,321,324,-0.0014921408146619797
92,116,321,318,0.007657837122678757
92,117,321,402,0.015422036871314049
92,118,321,317,0.01991536282002926
93,94,405,314,-0.0015082177706062794
93,95,405,302,-0.021337047219276428
93,96,405,303,-0.022840626537799835
93,97,405,304,-0.023124463856220245
93,98,405,408,-0.02204357460141182
93,99,405,307,-0.008419152349233627
93,100,405,320,-0.0007063113152980804
93,101,405,404,0.0043952446430921555
93,102,405,315,0.007102972827851772
93,103,405,268,-0.0279858261346817
93,104,405,271,-0.02698948234319687
93,105,405,272,-0.025220897048711777
93,106,405,325,-0.006901627406477928
93,107,405,319,0.0015572160482406616
93,108,405,403,0.008044041693210602
93,109,405,316,0.012260807678103447
93,110,405,312,-0.03344307094812393
93,111,405,311,-0.031049538403749466
93,112,405,310,-0.027390815317630768
93,113,405,415,-0.02277452126145363
93,114,405,308,-0.017898526042699814
93,115,405,324,-0.004529096186161041
93,116,405,318,0.004620879888534546
93,117,405,402,0.012385077774524689
93,118,405,317,0.0168784037232399
94,95,314,302,-0.02284526824951172
94,96,314,303,-0.024348847568035126
94,97,314,304,-0.024632692337036133
94,98,314,408,-0.023551788181066513
94,99,314,307,-0.009927371516823769
94,100,314,320,-0.002214532345533371
94,101,314,404,0.002887025475502014
94,102,314,315,0.005594754591584206
94,103,314,268,-0.0294940322637558
94,104,314,271,-0.02849770337343216
94,105,314,272,-0.026729118078947067
94,106,314,325,-0.00840984657406807
94,107,314,319,4.8998743295669556e-05
94,108,314,403,0.006535820662975311
94,109,314,316,0.010752588510513306
94,110,314,312,-0.03495127707719803
94,111,314,311,-0.032557759433984756
94,112,314,310,-0.02889902889728546
94,113,314,415,-0.024282746016979218
94,114,314,308,-0.019406739622354507
94,115,314,324,-0.006037317216396332
94,116,314,318,0.0031126588582992554
94,117,314,402,0.010876864194869995
94,118,314,317,0.015370190143585205
95,96,302,303,0.001503579318523407
95,97,302,304,0.001787424087524414
95,98,302,408,0.0007065348327159882
95,99,302,307,-0.012917891144752502
95,100,302,320,-0.02063073217868805
95,101,302,404,-0.02573227882385254
95,102,302,315,-0.028440028429031372
95,103,302,268,0.006648777052760124
95,104,302,271,0.005652444437146187
95,105,302,272,0.003883861005306244
95,106,302,325,-0.01443541795015335
95,107,302,319,-0.022894252091646194
95,108,302,403,-0.029381081461906433
95,109,302,316,-0.033597853034734726
95,110,302,312,0.012106021866202354
95,111,302,311,0.009712494909763336
95,112,302,310,0.006053771823644638
95,113,302,415,0.0014374852180480957
95,114,302,308,-0.003438517451286316
95,115,302,324,-0.01680793985724449
95,116,302,318,-0.025957919657230377
95,117,302,402,-0.03372212126851082
95,118,302,317,-0.03821544721722603
96,97,303,304,0.00028384290635585785
96,98,303,408,-0.0007970482110977173
96,99,303,307,-0.014421474188566208
96,100,303,320,-0.022134311497211456
96,101,303,404,-0.027235861867666245
96,102,303,315,-0.029943589121103287
96,103,303,268,0.005145194940268993
96,104,303,271,0.004148862324655056
96,105,303,272,0.0023802779614925385
96,106,303,325,-0.01593899354338646
96,107,303,319,-0.0243978388607502
96,108,303,403,-0.030884668231010437
96,109,303,316,-0.035101428627967834
96,110,303,312,0.010602440685033798
96,111,303,311,0.00820891559123993
96,112,303,310,0.00455019436776638
96,113,303,415,-6.609782576560974e-05
96,114,303,308,-0.0049420930445194244
96,115,303,324,-0.018311522901058197
96,116,303,318,-0.027461498975753784
96,117,303,402,-0.035225704312324524
96,118,303,317,-0.039719030261039734
97,98,304,408,-0.0010808911174535751
97,99,304,307,-0.014705311506986618
97,100,304,320,-0.022418148815631866
97,101,304,404,-0.027519702911376953
97,102,304,315,-0.030227437615394592
97,103,304,268,-0.00486135296523571
97,104,304,271,-0.003865018719807267
97,105,304,272,0.002096435520797968
97,106,304,325,-0.016222836449742317
97,107,304,319,-0.024681681767106056
97,108,304,403,-0.031168507412075996
97,109,304,316,-0.03538527339696884
97,110,304,312,-0.004030606243759394
97,111,304,311,0.004827621392905712
97,112,304,310,0.004266347736120224
97,113,304,415,-0.0003499425947666168
97,114,304,308,-0.00522594153881073
97,115,304,324,-0.018595365807414055
97,116,304,318,-0.027745341882109642
97,117,304,402,-0.03550954535603523
97,118,304,317,-0.04000287130475044
98,99,408,307,-0.013624420389533043
98,100,408,320,-0.02133726142346859
98,101,408,404,-0.026438819244503975
98,102,408,315,-0.029146544635295868
98,103,408,268,-0.005942244082689285
98,104,408,271,-0.004945909604430199
98,105,408,272,-0.0031773261725902557
98,106,408,325,-0.015141946263611317
98,107,408,319,-0.02360079064965248
98,108,408,403,-0.030087614431977272
98,109,408,316,-0.034304384142160416
98,110,408,312,-0.011399490758776665
98,111,408,311,-0.009005963802337646
98,112,408,310,-0.005347239784896374
98,113,408,415,0.0007309494540095329
98,114,408,308,-0.0041450513526797295
98,115,408,324,-0.01751447468996048
98,116,408,318,-0.021687809377908707
98,117,408,402,-0.01426619105041027
98,118,408,317,-0.013179788365960121
99,100,307,320,-0.007712841499596834
99,101,307,404,-0.012814396992325783
99,102,307,315,-0.015522126108407974
99,103,307,268,-0.019566670060157776
99,104,307,271,-0.01857032999396324
99,105,307,272,-0.016801750287413597
99,106,307,325,0.0015175254084169865
99,107,307,319,0.009976369328796864
99,108,307,403,0.011848697438836098
99,109,307,316,0.010031227022409439
99,110,307,312,-0.025023914873600006
99,111,307,311,-0.02263038419187069
99,112,307,310,-0.01897166110575199
99,113,307,415,-0.014355369843542576
99,114,307,308,-0.009479370899498463
99,115,307,324,0.0038900552317500114
99,116,307,318,0.01304002944380045
99,117,307,402,0.020804231986403465
99,118,307,317,0.025297557935118675
100,101,320,404,-0.005101555958390236
100,102,320,315,-0.00780928460881114
100,103,320,268,-0.027279507368803024
100,104,320,271,-0.026283178478479385
100,105,320,272,-0.024514589458703995
100,106,320,325,-0.006195316091179848
100,107,320,319,0.002263527363538742
100,108,320,403,0.008750352077186108
100,109,320,316,0.012967118993401527
100,110,320,312,-0.032736752182245255
100,111,320,311,-0.030343227088451385
100,112,320,310,-0.026684502139687538
100,113,320,415,-0.022068213671445847
100,114,320,308,-0.017192212864756584
100,115,320,324,-0.0038227858021855354
100,116,320,318,0.0053271884098649025
100,117,320,402,0.013091391883790493
100,118,320,317,0.017584718763828278
101,102,404,315,-0.002707728883251548
101,103,404,268,-0.03238106146454811
101,104,404,271,-0.03138473257422447
101,105,404,272,-0.02961614541709423
101,106,404,325,-0.011296872049570084
101,107,404,319,-0.002838028594851494
101,108,404,403,0.003648797981441021
101,109,404,316,0.007865563966333866
101,110,404,312,-0.03783831000328064
101,111,404,311,-0.03544478863477707
101,112,404,310,-0.03178606182336807
101,113,404,415,-0.027169765904545784
101,114,404,308,-0.02229376696050167
101,115,404,324,-0.008924340829253197
101,116,404,318,0.0002256333827972412
101,117,404,402,0.007989834994077682
101,118,404,317,0.012483160942792892
102,103,315,268,-0.03508879244327545
102,104,315,271,-0.034092459827661514
102,105,315,272,-0.03232387453317642
102,106,315,325,-0.0140046002343297
102,107,315,319,-0.005545755848288536
102,108,315,403,0.0009410679340362549
102,109,315,316,0.0051578339189291
102,110,315,312,-0.04054603725671768
102,111,315,311,-0.03815251216292381
102,112,315,310,-0.034493789076805115
102,113,315,415,-0.029877496883273125
102,114,315,308,-0.025001496076583862
102,115,315,324,-0.011632069945335388
102,116,315,318,-0.0024820957332849503
102,117,315,402,0.005282105877995491
102,118,315,317,0.009775435552001
103,104,268,271,-0.000996333546936512
103,105,268,272,-0.0027649160474538803
103,106,268,325,-0.021084193140268326
103,107,268,319,-0.029543034732341766
103,108,268,403,-0.03602985665202141
103,109,268,316,-0.0402466244995594
103,110,268,312,0.005457245744764805
103,111,268,311,0.003063719719648361
103,112,268,310,-0.0005950033664703369
103,113,268,415,-0.005211293697357178
103,114,268,308,-0.010087288916110992
103,115,268,324,-0.023456722497940063
103,116,268,318,-0.032606691122055054
103,117,268,402,-0.04037089645862579
103,118,268,317,-0.044864222407341
104,105,271,272,-0.001768583431839943
104,106,271,325,-0.02008786052465439
104,107,271,319,-0.028546703979372978
104,108,271,403,-0.03503352403640747
104,109,271,316,-0.03925028443336487
104,110,271,312,0.005172729957848787
104,111,271,311,0.004060054197907448
104,112,271,310,0.00040132924914360046
104,113,271,415,-0.004214959219098091
104,114,271,308,-0.009090960025787354
104,115,271,324,-0.022460386157035828
104,116,271,318,-0.03161035478115082
104,117,271,402,-0.03937456011772156
104,118,271,317,-0.04386788606643677
105,106,272,325,-0.018319271504878998
105,107,272,319,-0.026778114959597588
105,108,272,403,-0.03326494246721268
105,109,272,316,-0.03748170658946037
105,110,272,312,-0.00822216272354126
105,111,272,311,-0.005828637629747391
105,112,272,310,0.002169912913814187
105,113,272,415,-0.0024463776499032974
105,114,272,308,-0.007322376593947411
105,115,272,324,-0.020691804587841034
105,116,272,318,-0.029841776937246323
105,117,272,402,-0.037380121648311615
105,118,272,317,-0.03631547465920448
106,107,325,319,0.0024896771647036076
106,108,325,403,0.001864397432655096
106,109,325,316,4.6926550567150116e-05
106,110,325,312,-0.026541436091065407
106,111,325,311,-0.024147910997271538
106,112,325,310,-0.02048918791115284
106,113,325,415,-0.01587289571762085
106,114,325,308,-0.0075442553497850895
106,115,325,324,0.0023725300561636686
106,116,325,318,0.01152250450104475
106,117,325,402,0.019286708906292915
106,118,325,317,0.023780032992362976
107,108,319,403,-0.0006252797320485115
107,109,319,316,-0.00244275014847517
107,110,319,312,-0.035000279545784
107,111,319,311,-0.032606758177280426
107,112,319,310,-0.02894803136587143
107,113,319,415,-0.02433174103498459
107,114,319,308,-0.005054578185081482
107,115,319,324,-0.006086314097046852
107,116,319,318,0.0030636610463261604
107,117,319,402,0.010827862657606602
107,118,319,317,0.015321189537644386
108,109,403,316,-0.001817470882087946
108,110,403,312,-0.04148710519075394
108,111,403,311,-0.03909357637166977
108,112,403,310,-0.03543485328555107
108,113,403,415,-0.02891145460307598
108,114,403,308,-0.005679856985807419
108,115,403,324,-0.007831493392586708
108,116,403,318,-0.003423163667321205
108,117,403,402,0.004341038875281811
108,118,403,317,0.008834365755319595
109,110,316,312,-0.04570387303829193
109,111,316,311,-0.043310340493917465
109,112,316,310,-0.039651621133089066
109,113,316,415,-0.03072892501950264
109,114,316,308,-0.007497329264879227
109,115,316,324,-0.009648963809013367
109,116,316,318,-0.00763992965221405
109,117,316,402,0.0001242728903889656
109,118,316,317,0.004617597907781601
110,111,312,311,-0.0023935260251164436
110,112,312,310,-0.006052250973880291
110,113,312,415,-0.010668540373444557
110,114,312,308,-0.01554454118013382
110,115,312,324,-0.028913965448737144
110,116,312,318,-0.03806394338607788
110,117,312,402,-0.04582814499735832
110,118,312,317,-0.05032147094607353
111,112,311,310,-0.0036587240174412727
111,113,311,415,-0.008275013417005539
111,114,311,308,-0.013151014223694801
111,115,311,324,-0.026520440354943275
111,116,311,318,-0.03567041456699371
111,117,311,402,-0.04343461990356445
111,118,311,317,-0.04717343673110008
112,113,310,415,-0.004616290330886841
112,114,310,308,-0.009492291137576103
112,115,310,324,-0.022861717268824577
112,116,310,318,-0.032011691480875015
112,117,310,402,-0.028484351933002472
112,118,310,317,-0.02739795297384262
113,114,415,308,-0.004875999875366688
113,115,415,324,-0.018245425075292587
113,116,415,318,-0.014576230198144913
113,117,415,402,-0.0071546100080013275
113,118,415,317,-0.006068209186196327
114,115,308,324,0.0021516354754567146
114,116,308,318,0.008655366487801075
114,117,308,402,0.016076985746622086
114,118,308,317,0.017163388431072235
115,116,324,318,0.00650373101234436
115,117,324,402,0.013925350271165371
115,118,324,317,0.015011751092970371
116,117,318,402,0.007421618793159723
116,118,318,317,0.008508020080626011
117,118,402,317,0.0010864021023735404
